date,open,high,low,close,volume,foreign_ownership_ratio
2016-07-01,43400,43450,43000,43050,959503,38.67
2016-07-04,43350,43450,42900,42950,935735,38.6
2016-07-05,43000,43200,42550,42650,893053,38.54
2016-07-06,42500,42600,41250,41400,2035674,38.34
2016-07-07,41650,42150,41500,41550,1035909,38.32
2016-07-08,41400,41700,40800,40900,1371190,38.27
2016-07-11,41150,41500,40950,41300,841161,38.26
2016-07-12,41500,41650,41300,41600,796005,38.24
2016-07-13,41700,42300,41700,41850,989250,38.22
2016-07-14,41750,41750,41050,41300,959827,38.19
2016-07-15,41400,42000,41400,41900,1085806,38.24
2016-07-18,42150,42200,41100,41350,1089528,38.21
2016-07-19,41400,41750,40850,41700,753339,38.22
2016-07-20,41400,41850,41200,41700,561154,38.22
2016-07-21,41900,41900,41350,41650,696069,38.2
2016-07-22,41550,41900,41400,41650,549272,38.21
2016-07-25,42000,43150,41950,43100,1748417,38.31
2016-07-26,43050,43350,42700,43050,967871,38.31
2016-07-27,43150,43250,42650,43150,1125044,38.24
2016-07-28,43300,43750,42450,42500,1084585,38.21
2016-07-29,42500,42750,42150,42150,982172,38.2
2016-08-01,42450,42750,42150,42250,756452,38.2
2016-08-02,42050,42200,41550,41750,814103,38.17
2016-08-03,41400,41500,40850,41000,1575602,38.08
2016-08-04,41000,41050,40650,40800,1224571,38.04
2016-08-05,40750,41250,40750,40900,1317242,37.96
2016-08-08,41150,41200,40800,40900,930498,37.93
2016-08-09,41050,41750,41000,41650,1228404,37.94
2016-08-10,41650,41650,41050,41150,1017541,37.89
2016-08-11,41150,41800,41050,41700,711184,37.93
2016-08-12,41800,42450,41700,42400,1104054,37.97
2016-08-16,42550,42700,41550,41600,1096529,37.89
2016-08-17,41550,42000,41350,41400,936279,37.84
2016-08-18,41500,41600,41000,41150,1179826,37.77
2016-08-19,41250,41550,41150,41250,804706,37.88
2016-08-22,41150,41650,41000,41500,607276,37.88
2016-08-23,41650,42000,41500,42000,827344,37.91
2016-08-24,42150,42750,41850,42550,1407816,37.94
2016-08-25,42750,43100,42600,42900,1081563,37.98
2016-08-26,42950,43000,42050,42350,972667,37.89
2016-08-29,42000,42050,41400,41700,909170,37.8
2016-08-30,41600,42100,41600,41750,463984,37.79
2016-08-31,41550,42200,41400,41950,964608,37.78
2016-09-01,41900,41950,41500,41700,556608,37.75
2016-09-02,41750,42350,41650,41750,739968,37.72
2016-09-05,42000,42500,41800,42300,833754,37.72
2016-09-06,42350,42750,42100,42700,697172,37.75
2016-09-07,42750,43150,42500,42700,1145395,37.77
2016-09-08,42900,44200,42850,44200,2768533,37.98
2016-09-09,44100,44550,43700,44550,1714670,38.07
2016-09-12,44000,44850,43750,44700,1418151,38.07
2016-09-13,45050,45100,43800,44000,1224132,38.04
2016-09-19,44150,44600,43500,44250,1122159,38.06
2016-09-20,44200,44750,44100,44400,847420,38.08
2016-09-21,44100,44300,43600,44100,652478,38.1
2016-09-22,44200,44600,44000,44000,673908,38.11
2016-09-23,44400,44800,44000,44800,908310,38.11
2016-09-26,44550,44550,43600,43750,785928,38.1
2016-09-27,43800,44300,43450,44200,716558,38.15
2016-09-28,43750,43900,42850,42900,1132813,38.09
2016-09-29,43200,43350,42800,42950,636058,38.08
2016-09-30,42500,42750,41850,42150,1258308,38.03
2016-10-04,42050,42800,42050,42300,817968,38.04
2016-10-05,41900,42300,41600,42150,703518,38.13
2016-10-06,42200,42550,42000,42250,686862,38.18
2016-10-07,42100,42400,41850,42150,528568,38.19
2016-10-10,42350,42350,41650,41700,738300,38.18
2016-10-11,42150,42300,41900,42050,603423,38.18
2016-10-12,42300,42800,42100,42400,669575,38.18
2016-10-13,42300,42600,41900,42000,682545,38.19
2016-10-14,42000,42250,41350,41350,979885,38.13
2016-10-17,41700,41850,41400,41650,550383,38.17
2016-10-18,41500,41900,41450,41650,607342,38.2
2016-10-19,41600,41800,41350,41450,467426,38.2
2016-10-20,41450,41550,40750,40800,1218979,38.1
2016-10-21,40900,41250,40900,41050,556911,38.09
2016-10-24,41100,41350,40850,41350,560829,38.1
2016-10-25,41350,41950,41250,41650,844675,38.08
2016-10-26,41650,41800,40950,41450,656148,38.07
2016-10-27,41350,41800,41000,41650,764946,38.1
2016-10-28,41700,41900,41000,41150,918017,38.05
2016-10-31,41050,41300,40450,40700,837677,38.06
2016-11-01,40850,41100,40700,40850,493495,38.06
2016-11-02,40650,41000,40600,40850,581676,38.1
2016-11-03,41000,41300,40750,41150,675165,38.12
2016-11-04,40950,41300,40750,41000,547031,38.07
2016-11-07,41350,41350,40850,40900,388988,38.06
2016-11-08,41150,41650,40900,41450,594573,38.1
2016-11-09,41450,41700,39050,39850,1930741,38.12
2016-11-10,40200,40200,37850,38100,3223287,38.09
2016-11-11,37700,38250,37700,38000,2093897,37.97
2016-11-14,38000,38250,37600,37600,1484410,37.85
2016-11-15,37650,37650,36550,36950,1985921,37.8
2016-11-16,37100,37550,37000,37000,2000024,37.73
2016-11-17,36900,37100,36600,36650,1341878,37.63
2016-11-18,36750,36950,36600,36650,1527823,37.6
2016-11-21,36500,37350,36500,37000,845255,37.61
2016-11-22,37200,37300,36850,36950,726347,37.6
2016-11-23,36800,37100,36600,36750,949293,37.59
2016-11-24,36750,37050,36750,36950,577907,37.57
2016-11-25,37000,37050,36700,36900,515190,37.58
2016-11-28,36950,37400,36650,37050,540078,37.6
2016-11-29,37000,37400,36950,37150,462645,37.6
2016-11-30,37100,37600,37100,37400,1193355,37.66
2016-12-01,37400,37600,37050,37150,783662,37.7
2016-12-02,37200,37750,37200,37200,772443,37.69
2016-12-05,37350,37600,37000,37350,517367,37.67
2016-12-06,37600,38000,37400,38000,670521,37.66
2016-12-07,38150,38150,37500,37650,615435,37.64
2016-12-08,37950,38900,37750,38900,1154923,37.62
2016-12-09,38900,39150,38550,39050,765539,37.64
2016-12-12,39200,39350,38650,38850,645844,37.59
2016-12-13,38950,39600,38850,39600,880200,37.62
2016-12-14,39650,39800,39350,39600,712341,37.63
2016-12-15,39100,39350,39000,39200,717484,37.62
2016-12-16,39200,39350,38900,39250,724189,37.57
2016-12-19,39050,39450,39050,39250,426739,37.59
2016-12-20,39300,39550,39300,39350,459405,37.58
2016-12-21,39500,39650,39200,39250,462500,37.6
2016-12-22,39050,39150,38600,38800,889916,37.6
2016-12-23,38700,39350,38650,39100,1070783,37.56
2016-12-26,39100,39350,38850,39000,465612,37.49
2016-12-27,39050,39700,39050,39500,879686,37.37
2016-12-28,38600,39100,38600,38950,662314,37.41
2016-12-29,38700,39400,38700,39250,586340,37.44
2017-01-02,39000,39600,38850,39500,436193,37.43
2017-01-03,39650,40900,39650,40750,1158874,37.44
2017-01-04,40900,41450,40550,41300,1159086,37.49
2017-01-05,41300,41350,40750,41100,1116473,37.49
2017-01-06,40700,40850,40550,40750,888652,37.57
2017-01-09,40850,40900,40250,40350,697173,37.63
2017-01-10,40000,40500,39900,40500,588857,37.62
2017-01-11,40050,40600,39900,40300,974710,37.66
2017-01-12,40000,40800,39950,40550,889626,37.72
2017-01-13,40550,40700,40250,40550,517529,37.73
2017-01-16,40600,40650,40050,40500,529274,37.73
2017-01-17,40150,40950,40150,40700,656723,37.74
2017-01-18,40450,41350,40400,41150,898956,37.78
2017-01-19,41100,41100,40600,40800,857780,37.82
2017-01-20,40600,40600,39600,39750,1206820,37.8
2017-01-23,40000,40000,39300,39400,833782,37.87
2017-01-24,39100,39300,37850,38400,1339846,37.93
2017-01-25,38100,38350,37500,37500,1157536,37.93
2017-01-26,37500,38100,37400,37750,1129366,37.96
2017-01-31,37450,37500,36100,36400,1883405,37.82
2017-02-01,36550,36700,36300,36500,1081475,37.77
2017-02-02,36500,36500,35600,35700,1633309,37.82
2017-02-03,35700,36300,35700,36150,991895,37.83
2017-02-06,36350,36350,35700,35900,804687,37.83
2017-02-07,36050,36800,36000,36650,1043697,37.82
2017-02-08,36750,36850,36500,36800,790912,37.79
2017-02-09,36850,36850,36300,36500,733510,37.78
2017-02-10,36700,37100,36500,36800,697370,37.76
2017-02-13,37000,37050,36550,36900,529438,37.73
2017-02-14,37100,37300,36800,37000,806443,37.69
2017-02-15,37250,37650,37050,37350,780660,37.69
2017-02-16,37600,38250,37600,37600,902586,37.71
2017-02-17,37600,38100,37400,37950,826736,37.74
2017-02-20,38050,38150,37550,37800,489318,37.82
2017-02-21,38000,38250,37850,38000,607505,37.84
2017-02-22,38200,38350,37850,38350,600392,37.9
2017-02-23,38450,38550,37850,37850,873087,37.92
2017-02-24,37750,38250,37750,38100,509877,37.93
2017-02-27,38150,38500,38100,38250,357844,37.9
2017-02-28,38350,38400,37650,38250,687658,37.91
2017-03-02,38400,38400,37000,37100,1528045,37.9
2017-03-03,37050,37100,36350,36500,1108624,38.0
2017-03-06,36600,36750,36300,36550,671571,38.07
2017-03-07,36400,37250,36400,36700,558247,38.09
2017-03-08,36700,36800,36200,36300,659937,38.1
2017-03-09,36400,36600,36200,36250,725906,38.14
2017-03-10,36350,36550,36150,36300,722431,38.2
2017-03-13,36300,36750,36300,36450,541493,38.21
2017-03-14,36600,36650,36300,36400,858867,38.17
2017-03-15,36500,36550,35950,36100,1010171,38.15
2017-03-16,36600,37150,36550,36950,1157491,38.22
2017-03-17,37100,37100,36550,36850,1029997,38.19
2017-03-20,36950,37050,36700,37000,660581,38.16
2017-03-21,37100,38750,37100,38300,2886074,38.22
2017-03-22,38150,38150,37350,37450,1492462,38.15
2017-03-23,37700,37700,37200,37300,906163,38.1
2017-03-24,37350,37750,37050,37250,741246,38.06
2017-03-27,37250,37250,36550,36850,847411,38.01
2017-03-28,36750,37000,36550,36600,645237,37.97
2017-03-29,36750,36750,36200,36350,809626,37.92
2017-03-30,36350,36950,36300,36600,1117146,37.94
2017-03-31,36700,37050,36500,37050,919999,37.89
2017-04-03,37050,37250,36500,36850,854514,37.88
2017-04-04,36700,36700,36300,36350,902806,37.86
2017-04-05,36350,36400,35800,35950,1661952,37.84
2017-04-06,35850,35950,35700,35850,1077392,37.83
2017-04-07,35900,36000,35300,35550,1462186,37.79
2017-04-10,35450,35800,35300,35550,914126,37.77
2017-04-11,35400,35600,34950,35000,1303458,37.73
2017-04-12,35100,35250,34950,35100,811308,37.7
2017-04-13,35000,35100,34350,34750,1546551,37.61
2017-04-14,34650,34750,34450,34550,450663,37.61
2017-04-17,34500,34950,34500,34950,426330,37.62
2017-04-18,35150,35200,34650,34700,767155,37.56
2017-04-19,34600,34650,33800,34100,1432562,37.52
2017-04-20,34050,34950,34050,34900,969628,37.54
2017-04-21,34900,35100,34600,34850,799297,37.49
2017-04-24,34850,35200,34600,35200,586018,37.5
2017-04-25,35200,35400,35050,35200,919240,37.49
2017-04-26,35450,36150,35300,35900,1506801,37.5
2017-04-27,36000,36200,35000,35000,1762837,37.47
2017-04-28,34950,35000,34700,34850,930840,37.49
2017-05-02,34750,35400,34750,35100,911879,37.45
2017-05-04,35300,35400,35050,35250,776648,37.45
2017-05-08,35250,35800,34900,35750,1362761,37.41
2017-05-10,36050,36850,35850,36100,1940540,37.45
2017-05-11,36550,36850,36350,36850,1567924,37.55
2017-05-12,36900,36900,36350,36500,943358,37.56
2017-05-15,36500,36850,36150,36800,705394,37.54
2017-05-16,36800,37100,36700,36900,1000485,37.54
2017-05-17,36900,37150,36600,37150,900724,37.51
2017-05-18,36800,38350,36750,38200,2532553,37.67
2017-05-19,38300,39000,37500,38800,2569828,37.78
2017-05-22,38950,39100,38650,39050,1401137,37.77
2017-05-23,38850,39900,38700,39200,1968446,37.81
2017-05-24,39200,39450,38650,39000,1067675,37.83
2017-05-25,38950,39350,38800,38950,885639,37.76
2017-05-26,39000,39150,38550,38850,846512,37.78
2017-05-29,38950,39500,38850,39250,1147395,37.84
2017-05-30,39300,39350,38800,39150,649275,37.82
2017-05-31,39000,39500,38800,39050,1303576,37.79
2017-06-01,39100,39900,39100,39550,1278738,37.81
2017-06-02,39650,39700,38700,39200,1015651,37.77
2017-06-05,39000,39350,38750,38750,662218,37.78
2017-06-07,38600,39000,38400,38850,950177,37.84
2017-06-08,39400,39400,38900,39150,1190426,37.87
2017-06-09,39250,39250,38700,39000,937583,37.8
2017-06-12,38800,39150,38700,38950,629731,37.79
2017-06-13,38950,39550,38950,39200,772366,37.78
2017-06-14,39650,40350,39400,40100,1686856,37.83
2017-06-15,40150,40200,39050,39300,1286703,37.86
2017-06-16,39450,39900,39350,39750,784859,37.95
2017-06-19,39750,39850,39050,39750,765629,37.98
2017-06-20,39700,40100,39150,39400,753619,37.96
2017-06-21,39150,39450,38000,38100,1631411,37.98
2017-06-22,38200,38550,38100,38300,737059,37.98
2017-06-23,38500,38950,38450,38850,694185,38.0
2017-06-26,38800,39000,38450,38650,439880,38.0
2017-06-27,38550,38550,37850,38000,896530,38.07
2017-06-28,38000,38300,37600,37850,749536,38.04
2017-06-29,38000,38450,37800,38150,491434,38.05
2017-06-30,38050,38200,37700,38200,457483,38.11
2017-07-03,38050,38700,37650,38700,836818,38.12
2017-07-04,38650,38650,37650,38000,664796,38.12
2017-07-05,37900,38300,37750,38000,560328,38.14
2017-07-06,37900,38000,37500,37700,482613,38.17
2017-07-07,37400,37600,36650,37300,1097441,38.21
2017-07-10,36900,37200,36400,36700,923440,38.21
2017-07-11,36550,37200,36550,36800,585277,38.2
2017-07-12,37150,37750,36900,37000,629291,38.23
2017-07-13,36850,37350,36600,37000,1064153,38.25
2017-07-14,37000,37650,37000,37400,643067,38.26
2017-07-17,37700,37850,37400,37600,461334,38.29
2017-07-18,37450,37500,36750,37000,967842,38.28
2017-07-19,36950,37300,36800,37050,673100,38.28
2017-07-20,37200,37200,36250,36450,863575,38.23
2017-07-21,36300,36550,36050,36550,660849,38.23
2017-07-24,36450,36600,36200,36500,469249,38.25
2017-07-25,36500,37250,36450,36800,837900,38.24
2017-07-26,36950,37800,36850,36900,1315344,38.26
2017-07-27,37100,37150,36150,37000,1034849,38.24
2017-07-28,37250,37650,37150,37200,1120427,38.26
2017-07-31,37200,37450,36200,36600,1068102,38.21
2017-08-01,36550,37100,36550,36750,584220,38.2
2017-08-02,36750,36950,36350,36850,629255,38.2
2017-08-03,36650,37050,36500,36950,903654,38.22
2017-08-04,36850,37750,36500,37600,970114,38.22
2017-08-07,37700,37850,37050,37050,793401,38.22
2017-08-08,36650,36750,35350,35400,1904223,38.14
2017-08-09,35300,35700,35300,35500,748381,38.17
2017-08-10,35350,35700,35300,35350,905366,38.22
2017-08-11,35050,35300,34550,35200,1037559,38.27
2017-08-14,35200,36200,35150,35700,673467,38.28
2017-08-16,35750,35850,35100,35450,625359,38.26
2017-08-17,35400,35500,34950,35250,622201,38.26
2017-08-18,35300,35550,35200,35350,444990,38.25
2017-08-21,35700,36000,35450,35700,493657,38.26
2017-08-22,35800,35800,35500,35500,358362,38.24
2017-08-23,35400,35650,35050,35200,568516,38.23
2017-08-24,35400,35400,34500,34800,874386,38.22
2017-08-25,34650,35400,34650,35350,523207,38.24
2017-08-28,35350,36050,35200,35900,833320,38.25
2017-08-29,35750,35850,35400,35750,509170,38.2
2017-08-30,35500,36950,35150,36750,1496778,38.16
2017-08-31,36650,37700,35100,35450,3239681,38.04
2017-09-01,35550,35900,35250,35550,878809,38.04
2017-09-04,34950,35700,34900,34900,675046,38.04
2017-09-05,35500,35500,34050,34100,1154411,37.97
2017-09-06,34100,34250,32700,32850,1880937,37.9
2017-09-07,32900,33200,32650,32900,1419566,37.81
2017-09-08,32850,33000,31850,32000,2024307,37.85
2017-09-11,32000,32500,31550,31800,1321613,37.85
2017-09-12,31800,32000,31000,31150,1447182,37.77
2017-09-13,31100,31350,30100,30250,2596516,37.7
2017-09-14,30300,30600,30200,30600,1475334,37.65
2017-09-15,30400,31050,30350,30900,1114277,37.63
2017-09-18,30700,30800,30300,30550,790528,37.61
2017-09-19,30700,31350,30550,31000,1013177,37.62
2017-09-20,31250,31550,30900,31350,1115401,37.63
2017-09-21,31100,31300,30600,30600,1123282,37.58
2017-09-22,30550,30550,29950,30400,1464136,37.6
2017-09-25,30400,30550,30150,30200,856016,37.69
2017-09-26,30300,31300,30100,30950,1528341,37.53
2017-09-27,31150,31800,30900,31450,1304055,37.58
2017-09-28,31150,31150,30550,30850,1211584,37.58
2017-09-29,31050,31650,30750,31650,1264540,37.6
2017-10-10,31800,32150,31450,31950,1580810,37.7
2017-10-11,32300,32800,32050,32550,1453922,37.79
2017-10-12,32250,32300,31500,32300,1457383,37.73
2017-10-13,32200,32250,31550,32100,691661,37.75
2017-10-16,32300,32500,31800,32350,705204,37.74
2017-10-17,32150,32300,31400,31500,946343,37.71
2017-10-18,31500,33350,31400,32950,1667694,37.75
2017-10-19,33000,33750,33000,33250,1329149,37.77
2017-10-20,33250,33400,32950,33400,731215,37.81
2017-10-23,33200,34200,33200,33850,1136042,37.89
2017-10-24,33850,33900,33450,33800,728202,37.9
2017-10-25,33650,33700,32800,33250,1008080,37.9
2017-10-26,33250,34500,33200,34250,1514684,37.92
2017-10-27,34550,34800,34100,34400,1166993,37.95
2017-10-30,34450,34850,34200,34550,788778,37.98
2017-10-31,34550,35400,34500,35400,1476146,38.06
2017-11-01,34800,35400,34700,35350,879238,38.06
2017-11-02,35000,35200,34800,35150,688959,38.09
2017-11-03,35200,35800,35150,35250,863081,38.1
2017-11-06,35250,35400,34650,34900,841321,38.13
2017-11-07,34800,35150,34300,34750,834358,38.21
2017-11-08,34350,35100,34300,34500,695973,38.23
2017-11-09,34500,35050,34450,35000,842642,38.23
2017-11-10,34750,35100,34600,34750,622124,38.23
2017-11-13,34900,35950,34900,35800,1318423,38.23
2017-11-14,35900,35950,34950,35050,1033881,38.17
2017-11-15,35000,35600,34900,35000,753474,38.15
2017-11-16,35000,35000,33900,34200,1040121,38.15
2017-11-17,34050,34100,33650,33850,1025452,38.16
2017-11-20,33600,34000,33250,33750,874017,38.19
2017-11-21,33750,34150,33600,33650,645115,38.18
2017-11-22,33500,34100,33050,33150,1116028,38.13
2017-11-23,33100,33350,32700,33150,1289492,38.1
2017-11-24,33150,33400,32800,33050,773316,38.1
2017-11-27,32800,33050,32450,32750,1318245,38.02
2017-11-28,32650,33450,32450,32950,1350643,37.88
2017-11-29,33000,33500,32700,33350,884282,37.87
2017-11-30,33700,34250,33500,33650,2048876,37.87
2017-12-01,33650,33850,33000,33150,857798,37.82
2017-12-04,33100,33150,32700,33100,585569,37.81
2017-12-05,33000,33950,33000,33750,782290,37.79
2017-12-06,33750,34400,33750,33900,931273,37.8
2017-12-07,33900,33950,33200,33250,978272,37.69
2017-12-08,33200,33450,32600,33000,1038301,37.62
2017-12-11,33000,33050,32000,32450,1407108,37.6
2017-12-12,32050,32700,32050,32700,726255,37.6
2017-12-13,32700,33100,32450,33100,625442,37.6
2017-12-14,33150,33700,32500,32500,1356754,37.63
2017-12-15,32950,33350,32800,33250,981550,37.61
2017-12-18,33300,33400,32800,33300,444833,37.56
2017-12-19,33300,33350,32900,33150,623539,37.55
2017-12-20,33050,33500,33000,33300,729718,37.51
2017-12-21,33150,33250,32850,32900,640274,37.47
2017-12-22,33250,33250,32800,33100,805051,37.44
2017-12-26,33100,33450,33050,33200,879607,37.4
2017-12-27,32800,33350,32500,33350,662689,37.45
2017-12-28,33200,33500,32750,33500,643394,37.47
2018-01-02,33000,33100,32550,32800,972622,37.49
2018-01-03,32450,32900,32450,32600,787854,37.53
2018-01-04,32500,32650,31550,31550,1657605,37.44
2018-01-05,31550,32050,31400,31950,802986,37.52
2018-01-08,31900,32400,31850,32400,807776,37.59
2018-01-09,32200,32650,32200,32500,695703,37.6
2018-01-10,32450,33150,32400,33050,1078128,37.65
2018-01-11,32950,33000,32450,32500,644852,37.66
2018-01-12,32500,32600,32000,32100,846474,37.64
2018-01-15,32000,32250,31700,32050,754784,37.65
2018-01-16,31950,32850,31950,32650,662985,37.71
2018-01-17,32600,33200,32600,32850,751898,37.73
2018-01-18,32850,33000,32600,32700,722094,37.74
2018-01-19,32650,34250,32650,34050,1814883,37.81
2018-01-22,34000,34700,33600,33750,986254,37.81
2018-01-23,33700,34300,33300,33800,1155073,37.8
2018-01-24,33600,33900,33500,33900,714997,37.79
2018-01-25,33900,34200,33400,33900,923134,37.81
2018-01-26,33350,33550,32400,33500,1561669,37.76
2018-01-29,33500,34000,33100,33900,975573,37.76
2018-01-30,33950,34450,33700,34200,1130200,37.79
2018-01-31,33900,34700,33250,34650,1682466,37.77
2018-02-01,34300,34650,34050,34350,991076,37.74
2018-02-02,34450,35400,34400,35250,2782820,37.77
2018-02-05,35200,35800,34750,34950,1740812,37.83
2018-02-06,34400,34850,33850,34400,1349706,37.83
2018-02-07,34350,34650,33700,34050,1378801,37.86
2018-02-08,34050,34550,33750,33900,1240162,37.84
2018-02-09,33250,33500,32900,33050,1227493,37.86
2018-02-12,33100,33300,32600,32850,1674127,37.86
2018-02-13,32850,33100,32100,32100,1247887,37.88
2018-02-14,32200,32650,32200,32600,697820,37.89
2018-02-19,32900,33300,32850,33100,691519,37.92
2018-02-20,33050,33250,32650,32800,727987,37.93
2018-02-21,32800,34150,32500,33850,1160172,37.92
2018-02-22,33650,34150,33500,33650,821623,37.94
2018-02-23,33900,34150,33450,34000,1023856,37.91
2018-02-26,34000,34400,33600,34200,723488,37.9
2018-02-27,34400,34800,34300,34450,890367,37.99
2018-02-28,34150,34750,34100,34350,1296410,37.99
2018-03-02,33850,34000,33200,33500,986194,37.98
2018-03-05,33150,33500,33150,33400,1032377,38.06
2018-03-06,33550,34000,33400,34000,954808,38.07
2018-03-07,33250,33500,32800,33100,1280357,38.1
2018-03-08,32900,33300,32750,33300,1191978,38.1
2018-03-09,32950,33200,32650,32900,1027323,38.05
2018-03-12,32900,33100,32650,32850,845346,38.06
2018-03-13,32800,32950,32400,32550,1137613,38.1
2018-03-14,32400,32900,32150,32800,772435,38.1
2018-03-15,32600,32850,32200,32350,915217,38.08
2018-03-16,32500,32800,32400,32550,957890,38.08
2018-03-19,32350,32350,31350,31400,1730053,38.03
2018-03-20,31450,32100,31100,31950,922985,38.05
2018-03-21,31700,32250,31700,31800,904997,38.01
2018-03-22,31700,32000,31500,31900,1021674,37.98
2018-03-23,31450,31550,31100,31300,1229184,38.0
2018-03-26,31250,31650,30850,31450,1225570,38.03
2018-03-27,31350,32300,31350,31750,995268,38.0
2018-03-28,31700,33150,31600,33000,2116368,38.03
2018-03-29,33250,33300,31500,31850,1693857,37.95
2018-03-30,31950,31950,30900,31000,1656357,37.87
2018-04-02,31050,31350,30950,31200,877141,37.89
2018-04-03,31200,31900,31000,31750,4535459,37.95
2018-04-04,31900,32950,31900,32550,1562430,38.08
2018-04-05,32650,32850,31800,32350,921885,38.1
2018-04-06,32300,32350,31850,32050,708856,38.11
2018-04-09,31650,31800,31400,31700,961594,38.11
2018-04-10,31550,32300,31450,32250,808919,38.17
2018-04-11,31900,32150,31700,31800,762919,38.17
2018-04-12,31850,32050,31600,31650,919338,38.21
2018-04-13,31650,31800,31050,31250,1072078,38.21
2018-04-16,31450,31450,31100,31350,363408,38.2
2018-04-17,31350,31800,31350,31450,647871,38.17
2018-04-18,31600,31800,31550,31700,668678,38.21
2018-04-19,31550,31650,31200,31200,927700,38.21
2018-04-20,31100,31400,31050,31350,868894,38.18
2018-04-23,31250,31400,31050,31350,624642,38.17
2018-04-24,31450,31750,31250,31400,725676,38.15
2018-04-25,31250,31350,31100,31350,763079,38.16
2018-04-26,31300,31550,30950,31050,1283463,38.25
2018-04-27,31050,32250,30900,32200,2003430,38.38
2018-04-30,32250,33100,32000,33100,1718956,38.49
2018-05-02,32800,33350,32500,33050,1411592,38.45
2018-05-03,33300,34250,33300,33900,2148729,38.43
2018-05-04,33550,34200,33250,33750,1094401,38.41
2018-05-08,34150,34850,33600,33850,1196557,38.43
2018-05-09,33900,34400,33250,33550,1051189,38.43
2018-05-10,33600,34000,33000,33450,961506,38.44
2018-05-11,33400,34000,33350,33900,625870,38.45
2018-05-14,33900,34300,33500,33750,462713,38.44
2018-05-15,33600,34150,33450,33600,608920,38.43
2018-05-16,33200,33700,33150,33700,448408,38.45
2018-05-17,33700,34000,33450,33500,531494,38.45
2018-05-18,33200,33750,33200,33750,392847,38.46
2018-05-21,33800,34200,33750,33950,470372,38.47
2018-05-23,33850,34150,33650,33650,877839,38.5
2018-05-24,33450,33450,32100,32700,1750711,38.54
2018-05-25,32550,32750,32000,32250,796582,38.63
2018-05-28,32450,32500,31900,32300,721091,38.68
2018-05-29,32250,32400,31600,31650,896720,38.63
2018-05-30,31450,31950,31400,31700,885930,38.65
2018-05-31,31750,31900,31150,31150,1468344,38.59
2018-06-01,31100,32000,31050,31900,711852,38.6
2018-06-04,32300,34000,31950,33750,2204733,38.59
2018-06-05,33850,33850,33050,33100,866388,38.58
2018-06-07,33100,33400,32900,33400,850478,38.59
2018-06-08,33200,33650,33000,33100,528757,38.61
2018-06-11,32700,32800,32150,32600,774101,38.61
2018-06-12,32750,33750,32700,32850,883302,38.62
2018-06-14,32900,33200,32000,32250,1287966,38.66
2018-06-15,32650,32650,32100,32200,973900,38.6
2018-06-18,32400,32650,31800,32000,943066,38.67
2018-06-19,31750,32450,31650,31700,1333798,38.8
2018-06-20,31700,31800,31150,31500,961979,38.81
2018-06-21,31400,31550,30600,30800,1446930,38.86
2018-06-22,30450,31300,30450,31300,807862,38.85
2018-06-25,31200,31550,30750,31450,716331,38.85
2018-06-26,31250,32000,31050,31950,889527,38.88
2018-06-27,31750,32050,30850,31000,892836,38.91
2018-06-28,30700,30800,30550,30700,753413,38.88
2018-06-29,30750,30900,30550,30850,629008,38.92
2018-07-02,30850,31100,30650,30800,886262,39.0
2018-07-03,30850,31200,30800,30950,763678,39.03
2018-07-04,30550,30700,29450,29550,1614173,39.08
2018-07-05,29550,29850,29500,29700,855468,39.14
2018-07-06,30100,31250,30050,31050,1366055,39.19
2018-07-09,30900,31400,30800,31400,579067,39.21
2018-07-10,31100,31350,31000,31100,594046,39.25
2018-07-11,30800,31200,30600,30900,642802,39.29
2018-07-12,31350,31850,31000,31350,1177320,39.31
2018-07-13,31350,31700,31250,31450,597254,39.35
2018-07-16,31100,32450,31100,31950,750886,39.36
2018-07-17,31850,32400,31850,32400,923642,39.4
2018-07-18,32250,32450,31600,31600,557572,39.43
2018-07-19,31600,32350,31600,31900,658848,39.47
2018-07-20,31800,32550,31400,32200,648184,39.48
2018-07-23,32250,32850,32200,32500,757274,39.49
2018-07-24,32500,32500,31450,31800,1057229,39.45
2018-07-25,31500,32300,31500,32200,723368,39.45
2018-07-26,32600,32700,31800,31850,697126,39.46
2018-07-27,32350,32700,31800,31950,637245,39.47
2018-07-30,31650,32000,31550,31700,411187,39.45
2018-07-31,31800,31950,31500,31700,636196,39.46
2018-08-01,31650,31950,31500,31750,392523,39.46
2018-08-02,31650,32000,31000,31050,442787,39.47
2018-08-03,31300,31350,30950,31000,498014,39.47
2018-08-06,31000,31900,31000,31600,422009,39.49
2018-08-07,31350,31950,31350,31850,605808,39.46
2018-08-08,31700,32250,31700,32150,486438,39.53
2018-08-09,32050,32050,31350,32050,823101,39.51
2018-08-10,32000,32500,31800,32250,495175,39.55
2018-08-13,32250,32550,31850,32300,647050,39.57
2018-08-14,32400,32450,31500,31500,751339,39.55
2018-08-16,31800,32400,31600,32400,907383,39.62
2018-08-17,32100,32250,31900,32100,411850,39.65
2018-08-20,32450,32500,31950,32300,538833,39.67
2018-08-21,32300,32550,32000,32250,866035,39.71
2018-08-22,32000,32200,31850,32050,673645,39.73
2018-08-23,31900,32100,31400,31650,723171,39.76
2018-08-24,31450,31650,31100,31250,661605,39.75
2018-08-27,31300,31650,31250,31500,459652,39.75
2018-08-28,32000,32600,31750,32000,949561,39.79
2018-08-29,32100,32150,31650,31850,441626,39.8
2018-08-30,31800,32200,31700,32150,585921,39.84
2018-08-31,32200,32250,31700,32050,593611,39.86
2018-09-03,31900,32100,31600,31800,496108,39.88
2018-09-04,31500,31850,31350,31600,626091,39.9
2018-09-05,31550,32750,31500,32200,1230558,39.99
2018-09-06,32450,34300,32450,33650,2459792,40.16
2018-09-07,34000,34850,33900,34250,1932977,40.16
2018-09-10,34300,34800,33800,34000,1567256,40.27
2018-09-11,33850,34100,33550,34050,1005202,40.27
2018-09-12,34300,34500,34100,34400,798499,40.3
2018-09-13,34500,34600,34050,34150,968863,40.36
2018-09-14,34350,34350,33700,34050,755918,40.46
2018-09-17,34050,34350,33950,34050,530408,40.48
2018-09-18,34000,34550,33850,34500,1220023,40.5
2018-09-19,34700,34700,34350,34550,953915,40.51
2018-09-20,34750,35500,34600,34850,1453514,40.58
2018-09-21,35350,35350,34300,34550,920394,40.59
2018-09-27,35600,35600,34500,35250,1534142,40.65
2018-09-28,35250,35450,34750,35100,1119501,40.63
2018-10-01,35150,35200,34100,34350,809354,40.7
2018-10-02,34500,34950,34400,34750,884414,40.72
2018-10-04,35200,35200,33650,33700,1232835,40.76
2018-10-05,33750,34450,33400,34200,934563,40.79
2018-10-08,34150,34700,33750,33900,692152,40.81
2018-10-10,34000,34600,33450,33850,1219475,40.82
2018-10-11,33400,34100,32700,33100,1268379,40.77
2018-10-12,33100,33600,32600,33250,1123867,40.75
2018-10-15,32700,32700,30700,31100,2038170,40.76
2018-10-16,31000,31450,30700,31300,936512,40.79
2018-10-17,31600,31600,30750,30800,972510,40.75
2018-10-18,30700,30850,29400,29700,2081735,40.75
2018-10-19,29500,30000,29150,29400,1299726,40.7
2018-10-22,29400,29650,29050,29450,776169,40.69
2018-10-23,29250,29400,28150,28350,1294400,40.67
2018-10-24,28650,28900,28400,28700,1308484,40.63
2018-10-25,28250,28500,26200,27000,2557751,40.69
2018-10-26,27100,28250,26950,27850,2398627,40.72
2018-10-29,28100,28650,27900,28000,1625566,40.68
2018-10-30,28000,28650,27900,27900,930916,40.66
2018-10-31,27550,28400,27100,28400,1307731,40.68
2018-11-01,28300,28900,28000,28700,880304,40.74
2018-11-02,28950,29600,28800,29550,1172517,40.69
2018-11-05,29100,29300,27900,28300,1176599,40.71
2018-11-06,28400,29150,27950,28950,731872,40.68
2018-11-07,28850,28900,28350,28550,854207,40.67
2018-11-08,29000,29250,28500,28500,876378,40.58
2018-11-09,28450,29400,28450,28850,653655,40.58
2018-11-12,28900,29150,28100,28250,624865,40.62
2018-11-13,28200,28300,27700,28300,717446,40.64
2018-11-14,28200,28950,28200,28950,685812,40.67
2018-11-15,28900,29950,28550,29950,1061670,40.71
2018-11-16,29850,29850,29300,29500,692812,40.67
2018-11-19,29050,30050,29050,29700,599776,40.59
2018-11-20,29850,29900,28050,28300,1109399,40.57
2018-11-21,28050,29050,27750,28950,801321,40.58
2018-11-22,28850,28900,27100,27500,1219813,40.54
2018-11-23,27500,27750,27300,27750,483649,40.55
2018-11-26,27900,28800,27800,28700,881362,40.56
2018-11-27,28700,29650,28550,29450,814625,40.56
2018-11-28,29450,29850,29050,29850,785499,40.59
2018-11-29,29900,30150,29200,29450,827440,40.45
2018-11-30,29750,30750,29750,30500,1443231,40.5
2018-12-03,30900,31000,30200,30400,539413,40.46
2018-12-04,30350,30750,29600,30450,724594,40.52
2018-12-05,30200,30650,30000,30600,408467,40.49
2018-12-06,30800,31050,30500,30950,852936,40.49
2018-12-07,31000,31100,30350,30950,657527,40.42
2018-12-10,30200,31000,30150,31000,488820,40.38
2018-12-11,30700,31450,30450,31400,596697,40.39
2018-12-12,31500,32900,31450,32350,1680688,40.45
2018-12-13,32400,33450,32050,33450,1756038,40.58
2018-12-14,33450,33650,32450,32500,1019205,40.57
2018-12-17,32550,33300,31900,33100,876455,40.6
2018-12-18,33450,33750,32350,33700,928951,40.62
2018-12-19,33750,34100,33550,33800,755284,40.59
2018-12-20,33400,34200,32950,33800,780680,40.62
2018-12-21,33950,34000,33450,33850,918578,40.5
2018-12-24,33850,34000,33200,33500,727995,40.48
2018-12-26,33100,33800,32650,33400,1153454,40.51
2018-12-27,32850,33500,32350,33050,731053,40.55
2018-12-28,33200,33900,33150,33700,652573,40.61
2019-01-02,33450,33650,32300,32800,478590,40.63
2019-01-03,32600,33100,31800,32850,924910,40.71
2019-01-04,33100,35000,32900,34850,1573507,40.79
2019-01-07,34850,35000,34200,34200,773118,40.98
2019-01-08,34900,34900,33550,33800,1013744,40.96
2019-01-09,33900,35000,33800,34800,840360,41.1
2019-01-10,34300,34600,33850,34300,1015367,41.04
2019-01-11,34000,34300,33550,33950,916827,41.03
2019-01-14,33600,34300,33500,33800,728776,41.02
2019-01-15,33800,34900,33800,34550,1033143,41.05
2019-01-16,34300,34900,33950,34850,607592,41.05
2019-01-17,34250,35000,34250,34950,676580,41.07
2019-01-18,34950,35800,34750,35800,1154258,41.14
2019-01-21,35800,36450,35100,35350,857815,41.14
2019-01-22,35000,35850,35000,35850,978878,41.19
2019-01-23,36050,36550,35800,36550,1134420,41.23
2019-01-24,36000,36650,35400,36650,1262251,41.28
2019-01-25,35800,36550,35600,35750,1408928,41.29
2019-01-28,35500,35850,34600,34850,1277309,41.31
2019-01-29,34350,35000,34100,34950,1002443,41.31
2019-01-30,35050,36200,34700,36150,1195389,41.37
2019-01-31,36600,36650,36000,36350,1088374,41.45
2019-02-01,36350,36600,35600,35850,829979,41.41
2019-02-07,36500,36600,35950,36100,818674,41.46
2019-02-08,36300,36450,35950,36400,630740,41.49
2019-02-11,36600,37200,36000,37000,1275069,41.47
2019-02-12,37150,37300,36800,37000,1150518,41.45
2019-02-13,36650,37050,35650,35750,1173347,41.45
2019-02-14,35400,36500,35050,36500,1334529,41.46
2019-02-15,36350,36350,35800,35900,441673,41.45
2019-02-18,35500,35950,34750,35600,729565,41.46
2019-02-19,35650,35650,34850,35150,676022,41.5
2019-02-20,35300,36500,34800,35200,1273900,41.54
2019-02-21,35200,35750,35150,35600,762715,41.6
2019-02-22,35750,35900,35300,35600,428309,41.59
2019-02-25,35500,36000,35050,35700,507623,41.59
2019-02-26,36000,36950,35800,36400,1035478,41.61
2019-02-27,36950,37350,36900,36950,933429,41.63
2019-02-28,36900,37200,36550,36550,1085620,41.66
2019-03-04,36500,36500,35200,35450,1298586,41.64
2019-03-05,35000,35100,33800,34850,1350646,41.69
2019-03-06,35100,35150,34300,34500,1004691,41.71
2019-03-07,34700,35050,33650,34200,1280662,41.8
2019-03-08,34200,34300,33650,33650,728590,41.81
2019-03-11,33500,34050,33350,33900,681839,41.8
2019-03-12,34150,34800,34050,34600,852145,41.78
2019-03-13,34850,34900,33550,34350,826891,41.82
2019-03-14,34800,34800,33400,34000,1423619,41.92
2019-03-15,33850,34250,33550,33750,1742905,41.84
2019-03-18,33900,34950,33800,34700,631922,41.89
2019-03-19,34450,34900,34000,34700,681154,41.89
2019-03-20,34700,34950,34200,34850,525577,41.91
2019-03-21,34750,35200,33800,34200,761526,41.93
2019-03-22,34200,34750,33900,34500,888498,41.97
2019-03-25,34400,34400,33750,33800,398608,42.0
2019-03-26,34850,34900,34000,34100,659015,42.01
2019-03-27,34600,34800,34100,34600,767613,42.08
2019-03-28,34700,34850,34250,34450,852647,42.1
2019-03-29,34750,35750,34750,35350,1421258,42.13
2019-04-01,35500,35850,35100,35450,552066,42.13
2019-04-02,35350,35600,34850,35100,980384,42.08
2019-04-03,34850,36500,34850,36400,1642882,42.09
2019-04-04,36500,37800,36400,37400,1782979,42.16
2019-04-05,37800,37850,37500,37700,960036,42.13
2019-04-08,37600,39000,37550,39000,1553562,42.17
2019-04-09,39050,39300,38650,38950,1140676,42.18
2019-04-10,39050,40100,39050,40100,2035437,42.26
2019-04-11,40150,40750,40000,40550,1766103,42.37
2019-04-12,40500,40850,39850,40600,1470765,42.45
2019-04-15,40300,40950,40150,40650,960377,42.48
2019-04-16,40650,42000,40400,41800,2199769,42.61
2019-04-17,42050,42300,41600,42300,1655846,42.7
2019-04-18,42350,43550,42250,42550,2138419,42.79
2019-04-19,43000,43250,42200,42500,802503,42.76
2019-04-22,41900,42950,41900,42800,827378,42.83
2019-04-23,43000,43250,42650,43150,1003963,42.89
2019-04-24,43300,43900,43200,43900,2302920,42.9
2019-04-25,44000,44150,42050,42450,3277505,42.98
2019-04-26,41700,42950,41650,42950,2019131,43.09
2019-04-29,43150,45300,43100,45250,2828522,43.11
2019-04-30,45350,46300,44600,45250,2337864,43.09
2019-05-02,44700,45400,44150,44900,1357851,43.03
2019-05-03,44900,44900,42900,43300,2123014,43.12
2019-05-07,42900,44550,42900,44300,2124070,43.18
2019-05-08,43750,44400,43450,44000,1461288,43.18
2019-05-09,43850,43900,42800,43100,1834099,43.23
2019-05-10,43300,43800,41600,42350,1529124,43.31
2019-05-13,41700,42850,41150,42350,1455206,43.41
2019-05-14,42350,42850,41900,42350,1476415,43.47
2019-05-15,41950,43100,41550,41950,1167679,43.5
2019-05-16,44850,44900,42300,42350,2226891,43.46
2019-05-17,42550,42700,41200,42000,1134773,43.43
2019-05-20,42000,43200,41900,42650,1311655,43.41
2019-05-21,42000,42400,41000,41300,1403186,43.41
2019-05-22,41250,41750,40950,41150,1079473,43.42
2019-05-23,40500,41050,39850,40800,1641364,43.42
2019-05-24,40800,41350,40450,41100,767364,43.41
2019-05-27,41500,42150,41100,41650,755577,43.39
2019-05-28,41400,41650,40100,40900,2354619,43.35
2019-05-29,40950,41400,40200,40900,1319436,43.37
2019-05-30,40300,41350,40200,41200,753525,43.39
2019-05-31,40600,40600,38700,39350,2666239,43.34
2019-06-03,38900,39650,38650,39500,1550671,43.39
2019-06-04,39650,40800,39600,40550,1364448,43.39
2019-06-05,41500,41950,41000,41650,1528001,43.39
2019-06-07,42450,42950,40750,41150,1814285,43.36
2019-06-10,42950,43000,42250,43000,1357541,43.34
2019-06-11,42850,43000,42150,42800,1122282,43.3
2019-06-12,42800,43200,42600,42800,836853,43.3
2019-06-13,42850,43000,41550,41550,1376583,43.31
2019-06-14,41600,43050,41250,42150,848964,43.31
2019-06-17,42300,42900,42100,42350,506394,43.3
2019-06-18,42550,43000,42250,43000,888327,43.29
2019-06-19,42950,43150,42250,42350,928187,43.24
2019-06-20,42550,42750,42100,42400,524833,43.21
2019-06-21,42250,42600,42050,42350,830951,43.19
2019-06-24,42700,43700,42650,43400,1563245,43.16
2019-06-25,43150,43500,42350,43500,906260,43.12
2019-06-26,43450,44000,43350,43650,936671,43.07
2019-06-27,43850,44050,43350,43850,1008008,43.02
2019-06-28,43500,44000,43300,44000,761767,43.02
2019-07-01,44000,44050,42750,42900,763111,43.02
2019-07-02,42500,43050,42400,42950,727011,43.03
2019-07-03,42650,43000,41250,41650,868777,43.01
2019-07-04,42000,42700,41650,42650,518268,42.95
2019-07-05,42200,43600,42150,43400,692476,42.97
2019-07-08,43250,43800,42900,43250,842294,42.97
2019-07-09,43650,44100,43350,43350,1003163,42.94
2019-07-10,43350,43600,42500,42950,699762,42.93
2019-07-11,42500,43150,41800,42850,1033091,42.96
2019-07-12,42700,43950,42550,43000,740719,43.01
2019-07-15,42750,43450,42600,42900,413092,43.02
2019-07-16,43450,43450,41750,42100,931679,43.05
2019-07-17,41950,42850,41950,42650,754917,43.09
2019-07-18,42650,43350,42650,43100,720253,43.13
2019-07-19,43550,43550,42400,43300,762843,43.12
2019-07-22,42900,43500,42350,42850,596793,43.12
2019-07-23,42950,43150,41750,42600,1261200,43.09
2019-07-24,42600,44000,42550,43900,1725664,43.13
2019-07-25,44000,44300,43000,43400,1277797,43.08
2019-07-26,42850,44000,42850,43600,1437917,43.05
2019-07-29,43800,43900,42500,42850,782422,43.02
2019-07-30,43150,44150,42950,43850,1544999,43.07
2019-07-31,43750,44000,43200,43750,1236953,43.03
2019-08-01,43750,44100,42800,42850,770469,43.01
2019-08-02,42900,43650,42000,42800,1120053,42.93
2019-08-05,42700,43550,42500,43300,1492031,42.94
2019-08-06,42900,43250,41500,41650,1522891,42.87
2019-08-07,41650,42300,40850,42050,1080905,42.86
2019-08-08,42650,43500,42200,43050,1306470,42.9
2019-08-09,43400,43950,42850,43450,800521,42.92
2019-08-12,43900,44000,43050,43750,895468,42.95
2019-08-13,43200,43900,43200,43750,759299,42.95
2019-08-14,43600,43900,43150,43650,820408,42.94
2019-08-16,43400,43900,43350,43600,588051,42.95
2019-08-19,43900,44000,43400,43500,406471,42.95
2019-08-20,42900,43600,42700,42950,943513,42.9
2019-08-21,42600,43750,42200,42700,902475,42.91
2019-08-22,42850,42950,41950,41950,891635,42.89
2019-08-23,41950,42600,41700,42350,631295,42.9
2019-08-26,41150,42500,41150,42100,556090,42.91
2019-08-27,42250,42700,41650,41800,1006461,42.88
2019-08-28,42000,43150,42000,42850,904305,42.89
2019-08-29,43550,43550,42950,43450,658967,42.95
2019-08-30,43700,44000,43300,43700,919727,42.96
2019-09-02,43000,44050,43000,43900,1115381,42.93
2019-09-03,44000,44150,43700,43950,781327,42.93
2019-09-04,43900,44050,43300,43700,900059,42.9
2019-09-05,43700,44000,43450,43500,977342,42.9
2019-09-06,43450,44200,43300,43650,913000,42.92
2019-09-09,43800,44100,42700,43100,724577,42.94
2019-09-10,43150,43500,43000,43200,569695,42.94
2019-09-11,43750,44100,43550,44100,1589360,42.97
2019-09-16,44250,44350,43150,43850,1061520,43.01
2019-09-17,43700,44150,43450,44000,1324304,43.05
2019-09-18,44000,44150,43700,43850,599373,43.06
2019-09-19,43550,44050,43300,43550,837270,43.08
2019-09-20,43750,44100,43550,44000,1294407,43.08
2019-09-23,44300,46700,44250,46400,2951967,43.09
2019-09-24,46450,46900,46000,46050,1306471,43.04
2019-09-25,45700,46300,45600,45850,872475,43.01
2019-09-26,46050,46300,44650,44900,1062545,42.96
2019-09-27,45350,45650,44850,45350,729470,42.95
2019-09-30,45700,45950,45150,45600,778085,42.95
2019-10-01,45200,45900,44800,45050,820566,42.9
2019-10-02,44650,45200,44200,44300,783799,42.94
2019-10-04,43650,44000,42750,42750,1124688,42.85
2019-10-07,42850,43200,42100,42850,717299,42.86
2019-10-08,43400,44000,42550,43750,987211,42.82
2019-10-10,42950,43750,42150,42300,1512458,42.77
2019-10-11,42600,42800,41900,41950,781032,42.77
2019-10-14,42000,42000,40750,40800,1457496,42.71
2019-10-15,40750,41200,40400,40550,1160304,42.66
2019-10-16,40950,41550,40700,41400,1065980,42.66
2019-10-17,41500,41700,40550,40650,964307,42.6
2019-10-18,41250,41450,40550,40600,782040,42.57
2019-10-21,40950,40950,40100,40400,637516,42.54
2019-10-22,40300,40900,39500,40600,1098806,42.49
2019-10-23,40600,40850,40050,40550,686430,42.47
2019-10-24,40450,41400,40350,41400,1249624,42.51
2019-10-25,42250,42250,41500,41650,1333207,42.49
2019-10-28,41700,42150,40850,41100,879569,42.52
2019-10-29,41500,42750,41250,42700,1322440,42.62
2019-10-30,42750,42750,41950,42300,966340,42.63
2019-10-31,41950,43100,41950,42550,1226642,42.63
2019-11-01,42150,42650,41800,42500,790416,42.59
2019-11-04,42400,42850,42200,42500,635623,42.57
2019-11-05,42400,43050,42350,42800,837623,42.61
2019-11-06,42850,43200,42550,42700,794393,42.65
2019-11-07,42300,43300,42200,43250,902522,42.69
2019-11-08,43200,43300,42850,43100,871451,42.66
2019-11-11,43100,43350,42600,42950,762692,42.65
2019-11-12,43250,43700,43050,43700,724324,42.65
2019-11-13,43650,43950,42750,42800,759668,42.64
2019-11-14,43150,43600,42900,43500,1053067,42.62
2019-11-15,43150,43900,43150,43600,624280,42.61
2019-11-18,43300,43900,43300,43700,682054,42.62
2019-11-19,43900,43900,43350,43500,741012,42.62
2019-11-20,43100,43950,43100,43750,955426,42.63
2019-11-21,43500,43950,43200,43700,987570,42.61
2019-11-22,43900,44450,43700,44200,1123670,42.56
2019-11-25,44500,44800,44150,44700,1007261,42.51
2019-11-26,44500,44750,43950,43950,1600104,42.38
2019-11-27,43850,44400,43700,44100,706936,42.34
2019-11-28,44300,44750,43600,44550,610036,42.35
2019-11-29,44600,44650,43050,43250,860224,42.31
2019-12-02,43300,43400,42150,42650,1012449,42.28
2019-12-03,42800,43200,42500,43000,943466,42.31
2019-12-04,43000,43500,42150,42950,1177913,42.3
2019-12-05,43650,44500,43050,43750,1085604,42.36
2019-12-06,44000,44150,43100,43800,676997,42.32
2019-12-09,43750,43950,43250,43350,582117,42.26
2019-12-10,43350,44450,43100,44050,628665,42.26
2019-12-11,43400,44500,43400,44250,944325,42.25
2019-12-12,44400,45000,44100,45000,1837371,42.28
2019-12-13,45400,45650,44300,44450,851436,42.27
2019-12-16,44550,45000,44150,44450,734662,42.2
2019-12-17,44650,45150,44400,44650,892679,41.96
2019-12-18,45300,45500,44850,45250,780340,42.02
2019-12-19,45000,45200,44250,44700,729364,41.98
2019-12-20,45000,45000,44350,44700,751826,41.94
2019-12-23,45000,45150,44600,44750,564448,41.9
2019-12-24,44800,44900,44200,44700,482930,41.82
2019-12-26,44900,45200,44750,45100,439661,41.76
2019-12-27,44050,44900,44000,44350,823367,41.69
2019-12-30,44350,44950,44000,44300,644977,41.63
2020-01-02,44100,44300,42300,42500,1355029,41.63
2020-01-03,42600,42900,41500,42000,1569720,41.62
2020-01-06,41350,41950,41350,41900,830880,41.78
2020-01-07,41900,42300,41550,42050,1124218,41.74
2020-01-08,41300,41900,41100,41300,997335,41.75
2020-01-09,41250,41750,40300,40750,1908796,41.69
2020-01-10,40850,41200,40400,40400,1455064,41.63
2020-01-13,40150,40500,39950,40450,1299326,41.58
2020-01-14,40450,41300,40350,41150,1412170,41.53
2020-01-15,40900,41350,40550,41200,920045,41.5
2020-01-16,41100,41800,40900,41150,1105472,41.43
2020-01-17,41150,41800,41100,41400,1016691,41.44
2020-01-20,41700,41900,41450,41600,722748,41.45
2020-01-21,41700,41750,41300,41600,567421,41.48
2020-01-22,41900,42650,41300,42600,1435894,41.4
2020-01-23,43300,44300,42900,43400,2060957,41.42
2020-01-28,42200,42800,42000,42700,1631227,41.41
2020-01-29,42750,42750,42000,42550,1025015,41.48
2020-01-30,42450,42750,41650,41950,1030375,41.49
2020-01-31,41900,42350,40900,40900,1349571,41.47
2020-02-03,40200,40550,39100,40100,1428913,41.46
2020-02-04,40900,41150,40150,40250,1122184,41.41
2020-02-05,39950,40200,39350,39400,1554328,41.41
2020-02-06,39750,41700,39250,41300,1405887,41.43
2020-02-07,40550,40750,40200,40500,1054261,41.43
2020-02-10,40100,40850,39900,40650,701557,41.45
2020-02-11,41100,42050,40900,41350,1141865,41.42
2020-02-12,40950,41900,40800,41650,1012598,41.39
2020-02-13,41750,42250,41200,41250,951609,41.48
2020-02-14,41000,42300,40650,41650,984696,41.47
2020-02-17,41500,41650,41200,41450,776081,41.43
2020-02-18,41150,41900,40900,41350,809542,41.47
2020-02-19,41500,41650,41050,41300,818025,41.47
2020-02-20,41250,41500,40500,40550,1144520,41.46
2020-02-21,40100,40750,40000,40050,971041,41.43
2020-02-24,39050,39450,38150,38600,1185870,41.41
2020-02-25,38300,39100,37950,38150,1407263,41.35
2020-02-26,37650,38650,37200,38150,1168647,41.36
2020-02-27,37600,38150,37500,37700,1053667,41.42
2020-02-28,37500,37600,36000,36250,1633356,41.39
2020-03-02,35200,36700,34500,34500,2981038,41.29
2020-03-03,35900,35950,34750,34900,1411743,41.3
2020-03-04,35150,36250,34900,35750,1614490,41.31
2020-03-05,35800,36300,35500,35900,963826,41.28
2020-03-06,35650,35650,34500,34650,1357464,41.24
2020-03-09,34000,34000,32800,33000,1316550,41.26
2020-03-10,32650,32950,31950,31950,1625705,41.18
2020-03-11,32000,32900,31500,31800,1512601,41.22
2020-03-12,32300,32400,30250,30500,1872682,41.23
2020-03-13,27500,29850,26500,28850,2777060,41.13
2020-03-16,28900,29650,27050,27100,1862674,41.13
2020-03-17,24950,26550,24900,25350,2682844,41.04
2020-03-18,25650,25700,24600,25300,2019043,41.12
2020-03-19,25550,25950,22300,22550,2305074,41.07
2020-03-20,22750,24400,21750,24150,3015123,40.95
2020-03-23,22500,23000,21500,21500,2365341,40.83
2020-03-24,22300,23100,21650,23100,2947942,40.68
2020-03-25,24700,25450,23750,25150,5010440,40.44
2020-03-26,25700,26300,24600,25050,3897513,40.25
2020-03-27,26450,26700,25000,25500,2820545,40.23
2020-03-30,24650,25400,24200,24950,1986835,40.19
2020-03-31,25450,26100,25300,26000,2219339,40.23
2020-04-01,26050,27000,25500,25550,2170012,40.13
2020-04-02,25500,26050,24900,25800,1658336,40.09
2020-04-03,25400,25900,25200,25400,1461529,40.04
2020-04-06,25750,27000,25550,26800,1721874,39.97
2020-04-07,28150,28550,27500,28250,2680220,39.9
2020-04-08,28350,29300,27700,28250,2550320,39.81
2020-04-09,29350,30400,28750,30150,3167177,39.72
2020-04-10,30550,31800,30150,31000,2293372,39.67
2020-04-13,30250,30300,29500,29500,2007475,39.62
2020-04-14,30050,30350,29550,29850,1717972,39.54
2020-04-16,29050,29400,28700,29000,2289317,39.38
2020-04-17,29550,30300,29500,29900,1965039,39.39
2020-04-20,29950,30100,29200,29350,1597338,39.35
2020-04-21,29000,29100,28150,28850,2441841,39.32
2020-04-22,28100,29050,27400,28400,2420355,39.18
2020-04-23,28700,29800,28650,28800,1963345,39.17
2020-04-24,28400,28900,27650,27700,2200412,39.12
2020-04-27,27900,28900,27800,28600,1374350,39.07
2020-04-28,28900,29900,28900,29250,2172224,39.08
2020-04-29,29300,29650,28900,29650,1875521,39.12
2020-05-04,29550,29550,28500,28700,1876049,39.01
2020-05-06,29100,29600,29050,29150,1579421,38.97
2020-05-07,28850,29300,28600,29000,1333680,38.87
2020-05-08,29300,30900,29250,30500,2777232,39.05
2020-05-11,30700,31400,30500,30550,2487579,39.05
2020-05-12,30550,30550,29400,29700,1967011,38.97
2020-05-13,29000,29950,28750,29700,1311883,38.97
2020-05-14,29250,29400,28650,28700,2081307,38.86
2020-05-15,29000,29250,28550,29100,1261825,38.79
2020-05-18,29200,29500,28750,29350,1708727,38.8
2020-05-19,30800,31950,30500,31700,5443583,38.9
2020-05-20,31300,31350,30600,30850,1969201,38.76
2020-05-21,31250,31450,30500,30600,2071411,38.59
2020-05-22,30650,30850,29850,30100,1764649,38.61
2020-05-25,30200,30600,29800,30400,1126618,38.61
2020-05-26,30300,31700,30250,31500,2664764,38.61
2020-05-27,31900,32400,31400,31950,2250605,38.61
2020-05-28,32350,32450,31400,32100,2215603,38.67
2020-05-29,31900,34650,31800,34250,5053078,38.98
2020-06-01,33900,35150,33800,34600,2524579,39.03
2020-06-02,34300,37000,34300,36500,3154171,39.14
2020-06-03,37050,38250,36650,36800,3786425,38.96
2020-06-04,37700,37800,35600,36000,2735073,38.88
2020-06-05,35900,36900,35400,36550,1795559,38.81
2020-06-08,37250,37700,36650,37450,2553633,38.96
2020-06-09,37450,38000,36600,36700,2151648,38.93
2020-06-10,36700,36700,35800,36100,1597092,38.84
2020-06-11,35500,36400,34900,35700,2230100,38.88
2020-06-12,34000,35000,33550,35000,2008295,38.88
2020-06-15,34100,34600,32200,32200,2407518,38.84
2020-06-16,32700,34350,32700,34250,1866950,38.84
2020-06-17,33950,34450,33000,33250,1719716,38.77
2020-06-18,32900,34100,32600,33400,1287718,38.79
2020-06-19,33900,33900,32900,33050,1486816,38.76
2020-06-22,32550,33250,32450,32500,1231961,38.79
2020-06-23,32750,33400,32150,32250,1553679,38.76
2020-06-24,32700,34450,32550,33750,2345625,38.77
2020-06-25,33050,33200,32500,32550,1495320,38.74
2020-06-26,33100,33500,32850,33050,1329381,38.72
2020-06-29,32300,32500,31900,32100,1259626,38.71
2020-06-30,32600,32650,32050,32050,1193847,38.66
2020-07-01,32200,32550,32050,32200,885004,38.65
2020-07-02,32000,32650,32000,32200,1062611,38.6
2020-07-03,32400,32550,32050,32150,916274,38.52
2020-07-06,32350,33300,32000,32950,1611615,38.55
2020-07-07,33100,33200,32200,32200,1771225,38.47
2020-07-08,32200,33400,32200,32850,1704734,38.55
2020-07-09,32950,33250,32500,32500,1154644,38.54
2020-07-10,32250,32550,31900,32050,1064282,38.51
2020-07-13,32300,33850,32150,33800,1924926,38.65
2020-07-14,33450,34000,33100,34000,1413638,38.66
2020-07-15,34800,35950,34700,35200,2955272,38.69
2020-07-16,35500,35950,35100,35300,1891487,38.7
2020-07-17,35950,37000,35700,36800,2720640,38.75
2020-07-20,36950,38350,36900,38000,2899647,38.86
2020-07-21,37900,37900,36550,36700,3208266,38.65
2020-07-22,36650,37250,35700,35800,2156629,38.66
2020-07-23,35800,37100,35200,36700,2882165,38.64
2020-07-24,36150,37850,35900,36900,2719769,38.7
2020-07-27,37250,37950,36550,37700,2159629,38.76
2020-07-28,37750,37900,37200,37700,1698056,38.79
2020-07-29,37700,39750,37300,39650,3410420,38.96
2020-07-30,40300,41350,40000,40700,2577431,38.96
2020-07-31,40500,41000,39700,40400,1812196,38.96
2020-08-03,40250,40300,38900,39700,1823829,38.89
2020-08-04,40100,41300,40050,41150,1998358,38.89
2020-08-05,41150,41500,40600,41100,1501565,38.9
2020-08-06,41450,42800,41200,42150,2504981,38.9
2020-08-07,42450,43200,41650,42250,2249386,38.96
2020-08-10,42200,47500,42200,46350,6774254,39.14
2020-08-11,47000,47700,45200,47200,3721633,39.13
2020-08-12,46050,46600,44900,45250,2734266,39.03
2020-08-13,45750,46200,44000,44900,2245671,39.05
2020-08-14,44950,45100,43100,44400,1557534,39.04
2020-08-18,44350,44600,41850,42700,1896768,39.09
2020-08-19,42200,43250,41950,42300,2489110,38.97
2020-08-20,41850,43150,39850,40250,2611942,39.04
2020-08-21,40800,41500,40100,40750,1815543,39.1
2020-08-24,40800,41600,40100,41550,1804120,39.08
2020-08-25,42200,44700,42200,43000,2755909,39.04
2020-08-26,42900,43500,42250,43200,1613088,39.05
2020-08-27,43400,43500,42050,42200,1517260,39.09
2020-08-28,42300,44050,42100,42750,2038560,39.08
2020-08-31,43350,44300,42450,42450,2765135,38.95
2020-09-01,42500,43450,42450,43150,1787286,38.93
2020-09-02,43050,43150,41800,42200,1776692,38.86
2020-09-03,42250,42800,42050,42700,1405908,38.87
2020-09-04,41300,42400,41250,42150,1510688,38.96
2020-09-07,41950,42450,41600,42300,875590,38.99
2020-09-08,42500,42900,42200,42300,1018948,39.01
2020-09-09,42150,42800,41900,42100,1352778,39.03
2020-09-10,42500,42550,42000,42150,1182951,39.05
2020-09-11,41900,42600,41650,42300,784409,39.05
2020-09-14,42700,44400,42700,44400,2473674,39.11
2020-09-15,44750,45200,44400,44650,2173691,39.09
2020-09-16,44550,47300,44000,46750,4289868,39.2
2020-09-17,47200,50200,47000,48500,6283484,39.22
2020-09-18,48450,48800,47300,47800,2291761,39.14
2020-09-21,47500,50000,47500,48450,3041594,39.06
2020-09-22,47950,48200,46000,46300,2512697,38.97
2020-09-23,47050,47100,44750,46000,2303855,38.93
2020-09-24,44950,45300,44250,44550,1801827,38.92
2020-09-25,44950,45100,43200,44000,1776722,38.86
2020-09-28,44500,45950,44200,45500,1378684,38.79
2020-09-29,46500,46900,45750,46900,1721133,38.72
2020-10-05,47450,50500,47450,50500,4185612,38.81
2020-10-06,51300,51400,49950,50600,3120855,38.74
2020-10-07,49850,50700,49200,50300,2181955,38.6
2020-10-08,51000,51500,50000,50900,2672889,38.75
2020-10-12,50000,50600,49650,49700,2479740,38.6
2020-10-13,49800,50500,48400,50300,2299747,38.64
2020-10-14,50400,50800,48900,49150,1954410,38.63
2020-10-15,48700,49600,48500,48900,1242544,38.65
2020-10-16,49000,49000,46550,47150,2521703,38.63
2020-10-19,47000,47750,46600,46700,1536628,38.62
2020-10-20,43150,47150,43150,46850,4399855,38.53
2020-10-21,46550,46750,45050,45450,2311018,38.45
2020-10-22,44900,45450,44300,45200,1650240,38.49
2020-10-23,45250,46650,45250,46250,1851587,38.44
2020-10-26,45950,48350,45400,47950,3113034,38.4
2020-10-27,50600,53000,49600,52900,9347585,38.66
2020-10-28,52600,53900,51500,53800,3567700,38.59
2020-10-29,52800,53600,51700,53000,3225860,38.47
2020-10-30,52400,52600,50400,50500,2559004,38.34
2020-11-02,50700,52200,50600,51500,1651148,38.35
2020-11-03,51800,52400,50800,51000,1913867,38.21
2020-11-04,51500,53000,51000,51500,2941439,38.2
2020-11-05,52200,52500,51400,52200,2424158,38.11
2020-11-06,52100,53600,51300,51600,2214532,38.09
2020-11-09,52200,53000,51900,52300,1662698,38.09
2020-11-10,52900,54700,52000,54500,3155193,38.2
2020-11-11,54500,58700,54500,58100,4438993,38.29
2020-11-12,58600,60100,57200,59000,4630753,38.45
2020-11-13,59000,61800,58800,59200,3972078,38.47
2020-11-16,59700,60200,58100,59700,3356021,38.35
2020-11-17,58900,60800,58200,58500,3227550,38.2
2020-11-18,58600,59200,57400,58200,2360865,38.1
2020-11-19,58800,59400,57800,58800,1742288,38.07
2020-11-20,58100,58400,57700,58100,1894950,37.96
2020-11-23,57600,59700,57500,59300,2066011,38.01
2020-11-24,59700,59900,58700,59800,2044604,38.0
2020-11-25,59800,60300,58300,59000,1948846,37.92
2020-11-26,58500,58800,58000,58400,1742667,37.83
2020-11-27,58200,59100,58000,58700,1223715,37.83
2020-11-30,58700,60400,57800,57800,3810442,37.61
2020-12-01,58700,60000,58100,59800,1822248,37.58
2020-12-02,60000,61000,59400,60800,2964672,37.61
2020-12-03,60800,64800,60000,64700,4152306,37.65
2020-12-04,65000,66600,64300,65400,3866516,37.78
2020-12-07,64700,65000,63000,64600,3382871,37.72
2020-12-08,64000,64100,62800,63100,2890452,37.76
2020-12-09,63100,64400,63100,63700,1984241,37.73
2020-12-10,63100,64700,62700,63800,3179894,37.73
2020-12-11,63500,64400,63400,63700,1614527,37.66
2020-12-14,63600,64300,62500,63200,1769327,37.68
2020-12-15,62700,63500,61500,62000,2348952,37.59
2020-12-16,62000,63400,62000,62500,1363821,37.55
2020-12-17,62600,62700,61700,62000,1326705,37.51
2020-12-18,62000,62600,61600,62200,1330698,37.51
2020-12-21,62200,62200,60500,61300,1446522,37.46
2020-12-22,60600,60900,59800,59800,1645392,37.42
2020-12-23,60000,62000,59500,61400,1658263,37.42
2020-12-24,61800,62800,61200,61700,1271051,37.41
2020-12-28,62200,63700,61700,62800,2282079,37.38
2020-12-29,63600,63600,61600,62300,1839069,37.3
2020-12-30,62300,63000,61900,62400,1740601,37.29
2021-01-04,62400,64800,61700,64000,5602314,37.09
2021-01-05,64100,64500,62300,63700,3837356,37.03
2021-01-06,63700,64100,62000,62200,2772352,36.98
2021-01-07,62400,63700,62300,63000,3144465,37.06
2021-01-08,68000,72100,64600,68300,25357804,37.1
2021-01-11,70900,75000,68300,70100,11680482,36.99
2021-01-12,69000,70800,66900,70200,5784682,37.08
2021-01-13,70300,76700,68200,72200,8971217,37.02
2021-01-14,71200,75500,70500,73800,6832897,37.11
2021-01-15,74100,75000,71100,71100,4439591,36.96
2021-01-18,69400,72700,68900,71500,3479732,36.93
2021-01-19,73000,83400,72900,83400,13378821,37.12
2021-01-20,96000,99500,87200,87600,26518838,36.63
2021-01-21,86700,93200,86000,91100,12525296,36.35
2021-01-22,89500,90600,87000,87800,7118801,35.95
2021-01-25,86000,93600,86000,93300,9905812,35.85
2021-01-26,91700,92200,88700,89700,5807061,35.54
2021-01-27,89500,94600,88100,90000,10756099,35.57
2021-01-28,87400,91900,87400,88200,6993254,35.33
2021-01-29,89200,89400,82200,82500,9432805,35.1
2021-02-01,83500,90000,81100,90000,7948901,34.99
2021-02-02,90000,90900,87900,89100,6307645,34.83
2021-02-03,92300,102000,91600,97700,31478502,35.18
2021-02-04,100500,102000,95800,98100,15122731,34.7
2021-02-05,99400,102000,96300,101500,13146832,34.81
2021-02-08,94400,94900,86000,86300,25297437,34.56
2021-02-09,85100,88700,83700,84900,19401926,34.31
2021-02-10,86300,87100,85100,86400,7223041,34.3
2021-02-15,86600,86900,85300,85700,4248831,34.27
2021-02-16,86200,86900,85300,85700,3576766,34.26
2021-02-17,85700,85700,83100,83200,4419413,34.14
2021-02-18,83400,84700,81000,81000,4762691,34.02
2021-02-19,80500,82000,79300,81800,4808998,33.96
2021-02-22,81600,82100,80000,80000,3907177,33.89
2021-02-23,79000,79900,77500,78700,4295554,33.89
2021-02-24,79000,79400,75000,75000,4740627,33.91
2021-02-25,76500,77300,75500,77000,3263015,33.89
2021-02-26,74500,83200,74300,79400,13205565,33.62
2021-03-02,81600,82700,79500,80100,5012036,33.59
2021-03-03,79900,80800,79000,80300,2829238,33.59
2021-03-04,79000,79500,77800,78700,3222271,33.46
2021-03-05,77700,82200,76400,81100,6108817,33.53
2021-03-08,82000,83900,80500,82800,5138708,33.62
2021-03-09,82800,84000,81600,83500,4997972,33.65
2021-03-10,84300,84400,80300,80700,4286802,33.71
2021-03-11,81300,83300,81000,82300,3215853,33.78
2021-03-12,83100,83300,82100,82800,2466296,33.82
2021-03-15,83300,86200,82500,85800,5264840,34.15
2021-03-16,85900,86400,84400,85800,3004434,34.11
2021-03-17,85300,85400,83700,84600,2777471,34.12
2021-03-18,85900,88000,85100,87700,5872657,34.27
2021-03-19,86500,88600,86000,87500,4066688,34.27
2021-03-22,87300,87700,86000,86100,2875148,34.16
2021-03-23,86600,87100,83500,83500,3263690,34.13
2021-03-24,83000,83100,81100,81800,2686631,34.12
2021-03-25,80900,82200,80200,81300,3035857,34.0
2021-03-26,81900,82100,79900,80600,2818916,33.9
2021-03-29,80700,81500,80000,81000,2504264,33.89
2021-03-30,81700,84500,81400,84300,4249176,33.89
2021-03-31,84800,84800,82900,82900,3145247,33.76
2021-04-01,83600,84500,82900,83500,2367256,33.81
2021-04-02,84800,88500,84500,86600,6992753,34.09
2021-04-05,87200,87400,84700,85500,2606316,33.93
2021-04-06,86400,86600,84500,84900,2128447,33.89
2021-04-07,84600,86000,84200,85300,1719671,33.91
2021-04-08,85500,87400,84400,87100,3440642,34.08
2021-04-09,87000,87100,84500,84600,2976956,33.85
2021-04-12,84700,85500,83700,84300,1619138,33.84
2021-04-13,84900,86000,84600,85500,1852408,33.92
2021-04-14,85700,87600,85500,86000,2898248,33.98
2021-04-15,85700,86200,84700,85200,1936566,33.96
2021-04-16,86200,88300,86000,86900,4815491,34.1
2021-04-19,87500,88200,85700,85700,3893337,33.92
2021-04-20,85800,86500,85300,85900,1794568,33.84
2021-04-21,85300,85500,83700,83800,3173586,33.63
2021-04-22,84500,84900,83300,83400,2732990,33.53
2021-04-23,82300,82500,81200,81300,4508754,33.2
2021-04-26,81500,83000,81500,82700,2166439,33.26
2021-04-27,81900,82500,81300,81900,2079110,33.17
2021-04-28,81400,82600,81300,81400,1708173,33.17
2021-04-29,81200,81300,79300,79300,3276054,32.99
2021-04-30,78900,79000,77000,77000,3165897,32.85
2021-05-03,77000,81200,77000,80100,3400379,32.84
2021-05-04,80500,81100,78600,80900,2056168,32.82
2021-05-06,81200,81700,80000,80200,1979388,32.76
2021-05-07,80500,81300,80000,80700,1214101,32.77
2021-05-10,81300,83200,81100,83000,2906539,32.88
2021-05-11,82300,82600,81000,81400,1939482,32.8
2021-05-12,81500,84200,81500,83100,3764012,32.91
2021-05-13,81800,83100,81200,81800,2651017,32.74
2021-05-14,82900,84300,82300,82600,2580701,32.79
2021-05-17,83200,83300,81500,81600,1775429,32.78
2021-05-18,81500,83200,81500,83000,2000011,32.89
2021-05-20,81800,82500,80200,80300,3295770,32.45
2021-05-21,81000,84300,80600,82700,4785672,32.79
2021-05-24,82300,83600,82000,82300,1501669,32.77
2021-05-25,82900,82900,81000,81800,1821387,32.67
2021-05-26,82100,82800,81000,81300,1599248,32.62
2021-05-27,81400,81600,80500,80800,2021954,32.54
2021-05-28,81800,84800,81600,84700,6187345,33.03
2021-05-31,85100,85800,83800,85600,3016750,33.07
2021-06-01,85800,86600,84500,85700,2163249,33.05
2021-06-02,87000,88000,85700,86300,4186773,33.01
2021-06-03,86500,87900,85800,87000,2953650,33.07
2021-06-04,88400,89200,87500,89000,4652245,33.3
2021-06-07,90100,91500,90000,90000,4349122,33.51
2021-06-08,89800,92000,88600,91500,3656495,33.58
2021-06-09,91000,92500,89800,90300,3106550,33.63
2021-06-10,90300,90800,89000,89200,2435935,33.65
2021-06-11,89800,90900,89000,89800,2413487,33.61
2021-06-14,89200,89500,87600,88500,2159724,33.56
2021-06-15,88100,88900,87000,88400,1490830,33.51
2021-06-16,88300,89900,88100,89100,1555202,33.54
2021-06-17,88500,88600,87500,87600,1947846,33.47
2021-06-18,88000,89200,87600,88500,2172637,33.53
2021-06-21,87500,88500,86700,87400,2093073,33.51
2021-06-22,87900,90400,87700,89800,2728623,33.73
2021-06-23,90400,90800,89600,90200,2113023,33.76
2021-06-24,91000,93700,90300,90600,4353794,33.83
2021-06-25,91300,91500,89700,90700,1821258,33.75
2021-06-28,91100,91200,89100,89500,1889876,33.64
2021-06-29,90000,91300,89100,89500,1631173,33.66
2021-06-30,89500,90200,89200,89600,1532598,33.67
2021-07-01,89300,90700,88000,90500,2961680,33.74
2021-07-02,90900,92300,90000,90000,2567189,33.85
2021-07-05,90700,90800,88500,88900,2251226,33.67
2021-07-06,89500,89900,88600,88700,1444695,33.66
2021-07-07,88600,88700,87500,87800,2145689,33.59
2021-07-08,88000,88500,86900,86900,1920196,33.59
2021-07-09,86000,86600,85200,86000,2233854,33.52
2021-07-12,87000,88700,87000,87700,1534082,33.61
2021-07-13,88300,88400,87400,87900,1257028,33.57
2021-07-14,88000,89100,87500,87600,1527409,33.53
2021-07-15,87600,88500,87600,88200,1115833,33.5
2021-07-16,87700,87700,86700,87100,1345746,33.47
2021-07-19,86100,86400,85500,85800,1366530,33.38
2021-07-20,85100,87700,85100,87100,2152103,33.43
2021-07-21,88600,88800,87000,87100,1364811,33.4
2021-07-22,87600,88700,87000,87400,2254146,33.38
2021-07-23,88700,88900,86100,86400,2597077,33.24
2021-07-26,86500,87000,85700,85900,1501918,33.26
2021-07-27,86400,87000,85900,86400,1197572,33.32
2021-07-28,86000,86400,85200,86100,1338474,33.26
2021-07-29,86500,87000,86100,86300,1058354,33.31
2021-07-30,86000,86100,83600,83600,2739051,33.17
2021-08-02,83700,85200,83100,84700,1470603,33.21
2021-08-03,84800,85800,84200,85800,1193061,33.33
2021-08-04,86200,87100,85600,87000,1659929,33.42
2021-08-05,86400,86700,85700,85700,1417727,33.32
2021-08-06,86200,86300,85500,85600,829198,33.33
2021-08-09,85300,86500,84900,86200,1311698,33.39
2021-08-10,85900,85900,84000,84200,1677784,33.27
2021-08-11,84000,84100,83000,83100,1602497,33.18
2021-08-12,83500,87800,83400,86600,4782831,33.64
2021-08-13,86000,86600,84500,85200,1456961,33.59
2021-08-17,84800,86000,83200,83200,1641836,33.52
2021-08-18,83000,84200,82500,83200,1208550,33.51
2021-08-19,82600,83400,80400,80400,2117356,33.44
2021-08-20,80500,81200,78600,79400,2503057,33.48
2021-08-23,80400,81200,79500,80000,1312205,33.51
2021-08-24,81200,82000,80700,81200,1223611,33.55
2021-08-25,81800,82800,81200,81600,772206,33.57
2021-08-26,81900,82900,81600,82000,923346,33.61
2021-08-27,81600,82300,81300,82100,738873,33.59
2021-08-30,83200,83400,82200,82600,921858,33.6
2021-08-31,82600,85100,82000,85100,2185162,33.83
2021-09-01,85500,86900,85300,85800,1583907,33.9
2021-09-02,85500,85800,83700,83800,1217158,33.9
2021-09-03,84700,85900,84500,85900,1238659,33.99
2021-09-06,86000,86700,85300,86200,1372106,34.05
2021-09-07,85900,86200,85200,86000,782972,34.07
2021-09-08,85300,88400,85300,87400,3140867,34.33
2021-09-09,87500,87800,86000,86000,2430537,34.5
2021-09-10,85600,86100,81800,82500,3974698,34.29
2021-09-13,82300,83100,81800,82600,1367010,34.3
2021-09-14,83300,84500,83100,83400,1530277,34.4
2021-09-15,83000,84200,82500,83300,1124683,34.45
2021-09-16,83600,84500,83400,84500,1424238,34.6
2021-09-17,84300,84700,83700,84100,1422626,34.62
2021-09-23,83100,84500,82700,84200,1192354,34.68
2021-09-24,84700,84700,82600,82600,1251915,34.61
2021-09-27,82100,82800,82000,82100,944716,34.57
2021-09-28,82100,82300,80100,80100,1573235,34.52
2021-09-29,78900,81400,78900,81400,1955635,34.54
2021-09-30,80600,81700,80500,81200,1071982,34.56
2021-10-01,80600,81100,78300,78300,1785166,34.4
2021-10-05,76800,78300,76300,77800,1810229,34.38
2021-10-06,78100,78700,74700,74700,2272911,34.27
2021-10-07,74900,79900,74800,79800,2014911,34.36
2021-10-08,80700,82400,79800,81900,2260287,34.44
2021-10-12,81800,82900,81100,82200,1506018,34.5
2021-10-13,82600,84500,82600,84200,2252626,34.58
2021-10-14,85300,85300,83100,84100,1492254,34.59
2021-10-15,84200,84800,83200,83800,862972,34.61
2021-10-18,83600,84400,82200,84200,1323600,34.66
2021-10-19,84400,84900,84000,84300,810372,34.71
2021-10-20,84400,85900,83800,83800,1326165,34.76
2021-10-21,84300,85300,83200,83600,1361082,34.78
2021-10-22,83700,84600,83100,83400,675792,34.78
2021-10-25,83100,84700,82100,84300,1033710,34.81
2021-10-26,84900,85100,83500,84800,1023323,34.8
2021-10-27,85000,86400,84500,85000,1589682,34.85
2021-10-28,86100,88000,85600,86000,3809314,35.14
2021-10-29,87500,87500,84100,85100,1924048,35.11
2021-11-01,84800,85400,84200,84300,923058,35.09
2021-11-02,84300,86100,83700,86000,1381762,35.14
2021-11-03,87100,87100,84600,85000,894542,35.13
2021-11-04,86000,87700,85500,87000,1717408,35.2
2021-11-05,88300,89400,87600,88000,2934816,35.51
2021-11-08,89000,89000,88000,88100,1519360,35.53
2021-11-09,88300,88900,86200,87000,1253140,35.53
2021-11-10,86100,86500,85000,85500,1077433,35.53
2021-11-11,84500,85200,83600,83900,1378687,35.49
2021-11-12,84200,87200,84200,86800,1452405,35.57
2021-11-15,87000,87200,86000,86500,1399503,35.57
2021-11-16,86100,86100,84000,84200,2018714,35.41
2021-11-17,84500,84700,83000,84000,1630225,35.43
2021-11-18,84400,84400,83000,83100,1480955,35.4
2021-11-19,84100,84800,83200,83800,1398930,35.37
2021-11-22,84000,85900,83000,85700,2198585,35.31
2021-11-23,85400,86000,83700,83700,1643812,35.24
2021-11-24,83700,83900,82800,83400,1249518,35.26
2021-11-25,83500,83600,82400,82400,1103335,35.18
2021-11-26,82400,82400,80500,80600,1523245,35.09
2021-11-29,78600,80400,78200,79200,1758416,34.99
2021-11-30,80500,80900,77600,77800,2158288,34.98
2021-12-01,79000,81500,78600,81200,2028485,35.04
2021-12-02,80200,81900,79500,81600,1330373,35.07
2021-12-03,81900,83000,81500,82500,1306187,35.09
2021-12-06,82200,84200,81800,83900,1532396,35.18
2021-12-07,83400,84200,82700,83300,1436180,35.17
2021-12-08,84100,84300,83200,83200,1343368,35.14
2021-12-09,82400,84800,82400,84100,1774961,35.2
2021-12-10,83800,85900,83300,85400,1690388,35.26
2021-12-13,86500,88200,85900,86000,2232198,35.31
2021-12-14,85200,86700,84700,85300,1006657,35.28
2021-12-15,84500,85300,84200,84300,651974,35.25
2021-12-16,85400,86000,84400,85700,1014992,35.27
2021-12-17,84700,85800,84500,84600,1300076,35.24
2021-12-20,84500,84500,82800,82900,924100,35.17
2021-12-21,83500,83600,82400,83200,977687,35.08
2021-12-22,83700,84800,83400,83900,1002461,35.11
2021-12-23,84500,84700,83700,84200,834876,35.09
2021-12-24,84700,85800,84500,85100,1210818,35.05
2021-12-27,85400,85800,84800,84800,627895,34.95
2021-12-28,85000,85200,83800,84500,1209343,34.93
2021-12-29,83700,84100,83300,83400,1061718,34.93
2021-12-30,83300,83900,82100,82200,1252096,34.85
2022-01-03,82900,83200,82300,82600,778020,34.85
2022-01-04,83000,84000,82700,83500,959153,34.97
2022-01-05,85100,87100,84800,85900,3678719,35.3
2022-01-06,85000,86600,84700,85600,1767632,35.36
2022-01-07,85800,87200,85700,86700,1905888,35.5
2022-01-10,86100,86500,83500,83800,1818497,35.44
2022-01-11,84500,85400,83500,84100,1225547,35.46
2022-01-12,84500,85100,84100,85100,1069621,35.47
2022-01-13,85000,85800,84100,84900,1131609,35.49
2022-01-14,84100,84500,83600,83800,941394,35.45
2022-01-17,83600,83900,82200,82700,1032987,35.41
2022-01-18,83100,83500,81900,82200,932928,35.39
2022-01-19,81300,82700,81000,81000,1345861,35.36
2022-01-20,80500,81500,80000,81200,1154871,35.29
2022-01-21,80100,80500,79600,80100,1450121,35.25
2022-01-24,79800,80500,78600,79000,1287559,35.17
2022-01-25,79000,79000,75200,76500,2484510,35.04
2022-01-26,76600,78700,76200,77700,1684912,35.02
2022-01-27,78100,81000,77500,79100,2992226,35.21
2022-01-28,79400,82000,78100,82000,1896555,35.28
2022-02-03,81900,83300,81400,81500,1731174,35.33
2022-02-04,81500,81800,80100,80700,1239261,35.32
2022-02-07,80300,80500,77900,78200,2077473,35.15
2022-02-08,79400,80300,78500,78900,1550679,35.22
2022-02-09,80400,80400,78900,80300,1283569,35.29
2022-02-10,80400,80500,78600,79700,1462116,35.27
2022-02-11,79100,79700,78200,79000,896933,35.29
2022-02-14,77900,78400,77000,77000,1363120,35.28
2022-02-15,77800,78200,77000,77600,931425,35.26
2022-02-16,78900,79500,78400,79500,1137433,35.32
2022-02-17,79200,79900,78400,79500,1906307,35.36
2022-02-18,78500,78900,78000,78700,1095147,35.3
2022-02-21,77700,79000,77300,78900,818908,35.35
2022-02-22,77400,78200,77300,77700,852374,35.35
2022-02-23,78200,78300,77400,78000,687070,35.36
2022-02-24,77300,77500,72700,73400,2937918,35.17
2022-02-25,74800,74900,73300,73800,1455219,35.15
2022-02-28,72300,73800,71500,73800,2079712,35.2
2022-03-02,72800,73200,72000,72100,2278836,35.0
2022-03-03,73300,74200,72800,73800,2118453,34.97
2022-03-04,73500,73800,72800,73100,1000955,34.94
2022-03-07,71900,72000,70500,71100,1645780,34.81
2022-03-08,69000,70800,68900,69600,2039889,34.68
2022-03-10,70700,71100,70200,70700,2006115,34.63
2022-03-11,70200,70400,69500,70000,1772044,34.58
2022-03-14,69500,69800,68300,68800,1627411,34.59
2022-03-15,68400,69900,68100,69200,1136058,34.64
2022-03-16,70400,72100,69800,72100,1661437,34.68
2022-03-17,72900,73300,72200,72400,1553721,34.66
2022-03-18,72500,72600,71700,72000,1414173,34.62
2022-03-21,72000,72200,70400,70500,1346882,34.52
2022-03-22,70200,71400,70200,71300,1225597,34.46
2022-03-23,71300,72900,71300,71800,1537880,34.45
2022-03-24,71000,72100,70900,72100,950805,34.47
2022-03-25,72400,72400,71500,71600,800304,34.47
2022-03-28,71000,71700,70600,71400,914926,34.4
2022-03-29,71900,72600,71500,71800,976807,34.39
2022-03-30,72900,74300,72900,73700,1715958,34.41
2022-03-31,73300,74000,72700,74000,1058727,34.41
2022-04-01,73300,74200,72700,74200,1152881,34.48
2022-04-04,74000,74200,73500,73700,708434,34.46
2022-04-05,73600,74000,73000,73800,560715,34.45
2022-04-06,73100,77000,72800,76400,2859709,34.45
2022-04-07,75500,76700,75500,75900,1757029,34.39
2022-04-08,75700,76400,74700,74900,1135251,34.35
2022-04-11,75200,78000,74600,77500,2501703,34.41
2022-04-12,76900,77900,76800,76800,1563310,34.35
2022-04-13,76800,78300,76800,77900,1148043,34.38
2022-04-14,77700,78300,76800,76800,1279416,34.31
2022-04-15,76600,77400,76100,76700,731037,34.3
2022-04-18,76300,78300,76200,78200,756353,34.11
2022-04-19,78300,78800,77700,78100,788093,34.1
2022-04-20,78800,80600,78500,80100,2398505,34.2
2022-04-21,80200,81500,79700,79900,1634019,34.21
2022-04-22,79400,80700,79200,79800,1246889,34.26
2022-04-25,78700,80900,78000,79600,1920943,34.27
2022-04-26,81900,84100,81700,83500,4533506,34.8
2022-04-27,82400,83800,82100,83300,2031855,34.88
2022-04-28,84200,84300,83100,83700,1382712,34.99
2022-04-29,83500,83900,82700,83800,1207682,35.05
2022-05-02,83500,84900,83400,84400,1086745,35.09
2022-05-03,83800,84000,83000,83500,979717,35.16
2022-05-04,82800,83600,82800,83500,863770,35.21
2022-05-06,83200,84300,82900,83900,1370938,35.41
2022-05-09,83300,83900,81900,82600,935383,35.38
2022-05-10,82300,84400,81800,84100,1718566,35.49
2022-05-11,83900,86600,83100,86100,2547434,35.61
2022-05-12,86100,86600,85200,86300,1959270,35.69
2022-05-13,86200,87300,86000,86300,1718335,35.75
2022-05-16,87000,87000,84700,85200,1445964,35.82
2022-05-17,85700,85900,84700,85200,1184480,35.88
2022-05-18,85500,85700,83900,84500,1529946,36.0
2022-05-19,83100,83400,82100,82100,1297520,35.99
2022-05-20,82700,84300,82600,83900,979637,36.03
2022-05-23,85000,85000,82800,84200,750733,36.0
2022-05-24,84400,84800,83200,83300,680977,35.98
2022-05-25,83700,83800,82600,82600,835944,35.94
2022-05-26,83000,83800,82000,82400,1047356,35.96
2022-05-27,82900,83800,82200,82900,1039995,36.0
2022-05-30,83700,84000,82700,83600,789515,36.02
2022-05-31,83800,85700,83600,85700,2198507,36.21
2022-06-02,84100,85000,84000,85000,1354899,36.24
2022-06-03,85100,85600,82500,83500,1255605,36.24
2022-06-07,83500,83900,82500,83000,872946,36.32
2022-06-08,83000,83600,81400,81800,1490956,36.3
2022-06-09,81400,82200,80300,82200,1717654,36.32
2022-06-10,81000,82800,80500,82400,1124577,36.36
2022-06-13,80900,81400,78700,79200,1475605,36.36
2022-06-14,77900,79000,77200,78000,1474598,36.32
2022-06-15,78100,80500,78000,78100,1553995,36.32
2022-06-16,79200,79700,77200,77200,1265972,36.23
2022-06-17,74700,76600,74200,76100,1738668,36.24
2022-06-20,76900,76900,74500,75500,756170,36.25
2022-06-21,76100,77700,75000,77300,965857,36.22
2022-06-22,77900,77900,76300,76400,976273,36.27
2022-06-23,76600,78200,76400,77200,1421036,36.27
2022-06-24,76800,77700,75700,77500,1393958,36.27
2022-06-27,77900,81500,77700,80900,1674410,36.3
2022-06-28,81000,83200,80800,81900,1318216,36.28
2022-06-29,77900,79500,76000,76900,3706637,36.18
2022-06-30,76900,79900,76900,77300,2359713,36.19
2022-07-01,78500,79000,77700,78000,1008059,36.19
2022-07-04,78500,79400,76800,78500,1209482,36.17
2022-07-05,78700,79200,76600,78400,1012601,36.16
2022-07-06,77700,78000,75400,75400,1447986,36.09
2022-07-07,75900,76400,74600,75700,1440566,36.03
2022-07-08,76600,77800,76100,76800,1079764,36.07
2022-07-11,78300,79700,77900,78000,1256309,36.07
2022-07-12,78100,79300,77600,78700,1072282,36.09
2022-07-13,78800,80500,78000,79800,1268356,36.08
2022-07-14,78800,79700,78200,78800,1274628,36.05
2022-07-15,79300,79300,77000,79100,1124239,36.07
2022-07-18,79900,80500,79000,80100,920632,36.08
2022-07-19,79500,82100,79500,82100,1564515,36.21
2022-07-20,83100,83200,81500,81600,1326440,36.2
2022-07-21,81700,83700,80700,82000,1627950,36.2
2022-07-22,82300,83000,80000,80900,2171648,36.14
2022-07-25,81300,83300,81200,82300,1609816,36.24
2022-07-26,82000,82500,81100,82500,916020,36.28
2022-07-27,82400,82400,79700,80800,1979637,36.18
2022-07-28,81500,81800,80100,80500,1244658,36.2
2022-07-29,80800,81500,80400,81200,1386182,36.3
2022-08-01,80700,81300,80200,80400,1076252,36.27
2022-08-02,81100,81500,80600,81200,1235041,36.35
2022-08-03,81300,81500,80200,81300,826712,36.35
2022-08-04,81700,81800,80700,81300,928079,36.4
2022-08-05,81500,81900,80300,80500,1082833,36.35
2022-08-08,80500,81500,80000,81400,970648,36.43
2022-08-09,81700,81900,80700,81500,956573,36.47
2022-08-10,81400,81500,80700,80700,628447,36.49
2022-08-11,81400,81500,80200,80800,1200789,36.42
2022-08-12,80800,82400,80400,82400,1508627,36.57
2022-08-16,82700,82800,81200,82000,817498,36.55
2022-08-17,81300,81900,78100,78700,2196306,36.47
2022-08-18,77500,77800,76500,76700,2165092,36.38
2022-08-19,77300,77900,76500,77200,1602176,36.35
2022-08-22,76500,78100,76300,77400,975563,36.39
2022-08-23,77000,78100,77000,77400,1088262,36.39
2022-08-24,77200,78200,76100,76600,1189786,36.38
2022-08-25,76900,79100,76900,79100,1039468,36.48
2022-08-26,79000,79800,78600,78900,780703,36.49
2022-08-29,77000,78100,77000,77500,747352,36.55
2022-08-30,78000,80100,77900,80100,1047591,36.69
2022-08-31,79400,80800,79300,80800,1334049,36.76
2022-09-01,79600,81000,78600,80200,1210194,36.78
2022-09-02,80900,82600,80300,80800,1379416,36.93
2022-09-05,81000,81600,80500,81000,657587,36.92
2022-09-06,80800,81700,80500,81400,622838,36.95
2022-09-07,81500,82700,81300,82300,1524189,36.97
2022-09-08,82700,82700,80100,80900,1386173,36.97
2022-09-13,80300,81300,79100,81300,1465046,36.89
2022-09-14,79400,81000,79300,80300,1081881,36.92
2022-09-15,80900,81400,80000,80000,799235,36.95
2022-09-16,80000,81300,79900,81100,1358942,37.01
2022-09-19,80500,81400,80000,80800,676114,37.02
2022-09-20,81200,81400,80200,80400,702213,37.04
2022-09-21,80000,80100,78800,79700,721083,37.04
2022-09-22,78800,80000,78600,79200,807799,37.05
2022-09-23,79200,79200,77600,77600,686516,37.07
2022-09-26,76600,76700,74500,74800,1056001,37.03
2022-09-27,75400,76500,74800,76500,992152,37.07
2022-09-28,75700,76600,73100,73900,1331903,37.04
2022-09-29,74200,75600,74000,74500,1189442,37.05
2022-09-30,74000,74800,71700,71900,1400931,37.01
2022-10-04,72400,73400,71900,72800,1061016,37.01
2022-10-05,73900,74500,69100,71100,2170561,36.97
2022-10-06,71600,72100,70800,71500,1587373,37.04
2022-10-07,70800,71200,69900,71000,1458161,37.05
2022-10-11,68600,68700,66000,67400,2108101,37.04
2022-10-12,66700,68900,66700,68200,1359615,37.09
2022-10-13,68500,69500,68200,68300,1361199,37.18
2022-10-14,69700,69900,68200,69000,1086325,37.16
2022-10-17,68300,69200,67400,68700,1036388,37.16
2022-10-18,70000,70400,67700,69100,1916863,37.21
2022-10-19,68000,70600,68000,69000,1963016,37.21
2022-10-20,68900,69200,67600,68400,1273562,37.19
2022-10-21,68300,68800,67500,67900,870846,37.16
2022-10-24,68100,68600,64800,65300,2361978,37.04
2022-10-25,65600,66300,64600,66300,2080083,37.08
2022-10-26,67100,67100,64700,65500,1992922,37.12
2022-10-27,65400,66300,65200,66000,1192464,37.08
2022-10-28,65800,67100,65700,66200,1330594,37.03
2022-10-31,66900,66900,65000,66300,1086997,37.02
2022-11-01,66700,66800,66000,66300,1115507,37.0
2022-11-02,66000,66500,65000,66200,1433887,37.0
2022-11-03,65000,65600,64200,64500,2192426,36.88
2022-11-04,64300,65300,64300,65300,1147845,36.9
2022-11-07,66100,67200,66000,67100,1737259,36.87
2022-11-08,67700,67800,66500,67500,1594999,36.78
2022-11-09,67700,68200,67200,67400,1568122,36.72
2022-11-10,66600,67800,66100,66600,1560538,36.7
2022-11-11,68300,68900,67500,68000,1727900,36.66
2022-11-14,68900,70700,68800,69900,2220166,36.68
2022-11-15,70100,70200,68200,68500,1829393,36.46
2022-11-16,68900,69000,67600,67800,1189821,36.4
2022-11-17,67300,67600,66300,66300,1549193,36.31
2022-11-18,66600,66900,65800,66000,1278122,36.23
2022-11-21,65800,66000,64800,65200,1375558,36.17
2022-11-22,64700,65400,64600,65200,987141,36.14
2022-11-23,65700,66500,65200,66300,1166893,36.21
2022-11-24,66800,67200,65800,65900,815880,36.14
2022-11-25,66000,66300,65300,65400,738533,36.08
2022-11-28,65300,66000,64800,65400,812308,36.05
2022-11-29,65500,67400,65500,67300,1411202,36.19
2022-11-30,66800,68600,66600,68600,1970987,36.32
2022-12-01,69000,69300,68300,68600,1086698,36.31
2022-12-02,68700,68800,66400,66500,1451053,36.24
2022-12-05,66800,66900,65200,65600,1148365,36.21
2022-12-06,65200,65600,65000,65100,825203,36.21
2022-12-07,65000,65400,64700,65000,743679,36.21
2022-12-08,65200,65300,64500,64700,1271219,36.23
2022-12-09,65100,65500,64700,65200,1011844,36.19
2022-12-12,65100,65600,65000,65100,687218,36.18
2022-12-13,65300,65500,62100,62500,3121687,35.86
2022-12-14,62200,64100,61800,64100,1960769,35.88
2022-12-15,63800,64800,63500,64100,878566,35.96
2022-12-16,63200,64400,63100,64100,1126438,35.94
2022-12-19,63700,63800,62000,62400,1296891,35.86
2022-12-20,62000,62500,60900,62400,1458403,35.85
2022-12-21,62600,62700,61600,62000,810736,35.8
2022-12-22,62000,63500,62000,63500,1004592,35.78
2022-12-23,62600,63300,62500,62700,772642,35.73
2022-12-26,63100,63900,62700,63700,856734,35.72
2022-12-27,64000,64300,63500,64100,1200679,35.67
2022-12-28,62100,62100,60800,60900,1834051,35.47
2022-12-29,60500,60600,59300,59300,1172767,35.47
2023-01-02,60600,62400,60500,61500,1548935,35.57
2023-01-03,61400,62500,60600,62400,1238318,35.68
2023-01-04,61500,62800,61500,62000,1051604,35.66
2023-01-05,61900,62200,60800,61100,1591393,35.66
2023-01-06,60500,62100,60100,61500,1687827,35.64
2023-01-09,61800,64300,61300,64100,2081818,35.79
2023-01-10,64100,64400,63100,63900,920688,35.79
2023-01-11,64400,64400,63300,64200,947231,35.77
2023-01-12,64600,64700,63900,63900,1374463,35.76
2023-01-13,64100,65800,64100,65300,1611359,35.81
2023-01-16,64300,65000,63500,64600,1202348,35.85
2023-01-17,65200,65500,64700,65000,1127634,35.95
2023-01-18,65100,65300,63900,64700,1044133,35.98
2023-01-19,64000,64500,63800,64300,644579,35.98
2023-01-20,64300,64500,64000,64300,574744,35.97
2023-01-25,64900,65400,64800,65000,739046,35.96
2023-01-26,65400,70000,65400,69300,4288992,36.04
2023-01-27,69900,70000,67600,68700,3718257,36.1
2023-01-30,69300,70200,68500,68600,2368164,36.09
2023-01-31,69200,69200,66800,66800,1938157,36.09
2023-02-01,67700,69600,67400,69500,1858058,36.16
2023-02-02,69900,70500,69000,69700,1930702,36.21
2023-02-03,69900,71600,69700,71200,2211215,36.28
2023-02-06,70900,71600,70500,70500,1326873,36.27
2023-02-07,70600,71300,69700,71300,1352790,36.3
2023-02-08,71700,71800,70600,71500,1154049,36.31
2023-02-09,71400,72200,70900,71700,1074569,36.33
2023-02-10,71400,72600,71100,72400,1067878,36.38
2023-02-13,72400,73400,72100,73200,1443643,36.48
2023-02-14,73500,74300,72900,73500,1151903,36.47
2023-02-15,73500,74000,72000,72600,1073567,36.49
2023-02-16,73200,76700,73100,76500,2208024,36.67
2023-02-17,75600,76800,75500,76400,1121854,36.69
2023-02-20,76500,76800,75600,76300,847290,36.65
2023-02-21,76800,76900,75500,76600,800396,36.63
2023-02-22,75800,76000,74300,74500,1281613,36.63
2023-02-23,74500,77300,74500,76400,1440318,36.63
2023-02-24,76300,77000,75200,75300,976800,36.6
2023-02-27,75000,76200,74200,76000,961024,36.59
2023-02-28,76200,77200,75300,75300,1666461,36.53
2023-03-02,75700,78500,75700,77800,1916651,36.62
2023-03-03,78400,79100,77400,78200,1149778,36.62
2023-03-06,78800,79300,77500,78500,1204893,36.56
2023-03-07,78500,79000,77600,77600,992331,36.55
2023-03-08,76800,79200,76700,78900,1306974,36.53
2023-03-09,78900,79700,78100,78100,1315822,36.43
2023-03-10,77300,78500,77300,78000,851372,36.41
2023-03-13,77700,79200,77400,78800,1422962,36.45
2023-03-14,78500,78900,76300,76300,1366264,36.41
2023-03-15,77600,80000,77500,79600,1755601,36.46
2023-03-16,78500,79900,77900,79100,1099113,36.4
2023-03-17,79700,80400,78600,80200,1454231,36.44
2023-03-20,80000,80000,77900,78000,997524,36.39
2023-03-21,78700,79300,77400,77700,969220,36.38
2023-03-22,78700,79100,77900,78900,967219,36.44
2023-03-23,77700,78600,77400,78400,1361870,36.39
2023-03-24,77900,78400,76200,77600,1261980,36.34
2023-03-27,77000,77000,75100,76000,1635935,36.27
2023-03-28,76500,76900,76200,76900,792849,36.29
2023-03-29,77600,79500,77500,79500,1500632,36.4
2023-03-30,78600,79900,78200,79400,1033563,36.49
2023-03-31,80100,81500,79800,81000,1577792,36.6
2023-04-03,81500,81600,80400,81200,807758,36.53
2023-04-04,80600,81700,79700,80100,1009704,36.54
2023-04-05,80200,81800,80100,81300,1013013,36.57
2023-04-06,82000,83000,81000,81000,1364098,36.58
2023-04-07,80600,81500,80000,80100,1128013,36.57
2023-04-10,80200,82000,79500,81000,1009786,36.59
2023-04-11,81000,85500,81000,85000,3307242,36.85
2023-04-12,86200,86500,84100,86100,2437920,36.9
2023-04-13,85600,86600,85000,86600,1305756,36.93
2023-04-14,86900,87000,85000,85300,1163781,36.95
2023-04-17,85100,85300,84200,84500,1161544,36.99
2023-04-18,83600,83600,81000,82700,2125174,37.05
2023-04-19,82800,85900,82300,85400,1758223,37.01
2023-04-20,84400,85200,83600,84100,1200517,36.99
2023-04-21,83300,83800,82200,83300,945223,36.97
2023-04-24,83700,84900,83500,84700,938376,36.94
2023-04-25,84900,87100,83500,86600,2444751,36.9
2023-04-26,87900,89700,85200,85700,3309719,36.89
2023-04-27,86400,88500,86200,86600,1899151,36.97
2023-04-28,86700,86700,84300,84500,1648678,37.0
2023-05-02,85100,86900,84600,86900,1301927,37.05
2023-05-03,86400,87200,85600,86500,853646,37.06
2023-05-04,86200,86700,85700,85900,649435,37.07
2023-05-08,86500,87500,86400,87100,1094022,37.09
2023-05-09,86700,87800,85300,87600,1237173,37.11
2023-05-10,87200,90000,87100,90000,2778199,37.26
2023-05-11,90500,91900,89400,90100,2250100,37.32
2023-05-12,90000,90300,88800,89400,1133345,37.25
2023-05-15,89500,90100,88500,90000,1056421,37.27
2023-05-16,89200,89400,86700,87300,1866373,37.2
2023-05-17,87300,89100,87300,88100,1077219,37.23
2023-05-18,89100,90000,88500,89900,1385713,37.31
2023-05-19,89300,89700,88400,88700,1125650,37.24
2023-05-22,88700,89600,88200,88800,966583,37.24
2023-05-23,89600,89900,88700,88700,784013,37.53
2023-05-24,88500,89300,88400,89100,606275,37.56
2023-05-25,89100,89100,87100,87100,1341962,37.56
2023-05-26,87100,87500,86500,87400,848329,37.58
2023-05-30,87600,87900,85500,85600,1336978,37.54
2023-05-31,85700,87200,85200,85900,1496401,37.55
2023-06-01,85000,85500,83600,84200,1365020,37.6
2023-06-02,84900,85400,84400,85200,894151,37.61
2023-06-05,85700,86200,85300,86200,689610,37.69
2023-06-07,87600,87600,81100,82000,3985993,37.49
2023-06-08,81800,82200,80800,81400,2402672,37.42
2023-06-09,82100,83100,81600,82900,1423561,37.44
2023-06-12,82600,82900,81300,81600,1076108,37.39
2023-06-13,82000,82500,81600,82300,1027454,37.4
2023-06-14,82700,83700,82500,83000,1331782,37.41
2023-06-15,83500,83800,82100,82300,976819,37.4
2023-06-16,82900,83300,81400,81600,1396059,37.41
2023-06-19,81600,82400,81200,82300,592234,37.43
2023-06-20,81700,82000,81100,81700,700544,37.43
2023-06-21,81200,84000,81000,83900,1636970,37.46
2023-06-22,83400,84000,82700,83400,764933,37.42
2023-06-23,83100,83900,83100,83400,895139,37.44
2023-06-26,83300,85600,83300,85500,1332113,37.58
2023-06-27,85500,86500,84900,86200,1041380,37.64
2023-06-28,86400,86700,85800,86400,953623,37.71
2023-06-29,86300,86700,85700,86000,761277,37.75
2023-06-30,86800,88600,86700,88500,1899152,37.85
2023-07-03,89000,89000,87700,88500,951562,37.82
2023-07-04,88900,89900,88300,88900,963786,37.86
2023-07-05,89400,89800,87700,88100,950585,37.92
2023-07-06,87800,89700,87700,89000,1394753,38.0
2023-07-07,88100,88400,86700,87900,982277,38.07
2023-07-10,88000,88500,86800,87500,870366,38.09
2023-07-11,87000,88500,86900,88500,802263,38.14
2023-07-12,88800,88900,87100,88400,798856,38.2
2023-07-13,88500,88800,87400,87500,989972,38.21
2023-07-14,88100,89300,87900,88700,1212425,38.21
2023-07-17,88400,89100,86500,86600,968236,38.17
2023-07-18,86900,87300,85200,85900,962946,38.21
2023-07-19,85900,86500,85100,86000,709966,38.25
2023-07-20,85300,86000,84000,84300,1040267,38.23
2023-07-21,85100,85100,83900,84500,769963,38.27
2023-07-24,84200,84500,83100,83500,969395,38.27
2023-07-25,84300,85300,83500,84600,1095142,38.27
2023-07-26,84000,84200,81600,82600,2126961,38.18
2023-07-27,83000,84000,81600,83100,1863363,38.14
2023-07-28,83900,87200,83800,84200,1838414,38.2
2023-07-31,84800,84900,82700,82700,1143605,38.14
2023-08-01,82000,83400,81600,83300,1129424,38.09
2023-08-02,82300,82700,80000,80000,2159024,37.94
2023-08-03,80000,81500,80000,80700,989975,37.98
2023-08-04,80900,81100,80100,80600,616785,37.98
2023-08-07,79900,80000,77300,77600,2254858,37.89
2023-08-08,77700,78600,77700,78300,1527761,37.88
2023-08-09,77700,78900,77700,78900,946574,37.85
2023-08-10,78800,79100,77800,78900,1050522,37.78
2023-08-11,79400,81400,79300,80300,1290039,37.88
2023-08-14,79700,80200,78600,78700,875348,37.88
2023-08-16,77900,79000,77900,78000,701727,37.92
2023-08-17,79000,79000,76600,78400,1085644,37.93
2023-08-18,77200,79300,77100,78400,631497,37.95
2023-08-21,79000,79000,77900,78100,483738,37.93
2023-08-22,78300,79000,78200,78800,563960,37.95
2023-08-23,78100,78800,77600,78700,541701,37.97
2023-08-24,79600,79600,78400,78800,732961,37.98
2023-08-25,78000,78800,77800,78100,656919,37.99
2023-08-28,78800,78800,77700,78300,465264,37.99
2023-08-29,78600,80700,78300,80200,1066302,38.06
2023-08-30,81000,81100,80100,80400,642079,38.08
2023-08-31,80600,80700,79500,80200,1221196,38.06
2023-09-01,79400,80600,79200,79700,430154,38.07
2023-09-04,79300,80200,78500,80000,625059,38.08
2023-09-05,80000,80200,78700,79100,623988,38.08
2023-09-06,79100,79700,78600,78900,693599,38.08
2023-09-07,78200,78500,77900,78300,950333,38.13
2023-09-08,78300,78500,77600,77800,470141,38.09
2023-09-11,77400,78100,77000,77600,462259,38.07
2023-09-12,78000,78600,77600,77700,615337,38.06
2023-09-13,78300,79500,78000,78500,915335,38.07
2023-09-14,78900,79200,78500,79200,770400,38.03
2023-09-15,79800,80100,79000,80100,1406794,38.02
2023-09-18,79500,79900,79000,79400,571336,38.01
2023-09-19,79100,80200,79100,79400,621704,38.04
2023-09-20,79400,81800,79100,81400,1466060,38.15
2023-09-21,81400,81400,79700,79800,650659,38.17
2023-09-22,78600,80400,78600,80200,620891,38.21
2023-09-25,79800,82100,79500,82100,1163419,38.33
2023-09-26,81600,81900,80500,80900,828358,38.35
2023-09-27,79900,81700,79500,81400,1147397,38.35
2023-10-04,81300,82800,80000,81900,1734756,38.41
2023-10-05,82800,83500,81800,83500,1483105,38.49
2023-10-06,83500,85400,82600,85200,1594554,38.55
2023-10-10,86900,86900,82900,84100,2220163,38.58
2023-10-11,84000,85800,83900,84500,1561647,38.65
2023-10-12,84600,84600,83300,84500,842777,38.64
2023-10-13,85200,85200,84000,84200,881827,38.69
2023-10-16,84200,85200,83900,83900,957963,38.74
2023-10-17,84600,84700,82300,82300,1050207,38.66
2023-10-18,83100,84400,82600,83900,1037347,38.69
2023-10-19,83300,84600,83300,84100,1082319,38.74
2023-10-20,83500,83600,81400,81700,1257281,38.74
2023-10-23,82500,83700,81900,83000,816603,38.74
2023-10-24,83900,83900,81600,82100,892518,38.7
2023-10-25,81800,83200,81700,82000,609588,38.69
2023-10-26,81500,82100,80600,81000,1097964,38.67
2023-10-27,81800,82500,78500,79700,1115007,38.67
2023-10-30,79500,80100,77500,78100,1211921,38.58
2023-10-31,79100,79400,76900,76900,1040116,38.53
2023-11-01,77400,77900,76800,77400,754912,38.49
2023-11-02,77900,79700,77700,78500,1387393,38.48
2023-11-03,79200,79400,77200,77600,1314264,38.34
2023-11-06,78700,79200,77900,79000,2083115,38.29
2023-11-07,78600,78700,77300,77500,1285076,38.2
2023-11-08,77800,77900,77000,77000,1038502,38.1
2023-11-09,77300,77900,77000,77500,837826,38.1
2023-11-10,77000,77900,77000,77000,660121,38.04
2023-11-13,77600,77700,77000,77000,518786,38.02
2023-11-14,77700,78500,77300,78200,1037469,38.05
2023-11-15,80100,82200,79900,81500,2150765,38.12
2023-11-16,81600,84500,81300,84500,2107692,38.31
2023-11-17,84100,85300,83600,85200,1271006,38.43
2023-11-20,84600,84900,83700,84400,973922,38.48
2023-11-21,84400,84600,83600,83600,916802,38.47
2023-11-22,83000,83400,82200,83100,730476,38.47
2023-11-23,83100,84600,82700,84500,636051,38.49
2023-11-24,84500,84700,83700,84200,594791,38.51
2023-11-27,84200,85000,83900,84100,539991,38.52
2023-11-28,84900,84900,83700,84600,774545,38.5
2023-11-29,84200,86200,84200,86000,1346329,38.64
2023-11-30,85800,86800,84700,85900,1896215,38.63
2023-12-01,84800,86100,84400,85800,695821,38.66
2023-12-04,85200,86000,84000,84100,1026876,38.63
2023-12-05,84100,84700,83500,84100,572456,38.68
2023-12-06,84300,85200,84100,84500,765813,38.7
2023-12-07,84000,85300,83200,85100,675617,38.72
2023-12-08,85700,86700,85300,86400,834740,38.72
2023-12-11,85900,87100,85700,87100,780527,38.78
2023-12-12,86300,88000,86300,87400,1091566,38.78
2023-12-13,87400,87900,87000,87400,601164,38.8
2023-12-14,88000,88000,85600,87200,1465254,38.74
2023-12-15,87700,89500,87600,89300,1991815,38.9
2023-12-18,89900,90000,89000,89400,907576,38.95
2023-12-19,89700,89800,89000,89300,627320,38.9
2023-12-20,89500,95000,89400,95000,3016274,39.22
2023-12-21,94300,98900,93900,95400,2479053,39.2
2023-12-22,96000,97600,95400,95600,1331329,39.17
2023-12-26,96100,96600,95000,96300,1043738,39.25
2023-12-27,96000,97300,95500,97000,1040291,39.27
2023-12-28,98100,100900,97600,100000,2100873,39.3
2024-01-02,99000,99400,97400,97600,1341485,39.19
2024-01-03,96500,96800,93700,93800,1694613,39.3
2024-01-04,93000,93400,91800,92900,1589156,39.34
2024-01-05,93500,93700,91200,91600,1110042,39.32
2024-01-08,92000,92300,88800,88900,1397056,39.39
2024-01-09,89800,89900,88100,89100,1384540,39.36
2024-01-10,89400,91100,88800,90500,1123770,39.35
2024-01-11,91400,91800,89700,89700,1472306,39.32
2024-01-12,89400,89700,88000,88300,923693,39.33
2024-01-15,88700,91300,88400,90900,956800,39.35
2024-01-16,90200,91200,89400,89800,836055,39.36
2024-01-17,89000,89500,87500,87900,961515,39.35
2024-01-18,87500,88500,86900,87300,840897,39.32
2024-01-19,88100,88700,87000,87600,831282,39.31
2024-01-22,87700,88300,85900,87200,1060021,39.3
2024-01-23,87100,88100,86900,87900,917374,39.24
2024-01-24,87500,88200,86800,87900,882524,39.23
2024-01-25,87100,93000,86100,93000,3397759,39.28
2024-01-26,94600,95700,92700,94400,2383070,39.33
2024-01-29,94700,100000,94400,99900,3200604,39.46
2024-01-30,101000,103600,97800,98000,3463949,39.58
2024-01-31,99400,103000,98500,102900,3793928,39.89
2024-02-01,102800,106800,101600,106300,3751067,39.99
2024-02-02,110000,119900,108700,119500,8478816,40.52
2024-02-05,119600,121300,113700,118300,6726216,40.44
2024-02-06,115600,118000,110900,111600,5169164,40.38
2024-02-07,112000,115800,110100,114700,4555156,40.49
2024-02-08,112700,114700,111300,113200,2788161,40.56
2024-02-13,116300,120000,115100,117200,3370853,40.67
2024-02-14,115600,118800,114700,117600,1530264,40.69
2024-02-15,119300,119700,113100,113500,2518069,40.65
2024-02-16,113500,115900,111500,115800,2159137,40.67
2024-02-19,115600,119300,115300,117600,1750923,40.71
2024-02-20,115600,118700,113000,116100,1952950,40.7
2024-02-21,116200,118600,115000,116800,1845668,40.72
2024-02-22,116800,121900,115300,119300,3154400,40.75
2024-02-23,119400,120700,118000,118400,2253030,40.69
2024-02-26,116000,116500,112300,114600,2748769,40.62
2024-02-27,111800,115800,111800,112600,2108829,40.59
2024-02-28,112600,117800,112000,117700,1833765,40.63
2024-02-29,118300,126900,117500,124500,5862121,40.85
2024-03-04,124500,126900,124000,125600,3032627,40.78
2024-03-05,124000,124900,122300,123000,2940381,40.73
2024-03-06,121700,127900,121700,127000,2543361,40.77
2024-03-07,127000,129200,125500,126100,1849757,40.71
2024-03-08,126900,130000,126200,128400,2324865,40.7
2024-03-11,128900,131700,126100,126200,1885521,40.65
2024-03-12,125100,127600,125100,126100,1085368,40.69
2024-03-13,125900,127300,124500,125900,1396568,40.67
2024-03-14,125900,129600,125500,128500,1913544,40.67
2024-03-15,128100,130700,125000,125000,2180445,40.56
2024-03-18,126200,128200,124700,128000,1548673,40.51
2024-03-19,123200,123600,118200,118900,3390443,40.46
2024-03-20,119500,120300,115100,115700,2379123,40.47
2024-03-21,117300,118000,115500,115700,2960845,40.33
2024-03-22,116200,116800,112100,112900,2811721,40.27
2024-03-25,113100,113500,111000,111500,1550861,40.25
2024-03-26,111200,115400,111200,114400,2021266,40.29
2024-03-27,114400,115000,112900,113600,1270063,40.28
2024-03-28,114200,114300,111800,112000,1350186,40.29
2024-03-29,112200,113400,110000,110200,1307187,40.31
2024-04-01,110900,111500,108200,108700,1112885,40.29
2024-04-02,108200,108700,104000,104700,2520832,40.33
2024-04-03,104300,105400,101800,101800,1671419,40.32
2024-04-04,103600,106900,102700,106700,2078100,40.35
2024-04-05,105300,108500,104300,105000,1944665,40.33
2024-04-08,105000,111000,105000,108500,2070252,40.35
2024-04-09,111100,112500,107800,108000,1652638,40.32
2024-04-11,104600,111800,104400,111700,2217580,40.44
2024-04-12,111500,111700,108000,109800,1226958,40.37
2024-04-15,109200,115000,107200,114600,2446762,40.4
2024-04-16,113500,115200,112200,114700,1988405,40.31
2024-04-17,114800,114900,111300,113100,1576611,40.17
2024-04-18,114000,114600,110700,112200,1665994,40.13
2024-04-19,111000,113700,107800,110400,2114673,40.11
2024-04-22,111600,115500,111600,115100,1916502,40.18
2024-04-23,116000,118300,114500,115900,1392773,40.23
2024-04-24,114800,116800,114200,116200,1178637,40.21
2024-04-25,114800,118000,114200,116600,1708852,40.32
2024-04-26,116600,121500,114500,118200,2705868,40.39
2024-04-29,119500,121300,117600,118300,1820652,40.42
2024-04-30,118100,119500,117200,118000,1264927,40.46
2024-05-02,118300,119600,117500,119600,1246995,40.54
2024-05-03,120300,120800,113600,113900,1779155,40.5
2024-05-07,114000,116600,114000,115700,1204913,40.55
2024-05-08,114700,117200,114700,116000,792482,40.59
2024-05-09,116400,116400,111200,111700,1762344,40.53
2024-05-10,113500,114500,112000,114100,1422408,40.56
2024-05-13,113900,115700,113300,114300,935835,40.6
2024-05-14,114500,115200,112500,113900,788713,40.6
2024-05-16,114900,115500,113400,114700,963262,40.61
2024-05-17,115100,115900,112500,112700,1087425,40.66
2024-05-20,113400,116500,113000,114900,850630,40.7
2024-05-21,114900,115000,113800,114400,695579,40.68
2024-05-22,113600,119700,113400,118900,2260904,40.74
2024-05-23,119000,120900,116200,120500,1760819,40.8
2024-05-24,119300,122100,118800,120000,1463021,40.85
2024-05-27,120500,124400,118600,122500,1644197,41.18
2024-05-28,123000,124800,122000,122400,1096369,41.22
2024-05-29,121200,123000,119200,122000,1277990,41.22
2024-05-30,121100,122200,117700,117700,1096042,41.18
2024-05-31,119200,120800,117700,117700,2011874,41.19
2024-06-03,120100,122800,119800,120700,906152,41.2
2024-06-04,120700,121700,118100,119000,820199,41.17
2024-06-05,119000,120200,118300,119500,1068743,41.19
2024-06-07,120500,122300,119500,121100,976721,41.25
2024-06-10,121000,123000,120000,121400,970865,41.31
2024-06-11,122700,123200,121300,122000,1214447,41.39
2024-06-12,124000,124000,121400,122500,970708,41.37
2024-06-13,123100,125400,121600,121700,2186257,41.48
2024-06-14,121400,124600,120800,122700,1278973,41.57
2024-06-17,124000,129400,123800,129100,2654199,41.74
2024-06-18,129900,133900,129100,131000,2632809,41.79
2024-06-19,132200,135000,130800,132300,1606458,41.83
2024-06-20,131400,131600,128700,130600,1110575,41.79
2024-06-21,130400,130500,126500,127900,1680099,41.78
2024-06-24,127800,128900,126100,128300,712382,41.78
2024-06-25,129200,130600,127900,129000,1100760,41.76
2024-06-26,127800,130900,127600,130800,1219468,41.8
2024-06-27,129100,132300,128200,131500,901065,41.78
2024-06-28,132300,132300,128600,129300,1026360,41.71
2024-07-01,128100,129900,127700,128600,659327,41.71
2024-07-02,128000,128300,123500,123600,1369592,41.7
2024-07-03,124800,125500,122500,123700,1035953,41.7
2024-07-04,124100,126600,124100,125600,793881,41.71
2024-07-05,126700,128200,125300,126300,805600,41.69
2024-07-08,126200,127500,124200,124200,999050,41.61
2024-07-09,125000,125400,120600,122500,1662846,41.56
2024-07-10,121600,122900,120800,122000,1118813,41.59
2024-07-11,123000,123200,121300,122300,998099,41.62
2024-07-12,122800,123500,120000,121300,863955,41.63
2024-07-15,121300,121600,118700,120000,669497,41.62
2024-07-16,120900,122900,120600,122900,891422,41.65
2024-07-17,123000,123000,120100,121000,944338,41.62
2024-07-18,120000,120700,118500,119900,864546,41.63
2024-07-19,118300,118400,114700,116300,1498610,41.6
2024-07-22,116700,117500,113800,115900,968117,41.63
2024-07-23,117200,120600,117200,120500,1194748,41.7
2024-07-24,118800,119400,117900,118400,689203,41.68
2024-07-25,118300,118900,114500,115000,1138700,41.65
2024-07-26,118500,118500,110000,112100,1582067,41.67
2024-07-29,112100,116100,110900,113700,1192545,41.68
2024-07-30,112800,115300,111600,111600,765612,41.68
2024-07-31,110500,113000,110500,112100,882651,41.69
2024-08-01,113300,114500,112100,112100,615829,41.7
2024-08-02,109000,110000,106700,107100,1332881,41.67
2024-08-05,103900,104400,95000,96300,2493835,41.54
2024-08-06,100900,105200,97600,102700,1867054,41.51
2024-08-07,100400,103100,99900,101600,1475882,41.43
2024-08-08,100100,102100,99300,101600,1074481,41.41
2024-08-09,103500,104900,101500,101900,1080152,41.37
2024-08-12,102300,103000,101300,102100,639297,41.35
2024-08-13,102200,103200,101100,102800,727338,41.37
2024-08-14,103800,103900,101700,102300,713158,41.37
2024-08-16,103700,107000,103200,105900,1467142,41.36
2024-08-19,106300,106600,102600,103200,806135,41.32
2024-08-20,104100,104900,102600,103400,895891,41.26
2024-08-21,103400,103900,102300,103000,566956,41.25
2024-08-22,103100,103500,102000,102400,458855,41.24
2024-08-23,102000,104300,101900,104000,680599,41.2
2024-08-26,104400,105300,102500,102800,538340,41.18
2024-08-27,103100,103200,100300,101800,657152,41.15
2024-08-28,101800,105300,101600,104600,827919,41.11
2024-08-29,105500,107900,103700,106600,1623481,41.09
2024-08-30,106600,110700,106100,106100,3386834,40.97
2024-09-02,106700,107200,104500,106100,1014420,40.95
2024-09-03,105700,106600,101800,102200,1021486,40.89
2024-09-04,99100,101300,98600,100200,1394527,40.77
2024-09-05,100700,103100,99700,100700,1103725,40.71
2024-09-06,100300,101600,98500,100000,1130536,40.64
2024-09-09,98600,101400,98300,100800,665413,40.64
2024-09-10,100800,101200,99700,100200,709669,40.6
2024-09-11,100500,100500,95800,96200,1788449,40.43
2024-09-12,97800,100200,97600,99100,1965672,40.57
2024-09-13,100300,102000,99500,100500,1051359,40.53
2024-09-19,101500,104500,101000,103500,1700541,40.51
2024-09-20,103100,106300,102600,105600,1898045,40.53
2024-09-23,106300,106300,102800,103200,758934,40.49
2024-09-24,103600,104500,102000,103800,1004487,40.44
2024-09-25,104800,105300,102600,102800,873655,40.42
2024-09-26,101800,104900,101700,104900,954693,40.43
2024-09-27,105000,106300,104000,104800,1180495,40.45
2024-09-30,105700,105800,99900,99900,1408649,40.35
2024-10-02,98200,100300,98100,98700,947817,40.33
2024-10-04,99400,100000,97800,98000,953289,40.24
2024-10-07,99300,100900,98600,100400,747649,40.24
2024-10-08,99700,100900,99500,99600,953986,40.24
2024-10-10,101900,102900,100600,100800,1347031,40.29
2024-10-11,101300,102200,100700,101100,586806,40.25
2024-10-14,101400,102500,100500,100600,512895,40.23
2024-10-15,100800,100800,99200,99700,742330,40.2
2024-10-16,98800,99400,97500,97800,1442581,40.06
2024-10-17,98100,98400,93700,95200,2337274,39.86
2024-10-18,94000,96700,94000,95100,954041,39.82
2024-10-21,95300,96400,94400,95000,887808,39.76
2024-10-22,93600,94100,91800,92500,2094323,39.63
2024-10-23,92000,93800,91100,93000,2096814,39.51
2024-10-24,90000,92200,90000,90900,2432361,39.4
2024-10-25,90100,93500,89900,92700,2070730,39.34
2024-10-28,93700,96800,93500,95500,1990596,39.35
2024-10-29,95000,95800,93000,93700,1032980,39.27
2024-10-30,93000,94400,92100,94100,1288804,39.27
2024-10-31,93500,94500,91900,91900,1497645,39.2
2024-11-01,91000,95200,90600,94300,1273159,39.2
2024-11-04,95000,97500,94400,97400,1455797,39.21
2024-11-05,96800,97200,96100,97000,853795,39.19
2024-11-06,96400,96800,93800,95000,1201388,39.19
2024-11-07,94000,95100,92600,94000,1538830,39.21
2024-11-08,94200,95300,92500,93000,954617,39.22
2024-11-11,92100,95200,92100,94600,952667,39.24
2024-11-12,94700,95100,91900,91900,1029314,39.22
2024-11-13,91500,91800,89600,90800,930142,39.24
2024-11-14,91600,93900,90400,92500,1308730,39.32
2024-11-15,90500,92400,89500,91600,1000774,39.26
2024-11-18,91100,96800,91100,96700,1258964,39.34
2024-11-19,95800,97200,95000,95300,791662,39.32
2024-11-20,95300,99200,95000,98100,1315123,39.38
2024-11-21,98100,98900,96800,97600,877875,39.35
2024-11-22,98500,98800,97100,97800,625998,39.33
2024-11-25,97600,98300,96300,97200,1490846,39.33
2024-11-26,96500,97500,95700,97300,824826,39.55
2024-11-27,95600,97200,94000,94300,1316143,39.53
2024-11-28,94400,95800,93900,95000,667018,39.51
2024-11-29,93200,94500,92100,92900,1137504,39.48
2024-12-02,93900,95800,93500,94200,856300,39.52
2024-12-03,95900,98000,95000,98000,1269834,39.57
2024-12-04,96700,99700,96300,98100,1718985,39.54
2024-12-05,97200,98400,93800,94000,1047065,39.45
2024-12-06,94100,96200,93200,94800,974415,39.41
2024-12-09,93200,94400,92000,92000,1163885,39.34
2024-12-10,93000,96000,93000,95800,1426079,39.35
2024-12-11,96500,97500,95400,96500,891106,39.35
2024-12-12,96800,98900,96800,97200,1672208,39.4
2024-12-13,97500,98600,96100,98100,784619,39.39
2024-12-16,98100,98200,95300,95300,977937,39.3
2024-12-17,95400,97200,95400,95700,1015342,39.27
2024-12-18,96500,102400,96500,101800,2225773,39.41
2024-12-19,100000,101800,98900,100600,1674120,39.4
2024-12-20,100100,101200,99000,101200,1253819,39.62
2024-12-23,101200,102700,99500,100900,778490,39.6
2024-12-24,100600,101500,99500,100600,588138,39.71
2024-12-26,100800,103000,99600,102900,912601,39.74
2024-12-27,101100,101800,100000,100900,607220,39.71
2024-12-30,100500,103100,100400,100700,704616,39.71
2025-01-02,101000,102300,100500,101600,712616,39.73
2025-01-03,101500,101800,99200,100700,1015616,39.69
2025-01-06,100800,101300,99200,100500,784082,39.71
2025-01-07,100500,101500,99100,99100,1128286,39.61
2025-01-08,99000,101400,98900,101000,1058728,39.68
2025-01-09,101200,105700,101200,103300,2359171,39.88
2025-01-10,104000,106600,103500,105600,1951844,39.94
2025-01-13,104700,105400,103600,105400,1130422,39.96
2025-01-14,104700,107900,104200,106700,1300498,40.01
2025-01-15,106500,107200,102700,103300,1177799,39.94
2025-01-16,104500,104800,103000,103400,654359,39.95
2025-01-17,102400,103000,100400,101500,919480,39.93
2025-01-20,101500,102000,100800,101000,411505,39.91
2025-01-21,102100,105300,100700,101000,1033495,39.89
2025-01-22,101900,103400,100700,103000,856499,39.9
2025-01-23,102500,104000,101100,102700,730474,39.89
2025-01-24,104400,104400,101000,101700,1296839,39.84
2025-01-31,100800,102800,100200,102000,909716,39.86
2025-02-03,100200,100700,95000,96100,2040413,39.72
2025-02-04,99100,99200,96300,96700,1255891,39.7
2025-02-05,97400,99300,97000,98100,923434,39.75
2025-02-06,98300,98800,97200,98800,563800,39.74
2025-02-07,97600,98900,96300,96500,991140,39.69
2025-02-10,94000,95100,93000,94600,1722666,39.65
2025-02-11,93200,95100,93200,93800,1172529,39.59
2025-02-12,93300,94100,91400,91700,1688145,39.46
2025-02-13,93800,95600,93300,94300,2326740,39.44
2025-02-14,94400,95900,93700,95000,1349332,39.49
2025-02-17,94300,94900,93100,94300,1049521,39.52
2025-02-18,94300,95300,93700,93900,883917,39.49
2025-02-19,92800,95800,92800,95000,1053531,39.51
2025-02-20,94100,94800,93500,94500,1078110,39.47
2025-02-21,95800,96700,94300,94600,960186,39.42
2025-02-24,93700,94900,93600,94900,659841,39.4
2025-02-25,94000,94300,93200,93200,1001392,39.28
2025-02-26,93200,94200,93100,94100,789301,39.26
2025-02-27,93700,94700,93600,94600,841391,39.3
2025-02-28,93500,94400,93000,93200,1640049,39.24
2025-03-04,93100,96300,91900,93300,1312252,39.22
2025-03-05,94600,96600,94400,95900,1593290,39.29
2025-03-06,99000,99300,97300,98000,1778981,39.27
2025-03-07,96700,97800,96100,96800,1138412,39.2
2025-03-10,95900,98400,95900,98000,1190280,39.2
2025-03-11,96100,98500,96100,98400,1137146,39.19
2025-03-12,98400,99400,97600,99100,1144714,39.11
2025-03-13,98600,101300,98300,100400,2279252,39.03
2025-03-14,100000,100600,99400,99500,1408638,38.99
2025-03-17,99700,100100,98200,98800,1892886,38.89
2025-03-18,93300,96400,93300,96400,2228720,38.94
2025-03-19,96500,97200,95500,97100,1094424,38.97
2025-03-20,96700,97000,95500,96000,1056834,39.09
2025-03-21,95500,97400,95500,95700,2448199,39.17
2025-03-24,95900,99500,95800,98700,1564435,39.24
2025-03-25,102900,102900,100100,100800,1515074,39.27
2025-03-26,102000,103000,101200,101400,1181983,39.41
2025-03-27,99000,100000,97400,97900,1400285,39.53
2025-03-28,95200,96500,94600,95300,1293885,39.45
2025-03-31,93300,94100,91500,92300,1230700,39.37
2025-04-01,92800,93700,92000,93200,656473,39.37
2025-04-02,92400,93600,91800,92100,931914,39.31
2025-04-03,89200,91400,88400,90800,1054819,39.26
2025-04-04,89500,91800,88700,89700,947048,39.14
2025-04-07,86100,87100,84100,84600,1066394,39.04
2025-04-08,85500,86600,84200,84300,952615,39.0
2025-04-09,83900,84200,82800,83800,1002947,38.96
2025-04-10,89700,89800,87000,88200,1374506,38.96
2025-04-11,86100,86200,81300,82000,2232779,38.74
2025-04-14,82300,83800,81800,83000,797192,38.74
2025-04-15,85700,86800,85000,85800,1128439,38.72
2025-04-16,85400,86300,84600,84700,583287,38.73
2025-04-17,84900,85550,84500,85000,430473,38.63
2025-04-18,85300,87600,84600,87300,569432,38.64
2025-04-21,87700,88500,87000,88000,416037,38.6
2025-04-22,87600,88000,86600,86800,558552,38.56
2025-04-23,88100,90700,87500,90000,1212681,38.51
2025-04-24,90400,90800,88600,88800,908535,38.48
2025-04-25,89500,89700,87500,88200,1356631,38.44
2025-04-28,88500,89200,87700,88700,572742,38.39
2025-04-29,90600,90900,89500,90600,808315,38.39
2025-04-30,91000,91400,89600,90400,1023836,38.42
2025-05-02,91000,91000,88600,89400,768903,38.44
2025-05-07,90200,90400,87500,88100,1093539,38.43
2025-05-08,88100,88700,87800,87800,1161546,38.53
2025-05-09,89400,90700,89200,89300,967229,38.59
2025-05-12,90200,92400,89800,92400,813230,38.65
2025-05-13,94000,94800,92700,93700,1369914,38.69
2025-05-14,93600,94000,91800,92400,878937,38.65
2025-05-15,91900,92500,90900,91200,761239,38.66
2025-05-16,91300,92300,91300,92000,500754,38.67
2025-05-19,91300,91900,90800,91500,555859,38.67
2025-05-20,92300,92800,90900,91200,710012,38.61
2025-05-21,92700,92700,90900,91200,748573,38.64
2025-05-22,90500,91100,88400,89200,1103198,38.68
2025-05-23,89200,89500,86900,87100,879529,38.67
2025-05-26,87000,88400,86200,88100,760388,38.65
2025-05-27,87300,88500,87100,88200,607447,38.65
2025-05-28,88500,90000,88500,89000,842967,38.61
2025-05-29,90700,93700,90000,93200,1583303,38.69
2025-05-30,91000,91200,89400,89400,1535385,38.53
2025-06-02,88400,89600,88100,88400,663587,38.47
2025-06-04,89200,90400,88600,89600,862750,38.44
2025-06-05,89100,93500,89100,93100,1416289,38.57
2025-06-09,94400,96200,93800,95300,1449046,38.62
2025-06-10,96200,96400,94100,94500,1077370,38.63
2025-06-11,95100,96900,95100,96900,992153,38.69
2025-06-12,96900,99000,96800,98400,1768683,38.79
2025-06-13,98000,98100,95600,97200,1506724,38.94
2025-06-16,96500,97900,95100,97500,809768,38.99
2025-06-17,98000,99800,97800,99600,1332802,39.09
2025-06-18,98500,99400,97200,98900,1018716,39.03
2025-06-19,99400,99800,97500,98200,691399,39.03
2025-06-20,98000,98900,97200,98700,998377,39.06
2025-06-23,97000,97000,94400,95900,867116,39.07
2025-06-24,95700,98500,95700,96900,911752,39.11
2025-06-25,97500,104500,97000,101100,2778238,39.19
2025-06-26,100700,102500,98700,99100,1157512,39.22
2025-06-27,99700,99700,97400,97700,574885,39.23
2025-06-30,96900,98200,96600,96900,693015,39.19
2025-07-01,97000,100500,97000,98700,1019849,39.17
2025-07-02,100200,100700,98750,100000,1023366,39.12
2025-07-03,100400,101500,99300,100100,774595,39.1
2025-07-04,100500,101500,99100,99100,470300,39.11
2025-07-07,98900,100000,98300,98600,430089,39.12
2025-07-08,98600,99800,97500,99100,643120,39.1
2025-07-09,98300,99800,97400,99600,1037777,39.14
2025-07-10,99900,101200,99300,100100,1142761,39.21
2025-07-11,100100,102100,99800,100800,1087429,39.32
2025-07-14,100200,103300,99600,103000,1173952,39.37
2025-07-15,102100,102300,99800,100000,1241921,39.28
2025-07-16,99700,100500,99100,99500,668896,39.26
2025-07-17,100000,100700,98500,100200,687922,39.26
2025-07-18,100500,101400,99400,99800,586973,39.24
2025-07-21,99700,100200,99100,99300,422784,39.24
2025-07-22,99200,99700,97600,97800,646392,39.2
2025-07-23,100800,106100,100500,106100,3318750,39.57
2025-07-24,107200,109000,104000,105000,2027261,39.73
2025-07-25,105000,107000,102400,104100,1395349,39.74
2025-07-28,106300,107500,104500,105500,1045072,39.71
2025-07-29,104300,106400,103500,105700,1196086,39.7
2025-07-30,105000,112400,105000,110400,1917384,39.75
2025-07-31,112700,113200,102300,102300,3132736,39.64
2025-08-01,101300,104100,100800,100800,1374554,39.69
2025-08-04,100700,103700,100500,102800,775610,39.75
2025-08-05,103000,104200,101300,101400,891875,39.71
2025-08-06,101300,102700,101200,101800,780400,39.74
2025-08-07,103000,103300,101500,101800,649320,39.71
2025-08-08,102300,102400,101400,101900,664464,39.71
2025-08-11,101600,102750,101300,101600,536398,39.71
2025-08-12,101100,103700,101000,101800,655429,39.75
2025-08-13,102800,103300,102100,103200,534661,39.75
2025-08-14,103600,104700,103100,103700,574716,39.75
2025-08-18,102100,103400,102100,102200,539476,39.73
2025-08-19,102500,104000,101900,104000,627551,39.75
2025-08-20,104200,105500,103300,105100,713124,39.77
2025-08-21,105700,105800,103900,103900,433907,39.73
2025-08-22,104200,105500,104200,104800,553097,40.17
2025-08-25,105000,105300,103200,104700,440278,40.18
2025-08-26,104300,104600,103000,103000,606440,40.19
2025-08-27,103100,104000,102900,103500,383772,40.2
2025-08-28,104500,107200,103300,105700,974330,40.3
2025-08-29,105900,107800,105500,105800,704357,40.29
2025-09-01,106800,107900,106000,106500,496884,40.3
2025-09-02,106200,107200,105750,107200,400273,40.3
2025-09-03,106100,107800,106100,107000,544535,40.31
2025-09-04,106000,107200,105800,107000,563510,40.29
2025-09-05,106200,107000,106100,106600,442357,40.27
2025-09-08,106100,106100,104100,104900,713309,40.25
2025-09-09,105500,105900,104700,105500,599237,40.23
2025-09-10,104900,107000,104900,106000,704159,40.22
2025-09-11,105900,106800,105400,106600,1118881,40.15
2025-09-12,106100,106600,105400,105900,906762,40.14
2025-09-15,104800,105100,101300,101700,2334779,39.99
2025-09-16,101700,101900,100500,101400,1317017,39.91
2025-09-17,101200,101500,100500,101000,1005177,39.86
2025-09-18,101500,102200,101100,102100,1143276,39.91
2025-09-19,102300,102500,100500,101600,1545375,39.91
2025-09-22,101500,102500,101200,101900,737975,39.93
2025-09-23,101300,102900,101300,102800,597793,39.95
2025-09-24,102900,103600,102500,103000,680285,39.98
2025-09-25,103000,103000,101400,102000,775758,39.95
2025-09-26,101200,101300,100200,100200,700206,39.94
2025-09-29,100600,101200,100000,100700,639908,39.9
2025-09-30,100200,101800,100200,100700,885167,39.89
2025-10-01,100500,101500,100200,100600,580310,39.86
2025-10-02,100700,105000,100700,104200,1580346,40.05
2025-10-10,101100,102500,100600,100600,1354370,39.89
2025-10-13,100900,101700,100100,101100,564201,39.91
2025-10-14,100600,103900,100500,102500,971824,39.93
2025-10-15,102100,103800,101800,103800,598957,39.97
2025-10-16,109300,112100,108200,111300,2290270,40.03
2025-10-17,110800,113400,110100,112100,1054766,40.04
2025-10-20,117000,118000,111200,114500,1188885,39.98
2025-10-21,115200,119800,115200,115800,1725109,39.88
2025-10-22,118400,118600,115300,118100,1259947,39.86
2025-10-23,116300,117500,114700,115000,1129493,39.87
2025-10-24,115900,116200,113700,114900,738758,39.85
2025-10-27,115400,117500,114800,114800,916818,39.84
2025-10-28,114100,114200,112800,113600,872146,39.84
2025-10-29,115300,116600,113100,115800,1165316,39.82
2025-10-30,126100,126200,116100,116200,2737130,39.69
2025-10-31,117000,122600,116000,119900,3039559,39.62
2025-11-03,120700,121100,117500,117700,1371107,39.54
2025-11-04,116600,119000,113500,114400,1179087,39.56
2025-11-05,114400,114600,109400,111000,1290707,39.55
2025-11-06,112500,113200,110250,112000,865031,39.53
2025-11-07,110200,111600,108900,110100,536664,39.52
2025-11-10,111500,114800,111400,113700,699593,39.51
2025-11-11,114100,116000,113800,116000,959520,39.58
2025-11-12,115700,119900,115300,118600,1238570,39.67
2025-11-13,117200,118700,116700,118000,783292,39.66
2025-11-14,116500,119500,115800,117000,667473,39.68
2025-11-17,118100,118900,116800,117400,619912,39.68
2025-11-18,116300,117300,114500,114500,514941,39.69
2025-11-19,115700,116400,114100,114500,615044,39.68
2025-11-20,115400,116200,113400,113400,651240,39.66
2025-11-21,111900,114700,111500,114000,680023,39.68
2025-11-24,114900,115000,111100,111100,1566600,39.62
2025-11-25,112200,113200,111000,111200,632037,39.64
2025-11-26,113200,113200,111600,113200,527546,39.65
2025-11-27,113000,114000,112800,114000,477958,39.96
2025-11-28,114000,115300,112900,114100,609629,39.93
2025-12-01,113900,114400,111000,112300,690993,39.87
2025-12-02,113200,117000,112900,117000,984373,39.95
2025-12-03,117300,119200,116500,118600,1066553,40.06
2025-12-04,119300,120900,117700,120300,1315070,40.05
2025-12-05,118700,123800,118200,123600,2075345,40.0
2025-12-08,125300,127250,123400,125600,1464750,40.08
2025-12-09,124600,126100,123300,123800,966759,40.13
2025-12-10,123800,124300,122000,123400,700984,40.12
2025-12-11,124600,126400,122500,122900,1030322,40.19
2025-12-12,123400,125800,123100,125800,684563,40.23
2025-12-15,124900,125300,123600,124000,654771,40.28
2025-12-16,124300,125400,120200,120800,971830,40.26
2025-12-17,121900,121900,120200,121500,811670,40.28
2025-12-18,119800,121200,119100,120400,658756,40.31
2025-12-19,121200,121900,118200,121000,1103568,40.33
2025-12-22,121700,121800,119500,121100,532952,40.32
2025-12-23,121400,121900,119800,120200,398278,40.31
2025-12-24,120300,122500,120000,121000,423315,40.31
2025-12-26,121300,121700,119100,119800,425261,40.3
2025-12-29,118600,121200,118300,121100,425379,40.32
2025-12-30,119800,121800,119500,121800,435122,40.35
2026-01-02,121100,122200,119500,120600,645645,40.33
2026-01-05,121000,123200,120700,122600,858385,40.42
2026-01-06,124500,125800,121700,122500,1302137,40.4
2026-01-07,121400,130500,121300,129300,3038127,40.49
2026-01-08,131000,131100,123600,124900,1693240,40.42
2026-01-09,126400,133600,125300,133200,1738639,40.53
2026-01-12,136000,137500,127900,129300,1768796,40.41
2026-01-13,130700,136200,129500,136000,2944545,40.42
2026-01-14,139600,146300,137200,143000,2992169,40.49
2026-01-15,142800,152500,141400,152500,3375671,40.65
2026-01-16,158000,159500,149700,151100,2624747,40.69
2026-01-19,151800,170700,151300,169500,4040319,40.72
2026-01-20,174000,177000,161800,163900,3225052,40.54
2026-01-21,160100,174800,160000,172100,4144416,40.44
2026-01-22,172900,175700,163600,164600,3390188,40.34
2026-01-23,162200,165550,157300,159000,2594922,40.27
2026-01-26,156800,158600,154100,155200,1425292,40.32
2026-01-27,149300,153800,145900,153500,1856834,40.27
2026-01-28,155100,156000,149100,149700,1756119,40.13
2026-01-29,154000,156500,149700,154900,2518535,40.07
2026-01-30,153400,156000,151300,152600,1571584,40.02
2026-02-02,151600,156800,148200,150100,1396470,40.05
2026-02-03,150100,154000,148800,154000,1341474,39.98
2026-02-04,155100,158000,154000,156800,1387022,39.98
2026-02-05,156700,161250,154800,156200,1589252,40.04
2026-02-06,154600,154900,149000,151900,1269545,40.04
2026-02-09,153700,155000,152200,153800,1370996,39.96
2026-02-10,155800,158600,154600,154700,1011933,39.97
2026-02-11,156400,162000,154700,161800,1622428,40.08
2026-02-12,163200,166300,160700,166300,1804086,40.16
2026-02-13,164900,166000,163200,164100,972962,40.17
2026-02-19,169000,171500,164000,170000,1357727,40.3
2026-02-20,170100,172700,168700,171800,1074310,40.3
2026-02-23,174900,176800,171500,172700,1158150,40.31
2026-02-24,171200,174500,169300,174000,1213901,40.31
2026-02-25,175700,199900,175500,196100,3876333,40.41
2026-02-26,197400,208000,194100,206000,1991104,40.4
2026-02-27,199600,212500,197100,205500,2945241,40.21
2026-03-03,185000,195700,180000,182300,3431157,40.02
2026-03-04,167600,176900,155000,156700,2941762,40.14
2026-03-05,171600,172600,163400,166400,2697408,40.01
2026-03-06,161100,169600,161000,167000,1667956,39.95
2026-03-09,152100,155000,150100,153400,1846031,39.89
2026-03-10,160200,163000,157000,161000,1765368,39.78
2026-03-11,169000,170400,160500,162000,1171357,39.68
2026-03-12,161500,167000,161300,167000,1348612,39.59
2026-03-13,161400,166200,158700,164300,1614149,39.47
2026-03-16,162800,165200,161800,162000,1055451,39.38
2026-03-17,167000,170900,167000,167300,1068349,39.3
2026-03-18,171100,176300,170600,175100,1186749,39.24
2026-03-19,171000,173900,170200,170500,904634,39.13
2026-03-20,172100,172500,168500,168500,2000787,38.95
2026-03-23,162100,163900,159200,161700,1347768,38.88
2026-03-24,164000,164200,154500,157900,1544213,38.74
2026-03-25,160600,163300,157900,157900,1032979,38.69
2026-03-26,156500,158000,154300,154700,836063,38.7
2026-03-27,150800,156300,149400,155800,832198,38.72
2026-03-30,147400,151900,145400,151500,976319,38.72
2026-03-31,145100,151800,143800,145200,1442003,38.69
2026-04-01,152900,157000,150100,155300,1056596,38.65
2026-04-02,157900,160300,148600,150600,1122509,38.7
2026-04-03,153000,156100,149700,150200,508389,38.72
2026-04-06,151000,154100,150200,151600,613147,38.74
2026-04-07,152200,153400,149100,150800,719002,38.76
2026-04-08,158200,160000,155300,159200,1136144,38.7
2026-04-09,159300,163200,149100,150500,1896387,38.78
2026-04-10,154000,154700,149000,149000,1787395,38.56
2026-04-13,147400,148700,145700,147400,976438,38.54
2026-04-14,149800,151700,149100,149200,924805,38.5
2026-04-15,152000,154600,150800,151500,1100822,38.49
2026-04-16,154600,158900,154600,157900,1405390,38.5
2026-04-17,159800,159900,156800,159200,866411,38.5
2026-04-20,158500,160300,156600,157400,602294,38.49
2026-04-21,158200,160500,157700,160000,758081,38.5
2026-04-22,160000,160100,157700,160000,770589,38.52
2026-04-23,164700,164800,157000,158400,1112754,38.53
2026-04-24,157700,157700,153400,153400,1088654,38.49
2026-04-27,153800,154700,152100,152600,1418466,38.33
2026-04-28,152900,159200,152300,155600,1572801,38.36
2026-04-29,157300,157400,154000,156900,726697,38.37
2026-04-30,155400,157400,151700,151800,1187225,38.24
2026-05-04,156300,156500,153600,154000,779973,38.29
2026-05-06,154300,158800,154000,154600,1124784,38.31
2026-05-07,159000,161900,156300,157600,1567931,38.32
2026-05-08,159800,170300,156400,164500,3759583,38.37
2026-05-11,170400,178800,166500,174700,2981237,38.57
2026-05-12,175700,180400,162500,168300,2971261,38.38
2026-05-13,166500,179500,163800,179500,2667366,38.48
2026-05-14,182100,183000,173600,178100,2320304,38.39
2026-05-15,178200,184200,164900,168000,2839184,38.35
2026-05-18,168800,170700,158600,162500,1367438,38.32
2026-05-19,161700,162600,152100,154900,1578129,38.19
2026-05-20,153600,154900,147700,149400,1918825,38.06
2026-05-21,154500,169300,153700,167900,1633956,38.13
2026-05-22,169500,169800,162400,164800,900343,38.08
2026-05-26,168400,170500,165500,167000,887765,38.12
2026-05-27,167300,169000,162500,164700,1295315,38.21
2026-05-28,172900,173000,159500,164300,1409381,38.27
2026-05-29,165500,172500,164100,169200,2545048,38.3
2026-06-01,170500,174600,167600,169900,1733940,38.3
2026-06-02,171300,172700,163900,168800,1440263,38.33
2026-06-04,166000,168000,162000,164300,1477518,38.3
2026-06-05,162900,163000,154600,161100,1077583,38.3
2026-06-08,149900,154700,149800,151400,1305489,38.32
2026-06-09,155900,167300,154500,164300,2331570,38.53
2026-06-10,162000,164800,154500,159700,1920797,38.5
2026-06-11,154300,156000,150300,156000,1634502,38.48
2026-06-12,162800,168900,160800,166800,2416481,38.52
2026-06-15,169200,172900,167100,167500,1297572,38.59
2026-06-16,171700,171900,166200,170200,1130432,38.74
2026-06-17,169200,169400,165800,166300,585295,38.76
2026-06-18,165500,167000,158500,158800,1058777,38.77
2026-06-19,159000,162400,153700,154900,1605584,38.75
2026-06-22,154500,155700,151100,151400,735085,38.75
2026-06-23,150300,151400,137300,137400,1317728,38.67
2026-06-24,139300,141400,136300,138900,1133812,38.67
2026-06-25,142000,144200,138300,139500,1040861,38.71
2026-06-26,138200,139000,130000,135300,1133840,38.74
2026-06-29,135400,142400,132100,140600,786609,38.76
2026-06-30,143400,143500,136200,138000,979109,38.72
