date,open,high,low,close,volume,foreign_ownership_ratio
2016-07-01,31800,32700,31600,32150,5289586,48.76
2016-07-04,32250,32900,32050,32750,3192033,48.95
2016-07-05,32650,32650,31850,31850,2577231,48.98
2016-07-06,31100,31350,30300,30600,6314347,48.95
2016-07-07,30750,31350,30600,30650,2715183,48.92
2016-07-08,30700,31250,30550,31050,2424460,48.96
2016-07-11,31750,32300,31650,32000,3938161,49.04
2016-07-12,32250,32300,31550,32000,2523664,49.06
2016-07-13,32700,32950,32450,32650,3779418,49.28
2016-07-14,32500,33300,32450,33050,3145494,49.4
2016-07-15,33300,33500,32650,32700,2580255,49.5
2016-07-18,32900,33100,32500,32750,1515167,49.56
2016-07-19,32900,33000,31950,32450,2340759,49.63
2016-07-20,32300,32400,31850,32100,1775583,49.66
2016-07-21,32400,32800,32100,32150,1879147,49.69
2016-07-22,32150,32150,31200,32000,2442893,49.73
2016-07-25,32300,32650,32150,32500,2147590,49.77
2016-07-26,32400,32400,31100,32050,5028045,49.76
2016-07-27,32600,33450,32550,33450,4762165,50.04
2016-07-28,33150,33550,33000,33550,3586965,50.12
2016-07-29,33550,34400,33450,34400,4660512,50.31
2016-08-01,34700,35300,34600,34850,3274413,50.43
2016-08-02,34600,34700,33650,33750,2123735,50.41
2016-08-03,33300,34400,33000,33550,2698841,50.4
2016-08-04,33950,34200,33350,33650,1477680,50.37
2016-08-05,34300,34900,33950,34800,2830058,50.44
2016-08-08,35150,35250,34400,34950,2157854,50.46
2016-08-09,34850,35200,34450,35050,2112078,50.52
2016-08-10,34900,35000,33650,33800,3193311,50.49
2016-08-11,33700,34800,33450,34800,2980478,50.58
2016-08-12,34450,35100,34200,34350,2437735,50.61
2016-08-16,34950,34950,33700,33700,2883043,50.59
2016-08-17,33750,33900,32900,33550,2083372,50.6
2016-08-18,33550,34250,33550,34150,1855081,50.67
2016-08-19,34400,35400,34200,35400,4683750,50.91
2016-08-22,35500,36050,35250,36000,4149396,51.12
2016-08-23,36250,36300,35550,35600,3014421,51.17
2016-08-24,35900,35950,35300,35750,1689924,51.23
2016-08-25,35100,35750,34900,35700,1568516,51.26
2016-08-26,35850,36350,35750,36250,2635343,51.38
2016-08-29,35350,36400,35300,36250,2782441,51.48
2016-08-30,36800,36950,35550,36300,2766460,51.52
2016-08-31,36400,36450,35750,36450,2832970,51.6
2016-09-01,36400,36400,35700,36100,1713669,51.6
2016-09-02,36100,36700,35950,36650,1828390,51.68
2016-09-05,36900,37500,36850,37500,2337575,51.74
2016-09-06,37750,38000,37350,38000,2123160,51.84
2016-09-07,38200,38800,37900,37900,3786844,51.77
2016-09-08,37900,38700,37900,38700,3698781,51.77
2016-09-09,38550,39000,38350,38950,2748415,51.79
2016-09-12,37500,38300,37000,37000,4885896,51.63
2016-09-13,37600,38300,37500,37800,3928646,51.66
2016-09-19,38700,39450,38250,39200,5283684,51.66
2016-09-20,39200,39450,38750,39250,2594490,51.67
2016-09-21,39000,39150,38650,39150,1731450,51.66
2016-09-22,39800,39800,39150,39400,3214630,51.7
2016-09-23,39550,39650,39050,39350,2095120,51.68
2016-09-26,39350,39500,38800,39500,1669862,51.67
2016-09-27,39400,41150,39150,41150,4001505,51.81
2016-09-28,41300,42000,40950,41200,4189804,51.85
2016-09-29,40600,40750,40150,40200,3976705,51.72
2016-09-30,39750,40950,39600,40200,3764773,51.69
2016-10-04,41500,41800,41000,41800,3639803,51.74
2016-10-05,42150,42950,41200,42600,4387312,51.86
2016-10-06,43100,43150,42400,42550,2815496,51.83
2016-10-07,42700,42700,41900,42200,2637734,51.84
2016-10-10,42200,42500,41200,41300,2916252,51.76
2016-10-11,41300,42000,41100,41300,2810503,51.68
2016-10-12,41000,41900,41000,41250,3521492,51.65
2016-10-13,41450,41700,40950,40950,3638071,51.76
2016-10-14,41300,41900,41200,41550,2708972,51.76
2016-10-17,41750,42300,41400,42300,2314725,51.86
2016-10-18,42200,42300,41300,41650,2559222,51.78
2016-10-19,41150,41450,39850,40050,5033246,51.7
2016-10-20,40250,40300,38850,40050,5423960,51.67
2016-10-21,39500,41000,39500,40950,2436212,51.75
2016-10-24,41000,41150,39850,40150,2211109,51.71
2016-10-25,40350,41650,40200,41050,4469224,51.74
2016-10-26,41300,42900,41300,42900,6364037,51.88
2016-10-27,42900,43600,42600,43000,4814197,51.92
2016-10-28,42700,42950,42100,42450,2251179,51.87
2016-10-31,42500,42900,41000,41000,3297943,51.75
2016-11-01,41700,42350,41600,42000,3173446,51.76
2016-11-02,41250,41400,40450,41000,2822651,51.7
2016-11-03,40900,41700,40700,41150,2580396,51.69
2016-11-04,41150,41400,40850,41200,2600930,51.69
2016-11-07,41800,42050,41200,41500,2033220,51.67
2016-11-08,42100,42150,41250,41500,1882987,51.59
2016-11-09,41650,41750,38700,39650,5779291,51.4
2016-11-10,41000,41050,40500,41000,2520434,51.41
2016-11-11,40000,40450,39550,39850,2962651,51.37
2016-11-14,40000,40450,39700,39700,1589911,51.34
2016-11-15,39700,40400,39500,39700,2030086,51.36
2016-11-16,40450,41000,40250,40850,2101878,51.42
2016-11-17,41500,41900,41200,41900,2383464,51.55
2016-11-18,42300,42400,41700,42000,3331134,51.52
2016-11-21,41800,41900,40650,40750,1883627,51.46
2016-11-22,41250,42800,41200,42700,3306186,51.5
2016-11-23,43000,43900,42550,43050,4047443,51.62
2016-11-24,43350,43850,42500,42650,1789745,51.56
2016-11-25,43050,43300,42250,42600,1328958,51.51
2016-11-28,42400,43250,42100,42600,1513215,51.51
2016-11-29,42400,43100,41800,42400,1777480,51.48
2016-11-30,42900,43800,42650,42900,4325524,51.44
2016-12-01,43000,44400,43000,44200,3491185,51.5
2016-12-02,43350,44500,43300,44400,4244113,51.49
2016-12-05,44050,44600,43800,44400,1703219,51.48
2016-12-06,44700,45500,44600,45200,3099065,51.49
2016-12-07,45750,45800,45200,45250,1984369,51.49
2016-12-08,46200,46650,46100,46250,3313157,51.53
2016-12-09,46450,46750,45450,45500,3003326,51.42
2016-12-12,45750,45850,44850,45300,1440589,51.44
2016-12-13,44700,45700,44700,44950,1822952,51.44
2016-12-14,45350,46100,45350,45850,2010708,51.49
2016-12-15,45850,46050,45000,45600,1828843,51.41
2016-12-16,45800,46450,45700,46400,2100809,51.45
2016-12-19,46250,46300,45050,45150,1997194,51.38
2016-12-20,45400,45550,44950,45150,1110753,51.38
2016-12-21,45500,45750,45000,45000,1662010,51.35
2016-12-22,46000,46650,45150,45500,4045912,51.36
2016-12-23,46200,46400,45950,46300,2982024,51.43
2016-12-26,46200,46600,45250,45650,1603230,51.37
2016-12-27,45550,45950,45400,45650,1175619,51.36
2016-12-28,45350,45750,45100,45350,1296254,51.38
2016-12-29,45150,45200,44600,44700,1808856,51.32
2017-01-02,44750,46000,44600,45800,1547681,51.33
2017-01-03,46200,47300,46200,47250,2655477,51.39
2017-01-04,47000,47150,46200,46500,2722599,51.3
2017-01-05,47000,47500,46850,46950,2377163,51.36
2017-01-06,47700,48450,47600,48000,3166843,51.32
2017-01-09,48500,49750,48200,49550,3871999,51.32
2017-01-10,49850,50200,49200,49750,2561968,51.28
2017-01-11,50000,51900,50000,51600,4360058,51.33
2017-01-12,51600,51600,50400,50600,5060622,51.04
2017-01-13,49850,50700,49850,50300,4219771,50.94
2017-01-16,50100,50300,48800,49300,4974924,50.84
2017-01-17,49300,50200,49250,49300,2309955,50.8
2017-01-18,48950,49400,48300,48850,2974091,50.76
2017-01-19,49550,50100,49100,49600,2332268,50.78
2017-01-20,49700,50100,49150,49150,1943195,50.75
2017-01-23,49950,51000,49900,50800,4148659,50.76
2017-01-24,51300,52000,51100,51600,3449130,50.75
2017-01-25,52200,52500,51600,51700,2715809,50.77
2017-01-26,52500,53500,52400,53300,4517114,50.9
2017-01-31,53300,54500,52700,53700,4118790,50.86
2017-02-01,54300,54900,53700,54000,2813046,50.83
2017-02-02,53500,54000,52700,52800,3486140,50.81
2017-02-03,52500,53700,51800,53700,3718619,50.78
2017-02-06,54200,54400,53300,53700,1897002,50.79
2017-02-07,53800,54500,53100,53300,2405891,50.76
2017-02-08,53700,54600,52400,54600,3552260,50.77
2017-02-09,53100,53700,52500,52700,6547266,50.51
2017-02-10,52000,52200,50000,50000,9120878,50.23
2017-02-13,49550,51000,49500,50700,4124290,50.26
2017-02-14,51100,51600,48100,48450,8593878,50.33
2017-02-15,48300,48700,47550,47900,8725221,50.02
2017-02-16,48350,49600,48200,49600,4840918,50.1
2017-02-17,50400,51100,50200,50400,4927937,50.13
2017-02-20,50900,51000,49600,49900,2265276,50.14
2017-02-21,49950,51000,49350,50900,2227708,50.07
2017-02-22,51600,51700,50600,50600,2678429,50.09
2017-02-23,50000,50400,49050,50200,3374139,50.05
2017-02-24,49850,50000,47400,47500,7707747,49.89
2017-02-27,46850,47000,45650,46000,7604699,49.38
2017-02-28,46600,47600,46200,46700,5588155,49.42
2017-03-02,46850,47850,46800,47700,7093071,49.36
2017-03-03,47650,48250,46700,47100,3937032,49.27
2017-03-06,47600,49400,47550,49350,5045970,49.47
2017-03-07,49100,49300,48050,48800,3439908,49.4
2017-03-08,48800,49300,47900,48000,3728263,49.36
2017-03-09,48200,48850,48000,48000,2957372,49.47
2017-03-10,48100,49550,47500,49200,3849912,49.58
2017-03-13,49550,51100,49300,51000,4948062,49.77
2017-03-14,51800,51900,50300,50300,4024138,49.79
2017-03-15,49350,49500,48550,48800,4688787,49.76
2017-03-16,49350,49650,48500,49150,3458839,49.75
2017-03-17,48400,48400,46600,46750,8098258,49.66
2017-03-20,46950,47650,46550,47600,3929405,49.7
2017-03-21,47900,48250,47000,47550,3720816,49.73
2017-03-22,47000,48800,47000,48650,4157526,49.79
2017-03-23,48950,49300,48150,48450,2473925,49.79
2017-03-24,50000,50200,49300,49500,5174622,49.9
2017-03-27,50000,51100,49950,50700,5607032,50.19
2017-03-28,51200,51300,50000,50800,2862493,50.36
2017-03-29,51000,52200,50800,51300,4154277,50.49
2017-03-30,51100,51500,50200,50900,2204243,50.67
2017-03-31,50800,50800,49900,50500,2682196,50.7
2017-04-03,50800,51900,50700,51800,2361892,50.76
2017-04-04,52100,52200,50800,51000,2192884,50.8
2017-04-05,50600,51000,49950,50300,2758658,50.71
2017-04-06,50300,50500,49100,49400,2991825,50.57
2017-04-07,49450,49800,48700,49800,2645476,50.51
2017-04-10,49700,49750,48950,49000,1824895,50.46
2017-04-11,48550,49350,48400,48850,2384127,50.43
2017-04-12,48800,49200,48550,49000,1694663,50.41
2017-04-13,49100,50200,48650,49750,2367158,50.42
2017-04-14,49750,50700,49450,49800,2845128,50.47
2017-04-17,50200,50300,49100,49200,2002100,50.39
2017-04-18,49600,50400,49300,50200,1899560,50.42
2017-04-19,50300,50400,49850,49850,1587172,50.44
2017-04-20,49750,51700,49700,51400,3573280,50.58
2017-04-21,51800,52500,51300,52000,3834454,50.76
2017-04-24,52700,53200,52100,52400,3158545,50.81
2017-04-25,52800,52800,51300,52400,5312931,50.91
2017-04-26,53100,54200,53000,53700,5609007,51.1
2017-04-27,53800,53900,52700,53600,2743963,51.11
2017-04-28,53600,54700,53400,54000,3573387,51.14
2017-05-02,55300,55900,54800,55400,4347745,51.25
2017-05-04,55900,55900,55000,55900,2780438,51.32
2017-05-08,56000,57000,55700,56900,3818771,51.36
2017-05-10,57400,58100,55200,55600,4766870,51.33
2017-05-11,56000,56400,54800,56400,3509393,51.31
2017-05-12,56400,56400,55100,55300,2303244,51.27
2017-05-15,55300,56100,55300,55600,1542366,51.29
2017-05-16,56200,56800,55200,55300,2546047,51.25
2017-05-17,55400,55700,54400,54700,2485465,51.25
2017-05-18,53600,55700,53400,55700,3494997,51.28
2017-05-19,55100,55600,54200,54200,2860160,51.2
2017-05-22,54900,56000,54800,56000,2544180,51.27
2017-05-23,56400,56500,55000,55100,2410542,51.17
2017-05-24,55700,56500,55600,55800,2324952,51.27
2017-05-25,56400,56400,55400,55800,1996135,51.28
2017-05-26,56000,57100,56000,57100,3145737,51.37
2017-05-29,57700,58800,57100,57900,3294700,51.36
2017-05-30,58200,58400,56600,57400,2368225,51.3
2017-05-31,57400,57900,56500,57000,3314659,51.24
2017-06-01,56700,56900,56100,56400,2006611,51.24
2017-06-02,56900,57500,56400,57100,2481215,51.29
2017-06-05,57200,57200,55900,56100,2525078,51.26
2017-06-07,55900,56900,55400,56500,3040030,51.29
2017-06-08,56500,57000,56200,56700,3943311,51.3
2017-06-09,56700,58400,56500,58300,4799560,51.32
2017-06-12,57200,57900,56800,57500,2650404,51.25
2017-06-13,57700,58900,56900,58800,3431811,51.26
2017-06-14,59200,60000,58800,59300,4441904,51.21
2017-06-15,59300,61000,59300,60600,4549233,51.23
2017-06-16,61100,61600,59900,60500,3932203,51.1
2017-06-19,61300,63200,61300,62800,5315543,51.05
2017-06-20,64700,65400,63700,64000,6519471,50.93
2017-06-21,63300,66300,62900,64800,5650669,50.78
2017-06-22,66500,66500,64500,65000,4977159,50.78
2017-06-23,64500,65400,63500,65000,3189590,50.75
2017-06-26,65000,67500,65000,67500,3516630,50.77
2017-06-27,68200,69600,67000,69200,4951341,50.67
2017-06-28,68100,69200,66800,67200,5520578,50.49
2017-06-29,67900,68800,67100,68500,3702501,50.61
2017-06-30,67400,67800,67000,67400,3230282,50.52
2017-07-03,66500,66900,65500,66300,3763473,50.49
2017-07-04,65900,67100,65300,65800,2895782,50.39
2017-07-05,65600,68200,65300,68000,4557456,50.41
2017-07-06,69000,69400,67500,68100,4048922,50.38
2017-07-07,67600,68400,66100,66600,3242213,50.25
2017-07-10,67000,67500,65700,67300,2667048,50.25
2017-07-11,67400,69000,66900,69000,3187332,50.29
2017-07-12,68700,69500,68400,68900,3462150,50.23
2017-07-13,69500,71900,69200,70600,5432312,50.27
2017-07-14,71400,72200,70700,71100,2931832,50.18
2017-07-17,71800,71900,70200,71200,2804598,50.08
2017-07-18,70700,71800,70600,70800,2066194,50.04
2017-07-19,71200,71200,70000,71000,2009799,50.02
2017-07-20,71400,71700,70800,71300,1647153,50.02
2017-07-21,70800,71300,70300,71200,1599111,50.01
2017-07-24,71300,73000,71000,73000,3598173,50.02
2017-07-25,72900,73000,70100,70400,6028435,49.77
2017-07-26,69600,69900,66700,66800,9659618,49.44
2017-07-27,66800,69500,66800,68400,6177375,49.47
2017-07-28,67800,67900,64200,64600,8093780,49.29
2017-07-31,63700,66000,63700,66000,4769724,49.32
2017-08-01,65300,66500,64700,65500,3744523,49.33
2017-08-02,67900,68200,66600,68000,4161592,49.41
2017-08-03,67900,67900,65200,65500,4992104,49.35
2017-08-04,65100,66100,63200,64000,5938549,49.09
2017-08-07,64000,65000,63700,64100,3518575,49.03
2017-08-08,64900,66400,64800,66300,4372768,49.16
2017-08-09,65400,65400,64000,64200,4037319,49.02
2017-08-10,63700,64600,63200,64400,4474120,48.85
2017-08-11,62000,63000,61400,61400,6664578,48.55
2017-08-14,63000,65100,62300,65100,5239246,48.68
2017-08-16,67200,67300,65800,66100,4714899,48.7
2017-08-17,66800,67300,66100,66400,3709768,48.64
2017-08-18,64900,67300,64800,67000,3130891,48.68
2017-08-21,67300,67800,66600,67200,2570150,48.71
2017-08-22,67400,68200,67200,68200,2208365,48.73
2017-08-23,69000,69000,67600,68000,3072911,48.69
2017-08-24,68200,68700,67500,68100,2333347,48.71
2017-08-25,68300,68400,67600,68400,1862764,48.72
2017-08-28,68000,68100,67100,67900,1843458,48.72
2017-08-29,67300,67900,66400,67600,2967906,48.67
2017-08-30,68300,68900,68100,68500,2118742,48.7
2017-08-31,68900,69300,68200,68600,2054717,48.69
2017-09-01,69000,69200,67700,68700,2304425,48.72
2017-09-04,66600,68600,66600,68100,3234465,48.78
2017-09-05,68600,70100,67900,69900,4026248,48.8
2017-09-06,69900,71900,69700,71700,4476200,48.82
2017-09-07,71600,72800,71200,71400,3877849,48.84
2017-09-08,72000,72800,71500,72600,2868673,48.87
2017-09-11,73600,74200,73200,73800,3321612,48.81
2017-09-12,74800,74900,73500,74700,3676865,48.86
2017-09-13,75000,77400,74300,75700,5682708,48.89
2017-09-14,76300,76800,75700,76800,3366621,48.9
2017-09-15,76100,77500,76000,77200,2725277,48.88
2017-09-18,78200,80000,77700,79700,3638325,48.89
2017-09-19,80100,80500,78500,79200,3934389,48.76
2017-09-20,79300,81200,78400,80700,5268665,48.75
2017-09-21,81100,83400,80400,83100,6961713,48.77
2017-09-22,82900,84300,82000,83100,5970218,48.87
2017-09-25,83600,86300,83600,86300,4656285,48.88
2017-09-26,84100,85100,81000,82100,11035272,48.74
2017-09-27,83100,83800,81400,82400,5029200,48.65
2017-09-28,84500,85500,82500,83200,4817018,48.56
2017-09-29,83300,84300,82200,82900,3579139,48.55
2017-10-10,86300,90000,85300,88700,7956055,48.68
2017-10-11,89900,90300,88100,89100,5500820,48.57
2017-10-12,89200,89900,88100,88500,4313702,48.56
2017-10-13,88500,88500,85600,86100,6101810,48.51
2017-10-16,86100,87100,82800,84200,6985619,48.42
2017-10-17,85700,86600,83500,83500,6802500,48.25
2017-10-18,83200,83300,80000,80900,9070685,48.04
2017-10-19,79900,81800,79000,79000,7675978,47.9
2017-10-20,79800,82400,79600,81200,6911051,47.84
2017-10-23,82600,84700,82100,84700,5388391,47.92
2017-10-24,84000,84200,81600,81800,5236092,47.78
2017-10-25,82100,82600,80300,81700,3914170,47.85
2017-10-26,80000,82000,78500,78700,7528077,47.76
2017-10-27,78100,78700,76500,78400,8929263,47.49
2017-10-30,79600,81300,79100,79800,5883529,47.57
2017-10-31,80000,82700,79200,82200,6620890,47.69
2017-11-01,86000,86000,84000,85300,7067296,47.83
2017-11-02,85000,85100,83200,83400,4464960,47.83
2017-11-03,83400,84500,81900,84400,4050123,47.87
2017-11-06,83600,84100,83000,83500,3131468,47.94
2017-11-07,82800,83300,82200,82400,2993945,47.93
2017-11-08,82100,84400,81800,83200,3396387,48.0
2017-11-09,83200,83500,81600,82400,3748489,47.99
2017-11-10,81300,82800,81000,82000,2357772,48.0
2017-11-13,82000,83100,81800,82300,2955651,48.03
2017-11-14,83000,84500,82900,83400,3399976,48.05
2017-11-15,83800,84200,81900,82000,3207872,48.05
2017-11-16,82300,82800,81200,82500,3053355,48.06
2017-11-17,83300,84800,83000,83000,4339090,48.11
2017-11-20,83300,83300,81800,82100,2988991,48.13
2017-11-21,83200,85000,82800,85000,5540888,48.36
2017-11-22,86500,87700,86100,86800,4592670,48.46
2017-11-23,86200,86300,84500,84700,2840382,48.38
2017-11-24,84500,85400,83900,85100,2073899,48.38
2017-11-27,86000,86700,82000,83100,7105679,48.46
2017-11-28,82900,83600,81200,82600,4083144,48.49
2017-11-29,82900,83000,82100,82400,2418748,48.53
2017-11-30,77000,79600,76800,76800,11213748,48.21
2017-12-01,77200,78800,77100,77400,4340592,48.11
2017-12-04,77600,79200,76800,79100,4115752,48.15
2017-12-05,77600,79300,77100,77900,3736568,48.1
2017-12-06,78700,79500,77200,77500,3934238,48.03
2017-12-07,78300,78300,75600,76000,5166136,47.83
2017-12-08,77500,78900,76900,78700,3660716,47.89
2017-12-11,79000,79500,78000,78700,2493176,47.84
2017-12-12,79000,79000,77100,77800,3746347,47.76
2017-12-13,77400,77500,76200,76800,3485920,47.62
2017-12-14,77200,77600,76000,76000,5552560,47.68
2017-12-15,77100,77400,75600,75700,3374982,47.61
2017-12-18,76200,77300,75900,77200,3237589,47.6
2017-12-19,78400,80800,78200,80200,6782210,47.73
2017-12-20,80900,81600,79900,80100,4375810,47.75
2017-12-21,80200,80600,76900,77000,4831110,47.67
2017-12-22,76400,77400,76300,76700,3382954,47.64
2017-12-26,76600,76900,74000,74000,6253943,47.64
2017-12-27,75400,76400,74400,75100,4291492,47.55
2017-12-28,75400,76700,75200,76500,2825939,47.53
2018-01-02,77300,77300,76200,76600,2014838,47.55
2018-01-03,78100,78800,77300,77700,3097644,47.61
2018-01-04,78700,79700,77100,77100,3729328,47.66
2018-01-05,78400,79400,78300,79300,3395065,47.77
2018-01-08,79500,80000,77400,78200,2960495,47.78
2018-01-09,78300,78900,76300,76900,3343874,47.78
2018-01-10,76700,76700,72500,72900,9123901,47.48
2018-01-11,73200,73800,72000,72600,3777867,47.43
2018-01-12,73300,74500,72000,74400,5659087,47.52
2018-01-15,73700,74100,72500,72700,3541267,47.46
2018-01-16,72700,74700,72700,74400,4383229,47.48
2018-01-17,74400,75000,73700,74100,3256624,47.51
2018-01-18,75800,76800,74600,75200,6199800,47.6
2018-01-19,75300,75800,73000,73300,3898397,47.5
2018-01-22,72800,72800,70700,71100,5610463,47.48
2018-01-23,71800,72200,70900,71300,4671451,47.41
2018-01-24,71600,73200,71500,72400,3802939,47.4
2018-01-25,73400,76200,72300,75800,8758929,47.65
2018-01-26,76400,76400,74200,75500,4296170,47.62
2018-01-29,76500,77000,75000,75300,3618328,47.66
2018-01-30,74300,74600,73100,73100,5443314,47.6
2018-01-31,72200,74500,72200,73500,5800892,47.67
2018-02-01,74900,75200,74000,74400,2987816,47.75
2018-02-02,74500,74600,71800,72200,4343077,47.8
2018-02-05,70200,70900,69800,70200,4058439,47.74
2018-02-06,69100,71300,68200,70200,5679965,47.75
2018-02-07,73700,73800,70800,71100,6007913,47.91
2018-02-08,71900,74200,71600,73900,5586858,48.18
2018-02-09,72100,74200,72000,73400,5118112,48.23
2018-02-12,73700,74700,73400,74500,3317876,48.21
2018-02-13,75900,77800,75800,77700,7814367,48.57
2018-02-14,78400,79500,77000,77600,3943628,48.6
2018-02-19,78900,79000,76100,76500,3350577,48.61
2018-02-20,76400,76500,75200,75500,2507719,48.66
2018-02-21,75800,77200,75800,76900,2653870,48.7
2018-02-22,76100,77400,75700,75900,1879461,48.69
2018-02-23,76100,77600,76000,77300,2404473,48.76
2018-02-26,78300,78500,77200,77500,2327486,48.76
2018-02-27,78700,79200,78400,78700,3395415,48.84
2018-02-28,78600,79200,76600,76800,3102987,48.88
2018-03-02,76300,77800,75900,77400,2673152,48.96
2018-03-05,77500,78900,77100,78300,3415061,49.03
2018-03-06,80100,82500,80000,82400,7588369,49.29
2018-03-07,83600,83900,82400,82700,4992841,49.49
2018-03-08,83900,84300,81800,83500,4440076,49.58
2018-03-09,84400,85900,83100,83300,5159197,49.6
2018-03-12,84900,85600,84300,84900,2744795,49.68
2018-03-13,88000,90000,87600,90000,8775741,50.03
2018-03-14,89300,90900,89200,90700,5939290,50.07
2018-03-15,90300,90500,88600,89600,4106667,50.08
2018-03-16,88500,89900,87200,89800,5006430,50.12
2018-03-19,90200,91500,89500,89900,3743718,50.12
2018-03-20,88900,89700,88000,89600,3083666,50.11
2018-03-21,89600,90300,88000,88400,2942484,50.07
2018-03-22,88800,89300,88000,88600,2698169,50.09
2018-03-23,85100,86400,82800,83100,7310739,50.1
2018-03-26,82300,84000,81000,84000,6121334,50.01
2018-03-27,84700,84800,80100,81400,7184488,49.96
2018-03-28,79900,82200,79600,80300,4820673,50.07
2018-03-29,80800,81300,79600,80300,3618849,49.94
2018-03-30,81200,83300,81100,81300,3681673,49.87
2018-04-02,81700,82800,81100,81300,2342407,49.88
2018-04-03,80300,81800,78700,81800,3553815,49.8
2018-04-04,82500,83000,80000,80400,2964537,49.8
2018-04-05,82200,83200,81200,82900,3255356,49.77
2018-04-06,80000,80600,79300,80300,5693281,49.58
2018-04-09,80000,81200,79300,80600,3231256,49.56
2018-04-10,80000,80800,79200,80400,2924054,49.59
2018-04-11,82400,82400,81000,81200,3053453,49.67
2018-04-12,81900,85100,81500,84000,5725102,49.84
2018-04-13,85000,85900,83900,84200,3032369,49.81
2018-04-16,84200,84700,83400,84000,1489091,49.78
2018-04-17,83900,84000,82300,82800,2501282,49.68
2018-04-18,84100,85400,83700,84600,3375376,49.72
2018-04-19,85800,88200,85300,87900,5901782,49.92
2018-04-20,85900,86300,84000,84400,4590640,49.77
2018-04-23,83400,85300,83300,84400,3002461,49.67
2018-04-24,83300,83400,80400,82100,6804182,49.6
2018-04-25,81600,83000,80900,82400,3845661,49.55
2018-04-26,83800,87100,83300,86500,7551747,49.76
2018-04-27,88500,88800,86800,87100,4961867,49.91
2018-04-30,85400,85700,84000,84500,4653153,49.99
2018-05-02,85900,86000,82900,83100,5444240,49.94
2018-05-03,83200,83900,82800,82900,2362792,49.95
2018-05-04,83500,84100,82600,83000,2696141,50.02
2018-05-08,84500,85300,83200,83500,2979605,50.06
2018-05-09,84300,84700,83100,83400,2284106,50.09
2018-05-10,85400,85800,84500,85800,3274963,50.15
2018-05-11,86600,86800,85400,86100,2107047,50.2
2018-05-14,86100,86300,84500,85400,1959236,50.19
2018-05-15,86000,86000,83900,84600,2239370,50.19
2018-05-16,85000,87000,84800,87000,3040180,50.35
2018-05-17,88400,88700,86000,86700,2864278,50.36
2018-05-18,87200,88000,85400,87900,2187789,50.4
2018-05-21,88400,89400,87400,89100,3262983,50.49
2018-05-23,91900,95500,91500,95300,10378915,50.91
2018-05-24,95300,95900,94600,94600,3220029,50.89
2018-05-25,94300,97700,93900,95200,4145819,50.84
2018-05-28,94600,95600,93700,94500,2505786,50.83
2018-05-29,94600,96100,93500,94800,2733549,50.75
2018-05-30,94800,95700,92800,95000,3808299,50.81
2018-05-31,94500,94700,92800,93400,5996671,50.67
2018-06-01,90800,92200,89600,91400,4790644,50.59
2018-06-04,91000,92400,89700,89800,3141036,50.52
2018-06-05,89800,91300,89800,91000,2758383,50.55
2018-06-07,92700,92700,90600,90900,2754947,50.54
2018-06-08,91000,91000,87600,88400,4579508,50.45
2018-06-11,88800,90200,88100,89200,2535933,50.51
2018-06-12,89900,90100,88200,88400,1876012,50.49
2018-06-14,88300,88300,86300,86300,4646948,50.53
2018-06-15,87400,87800,86100,87000,2945006,50.5
2018-06-18,86800,86900,82300,84000,4723914,50.39
2018-06-19,84100,86100,83700,84100,3824878,50.41
2018-06-20,85800,88100,85000,87800,4183210,50.48
2018-06-21,88900,89300,87500,88500,3274612,50.54
2018-06-22,87300,89500,86700,89500,2569978,50.58
2018-06-25,88800,88800,84600,84800,4420542,50.43
2018-06-26,82500,84800,82400,84300,5518522,50.33
2018-06-27,85700,86400,85200,85200,3798356,50.43
2018-06-28,83000,84000,82500,83500,3838303,50.37
2018-06-29,83500,85700,83400,85700,3003603,50.47
2018-07-02,85000,86000,83400,83700,2033542,50.59
2018-07-03,85000,86500,84500,86100,2817592,50.75
2018-07-04,87800,87800,84400,85000,2744382,50.74
2018-07-05,85000,87300,85000,86200,2059342,50.78
2018-07-06,86200,86200,83600,85300,3482186,50.65
2018-07-09,85300,87600,85300,87600,2127205,50.65
2018-07-10,88400,88600,86700,87300,2002682,50.65
2018-07-11,86500,87600,85900,86800,2037358,50.67
2018-07-12,86800,87000,85400,85600,3032951,50.64
2018-07-13,86500,90100,86500,88800,4535954,50.81
2018-07-16,88700,89300,87800,89300,1896459,50.86
2018-07-17,90100,90200,88500,88600,1570129,50.86
2018-07-18,89700,91000,89100,89300,1937496,50.87
2018-07-19,90400,91200,90300,90300,2383489,50.89
2018-07-20,89700,90000,87200,87900,3726334,50.67
2018-07-23,86300,86400,81200,81700,7076375,50.61
2018-07-24,82500,83800,81700,83600,4023740,50.7
2018-07-25,83400,84000,80200,80500,4154596,50.72
2018-07-26,81300,83800,78600,83100,6218102,50.8
2018-07-27,83700,86400,83100,86100,4943923,50.99
2018-07-30,86200,86400,85100,85900,2301941,51.1
2018-07-31,85200,86300,84500,86300,2804543,51.12
2018-08-01,85900,86400,85100,85600,2265008,51.06
2018-08-02,85000,85600,82900,83200,3373964,51.03
2018-08-03,84000,84100,83100,83300,1928574,51.01
2018-08-06,82200,82300,79300,79400,5910100,50.76
2018-08-07,80100,80800,79700,80700,3288142,50.74
2018-08-08,81500,81600,79400,79800,2804784,50.66
2018-08-09,80100,80300,77500,78000,5587662,50.43
2018-08-10,77200,77600,74600,75100,6785694,50.3
2018-08-13,74300,75700,74100,75400,3734794,50.21
2018-08-14,75900,76600,75500,75900,3206407,50.18
2018-08-16,73500,75400,72500,74700,5550888,50.04
2018-08-17,74400,75500,74100,74500,2647963,50.07
2018-08-20,74700,75400,74400,74700,2048829,49.94
2018-08-21,74800,78700,74400,78400,5663191,49.99
2018-08-22,79300,80900,78200,79800,5295710,49.98
2018-08-23,80300,81300,79300,81100,3272130,50.0
2018-08-24,80400,82200,79600,81800,3612709,49.97
2018-08-27,82100,83800,81600,83500,3070598,49.98
2018-08-28,84100,84300,81900,82400,4466308,50.06
2018-08-29,82500,83300,81600,82800,2330703,50.1
2018-08-30,82200,83500,81500,82700,2337573,50.08
2018-08-31,81800,83000,81800,83000,2303812,50.09
2018-09-03,82200,82800,80500,80600,2618619,50.03
2018-09-04,80600,81600,80200,81200,1903734,49.98
2018-09-05,80600,81000,79900,80000,2627619,49.9
2018-09-06,78300,78900,77400,78800,4516654,49.7
2018-09-07,74500,76200,74100,75900,8388278,49.12
2018-09-10,75900,77100,75500,76500,4167711,49.13
2018-09-11,76400,77800,76300,76600,3197796,49.15
2018-09-12,76200,76200,74700,75100,4330147,49.04
2018-09-13,74300,75200,73900,74500,5257563,48.93
2018-09-14,76100,77800,76000,77700,4124842,48.96
2018-09-17,78000,78200,76700,77200,2252063,48.96
2018-09-18,76600,78300,76100,78000,2450163,48.98
2018-09-19,79400,79700,78400,78800,2912259,49.03
2018-09-20,78600,79900,78000,79100,3392490,49.04
2018-09-21,77100,77500,76300,76700,5678068,48.82
2018-09-27,75900,75900,74700,75000,5841083,48.7
2018-09-28,75300,75900,73100,73100,5824873,48.48
2018-10-01,74300,74600,73200,73700,2970456,48.5
2018-10-02,73600,74000,71600,71700,4089558,48.39
2018-10-04,71700,72200,69800,70000,5778810,48.26
2018-10-05,69700,71100,69400,70300,5508014,48.31
2018-10-08,69500,71800,69400,71200,2856291,48.35
2018-10-10,70300,71100,69800,70300,4161114,48.25
2018-10-11,67600,70200,67500,69000,4936490,48.34
2018-10-12,69200,73200,69200,72400,4882184,48.55
2018-10-15,71600,71700,69900,70300,3727297,48.49
2018-10-16,70300,71000,69600,69700,2211661,48.44
2018-10-17,71400,71700,70300,70400,2653053,48.47
2018-10-18,69600,69900,68700,68700,2849229,48.45
2018-10-19,68100,70900,67800,70800,2688930,48.48
2018-10-22,69600,70900,69600,70000,2377240,48.45
2018-10-23,69600,70000,68600,69100,3175869,48.52
2018-10-24,69400,69600,65800,66700,5703361,48.53
2018-10-25,64700,66000,63200,64700,5859332,48.42
2018-10-26,65100,67100,62900,67000,6211406,48.43
2018-10-29,66600,67800,64800,66800,4252977,48.37
2018-10-30,66000,70900,65900,68200,6101533,48.32
2018-10-31,69300,70400,67600,68200,5038931,48.33
2018-11-01,68900,69600,67800,68300,3218076,48.39
2018-11-02,70600,72800,69100,72600,5334082,48.56
2018-11-05,72000,72100,70100,70500,3389386,48.44
2018-11-06,70500,70600,69100,70100,2624868,48.42
2018-11-07,70400,72300,70100,70800,3770119,48.46
2018-11-08,72900,73300,72600,72900,3930969,48.65
2018-11-09,72400,73600,71900,72900,3414946,48.76
2018-11-12,72200,74500,71800,74500,3328433,48.93
2018-11-13,72300,72500,69900,71900,4730929,48.82
2018-11-14,71400,72100,70200,70400,2783377,48.79
2018-11-15,70800,71800,70400,71800,1564647,48.79
2018-11-16,72600,72900,70000,70100,2894513,48.73
2018-11-19,69600,70500,68900,69800,2303677,48.75
2018-11-20,67000,68200,67000,67500,3325563,48.66
2018-11-21,66900,68300,66100,68100,3100596,48.59
2018-11-22,68100,69700,68000,69300,1966126,48.64
2018-11-23,69500,69700,68400,69300,1499166,48.65
2018-11-26,69200,71300,69000,70900,2361766,48.7
2018-11-27,71100,71200,69700,70800,2293763,48.58
2018-11-28,71000,72000,70700,71900,2441991,48.79
2018-11-29,73700,73700,71200,71500,3270078,48.81
2018-11-30,71500,71600,68800,69600,4167055,48.7
2018-12-03,71000,71100,69800,70500,2760290,48.77
2018-12-04,69900,70400,68400,69000,3222060,48.79
2018-12-05,67200,68800,67200,68200,3008950,48.78
2018-12-06,67800,68200,65700,66000,3902275,48.68
2018-12-07,66700,67400,66600,66800,2590733,48.73
2018-12-10,65900,65900,64700,65500,2206084,48.67
2018-12-11,66000,66600,64800,64900,2457332,48.65
2018-12-12,65000,66200,64900,66200,2901875,48.64
2018-12-13,66300,66400,64800,65500,4062323,48.59
2018-12-14,65200,65300,61200,61800,5617675,48.4
2018-12-17,61600,62500,61000,62200,2506287,48.42
2018-12-18,61000,61900,60800,61100,3098206,48.37
2018-12-19,60800,61000,59700,60300,3561783,48.31
2018-12-20,59300,59400,58100,58600,4889709,48.28
2018-12-21,58200,60500,58200,60000,3946994,48.25
2018-12-24,59600,60700,59200,60400,2101703,48.31
2018-12-26,59400,60800,59300,60100,2455060,48.27
2018-12-27,61600,61900,60600,61600,3047798,48.38
2018-12-28,61700,62300,60500,60500,1647462,48.37
2019-01-02,61300,61400,60000,60600,1934295,48.39
2019-01-03,60200,60300,57500,57700,3337621,48.37
2019-01-04,57500,58500,56700,58300,3388087,48.45
2019-01-07,59000,59700,58400,58700,2273750,48.43
2019-01-08,57900,60500,57600,59200,3062192,48.48
2019-01-09,59600,63800,59400,63600,4928656,48.66
2019-01-10,64100,65600,64000,65300,6034432,48.87
2019-01-11,65400,65900,64200,65100,2890639,48.92
2019-01-14,64300,65100,62000,62100,3282892,48.83
2019-01-15,62200,64000,62200,64000,2413868,48.85
2019-01-16,63800,64900,62700,64800,2478497,48.86
2019-01-17,65500,66200,64600,64900,2830122,48.91
2019-01-18,65000,65700,63900,64600,2263599,48.91
2019-01-21,65900,67400,65000,67000,3977425,49.04
2019-01-22,67900,68000,65700,66600,4047917,49.18
2019-01-23,65500,67200,64800,66800,2825017,49.17
2019-01-24,66900,70500,66900,70500,6914092,49.57
2019-01-25,71600,74800,71100,74600,7163871,49.9
2019-01-28,74700,74900,71200,71800,4972189,49.89
2019-01-29,71400,73800,71000,73400,3368642,49.88
2019-01-30,73500,76300,73000,75900,5304841,50.07
2019-01-31,76900,77100,73700,73900,4447535,50.06
2019-02-01,75400,76400,74700,75900,3349965,50.23
2019-02-07,77500,78200,76600,76700,4249110,50.36
2019-02-08,75200,75500,73000,73500,4012485,50.26
2019-02-11,73000,74100,72200,74100,3374192,50.31
2019-02-12,74100,76400,73900,75900,3526701,50.4
2019-02-13,77300,77600,76100,76200,2378193,50.41
2019-02-14,75800,77400,75100,77400,2313376,50.41
2019-02-15,76800,76900,73800,73800,4154616,50.33
2019-02-18,74300,75300,74000,74700,1772434,50.35
2019-02-19,74500,74800,73000,73700,1462071,50.34
2019-02-20,73700,76000,73600,75700,3134257,50.4
2019-02-21,75300,77200,74600,76700,2874589,50.51
2019-02-22,75600,76700,75300,76700,1882653,50.49
2019-02-25,77300,77600,74800,75400,2865712,50.42
2019-02-26,75000,75900,74100,75200,2483512,50.46
2019-02-27,75300,75700,73700,73700,2864044,50.36
2019-02-28,72500,72600,69900,70000,7869451,50.14
2019-03-04,70300,71400,69900,70100,4931703,50.21
2019-03-05,68300,70000,68300,69700,3465521,50.25
2019-03-06,68500,69600,67400,68100,4958303,50.1
2019-03-07,67200,68900,67100,68100,3402570,50.1
2019-03-08,67900,68200,66200,66700,3571792,50.03
2019-03-11,67000,67800,66200,66600,2869008,50.02
2019-03-12,67700,68600,67500,67700,2753535,50.06
2019-03-13,67700,67800,65900,66800,2851596,50.09
2019-03-14,67400,67400,66400,67300,3107100,50.18
2019-03-15,67400,68700,66700,68100,3645592,50.2
2019-03-18,69200,69300,67300,67800,2158588,50.18
2019-03-19,67300,68000,66600,68000,2285169,50.21
2019-03-20,68400,70600,67600,70500,3642962,50.23
2019-03-21,73500,76000,72600,75900,10030131,50.46
2019-03-22,78900,78900,75900,76100,5286455,50.59
2019-03-25,73700,74200,72600,72900,3752230,50.54
2019-03-26,72900,73300,71500,72700,2987678,50.54
2019-03-27,71800,74100,71200,73400,2744175,50.57
2019-03-28,72300,73600,71700,72300,2774932,50.64
2019-03-29,72900,74900,72700,74200,3214170,50.66
2019-04-01,75600,77100,75500,76600,3579070,50.73
2019-04-02,77900,78000,76100,76400,2719440,50.76
2019-04-03,76800,79900,76500,79900,4674142,50.97
2019-04-04,80400,81400,77800,78400,5436236,51.02
2019-04-05,78200,79300,77900,79000,2191720,51.06
2019-04-08,78900,79200,77600,77900,2663493,51.11
2019-04-09,77700,78700,77400,77800,2322860,51.06
2019-04-10,76700,78800,76200,78600,2689591,51.06
2019-04-11,79200,79500,78000,78400,2614388,51.06
2019-04-12,77400,78800,77400,78100,2317264,51.07
2019-04-15,79000,79900,78600,79700,2019931,51.11
2019-04-16,79900,80800,79100,80400,2206997,51.1
2019-04-17,81000,82300,80000,80200,2886956,51.13
2019-04-18,80800,81200,78500,79200,3295697,51.18
2019-04-19,80500,82400,80100,81800,3040186,51.38
2019-04-22,81500,81800,79900,80500,1887109,51.39
2019-04-23,81000,81800,80400,81000,1779318,51.41
2019-04-24,81500,81500,77500,78500,5318487,51.41
2019-04-25,78400,81500,78100,80200,5586360,51.52
2019-04-26,78500,79900,77600,78600,5183181,51.46
2019-04-29,78700,80100,78200,80000,2987384,51.46
2019-04-30,79400,80700,78100,79000,2960242,51.42
2019-05-02,79700,81200,79100,80700,3092434,51.49
2019-05-03,81100,81300,80300,80400,2481811,51.55
2019-05-07,79200,80400,78700,79900,2700371,51.56
2019-05-08,78700,80500,78000,80300,2731620,51.57
2019-05-09,79600,79700,75200,76000,5939278,51.49
2019-05-10,76100,76700,73400,74400,5702537,51.3
2019-05-13,73900,75000,72800,73500,3062929,51.25
2019-05-14,72200,75100,71600,74600,3712697,51.31
2019-05-15,74800,75100,73900,74500,2056131,51.3
2019-05-16,74400,75100,71600,71900,3467027,51.26
2019-05-17,72500,73300,71400,71600,2412668,51.25
2019-05-20,71800,72800,70700,70900,1970694,51.3
2019-05-21,70500,72200,69700,70300,3893536,51.27
2019-05-22,71300,71300,68500,68900,3128787,51.18
2019-05-23,68400,69100,67300,68000,3108370,51.14
2019-05-24,67300,68600,67000,67600,3339145,51.07
2019-05-27,67900,68200,66400,66900,2214176,51.05
2019-05-28,67200,68300,65900,65900,12052399,50.6
2019-05-29,65600,66700,64900,66100,6056903,50.69
2019-05-30,66300,66900,65800,65900,3023108,50.36
2019-05-31,65900,66900,64700,65300,3191350,50.58
2019-06-03,65200,67200,64200,66600,4020572,50.6
2019-06-04,66500,66700,65100,65100,2892681,50.48
2019-06-05,66900,67600,64900,65100,4832796,50.39
2019-06-07,65200,66000,64600,65400,2355869,50.28
2019-06-10,66100,67000,65800,66800,3091757,50.31
2019-06-11,66900,67800,66700,67200,2429182,50.29
2019-06-12,66800,67100,65700,65700,2437640,50.23
2019-06-13,64900,65100,63300,63500,5947811,49.99
2019-06-14,63200,64000,62600,63100,3686472,50.0
2019-06-17,62800,63800,62400,63700,2435039,50.04
2019-06-18,63800,64200,63300,63400,1549497,50.02
2019-06-19,65800,67300,65200,67200,6230370,50.2
2019-06-20,67200,67400,66200,67300,2773637,50.19
2019-06-21,67100,67300,65900,65900,2403002,50.19
2019-06-24,65900,67400,65600,66900,2164462,50.22
2019-06-25,66700,67400,66300,66700,1873766,50.2
2019-06-26,68300,69600,67900,68900,5024201,50.44
2019-06-27,70100,71600,69700,70200,5361201,50.48
2019-06-28,70900,70900,68400,69500,3117569,50.52
2019-07-01,71000,71000,69700,70000,3538183,50.55
2019-07-02,69700,71700,69100,71400,2495399,50.69
2019-07-03,71100,71700,69000,69100,2790684,50.67
2019-07-04,69600,70700,69300,70200,1503707,50.7
2019-07-05,70300,71000,68400,68400,2043271,50.64
2019-07-08,66400,68000,66200,67400,2202260,50.69
2019-07-09,68400,70500,67900,69800,2912514,50.72
2019-07-10,71500,73400,71000,72900,4346179,50.87
2019-07-11,74000,75500,74000,75500,5111929,51.03
2019-07-12,75600,75800,74400,74700,2638271,51.05
2019-07-15,74500,76500,74400,76200,2122090,51.07
2019-07-16,74800,76500,74800,76100,2450278,51.07
2019-07-17,74600,75200,74000,74600,2805672,51.08
2019-07-18,74300,75200,73900,74700,1902110,51.07
2019-07-19,75900,77000,75600,76800,2635348,51.02
2019-07-22,77800,79200,77000,78400,3213786,51.1
2019-07-23,79700,80700,78200,78800,4814941,51.35
2019-07-24,78800,80200,77100,77600,3562342,51.42
2019-07-25,79700,80400,77700,79200,3963383,51.48
2019-07-26,78100,80300,78000,79800,3095260,51.59
2019-07-29,79000,79400,76500,77000,2616782,51.65
2019-07-30,78200,80000,77700,78900,2371300,51.75
2019-07-31,78000,79100,75300,76900,3712241,51.8
2019-08-01,75300,78700,75300,77700,3397831,51.82
2019-08-02,75400,76800,74900,76100,4845952,51.63
2019-08-05,75500,76000,74900,75400,2889902,51.65
2019-08-06,73100,73900,71900,72000,5008247,51.49
2019-08-07,72000,74300,72000,73300,2692841,51.5
2019-08-08,73600,74500,72000,72300,2943206,51.51
2019-08-09,73200,74100,72300,73300,2100380,51.54
2019-08-12,73700,75000,73500,74500,1254926,51.58
2019-08-13,74000,75100,73700,74500,1304708,51.63
2019-08-14,77200,77900,76200,76900,2561643,51.65
2019-08-16,75800,76400,75100,76400,2015785,51.63
2019-08-19,77300,77500,74800,75100,1591728,51.6
2019-08-20,75500,76600,75100,76400,1694275,51.59
2019-08-21,75900,76900,75500,75800,1898789,51.57
2019-08-22,75300,76000,73800,73800,2309550,51.56
2019-08-23,73500,75200,73400,74400,1695532,51.56
2019-08-26,72600,73000,71500,71800,2645491,51.54
2019-08-27,72500,73700,72500,73000,2512610,51.57
2019-08-28,73500,73700,72500,73300,1380522,51.58
2019-08-29,73500,74100,72000,73300,2050860,51.6
2019-08-30,74600,78000,74600,77400,3839246,51.74
2019-09-02,77000,78200,76500,77600,1431352,51.75
2019-09-03,77200,77600,76300,77000,1611563,51.74
2019-09-04,77400,80000,77300,80000,2723541,51.8
2019-09-05,81400,83000,81200,83000,4068631,51.93
2019-09-06,84000,84000,81500,81900,2418057,51.93
2019-09-09,83100,84600,82500,84300,2642174,52.07
2019-09-10,84200,84200,82700,83100,1761883,52.04
2019-09-11,83400,84300,81300,82600,3650902,51.94
2019-09-16,81000,81000,79000,79500,5174391,51.63
2019-09-17,80000,80400,79100,79400,2538780,51.59
2019-09-18,80100,80600,79500,80200,2706678,51.55
2019-09-19,80600,82700,80300,82700,3612220,51.56
2019-09-20,82800,83400,82100,82200,2447172,51.56
2019-09-23,81900,83300,81900,82800,1413663,51.59
2019-09-24,82500,83500,81400,83400,1662830,51.56
2019-09-25,82200,82800,81500,81900,1644881,51.54
2019-09-26,83000,83500,82500,83300,1734941,51.57
2019-09-27,80200,81500,80100,81400,2625620,51.54
2019-09-30,80600,82900,80400,82200,2442478,51.63
2019-10-01,81800,82500,81700,82000,2370210,51.6
2019-10-02,81600,81600,79500,79500,2188097,51.54
2019-10-04,78900,81300,78900,80300,2430603,51.56
2019-10-07,80700,81700,79800,80300,1229105,51.52
2019-10-08,80400,81100,79400,80900,1816880,51.45
2019-10-10,78900,79600,78100,79000,4389324,51.27
2019-10-11,79800,80500,79400,80000,2186536,51.24
2019-10-14,82000,82300,80400,80500,1972409,51.19
2019-10-15,80700,81700,80500,81200,1518810,51.22
2019-10-16,82400,82700,81900,82400,2436269,51.26
2019-10-17,82000,82200,80600,81000,1713942,51.17
2019-10-18,81500,81700,77300,77400,13625664,50.81
2019-10-21,77800,78400,77100,77500,2096581,50.85
2019-10-22,78900,79300,78200,79100,3453958,50.78
2019-10-23,78500,78600,77700,77700,5373911,50.74
2019-10-24,79900,80100,78700,80000,3076100,50.85
2019-10-25,82400,82900,81500,82900,4229200,51.13
2019-10-28,83400,84000,82600,82900,1977758,51.12
2019-10-29,84000,84000,82900,83000,1645070,51.15
2019-10-30,83400,83400,81000,81500,1927042,51.09
2019-10-31,81900,83400,81600,82000,1978755,51.15
2019-11-01,82300,83200,81600,83100,1848046,51.18
2019-11-04,84000,84900,83800,84700,2182879,51.23
2019-11-05,85100,85400,84600,85100,1953720,51.27
2019-11-06,84800,85200,83500,83500,2127745,51.22
2019-11-07,83700,84300,82800,83600,1594558,51.22
2019-11-08,84600,84600,82000,82300,2074339,51.14
2019-11-11,82500,82500,80700,81300,2174477,51.08
2019-11-12,81900,83200,81300,83200,1555211,51.09
2019-11-13,83300,83600,82300,83400,1370289,51.14
2019-11-14,83200,83800,82900,83400,1517137,51.06
2019-11-15,84200,85200,83400,85200,2394138,51.1
2019-11-18,86000,86500,84700,85500,1827506,51.08
2019-11-19,85400,86000,84600,85300,2260299,51.12
2019-11-20,84400,85200,82600,82700,3315169,51.02
2019-11-21,81700,82500,80500,80900,3346746,50.87
2019-11-22,80900,82100,80700,81700,2089767,50.82
2019-11-25,82300,83300,81500,81700,2602474,50.71
2019-11-26,82000,84100,82000,82300,4521090,50.62
2019-11-27,82400,83200,82000,82700,1326621,50.61
2019-11-28,83100,83800,82500,82800,1413983,50.61
2019-11-29,82500,82800,80700,80900,2139440,50.52
2019-12-02,80900,81800,80500,80500,1945991,50.44
2019-12-03,78100,79300,77300,78700,11657151,50.19
2019-12-04,78000,78100,76800,77700,6164549,50.01
2019-12-05,79800,79900,78000,78800,3667358,50.02
2019-12-06,79300,80800,79100,80600,3054204,50.0
2019-12-09,81300,81800,80700,80700,2290088,49.98
2019-12-10,79800,80900,79400,80700,1831960,49.93
2019-12-11,80700,81000,80100,80600,2009331,49.88
2019-12-12,82000,83500,82000,83400,5247299,50.04
2019-12-13,87200,88200,85800,87900,5831965,50.36
2019-12-16,87200,89400,87000,88600,2652685,50.35
2019-12-17,91000,93800,90200,92800,5070618,50.44
2019-12-18,93400,94500,91800,93000,3434310,50.52
2019-12-19,95400,96400,93400,93600,4938375,50.71
2019-12-20,94100,95100,93700,95000,2791176,50.77
2019-12-23,95800,96200,94100,94600,1720279,50.74
2019-12-24,95000,95600,93800,93800,1464093,50.68
2019-12-26,94000,95100,93500,94800,1559839,50.52
2019-12-27,94800,97000,94200,96000,2229470,50.46
2019-12-30,95600,96300,94100,94100,1862634,50.34
2020-01-02,96000,96200,94100,94700,2342070,50.51
2020-01-03,96500,97900,94300,94500,3021380,50.51
2020-01-06,93000,95300,92800,94300,2577573,50.56
2020-01-07,94500,95400,94000,94000,2489429,50.53
2020-01-08,96400,99500,95200,97400,7014748,50.58
2020-01-09,98900,99000,97400,99000,3586413,50.54
2020-01-10,99100,99700,97900,98900,2867925,50.55
2020-01-13,99000,101000,98000,100500,2242008,50.57
2020-01-14,101500,103500,99900,100500,2913343,50.6
2020-01-15,99900,99900,98000,98200,2745625,50.61
2020-01-16,97400,99400,97400,99200,2824804,50.57
2020-01-17,100500,101500,98800,99000,2246394,50.59
2020-01-20,100000,101000,99600,99900,1781639,50.62
2020-01-21,100500,100500,99000,99300,1483291,50.67
2020-01-22,99000,101000,99000,101000,2257478,50.66
2020-01-23,101000,101000,98200,98700,2780104,50.54
2020-01-28,95500,96900,95000,96300,3630362,50.49
2020-01-29,96900,99000,96700,97900,2741459,50.61
2020-01-30,97800,97800,93800,94000,3223436,50.77
2020-01-31,94500,97500,93500,93500,4597139,50.74
2020-02-03,91800,95600,91500,94700,3725535,50.68
2020-02-04,94800,97500,94500,97100,3169743,50.52
2020-02-05,99300,99300,96900,97700,2911995,50.56
2020-02-06,98900,101000,98300,100500,2861441,50.68
2020-02-07,100000,100500,98400,99300,1827393,50.67
2020-02-10,98000,99200,97400,98800,1825648,50.66
2020-02-11,99900,100500,99000,99800,1820578,50.66
2020-02-12,100500,101000,99100,100000,2616573,50.63
2020-02-13,101000,103500,100500,102000,3519491,50.73
2020-02-14,101500,105000,101000,104500,1893163,50.73
2020-02-17,104500,106000,103500,105000,1190162,50.74
2020-02-18,104000,104500,101500,102000,2789667,50.75
2020-02-19,102500,103500,101000,103500,2315634,50.76
2020-02-20,104500,106000,102500,104000,3093782,50.88
2020-02-21,101500,103500,101000,103000,4064719,50.98
2020-02-24,100500,100500,98900,99500,5550758,50.99
2020-02-25,97800,99100,96400,98000,6594059,50.72
2020-02-26,95500,96100,94400,94600,6405409,50.52
2020-02-27,94700,95300,92200,92800,4644449,50.48
2020-02-28,91000,92200,87700,87900,8171939,50.26
2020-03-02,90000,93100,88300,92100,6382279,50.22
2020-03-03,95000,95100,92400,92800,5573006,50.14
2020-03-04,91300,95000,91300,94300,4984561,50.04
2020-03-05,95200,95900,93800,94900,4028776,50.02
2020-03-06,93300,94300,92000,92600,3281612,50.0
2020-03-09,89500,89700,86400,86900,6196552,49.73
2020-03-10,86900,89400,86600,89100,6579153,49.55
2020-03-11,88200,88500,85100,85500,5226251,49.49
2020-03-12,83800,84600,79600,82800,8191818,49.43
2020-03-13,76900,84700,76000,82500,8160758,49.39
2020-03-16,83700,84800,80400,80600,5097762,49.32
2020-03-17,77500,83100,77000,80400,7107436,49.34
2020-03-18,81600,82500,73000,73100,7949482,49.17
2020-03-19,75500,75800,65800,69000,11140367,49.21
2020-03-20,71800,76200,70100,74800,8750101,49.25
2020-03-23,69700,71600,68000,69400,8192363,49.18
2020-03-24,73000,78800,72100,78700,7247345,49.25
2020-03-25,82000,84700,79800,84500,8787217,49.31
2020-03-26,85000,87900,80400,80700,7895289,49.13
2020-03-27,85700,85700,80500,83300,8085695,49.45
2020-03-30,81000,84900,80000,83700,5270037,49.38
2020-03-31,84000,85500,82000,83300,5333479,49.47
2020-04-01,82100,83200,78400,78400,6845675,49.16
2020-04-02,78800,80000,76500,80000,5394371,49.16
2020-04-03,80000,80800,78500,79600,3755301,49.22
2020-04-06,81000,83300,80200,83100,5784159,49.21
2020-04-07,86600,86700,83700,85800,6188649,49.26
2020-04-08,85800,86500,84500,84500,3749575,49.27
2020-04-09,86200,86500,84500,85000,3555538,49.25
2020-04-10,84000,84400,83000,84100,3675338,49.23
2020-04-13,83200,83400,81100,81400,3615318,49.15
2020-04-14,82200,83700,81200,82300,3344109,49.14
2020-04-16,80600,82300,80600,81300,4470072,48.98
2020-04-17,83600,85900,83200,84100,6205624,48.96
2020-04-20,83900,83900,82000,82000,5027876,48.79
2020-04-21,80600,82200,80200,81300,5090721,48.4
2020-04-22,80600,83900,80000,83900,5335787,48.44
2020-04-23,85200,85200,82000,82600,6519481,48.41
2020-04-24,82000,82500,80800,81400,3193144,48.48
2020-04-27,81700,83200,81200,82600,3235430,48.6
2020-04-28,82500,83900,82400,83400,3205535,48.74
2020-04-29,83500,84800,82900,83700,3750568,48.78
2020-05-04,82900,82900,80800,81000,5280026,48.54
2020-05-06,82000,82500,80900,82400,3351424,48.5
2020-05-07,82400,83400,81800,82400,2660512,48.49
2020-05-08,83000,85500,83000,85000,5039635,48.7
2020-05-11,84500,85200,84100,84500,2800047,48.75
2020-05-12,84500,86500,83200,85700,3574409,48.8
2020-05-13,83500,84100,83000,83600,5371416,48.56
2020-05-14,82200,82500,80600,80600,6409652,48.19
2020-05-15,81500,82300,80700,81900,4168866,48.14
2020-05-18,80400,81800,79200,81100,5294177,48.16
2020-05-19,82400,83200,81700,82700,4620614,48.23
2020-05-20,81900,84200,81800,84100,3924403,48.44
2020-05-21,84900,84900,83200,83400,2678953,48.46
2020-05-22,83100,83300,81000,81300,3471700,48.33
2020-05-25,81500,81800,80500,81400,2850294,48.24
2020-05-26,80600,82100,80600,81900,3040122,48.21
2020-05-27,81100,82700,81000,81400,2946278,48.18
2020-05-28,84100,85400,82400,83900,9227823,48.3
2020-05-29,82600,82700,81300,81500,6815185,48.03
2020-06-01,82100,83700,82100,83600,4205357,48.06
2020-06-02,82700,83600,82700,83300,3114162,47.97
2020-06-03,83400,89200,83400,88700,11642239,48.1
2020-06-04,90000,91600,87100,87700,6678244,48.0
2020-06-05,88500,90800,87700,90400,4000557,48.05
2020-06-08,93000,93000,90600,91000,3789382,48.1
2020-06-09,91000,92000,89100,89800,3410081,48.04
2020-06-10,89800,91100,89400,90800,3045250,48.07
2020-06-11,89300,90300,87500,88500,5467344,48.15
2020-06-12,84500,85800,84500,85200,4742329,48.18
2020-06-15,84100,86500,82000,82000,4710114,48.15
2020-06-16,83400,85700,83300,85400,3518785,48.16
2020-06-17,84800,87400,83500,86800,4160612,48.17
2020-06-18,86100,86800,85400,86200,2484147,48.18
2020-06-19,86500,87000,84500,85400,3216102,48.19
2020-06-22,84400,85900,84300,84900,2167216,48.22
2020-06-23,85600,86200,83900,84100,2955819,48.23
2020-06-24,84200,87400,84000,86000,4079834,48.54
2020-06-25,84300,85600,84000,84300,3397112,48.62
2020-06-26,86000,86100,84500,84600,2889494,48.65
2020-06-29,84000,85300,83500,83600,2932433,48.6
2020-06-30,86200,87300,85000,85100,4983607,48.66
2020-07-01,86800,87300,84900,85300,2382552,48.67
2020-07-02,84800,85200,84000,84400,3295340,48.59
2020-07-03,85000,85600,84500,85400,2195897,48.63
2020-07-06,86000,87000,85800,86000,2561766,48.59
2020-07-07,87300,87300,84600,84800,3196352,48.63
2020-07-08,83800,84900,83600,83700,3523620,48.58
2020-07-09,84200,84600,83000,83000,4002365,48.47
2020-07-10,83300,83500,82400,82800,2201557,48.46
2020-07-13,83100,83500,82500,83000,2080934,48.41
2020-07-14,82600,82900,82000,82900,2048671,48.35
2020-07-15,83100,83900,82900,83000,3024429,48.29
2020-07-16,83000,83100,82300,82700,2312310,48.28
2020-07-17,82700,83500,82600,82900,1579078,48.28
2020-07-20,82800,83000,82100,82200,2008624,48.22
2020-07-21,83400,84700,83000,84100,4181015,48.35
2020-07-22,84100,84200,82900,83200,2876295,48.24
2020-07-23,84000,84000,82300,82400,3591647,48.16
2020-07-24,82300,83700,82200,83700,3667416,48.3
2020-07-27,83100,84000,82800,82800,2784652,48.24
2020-07-28,83900,83900,82700,83100,4538720,48.23
2020-07-29,82900,83800,82600,83200,3719681,48.23
2020-07-30,83300,86400,83000,85300,6870841,48.35
2020-07-31,85700,86000,82800,82800,4848989,48.19
2020-08-03,82400,82600,81500,81800,3483106,48.15
2020-08-04,81800,82500,81400,81600,3005937,48.07
2020-08-05,81200,81300,80500,80700,4537005,47.92
2020-08-06,80700,81900,80700,81100,3391939,47.92
2020-08-07,81200,81300,80000,80600,4946631,47.8
2020-08-10,80100,81900,79800,81400,3277238,47.82
2020-08-11,81700,82000,81000,81300,3234013,47.82
2020-08-12,81100,81300,80200,81000,3595828,47.71
2020-08-13,81900,82000,80300,80700,4049387,47.7
2020-08-14,80200,81100,80100,80200,2589552,47.64
2020-08-18,80000,80200,78000,78100,4946279,47.55
2020-08-19,77300,78000,75000,75000,8028305,47.2
2020-08-20,74400,74400,71300,71800,7260223,47.08
2020-08-21,72800,77000,72500,74500,7700029,47.23
2020-08-24,74600,77200,73700,75500,4298619,47.22
2020-08-25,76300,77700,75400,77000,3473488,47.25
2020-08-26,78000,79100,77100,78800,4741965,47.36
2020-08-27,80200,80200,78800,79100,4223450,47.47
2020-08-28,79500,79600,77700,77800,2511956,47.44
2020-08-31,78200,78800,75100,75100,5113128,47.22
2020-09-01,75200,76500,75200,75200,2538676,47.2
2020-09-02,75900,76400,74900,75500,2369360,47.14
2020-09-03,77700,79700,77200,78700,7002529,47.14
2020-09-04,76400,79400,76100,78700,4582566,47.13
2020-09-07,78600,79500,77600,78400,2786930,47.09
2020-09-08,78700,80000,78200,79400,3380355,47.14
2020-09-09,77900,78400,77200,77300,3918435,47.22
2020-09-10,78000,78200,76600,76600,3541520,47.2
2020-09-11,76700,78500,76300,78400,2831262,47.34
2020-09-14,79100,80100,78900,80000,4099644,47.49
2020-09-15,81300,82100,80200,81900,5899410,47.71
2020-09-16,81700,82400,80500,81500,3119110,47.75
2020-09-17,81900,82900,81200,82200,4055050,47.98
2020-09-18,82900,83900,82200,83700,5199334,48.26
2020-09-21,83700,85000,83600,84500,4102947,48.43
2020-09-22,84400,84800,80200,81300,4139983,48.43
2020-09-23,82300,84800,80500,83600,4439085,48.52
2020-09-24,82800,85400,82300,84300,6401560,48.65
2020-09-25,85800,85900,82200,82900,3205596,48.67
2020-09-28,83400,83700,81300,82500,3154068,48.68
2020-09-29,83100,84900,82200,84000,4707898,48.83
2020-10-05,83000,84100,82300,83200,3396894,48.87
2020-10-06,84000,84200,82600,83000,2750145,48.9
2020-10-07,82900,83700,82500,83400,2254356,48.86
2020-10-08,84300,84500,82900,82900,3330824,48.86
2020-10-12,83900,85500,83500,85500,4464264,49.06
2020-10-13,85500,89000,84600,88200,6375448,49.14
2020-10-14,88000,88900,86100,86500,3223767,49.11
2020-10-15,86100,87300,85900,87100,2802900,49.15
2020-10-16,87000,87900,84900,85300,2435541,49.14
2020-10-19,86100,87900,85800,86700,3150011,49.21
2020-10-20,85300,90900,83700,85200,6622637,49.05
2020-10-21,85300,86200,82800,83800,4925877,48.9
2020-10-22,84200,84300,82500,83300,2593975,48.81
2020-10-23,82800,84700,82300,83900,2609595,48.81
2020-10-26,84300,84700,83000,83200,1662847,48.79
2020-10-27,82300,83400,81800,82600,2265817,48.82
2020-10-28,82100,83600,82000,82900,1773556,48.84
2020-10-29,81900,82400,81000,81700,2637314,48.82
2020-10-30,81600,82100,79900,79900,2710477,48.76
2020-11-02,80200,80600,79200,79600,2000394,48.69
2020-11-03,79600,81400,79600,81400,2057723,48.64
2020-11-04,82100,84400,81200,83200,3782296,48.67
2020-11-05,84100,86200,83300,86100,4082325,48.8
2020-11-06,86500,87700,86000,86300,2863808,48.89
2020-11-09,86500,87300,85600,86000,2444330,48.92
2020-11-10,86900,87200,85900,86500,2849783,49.05
2020-11-11,86100,87200,85900,87000,2638617,49.1
2020-11-12,87600,88400,87000,88100,4006433,49.3
2020-11-13,88100,90000,87500,89700,3774278,49.43
2020-11-16,92100,98100,91100,98000,9274278,49.87
2020-11-17,97400,99600,96500,98100,5218295,50.0
2020-11-18,99800,100500,96600,98000,3734037,50.05
2020-11-19,96200,98300,96000,98200,2766688,50.11
2020-11-20,99000,99000,96800,96800,2424003,50.07
2020-11-23,97300,101000,96600,100000,4149013,50.19
2020-11-24,101000,102000,98300,98600,3766043,50.2
2020-11-25,100500,100500,96300,97200,4081524,50.16
2020-11-26,96800,99500,96300,99400,2933290,50.2
2020-11-27,99600,99900,98200,98800,1976047,50.21
2020-11-30,99700,99800,97300,97500,3877841,50.12
2020-12-01,98600,101500,97800,100500,4455519,50.2
2020-12-02,103000,109500,103000,109000,7488361,50.42
2020-12-03,110500,114500,109000,111500,6617912,50.43
2020-12-04,116000,119500,112500,115000,8258814,50.48
2020-12-07,118500,120000,116000,118000,5191354,50.29
2020-12-08,118000,118000,114000,115000,4536460,50.26
2020-12-09,116000,121000,115000,120500,5490760,50.23
2020-12-10,117000,118500,115500,116500,8205744,49.86
2020-12-11,118000,118000,115000,115500,3944552,49.76
2020-12-14,116000,119000,115500,117000,3066761,49.8
2020-12-15,118500,118500,115000,117500,2755902,49.79
2020-12-16,119000,119500,117000,117500,2213552,49.78
2020-12-17,118500,119500,117000,119500,3649945,49.84
2020-12-18,118500,119000,117500,118500,3010798,49.81
2020-12-21,118000,118000,114500,116000,3585805,49.83
2020-12-22,115000,115500,112500,112500,4270842,49.82
2020-12-23,113000,116000,112500,116000,3173156,49.77
2020-12-24,116000,118500,115500,118000,3486636,49.7
2020-12-28,119000,119500,115000,115500,4825132,49.68
2020-12-29,118000,118500,114000,116000,4208916,49.65
2020-12-30,116000,118500,114500,118500,4195192,49.72
2021-01-04,124500,128000,120500,126000,7995016,49.88
2021-01-05,124500,132500,124000,130500,7180224,49.91
2021-01-06,132500,137000,130000,131000,8525749,50.01
2021-01-07,132500,137500,131500,134500,5981299,50.02
2021-01-08,136000,138000,132500,138000,8713010,50.1
2021-01-11,138000,140000,131000,133000,11154671,50.03
2021-01-12,132000,133500,125500,129000,8700877,50.0
2021-01-13,129000,133500,128500,133000,6791044,50.23
2021-01-14,132500,133000,129000,130500,5380278,50.2
2021-01-15,133000,135000,127000,127500,4838114,50.2
2021-01-18,126000,131000,125000,130000,5927419,50.21
2021-01-19,131000,132000,128500,130500,4513315,50.17
2021-01-20,134000,135000,130000,130500,4913282,50.13
2021-01-21,131500,133000,130000,131500,3067677,50.16
2021-01-22,131500,132000,128500,128500,3927767,50.22
2021-01-25,130000,135000,129500,135000,5061864,50.34
2021-01-26,134000,134000,128500,129000,6270106,50.13
2021-01-27,129500,132000,127500,128500,5068456,50.11
2021-01-28,124000,125500,121500,123000,6270829,49.92
2021-01-29,128500,128500,121500,122500,7391307,49.94
2021-02-01,121000,126000,118000,125000,5620305,49.89
2021-02-02,128500,132500,127000,130000,4880067,49.94
2021-02-03,131000,131500,128500,130000,3693688,49.97
2021-02-04,127500,128500,124000,125000,4600618,49.96
2021-02-05,126500,128000,124500,127500,3497303,49.98
2021-02-08,127500,128000,125000,125000,2876471,49.88
2021-02-09,127500,130000,125000,125500,5177095,49.83
2021-02-10,125500,127000,124500,126000,4262526,49.87
2021-02-15,130000,132500,130000,132000,5384526,50.04
2021-02-16,132500,134000,130500,132500,3218689,50.07
2021-02-17,131000,131000,128000,130000,3621178,50.04
2021-02-18,128500,130000,125500,126000,3792425,49.98
2021-02-19,129000,133000,128500,133000,6986526,50.24
2021-02-22,136000,139500,135000,136500,7961516,50.33
2021-02-23,133500,140000,131500,138500,6400037,50.38
2021-02-24,137500,143500,134000,136000,9074809,50.36
2021-02-25,141000,149500,140000,148500,9936495,50.66
2021-02-26,143500,145000,138000,141500,10843268,50.31
2021-03-02,149000,150500,141000,144500,9376523,50.28
2021-03-03,142500,147000,139500,147000,5827221,50.28
2021-03-04,143000,145500,139500,142000,6586562,50.01
2021-03-05,138000,141500,136500,140000,6091444,49.91
2021-03-08,143000,143000,135500,135500,5587787,49.85
2021-03-09,134000,137500,130500,136500,7822152,49.74
2021-03-10,140500,140500,132500,133000,5614476,49.76
2021-03-11,134500,139000,134000,137000,6707671,50.03
2021-03-12,140500,142500,139500,140000,4548695,50.08
2021-03-15,141500,142000,136000,136500,4289990,49.99
2021-03-16,138500,140500,138000,140500,3304561,50.04
2021-03-17,141000,141000,138500,140000,2588319,50.04
2021-03-18,142500,145000,141000,142000,4426840,50.15
2021-03-19,138000,139500,137000,138000,4015627,50.1
2021-03-22,138500,140000,137000,138000,2727719,50.09
2021-03-23,139000,139500,134000,135000,3839090,50.04
2021-03-24,133000,134500,131500,133500,3894080,50.03
2021-03-25,133000,134500,130500,133000,4157799,50.01
2021-03-26,134000,135000,132000,135000,3835443,50.23
2021-03-29,135500,135500,131500,132000,3575226,50.26
2021-03-30,133000,135500,132000,134500,3304184,50.31
2021-03-31,134500,135000,132000,132500,3309680,50.24
2021-04-01,138000,140500,136500,140500,5833436,50.59
2021-04-02,142000,143000,140000,141000,3432245,50.58
2021-04-05,142000,144500,141000,143000,2616440,50.62
2021-04-06,147000,147000,141500,143000,3753217,50.61
2021-04-07,146000,146000,142500,143500,2424687,50.64
2021-04-08,143500,146000,142500,144000,3774932,50.53
2021-04-09,144000,145000,139500,140000,3276077,50.5
2021-04-12,140500,140500,136000,137500,3878457,50.43
2021-04-13,136000,140000,135500,139500,2876178,50.47
2021-04-14,139000,139000,136500,137000,2777203,50.4
2021-04-15,136000,139000,136000,137500,2291160,50.37
2021-04-16,138500,139000,137500,137500,1982877,50.37
2021-04-19,138000,139000,137000,138000,1906782,50.39
2021-04-20,136500,138500,136500,138500,2167732,50.39
2021-04-21,138000,138000,132000,132500,5120577,50.15
2021-04-22,134500,135500,133000,133000,3007457,50.15
2021-04-23,130500,132500,128500,132500,4854412,50.1
2021-04-26,132500,132500,130500,131500,2904879,50.02
2021-04-27,133000,136000,132500,135000,3394650,50.09
2021-04-28,134500,135000,130000,130000,5596760,49.94
2021-04-29,132000,133000,129000,130000,3738266,49.89
2021-04-30,130000,130500,126500,128000,3955947,49.85
2021-05-03,127500,132500,127000,131500,4085398,49.91
2021-05-04,130500,132000,129000,132000,2547004,49.95
2021-05-06,130000,130500,128000,129000,4211535,49.84
2021-05-07,128000,131000,127000,129500,3450323,49.85
2021-05-10,131000,131000,128500,130000,3067077,49.78
2021-05-11,127000,127500,122000,123000,9882491,49.32
2021-05-12,123000,123500,119000,119500,8272196,49.11
2021-05-13,116000,118500,115500,117500,6042025,49.06
2021-05-14,118500,120000,118000,118500,3227201,48.99
2021-05-17,120000,120000,117000,117500,3110127,48.95
2021-05-18,117500,122000,117500,121000,3470048,48.95
2021-05-20,121000,124000,119500,122500,4600751,48.95
2021-05-21,124500,125500,121000,122500,4062695,48.94
2021-05-24,122000,122500,119000,119500,3188734,48.96
2021-05-25,121500,123000,120500,123000,3258364,49.04
2021-05-26,124000,124500,122000,123000,3015522,49.11
2021-05-27,124500,126000,123000,125500,4539067,49.23
2021-05-28,126500,126500,124000,125000,2332971,49.18
2021-05-31,126000,127000,124000,127000,2448074,49.25
2021-06-01,127000,129000,126000,128500,2819179,49.27
2021-06-02,128500,129000,125500,126000,2885654,49.26
2021-06-03,127000,130000,126500,129000,3353993,49.35
2021-06-04,127500,129000,126500,128500,2555891,49.4
2021-06-07,129500,130000,128000,128500,2562918,49.4
2021-06-08,127000,127500,125000,127500,4194955,49.47
2021-06-09,125500,126000,122500,122500,6087592,49.28
2021-06-10,122500,124000,120500,123000,4533076,49.31
2021-06-11,124500,128500,124000,128000,4868608,49.51
2021-06-14,127000,127500,125500,127000,2022730,49.51
2021-06-15,128500,129500,128000,128500,1975082,49.56
2021-06-16,128000,129500,127000,129500,1893752,49.61
2021-06-17,127000,128000,126000,126500,2123793,49.58
2021-06-18,127500,127500,124500,124500,2506112,49.45
2021-06-21,121000,123000,120500,122000,3275288,49.36
2021-06-22,122500,123500,122000,122000,2179712,49.42
2021-06-23,122500,124500,122000,124000,2703658,49.49
2021-06-24,124000,126500,123500,126000,2646407,49.53
2021-06-25,128000,129000,127500,128500,2531018,49.56
2021-06-28,129000,129500,126000,126000,2402730,49.61
2021-06-29,127500,128000,125000,125000,2211572,49.57
2021-06-30,126500,129500,126000,127500,4346027,49.8
2021-07-01,127500,128000,124000,124500,3336174,49.69
2021-07-02,122500,123500,121500,122500,3983921,49.51
2021-07-05,123500,124500,122500,123000,1632551,49.41
2021-07-06,124000,126000,123500,125000,2067135,49.35
2021-07-07,125000,125500,122500,123500,2229140,49.32
2021-07-08,123500,123500,121000,121500,3165552,49.19
2021-07-09,120500,120500,118000,119500,4823577,49.01
2021-07-12,121000,122000,119500,120000,2477201,48.98
2021-07-13,121000,123500,121000,123000,2879072,49.09
2021-07-14,122500,124000,121500,123500,2443087,49.15
2021-07-15,123500,124000,122500,123500,1500981,49.11
2021-07-16,122000,122500,120500,121500,2905546,49.09
2021-07-19,119000,120000,118500,119000,2066638,49.03
2021-07-20,117500,119500,117500,118500,2070074,48.96
2021-07-21,119500,120000,116500,117000,2864601,48.87
2021-07-22,118000,120000,118000,119500,1919233,48.87
2021-07-23,118500,119000,117500,118500,1747651,48.8
2021-07-26,119500,120000,117000,117000,1836657,48.79
2021-07-27,118000,119000,116000,116000,2916330,48.71
2021-07-28,115000,115500,112500,114000,6033084,48.45
2021-07-29,115000,115500,113000,114000,3054699,48.38
2021-07-30,114000,114000,112500,112500,2888566,48.36
2021-08-02,113500,117000,113000,116000,4276730,48.38
2021-08-03,118000,120500,117000,120000,4396423,48.45
2021-08-04,122000,123000,120500,121000,4162635,48.45
2021-08-05,121000,121500,118000,120000,3491584,48.4
2021-08-06,119000,119500,117500,118000,2209875,48.4
2021-08-09,117500,118000,116000,116000,2755724,48.35
2021-08-10,115000,115500,112000,112500,5420223,48.05
2021-08-11,109000,110000,105000,105500,13715267,47.18
2021-08-12,102000,104000,99800,100500,19150647,46.04
2021-08-13,99600,101500,98900,101500,11622957,45.72
2021-08-17,101000,103500,100500,101500,7851717,45.83
2021-08-18,103000,105500,101500,104000,8047599,45.98
2021-08-19,103000,105500,101500,102500,6161038,46.06
2021-08-20,104000,104500,102000,102500,4719139,46.09
2021-08-23,104500,105000,103000,103000,4515699,46.07
2021-08-24,104500,105500,104000,105000,4454743,46.13
2021-08-25,106000,106000,102500,103500,3194555,46.1
2021-08-26,106000,106500,103500,104000,3694741,46.19
2021-08-27,103500,104500,101000,103500,3507782,46.2
2021-08-30,105000,105500,103500,103500,1815758,46.2
2021-08-31,103500,106500,102000,106500,4979276,46.32
2021-09-01,106000,108000,104500,108000,4736183,46.42
2021-09-02,108000,108500,106000,106500,2724565,46.42
2021-09-03,106500,107500,106000,107000,2513486,46.46
2021-09-06,106500,107000,105000,106000,1888595,46.46
2021-09-07,105500,106000,104000,104500,2547667,46.47
2021-09-08,104000,107500,103500,106000,2891267,46.62
2021-09-09,105000,106000,103000,103000,3233011,46.56
2021-09-10,103500,105500,103000,105000,1999369,46.61
2021-09-13,105000,107000,104000,106500,1923344,46.69
2021-09-14,107500,108500,106500,107500,2463248,46.77
2021-09-15,107500,107500,105500,107500,2933797,46.84
2021-09-16,107000,107500,104000,104000,3602821,46.71
2021-09-17,104500,107500,104000,107000,3386517,46.89
2021-09-23,105500,107000,105000,105500,2493313,46.87
2021-09-24,106000,106500,104000,104000,2236954,46.97
2021-09-27,104000,105500,103500,104500,1839358,47.01
2021-09-28,105000,105500,103000,103500,2951945,47.0
2021-09-29,101000,102000,99700,100000,6353977,46.97
2021-09-30,99900,103500,99600,103000,3910557,47.13
2021-10-01,102000,102500,100000,100000,2681124,47.1
2021-10-05,98900,99500,97200,97900,3244145,46.93
2021-10-06,98400,98700,95800,96500,2816951,46.97
2021-10-07,96300,96800,95000,95700,3834957,46.88
2021-10-08,96200,96300,93500,94000,4098832,46.89
2021-10-12,92400,92900,90800,91500,4728215,46.97
2021-10-13,90900,93500,90500,92000,3045438,46.97
2021-10-14,92400,94500,92100,93800,2414639,46.95
2021-10-15,96000,98500,95700,98400,4229748,47.07
2021-10-18,98300,98300,96700,97100,2111399,47.08
2021-10-19,98600,98600,97100,97700,1400175,47.06
2021-10-20,98200,98600,97200,97900,2010529,47.12
2021-10-21,97300,98300,96100,96300,2152221,47.1
2021-10-22,95500,99200,95500,98500,1962833,47.11
2021-10-25,99500,101500,98300,100000,2950459,47.14
2021-10-26,101500,103500,101000,102000,3458645,47.12
2021-10-27,103000,104000,101500,101500,2859255,47.13
2021-10-28,102000,107500,101500,106500,6329703,47.27
2021-10-29,107000,108500,103000,103000,4007223,47.2
2021-11-01,103500,107000,102500,106500,3118661,47.2
2021-11-02,107000,108500,106500,107500,2892292,47.22
2021-11-03,108500,109000,104500,105500,3116506,47.27
2021-11-04,107000,108000,105500,106000,2059242,47.27
2021-11-05,108000,108500,105500,107000,2523345,47.33
2021-11-08,107000,108000,104000,107500,2212348,47.36
2021-11-09,108000,110000,107500,109000,3440686,47.49
2021-11-10,108500,109500,107500,108500,2361295,47.54
2021-11-11,107500,108000,105500,107500,2731498,47.56
2021-11-12,109000,109500,105500,106500,1786165,47.52
2021-11-15,108500,111500,108000,111000,4701568,47.76
2021-11-16,111000,113000,109000,112000,3767311,47.82
2021-11-17,113000,113000,110000,110500,3062491,47.87
2021-11-18,110000,111000,109000,110000,1928891,47.9
2021-11-19,110000,112500,110000,111500,2324668,47.97
2021-11-22,116500,121000,116000,119500,9786492,48.3
2021-11-23,119500,121000,117500,119000,4847270,48.36
2021-11-24,120500,122500,118000,119500,4001111,48.42
2021-11-25,120500,121000,117000,117500,3339835,48.42
2021-11-26,116500,118500,113000,115500,4337936,48.45
2021-11-29,113000,118500,113000,116000,4412863,48.45
2021-11-30,118000,119000,112500,114000,7449608,48.44
2021-12-01,114500,117500,112000,116500,4214135,48.45
2021-12-02,115500,120500,115000,120000,6980518,48.56
2021-12-03,119000,119500,115500,118000,4567843,48.53
2021-12-06,116000,119000,115500,118500,4318893,48.57
2021-12-07,119000,122500,118000,121500,5112025,48.68
2021-12-08,124000,125000,119500,120000,6168137,48.65
2021-12-09,120500,123500,119000,123500,5631833,48.77
2021-12-10,120500,121500,119500,120500,2512642,48.58
2021-12-13,121000,124000,121000,121500,3329176,48.66
2021-12-14,120500,123000,120000,121000,2201003,48.67
2021-12-15,120000,123500,120000,123500,2681332,48.74
2021-12-16,125000,125500,122500,124000,3869086,48.79
2021-12-17,120500,123000,120500,122000,3850444,48.78
2021-12-20,121500,123500,120500,120500,2846815,48.8
2021-12-21,124000,124500,122500,124500,3678590,48.87
2021-12-22,127500,128500,126000,127000,3817689,48.93
2021-12-23,129000,129000,126500,127500,2398358,48.84
2021-12-24,129000,130000,128000,128000,2462683,48.87
2021-12-27,128500,129000,126000,126000,2684135,48.86
2021-12-28,126500,128000,124500,127500,4086063,48.95
2021-12-29,127500,128500,125500,127000,3832154,48.92
2021-12-30,131000,133500,130000,131000,5172987,48.94
2022-01-03,132000,132500,128000,128500,3782213,48.99
2022-01-04,129500,130000,127500,128500,3622369,49.02
2022-01-05,129000,129000,121500,125500,7414954,49.11
2022-01-06,123500,127000,123000,125000,3725569,49.23
2022-01-07,127000,129000,126500,127000,3270119,49.35
2022-01-10,126500,127000,123000,124500,3449197,49.39
2022-01-11,125500,128500,124500,128000,3958787,49.51
2022-01-12,129500,130000,126500,128500,3552174,49.48
2022-01-13,128500,130000,128000,129500,4155984,49.59
2022-01-14,128500,129000,126000,128500,3769648,49.57
2022-01-17,127500,128000,124500,127000,3730393,49.53
2022-01-18,126500,127500,125000,126500,3607850,49.58
2022-01-19,123500,128500,123500,127000,4094609,49.66
2022-01-20,126000,126500,123500,125000,5441986,49.62
2022-01-21,121500,122500,118000,119000,6465040,49.62
2022-01-24,116500,120500,116500,119000,4883822,49.64
2022-01-25,118000,120000,116500,118000,5702595,49.65
2022-01-26,119000,119500,117500,117500,3416240,49.67
2022-01-27,119500,119500,111000,113500,6679404,49.61
2022-01-28,115000,121500,114500,120500,4776510,49.71
2022-02-03,124500,127000,124000,124000,5171178,49.89
2022-02-04,125500,127000,124000,124500,3037097,49.9
2022-02-07,123000,123500,119500,123000,4804261,49.93
2022-02-08,124500,126000,123500,125000,4054097,50.03
2022-02-09,127000,128000,124500,126000,4339337,50.05
2022-02-10,129000,131000,127000,129500,7269729,50.29
2022-02-11,130500,132500,130000,132000,6057207,50.5
2022-02-14,130000,132500,129500,132500,4962205,50.65
2022-02-15,131500,132000,127000,127000,5097120,50.6
2022-02-16,131000,132500,130000,130500,3499809,50.64
2022-02-17,130500,134000,130000,133000,5433402,50.88
2022-02-18,131500,133000,129500,131500,3108887,50.86
2022-02-21,129000,130500,127000,130000,4048108,50.88
2022-02-22,127000,129500,126000,128500,3179806,50.85
2022-02-23,130000,130500,127000,128500,2752112,50.84
2022-02-24,125500,126000,122000,122500,5748069,50.68
2022-02-25,125500,126000,122500,123000,3309625,50.72
2022-02-28,123000,123500,121000,123500,3224264,50.76
2022-03-02,124500,126500,123000,125000,2903340,50.83
2022-03-03,128000,129500,127000,129000,3088097,50.89
2022-03-04,127500,128000,124000,124500,3249773,50.78
2022-03-07,119000,121000,119000,119500,5203286,50.61
2022-03-08,117000,119500,116500,118000,3619045,50.59
2022-03-10,121000,121500,118500,120000,3912683,50.51
2022-03-11,118500,119000,115500,117000,3087532,50.43
2022-03-14,115500,117000,114500,116000,3172353,50.4
2022-03-15,114500,115500,112000,112500,3578256,50.31
2022-03-16,115000,117000,114000,116500,3739977,50.33
2022-03-17,121000,124500,121000,124000,7219813,50.62
2022-03-18,124000,125000,121000,124000,4493159,50.64
2022-03-21,124000,124500,121000,122000,3433809,50.62
2022-03-22,121000,124000,121000,123500,2246439,50.66
2022-03-23,124000,124500,122000,123500,4085633,50.64
2022-03-24,121000,122000,119500,120500,4215272,50.62
2022-03-25,122000,123000,118000,118000,5514940,50.45
2022-03-28,117500,119500,116500,118000,3234792,50.39
2022-03-29,119500,120500,118500,120000,3375247,50.44
2022-03-30,123000,123000,120500,121000,3436282,50.48
2022-03-31,119500,120000,117500,118000,4558063,50.32
2022-04-01,117000,117500,116000,116000,3851558,50.3
2022-04-04,115000,117500,114500,117000,2470792,50.33
2022-04-05,117500,118000,116000,116500,2101474,50.33
2022-04-06,114500,115500,113000,113000,4541938,50.17
2022-04-07,111500,114500,110500,113500,5027865,50.11
2022-04-08,113000,114000,110500,112000,4268316,50.04
2022-04-11,111000,113000,110500,111500,2390786,50.04
2022-04-12,110500,113000,110500,111000,2738163,50.01
2022-04-13,112000,113000,111000,113000,2484490,49.96
2022-04-14,113000,113000,110000,110000,4715700,49.84
2022-04-15,108000,108500,107000,108000,3694012,49.85
2022-04-18,107000,109500,106500,109000,2670439,49.82
2022-04-19,110000,112500,109500,112500,3021192,49.86
2022-04-20,112500,113000,111000,112500,2905007,49.9
2022-04-21,112500,115000,112500,113000,3199858,49.89
2022-04-22,110500,112000,110500,110500,2360834,49.87
2022-04-25,109000,109500,108000,108000,2282343,49.81
2022-04-26,109500,111000,108000,111000,2969516,49.82
2022-04-27,108000,109500,107500,108500,3261290,49.75
2022-04-28,109500,110000,108000,109500,2804966,49.76
2022-04-29,110000,112500,109500,112500,3752415,49.75
2022-05-02,110000,111500,110000,110500,2175384,49.69
2022-05-03,111000,112000,109500,110000,2676115,49.67
2022-05-04,110500,111000,108500,109500,2491890,49.66
2022-05-06,108000,108500,106500,107500,2566813,49.68
2022-05-09,107000,109000,106500,107500,2203472,49.7
2022-05-10,107000,111000,107000,110000,4141923,49.75
2022-05-11,110500,112500,108000,110500,3658168,49.74
2022-05-12,109500,111500,108500,109000,4132948,49.69
2022-05-13,109000,112500,109000,112500,4003349,49.7
2022-05-16,113500,114000,110000,110500,3930044,49.65
2022-05-17,111000,113000,110500,112500,2056143,49.65
2022-05-18,114000,115000,113000,113500,3570113,49.72
2022-05-19,110500,112500,110000,111000,3680049,49.74
2022-05-20,111500,113000,111000,112500,2398978,49.71
2022-05-23,113000,113500,111000,113000,3160028,49.74
2022-05-24,111500,112000,108500,108500,4491835,49.58
2022-05-25,109500,110000,107000,108000,4151560,49.57
2022-05-26,107500,108500,101500,103000,8523001,49.42
2022-05-27,105500,107000,105000,106000,3686487,49.6
2022-05-30,108000,108000,106000,107000,2054526,49.56
2022-05-31,106500,108000,105500,108000,4024509,49.7
2022-06-02,106000,107500,106000,107000,3097583,49.78
2022-06-03,108000,108500,107000,107000,1638006,49.78
2022-06-07,105500,106000,103500,104000,3174521,49.77
2022-06-08,104500,107500,104500,106000,3075530,49.89
2022-06-09,105500,107000,104500,105500,4640744,49.88
2022-06-10,104000,104500,102500,103500,3480289,49.79
2022-06-13,100000,101000,99000,99000,4133447,49.69
2022-06-14,96900,99600,96800,99100,3242550,49.64
2022-06-15,98500,98900,96700,97900,2578500,49.62
2022-06-16,99900,101500,97100,97400,3810703,49.66
2022-06-17,95100,96400,95000,96400,3965464,49.59
2022-06-20,96700,96800,93100,94500,2386222,49.54
2022-06-21,94700,95900,93900,95200,2707302,49.52
2022-06-22,95700,95700,91700,92200,3509830,49.45
2022-06-23,92100,93000,89700,90200,3983116,49.34
2022-06-24,90500,92000,90500,91600,3045970,49.32
2022-06-27,92700,96100,92600,95000,3408749,49.34
2022-06-28,94500,95300,93700,95300,2022966,49.38
2022-06-29,93300,94900,92900,94000,2529973,49.38
2022-06-30,91500,93100,91000,91000,3098854,49.41
2022-07-01,91000,92500,87100,87500,4959176,49.27
2022-07-04,87500,89600,86300,89100,4331728,49.31
2022-07-05,90400,93400,90400,92500,3560085,49.33
2022-07-06,92800,93600,90900,92100,3981326,49.36
2022-07-07,91300,95200,91300,93900,3330794,49.31
2022-07-08,95900,96500,94500,94800,2814478,49.4
2022-07-11,95000,95700,93500,93700,1885425,49.39
2022-07-12,94000,94000,91700,93300,2385688,49.43
2022-07-13,94600,96400,93800,94000,2721816,49.37
2022-07-14,92800,95500,92300,94000,2550307,49.43
2022-07-15,95900,99000,95500,98700,4457208,49.55
2022-07-18,101000,103500,100000,101000,4564780,49.71
2022-07-19,100000,100500,98700,100000,2709084,49.71
2022-07-20,103000,104500,101000,102000,3981053,49.88
2022-07-21,102000,103000,100500,102500,2143984,49.91
2022-07-22,102500,102500,100000,100000,3126556,49.89
2022-07-25,99100,101500,98900,100000,2185108,49.9
2022-07-26,100500,101000,99100,100500,1636970,49.9
2022-07-27,101000,101500,98600,100000,3159499,49.86
2022-07-28,101000,101500,98900,99400,3359717,49.92
2022-07-29,99900,100000,97400,97900,3899079,49.86
2022-08-01,97200,98100,96500,97100,2007646,49.87
2022-08-02,97200,97200,96200,96500,1916851,49.88
2022-08-03,96900,97500,96100,97500,1703330,49.92
2022-08-04,98000,98100,97100,97500,1960526,49.92
2022-08-05,98100,98700,97400,98500,2052852,49.97
2022-08-08,97700,97700,95800,96300,3206548,49.95
2022-08-09,96000,96100,94500,95100,3152955,49.96
2022-08-10,91800,93000,91800,91800,4356568,49.83
2022-08-11,93500,94400,92600,93300,5206962,49.83
2022-08-12,92800,94400,92600,93300,1910127,49.84
2022-08-16,94500,97600,94400,96700,4267280,49.94
2022-08-17,96800,97600,95900,97100,1764674,49.98
2022-08-18,95900,96400,95300,95700,1889587,49.95
2022-08-19,97000,97500,95900,96400,1890839,50.03
2022-08-22,95200,95600,94000,95200,2293601,50.1
2022-08-23,94100,95400,93600,93600,1932822,50.1
2022-08-24,93900,94200,93000,93200,1447036,50.11
2022-08-25,93600,94100,92100,94100,2189458,50.06
2022-08-26,95400,96800,94700,95100,2301949,50.07
2022-08-29,92700,93300,92000,92500,2619260,50.11
2022-08-30,92700,93400,92400,93200,1595242,50.11
2022-08-31,92600,95500,92100,95200,2421669,50.22
2022-09-01,93900,93900,92300,92400,2337521,50.22
2022-09-02,92700,93300,91600,91700,2036818,50.32
2022-09-05,91800,92400,90400,91100,1706148,50.33
2022-09-06,91900,92900,91100,91800,1389821,50.35
2022-09-07,91100,91100,89900,90400,2053413,50.34
2022-09-08,90500,91000,90000,90400,2012123,50.3
2022-09-13,91700,95200,91700,94800,3288428,50.38
2022-09-14,91700,93400,91300,93000,2444928,50.42
2022-09-15,92900,93000,91500,92000,1755820,50.43
2022-09-16,90900,91400,90000,91200,2243179,50.34
2022-09-19,90800,91500,90000,90000,2078633,50.31
2022-09-20,89000,90600,87500,88000,4259789,50.07
2022-09-21,87500,88500,86300,88000,2954420,50.01
2022-09-22,86300,86900,85900,86000,2204430,49.96
2022-09-23,85500,86600,83300,83500,3932242,49.83
2022-09-26,81500,83200,81500,82500,3281145,49.82
2022-09-27,82200,82700,80700,82000,2606333,49.74
2022-09-28,81900,83500,80500,81200,3068181,49.7
2022-09-29,82500,82900,80500,80800,2064798,49.75
2022-09-30,80900,83900,80400,83100,4711130,49.78
2022-10-04,85200,87200,85200,86200,4277404,49.82
2022-10-05,90000,90400,88100,89800,5927256,50.14
2022-10-06,90900,92000,89800,89900,3039698,50.24
2022-10-07,89600,91800,87800,91200,3100583,50.38
2022-10-11,89700,91200,88000,90200,3840842,50.5
2022-10-12,91000,94000,90900,94000,4648231,50.62
2022-10-13,93400,94900,92800,94900,4390570,50.72
2022-10-14,96000,96600,94300,95500,3516437,50.84
2022-10-17,94600,95300,94000,95200,2134558,50.9
2022-10-18,95900,96200,94600,95800,2618680,50.96
2022-10-19,94700,94900,92700,92900,3684934,51.03
2022-10-20,91000,91800,89000,90200,4547678,50.98
2022-10-21,89800,91400,89700,90500,2206754,51.0
2022-10-24,92200,93100,91200,91800,2165991,50.97
2022-10-25,91900,94800,91000,93500,2656194,50.99
2022-10-26,93300,95500,93200,93900,3310322,51.12
2022-10-27,95100,95100,89800,90000,4550273,51.07
2022-10-28,87100,87800,83000,83400,7748514,50.83
2022-10-31,84300,85400,82400,82700,6271574,50.74
2022-11-01,82700,83900,81400,83900,3820185,50.76
2022-11-02,84200,85500,83600,84500,2536363,50.82
2022-11-03,82600,83500,81900,82700,2901380,50.77
2022-11-04,82700,84600,81700,84500,3032985,50.77
2022-11-07,85400,86800,85000,86500,2765284,50.81
2022-11-08,87600,89000,87400,87700,2799575,50.82
2022-11-09,88100,89200,86600,89200,2619752,50.9
2022-11-10,89000,90800,88300,89100,3856811,51.02
2022-11-11,95200,95300,92500,93500,5002149,51.07
2022-11-14,93900,93900,90900,90900,2483441,51.06
2022-11-15,91300,92100,90400,91600,2460465,51.0
2022-11-16,92000,92400,90300,91500,2609199,50.99
2022-11-17,82400,88500,82000,87700,3703870,50.86
2022-11-18,88700,91500,88100,88400,2981192,50.92
2022-11-21,87600,87700,86100,86300,2111523,50.84
2022-11-22,85500,86600,84900,85200,1617131,50.8
2022-11-23,86100,86700,84900,85200,1480400,50.76
2022-11-24,86900,87200,85700,86900,2148255,50.76
2022-11-25,87200,87300,85100,85100,1439011,50.69
2022-11-28,84100,84200,82900,83100,2471506,50.63
2022-11-29,82700,83800,82100,83700,1501783,50.56
2022-11-30,83200,85400,83100,85000,3332708,50.6
2022-12-01,87300,87300,84600,84700,2878591,50.54
2022-12-02,83900,83900,81800,81900,4594058,50.32
2022-12-05,81900,82300,80700,81000,3516456,50.14
2022-12-06,79900,81100,79800,81000,2781352,50.08
2022-12-07,79900,80700,78700,78900,3589926,49.95
2022-12-08,78200,79800,78200,78800,3809847,49.84
2022-12-09,79400,81500,79300,81500,2985508,49.91
2022-12-12,80100,81300,79500,81100,1242007,49.91
2022-12-13,81300,82700,80500,82300,2761104,49.92
2022-12-14,82100,82600,81100,81800,2357491,49.94
2022-12-15,80600,81100,79900,80200,1713617,49.97
2022-12-16,77700,79400,77500,78400,3827227,49.82
2022-12-19,78300,80100,78300,79000,1813544,49.87
2022-12-20,78200,78900,77800,78300,1361926,49.85
2022-12-21,78500,79200,78000,78000,1513864,49.79
2022-12-22,78500,79300,77900,79200,2061883,49.8
2022-12-23,77800,78300,77300,77800,1554446,49.75
2022-12-26,77700,77700,76500,77000,1414717,49.75
2022-12-27,77500,77600,76500,77000,1694225,49.7
2022-12-28,76800,77000,75400,76000,1891221,49.72
2022-12-29,75200,75600,74700,75000,1736661,49.71
2023-01-02,75100,76700,75000,75700,1376985,49.75
2023-01-03,75600,76300,73100,75600,2719437,49.64
2023-01-04,75400,81900,75200,81000,5154609,49.83
2023-01-05,83300,83300,80800,81400,3510964,49.86
2023-01-06,81400,83600,81100,83100,3687430,49.86
2023-01-09,84900,86000,83500,86000,3948670,49.99
2023-01-10,85500,87200,85000,86500,3105311,50.09
2023-01-11,87800,88400,86500,87300,3083961,50.2
2023-01-12,88100,88100,85800,86800,3065582,50.34
2023-01-13,86800,87500,85400,85700,2058890,50.37
2023-01-16,86000,86500,84900,85800,1512876,50.39
2023-01-17,86400,87200,85700,86000,1586136,50.41
2023-01-18,86400,86500,84500,85100,1494262,50.42
2023-01-19,84000,85800,84000,85500,1674834,50.45
2023-01-20,86300,87800,86100,87600,2386074,50.52
2023-01-25,92000,92000,90600,91400,3611901,50.7
2023-01-26,90800,92300,90100,92300,2319962,50.76
2023-01-27,91300,92800,90300,91500,2553811,50.73
2023-01-30,91300,91600,90000,90700,2603297,50.79
2023-01-31,90800,90800,86800,88500,5185088,50.76
2023-02-01,91200,91400,88500,91400,3889171,50.86
2023-02-02,94900,94900,92700,93400,4350607,51.03
2023-02-03,92400,93200,91300,92200,2925123,51.06
2023-02-06,91400,92000,89100,89100,2819903,51.03
2023-02-07,88800,91200,88800,90800,2166265,51.1
2023-02-08,91700,95000,91600,94900,3964981,51.37
2023-02-09,94800,94800,92600,94400,2726568,51.35
2023-02-10,94300,94700,93100,93500,1971090,51.43
2023-02-13,92000,92000,89900,90600,3159031,51.29
2023-02-14,91800,93500,91600,93400,2185525,51.32
2023-02-15,93800,94200,91200,91700,1801577,51.3
2023-02-16,91900,93400,91600,92900,1812496,51.26
2023-02-17,91400,92700,90900,92000,1691509,51.3
2023-02-20,92700,93300,90700,92500,1774617,51.3
2023-02-21,92500,92600,90900,91200,1477419,51.26
2023-02-22,89900,90300,88500,89100,2301835,51.26
2023-02-23,90000,93700,89600,92700,3659678,51.35
2023-02-24,93500,94000,91000,91000,2496352,51.36
2023-02-27,90100,90300,89100,90000,1893345,51.31
2023-02-28,91000,91000,88700,89400,2082486,51.21
2023-03-02,89400,90300,87500,88100,2744038,51.19
2023-03-03,88500,89200,87200,87300,2239958,51.15
2023-03-06,87900,89800,87500,89700,2374415,51.19
2023-03-07,89700,90000,88800,88900,1610948,51.23
2023-03-08,87700,87800,86400,86800,2790989,51.16
2023-03-09,87300,87800,85300,85600,3315016,51.02
2023-03-10,83800,84400,83100,83300,3559824,50.93
2023-03-13,83200,84700,82400,84300,2860341,50.93
2023-03-14,82600,83000,81100,81100,3359381,50.82
2023-03-15,81900,82300,78800,79100,5357314,50.6
2023-03-16,76700,80200,76700,79000,4804196,50.46
2023-03-17,81200,84800,81100,84000,6239588,50.41
2023-03-20,83800,85100,83000,83700,2223378,50.37
2023-03-21,84100,85100,82900,83600,1880231,50.35
2023-03-22,85200,87300,83800,86900,2667268,50.4
2023-03-23,85400,88500,85100,88500,3091673,50.3
2023-03-24,89100,90700,86700,87300,4670908,50.2
2023-03-27,87500,87800,84700,85500,3211190,50.15
2023-03-28,85300,88700,85200,88400,3180431,50.16
2023-03-29,87400,88700,86500,86900,3070422,50.06
2023-03-30,89900,90500,87700,88800,4264354,50.05
2023-03-31,89200,89500,87600,88600,2676327,50.08
2023-04-03,89700,89700,86600,87200,2502220,50.05
2023-04-04,85700,85900,83700,84500,16808036,49.67
2023-04-05,84300,85700,84100,84600,4380498,49.64
2023-04-06,83900,84700,82700,83800,5379170,49.51
2023-04-07,87900,89400,86000,89100,10867359,49.52
2023-04-10,88700,92500,88500,90700,5387514,49.63
2023-04-11,90700,92200,89900,91800,5001836,49.64
2023-04-12,91900,92000,89700,90300,4751001,49.6
2023-04-13,89500,90300,88200,88700,4907552,49.5
2023-04-14,90100,90300,88600,89300,2324722,49.54
2023-04-17,89000,89000,87700,88500,1877825,49.54
2023-04-18,89300,89300,87300,87600,1763334,49.54
2023-04-19,88000,88500,86600,88200,2024519,49.52
2023-04-20,86600,88400,86200,87700,1746001,49.51
2023-04-21,87700,89800,87200,89100,2624982,49.52
2023-04-24,88100,88800,87000,87200,2054455,49.44
2023-04-25,87500,87800,83700,85500,4096411,49.42
2023-04-26,86400,88700,86200,87400,3240654,49.53
2023-04-27,87900,89200,86000,88800,2980163,49.53
2023-04-28,90800,91400,88700,89500,3737493,49.63
2023-05-02,90900,90900,88900,90200,2427349,49.63
2023-05-03,89000,90300,88600,89800,1779615,49.65
2023-05-04,88900,89600,87500,88700,1794303,49.61
2023-05-08,89700,90000,87700,88700,2615242,49.57
2023-05-09,88400,88600,86700,87300,2297473,49.52
2023-05-10,87200,87700,86300,86900,2137658,49.53
2023-05-11,86900,87300,85000,86300,2806299,49.44
2023-05-12,86300,87600,86200,87200,2712372,49.48
2023-05-15,87000,87100,85500,86400,2357794,49.46
2023-05-16,89500,90700,88500,90400,5121364,49.79
2023-05-17,92000,92000,90300,91900,3340386,49.94
2023-05-18,92800,94000,92000,93600,3473641,50.09
2023-05-19,95000,97900,94900,97300,5062669,50.1
2023-05-22,97700,99400,97100,98200,4248401,50.17
2023-05-23,99000,99000,97000,97900,2472514,50.2
2023-05-24,97400,97800,96300,97700,2097933,50.21
2023-05-25,104300,104300,101100,103500,7431586,50.56
2023-05-26,107500,110500,106100,109200,10136706,51.12
2023-05-30,113200,113400,109500,110300,9058509,51.31
2023-05-31,110000,110900,108500,108600,8166685,51.55
2023-06-01,106000,110500,106000,110300,5553560,51.71
2023-06-02,111000,112700,109200,110300,3991904,51.7
2023-06-05,110100,110500,108500,108700,3316020,51.74
2023-06-07,108700,109300,108000,108000,3313460,51.72
2023-06-08,107000,109700,106700,109700,4355468,51.63
2023-06-09,110300,115600,108300,115400,7950947,51.76
2023-06-12,114400,115800,114000,114800,2637721,51.76
2023-06-13,117000,120100,117000,119500,6232477,51.87
2023-06-14,118800,119700,118100,118800,3240260,51.86
2023-06-15,120200,121100,118000,119000,3778592,51.84
2023-06-16,117300,119800,116300,118900,4303391,51.87
2023-06-19,118000,118500,113500,114800,4208396,51.82
2023-06-20,114000,117000,113200,116100,3319570,51.84
2023-06-21,116200,117500,114600,115100,2728146,51.83
2023-06-22,114200,115900,113400,114000,2612402,51.81
2023-06-23,114000,115200,112500,113600,2987472,51.78
2023-06-26,113100,113900,111200,113500,3350758,51.72
2023-06-27,114000,114000,110800,113000,3602087,51.68
2023-06-28,114200,115200,112800,114300,3178571,51.65
2023-06-29,115200,117400,114500,116200,4398301,51.6
2023-06-30,114600,115500,113200,115200,2674318,51.59
2023-07-03,115300,118900,115300,117600,3022009,51.65
2023-07-04,118200,118400,117200,117900,1988592,51.64
2023-07-05,118100,118200,116100,116700,2483034,51.72
2023-07-06,116000,116100,113100,113800,3465047,51.73
2023-07-07,112700,113000,111200,111800,2781723,51.73
2023-07-10,111800,112900,109700,110300,3163245,51.69
2023-07-11,111500,113400,111200,113400,2209391,51.69
2023-07-12,113200,115400,112800,115400,2228477,51.74
2023-07-13,115400,117000,113600,114100,3421492,51.72
2023-07-14,115500,120200,115300,118000,5817889,51.91
2023-07-17,116900,118700,116000,117200,2427281,51.89
2023-07-18,117500,119000,116700,117800,2299880,51.92
2023-07-19,118700,119100,116700,117500,2580301,51.92
2023-07-20,116500,117500,115200,116900,1949776,51.91
2023-07-21,114700,115100,113200,115100,2745384,51.88
2023-07-24,114100,114900,112900,114000,2761991,51.87
2023-07-25,114000,114200,112200,113400,2678385,51.81
2023-07-26,116000,116100,111300,113000,4995935,51.81
2023-07-27,115000,124000,114100,124000,9638980,52.14
2023-07-28,126200,129000,122000,128000,8718746,52.43
2023-07-31,128000,128500,122500,123400,4623350,52.37
2023-08-01,124000,126400,120700,125100,4656047,52.35
2023-08-02,123300,124800,118700,119500,3765478,52.38
2023-08-03,119000,121300,117200,120000,3498537,52.43
2023-08-04,118300,120900,118100,120100,2375384,52.44
2023-08-07,120600,124900,120500,121900,3724826,52.55
2023-08-08,121900,122400,118300,118600,2729243,52.54
2023-08-09,118500,119200,117200,118500,2551668,52.58
2023-08-10,117400,118500,115100,118500,2622604,52.57
2023-08-11,118000,119400,115200,115300,2412381,52.52
2023-08-14,114600,117300,114000,114900,2038360,52.51
2023-08-16,117200,118500,115000,115800,3870479,52.55
2023-08-17,114300,115500,112500,114800,3064253,52.5
2023-08-18,112600,118700,111800,117200,3329697,52.5
2023-08-21,117300,118500,115600,116400,2621973,52.51
2023-08-22,120000,120900,114900,116500,3349473,52.49
2023-08-23,116200,116800,114100,116000,2573292,52.45
2023-08-24,122300,123600,120300,120900,6368401,52.6
2023-08-25,117400,118300,115300,116500,3533647,52.55
2023-08-28,117000,117500,115500,115900,1746882,52.51
2023-08-29,118300,120300,117100,118600,2682352,52.54
2023-08-30,122400,122800,119400,119400,2629711,52.55
2023-08-31,121000,122800,120000,121800,4403695,52.58
2023-09-01,121400,122600,119600,120000,2886011,52.53
2023-09-04,118300,119700,116200,119200,3491280,52.49
2023-09-05,118100,121000,117700,119400,1749591,52.49
2023-09-06,118600,120000,117800,118200,1615519,52.46
2023-09-07,118200,120900,117100,118500,2995088,52.5
2023-09-08,117000,117100,112800,113700,4943255,52.26
2023-09-11,113700,116000,112900,115900,2542590,52.29
2023-09-12,115400,117500,113900,116700,2749688,52.26
2023-09-13,117900,120700,116900,118500,3860589,52.26
2023-09-14,118600,122200,118600,122200,3948784,52.28
2023-09-15,122900,124400,121600,122400,3579662,52.25
2023-09-18,120300,122900,118800,119000,2356621,52.2
2023-09-19,119400,121300,118600,119200,1921912,52.16
2023-09-20,118900,119700,116700,118000,2228681,52.07
2023-09-21,116000,116900,114100,116500,3151900,52.0
2023-09-22,114300,117300,114200,117300,2938386,51.85
2023-09-25,115900,117700,115700,117000,2181722,51.83
2023-09-26,117000,117200,113300,115000,3237819,51.74
2023-09-27,113000,115200,112300,114700,3060751,51.71
2023-10-04,113000,116600,113000,115400,4447702,51.77
2023-10-05,122900,122900,118100,120200,6112858,52.02
2023-10-06,120200,121600,119000,120400,4158083,51.97
2023-10-10,122800,124300,119500,119500,5580659,52.02
2023-10-11,123000,123900,119200,119200,4293299,52.0
2023-10-12,121100,124200,120500,124200,4016352,52.07
2023-10-13,123100,126300,122500,124700,3205273,52.11
2023-10-16,124700,125200,122400,124100,3008476,52.08
2023-10-17,125000,130800,123500,130000,6411880,52.25
2023-10-18,128600,130700,127200,130000,4760148,52.18
2023-10-19,127600,128900,125100,125700,5089745,52.13
2023-10-20,124300,127200,122800,126200,3868266,52.17
2023-10-23,126800,127200,123500,124000,2432303,52.12
2023-10-24,125400,127000,123900,126800,2802010,52.11
2023-10-25,127500,129000,126100,127500,3053002,52.15
2023-10-26,122100,124800,119500,120000,5961584,52.03
2023-10-27,119800,120900,117500,119100,5486088,51.85
2023-10-30,119100,121700,118700,119100,2798497,51.97
2023-10-31,119800,120900,116300,116300,3166739,51.96
2023-11-01,117900,120300,117000,120300,2707225,52.02
2023-11-02,123900,125400,123100,125300,3736208,52.08
2023-11-03,126500,127200,125000,125800,2796773,52.17
2023-11-06,125800,133000,125800,133000,6923192,52.43
2023-11-07,132000,133500,129300,130400,4940510,52.41
2023-11-08,131600,132700,126600,127600,3328279,52.44
2023-11-09,127700,129800,126700,128000,2228081,52.56
2023-11-10,127900,130800,127000,130500,2656526,52.59
2023-11-13,133000,134100,131000,131800,2644761,52.66
2023-11-14,133500,133500,130000,130000,2589591,52.58
2023-11-15,133900,134200,132100,134100,3616292,52.68
2023-11-16,133000,134400,131200,132300,2456351,52.66
2023-11-17,131500,132000,129100,129900,2438499,52.63
2023-11-20,129300,132000,129300,131400,2004403,52.63
2023-11-21,132000,133300,131600,132000,2439306,52.66
2023-11-22,129600,131600,129500,131300,2128566,52.68
2023-11-23,130600,131400,129500,130100,1839516,52.7
2023-11-24,130600,131000,128000,128000,1925668,52.68
2023-11-27,129200,130700,128400,130700,2264243,52.73
2023-11-28,132100,132100,129900,131400,2562226,52.71
2023-11-29,130200,131000,128900,130400,2227853,52.7
2023-11-30,129900,133900,129900,133900,3625365,52.81
2023-12-01,132200,133000,130800,132600,3641222,52.85
2023-12-04,133400,134600,131100,131100,2680820,52.83
2023-12-05,129700,130000,125400,125900,4375531,52.71
2023-12-06,126800,127500,125400,125600,2667583,52.67
2023-12-07,125600,127800,124500,125600,2478565,52.67
2023-12-08,128100,129100,127500,127500,2762531,52.67
2023-12-11,128700,129100,127300,128900,3696790,52.69
2023-12-12,130600,131900,130500,131000,3126577,52.68
2023-12-13,130000,132400,130000,131200,2852873,52.76
2023-12-14,133700,138300,133600,136700,8217135,53.09
2023-12-15,137000,140000,137000,140000,5011719,53.1
2023-12-18,139000,140800,138900,140000,2540812,53.0
2023-12-19,140000,140800,138100,138200,2309721,52.98
2023-12-20,139900,140800,139300,140500,3108011,52.93
2023-12-21,139200,140600,138100,140500,2737124,53.11
2023-12-22,142700,143700,140600,140600,3183709,53.1
2023-12-26,142000,142000,139400,140900,2239789,53.11
2023-12-27,140800,141600,139200,140400,2336777,53.08
2023-12-28,140900,141600,139500,141500,2459473,53.17
2024-01-02,139700,142800,139700,142400,2147458,53.19
2024-01-03,140000,140800,136800,136800,3257820,53.16
2024-01-04,136800,138800,135800,136400,2661970,53.18
2024-01-05,135800,137500,135800,137500,1846781,53.23
2024-01-08,137500,137900,135400,136000,2498302,53.31
2024-01-09,139000,139500,136600,137400,3473806,53.29
2024-01-10,137700,138100,132100,133500,3769252,53.2
2024-01-11,132400,137100,132400,136000,3594909,53.24
2024-01-12,136400,137300,133400,134100,1878915,53.19
2024-01-15,134800,135100,133300,134100,1858867,53.13
2024-01-16,132600,133700,131100,132100,3670169,53.09
2024-01-17,133800,134500,129000,131000,3822702,53.01
2024-01-18,131500,136800,130600,136200,3050556,53.07
2024-01-19,138700,141300,137400,141300,4946040,53.22
2024-01-22,145200,145400,142300,142600,3784276,53.31
2024-01-23,142300,142800,138300,140800,2912611,53.26
2024-01-24,140000,141700,137600,141500,2580665,53.24
2024-01-25,142700,143700,136900,137400,4708651,53.09
2024-01-26,136200,138600,136000,136000,3247410,53.13
2024-01-29,135500,137000,135000,135000,2311854,53.12
2024-01-30,135300,137800,134400,136900,2297631,53.12
2024-01-31,134800,136600,133600,134700,2815362,53.11
2024-02-01,133100,135600,131700,132700,3778274,53.02
2024-02-02,132300,135300,132200,134900,3708253,52.98
2024-02-05,134900,135800,131700,132300,3300954,53.0
2024-02-06,133700,138400,132000,138000,4672324,53.09
2024-02-07,136600,138500,135500,138000,3348045,53.09
2024-02-08,139000,143000,137900,142800,5780714,53.33
2024-02-13,146800,150000,145000,150000,6902585,53.54
2024-02-14,146300,149200,144900,148700,4396924,53.56
2024-02-15,151300,152700,148000,148700,3560211,53.56
2024-02-16,150600,150600,145700,146800,3265836,53.6
2024-02-19,146200,153200,146000,151300,3997323,53.67
2024-02-20,150300,151100,147500,149600,3507601,53.66
2024-02-21,147100,152200,147100,149000,4278500,53.63
2024-02-22,154500,156500,152600,156500,5966352,53.83
2024-02-23,166900,166900,159800,161400,7012032,54.02
2024-02-26,158400,164800,158400,161800,4329477,54.06
2024-02-27,159000,160000,153300,153800,6107954,53.99
2024-02-28,154500,159200,153800,158000,3666960,54.09
2024-02-29,154900,158400,154500,156200,3386307,54.12
2024-03-04,161000,168100,160700,166500,5230909,54.29
2024-03-05,165100,169000,164100,165800,3612530,54.34
2024-03-06,164100,165500,162700,162900,2672526,54.3
2024-03-07,164500,165900,161000,164900,3052700,54.35
2024-03-08,169800,174900,169300,171900,5089650,54.52
2024-03-11,165000,168900,164700,166600,3450905,54.5
2024-03-12,166100,167200,164000,165700,3102706,54.33
2024-03-13,168600,169700,162000,163600,5072935,54.3
2024-03-14,163600,164200,161100,161900,3655060,54.26
2024-03-15,159600,162900,158600,161200,4099531,54.24
2024-03-18,161200,164500,161000,164300,2696598,54.12
2024-03-19,161700,161800,157600,160200,4159293,54.09
2024-03-20,160200,161400,154100,156500,5692523,54.08
2024-03-21,165200,171400,162600,170000,9205769,54.39
2024-03-22,169000,173900,167400,169800,5400916,54.44
2024-03-25,170500,174800,168500,169400,3434516,54.41
2024-03-26,172000,179500,171900,176600,6549669,54.59
2024-03-27,176700,183000,175600,181200,5774536,54.75
2024-03-28,178000,182100,178000,178200,3424716,54.7
2024-03-29,179200,183900,177600,183000,3035080,54.76
2024-04-01,186400,190500,185000,185500,2723474,54.72
2024-04-02,188000,190000,184400,186300,4207759,54.69
2024-04-03,182000,183700,178200,179200,5416518,54.63
2024-04-04,184400,188500,184000,188000,5344102,54.78
2024-04-05,184800,187600,181800,182800,4043133,54.76
2024-04-08,183900,183900,180000,181200,3278855,54.72
2024-04-09,182300,185300,181700,182900,2302751,54.74
2024-04-11,182900,188400,182400,188400,4098231,54.9
2024-04-12,188700,191400,187000,187400,3097301,54.92
2024-04-15,185400,188400,183000,188200,2672047,54.89
2024-04-16,184400,185500,178300,179100,4956035,54.69
2024-04-17,179600,182500,177700,178700,4340591,54.69
2024-04-18,176000,183300,175400,182300,4170243,54.67
2024-04-19,177200,178500,169500,173300,7545976,54.51
2024-04-22,170700,172400,167000,171600,5882906,54.41
2024-04-23,172600,173700,169700,171000,3975371,54.37
2024-04-24,178900,180200,176300,179800,4254632,54.4
2024-04-25,173800,176700,170600,170600,5332149,54.18
2024-04-26,176200,178300,174900,177800,5471765,54.36
2024-04-29,179100,180400,175600,175900,2892809,54.28
2024-04-30,175900,179000,173800,174200,3655060,54.28
2024-05-02,169000,174700,169000,173600,3168250,54.28
2024-05-03,177000,177500,173200,173200,2336256,54.23
2024-05-07,179400,180900,179300,179600,4349589,54.37
2024-05-08,177600,179400,176000,178000,2304744,54.36
2024-05-09,179000,179400,175400,175400,2861600,54.32
2024-05-10,176500,180100,176400,179900,2813668,54.37
2024-05-13,180000,184000,179000,183800,3230023,54.44
2024-05-14,184200,185800,181800,185300,2763069,54.5
2024-05-16,191100,194000,191100,193000,5083178,54.72
2024-05-17,192000,193500,189900,189900,2841394,54.73
2024-05-20,192300,193200,188600,190100,3592128,54.71
2024-05-21,193400,193500,191200,192000,2468109,54.74
2024-05-22,191900,197700,190900,197700,3949439,54.92
2024-05-23,203500,204000,198200,200000,4681849,55.1
2024-05-24,199800,202500,197500,198600,3793872,55.21
2024-05-27,203500,209000,199100,201500,4774882,55.53
2024-05-28,202500,205500,200500,202500,2084945,55.56
2024-05-29,210000,210000,200500,202500,3073139,55.6
2024-05-30,202500,202500,195700,195700,2402236,55.59
2024-05-31,194400,195200,188200,189200,5958829,55.49
2024-06-03,189500,194600,188200,194200,2982443,55.54
2024-06-04,196400,196500,192900,193300,1996780,55.57
2024-06-05,189400,195200,188800,193700,2709631,55.57
2024-06-07,199500,207500,197300,207500,4805326,55.82
2024-06-10,206000,209500,205000,208000,2448961,55.88
2024-06-11,210000,215000,206000,212500,3070163,55.95
2024-06-12,212000,216000,211000,215000,2151331,56.03
2024-06-13,226000,226500,219000,222000,5777279,56.25
2024-06-14,225000,225000,216000,221000,3311223,56.36
2024-06-17,219000,229500,219000,223000,2198340,56.36
2024-06-18,227000,234500,227000,234500,3136231,56.41
2024-06-19,235000,243000,231500,233500,3758652,56.35
2024-06-20,233500,238500,231000,237500,2927358,56.33
2024-06-21,230500,234500,230000,234000,3848394,56.3
2024-06-24,228000,230000,220000,223000,5080726,56.11
2024-06-25,215500,225000,215000,225000,5730999,56.04
2024-06-26,228000,238500,227500,237000,5166862,56.14
2024-06-27,229500,239000,227500,236500,3763005,56.17
2024-06-28,235500,237500,232500,236500,2368287,56.14
2024-07-01,233500,236500,232000,235500,1709955,56.14
2024-07-02,235500,237000,230500,232000,2343947,56.15
2024-07-03,231000,236000,225000,236000,3315677,56.17
2024-07-04,240500,240500,225000,230000,7599882,56.03
2024-07-05,228500,237500,227500,236000,4041293,56.02
2024-07-08,234000,237000,232500,233500,2309023,56.01
2024-07-09,235500,241000,233000,238500,4810781,56.04
2024-07-10,237500,239000,234000,239000,2579373,56.06
2024-07-11,242500,248500,241000,241000,5336097,56.07
2024-07-12,232000,236000,230000,233000,4972976,55.95
2024-07-15,235000,235500,226500,230000,3301380,56.01
2024-07-16,226500,235000,224000,233000,3982189,56.06
2024-07-17,229500,230000,220500,220500,6051510,55.81
2024-07-18,212500,215000,209000,212500,8847665,55.61
2024-07-19,208500,214000,207000,209500,4519170,55.57
2024-07-22,209000,209500,200500,205000,6662441,55.54
2024-07-23,208500,209500,200500,205000,5976519,55.47
2024-07-24,202000,212500,200000,208500,4838734,55.48
2024-07-25,196200,198800,189000,190000,12503762,54.97
2024-07-26,190800,194500,186100,191800,8769107,54.76
2024-07-29,195000,195700,192200,195600,4017366,54.88
2024-07-30,191300,192200,186500,188900,5165131,54.81
2024-07-31,188000,195000,185200,194600,6439929,54.83
2024-08-01,201500,201500,193300,193300,6457167,54.84
2024-08-02,183600,184000,172400,173200,13050139,54.55
2024-08-05,168000,171200,151600,156100,12358821,54.36
2024-08-06,165100,166400,161500,163700,10717321,54.39
2024-08-07,160900,171000,157400,169300,9732037,54.37
2024-08-08,162600,168200,161200,163400,5370361,54.37
2024-08-09,172800,172800,168800,171500,5141277,54.5
2024-08-12,174500,179800,172600,177000,4413736,54.56
2024-08-13,179900,182400,178800,181900,4234287,54.63
2024-08-14,188000,188100,184700,186700,4420516,54.66
2024-08-16,196000,200000,194700,199700,6959688,54.93
2024-08-19,199900,199900,192400,193900,3977026,54.92
2024-08-20,198700,202500,198100,199700,4258190,55.03
2024-08-21,193000,195400,191100,192600,4508983,54.95
2024-08-22,192000,194400,189000,191100,3166217,54.98
2024-08-23,186000,189300,185400,185500,4371332,54.79
2024-08-26,187800,188500,179600,179600,4913204,54.64
2024-08-27,176800,180200,173400,175000,5796566,54.46
2024-08-28,175000,180800,174000,179300,5590086,54.32
2024-08-29,167600,171700,167200,169700,8284585,54.21
2024-08-30,171000,175500,169400,173700,4498221,54.18
2024-09-02,173600,174900,168400,174000,3507670,54.23
2024-09-03,172900,173800,168300,168300,3286574,54.19
2024-09-04,152900,159000,152900,154800,10020391,53.89
2024-09-05,157000,163000,156600,159400,5349484,53.94
2024-09-06,157100,158200,154900,156400,3459914,53.86
2024-09-09,151800,157700,150500,157000,4484162,53.72
2024-09-10,157400,161700,154300,155500,4718523,53.64
2024-09-11,156800,158700,154300,157200,3203928,53.61
2024-09-12,165200,171300,163800,168800,8628996,53.79
2024-09-13,166500,166700,161100,162800,5246578,53.58
2024-09-19,154700,155700,144700,152800,15001257,53.25
2024-09-20,160500,160800,155900,157100,7155655,53.39
2024-09-23,155800,162900,155700,162000,4497592,53.39
2024-09-24,163700,163700,159200,163500,3442530,53.34
2024-09-25,166700,169300,165000,165300,4665075,53.38
2024-09-26,178400,180900,176200,180900,9519633,53.67
2024-09-27,187500,189300,183800,183800,6886272,53.98
2024-09-30,183700,183800,174600,174600,4859468,54.01
2024-10-02,172700,175500,169100,169100,4720638,53.97
2024-10-04,171700,175600,170700,174100,3633358,54.0
2024-10-07,178400,184900,176000,184900,3904925,54.16
2024-10-08,182200,185000,178000,178000,3988028,54.08
2024-10-10,184500,188100,183400,186700,6325045,54.21
2024-10-11,190000,191200,185100,186000,3475666,54.24
2024-10-14,186900,192300,186900,187500,3309274,54.27
2024-10-15,191900,193200,189700,192900,4060365,54.42
2024-10-16,184700,192500,183600,188700,4787317,54.37
2024-10-17,191200,196000,188700,196000,3996946,54.38
2024-10-18,198200,198200,186200,187300,5509895,54.27
2024-10-21,189400,192300,188000,190900,2428544,54.35
2024-10-22,195300,195300,187500,187800,3466963,54.37
2024-10-23,188500,196700,188000,196000,4366079,54.53
2024-10-24,193500,202000,190000,198200,6344515,54.66
2024-10-25,203000,206000,199400,201000,5530362,54.68
2024-10-28,203500,205000,194200,196000,4114186,54.62
2024-10-29,196000,197000,189100,190300,4067991,54.56
2024-10-30,190200,195400,189400,195000,3580400,54.64
2024-10-31,189900,192900,186100,186300,4573282,54.58
2024-11-01,182500,184900,180500,182200,3478519,54.59
2024-11-04,185200,194000,183700,194000,3569575,54.65
2024-11-05,193600,198800,192100,193200,3560310,54.68
2024-11-06,197700,199200,192700,195800,3460361,54.76
2024-11-07,197400,198300,193100,197400,2976546,54.8
2024-11-08,200500,203000,198800,200500,3031573,54.9
2024-11-11,199300,199300,192400,192600,2636191,54.89
2024-11-12,192500,192500,184900,185800,3920254,54.91
2024-11-13,185700,189500,182600,182900,3172827,54.88
2024-11-14,182900,184900,171700,173000,6309368,54.75
2024-11-15,174000,179000,173600,178200,4330750,54.73
2024-11-18,173800,177800,170300,171700,3885644,54.64
2024-11-19,170400,172900,168100,170600,4075013,54.51
2024-11-20,175000,175100,170200,170600,3689296,54.45
2024-11-21,168200,173000,168200,168800,3821502,54.36
2024-11-22,171700,178200,171200,176700,3919973,54.46
2024-11-25,174500,179500,173900,177000,4393882,54.45
2024-11-26,175200,177700,174700,177100,1996128,54.5
2024-11-27,175600,175700,167900,168300,4756820,54.42
2024-11-28,164600,166300,160800,161100,5691298,54.31
2024-11-29,160000,162400,157600,159900,4682788,54.29
2024-12-02,162200,162700,158600,158800,3558868,54.32
2024-12-03,159200,165100,159100,164900,4180365,54.35
2024-12-04,161300,168000,161100,168000,5701792,54.36
2024-12-05,170000,175600,169300,173000,4671438,54.49
2024-12-06,173500,173600,165000,167100,4434259,54.34
2024-12-09,167100,170600,165000,168900,5305672,54.44
2024-12-10,168000,170400,167600,170400,3159112,54.42
2024-12-11,167400,171800,167000,171800,2281189,54.46
2024-12-12,176500,177400,173500,176100,4550292,54.49
2024-12-13,174400,176400,173500,175500,3677980,54.46
2024-12-16,177400,180400,177300,179300,3278975,54.51
2024-12-17,183000,184500,182100,184000,3188910,54.6
2024-12-18,183400,183900,181600,183500,2363872,54.67
2024-12-19,173900,176800,173000,175000,4833862,54.72
2024-12-20,174100,174800,167100,168500,4487308,54.51
2024-12-23,170000,173300,169600,169600,3287596,54.46
2024-12-24,171700,171900,168300,168500,1844961,54.6
2024-12-26,170000,172000,169400,170100,2022727,54.7
2024-12-27,170100,176000,170000,174500,2643523,54.72
2024-12-30,174000,175800,172400,173900,1434202,54.71
2025-01-02,170500,172200,170000,171200,2102175,54.67
2025-01-03,174500,182700,173100,181900,4233446,54.8
2025-01-06,184400,199800,184400,199800,7320382,55.0
2025-01-07,205000,206500,194800,195000,6075445,54.98
2025-01-08,193100,198100,191000,194700,4275792,54.97
2025-01-09,201000,206000,199800,205000,6692254,55.27
2025-01-10,208000,212500,202500,203500,6149475,55.37
2025-01-13,203000,203000,193900,194300,4767294,55.26
2025-01-14,194300,197900,193600,195000,3019149,55.21
2025-01-15,198000,201000,197700,198200,3620460,55.32
2025-01-16,208500,210000,206500,210000,6029645,55.63
2025-01-17,209500,217500,209000,214500,5041329,55.77
2025-01-20,219000,219000,210500,212000,3036234,55.77
2025-01-21,216500,220000,214000,218000,3323212,55.82
2025-01-22,221500,227000,217000,225500,5901740,55.97
2025-01-23,221000,225500,215000,219500,5994781,55.88
2025-01-24,220500,227000,217500,221000,3771572,55.89
2025-01-31,197000,204500,194800,199200,11871995,55.62
2025-02-03,191500,193200,186900,190900,7926444,55.64
2025-02-04,192900,194300,190100,191100,5851146,55.51
2025-02-05,191900,199400,191900,198800,4245118,55.63
2025-02-06,202000,205000,200500,203500,4032622,55.76
2025-02-07,205000,206000,200500,203000,2206293,55.8
2025-02-10,197800,203000,197000,198100,2779740,55.8
2025-02-11,201000,201500,198000,199700,2488710,55.81
2025-02-12,196500,199900,196000,198900,2884072,55.85
2025-02-13,198800,208500,198100,208500,3574410,55.88
2025-02-14,209000,212000,206500,210000,2598656,55.97
2025-02-17,211500,216000,211000,212000,2497922,56.01
2025-02-18,212000,215000,207000,210000,1937894,55.98
2025-02-19,216000,219500,214000,218500,3537720,56.08
2025-02-20,217000,218500,211000,212000,3080242,56.02
2025-02-21,209500,211000,205500,209500,2601151,55.99
2025-02-24,202500,205000,201000,205000,3087127,55.95
2025-02-25,199800,202000,199200,200500,3651613,55.84
2025-02-26,199000,206000,198600,203000,3849749,55.88
2025-02-27,204500,205000,198100,199200,3993419,55.56
2025-02-28,191600,193000,188700,190200,5533027,55.38
2025-03-04,184800,187500,184000,186100,5424556,55.28
2025-03-05,188200,194400,186600,193100,4162368,55.31
2025-03-06,193500,194000,190300,192400,2540131,55.34
2025-03-07,191000,192800,187900,192400,2700590,55.4
2025-03-10,187500,191500,187300,187900,2441476,55.29
2025-03-11,182100,189000,181300,187800,3521800,55.26
2025-03-12,192400,199350,189700,198900,4064278,55.4
2025-03-13,202500,204500,195500,199700,3883033,55.32
2025-03-14,198500,206000,198500,204500,3397462,55.47
2025-03-17,207000,209500,203500,206000,2584679,55.47
2025-03-18,208500,209000,201000,203000,2696191,55.45
2025-03-19,202000,209500,201000,205500,3102000,55.48
2025-03-20,207000,211000,205500,210000,2779557,55.59
2025-03-21,213500,219500,212000,215500,5731880,55.78
2025-03-24,211500,214500,209500,211500,1611040,55.74
2025-03-25,214500,215500,208000,208000,2262656,55.72
2025-03-26,209000,215500,208500,214000,2058540,55.77
2025-03-27,208000,212000,206500,207000,2287220,55.71
2025-03-28,203000,204500,198900,199300,2673553,55.53
2025-03-31,193500,195500,190500,190700,4561715,55.35
2025-04-01,193600,198500,192000,197000,2317253,55.38
2025-04-02,198800,201500,197300,197900,2764223,55.36
2025-04-03,189600,194600,188200,194600,4177747,55.14
2025-04-04,187900,189600,178400,182200,9182017,54.45
2025-04-07,168000,172800,164800,164800,7879050,54.18
2025-04-08,172000,173100,168200,169500,4965171,54.17
2025-04-09,170000,170000,162700,165000,8035679,53.94
2025-04-10,189700,189900,180000,183200,7836984,53.96
2025-04-11,177800,181800,176100,180800,3223735,53.8
2025-04-14,182900,184400,178000,180200,3466194,53.71
2025-04-15,180200,182400,179700,180600,1915455,53.73
2025-04-16,176500,177500,173500,174000,2933428,53.64
2025-04-17,172100,175400,171800,175000,2989493,53.51
2025-04-18,174000,175500,172800,175000,1305152,53.46
2025-04-21,174800,180000,174500,176600,1877473,53.43
2025-04-22,175000,175500,173300,173800,2008388,53.37
2025-04-23,179100,181600,178100,181000,3857373,53.32
2025-04-24,182800,183400,177600,178300,3162156,53.23
2025-04-25,182500,184900,182100,184400,3507810,53.34
2025-04-28,183500,183900,179700,182000,2455710,53.32
2025-04-29,182000,182900,179100,180800,1866386,53.29
2025-04-30,179100,180000,176700,177500,2354473,53.22
2025-05-02,179400,186200,178400,186000,3886874,53.47
2025-05-07,187700,191500,185900,190800,3830097,53.61
2025-05-08,196000,196000,189400,190300,5125330,53.75
2025-05-09,192000,192800,186800,190100,2539822,53.78
2025-05-12,193600,195200,193500,195000,1624884,53.93
2025-05-13,200500,201500,197300,198500,3385009,54.1
2025-05-14,207000,207000,204000,206000,3333511,54.29
2025-05-15,207500,208000,199500,200500,3178957,54.34
2025-05-16,206000,206750,203500,204500,2419507,54.45
2025-05-19,203000,203000,197500,199400,2482673,54.45
2025-05-20,202500,208000,201500,202000,2820546,54.5
2025-05-21,204500,205000,199900,200500,1721760,54.47
2025-05-22,199900,201500,196500,196900,1988587,54.48
2025-05-23,199900,201500,198700,200000,1538701,54.36
2025-05-26,200000,203500,196900,203000,1459997,54.38
2025-05-27,200500,203500,200000,202500,1424916,54.39
2025-05-28,206500,209500,206000,208000,3161188,54.4
2025-05-29,214500,214500,207500,212000,3827689,54.19
2025-05-30,210000,210000,203000,204500,4826628,54.24
2025-06-02,205000,208500,203000,207500,1775752,54.41
2025-06-04,218000,223000,216500,217500,5108674,54.81
2025-06-05,225500,230000,222000,224500,5768506,54.94
2025-06-09,233000,233500,228000,229000,3666084,55.0
2025-06-10,231000,232500,227500,230500,3718655,55.01
2025-06-11,236000,241000,235000,240000,4230421,55.18
2025-06-12,242500,246500,235000,235500,4994238,55.19
2025-06-13,240500,243000,233750,235500,4100610,55.31
2025-06-16,238000,248500,238000,248000,3760740,55.42
2025-06-17,253000,260000,248000,249000,5044669,55.33
2025-06-18,245500,252000,245000,246500,4081001,55.31
2025-06-19,247000,250000,242000,246000,2317796,55.32
2025-06-20,249000,257000,247500,257000,3597877,55.42
2025-06-23,252500,263000,248500,259500,3398736,55.44
2025-06-24,270000,283000,269500,278500,5436312,55.59
2025-06-25,289000,291500,284000,286000,5466598,55.61
2025-06-26,294500,298500,287000,293000,5894020,55.66
2025-06-27,288000,294500,281000,284000,5134863,55.52
2025-06-30,288500,294500,286000,292000,4375298,55.51
2025-07-01,291000,294500,285500,285500,3687981,55.51
2025-07-02,283500,283500,274500,279000,4702056,55.5
2025-07-03,281000,284000,277000,278500,3642140,55.48
2025-07-04,279500,281500,269000,270500,3654933,55.46
2025-07-07,266000,272000,264500,271000,2523564,55.42
2025-07-08,271000,285000,268500,282000,3119395,55.44
2025-07-09,282500,284000,277500,281000,2626484,55.43
2025-07-10,284000,297000,283500,297000,4556065,55.47
2025-07-11,299500,306500,292000,294500,3732533,55.46
2025-07-14,292500,302500,292500,300000,2936976,55.55
2025-07-15,296000,298500,290000,298500,4196196,55.55
2025-07-16,298500,299500,292500,296000,3123297,55.57
2025-07-17,283500,289500,268000,269500,9328322,55.28
2025-07-18,270000,275000,267000,269000,5359504,55.19
2025-07-21,267500,274500,266500,272500,2424891,55.16
2025-07-22,273000,273500,267000,268500,3139858,55.13
2025-07-23,267500,271000,264500,269000,3116279,55.16
2025-07-24,277000,279000,269000,269500,3667144,55.22
2025-07-25,273000,275000,265500,266000,2171063,55.2
2025-07-28,261000,265500,258500,262000,2877357,55.17
2025-07-29,254500,265000,254500,262500,2944177,55.12
2025-07-30,263000,266000,260500,263500,2482807,55.11
2025-07-31,271000,274000,265500,273500,3472644,55.2
2025-08-01,266000,267000,257000,258000,3227394,55.08
2025-08-04,254500,260000,254000,258000,2281558,55.06
2025-08-05,264000,264500,260500,263500,2118171,55.12
2025-08-06,260500,260500,257500,258500,1374559,55.14
2025-08-07,258000,263000,250000,262000,2724438,55.17
2025-08-08,262000,266000,255500,256500,2676174,55.15
2025-08-11,260500,267500,260000,267000,2415473,55.21
2025-08-12,268000,276000,267500,269000,3008648,55.31
2025-08-13,278000,279000,274000,278000,3472694,55.48
2025-08-14,277500,277500,270500,276500,2101050,55.48
2025-08-18,272000,272000,267000,267500,1993220,55.41
2025-08-19,268500,270000,261500,263000,1709646,55.37
2025-08-20,254500,257000,251000,255500,3571545,55.3
2025-08-21,246500,251000,245000,245000,6301130,55.05
2025-08-22,245500,252500,245500,251000,3064062,55.07
2025-08-25,256000,261500,254000,259500,3183709,55.14
2025-08-26,259500,262500,257000,261500,2050625,55.15
2025-08-27,259000,261000,256000,260000,2801594,55.06
2025-08-28,254000,268500,253000,268500,3836024,54.81
2025-08-29,268000,270000,266000,269000,1892127,54.82
2025-09-01,259500,261000,255000,256000,1837054,55.06
2025-09-02,256000,261500,256000,260500,1584710,55.13
2025-09-03,259500,265500,257750,262500,2437896,55.18
2025-09-04,267000,271000,264500,265500,2189959,55.16
2025-09-05,273000,275000,272000,273500,3103427,55.35
2025-09-08,278500,279000,274000,277000,2018299,55.44
2025-09-09,278000,288500,277000,288000,4158342,55.63
2025-09-10,294500,305000,293000,304000,5265553,55.97
2025-09-11,310000,315000,305500,307000,5148088,56.09
2025-09-12,322000,329500,319000,328500,4242516,56.21
2025-09-15,339500,341500,325000,331000,4221256,56.25
2025-09-16,331500,354000,331500,348000,5841135,56.32
2025-09-17,341000,342500,333500,333500,4498866,56.26
2025-09-18,338500,357000,336500,353000,4526286,56.21
2025-09-19,351500,360000,348000,353000,4385543,56.08
2025-09-22,349000,359000,345250,351000,4377563,55.9
2025-09-23,355500,363000,353000,361000,3315336,55.9
2025-09-24,359000,364000,348500,357500,4165199,55.81
2025-09-25,352000,359000,349500,356500,2148215,55.85
2025-09-26,347500,349000,333000,336500,3685324,55.57
2025-09-29,339500,351000,339000,349000,2275986,55.48
2025-09-30,353000,356500,347500,347500,2238614,55.45
2025-10-01,351000,362000,351000,360000,2802437,55.48
2025-10-02,388500,404500,384000,395500,7430763,55.64
2025-10-10,426000,439250,416500,428000,6835852,55.61
2025-10-13,405500,415500,403000,415000,4356534,55.44
2025-10-14,425000,436500,406500,411500,4101275,55.41
2025-10-15,410500,424000,407000,422500,2688019,55.3
2025-10-16,421000,455000,420500,452500,4247934,55.34
2025-10-17,451500,475000,449500,465500,4541583,55.3
2025-10-20,477500,485500,465500,485500,3333903,55.23
2025-10-21,497000,502000,478000,479000,4126858,55.13
2025-10-22,475000,482000,469000,481500,3870276,54.96
2025-10-23,470000,488500,468000,478500,3583993,54.87
2025-10-24,493000,513000,491500,510000,4254202,54.99
2025-10-27,533000,537000,523000,535000,3381231,54.94
2025-10-28,521000,527000,509000,521000,5659008,54.63
2025-10-29,538000,559000,523000,558000,4803031,54.6
2025-10-30,558000,579000,552000,568000,4888461,54.53
2025-10-31,557000,566000,552000,559000,3351809,54.37
2025-11-03,557000,624000,555000,620000,5787058,54.33
2025-11-04,611000,614000,583000,586000,5969769,54.21
2025-11-05,563000,587000,532000,579000,8976222,53.9
2025-11-06,602000,607000,583000,593000,5321244,53.77
2025-11-07,577000,599000,565000,580000,4789397,53.7
2025-11-10,584000,615000,581000,606000,4893645,53.67
2025-11-11,622000,646000,604000,619000,5508697,53.57
2025-11-12,605000,620000,601000,617000,2831484,53.95
2025-11-13,607000,622000,607000,612000,3875541,54.0
2025-11-14,579000,585000,560000,560000,5778374,53.67
2025-11-17,588000,606000,584000,606000,4470947,53.76
2025-11-18,583000,591000,570000,570000,3544391,53.63
2025-11-19,563000,570000,546000,562000,4529736,53.46
2025-11-20,595000,597000,570000,571000,4670237,53.36
2025-11-21,518000,531000,514000,521000,6646712,53.59
2025-11-24,531000,542000,517000,520000,6399162,53.46
2025-11-25,546000,550000,518000,519000,3716730,53.43
2025-11-26,513000,528000,501000,524000,5127393,53.34
2025-11-27,535000,556000,533000,544000,3654092,53.39
2025-11-28,551000,552000,530000,530000,2680138,53.21
2025-12-01,542000,545000,525000,538000,3134704,53.3
2025-12-02,548000,559000,542000,558000,2686580,53.39
2025-12-03,550000,559000,544000,552000,2586619,53.3
2025-12-04,542000,543000,532000,542000,2858305,53.18
2025-12-05,530000,546000,527000,544000,3204933,53.14
2025-12-08,543000,580000,533000,577000,4288433,53.23
2025-12-09,569000,575000,564000,566000,2391174,53.24
2025-12-10,571000,593000,570000,587000,3986083,53.41
2025-12-11,583000,589000,565000,565000,4021907,53.38
2025-12-12,565000,579000,560000,571000,2646148,53.38
2025-12-15,535000,563500,535000,554000,2482125,53.41
2025-12-16,545000,551000,530000,530000,3287998,53.32
2025-12-17,530000,554000,525000,551000,2692626,53.34
2025-12-18,538000,563000,537000,552000,2959059,53.37
2025-12-19,569000,570000,547000,547000,3440005,53.33
2025-12-22,574000,580000,567000,580000,2878464,53.42
2025-12-23,585000,593000,581000,584000,2011188,53.44
2025-12-24,587000,591000,584000,588000,2160697,53.54
2025-12-26,594000,605000,590000,599000,4243548,53.74
2025-12-29,630000,640000,625000,640000,4176151,53.82
2025-12-30,639000,659000,634000,651000,4094603,53.83
2026-01-02,651000,679000,647000,677000,4181895,53.81
2026-01-05,698000,700000,684000,696000,4337511,53.82
2026-01-06,690000,727000,671000,726000,4830275,53.88
2026-01-07,760000,762000,728000,742000,5693115,53.98
2026-01-08,731000,788000,731000,756000,6496379,53.97
2026-01-09,744000,756000,727000,744000,4343703,53.8
2026-01-12,755000,762000,735000,749000,3329793,53.79
2026-01-13,753000,754000,724000,738000,3771944,53.64
2026-01-14,733000,750000,728000,742000,4885051,53.58
2026-01-15,732000,750000,727000,749000,3003414,53.54
2026-01-16,751000,763000,747000,756000,3712326,53.5
2026-01-19,755000,774000,750000,764000,3392008,53.5
2026-01-20,764000,764000,737000,743000,2762369,53.46
2026-01-21,729000,756000,728000,740000,5108442,53.55
2026-01-22,766000,773000,751000,755000,3545309,53.56
2026-01-23,754000,776000,744000,767000,3508272,53.56
2026-01-26,753000,754000,736000,736000,3133330,53.51
2026-01-27,738000,800000,733000,800000,5660198,53.6
2026-01-28,810000,854000,803000,841000,6708497,53.56
2026-01-29,879000,884000,819000,861000,6837983,53.43
2026-01-30,854000,931000,853000,909000,7875195,53.47
2026-02-02,870000,888000,830000,830000,7634191,53.21
2026-02-03,874000,907000,871000,907000,5272538,53.14
2026-02-04,884000,906000,883000,900000,3800763,53.01
2026-02-05,851000,877000,838000,842000,5473720,52.77
2026-02-06,805000,850000,791000,839000,5581574,52.61
2026-02-09,898000,899000,873000,887000,4228584,52.86
2026-02-10,894000,905000,876000,876000,3441377,52.87
2026-02-11,860000,874000,848000,860000,3125590,52.83
2026-02-12,882000,894000,878000,888000,4619344,53.12
2026-02-13,889000,903000,878000,880000,3534047,53.13
2026-02-19,905000,913000,888000,894000,3285109,53.13
2026-02-20,892000,955000,881000,949000,5054333,54.62
2026-02-23,980000,980000,941000,951000,3523887,54.6
2026-02-24,952000,1005000,946000,1005000,4102382,54.64
2026-02-25,1012000,1038000,1004000,1018000,3462525,54.48
2026-02-26,1024000,1099000,1023000,1099000,4461976,54.36
2026-02-27,1050000,1096000,1048000,1061000,6453062,54.02
2026-03-03,1022000,1040000,939000,939000,6818327,53.87
2026-03-04,894000,954000,846000,849000,9253420,53.79
2026-03-05,976000,992000,927000,941000,6442459,53.84
2026-03-06,912000,938000,885000,924000,3744322,53.76
2026-03-09,851000,864000,808000,836000,7253621,53.54
2026-03-10,915000,950000,899000,938000,5304897,53.69
2026-03-11,954000,985000,941000,955000,3916098,53.7
2026-03-12,938000,963000,928000,930000,3711742,53.59
2026-03-13,891000,929000,884000,910000,3645102,53.51
2026-03-16,925000,975000,924000,974000,3829496,53.57
2026-03-17,1009000,1010000,969000,970000,3326240,53.51
2026-03-18,1000000,1060000,999000,1056000,4347884,53.63
2026-03-19,1008000,1043000,1003000,1013000,3347483,53.55
2026-03-20,1023000,1026000,1002000,1007000,3426646,53.45
2026-03-23,952000,963000,927000,933000,3911813,53.43
2026-03-24,993000,994000,938000,986000,4352152,53.41
2026-03-25,1016000,1042000,988000,995000,4463869,53.35
2026-03-26,965000,973000,931000,933000,4660620,53.21
2026-03-27,890000,934000,880000,922000,4520942,53.05
2026-03-30,867000,884000,862000,873000,4498502,52.88
2026-03-31,817000,852000,806000,807000,7194351,52.69
2026-04-01,884000,905000,858000,893000,6255058,52.62
2026-04-02,912000,914000,818000,830000,6127534,52.57
2026-04-03,867000,886000,860000,876000,2927164,52.62
2026-04-06,877000,901500,869000,886000,3100989,52.61
2026-04-07,917000,933000,888000,916000,3619929,52.71
2026-04-08,1007000,1056000,992000,1033000,6709356,52.9
2026-04-09,1015000,1025000,990000,998000,5026817,52.79
2026-04-10,1030000,1042000,1024000,1027000,3134921,52.91
2026-04-13,999000,1043000,996000,1040000,2769753,52.98
2026-04-14,1092000,1128000,1078000,1103000,4754545,53.08
2026-04-15,1165000,1173000,1130000,1136000,4093703,53.04
2026-04-16,1141000,1161000,1130000,1155000,2901319,52.97
2026-04-17,1149000,1155000,1121000,1128000,3578235,52.87
2026-04-20,1148000,1175000,1141000,1166000,3748014,52.96
2026-04-21,1196000,1228000,1193000,1224000,3516960,53.06
2026-04-22,1227000,1233000,1195000,1223000,2894919,53.05
2026-04-23,1220000,1267000,1183000,1225000,5343871,53.12
2026-04-24,1237000,1242000,1193000,1222000,3127857,53.01
2026-04-27,1253000,1317000,1249000,1292000,4563073,53.1
2026-04-28,1313000,1328000,1296000,1300000,3002713,53.04
2026-04-29,1284000,1317000,1281000,1293000,3001208,52.92
2026-04-30,1312000,1325000,1286000,1286000,3342342,53.0
2026-05-04,1339000,1450000,1333000,1447000,5776641,53.22
2026-05-06,1590000,1614000,1557000,1601000,6631934,53.23
2026-05-07,1622000,1665000,1567000,1654000,5860618,53.01
2026-05-08,1591000,1689000,1591000,1686000,4278087,52.87
2026-05-11,1833000,1949000,1826000,1880000,7433039,52.78
2026-05-12,1944000,1967000,1804000,1835000,9160593,52.51
2026-05-13,1781000,1990000,1781000,1976000,7126921,52.37
2026-05-14,1976000,1994000,1937000,1970000,6040068,52.36
2026-05-15,1950000,1995000,1789000,1819000,7485233,52.14
2026-05-18,1780000,1897000,1731000,1840000,6481608,52.06
2026-05-19,1791000,1823000,1740000,1745000,4575855,51.87
2026-05-20,1743000,1778000,1690000,1745000,5535123,51.76
2026-05-21,1801000,1954000,1796000,1940000,5096690,51.66
2026-05-22,1942000,1952000,1912000,1941000,3135190,51.61
2026-05-26,2008000,2087000,2006000,2052000,4903591,51.62
2026-05-27,2279000,2358000,2200000,2243000,7545783,51.65
2026-05-28,2189000,2305000,2151000,2289000,6229499,51.5
2026-05-29,2352000,2379000,2290500,2333000,8518013,51.44
2026-06-01,2299000,2398000,2296000,2363000,5602897,51.34
2026-06-02,2376000,2407000,2259000,2360000,5837216,51.3
2026-06-04,2284000,2327000,2262000,2298000,3941067,51.27
2026-06-05,2142000,2188000,2070000,2070000,5778751,51.16
2026-06-08,1856000,2072000,1855000,1911000,6610833,51.15
2026-06-09,2050000,2226000,1998000,2215000,5878039,51.09
2026-06-10,2137000,2180000,1992000,2048000,4928269,51.05
2026-06-11,1975000,2163000,1960000,2101000,6625775,51.1
2026-06-12,2281000,2304000,2150000,2150000,5286416,51.19
2026-06-15,2283000,2322000,2265000,2288000,3872910,51.23
2026-06-16,2381000,2400000,2286000,2382000,3644469,51.29
2026-06-17,2335000,2523000,2334000,2521000,3980010,51.3
2026-06-18,2556000,2738000,2556000,2685000,5808765,51.31
2026-06-19,2824000,2891000,2688000,2764000,7478195,51.25
2026-06-22,2728000,2945000,2728000,2919000,5179795,51.15
2026-06-23,2898000,2943000,2536000,2555000,8050335,50.99
2026-06-24,2598000,2703000,2453000,2580000,7487916,50.78
2026-06-25,2865000,2987000,2749000,2917000,6790853,50.77
2026-06-26,2850000,2880000,2600000,2673000,7467492,50.63
2026-06-29,2636000,2688000,2517000,2628000,5217788,50.44
2026-06-30,2608000,2742000,2541000,2650000,5109213,50.36
