date,open,high,low,close,volume,foreign_ownership_ratio
2016-07-01,264500,272500,264500,268000,83502,48.81
2016-07-04,268000,270000,266000,267000,63671,48.81
2016-07-05,265500,268000,264000,264000,52659,48.8
2016-07-06,264500,265500,259500,261500,73814,48.74
2016-07-07,264000,269000,263500,264000,42158,48.74
2016-07-08,262500,264500,260000,264500,42222,48.73
2016-07-11,269500,270500,266000,270000,76075,48.69
2016-07-12,272000,274500,270000,274000,65475,48.7
2016-07-13,272000,276000,269000,272000,72606,48.72
2016-07-14,273000,273000,267500,269500,59904,48.72
2016-07-15,270000,274000,269500,272500,76710,48.75
2016-07-18,270000,273000,268000,269500,32605,48.75
2016-07-19,271000,271000,266000,268500,45146,48.77
2016-07-20,269500,270500,266000,269500,32848,48.78
2016-07-21,268500,270500,267500,268500,54596,48.77
2016-07-22,268500,271500,267000,270500,36522,48.77
2016-07-25,271500,272000,267500,271500,36592,48.8
2016-07-26,270000,272000,269000,270000,56279,48.82
2016-07-27,270500,270500,268500,269500,25043,48.81
2016-07-28,269000,271500,266500,268500,42383,48.83
2016-07-29,267000,270500,266500,266500,64381,48.83
2016-08-01,265500,279500,264500,279500,126065,48.94
2016-08-02,276000,284500,275000,282500,91042,48.97
2016-08-03,277000,279500,271500,271500,58288,48.93
2016-08-04,272000,276000,271000,274000,52266,48.89
2016-08-05,274500,277500,274000,274500,49610,48.83
2016-08-08,274500,277500,274500,275000,59696,48.8
2016-08-09,275000,281000,274500,279000,96406,48.71
2016-08-10,277000,280000,277000,279000,68269,48.67
2016-08-11,278000,281000,276000,280500,74642,48.64
2016-08-12,279000,281500,277500,278500,67361,48.58
2016-08-16,280000,280000,272000,272000,82983,48.52
2016-08-17,272000,275000,271000,272500,65687,48.49
2016-08-18,273000,279500,273000,278000,199475,48.28
2016-08-19,276000,277500,271000,271000,87904,48.26
2016-08-22,271000,271000,264000,266500,104122,48.19
2016-08-23,266500,271000,265500,269000,106895,48.11
2016-08-24,270000,271500,267500,268500,85348,48.08
2016-08-25,270000,270500,265000,266000,101695,48.03
2016-08-26,266000,267000,264000,264000,122415,47.93
2016-08-29,263000,266000,262000,264000,120573,47.88
2016-08-30,265500,270500,264000,269000,94878,47.84
2016-08-31,270000,271000,268000,270000,114412,47.83
2016-09-01,272000,282500,272000,280000,235537,47.71
2016-09-02,280000,284000,275500,281500,112289,47.64
2016-09-05,282000,287000,281000,285000,70946,47.6
2016-09-06,285000,288500,282500,286500,79745,47.63
2016-09-07,283500,286500,281500,284000,48857,47.62
2016-09-08,283000,290500,283000,285500,115903,47.59
2016-09-09,283000,288000,278500,285000,74117,47.55
2016-09-12,286500,290000,284000,285500,115283,47.45
2016-09-13,284000,285000,278000,278000,93850,47.43
2016-09-19,272000,282000,272000,280000,82423,47.43
2016-09-20,278500,280500,274500,277500,83374,47.4
2016-09-21,276000,285000,273500,282500,90815,47.4
2016-09-22,282500,288500,282000,282000,91978,47.44
2016-09-23,286000,288500,283000,287500,103183,47.42
2016-09-26,289500,289500,284500,285000,56637,47.39
2016-09-27,287000,287000,277500,282000,95089,47.32
2016-09-28,282500,285500,282000,282500,57663,47.31
2016-09-29,283000,287000,281500,283500,67489,47.26
2016-09-30,282000,285500,279000,279500,73030,47.2
2016-10-04,284000,284000,280500,282500,51293,47.18
2016-10-05,279000,282500,277000,277000,77568,47.18
2016-10-06,275000,281000,274500,281000,68561,47.17
2016-10-07,278500,280000,277000,279000,44277,47.14
2016-10-10,282500,285000,280000,283500,54076,47.13
2016-10-11,287500,289000,284000,288000,75929,47.13
2016-10-12,290000,290500,281500,284000,63111,47.09
2016-10-13,282500,284000,278500,280000,82459,47.1
2016-10-14,281500,284000,280000,280500,37981,47.11
2016-10-17,281500,283000,279000,280000,47965,47.13
2016-10-18,280000,282000,279000,280500,64992,47.12
2016-10-19,281000,283000,279500,282000,101021,47.16
2016-10-20,281500,289500,281500,289500,117150,47.25
2016-10-21,290000,290000,285500,287500,67196,47.25
2016-10-24,287000,292500,286000,290000,89714,47.26
2016-10-25,290000,296000,288500,294500,89167,47.23
2016-10-26,294000,294500,285500,287000,61629,47.22
2016-10-27,289000,293500,286000,293500,62506,47.23
2016-10-28,292000,294000,290000,293500,33600,47.23
2016-10-31,289500,295500,289500,291500,76233,47.19
2016-11-01,285500,287500,281000,282500,121075,47.14
2016-11-02,283000,287000,281500,284000,60542,47.19
2016-11-03,285000,286500,284000,284000,48354,47.16
2016-11-04,286500,286500,282500,284000,35257,47.14
2016-11-07,286500,288000,284500,285500,40664,47.12
2016-11-08,286500,287500,284000,285000,58997,47.12
2016-11-09,288000,293000,281500,286500,114740,47.13
2016-11-10,287000,294000,285500,294000,92134,47.11
2016-11-11,292000,300500,292000,298000,140119,47.08
2016-11-14,298000,306000,294500,302000,95034,47.03
2016-11-15,303500,304000,293000,294000,62162,46.99
2016-11-16,293000,294000,288000,288000,124400,46.98
2016-11-17,286000,292500,285500,290000,63258,47.0
2016-11-18,289500,295500,289500,293500,69216,47.04
2016-11-21,296000,297000,290500,296500,42483,47.06
2016-11-22,297500,298500,293500,293500,69246,47.07
2016-11-23,292000,301000,292000,300000,57840,47.08
2016-11-24,301000,305000,299000,299000,45286,47.07
2016-11-25,301000,302500,297000,299500,43649,47.05
2016-11-28,298000,304500,298000,301500,55403,47.08
2016-11-29,301000,304000,298500,301500,83786,47.08
2016-11-30,304000,304000,292000,293000,135547,47.06
2016-12-01,293500,298000,285500,288000,128114,47.01
2016-12-02,287000,289000,283500,286000,96122,46.97
2016-12-05,286000,289000,284500,286500,110886,46.94
2016-12-06,290000,292000,288000,291500,76469,46.87
2016-12-07,290500,290500,284000,288000,52499,46.84
2016-12-08,289000,291000,285500,290000,74641,46.79
2016-12-09,290000,293000,287000,290000,50983,46.8
2016-12-12,292000,293000,288500,289000,48831,46.79
2016-12-13,290500,293000,288500,292500,67803,46.81
2016-12-14,293500,298000,293000,298000,80054,46.87
2016-12-15,296000,296000,287500,289500,103748,46.85
2016-12-16,289000,295000,289000,295000,104899,46.93
2016-12-19,293000,298000,293000,298000,52995,46.96
2016-12-20,300500,301000,292500,294000,64246,46.96
2016-12-21,294500,294500,270500,275500,278032,47.04
2016-12-22,276500,280500,274000,275500,113140,47.03
2016-12-23,274500,276500,270500,273000,114819,47.01
2016-12-26,273000,275000,272000,272500,42112,47.01
2016-12-27,273000,275500,273000,274000,36269,47.01
2016-12-28,270000,272500,269500,271000,53841,47.03
2016-12-29,271500,271500,268500,268500,62872,47.07
2017-01-02,268500,268500,263500,264500,53967,47.08
2017-01-03,264500,268500,263000,266000,63489,47.1
2017-01-04,266000,273000,266000,271500,75992,47.09
2017-01-05,270000,273500,269500,272500,48223,47.08
2017-01-06,273500,274000,271000,273000,52786,47.08
2017-01-09,271500,273000,268000,269500,58274,47.09
2017-01-10,267000,269000,266000,266500,72784,47.07
2017-01-11,264000,266000,262000,262000,127798,47.02
2017-01-12,263000,268500,263000,267500,122951,47.01
2017-01-13,267000,270500,266000,268000,77161,46.96
2017-01-16,269000,277500,268500,274000,106058,46.92
2017-01-17,275500,277000,270500,275500,83675,46.91
2017-01-18,274000,279500,274000,276000,72357,46.87
2017-01-19,273000,275500,270000,270000,62437,46.85
2017-01-20,272000,277000,270500,272000,61170,46.84
2017-01-23,272000,276000,272000,273500,62256,46.82
2017-01-24,273500,275000,270000,271500,82530,46.81
2017-01-25,272500,273000,267000,267500,74923,46.76
2017-01-26,268000,270500,266500,267000,72625,46.75
2017-01-31,265500,271000,265500,269000,86636,46.72
2017-02-01,270500,271500,267000,268500,66023,46.7
2017-02-02,267500,270000,267000,267000,51390,46.69
2017-02-03,268500,275500,267500,273000,68370,46.66
2017-02-06,277000,277000,271500,272500,34314,46.66
2017-02-07,273500,277000,272000,277000,44510,46.66
2017-02-08,275000,277000,272000,277000,58149,46.65
2017-02-09,277000,279000,275500,279000,50246,46.67
2017-02-10,279500,279500,275500,277500,65106,46.66
2017-02-13,279500,279500,277500,278500,57629,46.65
2017-02-14,279000,279500,275500,279000,82560,46.64
2017-02-15,277500,278000,273000,273500,85029,46.61
2017-02-16,267500,268500,257500,259500,357146,46.53
2017-02-17,256500,260500,256000,258500,113118,46.51
2017-02-20,258500,259500,256000,258000,65113,46.51
2017-02-21,256500,261500,256500,257000,129523,46.44
2017-02-22,257500,258000,254500,255500,141407,46.43
2017-02-23,254000,254500,250000,252500,194912,46.34
2017-02-24,252500,256000,252500,255500,130488,46.29
2017-02-27,254500,257000,253500,254500,101422,46.23
2017-02-28,254500,255000,253000,255000,163400,46.16
2017-03-02,258000,263500,257500,258500,271004,46.15
2017-03-03,257500,262500,257000,258500,162442,46.07
2017-03-06,259000,260500,255000,255500,120013,46.01
2017-03-07,255500,259000,255000,258000,100460,46.0
2017-03-08,257000,259000,254000,257500,131982,45.94
2017-03-09,257000,258000,255500,256000,109194,45.95
2017-03-10,256500,258000,255000,258000,82305,45.98
2017-03-13,258500,259500,256000,257000,69258,45.96
2017-03-14,258500,265500,258000,264500,242742,46.09
2017-03-15,265000,265500,262000,265500,78526,46.14
2017-03-16,266000,267500,264000,266500,96745,46.21
2017-03-17,267500,269500,265500,269500,115565,46.33
2017-03-20,267500,270000,266500,268500,46025,46.32
2017-03-21,270500,271500,268500,271000,126255,46.38
2017-03-22,271000,271000,266000,267500,81201,46.36
2017-03-23,269500,271000,267000,271000,85730,46.39
2017-03-24,271000,274500,270500,273500,102871,46.48
2017-03-27,271000,272000,268000,270500,78346,46.47
2017-03-28,272500,272500,268500,270500,65917,46.48
2017-03-29,271000,271000,265000,265500,92449,46.48
2017-03-30,267000,268500,265000,266500,48754,46.5
2017-03-31,266000,269500,266000,268000,53584,46.53
2017-04-03,268000,271500,266000,267000,56967,46.53
2017-04-04,267000,268500,266000,268000,30064,46.54
2017-04-05,267000,269500,266000,266500,80744,46.54
2017-04-06,265500,267000,263500,266000,53332,46.55
2017-04-07,265000,267000,264500,267000,58349,46.57
2017-04-10,265500,267000,264000,265000,44370,46.59
2017-04-11,265000,266000,264000,265000,53277,46.59
2017-04-12,264500,265000,262000,262500,108987,46.67
2017-04-13,265000,269000,264000,268500,75288,46.68
2017-04-14,267500,268000,265000,267500,25419,46.69
2017-04-17,268000,274000,267500,273000,72699,46.71
2017-04-18,274000,275000,270000,274000,76023,46.68
2017-04-19,271000,274000,269000,272000,80189,46.66
2017-04-20,271000,274000,269000,271500,59344,46.68
2017-04-21,270000,272000,268500,269000,81205,46.64
2017-04-24,271500,273000,269500,270500,57211,46.67
2017-04-25,269500,271000,266000,267000,102618,46.64
2017-04-26,267000,270000,267000,269000,76767,46.68
2017-04-27,268500,271500,265000,267000,97884,46.66
2017-04-28,265500,269500,265000,268000,121752,46.74
2017-05-02,268500,270000,268000,269000,81238,46.77
2017-05-04,267500,270000,267000,269000,177036,46.75
2017-05-08,270000,273500,267500,273500,153903,46.73
2017-05-10,277000,286000,272500,276500,166542,46.76
2017-05-11,279500,280000,275000,278500,93460,46.73
2017-05-12,278500,278500,275000,277000,62455,46.71
2017-05-15,278500,278500,275000,278500,50935,46.73
2017-05-16,279000,280000,276500,279500,107967,46.77
2017-05-17,279500,281000,277000,279500,82642,46.79
2017-05-18,277000,281000,275000,276000,81540,46.81
2017-05-19,276000,279500,276000,277000,79828,46.82
2017-05-22,280000,280000,276000,277500,87110,46.83
2017-05-23,277000,283000,277000,281000,111335,46.83
2017-05-24,282500,283500,280500,282500,61975,46.83
2017-05-25,284500,292500,282500,290000,183698,46.79
2017-05-26,289000,292000,286500,290000,108001,46.74
2017-05-29,292500,294500,290000,292000,71950,46.73
2017-05-30,290500,293500,290000,293000,71755,46.75
2017-05-31,291500,293500,291000,292500,296439,46.72
2017-06-01,291000,293000,290000,291500,84953,46.76
2017-06-02,290500,298000,290500,294500,109797,46.78
2017-06-05,297000,297000,293000,295000,83425,46.84
2017-06-07,293000,299500,293000,296000,121637,46.92
2017-06-08,295000,298000,292000,294000,207436,47.16
2017-06-09,289500,293500,285500,288000,201703,47.37
2017-06-12,288000,291000,287500,289000,125673,47.45
2017-06-13,285500,290500,285500,290000,63837,47.5
2017-06-14,288500,293500,288500,293000,111686,47.6
2017-06-15,294500,295000,286500,288000,94828,47.68
2017-06-16,287500,288500,282500,288000,93970,47.73
2017-06-19,288000,289500,284000,285000,62620,47.76
2017-06-20,284000,286000,281500,283000,75947,47.84
2017-06-21,281500,283000,278500,280000,116960,47.9
2017-06-22,277500,281500,276000,280000,110454,47.95
2017-06-23,278500,281000,277500,278000,101467,48.05
2017-06-26,279500,280000,277500,278500,44901,48.08
2017-06-27,278500,279000,277000,278000,110493,48.16
2017-06-28,278500,279500,276500,278000,48469,48.15
2017-06-29,279000,284000,279000,284000,82027,48.19
2017-06-30,283000,285000,280000,281500,71934,48.19
2017-07-03,282500,284500,279500,284500,71589,48.23
2017-07-04,285500,287500,283000,286500,83263,48.27
2017-07-05,284500,286500,282000,285000,60107,48.27
2017-07-06,283000,287000,282500,285500,65266,48.31
2017-07-07,283000,291500,283000,290000,78839,48.31
2017-07-10,289000,295000,288500,291000,71223,48.28
2017-07-11,291500,293500,289500,293000,59444,48.31
2017-07-12,292000,292500,288000,289000,73163,48.28
2017-07-13,293000,294500,292000,292000,105649,48.36
2017-07-14,291000,292000,288500,291500,51600,48.38
2017-07-17,293000,294500,291500,293000,65068,48.39
2017-07-18,293000,294000,289500,292500,65583,48.42
2017-07-19,293000,294500,291500,294000,81281,48.42
2017-07-20,293000,294000,284500,288000,110863,48.38
2017-07-21,286000,291000,285000,291000,92355,48.4
2017-07-24,292000,294000,289500,293000,79777,48.44
2017-07-25,294000,295000,292500,295000,65991,48.49
2017-07-26,297000,297500,291500,292000,69021,48.49
2017-07-27,291500,295000,289500,294000,50104,48.47
2017-07-28,291500,295000,290500,291500,71371,48.43
2017-07-31,290000,294000,288500,292000,86544,48.41
2017-08-01,293000,307500,293000,305500,159583,48.47
2017-08-02,305500,305500,300000,302500,54593,48.47
2017-08-03,301000,304500,300500,303500,68882,48.45
2017-08-04,303500,307000,297000,299000,55482,48.47
2017-08-07,301000,301000,297000,299500,34303,48.48
2017-08-08,299000,300500,296000,298000,65102,48.5
2017-08-09,296000,299500,295500,298000,41954,48.49
2017-08-10,297000,300000,281000,286500,160524,48.53
2017-08-11,283000,289500,283000,289500,120001,48.55
2017-08-14,288000,289000,282500,283000,64732,48.52
2017-08-16,286000,291500,284000,291000,102138,48.56
2017-08-17,290000,291500,285500,286500,78702,48.59
2017-08-18,285000,290000,284500,286500,95080,48.62
2017-08-21,285500,286500,283000,284000,57517,48.63
2017-08-22,286000,287000,283500,285000,27223,48.64
2017-08-23,284000,285000,281500,283000,57213,48.65
2017-08-24,283000,288500,282500,288500,54510,48.68
2017-08-25,289500,292500,287500,292500,62263,48.72
2017-08-28,289000,291500,283000,285000,74581,48.7
2017-08-29,285500,287000,282500,286500,50316,48.71
2017-08-30,287000,287000,280500,281500,75201,48.71
2017-08-31,280500,281000,274500,276500,87911,48.71
2017-09-01,276500,278000,269500,270000,126906,48.81
2017-09-04,270500,273000,268000,270500,47438,48.81
2017-09-05,271000,272000,266500,269000,55376,48.79
2017-09-06,269500,269500,263500,266500,83674,48.78
2017-09-07,267500,271500,267500,269500,64545,48.8
2017-09-08,269500,275500,267500,273000,78297,48.82
2017-09-11,273000,274500,270500,271000,46832,48.79
2017-09-12,273500,274500,269000,269500,39742,48.77
2017-09-13,269000,270000,265000,266500,63912,48.78
2017-09-14,265500,267500,262500,265500,107224,48.76
2017-09-15,266500,271500,264500,271500,67037,48.77
2017-09-18,273000,274500,270500,274000,76973,48.84
2017-09-19,274500,274500,268000,269000,54559,48.81
2017-09-20,270500,274000,270000,273000,63253,48.8
2017-09-21,270500,272000,269000,270000,51230,48.82
2017-09-22,269500,276500,269500,276000,85632,48.88
2017-09-25,277000,277500,272500,273000,65256,48.89
2017-09-26,275500,279500,272500,279000,77127,48.83
2017-09-27,277000,280000,276000,279000,66392,48.83
2017-09-28,276500,280000,274500,280000,52648,48.84
2017-09-29,282000,282000,278000,280000,45159,48.88
2017-10-10,280000,284000,278000,282500,132327,48.98
2017-10-11,279500,283500,278000,283000,67796,49.03
2017-10-12,281000,286000,281000,286000,75988,49.09
2017-10-13,284500,290000,284500,288000,63988,49.11
2017-10-16,287500,288500,283000,283500,57358,49.12
2017-10-17,282500,284500,277500,278500,115960,49.13
2017-10-18,276000,277500,275000,276500,78498,49.12
2017-10-19,276500,282500,275500,278000,66343,49.15
2017-10-20,278000,283000,278000,283000,68425,49.2
2017-10-23,281500,284500,278500,280000,64525,49.23
2017-10-24,278500,280500,277000,279000,57404,49.27
2017-10-25,278000,284500,278000,282500,91612,49.28
2017-10-26,281500,284000,279000,281000,56799,49.27
2017-10-27,279500,283500,278500,281500,63376,49.25
2017-10-30,279500,281000,272000,273000,110537,49.16
2017-10-31,271500,275000,269500,273000,131215,49.19
2017-11-01,270000,273000,266000,267500,231406,49.16
2017-11-02,268000,271500,267500,271000,95487,49.15
2017-11-03,273000,275000,272000,274500,76328,49.22
2017-11-06,272500,275000,272000,274500,51193,49.24
2017-11-07,274000,276000,273000,274500,73416,49.29
2017-11-08,272500,274000,268500,270000,88279,49.3
2017-11-09,272000,272000,268000,271500,74430,49.31
2017-11-10,270000,271000,268500,268500,48716,49.29
2017-11-13,268000,270000,268000,269000,43052,49.3
2017-11-14,268500,270000,267500,269500,63360,49.3
2017-11-15,269500,272500,269500,270500,72680,49.32
2017-11-16,273000,273000,269000,271000,66039,49.35
2017-11-17,271000,272500,268500,272000,97819,49.42
2017-11-20,271000,271000,267500,268000,84019,49.45
2017-11-21,267500,268000,264000,264000,89732,49.39
2017-11-22,264000,267500,264000,264500,53585,49.38
2017-11-23,264500,265000,262000,262000,71107,49.35
2017-11-24,262500,265500,262500,264500,50673,49.36
2017-11-27,264000,268000,263500,266000,74503,49.37
2017-11-28,267500,269500,266000,268000,62869,49.38
2017-11-29,267500,268000,265000,266500,52766,49.36
2017-11-30,268500,268500,260000,260000,170224,49.31
2017-12-01,263000,263500,258500,258500,100587,49.26
2017-12-04,259000,266500,259000,265500,121091,49.31
2017-12-05,265500,267500,264500,266000,58290,49.32
2017-12-06,267500,268000,264000,264000,124151,49.3
2017-12-07,264000,267000,261500,262000,98902,49.25
2017-12-08,262000,265000,261500,263000,58106,49.25
2017-12-11,264000,264500,262500,263500,65443,49.21
2017-12-12,264000,266000,263500,265000,106650,49.23
2017-12-13,266000,267000,263000,266000,90318,49.21
2017-12-14,267000,268000,265000,265000,191287,49.26
2017-12-15,267500,268000,265500,268000,129843,49.29
2017-12-18,268500,269000,266000,267000,59728,49.28
2017-12-19,267500,270000,266000,266000,95817,49.28
2017-12-20,266500,269500,266000,268500,70654,49.26
2017-12-21,267000,268500,267000,267500,57094,49.21
2017-12-22,269000,269000,266500,267500,67118,49.18
2017-12-26,267500,269500,267000,267000,95092,49.06
2017-12-27,263000,264000,261000,264000,51941,49.07
2017-12-28,265000,267000,264000,267000,38802,49.11
2018-01-02,268000,269500,263500,265500,45072,49.11
2018-01-03,263500,267500,263500,265500,76640,49.2
2018-01-04,267500,267500,262500,262500,85374,49.24
2018-01-05,261500,264500,259500,260500,88782,49.23
2018-01-08,261500,264000,261500,264000,46456,49.26
2018-01-09,267500,272000,264500,272000,136190,49.37
2018-01-10,271500,275500,271500,274000,118496,49.43
2018-01-11,275500,277000,273000,277000,142737,49.55
2018-01-12,278500,280500,276500,278500,157049,49.68
2018-01-15,280500,282500,279000,281500,94021,49.74
2018-01-16,281500,282000,278500,279500,108646,49.77
2018-01-17,279000,280500,277000,280000,74148,49.82
2018-01-18,278000,279500,275000,277500,80521,49.86
2018-01-19,274500,278500,274500,278000,56642,49.88
2018-01-22,278500,281500,277000,279500,120773,49.91
2018-01-23,280000,283500,278500,283500,131734,49.98
2018-01-24,284000,287000,282500,284500,115955,50.0
2018-01-25,285000,287000,284000,285000,82301,50.06
2018-01-26,281500,282000,278000,279500,100452,50.05
2018-01-29,280000,284500,278500,283000,73591,50.08
2018-01-30,285000,285000,278000,279500,95408,50.13
2018-01-31,284500,291500,280500,289000,198838,50.23
2018-02-01,289500,293000,289000,292000,73569,50.27
2018-02-02,293500,294500,290000,294500,108630,50.38
2018-02-05,297000,297500,290000,294000,93755,50.45
2018-02-06,296000,296000,287500,289500,93884,50.46
2018-02-07,286500,290500,280000,280500,145123,50.47
2018-02-08,279500,284000,278000,279000,81148,50.5
2018-02-09,273500,275500,272000,275000,63520,50.51
2018-02-12,275500,279500,273500,278000,43892,50.54
2018-02-13,276000,279500,274500,277500,42325,50.56
2018-02-14,277500,280500,274000,274500,58490,50.57
2018-02-19,280500,286000,276500,286000,76394,50.63
2018-02-20,284500,285500,278000,280500,39707,50.63
2018-02-21,279500,288500,275000,287500,75650,50.63
2018-02-22,284500,292500,284000,291500,98445,50.69
2018-02-23,292000,294500,288000,293000,89093,50.72
2018-02-26,293000,293000,287000,290000,86537,50.72
2018-02-27,287000,288000,285000,285000,91630,50.74
2018-02-28,283500,290000,283000,289000,113452,50.8
2018-03-02,285000,285500,279500,284000,85548,50.83
2018-03-05,282000,285000,280500,281500,43757,50.84
2018-03-06,282500,284000,278000,278000,63770,50.83
2018-03-07,278500,281500,275500,276500,61786,50.86
2018-03-08,279000,279000,272500,279000,112164,50.89
2018-03-09,279500,284000,275500,278000,95421,50.91
2018-03-12,282000,282500,278500,280500,67334,50.94
2018-03-13,277500,279500,275500,276500,126809,50.97
2018-03-14,276500,280000,276000,278000,52728,51.0
2018-03-15,279500,279500,274500,277500,61583,50.99
2018-03-16,279000,281000,277500,280000,90515,51.01
2018-03-19,280000,282500,278000,280500,31794,51.02
2018-03-20,278000,282500,278000,281500,46445,51.02
2018-03-21,279000,282500,279000,282000,45845,51.01
2018-03-22,281000,287500,281000,282000,49298,51.01
2018-03-23,279000,280000,274000,277000,55719,51.01
2018-03-26,274000,277000,273000,276500,27347,51.01
2018-03-27,275000,276500,273000,274500,53846,50.99
2018-03-28,273500,275000,270000,271500,56151,50.98
2018-03-29,270000,272500,267500,268000,82423,50.99
2018-03-30,270500,271500,269000,270500,38513,50.98
2018-04-02,268500,272500,267500,269500,37545,50.99
2018-04-03,269500,270000,265500,266000,62711,50.99
2018-04-04,265500,271000,265500,267500,56806,51.07
2018-04-05,268000,269000,266000,267000,35708,51.05
2018-04-06,266500,266500,262000,265000,86331,51.04
2018-04-09,264500,265500,263000,265500,38781,51.05
2018-04-10,264000,269500,263000,269500,65942,51.09
2018-04-11,265500,269000,264000,264500,55530,51.09
2018-04-12,264500,266000,263500,263500,53646,51.12
2018-04-13,263500,265000,263000,264500,39089,51.13
2018-04-16,265500,266000,263500,264500,23515,51.13
2018-04-17,263000,265000,263000,263000,34864,51.11
2018-04-18,263500,267000,263500,265500,60426,51.16
2018-04-19,264500,268000,264500,267000,46757,51.19
2018-04-20,267000,269000,265500,269000,55410,51.19
2018-04-23,267500,269000,267000,268500,47983,51.19
2018-04-24,268000,271000,267500,269000,70180,51.18
2018-04-25,270500,271500,267500,271500,47602,51.18
2018-04-26,269500,272000,269000,269500,42192,51.19
2018-04-27,269000,272000,267500,267500,53872,51.21
2018-04-30,267500,270500,267500,267500,54000,51.23
2018-05-02,268000,269000,266000,267000,45865,51.22
2018-05-03,268000,271500,267500,271000,63539,51.27
2018-05-04,268000,270500,266000,270000,168701,51.3
2018-05-08,270000,271500,267000,271500,99036,51.35
2018-05-09,270000,273000,268000,272000,82237,51.36
2018-05-10,269000,272000,268500,269500,69540,51.32
2018-05-11,268500,271000,267500,269500,51103,51.29
2018-05-14,268000,270500,268000,268500,75759,51.29
2018-05-15,268500,269500,265000,265000,65582,51.27
2018-05-16,265000,268500,265000,267000,51650,51.25
2018-05-17,265500,267500,265500,266000,52800,51.22
2018-05-18,265000,266500,264000,266500,38781,51.22
2018-05-21,266000,267500,264000,265000,36984,51.21
2018-05-23,263500,265000,262000,262000,73586,51.22
2018-05-24,262500,263000,259000,259500,55332,51.23
2018-05-25,261500,261500,255000,255500,84524,51.16
2018-05-28,256000,261000,256000,257000,46563,51.16
2018-05-29,256500,257500,254000,255000,45972,51.14
2018-05-30,254500,256000,250000,251500,89702,51.1
2018-05-31,251500,254000,250500,250500,159577,51.08
2018-06-01,250500,254000,249500,254000,53952,51.08
2018-06-04,256000,263000,254000,261000,94632,51.08
2018-06-05,258500,263000,257500,262000,104892,51.11
2018-06-07,262000,264000,260500,264000,95950,51.1
2018-06-08,262000,264000,260000,261500,44872,51.09
2018-06-11,260500,263500,256000,259000,103171,51.09
2018-06-12,260500,263000,258000,261500,52568,51.1
2018-06-14,260500,262500,257500,257500,96328,51.05
2018-06-15,258000,262000,255500,260500,111158,50.99
2018-06-18,262000,268500,258000,267500,108005,50.94
2018-06-19,263000,274500,261500,273000,180689,50.87
2018-06-20,269500,272500,264500,269000,79329,50.84
2018-06-21,265000,266500,261000,262000,90903,50.82
2018-06-22,258500,266500,258500,265000,47770,50.83
2018-06-25,266000,266500,261000,263000,33884,50.83
2018-06-26,264000,269000,263000,263000,62987,50.81
2018-06-27,261500,269500,261000,266500,66347,50.81
2018-06-28,265500,268000,264000,266500,50691,50.79
2018-06-29,270000,270500,261500,264000,80329,50.79
2018-07-02,262500,267000,259500,259500,51694,50.8
2018-07-03,260500,267500,258500,265000,62015,50.8
2018-07-04,262500,268500,262500,267500,40550,50.78
2018-07-05,265000,271000,265000,267500,53510,50.75
2018-07-06,266000,277500,266000,274500,92075,50.73
2018-07-09,272500,277000,271000,275500,42091,50.71
2018-07-10,272500,276000,267500,269000,57316,50.72
2018-07-11,264500,267500,264000,266500,51483,50.7
2018-07-12,269000,269000,264500,264500,76457,50.67
2018-07-13,265500,272500,265500,266000,45458,50.67
2018-07-16,264000,267500,263000,264000,37590,50.65
2018-07-17,263500,265500,262000,262500,35384,50.63
2018-07-18,264500,266500,262500,264500,36073,50.65
2018-07-19,264000,265000,261500,263500,37300,50.62
2018-07-20,264000,269000,264000,267500,46831,50.64
2018-07-23,270000,275000,269500,273500,66928,50.66
2018-07-24,273500,274500,270000,272000,45264,50.65
2018-07-25,270000,273000,266000,271000,87307,50.61
2018-07-26,272000,275500,268500,270500,43668,50.61
2018-07-27,273000,273000,268500,270500,18384,50.62
2018-07-30,269500,275000,269500,275000,44774,50.63
2018-07-31,277500,277500,271500,273000,68152,50.63
2018-08-01,273500,275500,271500,273000,47208,50.64
2018-08-02,271000,272500,266000,267000,54016,50.64
2018-08-03,265000,266500,263000,265500,79160,50.62
2018-08-06,265500,280000,265500,276000,166159,50.62
2018-08-07,274000,279000,273500,277000,67567,50.62
2018-08-08,274500,279500,274500,277000,52259,50.61
2018-08-09,278500,279500,276000,279000,55403,50.59
2018-08-10,276000,281000,275500,278500,68536,50.57
2018-08-13,277000,279500,272000,274500,71764,50.54
2018-08-14,275000,275000,271500,272500,54406,50.51
2018-08-16,270000,275000,267500,272000,54282,50.5
2018-08-17,270500,273500,268000,272000,37578,50.5
2018-08-20,273500,275500,271500,272500,32851,50.49
2018-08-21,271000,274500,269000,270000,56786,50.5
2018-08-22,268500,270500,268000,270500,32927,50.52
2018-08-23,269000,271000,268500,271000,47300,50.54
2018-08-24,270000,271500,268500,270000,42059,50.53
2018-08-27,270500,271500,264500,266000,84948,50.54
2018-08-28,265000,269000,264000,267500,57847,50.53
2018-08-29,265000,268000,265000,266000,40667,50.5
2018-08-30,265500,266000,261000,261000,68112,50.49
2018-08-31,262500,265000,261000,265000,63625,50.51
2018-09-03,263500,265000,262500,264000,44117,50.51
2018-09-04,262500,263000,261500,262500,40363,50.5
2018-09-05,262000,263000,260000,260500,51319,50.47
2018-09-06,261500,265000,259000,260000,54504,50.44
2018-09-07,263000,267000,262000,267000,71890,50.44
2018-09-10,264000,266000,262500,263000,47452,50.43
2018-09-11,261500,263000,259500,260000,58912,50.39
2018-09-12,261500,262000,260000,261500,58925,50.38
2018-09-13,259500,260500,258000,258000,139963,50.28
2018-09-14,257500,260000,257500,258500,86161,50.24
2018-09-17,258000,260000,257500,258000,46198,50.23
2018-09-18,256500,258000,256000,257500,57877,50.19
2018-09-19,257000,260000,256500,259000,61351,50.17
2018-09-20,259000,259500,256500,258000,47793,50.14
2018-09-21,261000,265000,261000,265000,139265,50.17
2018-09-27,271000,274000,268000,272500,245571,50.24
2018-09-28,274000,285000,273500,284000,229368,50.39
2018-10-01,281500,285000,279500,284500,66550,50.43
2018-10-02,280500,285000,280000,285000,93198,50.42
2018-10-04,284500,287500,283000,284500,75951,50.39
2018-10-05,284000,285000,283000,283000,80844,50.38
2018-10-08,283500,285500,283000,284000,47143,50.38
2018-10-10,283500,286500,283000,285500,58050,50.38
2018-10-11,285000,288000,274000,277500,125307,50.37
2018-10-12,278500,278500,268500,272000,94863,50.37
2018-10-15,269500,277000,269500,274500,55158,50.39
2018-10-16,275500,277000,270000,273000,42230,50.41
2018-10-17,277500,283000,275000,280000,63146,50.41
2018-10-18,276500,281500,273500,278000,68289,50.4
2018-10-19,278000,281000,275000,278500,47277,50.38
2018-10-22,276000,287500,274500,286000,57555,50.36
2018-10-23,282000,285500,277000,278000,64361,50.34
2018-10-24,281000,286000,277500,281500,92950,50.28
2018-10-25,282000,283500,276500,281500,94110,50.23
2018-10-26,278500,286500,278000,281500,80139,50.25
2018-10-29,285000,286500,280000,282500,150720,50.19
2018-10-30,284000,285000,271500,274500,83995,50.15
2018-10-31,271000,280000,268500,278500,127620,50.17
2018-11-01,275500,277500,270500,272500,88477,50.2
2018-11-02,271500,278000,271500,277000,52671,50.24
2018-11-05,273000,276000,271500,276000,49068,50.26
2018-11-06,279000,281000,275000,278000,73088,50.28
2018-11-07,276000,281000,275500,279000,76532,50.26
2018-11-08,281500,283000,276500,276500,83800,50.28
2018-11-09,276000,281500,276000,280000,40447,50.28
2018-11-12,282000,289500,278500,287500,90547,50.22
2018-11-13,288500,288500,282000,286000,53772,50.2
2018-11-14,286000,288500,283500,285000,42065,50.17
2018-11-15,283500,285000,280500,282000,43276,50.15
2018-11-16,282000,286000,279500,286000,79000,50.15
2018-11-19,283000,287500,277500,279500,102074,50.09
2018-11-20,280500,288000,280500,287500,68103,50.07
2018-11-21,286000,288000,280000,281500,75082,50.03
2018-11-22,282000,284500,280000,283500,36405,50.01
2018-11-23,283500,284500,276000,280500,41939,49.98
2018-11-26,282000,285000,277500,279000,50363,49.95
2018-11-27,279500,281000,274500,276500,49918,49.95
2018-11-28,277000,280500,272500,280500,75456,49.99
2018-11-29,283000,283000,273500,277500,64171,50.02
2018-11-30,275500,278500,271500,272500,118598,49.99
2018-12-03,274500,276000,270000,270500,81779,49.97
2018-12-04,271000,273500,270000,272000,54748,49.97
2018-12-05,271000,274500,270500,274500,49566,49.95
2018-12-06,276000,276500,271500,276000,63969,49.93
2018-12-07,278000,278000,271000,271500,61021,49.87
2018-12-10,272500,274500,269000,272000,65944,49.76
2018-12-11,270500,275500,269000,274500,63887,49.73
2018-12-12,276000,276500,271000,271500,87269,49.71
2018-12-13,272500,279000,272500,273500,175646,49.76
2018-12-14,274000,279000,273000,277000,69718,49.72
2018-12-17,278000,279500,270500,271000,79846,49.65
2018-12-18,271000,275000,270000,272000,80709,49.6
2018-12-19,272000,282000,269500,281500,71623,49.61
2018-12-20,281500,281500,277000,278500,94041,49.58
2018-12-21,276500,279000,275000,277500,111781,49.47
2018-12-24,278000,283000,276000,282500,72139,49.41
2018-12-26,281500,283000,274000,278500,74107,49.31
2018-12-27,271500,271500,265500,268000,105748,49.33
2018-12-28,268500,270000,266000,269000,57623,49.34
2019-01-02,268000,269000,263000,264500,49598,49.35
2019-01-03,265500,271000,263000,269500,72799,49.39
2019-01-04,270500,272500,265500,272000,69272,49.44
2019-01-07,275000,276000,271000,274500,65923,49.48
2019-01-08,276500,276500,269500,270000,59184,49.54
2019-01-09,269000,272000,268000,270000,86849,49.59
2019-01-10,268500,272000,267000,269000,90963,49.63
2019-01-11,267500,268500,265500,267000,72422,49.64
2019-01-14,266000,269500,265000,267500,65622,49.66
2019-01-15,269000,271500,267500,271500,57272,49.7
2019-01-16,271000,275000,269500,275000,61328,49.76
2019-01-17,273000,275000,271500,271500,56377,49.77
2019-01-18,273000,273000,268500,270500,57927,49.78
2019-01-21,270000,272000,269000,270000,37311,49.78
2019-01-22,268500,270500,267000,269000,71247,49.74
2019-01-23,268500,271000,268500,270500,68189,49.7
2019-01-24,268500,274000,268500,272000,76798,49.73
2019-01-25,270000,276500,269500,274500,76325,49.76
2019-01-28,272000,274000,269500,271500,63638,49.79
2019-01-29,274000,274500,268500,270000,71005,49.8
2019-01-30,270000,273000,266000,273000,98064,49.81
2019-01-31,275500,276000,271000,273000,93072,49.84
2019-02-01,276000,286000,276000,284000,135095,49.93
2019-02-07,288000,288000,279000,282000,81244,49.98
2019-02-08,286500,286500,280500,285500,56491,49.99
2019-02-11,287000,287000,283000,285500,44027,50.0
2019-02-12,286000,287500,282000,286000,62555,50.03
2019-02-13,288500,291000,286000,290000,68956,50.05
2019-02-14,288000,301000,286500,301000,112781,50.08
2019-02-15,295500,295500,288000,289500,55887,50.07
2019-02-18,288500,293500,288500,293000,50216,50.07
2019-02-19,292000,295000,288500,291500,52843,50.08
2019-02-20,291500,293000,287000,291000,73452,50.1
2019-02-21,297000,301500,293000,301500,127931,50.15
2019-02-22,302500,304000,299000,302000,45882,50.18
2019-02-25,303500,308500,303500,307000,63342,50.22
2019-02-26,304000,304000,298000,299500,77035,50.24
2019-02-27,301000,301500,296500,300500,52848,50.25
2019-02-28,302000,304500,294500,301500,130970,50.23
2019-03-04,301500,302500,296500,298000,97034,50.23
2019-03-05,296000,301500,296000,301000,78291,50.24
2019-03-06,302500,302500,296500,299500,60839,50.28
2019-03-07,299000,300500,289000,293000,116693,50.33
2019-03-08,289000,292500,284500,287500,105170,50.35
2019-03-11,288500,291500,287000,291000,61615,50.35
2019-03-12,292500,296500,291000,293500,78614,50.4
2019-03-13,296500,296500,288500,294500,61443,50.43
2019-03-14,298500,298500,292000,296000,116890,50.45
2019-03-15,297500,305000,296000,303500,177220,50.43
2019-03-18,307000,309000,302000,308000,50616,50.44
2019-03-19,312000,312000,304500,308500,58577,50.46
2019-03-20,303500,309000,301000,308500,73919,50.46
2019-03-21,304000,305000,295500,297000,136718,50.46
2019-03-22,293500,302500,293500,300500,63872,50.51
2019-03-25,299000,303500,296500,302000,60769,50.52
2019-03-26,305500,308000,300000,307000,71661,50.52
2019-03-27,305000,310000,304000,309000,61654,50.51
2019-03-28,305500,311000,304000,308000,47146,50.53
2019-03-29,308500,310000,300500,301000,92231,50.55
2019-04-01,300500,310000,300500,309000,66498,50.54
2019-04-02,304000,307500,295000,296500,145264,50.5
2019-04-03,291500,295500,291000,291500,185564,50.47
2019-04-04,292500,293500,290000,290000,176604,50.48
2019-04-05,291500,295000,290000,293000,58810,50.5
2019-04-08,296000,296000,291000,292000,181203,50.54
2019-04-09,292500,295500,291000,292000,215098,50.54
2019-04-10,293000,295500,292500,293500,325663,50.52
2019-04-11,295500,298000,294000,296000,135391,50.55
2019-04-12,296500,300500,295000,299500,114527,50.56
2019-04-15,300500,303000,297500,301000,108206,50.57
2019-04-16,300000,302500,296500,298500,73077,50.57
2019-04-17,299500,300000,295500,297000,48583,50.58
2019-04-18,307000,308000,298000,299500,174464,50.61
2019-04-19,302000,302000,297000,298500,34484,50.64
2019-04-22,297000,297000,292500,296000,39334,50.63
2019-04-23,297500,303000,294000,301000,58992,50.68
2019-04-24,304500,306000,302000,304500,103204,50.69
2019-04-25,307000,307000,298500,304000,75765,50.68
2019-04-26,304000,304500,296500,300000,70100,50.69
2019-04-29,298500,303000,297500,303000,60261,50.69
2019-04-30,304500,306000,296500,304000,82886,50.7
2019-05-02,299500,307500,297500,307500,130756,50.72
2019-05-03,305000,305000,298500,300000,54829,50.75
2019-05-07,297500,305000,296000,305000,84387,50.78
2019-05-08,300000,304500,300000,301000,59678,50.78
2019-05-09,299500,300500,292500,292500,106743,50.79
2019-05-10,295000,295500,290000,292500,129328,50.81
2019-05-13,288000,290000,281000,285500,73206,50.83
2019-05-14,287000,287000,281000,282500,56946,50.82
2019-05-15,279500,279500,276000,277000,117596,50.81
2019-05-16,275000,280500,275000,278000,153578,50.76
2019-05-17,277500,279500,274000,275500,67652,50.75
2019-05-20,278000,280000,274500,277000,48368,50.71
2019-05-21,275000,276500,273500,275500,65456,50.69
2019-05-22,274500,278000,271500,277000,130632,50.7
2019-05-23,275000,279000,272500,275500,49772,50.7
2019-05-24,275500,281500,274500,279000,70152,50.65
2019-05-27,278000,280000,274500,278500,79523,50.62
2019-05-28,276000,278500,274500,275500,141951,50.57
2019-05-29,275500,277000,267500,271000,71436,50.55
2019-05-30,267500,272000,267500,272000,62700,50.57
2019-05-31,269500,271500,267500,271000,95545,50.58
2019-06-03,271000,278500,269500,278500,90010,50.61
2019-06-04,278500,279000,275000,277500,43826,50.6
2019-06-05,276500,277500,271500,272500,39799,50.59
2019-06-07,272000,273000,267500,271500,66784,50.58
2019-06-10,272500,278000,271500,277000,65715,50.58
2019-06-11,274500,276000,272500,274000,59334,50.57
2019-06-12,273000,277000,273000,276000,62641,50.57
2019-06-13,274000,276500,268000,269500,128168,50.52
2019-06-14,269000,273000,268500,273000,59085,50.53
2019-06-17,274000,275000,272000,273000,38740,50.51
2019-06-18,271500,275000,271500,274000,109317,50.5
2019-06-19,273500,274500,270500,272000,65620,50.52
2019-06-20,270500,273000,269500,270000,48671,50.52
2019-06-21,269500,271500,268500,270500,71519,50.54
2019-06-24,272000,272000,269000,271500,49275,50.52
2019-06-25,271500,273500,269000,269500,55877,50.52
2019-06-26,268500,271500,268000,270500,53095,50.52
2019-06-27,269000,271000,268000,270500,68876,50.51
2019-06-28,269000,272000,268000,268000,53041,50.5
2019-07-01,271000,272500,268500,269000,49274,50.51
2019-07-02,268500,269000,262500,264500,115803,50.5
2019-07-03,265500,265500,259000,259000,72732,50.46
2019-07-04,257500,261000,257500,261000,106886,50.44
2019-07-05,261500,264000,258500,259000,109593,50.4
2019-07-08,259500,262000,258500,260000,73873,50.41
2019-07-09,259500,261500,258500,260000,70726,50.44
2019-07-10,260500,262000,259500,261500,59037,50.45
2019-07-11,260000,262500,260000,261500,79440,50.45
2019-07-12,260000,261500,258000,260500,59922,50.45
2019-07-15,262500,262500,259500,260500,30110,50.46
2019-07-16,262500,263000,260000,262500,48726,50.46
2019-07-17,262000,263000,260000,262000,65987,50.46
2019-07-18,260500,261000,255500,257000,64675,50.42
2019-07-19,259000,269500,259000,269500,113610,50.44
2019-07-22,269500,269500,263000,263000,69469,50.42
2019-07-23,262500,264500,261000,263000,85886,50.41
2019-07-24,262000,263000,259500,260000,68103,50.36
2019-07-25,260000,260500,255500,257000,77544,50.3
2019-07-26,257000,264500,256000,263000,96366,50.31
2019-07-29,262500,263500,258000,262500,64363,50.29
2019-07-30,263500,263500,258500,258500,34229,50.27
2019-07-31,258500,264500,257500,263000,117814,50.28
2019-08-01,261500,264000,260000,263500,73676,50.26
2019-08-02,260500,261500,256500,257500,89530,50.22
2019-08-05,256500,259500,254500,256500,82778,50.18
2019-08-06,255000,256500,250500,256000,118917,50.12
2019-08-07,254500,256500,242000,242500,199480,50.02
2019-08-08,243000,252000,243000,250000,143202,50.08
2019-08-09,247000,252000,245000,245000,99601,50.08
2019-08-12,239500,239500,226000,229500,213954,50.01
2019-08-13,228000,229500,223500,224500,223051,49.94
2019-08-14,224000,227500,222500,226000,361179,50.0
2019-08-16,226000,226000,223000,225000,107818,50.0
2019-08-19,225000,231000,224500,230000,150318,50.01
2019-08-20,228000,231500,226500,230000,87381,49.99
2019-08-21,228000,230000,227500,229500,81097,49.96
2019-08-22,229500,232000,228500,228500,75647,49.94
2019-08-23,229000,230500,227500,227500,47250,49.92
2019-08-26,224500,228000,223000,226000,74384,49.93
2019-08-27,226000,226000,223500,225500,118221,49.92
2019-08-28,227000,227500,223500,226500,66811,49.93
2019-08-29,225500,228000,224500,225500,52639,49.93
2019-08-30,225000,230000,224000,229000,173190,49.92
2019-09-02,226500,228500,225500,227000,44754,49.91
2019-09-03,225500,226500,223000,223500,90229,49.87
2019-09-04,224000,227000,223500,226000,102336,49.83
2019-09-05,225000,228500,225000,227500,79437,49.85
2019-09-06,226500,228000,225500,226000,74178,49.83
2019-09-09,225000,230000,224500,227000,87181,49.82
2019-09-10,227500,234500,227500,233000,151153,49.77
2019-09-11,233500,235000,231000,232000,157854,49.67
2019-09-16,233500,236500,232000,233500,126050,49.62
2019-09-17,232000,234000,230500,233500,71125,49.63
2019-09-18,232500,236000,232500,235000,74561,49.62
2019-09-19,235500,236000,229500,230000,114548,49.58
2019-09-20,227000,229500,225000,227000,208386,49.5
2019-09-23,226500,229500,226500,228500,80337,49.48
2019-09-24,229000,230500,227000,230000,106261,49.44
2019-09-25,231000,239000,230000,235000,148864,49.42
2019-09-26,233000,235000,227000,228500,160550,49.27
2019-09-27,230000,230000,225000,227500,78678,49.14
2019-09-30,225500,226500,223000,223000,122461,49.06
2019-10-01,223500,227500,222500,227000,130554,48.99
2019-10-02,224500,224500,220500,221000,103322,48.93
2019-10-04,218500,219000,215500,215500,152428,48.88
2019-10-07,215000,218000,214500,215500,67084,48.88
2019-10-08,218000,218500,215500,217000,80591,48.85
2019-10-10,213000,216500,209000,213000,233973,48.83
2019-10-11,215000,224000,215000,221000,159970,48.74
2019-10-14,223000,227000,221500,222000,102426,48.71
2019-10-15,220000,222500,219000,219500,92627,48.72
2019-10-16,220000,224000,219500,222000,99748,48.7
2019-10-17,219500,225000,219000,223500,110097,48.7
2019-10-18,224500,224500,221000,222000,110543,48.64
2019-10-21,223500,225000,221500,224000,52549,48.62
2019-10-22,222500,225500,222000,223000,89241,48.55
2019-10-23,221000,225500,221000,225000,101499,48.57
2019-10-24,224000,227500,223500,226500,122377,48.59
2019-10-25,221500,224500,221500,222500,105486,48.57
2019-10-28,223000,225000,220500,221000,65138,48.56
2019-10-29,221000,223000,220000,221000,74180,48.54
2019-10-30,221500,222000,217500,218000,98981,48.5
2019-10-31,218000,220000,216000,216500,97730,48.47
2019-11-01,218500,220000,216500,219000,53381,48.47
2019-11-04,219000,226000,219000,224500,81466,48.5
2019-11-05,225500,228000,223500,227500,91650,48.53
2019-11-06,227500,227500,224000,225000,63628,48.51
2019-11-07,223000,230500,222500,229000,79766,48.49
2019-11-08,233000,237000,232000,235500,141249,48.41
2019-11-11,234500,238500,234000,236000,101094,48.35
2019-11-12,235000,236000,234500,235000,76850,48.35
2019-11-13,233000,235000,226000,227500,129211,48.39
2019-11-14,227500,229000,224000,224500,145910,48.34
2019-11-15,224000,237000,224000,234000,125167,48.34
2019-11-18,232500,234500,230000,233000,104999,48.32
2019-11-19,230500,234500,229500,233500,122325,48.32
2019-11-20,233500,239000,232500,237000,186915,48.3
2019-11-21,237500,238000,232000,234000,138954,48.28
2019-11-22,237500,238000,234500,235500,82916,48.25
2019-11-25,235500,239000,235500,237000,72710,48.21
2019-11-26,235000,237500,232000,234000,171352,48.13
2019-11-27,237000,240500,236500,238500,108592,48.06
2019-11-28,237000,241000,237000,240000,72254,47.97
2019-11-29,237000,238500,232500,232500,110610,47.87
2019-12-02,234500,237000,233000,234500,87516,47.81
2019-12-03,233500,234500,229500,232500,70894,47.77
2019-12-04,228000,231500,225500,229500,130006,47.69
2019-12-05,229000,233500,229000,231500,89716,47.69
2019-12-06,233500,235500,233000,234500,83040,47.69
2019-12-09,235000,236500,232500,236000,65715,47.66
2019-12-10,234500,236500,233500,236000,38847,47.62
2019-12-11,236000,239500,234500,238000,68123,47.59
2019-12-12,239500,249500,238500,249500,321849,47.52
2019-12-13,251000,255500,250000,253000,154476,47.54
2019-12-16,252500,253000,249500,251000,113147,47.51
2019-12-17,251000,252000,248500,251500,117068,47.39
2019-12-18,251000,252500,250000,252000,112325,47.48
2019-12-19,251000,253000,250000,252000,54138,47.39
2019-12-20,247500,252500,246000,252500,165174,47.36
2019-12-23,253000,253000,249000,252500,98300,47.3
2019-12-24,252500,252500,248000,249500,76927,47.18
2019-12-26,250000,250000,244500,247000,80369,47.16
2019-12-27,240500,243500,239000,243000,125558,47.2
2019-12-30,244500,244500,241500,243500,58219,47.21
2020-01-02,243500,244000,236500,238500,120193,47.3
2020-01-03,239000,239500,237000,237000,143182,47.35
2020-01-06,234500,238000,233000,234000,66855,47.49
2020-01-07,232500,237000,232500,237000,69122,47.53
2020-01-08,233000,234000,230000,232500,100556,47.62
2020-01-09,232500,234000,226500,230500,189115,47.78
2020-01-10,229000,230500,227000,229000,87093,47.85
2020-01-13,227000,227500,224000,224500,165498,47.84
2020-01-14,226500,230500,222000,230000,101264,47.87
2020-01-15,229500,231500,227500,229000,78735,47.9
2020-01-16,229500,231500,225500,231500,112400,47.94
2020-01-17,229500,231500,227000,227000,84300,47.93
2020-01-20,227500,229000,226000,228000,75095,48.07
2020-01-21,228500,228500,225500,228000,80589,48.12
2020-01-22,228500,229500,226500,227000,76605,48.11
2020-01-23,226500,228500,223500,225000,88403,48.17
2020-01-28,222000,226000,217500,217500,90649,48.14
2020-01-29,217000,217500,212500,214000,105021,48.16
2020-01-30,214500,216500,210000,210500,105170,48.14
2020-01-31,212000,215000,210000,211000,123969,48.1
2020-02-03,213000,216000,209500,210000,94615,48.08
2020-02-04,209000,210000,204000,204500,269824,47.97
2020-02-05,205000,209000,204500,207500,214582,48.0
2020-02-06,210000,213500,208000,211000,107741,47.98
2020-02-07,210000,214000,209500,212000,118562,47.98
2020-02-10,210000,213500,209500,212500,89014,47.98
2020-02-11,210500,216000,210500,213500,87983,47.98
2020-02-12,211500,214000,210500,213000,122303,47.97
2020-02-13,212000,212500,210500,211000,191819,47.93
2020-02-14,211500,213500,210000,211500,65672,47.95
2020-02-17,211500,213000,210000,211500,98359,47.96
2020-02-18,209000,209500,206000,206000,115559,47.9
2020-02-19,207500,208500,203000,204000,120651,47.86
2020-02-20,206500,208000,204000,205000,233276,47.88
2020-02-21,205000,208000,204500,206000,118751,47.93
2020-02-24,206000,207500,202500,202500,216885,47.91
2020-02-25,204500,204500,200500,203500,143368,47.94
2020-02-26,200000,203000,199500,200000,137971,47.94
2020-02-27,200000,204500,199500,202000,140617,47.92
2020-02-28,202000,205000,197000,198000,220401,47.84
2020-03-02,200500,201500,196000,197500,130885,47.83
2020-03-03,198000,199000,194000,196500,133050,47.87
2020-03-04,196500,197000,191000,192000,154977,47.88
2020-03-05,192000,198500,191000,197000,113703,47.96
2020-03-06,193000,194000,189000,191500,111718,47.97
2020-03-09,187500,190500,183500,186000,127806,47.97
2020-03-10,187500,189000,182000,182000,153309,47.92
2020-03-11,178500,185000,178000,179000,137445,47.93
2020-03-12,179500,181500,171000,175000,237392,47.94
2020-03-13,159000,175000,158500,167500,224625,47.91
2020-03-16,163000,167000,157500,158500,178133,47.9
2020-03-17,150500,154500,148000,149500,229767,47.91
2020-03-18,147000,148500,137000,138000,261880,47.96
2020-03-19,139000,139500,118000,126000,325928,47.88
2020-03-20,129000,132000,119500,129500,239608,47.74
2020-03-23,120000,140500,117500,137500,243535,47.78
2020-03-24,134500,146000,132000,145000,168219,47.69
2020-03-25,149000,155000,143000,153000,271935,47.58
2020-03-26,150500,152500,144500,145500,192964,47.48
2020-03-27,151000,156000,147000,151500,189973,47.48
2020-03-30,147000,150000,143000,146500,192605,47.38
2020-03-31,148000,156500,148000,154000,203980,47.47
2020-04-01,156500,162500,148500,150000,192567,47.42
2020-04-02,157000,174000,153000,173000,365885,47.45
2020-04-03,167000,172000,165000,170000,168436,47.43
2020-04-06,171500,179000,170500,174000,118249,47.36
2020-04-07,173500,178000,172000,173000,180438,47.35
2020-04-08,171500,180000,170500,174000,169370,47.4
2020-04-09,175000,179000,174500,175500,161809,47.41
2020-04-10,174500,184000,172000,183000,199766,47.42
2020-04-13,178500,191000,178500,187000,138039,47.46
2020-04-14,188000,193000,186000,193000,104558,47.52
2020-04-16,190000,192500,188500,191500,135375,47.54
2020-04-17,191000,196000,191000,191500,134314,47.6
2020-04-20,189500,192000,189000,189000,113496,47.64
2020-04-21,189000,191500,182000,186500,138565,47.65
2020-04-22,186000,188000,181500,185000,117665,47.65
2020-04-23,183500,191500,183500,190000,103621,47.64
2020-04-24,186000,190000,184500,184500,105139,47.58
2020-04-27,184500,194500,183000,191500,194174,47.48
2020-04-28,190500,195000,189500,191000,82929,47.49
2020-04-29,192000,195000,190500,190500,98142,47.49
2020-05-04,185000,187000,182000,182500,170388,47.46
2020-05-06,189500,189500,183500,185500,92176,47.46
2020-05-07,182500,186000,182500,182500,73563,47.42
2020-05-08,183500,187000,183500,186500,73324,47.45
2020-05-11,185500,188500,185000,186000,80185,47.49
2020-05-12,185000,186000,182500,183500,86672,47.52
2020-05-13,182000,189500,181500,189000,101716,47.56
2020-05-14,189000,197500,188000,197000,195699,47.68
2020-05-15,193500,201000,192000,196500,135037,47.67
2020-05-18,198500,199500,193500,196500,86680,47.69
2020-05-19,197000,202000,196000,196000,86943,47.68
2020-05-20,199000,199000,194500,197000,108999,47.72
2020-05-21,196000,196000,193000,194000,92197,47.76
2020-05-22,197000,197000,189000,193000,137305,47.78
2020-05-25,194500,194500,190000,192500,57286,47.78
2020-05-26,193000,198500,192000,193000,118214,47.81
2020-05-27,191000,198000,190000,193000,98444,47.83
2020-05-28,192000,193500,187500,189500,170336,47.84
2020-05-29,187500,188000,182500,182500,337176,47.84
2020-06-01,183500,188000,183500,186500,97485,47.82
2020-06-02,185000,208000,184500,203000,301777,48.03
2020-06-03,203000,208000,202500,206000,130289,47.99
2020-06-04,206000,210000,201000,204000,123653,47.99
2020-06-05,200500,203000,198500,202000,199260,47.92
2020-06-08,206000,206500,197000,198500,170262,47.86
2020-06-09,198500,201500,197500,199000,115087,47.84
2020-06-10,202000,202000,197000,198000,122628,47.82
2020-06-11,195500,196500,190500,193000,217527,47.84
2020-06-12,186500,190000,184000,184000,171353,47.81
2020-06-15,180500,190500,178000,178000,232634,47.77
2020-06-16,182000,188000,179000,187500,126935,47.75
2020-06-17,187000,192000,184000,191000,139024,47.81
2020-06-18,187000,192500,186500,187500,67752,47.8
2020-06-19,191000,191000,186000,186000,116563,47.79
2020-06-22,183500,188500,183000,185000,59217,47.78
2020-06-23,185000,190500,183500,188500,98898,47.81
2020-06-24,187000,189500,186000,186500,81807,47.77
2020-06-25,183000,183500,178000,178000,123282,47.67
2020-06-26,180000,182000,178000,179500,71421,47.65
2020-06-29,179000,180000,175500,176000,72248,47.65
2020-06-30,176000,181000,175500,176000,83108,47.63
2020-07-01,177000,182000,177000,180000,57461,47.63
2020-07-02,179000,183000,179000,181000,61061,47.62
2020-07-03,181000,183000,181000,183000,40387,47.62
2020-07-06,185000,189500,180500,187500,82337,47.61
2020-07-07,191000,191000,186500,187500,85226,47.63
2020-07-08,191000,191000,185000,185500,71506,47.64
2020-07-09,185500,187500,184500,185500,91334,47.63
2020-07-10,187500,187500,178000,178000,113945,47.55
2020-07-13,180500,186000,178000,182500,84562,47.6
2020-07-14,182000,184000,179500,180500,73438,47.58
2020-07-15,182000,184500,180500,180500,95956,47.53
2020-07-16,181000,186500,180000,185000,124634,47.58
2020-07-17,186500,188000,185000,185500,77182,47.57
2020-07-20,185000,186500,181500,182000,63137,47.54
2020-07-21,182500,184000,181000,183500,86932,47.55
2020-07-22,182500,187500,182500,183000,75776,47.55
2020-07-23,183000,183000,178500,179000,123044,47.44
2020-07-24,177000,178500,176000,177000,67862,47.41
2020-07-27,176500,180000,176000,177000,80894,47.35
2020-07-28,177000,178000,174000,175500,177633,47.29
2020-07-29,174000,181000,172500,178500,172710,47.35
2020-07-30,179000,179500,175500,175500,97472,47.31
2020-07-31,175000,175500,170500,171500,197887,47.16
2020-08-03,171500,171500,167000,167000,122085,47.07
2020-08-04,166000,168500,164500,167000,197838,47.0
2020-08-05,166000,166500,163500,164500,155241,46.96
2020-08-06,163000,168000,163000,166500,187204,46.9
2020-08-07,166000,166500,163000,164500,127567,46.84
2020-08-10,163500,167000,162500,165500,319365,46.76
2020-08-11,165000,175000,165000,174500,311788,46.84
2020-08-12,173500,179500,173500,178500,212097,46.83
2020-08-13,180000,192000,180000,187000,563113,46.7
2020-08-14,188000,191000,182500,189000,315731,46.71
2020-08-18,186500,187000,179000,179500,197936,46.73
2020-08-19,179000,189500,178500,187500,225856,46.83
2020-08-20,185500,186500,177500,177500,177302,46.77
2020-08-21,180500,184000,177500,178500,102036,46.77
2020-08-24,178000,180000,173500,178500,101751,46.77
2020-08-25,180500,185500,179000,184500,130220,46.84
2020-08-26,183000,184500,179000,182000,86680,46.84
2020-08-27,180500,182000,178500,180000,132017,46.89
2020-08-28,182000,185000,180000,184000,146839,46.94
2020-08-31,185500,188500,185000,187000,226029,47.0
2020-09-01,185500,196500,185500,191000,281291,47.12
2020-09-02,192500,194000,187000,191500,106307,47.13
2020-09-03,189500,192000,186500,188000,74969,47.12
2020-09-04,184000,186500,180500,182000,112624,47.09
2020-09-07,181000,185500,180000,183500,97572,47.1
2020-09-08,183500,185000,182500,184000,84396,47.09
2020-09-09,183000,186000,181500,186000,90418,47.1
2020-09-10,185000,188000,183500,185000,122392,47.1
2020-09-11,183000,189500,183000,189000,110083,47.12
2020-09-14,189500,192000,188500,189000,93087,47.12
2020-09-15,188000,190000,186500,189500,67965,47.11
2020-09-16,191000,193000,189500,190000,73719,47.1
2020-09-17,189500,192000,187000,187500,85350,47.12
2020-09-18,188000,188500,186000,186500,78831,47.09
2020-09-21,187000,189000,184000,184000,46811,47.07
2020-09-22,184000,186500,180000,180000,78330,47.06
2020-09-23,180000,184000,179000,179500,98253,47.02
2020-09-24,179000,182500,176500,182500,119219,47.02
2020-09-25,184000,184000,178500,178500,74906,46.96
2020-09-28,180000,181500,179000,179500,45915,46.96
2020-09-29,182000,184500,180500,182000,80896,46.98
2020-10-05,180500,186500,180500,185000,97162,46.94
2020-10-06,184000,187000,183500,185000,50288,46.95
2020-10-07,183000,187500,182500,187500,75003,46.94
2020-10-08,188000,189000,185000,186500,119669,47.08
2020-10-12,186000,186500,182500,183000,87284,46.99
2020-10-13,183000,184500,181500,182000,72992,46.94
2020-10-14,182000,184500,181500,181500,104462,46.9
2020-10-15,181000,182500,180000,180000,73613,46.87
2020-10-16,180500,182500,180000,180500,80437,46.84
2020-10-19,182000,188000,181000,187000,204000,46.89
2020-10-20,185500,187500,184000,186000,86008,46.83
2020-10-21,186000,188000,184500,185500,121923,46.78
2020-10-22,185000,192000,183500,191500,176072,46.8
2020-10-23,192500,196500,191000,195500,198980,46.72
2020-10-26,200000,205000,193000,193500,196330,46.61
2020-10-27,191500,195000,189000,191500,130761,46.57
2020-10-28,189000,193500,187500,190000,96099,46.56
2020-10-29,187500,188500,184500,185500,97191,46.52
2020-10-30,185500,186000,178000,179000,162617,46.37
2020-11-02,181000,187500,179000,185500,125818,46.36
2020-11-03,184500,189000,183500,187000,108443,46.34
2020-11-04,187500,189000,182000,183000,143573,46.25
2020-11-05,183000,185000,182500,183500,113388,46.21
2020-11-06,185000,185000,182000,182500,87456,46.17
2020-11-09,183000,185500,182000,184500,96149,46.14
2020-11-10,186000,195500,185000,195000,276339,46.28
2020-11-11,194000,202000,194000,196000,213081,46.22
2020-11-12,198000,198000,191000,192000,171059,46.18
2020-11-13,191500,200000,191000,195000,170002,46.08
2020-11-16,198500,198500,194500,195500,121941,46.05
2020-11-17,194000,196000,192000,192500,170218,45.98
2020-11-18,192500,207000,192000,202500,314019,45.86
2020-11-19,205000,212000,201000,206000,379006,45.8
2020-11-20,206000,210500,202500,206000,170622,45.74
2020-11-23,207000,210500,205000,206500,145121,45.72
2020-11-24,207500,207500,203000,205000,169643,45.64
2020-11-25,205500,206500,199500,203000,201301,45.55
2020-11-26,199500,205500,198000,203000,191083,45.45
2020-11-27,207000,210000,198500,198500,546159,45.12
2020-11-30,198500,199000,188000,188000,688925,44.61
2020-12-01,191000,194000,189000,190000,277576,44.47
2020-12-02,190500,193000,188000,192500,258905,44.42
2020-12-03,191000,192000,189500,191500,237495,44.48
2020-12-04,191000,193000,190000,192000,278155,44.61
2020-12-07,191000,191500,188000,189000,214436,44.56
2020-12-08,189500,190000,186500,186500,187019,44.49
2020-12-09,187000,189000,187000,187500,153833,44.44
2020-12-10,188500,189500,186000,187000,278983,44.32
2020-12-11,188500,194000,187500,193000,284992,44.46
2020-12-14,193500,194500,191000,192000,166321,44.42
2020-12-15,192000,196000,191000,196000,217207,44.5
2020-12-16,198000,198500,194500,196500,110158,44.44
2020-12-17,196500,197500,192000,197000,182841,44.48
2020-12-18,196000,198000,195000,196000,128893,44.51
2020-12-21,196000,197000,194000,196500,97682,44.49
2020-12-22,194500,198500,193500,194000,149141,44.48
2020-12-23,195000,195500,192500,194000,115285,44.49
2020-12-24,194500,195500,193500,195500,113385,44.46
2020-12-28,196500,197000,194000,196000,234055,44.53
2020-12-29,190000,190000,186000,188000,252942,44.47
2020-12-30,188500,188500,186500,187500,144605,44.48
2021-01-04,186000,186500,182000,183000,265130,44.41
2021-01-05,183000,187000,182000,186500,177112,44.42
2021-01-06,185000,187000,183500,185000,211938,44.43
2021-01-07,187000,190000,186000,189000,246514,44.52
2021-01-08,190000,191000,187500,190500,248713,44.64
2021-01-11,190000,190500,183000,184000,360159,44.55
2021-01-12,185000,185500,182500,184500,175474,44.56
2021-01-13,185500,188000,184000,188000,216215,44.67
2021-01-14,187500,189500,186000,189000,209063,44.77
2021-01-15,190500,190500,185000,186000,176570,44.72
2021-01-18,185500,186500,180500,181500,209065,44.67
2021-01-19,183000,183000,181000,183000,139232,44.71
2021-01-20,183000,183000,180000,182000,207192,44.81
2021-01-21,181500,185000,181000,183000,178551,44.97
2021-01-22,182000,182000,180000,180000,229012,44.88
2021-01-25,180500,181500,179000,180000,162634,44.84
2021-01-26,180000,180500,176500,176500,225825,44.73
2021-01-27,178500,179000,175000,175000,157252,44.66
2021-01-28,173500,174500,172000,174500,178026,44.64
2021-01-29,175500,175500,168000,168000,287991,44.48
2021-02-01,168000,173500,167000,170500,167662,44.39
2021-02-02,171000,173500,170000,170500,163412,44.35
2021-02-03,171000,172000,169000,170000,146999,44.3
2021-02-04,170500,171000,166500,167500,230415,44.26
2021-02-05,168000,169000,166000,168000,245604,44.23
2021-02-08,168500,171500,168500,170000,187336,44.15
2021-02-09,170000,171500,169500,171000,248384,44.02
2021-02-10,171500,172000,169500,169500,183605,43.91
2021-02-15,171000,175000,170500,172500,180437,43.98
2021-02-16,173000,173500,171000,172000,137847,43.98
2021-02-17,171000,172500,170000,172000,160519,43.97
2021-02-18,171000,171500,168500,168500,219597,43.84
2021-02-19,170000,171000,168000,170500,249656,43.84
2021-02-22,171500,179500,171000,175000,474929,43.9
2021-02-23,176500,178500,174500,177500,397790,44.01
2021-02-24,178000,178500,173500,173500,281766,44.05
2021-02-25,175000,177000,173500,175500,164455,44.07
2021-02-26,173500,174500,172000,173000,246659,44.03
2021-03-02,176500,181000,176000,181000,403111,44.49
2021-03-03,181000,182500,179500,182000,168664,44.54
2021-03-04,182000,182000,179000,180500,176119,44.56
2021-03-05,180000,185000,178500,183000,232621,44.66
2021-03-08,185000,188000,183500,188000,262622,44.84
2021-03-09,189500,193000,189000,192500,410416,45.08
2021-03-10,191000,195000,190000,195000,380529,45.54
2021-03-11,196000,196000,192500,196000,258982,45.78
2021-03-12,195500,195500,192000,194000,178956,45.92
2021-03-15,193000,194000,191000,193000,143314,45.96
2021-03-16,191500,193000,188500,190000,163918,45.99
2021-03-17,189500,191000,188000,188000,171033,45.96
2021-03-18,188000,189500,185500,188000,170915,46.04
2021-03-19,190000,190500,187000,187500,242914,46.15
2021-03-22,187500,189500,185000,188500,116855,46.18
2021-03-23,188000,189000,184500,185000,118428,46.13
2021-03-24,185000,186000,183000,184000,84116,46.14
2021-03-25,184500,189500,183500,188500,118485,46.21
2021-03-26,188000,189500,186000,186000,129501,46.15
2021-03-29,186500,187000,184000,187000,95891,46.18
2021-03-30,188000,189500,186500,188500,111818,46.26
2021-03-31,189000,191000,187000,190000,139247,46.32
2021-04-01,190000,191000,187000,189000,82296,46.28
2021-04-02,188000,189000,185500,186500,85537,46.28
2021-04-05,185500,187500,185000,187500,43425,46.28
2021-04-06,187000,188000,187000,188000,50403,46.3
2021-04-07,189000,189000,187500,188000,54384,46.32
2021-04-08,188000,190500,188000,189500,117329,46.41
2021-04-09,190500,191000,189000,190000,110320,46.5
2021-04-12,189000,190500,188000,190500,62779,46.54
2021-04-13,191500,191500,189000,190500,94981,46.58
2021-04-14,190000,191000,189000,190000,87560,46.58
2021-04-15,190000,191500,190000,190500,105275,46.68
2021-04-16,191000,191500,190000,191000,91730,46.72
2021-04-19,191000,193000,190000,192500,126473,46.74
2021-04-20,193000,196500,193000,194500,178806,46.79
2021-04-21,193500,195000,192000,193000,129255,46.85
2021-04-22,194500,197000,194000,196000,214035,46.96
2021-04-23,195000,197500,193500,196000,150213,47.02
2021-04-26,197500,200000,197500,199000,176723,47.12
2021-04-27,201000,201500,199000,201000,125444,47.15
2021-04-28,203000,207500,202000,202500,230236,47.29
2021-04-29,202500,205500,198500,199000,111342,47.29
2021-04-30,198500,200500,198000,198000,128622,47.26
2021-05-03,198000,205500,197500,202500,151873,47.27
2021-05-04,203000,204500,195000,199000,136832,47.25
2021-05-06,199500,205000,199000,204000,123856,47.28
2021-05-07,205500,208500,204500,208000,148040,47.42
2021-05-10,207500,209000,206000,207000,132261,47.45
2021-05-11,208000,211000,207000,209500,157235,47.51
2021-05-12,212000,215000,206500,211500,225950,47.6
2021-05-13,211000,220000,210000,215000,349310,47.79
2021-05-14,217500,217500,210500,212500,135934,47.75
2021-05-17,213500,214000,205500,211500,127004,47.74
2021-05-18,212000,213000,208000,211000,100889,47.7
2021-05-20,209000,210500,205500,206000,165956,47.62
2021-05-21,206000,209000,205000,207000,147813,47.62
2021-05-24,205500,209000,204500,208000,83618,47.6
2021-05-25,206500,209500,206000,208000,119439,47.55
2021-05-26,207000,209500,206000,209000,82628,47.56
2021-05-27,209000,215000,207000,209000,341597,47.55
2021-05-28,211000,211500,209000,210000,79600,47.53
2021-05-31,209500,213500,209000,211500,122559,47.56
2021-06-01,211000,214000,209500,212000,85074,47.58
2021-06-02,210500,215000,210000,214500,88917,47.66
2021-06-03,213000,215500,211000,212000,121048,47.64
2021-06-04,211000,215500,210500,214500,120351,47.64
2021-06-07,214500,217500,214000,217000,97654,47.68
2021-06-08,217000,220000,216000,219000,109917,47.75
2021-06-09,219000,221500,218500,219500,136931,47.84
2021-06-10,220000,220000,212500,215500,216102,47.83
2021-06-11,213000,214500,209000,210500,230083,47.79
2021-06-14,209000,210500,207000,209500,105283,47.82
2021-06-15,208500,210500,207500,210000,90377,47.74
2021-06-16,209000,215000,208500,212000,87790,47.76
2021-06-17,212000,215000,210500,212000,92138,47.76
2021-06-18,211500,213500,209500,211000,98685,47.75
2021-06-21,211000,213000,208000,210500,97406,47.88
2021-06-22,211000,213500,210500,211000,81046,47.9
2021-06-23,211500,215500,211000,215000,106352,47.98
2021-06-24,216000,217500,214000,216000,107078,48.02
2021-06-25,216000,223500,216000,223000,142077,48.08
2021-06-28,222000,226000,220500,222500,93600,48.06
2021-06-29,221000,221000,218500,220000,103611,48.14
2021-06-30,219500,223500,218000,220500,100164,48.17
2021-07-01,220500,222500,217000,218000,87635,48.2
2021-07-02,217500,224000,217000,223500,92821,48.26
2021-07-05,223000,223500,218500,219000,75187,48.25
2021-07-06,220500,221000,219000,219000,51631,48.27
2021-07-07,216500,217500,213500,215000,90717,48.28
2021-07-08,212500,217500,212500,213000,102801,48.27
2021-07-09,210000,212000,206500,209500,128029,48.21
2021-07-12,210500,214500,210500,213000,45214,48.25
2021-07-13,213500,219500,213000,218000,73639,48.27
2021-07-14,217000,218500,216000,218000,53538,48.31
2021-07-15,218000,221000,217500,220000,81517,48.34
2021-07-16,217000,222000,216500,221500,50891,48.4
2021-07-19,220000,222500,217500,218000,51984,48.44
2021-07-20,217500,218000,214000,217000,77084,48.46
2021-07-21,217500,218500,214000,214500,48811,48.46
2021-07-22,216000,220500,215500,220500,77377,48.48
2021-07-23,217500,220500,217000,217500,43625,48.45
2021-07-26,218000,218500,214000,214500,36728,48.43
2021-07-27,215500,218000,213500,215000,50756,48.41
2021-07-28,216000,217000,213500,216000,49504,48.36
2021-07-29,214500,219000,214500,216500,56018,48.34
2021-07-30,215000,218000,214500,214500,80627,48.32
2021-08-02,217000,218500,214000,216500,62951,48.3
2021-08-03,215500,219000,214000,218500,108444,48.31
2021-08-04,216500,219000,215500,218000,123038,48.22
2021-08-05,216500,219000,216500,218000,76915,48.2
2021-08-06,217000,220500,216500,218000,110492,48.16
2021-08-09,216000,216500,214500,216000,74189,48.13
2021-08-10,215500,216500,213000,214000,57081,48.11
2021-08-11,213500,217500,213000,216000,91991,48.11
2021-08-12,216000,218500,214500,215500,107035,48.08
2021-08-13,218000,224000,217000,219000,215915,48.2
2021-08-17,221500,230000,221500,229500,344258,48.42
2021-08-18,230500,232500,226000,227000,186904,48.42
2021-08-19,227500,229000,222500,225000,150656,48.43
2021-08-20,224000,224500,218000,220500,113287,48.44
2021-08-23,221000,223000,220500,221500,100890,48.43
2021-08-24,223500,225000,220500,223500,120974,48.43
2021-08-25,228500,230500,223500,226500,87532,48.47
2021-08-26,225000,231000,225000,230500,121163,48.55
2021-08-27,231000,231500,228500,231500,70594,48.58
2021-08-30,230000,230500,223500,224500,64134,48.58
2021-08-31,222500,227000,221000,226000,126758,48.6
2021-09-01,223000,227500,222500,227000,51052,48.62
2021-09-02,225000,230000,225000,228000,81554,48.66
2021-09-03,227500,229500,227000,229000,51449,48.69
2021-09-06,227500,229500,225500,227500,52365,48.71
2021-09-07,226000,226000,222000,224500,91331,48.72
2021-09-08,222500,229500,222500,228000,89464,48.74
2021-09-09,226500,228500,223000,223000,136121,48.74
2021-09-10,225500,229500,224500,228000,75294,48.82
2021-09-13,228000,230000,225000,229500,68889,48.78
2021-09-14,230500,237000,230500,233500,140185,48.83
2021-09-15,232500,236500,232000,232000,96718,48.86
2021-09-16,232000,233500,221500,227000,114595,48.84
2021-09-17,225500,227500,224500,227500,101649,48.85
2021-09-23,223500,228000,223000,227500,99542,48.81
2021-09-24,228000,230500,226500,228500,57009,48.8
2021-09-27,227000,233500,227000,230000,71111,48.8
2021-09-28,228500,235500,228000,233000,116282,48.8
2021-09-29,233000,237000,230500,231500,105976,48.78
2021-09-30,230500,236000,230500,235000,109787,48.77
2021-10-01,233000,237500,230500,237500,97462,48.8
2021-10-05,234000,244500,234000,240000,157349,48.8
2021-10-06,242000,248500,240500,243000,188880,48.77
2021-10-07,247000,247500,239500,242000,86656,48.74
2021-10-08,241000,242000,237500,241000,59369,48.77
2021-10-12,240000,242500,237000,239500,103176,48.76
2021-10-13,239500,240500,237000,239000,70642,48.72
2021-10-14,240000,242000,238000,240000,87304,48.7
2021-10-15,239500,244000,239000,242000,71648,48.71
2021-10-18,241000,243000,238000,241500,129943,48.71
2021-10-19,244000,247000,242500,245000,54557,48.73
2021-10-20,245000,247000,243500,247000,51512,48.75
2021-10-21,245500,247500,244500,247000,85470,48.76
2021-10-22,245500,247000,243500,245000,35365,48.75
2021-10-25,243000,249000,242000,248000,43491,48.76
2021-10-26,249000,249500,246000,247500,41562,48.75
2021-10-27,249000,253000,247000,251500,73257,48.81
2021-10-28,251500,252000,235000,236000,142693,48.76
2021-10-29,235500,241000,230000,231000,132742,48.74
2021-11-01,232000,235500,231000,235000,82135,48.74
2021-11-02,236500,238000,233500,235000,69138,48.74
2021-11-03,235500,239000,230500,233500,63597,48.78
2021-11-04,233000,236000,227000,229000,86430,48.77
2021-11-05,230500,231000,223500,225000,113523,48.82
2021-11-08,223500,230000,220500,227500,66415,48.83
2021-11-09,227500,229000,221000,223000,101001,48.82
2021-11-10,221000,226000,220500,223500,63997,48.87
2021-11-11,222000,224000,219500,221000,116445,48.85
2021-11-12,224000,226000,221000,225500,95324,48.81
2021-11-15,224500,230000,223000,229500,61918,48.82
2021-11-16,230000,230000,224000,229000,88060,48.86
2021-11-17,225500,226500,217000,220000,153575,48.82
2021-11-18,217000,218500,212000,218500,102507,48.81
2021-11-19,215000,219000,213500,218000,108622,48.81
2021-11-22,213500,219500,212000,216500,133835,48.8
2021-11-23,214000,219000,213500,214000,127144,48.76
2021-11-24,214500,219000,214500,217000,99046,48.79
2021-11-25,215500,216000,212500,212500,68599,48.75
2021-11-26,211000,213000,206000,206500,87358,48.76
2021-11-29,206500,211500,205000,208000,107804,48.77
2021-11-30,205500,210500,201000,202000,202941,48.81
2021-12-01,203500,207000,200500,203000,103343,48.81
2021-12-02,200000,204000,197000,203500,144612,48.79
2021-12-03,204000,211000,203000,209000,102951,48.81
2021-12-06,208500,210500,205500,208500,46782,48.8
2021-12-07,208500,211500,206500,211500,59760,48.8
2021-12-08,211500,213500,208500,209500,84748,48.73
2021-12-09,210000,212500,209000,210500,100901,48.7
2021-12-10,210500,212500,210000,211000,46065,48.7
2021-12-13,211500,214500,210000,210500,82372,48.67
2021-12-14,209000,213000,209000,210000,74575,48.66
2021-12-15,209000,211500,208000,209500,99173,48.64
2021-12-16,209500,212000,209500,211500,59541,48.61
2021-12-17,212500,216000,211500,215500,212781,48.59
2021-12-20,214000,216000,212000,214000,80801,48.55
2021-12-21,215500,216000,214000,214000,69290,48.49
2021-12-22,214000,215000,213000,214500,43956,48.47
2021-12-23,214000,216500,213500,216000,60313,48.44
2021-12-24,217000,218500,215000,216000,76551,48.39
2021-12-27,216000,219000,216000,218500,103939,48.37
2021-12-28,219000,222000,216500,222000,164801,48.28
2021-12-29,211000,212500,205500,205500,181975,48.17
2021-12-30,205500,205500,201500,202000,72848,48.19
2022-01-03,201500,205000,200000,204500,75926,48.22
2022-01-04,203000,208000,201000,207000,112514,48.26
2022-01-05,206000,215000,205500,210500,188347,48.36
2022-01-06,212500,213500,208000,212000,97863,48.36
2022-01-07,209500,215000,208000,214500,107178,48.36
2022-01-10,213500,223500,213500,222500,173843,48.35
2022-01-11,218500,222000,213500,214000,111736,48.31
2022-01-12,214500,220000,214000,218000,90565,48.35
2022-01-13,218000,220000,215000,216500,81859,48.35
2022-01-14,216500,218500,212500,217500,80862,48.38
2022-01-17,214500,217000,212500,214500,53891,48.4
2022-01-18,216000,216500,210500,213500,79783,48.43
2022-01-19,214500,220000,214500,216500,107796,48.43
2022-01-20,217500,217500,207000,207500,115323,48.34
2022-01-21,206000,210000,205500,209000,62424,48.39
2022-01-24,208500,210500,206000,208500,69277,48.37
2022-01-25,206000,208500,202000,203500,79984,48.37
2022-01-26,206500,208500,203500,207500,75547,48.39
2022-01-27,208500,210000,197500,199000,121451,48.4
2022-01-28,201000,202500,197500,200500,133953,48.41
2022-02-03,205000,211500,204000,209000,115915,48.49
2022-02-04,211000,212500,208000,211000,75819,48.52
2022-02-07,210000,214000,208500,213500,84861,48.54
2022-02-08,216500,219000,212500,214500,82874,48.53
2022-02-09,214500,217000,214000,216500,51838,48.56
2022-02-10,216500,218500,214000,218000,75510,48.58
2022-02-11,216500,218000,214500,216000,65943,48.61
2022-02-14,216500,217500,211000,212500,59077,48.63
2022-02-15,213000,213500,210000,212000,59741,48.64
2022-02-16,212500,215500,210500,213500,74048,48.67
2022-02-17,215000,217000,212500,215500,88797,48.72
2022-02-18,212500,217000,212500,216000,44963,48.71
2022-02-21,212000,214000,210000,211000,65384,48.73
2022-02-22,207000,207000,194500,197500,397835,48.67
2022-02-23,198500,199000,196000,197500,158430,48.79
2022-02-24,195000,196500,191500,192500,194120,48.85
2022-02-25,193000,194000,188500,190000,184818,48.81
2022-02-28,190000,190500,187500,190500,110816,48.87
2022-03-02,190500,190500,187000,188000,176655,48.82
2022-03-03,189000,190500,187500,189500,107526,48.76
2022-03-04,189500,191000,188000,189500,81486,48.79
2022-03-07,186000,186500,180000,181000,196068,48.61
2022-03-08,178000,183000,177000,181000,140918,48.57
2022-03-10,186000,186500,181500,185500,158869,48.57
2022-03-11,184500,187000,183000,185500,62252,48.56
2022-03-14,184000,186500,183000,184500,80376,48.52
2022-03-15,184000,185000,181500,183000,79349,48.39
2022-03-16,183500,188000,182000,184500,90274,48.36
2022-03-17,187000,188500,184500,184500,85777,48.32
2022-03-18,184500,188000,183000,188000,184481,48.34
2022-03-21,188000,191000,188000,188500,61749,48.36
2022-03-22,191000,198000,189500,198000,198054,48.52
2022-03-23,198000,202500,197500,201500,146384,48.55
2022-03-24,199000,201000,198500,200000,72672,48.55
2022-03-25,199000,202000,198000,201000,87175,48.54
2022-03-28,198500,210000,198000,208000,145643,48.57
2022-03-29,209500,211500,205000,207500,92615,48.54
2022-03-30,208500,209500,205500,207500,74696,48.56
2022-03-31,208500,221000,207500,219000,273026,48.8
2022-04-01,216000,221000,215500,220000,121387,48.81
2022-04-04,216500,221000,216500,219500,84100,48.84
2022-04-05,218500,219000,212000,215000,74038,48.87
2022-04-06,214000,221000,213500,220500,134152,48.88
2022-04-07,220000,223500,220000,220000,143528,48.9
2022-04-08,219500,219500,215500,216500,113383,48.86
2022-04-11,215500,221000,214000,219500,90991,48.85
2022-04-12,218500,220000,216000,216500,67183,48.81
2022-04-13,218500,220000,214000,216500,81887,48.81
2022-04-14,215500,219500,215000,217500,100337,48.84
2022-04-15,216500,217000,210000,213000,164649,48.89
2022-04-18,211000,211000,206500,208000,108265,48.91
2022-04-19,208500,210500,206500,207000,85793,48.95
2022-04-20,207000,210500,207000,208000,84173,49.01
2022-04-21,210000,211500,209000,210000,73584,49.02
2022-04-22,207500,217000,207500,214500,134782,49.05
2022-04-25,212000,213000,209500,210000,52077,49.04
2022-04-26,211500,211500,206000,207000,61614,49.03
2022-04-27,203500,207000,202000,205000,83789,49.09
2022-04-28,209500,210500,206500,210000,72524,49.13
2022-04-29,209000,211000,207000,210000,74462,49.15
2022-05-02,209500,211000,202500,206000,84008,49.18
2022-05-03,204500,206500,204000,204000,56685,49.21
2022-05-04,204000,208500,204000,207500,75515,49.27
2022-05-06,206000,207000,202500,205500,77997,49.28
2022-05-09,203500,206500,201000,203000,46652,49.28
2022-05-10,202000,202000,195000,199500,94186,49.25
2022-05-11,196500,198500,194500,196000,86555,49.22
2022-05-12,195500,206000,195500,199500,153302,49.28
2022-05-13,202000,206000,199000,203000,89619,49.29
2022-05-16,205000,209000,202000,204500,72512,49.3
2022-05-17,204500,207000,199500,200000,81278,49.26
2022-05-18,200000,202500,200000,201500,46947,49.3
2022-05-19,198500,201500,198000,198500,83496,49.33
2022-05-20,199500,202500,198500,199500,116467,49.32
2022-05-23,199500,201000,196000,199500,124930,49.26
2022-05-24,199500,204000,196500,196500,82260,49.26
2022-05-25,199000,199000,197000,198500,47670,49.24
2022-05-26,197000,199000,195000,196000,81588,49.17
2022-05-27,197500,199500,196500,199500,79750,49.18
2022-05-30,200000,203500,198000,199000,76550,49.2
2022-05-31,199500,200500,196500,199000,329951,49.24
2022-06-02,197500,198500,195500,197000,84040,49.22
2022-06-03,198500,198500,195000,197000,55389,49.2
2022-06-07,197500,197500,195000,195500,106065,49.28
2022-06-08,195500,199500,194500,199000,100051,49.36
2022-06-09,199000,200000,196000,200000,122355,49.4
2022-06-10,198000,199000,195500,198000,69142,49.41
2022-06-13,197000,202500,194000,195000,114925,49.42
2022-06-14,196500,196500,191000,192000,105311,49.39
2022-06-15,192500,196000,190000,194500,80080,49.42
2022-06-16,194000,196500,192000,192500,84759,49.38
2022-06-17,191500,199500,190500,196000,140498,49.44
2022-06-20,195500,196500,192500,194500,68947,49.42
2022-06-21,197500,198500,194500,195500,52356,49.38
2022-06-22,197000,202000,194500,199000,163869,49.43
2022-06-23,199500,202000,195500,196000,124096,49.35
2022-06-24,198000,198500,194500,196500,54257,49.34
2022-06-27,196000,201500,196000,199500,70280,49.42
2022-06-28,201000,201500,198000,200500,54177,49.45
2022-06-29,199000,201000,199000,200000,46893,49.5
2022-06-30,201000,203500,199500,201000,98669,49.55
2022-07-01,204000,204000,197500,202500,103980,49.46
2022-07-04,200500,202500,198000,201500,90107,49.45
2022-07-05,202500,202500,196000,196500,142772,49.4
2022-07-06,195500,197000,183500,184500,184048,49.36
2022-07-07,186500,191000,183500,190000,88036,49.4
2022-07-08,189000,198500,189000,196500,136612,49.51
2022-07-11,196500,197500,194500,196000,47122,49.49
2022-07-12,195500,202500,194500,201500,111842,49.51
2022-07-13,203000,203500,198000,198500,76894,49.5
2022-07-14,197500,200500,195000,197000,80597,49.5
2022-07-15,196500,199000,192000,195500,77228,49.52
2022-07-18,195500,201500,195000,199000,72531,49.55
2022-07-19,197500,201000,197500,200000,47545,49.57
2022-07-20,201000,203500,197500,198500,84137,49.57
2022-07-21,197500,199000,195500,198500,78153,49.58
2022-07-22,197000,200500,194000,194500,74042,49.55
2022-07-25,195500,195500,193000,193500,57429,49.48
2022-07-26,193000,194500,191000,192000,76744,49.44
2022-07-27,193000,194500,192000,193500,52398,49.44
2022-07-28,193500,197000,193500,197000,86853,49.48
2022-07-29,198000,198500,196000,197500,52227,49.48
2022-08-01,196000,198000,196000,197500,46966,49.48
2022-08-02,196500,198500,196000,197000,43647,49.48
2022-08-03,196500,202000,196500,201500,69638,49.5
2022-08-04,200500,203000,200500,201500,50465,49.53
2022-08-05,202500,206500,201000,205500,67825,49.6
2022-08-08,204500,209500,204000,205000,78426,49.64
2022-08-09,203500,208000,201500,205000,78522,49.64
2022-08-10,205500,207000,202000,203500,48988,49.66
2022-08-11,203000,204500,201000,202000,81342,49.63
2022-08-12,202000,205000,198000,200000,116767,49.59
2022-08-16,200000,200000,196500,197000,126120,49.54
2022-08-17,197000,199000,196000,198000,80125,49.54
2022-08-18,197000,200500,195500,198500,97939,49.58
2022-08-19,198000,201500,197000,201000,90681,49.65
2022-08-22,199500,201000,199000,200000,60397,49.67
2022-08-23,200000,200000,196000,198500,53222,49.68
2022-08-24,198500,198500,196000,196000,52352,49.68
2022-08-25,196000,197500,195500,197500,52895,49.7
2022-08-26,197000,199000,196500,196500,72576,49.71
2022-08-29,195500,196000,192000,193000,56496,49.69
2022-08-30,193500,195500,192000,194000,53107,49.71
2022-08-31,192500,195000,190500,195000,91787,49.71
2022-09-01,193000,194500,191000,192000,74003,49.71
2022-09-02,191500,193000,190000,192000,68309,49.75
2022-09-05,193500,194500,192000,193000,38217,49.75
2022-09-06,194000,194000,191000,192500,61568,49.73
2022-09-07,192000,194000,190000,192500,59843,49.74
2022-09-08,194500,194500,190500,192000,77693,49.71
2022-09-13,193500,199000,193000,197500,91304,49.76
2022-09-14,194500,197000,192000,192500,63749,49.77
2022-09-15,193500,195000,192500,193000,37666,49.79
2022-09-16,192000,192500,189000,189500,100732,49.71
2022-09-19,190000,193000,189000,193000,74768,49.76
2022-09-20,194500,195500,191500,195000,66085,49.79
2022-09-21,194000,195500,192500,192500,59384,49.79
2022-09-22,192500,194000,191500,193000,52725,49.8
2022-09-23,194500,196500,192000,196500,82835,49.81
2022-09-26,196000,200000,193000,196000,125950,49.81
2022-09-27,197000,197000,189500,192500,120388,49.77
2022-09-28,190000,193000,189000,191000,133331,49.82
2022-09-29,191000,195500,188000,188500,131520,49.81
2022-09-30,184500,188500,184000,184000,180981,49.77
2022-10-04,184500,192500,184500,191000,99012,49.89
2022-10-05,192000,193500,189500,190000,64433,49.92
2022-10-06,190500,190500,188500,189500,41321,49.9
2022-10-07,189000,197000,188000,196000,77252,49.9
2022-10-11,193500,195500,190500,191500,90296,49.88
2022-10-12,191000,191500,187000,187500,69539,49.86
2022-10-13,188500,190000,188000,188000,70180,49.9
2022-10-14,189000,193500,186500,192500,57783,49.93
2022-10-17,192000,195500,191000,194500,50394,49.95
2022-10-18,196500,197000,192500,195500,52679,49.95
2022-10-19,196000,197000,194000,196500,61095,49.96
2022-10-20,194500,198500,194500,198000,99989,49.98
2022-10-21,196500,198000,195000,196500,89215,49.97
2022-10-24,199000,199000,194500,196000,55530,49.96
2022-10-25,196500,196500,193500,194500,39950,49.95
2022-10-26,194000,198000,194000,196500,69733,49.98
2022-10-27,198000,198500,195500,196500,94680,49.97
2022-10-28,197000,204000,197000,204000,99637,50.04
2022-10-31,202000,204000,198500,200000,99125,50.05
2022-11-01,201000,203000,199500,200500,53580,50.05
2022-11-02,202000,205000,202000,204000,75040,50.11
2022-11-03,202000,204500,199000,201500,75557,50.17
2022-11-04,205500,207000,203500,206000,116752,50.2
2022-11-07,206500,207000,202000,204000,67571,50.21
2022-11-08,206000,207000,199000,202000,98240,50.22
2022-11-09,203500,204000,200000,202500,61594,50.25
2022-11-10,202500,203000,200000,201000,63714,50.29
2022-11-11,202500,203000,198500,200500,106115,50.24
2022-11-14,200000,201000,199000,200000,60639,50.25
2022-11-15,201000,201000,194000,195000,121326,50.19
2022-11-16,194500,195500,191000,193500,169283,50.14
2022-11-17,193000,195500,192500,193500,57623,50.19
2022-11-18,193500,195000,192500,194000,63974,50.17
2022-11-21,195000,197000,193000,195000,61189,50.17
2022-11-22,194500,197000,194000,197000,54989,50.16
2022-11-23,195500,197500,195000,196500,52940,50.16
2022-11-24,197500,200500,197000,200500,60397,50.21
2022-11-25,199500,203500,199500,203500,76073,50.24
2022-11-28,201000,203500,199500,201000,45841,50.23
2022-11-29,201500,205500,200000,204500,60060,50.3
2022-11-30,203500,206000,203500,205500,124510,50.34
2022-12-01,204000,206000,202000,203500,78408,50.32
2022-12-02,203000,203000,196500,197000,116690,50.24
2022-12-05,198000,199000,195000,197000,94438,50.12
2022-12-06,197500,199000,195500,198000,96737,50.14
2022-12-07,199500,205000,198000,203000,195673,50.21
2022-12-08,203500,205500,202000,204500,133789,50.19
2022-12-09,205500,207000,202500,207000,79727,50.2
2022-12-12,207000,210000,205000,209500,54265,50.17
2022-12-13,211500,214500,209500,212500,125931,50.26
2022-12-14,214500,214500,210500,212500,91245,50.24
2022-12-15,213000,214500,210000,210500,72891,50.27
2022-12-16,211500,214000,209000,214000,137373,50.29
2022-12-19,212000,215000,212000,214500,81754,50.27
2022-12-20,214500,216000,213000,216000,58861,50.31
2022-12-21,216000,216500,212500,215000,38738,50.31
2022-12-22,213500,217500,213500,217500,65676,50.3
2022-12-23,217500,218000,215000,216500,29019,50.29
2022-12-26,215000,216500,214500,215000,46968,50.27
2022-12-27,216000,216000,211500,213000,111521,50.31
2022-12-28,202000,206500,199000,206000,106997,50.36
2022-12-29,203500,204500,198500,200000,66949,50.43
2023-01-02,200500,201000,194500,194500,51688,50.45
2023-01-03,196500,197000,191500,194000,56028,50.48
2023-01-04,192500,196000,190500,195000,69045,50.48
2023-01-05,194000,197500,194000,195500,71174,50.51
2023-01-06,195000,205000,195000,204000,87101,50.56
2023-01-09,205000,207500,200000,201500,76413,50.58
2023-01-10,201500,204000,198000,201000,77604,50.6
2023-01-11,202000,202500,198500,200500,53752,50.62
2023-01-12,200000,204000,200000,201000,65861,50.69
2023-01-13,203000,203500,197500,201000,102703,50.74
2023-01-16,200000,204000,198500,200500,52975,50.77
2023-01-17,200500,207500,200000,206000,86312,50.78
2023-01-18,206500,207000,201500,203000,104680,50.73
2023-01-19,202000,210000,201500,207500,133346,50.77
2023-01-20,207000,212500,205000,206000,56445,50.8
2023-01-25,205000,208000,204000,206000,58111,50.79
2023-01-26,205000,209000,204500,205500,73560,50.84
2023-01-27,205000,210000,204500,209500,67539,50.87
2023-01-30,207500,209500,201000,201000,128488,50.83
2023-01-31,203000,206000,202000,203000,139174,50.87
2023-02-01,204000,209000,203000,208000,104852,50.93
2023-02-02,209000,209000,202000,203000,148698,50.95
2023-02-03,203000,205500,202000,205000,104937,51.0
2023-02-06,204000,205500,201000,202000,75569,51.0
2023-02-07,202000,205000,201000,202500,80995,50.99
2023-02-08,203000,205000,202000,203500,67228,51.03
2023-02-09,202000,203500,199600,199900,91301,51.01
2023-02-10,199700,203500,199200,203500,50269,51.06
2023-02-13,202000,204500,200500,203000,51195,51.09
2023-02-14,204000,204500,202000,204500,50061,51.09
2023-02-15,203500,205500,202000,205000,73593,51.14
2023-02-16,205000,206500,202500,205000,77965,51.13
2023-02-17,204000,207000,202500,206500,90552,51.2
2023-02-20,205500,206000,203000,205000,62711,51.22
2023-02-21,204000,206000,203500,206000,39981,51.23
2023-02-22,206500,208500,205500,207500,73578,51.29
2023-02-23,208500,215500,207000,212500,155605,51.35
2023-02-24,211000,217500,211000,213500,96779,51.32
2023-02-27,213500,217500,212500,216500,96180,51.35
2023-02-28,216000,216500,211000,214500,111624,51.33
2023-03-02,215000,219500,214500,218000,104536,51.42
2023-03-03,217500,218000,210500,211000,81281,51.46
2023-03-06,212500,217000,212000,215500,66702,51.5
2023-03-07,215500,216500,213500,214500,55112,51.52
2023-03-08,213000,213500,207000,209500,93360,51.52
2023-03-09,210500,215500,209000,213000,146524,51.46
2023-03-10,212500,216000,211500,214000,83293,51.51
2023-03-13,215500,218000,213500,218000,102903,51.56
2023-03-14,215500,217500,213000,215500,132218,51.56
2023-03-15,215000,217000,214000,216000,84342,51.54
2023-03-16,214500,215500,211000,212500,72982,51.54
2023-03-17,214500,216000,213000,215500,98668,51.59
2023-03-20,214500,215500,207500,208500,88379,51.57
2023-03-21,209500,212500,207500,207500,86991,51.59
2023-03-22,209000,210500,207500,209000,63048,51.6
2023-03-23,209000,210000,205500,208000,79255,51.59
2023-03-24,205500,206500,201000,202500,78816,51.57
2023-03-27,203000,203000,199800,200500,55599,51.55
2023-03-28,201500,203000,200500,202500,41441,51.56
2023-03-29,203000,208000,203000,207500,63322,51.61
2023-03-30,206000,208000,205000,207000,75078,51.68
2023-03-31,207000,209500,204500,206000,104204,51.71
2023-04-03,206000,208000,205000,207000,54933,51.76
2023-04-04,208000,208000,204000,207000,70266,51.74
2023-04-05,209000,210000,206500,206500,32626,51.74
2023-04-06,206500,207500,204500,204500,48424,51.77
2023-04-07,204500,204500,201500,202500,58148,51.78
2023-04-10,201500,205500,201000,202000,49469,51.8
2023-04-11,202500,206000,202000,204500,63268,51.81
2023-04-12,203500,207000,203500,206500,57556,51.87
2023-04-13,205000,207000,203500,205500,94334,51.87
2023-04-14,205500,208500,205500,207500,85721,51.88
2023-04-17,207500,208000,205500,206500,63230,51.88
2023-04-18,206500,212000,206000,211000,109277,51.98
2023-04-19,210000,213000,210000,212500,104344,51.99
2023-04-20,212000,218500,211000,218000,82483,52.01
2023-04-21,215500,217500,214500,216500,100694,52.02
2023-04-24,216500,217500,212500,217500,171829,52.02
2023-04-25,217500,231500,216500,230500,244146,52.11
2023-04-26,226500,229000,222000,225000,94537,52.12
2023-04-27,224000,224500,219000,223500,73186,52.17
2023-04-28,222000,226000,221500,225000,141115,52.22
2023-05-02,229500,232000,225500,227500,102506,52.22
2023-05-03,226000,230500,226000,227000,48013,52.27
2023-05-04,226000,229000,225500,227000,71453,52.28
2023-05-08,225500,234500,225500,232000,96780,52.3
2023-05-09,233500,233500,228000,230500,73883,52.33
2023-05-10,230000,233000,229000,231000,42954,52.32
2023-05-11,230500,233000,228500,230000,67256,52.32
2023-05-12,230500,230500,222000,225500,167152,52.36
2023-05-15,224000,231500,224000,227500,73397,52.39
2023-05-16,225000,232000,224000,227500,46297,52.39
2023-05-17,228000,232000,227000,227500,61043,52.42
2023-05-18,230000,230000,226000,230000,42056,52.43
2023-05-19,229000,236500,229000,235500,79675,52.46
2023-05-22,237500,239000,234000,236000,63584,52.39
2023-05-23,239000,239500,235500,236500,46684,52.41
2023-05-24,236000,239500,235500,238500,57172,52.43
2023-05-25,238000,239000,233000,235000,83642,52.49
2023-05-26,233000,235500,230000,232000,53437,52.51
2023-05-30,233500,234000,221000,225500,121267,52.58
2023-05-31,226000,230000,224500,225500,165397,52.58
2023-06-01,226000,229500,223500,224500,59684,52.57
2023-06-02,225500,228500,224500,228000,73147,52.58
2023-06-05,229000,232000,227500,231500,61621,52.56
2023-06-07,238000,242500,233500,235500,123358,52.59
2023-06-08,237000,244500,236000,242000,158990,52.6
2023-06-09,245000,245000,234000,235000,81872,52.57
2023-06-12,236500,237000,231500,234000,60661,52.58
2023-06-13,233500,234000,225000,226500,108675,52.54
2023-06-14,225500,226000,220000,223000,113578,52.52
2023-06-15,224000,226500,222500,225500,90537,52.56
2023-06-16,225500,226500,220500,224000,154326,52.59
2023-06-19,223000,223000,219000,220000,68720,52.6
2023-06-20,219000,221000,215500,217500,63074,52.61
2023-06-21,216000,222000,215000,221500,76865,52.64
2023-06-22,222500,230000,222000,226500,81818,52.68
2023-06-23,225000,226000,222000,223000,61149,52.7
2023-06-26,224000,226000,221500,225000,134042,52.74
2023-06-27,224000,227500,224000,227000,74590,52.77
2023-06-28,228000,232000,227000,229000,46377,52.79
2023-06-29,227500,230000,224500,228500,67795,52.81
2023-06-30,230000,233500,227000,230000,82311,52.85
2023-07-03,229500,233000,228000,231500,54583,52.79
2023-07-04,229000,231000,224500,226000,42432,52.79
2023-07-05,225000,230000,224500,226500,48543,52.84
2023-07-06,227500,232000,221500,223000,119852,52.85
2023-07-07,222000,224000,220500,222000,71456,52.88
2023-07-10,223500,233500,222000,232500,120782,52.92
2023-07-11,235000,242000,233500,240000,115834,52.92
2023-07-12,242000,245000,239000,243000,116820,52.96
2023-07-13,247500,248500,236000,238500,124250,52.95
2023-07-14,240000,246000,239000,244500,83049,52.9
2023-07-17,242500,244500,238500,240500,70247,52.91
2023-07-18,241500,243000,237000,238500,52931,52.93
2023-07-19,239000,241500,235500,237500,46097,52.95
2023-07-20,237500,238000,233000,234500,48599,52.97
2023-07-21,238000,241000,235500,240000,72280,53.0
2023-07-24,238500,240000,233000,236500,52126,53.0
2023-07-25,241000,244500,237000,241500,49295,53.02
2023-07-26,239500,241000,234000,239500,93448,53.0
2023-07-27,239500,246000,239500,245000,70963,53.01
2023-07-28,241000,244000,238000,242500,60878,53.03
2023-07-31,244500,245000,241000,244000,61010,53.05
2023-08-01,240500,242500,236500,240500,83456,53.05
2023-08-02,240500,245000,237000,242500,78908,53.07
2023-08-03,245000,245500,239000,240000,56869,53.11
2023-08-04,239500,247500,239000,247500,95290,53.14
2023-08-07,245500,251000,245000,247500,46154,53.16
2023-08-08,250000,253000,248500,253000,70846,53.24
2023-08-09,253500,253500,247500,249000,100091,53.26
2023-08-10,247500,251500,245000,248000,105900,53.29
2023-08-11,246500,252500,246000,250500,111091,53.32
2023-08-14,249500,251000,246500,250500,42862,53.35
2023-08-16,249000,251500,244500,249000,47593,53.32
2023-08-17,249500,251000,245500,249000,58623,53.31
2023-08-18,248000,256000,248000,251000,82241,53.3
2023-08-21,252500,254500,249000,253500,55948,53.29
2023-08-22,252000,253500,249500,252500,69117,53.33
2023-08-23,250000,257000,249500,254500,49354,53.34
2023-08-24,257000,257000,247500,251500,59001,53.29
2023-08-25,249500,256500,249000,254500,66437,53.29
2023-08-28,256500,256500,253000,255000,37140,53.28
2023-08-29,256000,257500,254000,254500,34281,53.29
2023-08-30,253500,255000,243000,246000,123935,53.24
2023-08-31,246000,248500,245000,246500,99044,53.24
2023-09-01,243000,247500,242500,246500,66585,53.28
2023-09-04,242500,245000,239000,245000,63002,53.29
2023-09-05,243500,246500,242500,246000,33693,53.31
2023-09-06,244500,251000,244500,248500,67199,53.34
2023-09-07,246000,250500,246000,250500,55137,53.35
2023-09-08,251000,259000,249500,259000,83215,53.34
2023-09-11,259000,270000,257000,267000,119572,53.31
2023-09-12,267000,269500,263000,264500,56629,53.32
2023-09-13,263500,271000,263500,265000,111638,53.28
2023-09-14,265000,265500,259000,261500,122908,53.2
2023-09-15,262000,270000,259000,267500,128841,53.21
2023-09-18,265000,267500,262500,263000,50350,53.19
2023-09-19,263000,271000,263000,269000,85542,53.24
2023-09-20,269000,269000,264000,265500,58035,53.23
2023-09-21,267500,274500,262000,263500,105162,53.27
2023-09-22,262500,272000,262500,268500,92656,53.32
2023-09-25,266500,271000,264500,267000,124203,53.29
2023-09-26,264500,268000,262000,267000,74258,53.27
2023-09-27,265000,266000,257000,260500,111855,53.26
2023-10-04,261500,262500,252500,259500,136849,53.26
2023-10-05,258000,259500,251500,254500,112438,53.26
2023-10-06,258000,260000,253500,260000,76247,53.26
2023-10-10,263000,265000,258000,262500,100535,53.26
2023-10-11,263500,267500,253500,257500,152205,53.24
2023-10-12,258500,259500,254500,258000,88391,53.25
2023-10-13,255500,260500,255500,258000,71133,53.27
2023-10-16,257500,261500,256000,260500,70102,53.29
2023-10-17,262000,262000,255000,257000,86879,53.28
2023-10-18,258000,266500,257000,266000,91448,53.33
2023-10-19,264000,265000,260000,261000,79127,53.32
2023-10-20,261000,263000,258000,260000,82609,53.3
2023-10-23,261500,261500,254000,255500,48696,53.27
2023-10-24,257500,258000,251000,251500,47966,53.26
2023-10-25,253000,261500,252000,259500,75950,53.28
2023-10-26,260500,260500,254500,258500,71567,53.26
2023-10-27,259000,259000,250500,251000,69069,53.23
2023-10-30,250500,254500,247500,252500,59725,53.25
2023-10-31,255000,262000,254000,258500,68247,53.27
2023-11-01,259500,262000,256500,260000,65475,53.28
2023-11-02,260500,264000,253000,253500,98310,53.28
2023-11-03,254000,254000,234000,248500,141534,53.25
2023-11-06,249000,263000,244000,263000,154502,53.28
2023-11-07,256500,256500,244000,248000,101477,53.25
2023-11-08,249500,250000,241000,244000,90698,53.25
2023-11-09,242000,249500,239000,248500,82957,53.28
2023-11-10,246500,250000,245500,250000,45118,53.29
2023-11-13,250500,253000,248500,251500,85193,53.3
2023-11-14,254000,255500,247500,248500,72634,53.3
2023-11-15,248500,250000,239000,245500,153942,53.33
2023-11-16,247000,249500,245500,249500,84014,53.35
2023-11-17,250500,252000,245000,245000,56416,53.35
2023-11-20,246000,251500,245000,249500,45697,53.38
2023-11-21,251500,251500,247500,248500,57005,53.38
2023-11-22,248000,254000,248000,254000,44417,53.43
2023-11-23,254000,264000,253500,262000,79321,53.45
2023-11-24,263000,268500,261000,261500,74308,53.44
2023-11-27,264000,266000,260500,265000,68360,53.42
2023-11-28,267500,272000,265000,271000,98577,53.44
2023-11-29,267000,268500,261000,262000,58997,53.44
2023-11-30,261000,263000,255000,260000,181267,53.46
2023-12-01,258500,260000,255000,257500,52261,53.44
2023-12-04,257500,260000,256000,257500,39099,53.44
2023-12-05,259000,261000,254500,260500,64630,53.45
2023-12-06,263500,269000,260500,266000,60982,53.48
2023-12-07,263000,263500,256000,256000,74783,53.44
2023-12-08,258000,258500,252000,252500,72120,53.44
2023-12-11,254000,255000,250500,253000,46949,53.44
2023-12-12,255000,258500,253500,255000,70092,53.44
2023-12-13,255500,259000,253500,255000,42582,53.45
2023-12-14,256000,256000,250500,255000,127149,53.41
2023-12-15,255000,260000,254500,260000,138296,53.47
2023-12-18,257500,259500,253500,254000,54757,53.52
2023-12-19,253000,253500,250000,252000,81173,53.53
2023-12-20,254000,257000,253500,255000,59364,53.57
2023-12-21,254500,257000,254500,257000,78299,53.61
2023-12-22,257500,257500,254500,255500,38517,53.57
2023-12-26,257500,260000,255500,258000,62956,53.62
2023-12-27,255000,257000,253000,257000,36943,53.6
2023-12-28,255000,263000,254000,263000,66221,53.66
2024-01-02,259000,261000,256000,260000,43559,53.65
2024-01-03,258500,260000,253500,253500,85079,53.69
2024-01-04,252000,253000,250000,250000,73018,53.72
2024-01-05,251000,252500,246500,248000,58014,53.76
2024-01-08,249500,250500,247000,248000,33389,53.8
2024-01-09,250500,254000,247500,248500,53449,53.81
2024-01-10,248000,249500,245500,245500,30625,53.8
2024-01-11,247000,250000,246000,247500,59031,53.8
2024-01-12,249000,255000,247500,254500,63706,53.84
2024-01-15,254500,258500,253000,257000,38753,53.84
2024-01-16,254000,254500,250000,250000,49217,53.81
2024-01-17,248000,250000,243000,243500,85391,53.77
2024-01-18,240500,243000,235000,237000,125612,53.68
2024-01-19,237000,238000,231000,231500,123609,53.62
2024-01-22,232500,236500,231000,234000,47858,53.61
2024-01-23,236000,236500,234000,236000,51213,53.53
2024-01-24,236500,241000,234000,237000,63878,53.53
2024-01-25,235500,241500,232000,241000,71477,53.47
2024-01-26,239000,244000,238000,241000,40286,53.47
2024-01-29,240500,251500,240000,247500,85638,53.46
2024-01-30,249000,257000,248500,255000,103714,53.48
2024-01-31,255000,264500,253000,264000,97131,53.47
2024-02-01,267000,298000,265000,289500,315038,53.62
2024-02-02,292000,301000,287500,299000,176113,53.69
2024-02-05,302000,305500,288500,298500,149815,53.79
2024-02-06,291500,301000,291500,293000,137825,53.8
2024-02-07,292500,305000,291000,302500,138128,53.78
2024-02-08,304500,333000,303000,333000,327364,53.85
2024-02-13,333000,340000,313500,319000,203165,53.86
2024-02-14,316500,318500,295000,295500,165439,53.82
2024-02-15,297000,298500,290500,292000,102807,53.79
2024-02-16,294000,307000,291500,304000,111466,53.84
2024-02-19,304000,319500,303500,317500,130511,53.8
2024-02-20,317000,317500,299000,303000,121515,53.8
2024-02-21,299000,306500,297500,302000,126460,53.74
2024-02-22,305500,306000,296000,301000,80186,53.74
2024-02-23,304500,321500,304500,308500,123013,53.74
2024-02-26,305000,308000,292500,300000,127261,53.76
2024-02-27,297500,298500,292000,293500,80944,53.73
2024-02-28,293500,297000,286500,291000,107979,53.72
2024-02-29,290500,301500,285500,298000,181620,53.72
2024-03-04,295000,306500,288000,305000,126402,53.65
2024-03-05,298500,313500,298500,303500,151407,53.61
2024-03-06,301000,303500,295500,299000,100177,53.58
2024-03-07,299000,308500,297500,306500,89914,53.58
2024-03-08,309500,322000,305000,310000,165143,53.53
2024-03-11,307500,317500,305000,316000,72706,53.52
2024-03-12,319000,319500,304500,307000,125363,53.5
2024-03-13,309000,314000,306500,309500,85078,53.46
2024-03-14,308500,319000,298500,316500,192951,53.39
2024-03-15,313500,321000,308000,309500,287442,53.34
2024-03-18,312500,314000,301500,314000,107606,53.35
2024-03-19,309500,315500,307500,307500,99130,53.36
2024-03-20,312000,325500,310500,315500,130049,53.46
2024-03-21,319000,345000,319000,343000,222949,53.55
2024-03-22,337500,346000,330000,335000,135910,53.56
2024-03-25,335500,342000,331000,334000,121753,53.54
2024-03-26,322000,325500,314500,315000,178633,53.5
2024-03-27,312000,316500,305500,307000,138787,53.48
2024-03-28,308000,313000,307000,309000,105969,53.49
2024-03-29,307000,311000,305000,306000,59395,53.55
2024-04-01,310500,314000,303000,305000,61336,53.58
2024-04-02,301500,315000,301000,310000,93947,53.62
2024-04-03,307000,310500,299000,301500,120249,53.63
2024-04-04,304500,305000,299000,302000,75632,53.63
2024-04-05,303000,307000,296500,300000,81482,53.61
2024-04-08,304000,314000,301500,308000,102655,53.62
2024-04-09,315000,318500,306000,306500,70239,53.63
2024-04-11,297500,301500,288500,295000,198945,53.63
2024-04-12,291000,291500,280500,288500,158726,53.67
2024-04-15,287500,290000,278500,289500,62257,53.7
2024-04-16,289500,290500,278500,282000,156133,53.7
2024-04-17,285000,286500,275000,277000,69900,53.7
2024-04-18,278000,280500,275000,277000,79332,53.7
2024-04-19,282000,283000,272500,277500,137845,53.76
2024-04-22,282000,303000,282000,300500,145388,53.79
2024-04-23,309000,312000,301000,308000,126448,53.81
2024-04-24,304000,308500,297500,297500,69670,53.81
2024-04-25,295000,303500,292500,299500,50561,53.84
2024-04-26,302000,318000,300000,311500,83057,53.88
2024-04-29,304500,315000,303500,309500,78462,53.86
2024-04-30,309000,317500,308500,310000,112554,53.88
2024-05-02,303500,310500,300000,301000,90932,53.89
2024-05-03,302500,309500,301000,301000,54230,53.91
2024-05-07,309000,311500,304000,310000,78689,53.9
2024-05-08,312500,317500,310500,316000,63453,53.91
2024-05-09,317500,317500,311500,316000,79348,53.89
2024-05-10,319000,331000,316500,326500,92012,53.9
2024-05-13,334000,339000,329500,335500,62382,53.93
2024-05-14,329500,342000,326000,336500,116911,53.97
2024-05-16,338000,375000,338000,370000,293197,54.09
2024-05-17,373000,380000,365500,371000,139260,54.15
2024-05-20,365500,374500,362500,373500,79439,54.15
2024-05-21,368500,374000,367000,374000,74858,54.17
2024-05-22,367000,368500,343500,344000,182467,54.15
2024-05-23,337500,350000,332000,347500,98905,54.15
2024-05-24,337500,340000,329000,335000,136211,54.11
2024-05-27,336000,349000,336000,342000,107718,54.11
2024-05-28,338000,347000,337500,344000,40053,54.13
2024-05-29,337500,344000,336000,341000,69362,54.13
2024-05-30,337000,345000,332500,341500,58553,54.13
2024-05-31,348500,356000,341000,348500,151102,54.11
2024-06-03,358500,364000,349500,357000,78564,54.12
2024-06-04,353500,354500,339500,343000,82287,54.1
2024-06-05,343000,349000,337500,343500,66697,54.07
2024-06-07,344500,354000,341000,343000,80938,54.07
2024-06-10,337500,345000,330500,337500,77089,54.09
2024-06-11,341000,345000,333000,334500,78374,54.06
2024-06-12,334000,338000,331000,334500,86340,54.06
2024-06-13,331500,340500,330500,330500,203328,54.14
2024-06-14,329000,336000,324000,333000,70214,54.19
2024-06-17,333000,338500,333000,335500,58173,54.21
2024-06-18,337500,338000,327000,334000,53901,54.23
2024-06-19,337000,347000,334000,344500,91402,54.26
2024-06-20,342000,361000,340000,360000,105457,54.3
2024-06-21,367000,370000,358500,369000,142672,54.36
2024-06-24,369000,369000,349500,351500,86042,54.31
2024-06-25,355000,358000,352000,357500,101699,54.32
2024-06-26,347500,373500,347500,373500,104756,54.39
2024-06-27,370000,377000,368000,377000,73828,54.44
2024-06-28,381500,393500,378500,389000,103060,54.49
2024-07-01,383500,389000,370000,372000,84870,54.47
2024-07-02,361000,375500,359000,368500,124547,54.44
2024-07-03,371500,375000,366000,368500,63052,54.43
2024-07-04,374000,393000,370000,375000,122254,54.37
2024-07-05,383000,386500,376500,382000,179407,54.32
2024-07-08,372000,376500,368000,368000,71881,54.31
2024-07-09,371500,371500,359000,366000,87726,54.3
2024-07-10,374500,385000,369000,378000,100745,54.33
2024-07-11,378000,388000,376000,388000,115695,54.33
2024-07-12,374500,382500,369000,382000,153904,54.29
2024-07-15,390000,390000,370000,371500,91304,54.27
2024-07-16,370000,373500,365000,370000,95921,54.26
2024-07-17,369000,371000,360000,367500,121376,54.24
2024-07-18,371000,373000,362000,367000,78749,54.23
2024-07-19,371500,372500,359000,363000,85916,54.23
2024-07-22,363000,371000,361500,366500,79008,54.25
2024-07-23,372000,373500,365500,365500,48213,54.25
2024-07-24,362000,365500,352000,356000,87852,54.22
2024-07-25,359500,362500,345000,347000,73418,54.21
2024-07-26,352000,359500,349500,352500,84381,54.2
2024-07-29,352500,360000,352000,353500,66898,54.18
2024-07-30,353000,362500,348000,360000,63841,54.2
2024-07-31,362000,376000,361000,372500,95051,54.22
2024-08-01,366500,374500,354000,374500,77475,54.25
2024-08-02,365000,365500,351000,364000,71859,54.23
2024-08-05,350000,352000,324000,328000,119256,54.19
2024-08-06,349000,349500,331500,333500,96359,54.17
2024-08-07,335000,358000,333000,356000,92462,54.23
2024-08-08,352000,354500,343500,349000,120507,54.19
2024-08-09,347500,354500,345500,351000,69412,54.19
2024-08-12,355500,357000,350000,354500,48598,54.19
2024-08-13,351500,364500,351500,360000,78876,54.18
2024-08-14,360000,364000,335000,336500,153543,54.1
2024-08-16,339500,343000,334500,341000,114835,54.09
2024-08-19,341000,350500,339500,346500,87346,54.05
2024-08-20,347500,362000,344000,356000,97387,54.04
2024-08-21,355500,358500,346000,352000,72475,54.0
2024-08-22,352000,353500,345000,352500,65380,53.99
2024-08-23,354500,361000,352500,356000,99785,53.97
2024-08-26,354000,359500,352000,353500,48030,53.93
2024-08-27,356000,356500,342500,346500,64009,53.89
2024-08-28,347500,353500,341000,341000,66464,53.87
2024-08-29,342500,353000,334500,344500,89835,53.88
2024-08-30,349500,350000,344000,346500,116474,53.86
2024-09-02,345500,361000,343000,360000,132202,53.93
2024-09-03,362000,383500,360000,377000,146605,54.0
2024-09-04,368000,372000,362500,366500,107740,54.02
2024-09-05,369000,369500,359000,359000,70527,54.01
2024-09-06,361000,361500,349000,352000,57387,54.0
2024-09-09,349500,355500,341500,345500,68450,53.99
2024-09-10,344000,349000,338000,347000,81790,53.96
2024-09-11,350000,351000,337000,343000,80546,53.98
2024-09-12,345000,350500,339000,350500,112789,54.03
2024-09-13,353500,358000,347500,357500,73335,54.06
2024-09-19,350000,366500,347000,366500,136395,54.04
2024-09-20,362000,369500,357000,369500,173001,54.05
2024-09-23,373000,375000,353000,359000,83345,54.04
2024-09-24,360500,362000,351500,362000,93620,54.03
2024-09-25,363500,365000,345000,345000,131731,53.97
2024-09-26,347000,361000,347000,356000,115447,53.98
2024-09-27,353000,360000,352500,352500,82557,53.94
2024-09-30,355000,356000,344500,344500,111936,53.91
2024-10-02,337500,341000,332000,333500,135454,53.88
2024-10-04,338000,342500,331000,335000,112470,53.87
2024-10-07,336000,338500,332500,336500,79523,53.86
2024-10-08,331500,332500,324500,327500,106499,53.86
2024-10-10,335000,341000,332000,334000,130078,53.92
2024-10-11,337000,340000,335000,336000,63883,53.91
2024-10-14,335000,356000,335000,351000,144747,53.96
2024-10-15,349000,354000,348500,354000,85553,53.98
2024-10-16,350500,355500,346000,352500,87553,53.97
2024-10-17,355000,356000,346500,348000,80832,53.95
2024-10-18,347500,353500,346000,352500,73210,53.96
2024-10-21,353500,356000,348000,349000,106586,53.97
2024-10-22,351000,362000,349500,359000,194511,54.04
2024-10-23,357000,366500,356000,365500,112570,54.09
2024-10-24,362500,362500,345000,346500,205904,54.06
2024-10-25,349000,358500,346500,356500,133395,54.09
2024-10-28,357500,359500,349500,353500,63016,54.08
2024-10-29,353500,358000,352000,355500,214691,54.09
2024-10-30,358000,358000,343000,346500,116743,54.04
2024-10-31,345500,346000,336500,336500,151977,53.98
2024-11-01,336000,346500,335000,344000,68592,54.0
2024-11-04,341000,345000,338500,343500,61248,53.97
2024-11-05,339500,346500,336500,346000,68955,53.99
2024-11-06,349500,352000,339500,351500,75774,54.01
2024-11-07,346000,351500,342500,342500,61584,53.99
2024-11-08,345500,347500,342000,345000,39873,53.98
2024-11-11,340500,351000,340500,348500,56223,54.01
2024-11-12,345500,353500,344000,344000,87449,54.01
2024-11-13,342500,346000,335500,336000,94661,53.97
2024-11-14,340000,340500,331500,335500,120667,53.95
2024-11-15,336500,340000,331500,334000,55776,53.96
2024-11-18,332000,370500,332000,369000,171975,54.05
2024-11-19,365000,368000,362500,364500,133019,54.04
2024-11-20,360000,376500,359500,374000,96507,54.07
2024-11-21,374500,375000,369000,371500,193293,54.05
2024-11-22,378500,389000,376000,381000,223943,54.07
2024-11-25,387500,387500,371000,375000,205248,53.98
2024-11-26,370500,375500,368000,370000,50450,53.99
2024-11-27,370500,395000,370000,387500,121300,53.99
2024-11-28,386000,391500,384000,387000,70805,53.95
2024-11-29,389500,394500,383000,392500,153356,53.98
2024-12-02,398500,402500,394500,397500,123758,53.98
2024-12-03,401500,435000,401000,435000,176469,54.08
2024-12-04,418000,421500,402500,413500,235861,54.07
2024-12-05,403000,408000,390000,392000,221387,54.02
2024-12-06,374000,388500,374000,378500,260279,53.93
2024-12-09,372500,375000,364500,365000,148217,53.88
2024-12-10,366000,368000,359000,364000,137752,53.83
2024-12-11,360500,376500,360500,370500,190070,53.82
2024-12-12,373500,379000,370000,372000,160100,53.8
2024-12-13,371500,371500,365000,368000,89769,53.75
2024-12-16,370000,374000,360000,361500,89140,53.72
2024-12-17,358000,366000,356000,360500,151357,53.67
2024-12-18,363000,372000,362500,366500,83282,53.67
2024-12-19,358000,371500,353500,369000,107851,53.69
2024-12-20,365000,367500,357500,361000,197015,53.68
2024-12-23,364000,373000,363000,372000,51762,53.68
2024-12-24,370500,371500,368000,370000,46360,53.69
2024-12-26,370000,372000,366000,370000,50233,53.71
2024-12-27,364500,369000,361000,365000,38926,53.72
2024-12-30,359000,367000,357500,358500,42252,53.72
2025-01-02,356000,363500,355000,355500,56023,53.73
2025-01-03,356000,364500,355000,356500,74387,53.72
2025-01-06,360000,365000,351500,365000,80324,53.74
2025-01-07,368000,371000,357000,358000,91563,53.73
2025-01-08,355000,361500,354500,359000,57958,53.72
2025-01-09,358000,369000,357500,361000,77491,53.74
2025-01-10,359000,363000,354500,354500,69206,53.71
2025-01-13,355500,360000,351000,359500,93783,53.69
2025-01-14,357500,362000,356500,358500,65363,53.7
2025-01-15,361500,369500,355500,358000,96376,53.74
2025-01-16,360500,371500,358500,370000,84992,53.78
2025-01-17,367000,372000,362500,365500,60382,53.78
2025-01-20,365500,370000,356500,358000,76360,53.76
2025-01-21,360000,360500,354000,355000,58112,53.74
2025-01-22,354000,356000,342500,344500,128716,53.66
2025-01-23,347000,350500,342000,342000,92061,53.65
2025-01-24,344500,347000,340000,341500,89258,53.67
2025-01-31,350000,383500,348000,381500,272051,53.77
2025-02-03,370500,375000,366500,373500,140953,53.71
2025-02-04,379000,383000,369000,370000,150434,53.65
2025-02-05,373500,379500,361500,361500,115425,53.61
2025-02-06,363500,372500,361000,372500,128537,53.62
2025-02-07,369000,374000,367000,370000,63895,53.62
2025-02-10,369500,372500,366000,366000,99049,53.59
2025-02-11,369500,370000,365500,367500,47216,53.57
2025-02-12,363500,376000,363500,373500,115460,53.54
2025-02-13,368000,370000,354000,358500,265042,53.47
2025-02-14,363000,393500,362000,392000,238237,53.5
2025-02-17,392000,427500,389500,425000,212310,53.54
2025-02-18,408500,413500,398500,404000,167273,53.5
2025-02-19,399500,412000,399000,403000,104249,53.49
2025-02-20,403500,413500,394000,396000,111448,53.5
2025-02-21,396000,396000,388000,389500,72004,53.55
2025-02-24,385000,395500,383000,388000,80703,53.56
2025-02-25,384000,391500,381000,387000,69735,53.55
2025-02-26,391000,400000,388000,393500,69020,53.56
2025-02-27,394000,394000,385000,391000,52682,53.54
2025-02-28,391000,391000,381500,382500,166189,53.5
2025-03-04,378000,388000,378000,382500,54895,53.51
2025-03-05,389000,398500,379000,387500,82538,53.52
2025-03-06,386000,388000,374500,386000,89012,53.49
2025-03-07,386000,386500,372500,372500,139336,53.49
2025-03-10,369000,396500,369000,396500,90915,53.59
2025-03-11,391500,394500,385500,391500,79701,53.6
2025-03-12,395000,398500,388500,394500,82752,53.62
2025-03-13,391500,398000,381500,387500,105647,53.58
2025-03-14,389500,390000,376000,377000,77786,53.53
2025-03-17,380500,388000,379500,388000,57489,53.54
2025-03-18,393000,395000,389000,394500,52183,53.56
2025-03-19,394500,398000,393000,397500,84233,53.57
2025-03-20,400500,405500,393500,397000,73665,53.6
2025-03-21,391500,397500,389500,390500,82233,53.66
2025-03-24,390500,395000,388000,391000,44919,53.66
2025-03-25,377500,378500,370500,372500,84078,53.64
2025-03-26,371000,371000,359500,359500,104823,53.52
2025-03-27,356000,363000,356000,358000,96915,53.5
2025-03-28,358000,358000,352000,357000,117308,53.49
2025-03-31,355500,359000,353500,357500,62227,53.48
2025-04-01,356500,365000,355500,361000,57033,53.51
2025-04-02,367000,367000,357500,361500,67091,53.51
2025-04-03,354000,357500,349000,357000,60181,53.51
2025-04-04,354000,358000,350000,353500,56015,53.51
2025-04-07,341500,346000,334500,344500,95862,53.55
2025-04-08,350000,352000,337000,343000,208648,53.59
2025-04-09,343000,343000,327000,327500,109793,53.58
2025-04-10,340000,352000,336000,352000,68775,53.54
2025-04-11,342000,346500,337500,342500,86675,53.58
2025-04-14,341500,351500,341500,348500,63177,53.6
2025-04-15,349000,352000,346000,351000,57405,53.61
2025-04-16,352000,356000,348500,350500,54106,53.63
2025-04-17,352000,354000,348500,352500,65466,53.64
2025-04-18,351500,354500,350000,352000,16801,53.66
2025-04-21,352000,354500,348500,354500,18311,53.66
2025-04-22,355500,360000,353000,357000,54143,53.69
2025-04-23,367000,367500,359000,361000,52900,53.68
2025-04-24,358500,362000,358000,362000,34841,53.69
2025-04-25,362000,365000,360000,360500,38979,53.67
2025-04-28,359000,365000,359000,364000,43137,53.69
2025-04-29,364000,371000,362500,369000,52991,53.71
2025-04-30,372000,377500,370000,374500,108573,53.74
2025-05-02,382000,385000,372000,377000,94438,53.76
2025-05-07,403000,403000,371500,377000,90936,53.75
2025-05-08,374000,381500,374000,378000,69869,53.78
2025-05-09,374000,379500,374000,375500,51665,53.8
2025-05-12,376000,382000,374000,382000,48888,53.8
2025-05-13,374500,378500,374000,377500,100636,53.81
2025-05-14,376500,379500,370000,378000,77330,53.81
2025-05-15,371500,376500,367500,370000,89585,55.43
2025-05-16,367500,371500,367000,370000,40400,55.44
2025-05-19,369500,377500,369000,371500,70490,55.48
2025-05-20,375000,375500,371500,374500,66899,55.48
2025-05-21,377000,379000,368500,373500,95995,55.52
2025-05-22,375000,382000,363000,363500,119446,55.51
2025-05-23,367500,382000,363000,380000,99171,55.56
2025-05-26,383000,398000,381500,398000,94917,55.54
2025-05-27,393000,399000,390500,395000,62140,55.54
2025-05-28,391000,395500,386000,391500,70837,55.52
2025-05-29,393000,402000,388500,399500,99415,55.52
2025-05-30,395500,404500,395500,404500,247976,55.51
2025-06-02,400000,403500,386000,388000,81302,55.52
2025-06-04,396000,426000,392000,425500,162127,55.6
2025-06-05,425000,447000,418000,445500,187803,55.66
2025-06-09,446500,466000,441000,444500,267876,55.7
2025-06-10,440000,446000,429500,434000,199749,55.74
2025-06-11,429500,444500,429500,440000,116166,55.83
2025-06-12,429000,442500,427000,439000,270622,55.94
2025-06-13,429500,440500,424000,436500,131674,55.94
2025-06-16,443000,445500,431000,444500,66222,55.91
2025-06-17,438000,452500,435000,444500,62789,55.92
2025-06-18,435500,439000,421000,422500,154537,55.84
2025-06-19,424000,432500,424000,428000,127402,55.86
2025-06-20,431000,432500,424000,428500,98501,55.88
2025-06-23,424000,429500,420000,425500,87663,55.91
2025-06-24,429500,445000,428000,444000,128263,55.92
2025-06-25,447000,453000,438000,440500,88585,55.94
2025-06-26,440000,442500,430000,441500,72305,55.95
2025-06-27,439000,439000,431000,435000,85938,55.92
2025-06-30,441000,448000,434000,434000,76620,55.89
2025-07-01,438500,456500,437500,439500,119538,55.87
2025-07-02,430000,444000,429000,439500,76958,55.87
2025-07-03,441500,446000,434500,441000,61305,55.89
2025-07-04,438000,442500,432000,432500,53616,55.89
2025-07-07,437000,441500,430000,440500,156610,55.92
2025-07-08,444500,465000,440000,463000,118188,55.96
2025-07-09,465000,479500,462500,478500,120493,55.98
2025-07-10,474500,481000,469000,471000,140880,55.95
2025-07-11,466000,473500,463000,473000,109234,55.95
2025-07-14,476000,526000,476000,518000,169547,55.89
2025-07-15,500000,505000,478000,485500,316382,55.66
2025-07-16,475500,481500,468500,470000,211613,55.6
2025-07-17,475000,479000,470000,477500,187761,55.58
2025-07-18,480500,485000,460000,466500,83245,55.48
2025-07-21,462000,466500,453500,461500,146685,55.5
2025-07-22,462000,474500,459500,463000,119264,55.51
2025-07-23,465500,466000,458000,463000,186461,55.41
2025-07-24,470000,470000,452000,456000,146180,55.52
2025-07-25,451000,461000,451000,456000,59932,55.54
2025-07-28,451500,452500,434000,435500,142685,55.56
2025-07-29,431000,441000,430500,439000,110264,55.57
2025-07-30,435000,444500,435000,444000,78901,55.58
2025-07-31,440000,448500,437500,440500,61396,55.62
2025-08-01,432000,436500,417000,418500,80913,55.6
2025-08-04,414500,421500,412000,417500,56066,55.6
2025-08-05,420000,435000,419500,434000,84618,55.61
2025-08-06,434000,439000,431500,437500,50728,55.63
2025-08-07,436500,443000,435500,443000,43844,55.66
2025-08-08,438000,441000,432000,433500,65535,55.71
2025-08-11,446500,446500,435000,438500,56546,55.73
2025-08-12,436500,446000,436000,440500,51072,55.74
2025-08-13,441000,445500,430500,438500,87878,55.76
2025-08-14,442500,447000,432750,441000,99685,55.78
2025-08-18,440000,446000,436000,441000,83872,55.79
2025-08-19,449500,449500,437000,443000,69208,55.78
2025-08-20,446000,446000,432000,439500,69263,55.73
2025-08-21,442500,451500,438500,442000,90160,55.76
2025-08-22,442500,449000,440000,443000,116313,55.79
2025-08-25,444000,445000,439000,441000,72845,55.78
2025-08-26,438500,440500,432500,436500,203587,55.75
2025-08-27,437500,440500,435500,440000,80225,55.76
2025-08-28,437500,458000,437000,452000,155216,55.82
2025-08-29,452500,453500,443000,444000,68972,55.81
2025-09-01,447500,457500,444000,454000,75806,55.85
2025-09-02,453500,461000,453000,459500,114746,55.87
2025-09-03,465500,467500,454000,457000,141127,55.9
2025-09-04,451000,456500,445500,453000,72896,55.9
2025-09-05,449000,460500,449000,457500,82698,55.91
2025-09-08,465000,465000,456500,460000,93912,55.92
2025-09-09,462500,468000,458500,465500,112792,55.91
2025-09-10,461500,476000,461000,472000,151215,55.86
2025-09-11,467500,473000,463000,473000,150946,55.83
2025-09-12,474500,476500,468000,470000,80699,55.82
2025-09-15,470000,471500,465500,470000,92955,55.82
2025-09-16,467500,470000,460000,464500,93652,55.79
2025-09-17,460500,464500,448000,449000,158487,55.74
2025-09-18,450500,455000,446500,455000,82936,55.76
2025-09-19,450000,455000,450000,454500,146641,55.79
2025-09-22,454500,459500,453500,457500,40968,55.78
2025-09-23,453000,459000,453000,458500,63530,55.8
2025-09-24,459500,459500,450000,453000,81245,55.85
2025-09-25,453500,460500,448500,450000,76721,55.88
2025-09-26,450000,456500,449000,451000,75425,55.91
2025-09-29,458000,465000,456000,461000,89888,55.95
2025-09-30,457500,459500,451500,451500,76604,55.94
2025-10-01,457000,457500,449500,451500,41120,55.93
2025-10-02,454500,455500,450000,450000,123500,55.9
2025-10-10,448000,460000,441000,451500,114568,55.95
2025-10-13,456000,456000,442500,450000,66550,55.98
2025-10-14,444000,451000,439500,445000,78237,55.99
2025-10-15,444500,449000,442000,447500,48876,56.0
2025-10-16,448500,454000,446000,450500,60862,55.99
2025-10-17,446000,448000,436500,436500,99389,56.0
2025-10-20,437000,447000,436500,444500,109493,56.01
2025-10-21,446500,457000,446000,454000,114244,56.09
2025-10-22,457000,457000,446500,454500,63109,56.11
2025-10-23,455500,463000,450500,454500,127076,56.17
2025-10-24,456000,461500,452000,455500,60094,56.16
2025-10-27,450500,457500,449500,452500,71963,56.17
2025-10-28,452500,452500,445000,449000,79941,56.19
2025-10-29,453500,454000,441500,445000,75941,56.19
2025-10-30,441500,455500,441500,446500,71167,56.24
2025-10-31,450500,451000,441500,441500,75125,56.24
2025-11-03,438000,446500,437500,442500,54128,56.26
2025-11-04,439000,444500,438000,444500,63584,56.29
2025-11-05,447000,469000,443000,469000,144366,56.36
2025-11-06,466500,496500,462000,493500,165472,56.47
2025-11-07,500000,500000,480000,488000,114316,56.5
2025-11-10,501000,520000,499500,511000,102863,56.46
2025-11-11,513000,528000,500000,501000,132482,56.46
2025-11-12,495500,528000,493500,522000,100438,56.48
2025-11-13,515000,515000,500000,500000,127043,56.42
2025-11-14,506000,525000,487500,494500,96733,56.42
2025-11-17,490000,498500,474500,476500,112538,56.42
2025-11-18,476000,479500,464000,464000,57756,56.42
2025-11-19,473500,478000,468000,469000,61488,56.42
2025-11-20,478500,479000,467000,467000,47037,56.4
2025-11-21,476000,476500,463000,470000,75340,56.38
2025-11-24,475000,481000,464000,473000,188094,56.35
2025-11-25,479000,489000,469500,473000,49760,56.37
2025-11-26,485500,487500,472000,486000,51648,56.36
2025-11-27,484000,494000,484000,487000,39359,56.35
2025-11-28,489500,492500,481000,481500,57129,56.32
2025-12-01,486000,502000,482500,502000,94284,56.33
2025-12-02,517000,517000,491000,497000,107587,56.35
2025-12-03,495000,497500,485000,493500,70792,56.34
2025-12-04,490000,499000,489500,497000,61011,56.32
2025-12-05,497500,522000,494000,522000,114863,56.35
2025-12-08,522000,522000,495000,498000,69020,56.31
2025-12-09,500000,500000,490500,500000,71663,56.34
2025-12-10,503000,504000,490000,491000,70894,56.33
2025-12-11,495500,630000,483500,630000,194188,56.25
2025-12-12,507000,509000,487500,489500,239572,56.09
2025-12-15,491500,498000,483500,489500,120462,56.17
2025-12-16,486500,493000,485500,485500,127460,56.13
2025-12-17,487000,495500,484000,492000,72704,56.06
2025-12-18,493000,495000,482000,482000,69612,56.04
2025-12-19,487000,491000,484000,488000,58271,56.03
2025-12-22,493500,497500,490500,497500,45124,56.04
2025-12-23,499000,504000,496500,498000,47364,56.06
2025-12-24,499500,501000,496500,499000,29253,56.06
2025-12-26,497000,501000,490500,491500,31550,56.06
2025-12-29,484000,496000,483000,496000,42941,56.07
2025-12-30,491500,499000,491000,497000,33922,56.07
2026-01-02,495000,499000,491000,497000,40982,56.09
2026-01-05,494500,497500,485500,487500,81483,56.09
2026-01-06,487500,495000,486500,495000,47068,56.14
2026-01-07,488500,493000,480500,485500,73648,56.12
2026-01-08,480500,481000,469000,471500,113442,56.06
2026-01-09,469000,473000,466000,470000,103425,56.05
2026-01-12,471500,478500,467000,477000,95850,56.12
2026-01-13,479500,480000,471500,476500,55912,56.12
2026-01-14,478000,479500,471500,479500,58662,56.13
2026-01-15,477000,483000,471000,475500,115364,56.11
2026-01-16,480000,513000,478500,486500,165316,56.24
2026-01-19,481000,485000,477000,480500,68550,56.2
2026-01-20,478500,503000,478000,501000,91419,56.29
2026-01-21,502000,502000,489500,498500,94558,56.28
2026-01-22,493500,498500,488000,489500,100425,56.25
2026-01-23,487500,492500,483000,492000,81180,56.23
2026-01-26,486000,495000,486000,490500,83438,56.23
2026-01-27,493000,503000,490500,502000,89836,56.29
2026-01-28,502000,507000,491000,491000,114888,56.28
2026-01-29,487500,501000,480000,499000,122215,56.32
2026-01-30,493000,510000,493000,501000,167292,56.36
2026-02-02,502000,502000,477000,481500,88642,56.35
2026-02-03,490000,498000,486000,491500,96193,56.39
2026-02-04,494500,517000,489500,516000,102964,56.42
2026-02-05,510000,516000,499500,503000,80473,56.43
2026-02-06,503000,519000,491000,519000,110523,56.46
2026-02-09,532000,550000,523000,531000,105631,56.44
2026-02-10,548000,548000,527000,534000,87220,56.4
2026-02-11,535000,551000,528000,549000,95400,56.37
2026-02-12,550000,581000,549000,581000,120663,56.36
2026-02-13,598000,598000,550000,559000,258081,56.31
2026-02-19,552000,570000,547000,570000,165511,56.32
2026-02-20,575000,644000,572000,618000,170035,56.31
2026-02-23,627000,646000,560000,565000,226576,56.06
2026-02-24,578000,580000,545000,553000,167797,55.97
2026-02-25,544000,557000,536000,548000,167983,55.84
2026-02-26,546000,552000,537000,548000,115472,55.83
2026-02-27,553000,555000,530000,530000,230440,55.78
2026-03-03,535000,544000,519000,522000,126819,55.8
2026-03-04,517000,517000,459500,468000,149202,55.8
2026-03-05,496000,504000,478500,491500,123569,55.72
2026-03-06,482000,500000,478500,496500,100664,55.75
2026-03-09,460000,478000,452500,474500,126683,55.75
2026-03-10,491500,494500,476000,488500,106680,55.74
2026-03-11,501000,509000,495000,497500,88322,55.73
2026-03-12,491000,493000,485000,490000,127574,55.65
2026-03-13,473000,481500,471000,474000,120794,55.61
2026-03-16,466000,473500,461000,465000,97286,55.57
2026-03-17,470000,479500,470000,477500,100536,55.59
2026-03-18,483000,502000,482500,494000,138480,55.49
2026-03-19,481000,489000,475000,478500,99380,55.45
2026-03-20,478000,482000,474500,474500,181062,55.38
2026-03-23,459000,468000,453500,455500,92306,55.32
2026-03-24,470000,481500,461000,480500,123658,55.23
2026-03-25,500000,500000,486000,490000,146184,55.09
2026-03-26,474500,475500,450000,453000,123589,54.97
2026-03-27,443000,445500,432500,443000,192027,54.97
2026-03-30,421500,447500,419000,445500,128050,54.99
2026-03-31,434500,455000,434000,440500,141613,54.97
2026-04-01,462000,462000,443000,454000,105055,54.94
2026-04-02,457000,461500,438500,444000,86242,54.99
2026-04-03,449500,454500,441500,441500,32630,55.0
2026-04-06,442500,452000,439000,444500,39424,55.01
2026-04-07,441000,452000,440500,446500,59157,55.05
2026-04-08,469500,474000,461000,468000,139098,55.08
2026-04-09,464000,468000,455500,467500,159280,55.15
2026-04-10,469500,472500,465000,469500,89497,55.2
2026-04-13,467000,471500,460500,471500,91284,55.27
2026-04-14,491000,492000,474500,489500,200078,55.37
2026-04-15,502000,515000,482500,486000,243531,55.4
2026-04-16,488500,497500,485000,490000,213852,57.14
2026-04-17,489000,490500,479000,480000,118457,57.05
2026-04-20,481500,485000,475500,475500,112032,57.03
2026-04-21,473500,475500,466000,468000,138915,57.03
2026-04-22,470000,472500,460000,461500,113264,57.02
2026-04-23,469500,470500,455000,463000,218843,56.98
2026-04-24,454500,459000,451000,456000,166309,56.89
2026-04-27,458500,464500,452500,461000,114583,56.91
2026-04-28,464500,485000,462500,483000,227751,57.1
2026-04-29,483000,483500,461000,464000,138790,57.02
2026-04-30,460000,466000,457500,461000,166163,56.99
2026-05-04,468500,476500,459000,473500,146921,57.02
2026-05-06,494000,494000,473500,480500,473305,57.06
2026-05-07,488500,495500,475500,490000,387911,57.23
2026-05-08,490000,505000,472000,499000,189706,57.37
2026-05-11,512000,515000,499000,505000,197789,57.39
2026-05-12,510000,522000,495500,505000,228675,57.47
2026-05-13,511000,515000,490000,498000,131112,57.49
2026-05-14,503000,538000,502000,538000,269848,57.63
2026-05-15,550000,570000,542000,554000,254102,57.73
2026-05-18,559000,576000,548000,554000,147428,57.72
2026-05-19,566000,579000,547000,551000,188446,57.73
2026-05-20,566000,566000,526000,543000,189866,57.75
2026-05-21,555000,570000,550000,566000,164707,57.8
2026-05-22,578000,592000,565000,569000,186662,57.85
2026-05-26,581000,592000,570000,581000,181755,57.97
2026-05-27,590000,597000,572000,577000,144541,57.98
2026-05-28,566000,567000,533000,560000,222612,58.07
2026-05-29,565000,575000,545000,569000,231070,58.06
2026-06-01,579000,632000,570000,604000,282425,58.1
2026-06-02,629000,649000,604000,641000,215423,58.15
2026-06-04,677000,757000,672000,730000,443786,58.24
2026-06-05,705000,728000,682000,695000,343227,58.27
2026-06-08,673000,692000,650000,670000,181724,58.29
2026-06-09,671000,682000,640000,655000,224520,58.24
2026-06-10,616000,633000,596000,616000,230994,58.2
2026-06-11,615000,663000,597000,663000,276539,58.14
2026-06-12,685000,695000,647000,654000,121961,58.12
2026-06-15,671000,690000,658000,676000,115813,58.16
2026-06-16,670000,698000,662000,671000,152534,58.24
2026-06-17,677000,687000,668000,679000,228044,58.26
2026-06-18,672000,705000,664000,700000,122160,58.3
2026-06-19,737000,737000,690000,700000,225695,58.3
2026-06-22,708000,715000,673000,685000,93659,58.31
2026-06-23,664000,706000,638000,646000,210975,58.32
2026-06-24,639000,652000,616000,636000,240897,58.32
2026-06-25,653000,665000,642000,651000,136058,58.36
2026-06-26,640000,644000,612000,636000,181254,58.36
2026-06-29,640000,640000,600000,625000,145259,58.37
2026-06-30,624000,632000,614000,618000,133483,58.38
