date,open,high,low,close,volume,foreign_ownership_ratio
2016-07-01,136500,138000,136000,137000,388387,43.55
2016-07-04,138000,139500,137000,137000,518981,43.55
2016-07-05,136500,137000,134500,135000,389267,43.52
2016-07-06,134000,134500,129000,130000,1098353,43.32
2016-07-07,131500,132500,130500,131000,351312,43.29
2016-07-08,131000,133000,129000,130500,472095,43.29
2016-07-11,130500,132000,130500,131000,395952,43.28
2016-07-12,131500,133000,131000,132000,401323,43.26
2016-07-13,133000,135500,132500,135500,567236,43.33
2016-07-14,134000,134500,131000,131500,688220,43.23
2016-07-15,132000,134000,132000,133000,608594,43.26
2016-07-18,133000,134000,131000,132000,417748,43.24
2016-07-19,131500,132000,130000,130000,630163,43.15
2016-07-20,129500,131000,129000,129500,513880,43.09
2016-07-21,130000,131000,128500,130000,459440,43.06
2016-07-22,130000,130500,129000,129000,364418,42.98
2016-07-25,129500,136000,129500,135500,1182857,43.0
2016-07-26,135000,139500,134000,136000,1125762,42.95
2016-07-27,137000,137500,135000,137000,450182,42.97
2016-07-28,137500,138000,135000,136000,451570,42.98
2016-07-29,135000,136000,132000,132000,698032,42.91
2016-08-01,132500,136000,132500,135500,510753,42.95
2016-08-02,135500,135500,133000,134000,383193,42.96
2016-08-03,133000,134000,130500,132000,393748,42.92
2016-08-04,132500,133000,129500,130500,552854,42.89
2016-08-05,130500,133000,130500,133000,432472,42.91
2016-08-08,134000,134000,132000,133000,367241,42.89
2016-08-09,135000,137000,134500,136500,590729,42.91
2016-08-10,135500,137000,134000,134000,495316,42.9
2016-08-11,134000,135000,133500,134500,340296,42.87
2016-08-12,135000,136000,134500,136000,441448,42.83
2016-08-16,136000,137000,133000,133000,564040,42.71
2016-08-17,133500,135000,133000,135000,456621,42.69
2016-08-18,134500,135000,132000,132500,501557,42.62
2016-08-19,133000,134000,132000,132500,375138,42.62
2016-08-22,132500,133000,131000,132000,400250,42.58
2016-08-23,133000,134500,132000,132500,421660,42.53
2016-08-24,132000,135500,131500,135500,725511,42.51
2016-08-25,136000,138000,134000,136500,880226,42.39
2016-08-26,136500,137000,135000,135500,426273,42.34
2016-08-29,134000,134500,133000,134000,328229,42.33
2016-08-30,133500,135000,132500,132500,331306,42.28
2016-08-31,132000,133500,131000,133000,621524,42.2
2016-09-01,133000,133500,131500,131500,572941,42.14
2016-09-02,132500,136500,132000,135000,1129376,42.33
2016-09-05,136000,139000,136000,139000,681920,42.5
2016-09-06,138500,140000,138000,139500,455216,42.55
2016-09-07,139500,140500,138000,139000,515978,42.58
2016-09-08,139000,140000,136500,139000,604332,42.57
2016-09-09,138000,140000,137500,139500,430914,42.57
2016-09-12,138500,139500,137500,138500,447847,42.55
2016-09-13,140000,140500,138000,138500,560421,42.62
2016-09-19,137000,139500,136000,137000,536712,42.6
2016-09-20,137000,139500,136500,138500,517081,42.63
2016-09-21,137500,138500,136500,138000,464658,42.68
2016-09-22,138000,139500,137500,138000,360424,42.73
2016-09-23,139500,142000,139000,142000,595938,42.8
2016-09-26,140500,141500,139000,140500,444564,42.87
2016-09-27,140000,142000,138500,141500,451975,42.86
2016-09-28,141000,141500,138000,138500,513300,42.87
2016-09-29,138500,139500,138000,139500,473726,42.94
2016-09-30,138500,139500,135000,135500,617732,42.98
2016-10-04,138500,141000,137500,139000,707562,43.11
2016-10-05,137500,140500,136500,140000,549606,43.23
2016-10-06,139000,140000,138500,139000,271808,43.21
2016-10-07,138500,139000,135500,136500,449894,43.2
2016-10-10,134000,135000,131000,133500,687120,43.19
2016-10-11,135000,135500,133500,134500,355273,43.17
2016-10-12,134500,137000,133500,136500,418529,43.11
2016-10-13,136500,137000,133500,134000,444173,43.1
2016-10-14,133500,135000,133000,133000,385561,43.06
2016-10-17,134500,136500,133000,133000,552827,43.05
2016-10-18,133500,135500,132500,134500,357363,43.06
2016-10-19,134500,135500,132500,133000,474445,43.11
2016-10-20,133500,134000,131500,132000,411425,43.08
2016-10-21,132500,135000,132000,133500,375157,43.12
2016-10-24,134500,134500,133500,134500,256889,43.11
2016-10-25,135000,139500,134500,138000,863431,43.13
2016-10-26,137500,138500,135000,137500,551856,43.08
2016-10-27,139000,139500,135500,138000,503571,43.06
2016-10-28,138000,141500,137500,140500,708752,43.18
2016-10-31,139000,141000,139000,140000,394472,43.22
2016-11-01,141000,141500,140000,141500,436941,43.28
2016-11-02,141000,141500,139500,139500,655976,43.34
2016-11-03,139500,140000,136000,136500,520972,43.26
2016-11-04,136500,137000,135500,136000,345493,43.22
2016-11-07,137500,138000,136000,137000,388228,43.21
2016-11-08,137500,139500,137000,138500,341446,43.24
2016-11-09,138000,140000,130500,134000,1054746,43.25
2016-11-10,135000,135000,129000,129000,1253550,43.13
2016-11-11,130000,132000,130000,131500,571291,43.09
2016-11-14,132000,134000,131000,132000,369913,43.06
2016-11-15,131500,132000,129500,130500,416685,43.03
2016-11-16,130500,133500,130000,131000,379475,43.05
2016-11-17,131000,133000,131000,132000,217101,43.07
2016-11-18,131500,132000,129500,129500,282286,43.05
2016-11-21,130000,133500,129500,133500,392922,43.13
2016-11-22,133500,134500,132500,133500,366844,43.16
2016-11-23,134500,135000,132500,134000,292727,43.19
2016-11-24,133500,136000,133000,135000,340767,43.23
2016-11-25,135500,136000,134500,136000,180033,43.24
2016-11-28,135000,136000,133500,135000,256341,43.27
2016-11-29,133000,135500,133000,134500,312216,43.28
2016-11-30,133500,134500,132500,133000,1188767,43.27
2016-12-01,133000,135500,132000,132000,478362,43.23
2016-12-02,134000,136000,133000,133500,403575,43.24
2016-12-05,134500,135500,133000,134000,244209,43.23
2016-12-06,135500,137000,135000,136500,374760,43.24
2016-12-07,138000,138000,136500,136500,279131,43.27
2016-12-08,138500,142000,138000,142000,889649,43.36
2016-12-09,142000,145000,141000,144000,647418,43.46
2016-12-12,146000,148000,143500,144500,378077,43.51
2016-12-13,144500,145000,142500,145000,283933,43.49
2016-12-14,144500,145000,142000,143500,261384,43.51
2016-12-15,142000,143000,141000,142000,285737,43.5
2016-12-16,141000,142000,139000,139500,523767,43.48
2016-12-19,140000,142500,139500,142000,293868,43.45
2016-12-20,141500,144000,141500,143500,399511,43.47
2016-12-21,144500,144500,142500,143500,310188,43.5
2016-12-22,143000,143000,141000,142000,334338,43.45
2016-12-23,143000,144000,142000,144000,357914,43.45
2016-12-26,143500,145000,143500,144500,206099,43.48
2016-12-27,144500,145000,144000,144500,337224,43.39
2016-12-28,142500,144000,141500,143500,377265,43.41
2016-12-29,142500,146000,142000,146000,381283,43.42
2017-01-02,146000,150500,145500,150000,545854,43.5
2017-01-03,151000,154000,150000,153000,723246,43.67
2017-01-04,152500,155000,152000,154000,601826,43.74
2017-01-05,154000,154500,152000,153500,391604,43.74
2017-01-06,152000,153000,149500,151000,366091,43.78
2017-01-09,151000,151500,149500,150500,325146,43.84
2017-01-10,150500,153000,150500,152000,411333,43.86
2017-01-11,150500,150500,147500,148500,675973,43.87
2017-01-12,148000,151000,147500,148000,433867,43.87
2017-01-13,149000,150000,148500,149000,293211,43.86
2017-01-16,148500,151000,148500,150500,316413,43.86
2017-01-17,150000,154000,149500,153500,487662,43.84
2017-01-18,153000,155500,151000,154000,395088,43.93
2017-01-19,153000,153500,151000,152000,255111,43.95
2017-01-20,150500,153500,150000,153000,310228,43.94
2017-01-23,151500,152000,148500,149000,424036,44.02
2017-01-24,149500,149500,145500,146500,518186,44.07
2017-01-25,146500,147500,141500,142000,749465,44.09
2017-01-26,143500,143500,139500,142500,632413,44.12
2017-01-31,141500,142500,139000,139500,574213,44.17
2017-02-01,140000,141000,139000,139500,446549,44.14
2017-02-02,140000,140000,135500,136000,610731,44.19
2017-02-03,136500,139000,136000,137500,453051,44.22
2017-02-06,139000,139500,136000,136500,293891,44.23
2017-02-07,138000,140000,137500,139000,395508,44.22
2017-02-08,138500,139500,137000,139000,415346,44.19
2017-02-09,139500,141000,137500,140000,513611,44.27
2017-02-10,141000,141500,139000,141000,330000,44.28
2017-02-13,141500,141500,139000,139500,320997,44.22
2017-02-14,140000,140500,139500,140000,295126,44.2
2017-02-15,141500,146500,141500,145500,682399,44.21
2017-02-16,146500,151500,146500,150500,991329,44.41
2017-02-17,149500,151000,148000,150500,484244,44.46
2017-02-20,149500,151000,149500,150000,239916,44.54
2017-02-21,150000,151500,149000,151000,324845,44.57
2017-02-22,150000,151000,147000,149500,423978,44.6
2017-02-23,150500,150500,145000,146000,790326,44.51
2017-02-24,147000,148500,146500,148000,248236,44.53
2017-02-27,148500,149000,146500,148500,183801,44.55
2017-02-28,148500,150000,146500,149500,476960,44.57
2017-03-02,149000,150500,148500,148500,660227,44.69
2017-03-03,147000,148000,141000,142000,774281,44.7
2017-03-06,141500,145000,140000,145000,568168,44.79
2017-03-07,143000,146000,143000,144000,361237,44.78
2017-03-08,144000,144500,141500,144500,430524,44.87
2017-03-09,144500,145500,143500,145000,516356,44.96
2017-03-10,145000,146500,143500,146000,418788,45.02
2017-03-13,145500,147000,145000,146000,346033,45.04
2017-03-14,147000,149500,146500,149000,402984,45.14
2017-03-15,148500,149500,147500,149500,415972,45.18
2017-03-16,151500,152500,149000,151500,511511,45.28
2017-03-17,152500,152500,150000,151500,384871,45.34
2017-03-20,152500,157000,151500,156500,753898,45.53
2017-03-21,158000,171000,157500,170000,2100147,45.84
2017-03-22,167500,170500,165500,170000,1095061,45.91
2017-03-23,168500,169000,165000,165000,786599,45.94
2017-03-24,164000,167000,162000,164000,619369,45.96
2017-03-27,162000,163000,159000,162000,556569,46.07
2017-03-28,162000,163000,158500,160000,528384,46.13
2017-03-29,159500,160500,155500,156000,594310,46.18
2017-03-30,156500,160000,156500,158500,541928,46.21
2017-03-31,159500,160500,156000,157500,518427,46.25
2017-04-03,156500,157000,153000,156500,568863,46.29
2017-04-04,154000,155000,150000,152000,693275,46.27
2017-04-05,152500,152500,147000,150000,738030,46.24
2017-04-06,149500,150000,147500,148000,543682,46.15
2017-04-07,148000,149500,144000,144500,814773,46.04
2017-04-10,145000,147500,144500,146000,372373,46.07
2017-04-11,145000,145000,142500,142500,460813,46.1
2017-04-12,143000,144500,141500,141500,467523,46.1
2017-04-13,143000,144500,141000,142500,537212,46.06
2017-04-14,141500,143000,141000,142500,235481,46.05
2017-04-17,142500,144000,141000,144000,354807,45.99
2017-04-18,144500,144500,141000,141000,512212,45.91
2017-04-19,140000,140500,136500,137000,1028582,45.79
2017-04-20,137000,142000,137000,141500,837678,45.87
2017-04-21,142000,143000,141000,141500,520179,45.87
2017-04-24,141000,141500,139500,141500,474698,45.84
2017-04-25,142500,146500,142000,144500,670239,45.94
2017-04-26,145000,152000,144500,151000,1288277,46.0
2017-04-27,150000,151000,146500,147000,747891,45.99
2017-04-28,144000,146000,142500,144000,686242,45.95
2017-05-02,143000,152000,143000,151000,883476,46.08
2017-05-04,150500,153000,149500,152000,559335,46.12
2017-05-08,152000,158000,150500,158000,754482,46.17
2017-05-10,157000,160500,155500,156500,902973,46.18
2017-05-11,159000,159000,156500,157500,683676,46.15
2017-05-12,156000,157000,153500,155000,546718,46.14
2017-05-15,153000,156000,152000,154000,320821,46.16
2017-05-16,155000,158000,154500,157500,479777,46.15
2017-05-17,156000,159000,155000,158500,344159,46.15
2017-05-18,158000,166500,157500,165000,1274106,46.13
2017-05-19,167000,171000,160000,170000,1889722,46.41
2017-05-22,169000,171000,167000,170000,679426,46.43
2017-05-23,170000,173000,169000,170000,649405,46.44
2017-05-24,168500,170000,163500,164000,876331,46.4
2017-05-25,164500,167000,163500,165000,627476,46.36
2017-05-26,165500,166500,163000,163500,487868,46.34
2017-05-29,163000,165000,161500,162000,405130,46.33
2017-05-30,162500,165500,161000,164000,393584,46.29
2017-05-31,162500,166000,162500,163000,568084,46.21
2017-06-01,162500,166500,162500,165500,439229,46.2
2017-06-02,164500,165000,160500,163000,571120,46.19
2017-06-05,163500,165500,161000,161500,371037,46.17
2017-06-07,160000,160000,157000,159000,746365,46.15
2017-06-08,159000,161000,158500,160000,548233,46.23
2017-06-09,160000,161000,158500,160000,343795,46.18
2017-06-12,158000,163500,158000,162500,390351,46.19
2017-06-13,163000,167000,162000,164500,548527,46.08
2017-06-14,165000,170000,164500,169000,638693,46.03
2017-06-15,168000,169000,162000,163000,668866,45.92
2017-06-16,163500,165000,162500,165000,310581,45.9
2017-06-19,164500,168000,163500,167000,335858,45.91
2017-06-20,166000,169000,165000,166500,373530,45.95
2017-06-21,166000,166000,160000,160500,557266,45.94
2017-06-22,162000,162000,160000,161500,401279,45.98
2017-06-23,162000,166000,162000,164000,292130,45.99
2017-06-26,163000,165000,162000,164000,211301,45.99
2017-06-27,163000,163500,160000,160500,449056,45.96
2017-06-28,160000,162500,159500,160000,347569,45.85
2017-06-29,159500,162500,159000,161000,400255,45.41
2017-06-30,159500,162000,158000,159500,340379,45.41
2017-07-03,158500,164000,158000,163500,392228,45.43
2017-07-04,162500,162500,157500,158500,448579,45.5
2017-07-05,158000,159000,155000,156000,533353,45.52
2017-07-06,156500,157000,155000,155500,380091,45.6
2017-07-07,153500,154500,150500,151500,857341,45.72
2017-07-10,151000,151500,147500,148000,805494,45.73
2017-07-11,148500,150000,146500,148000,592204,45.66
2017-07-12,149000,151000,148000,149000,592811,45.7
2017-07-13,150000,151500,148000,149000,609170,45.73
2017-07-14,150000,154500,149500,154000,776297,45.69
2017-07-17,153500,154000,149500,150500,503286,45.59
2017-07-18,151000,151500,147000,148000,531137,45.56
2017-07-19,148500,149500,147000,148500,480211,45.51
2017-07-20,149000,149000,145000,148000,482332,45.47
2017-07-21,148000,148000,146500,147500,303019,45.47
2017-07-24,148000,148000,144500,145000,558419,45.37
2017-07-25,145000,147500,144500,146000,769128,45.31
2017-07-26,147000,150000,146500,148000,1000733,45.15
2017-07-27,148000,148500,144500,146500,552184,45.07
2017-07-28,146500,150000,146500,149500,857408,44.99
2017-07-31,149500,149500,144500,145000,871600,44.85
2017-08-01,145000,147000,144500,145500,415903,44.76
2017-08-02,146500,148000,145500,147500,462222,44.8
2017-08-03,147500,149500,146000,148500,643295,44.82
2017-08-04,148000,151000,147000,150000,520334,44.78
2017-08-07,150500,151000,148000,148000,280334,44.78
2017-08-08,147000,147500,143500,144000,655022,44.75
2017-08-09,145000,146000,144000,146000,391355,44.79
2017-08-10,144500,146500,144000,145000,576598,44.79
2017-08-11,143500,145500,141000,142000,607681,44.7
2017-08-14,142500,146000,142000,144500,319856,44.73
2017-08-16,145000,146000,143000,144500,417168,44.73
2017-08-17,143000,144500,141500,144000,250791,44.72
2017-08-18,144000,145500,143500,144500,253371,44.74
2017-08-21,145000,148500,143500,148000,430402,44.83
2017-08-22,148000,150000,145000,147000,533818,44.84
2017-08-23,146500,147500,145500,146500,245112,44.86
2017-08-24,146500,147000,143500,143500,505047,44.81
2017-08-25,143500,145500,143000,144500,362052,44.79
2017-08-28,144000,146000,144000,144500,319822,44.77
2017-08-29,143000,144500,142500,144000,332462,44.74
2017-08-30,142500,144000,138500,143000,762771,44.69
2017-08-31,142000,145000,139500,140500,834907,44.69
2017-09-01,141000,143500,139500,143000,541048,44.73
2017-09-04,140000,142500,139500,140000,326756,44.7
2017-09-05,141000,142000,137000,138000,546091,44.63
2017-09-06,138000,138500,133500,136000,694527,44.58
2017-09-07,138000,139000,137000,138000,531212,44.58
2017-09-08,138000,138500,133000,135500,637658,44.63
2017-09-11,134500,136500,133500,135000,488905,44.63
2017-09-12,135000,137500,134500,136000,379325,44.62
2017-09-13,136500,137500,133500,134000,588704,44.65
2017-09-14,134000,137000,133000,137000,904204,44.61
2017-09-15,135500,137000,134000,136500,369517,44.59
2017-09-18,136500,137500,135500,137000,415861,44.67
2017-09-19,136500,141000,136500,140000,627903,44.73
2017-09-20,141000,143000,139500,142000,618904,44.73
2017-09-21,140500,142000,138500,141500,467712,44.77
2017-09-22,141000,143500,140000,142000,433155,44.78
2017-09-25,141000,143000,140000,141000,307434,44.8
2017-09-26,142500,147500,141500,147500,841918,44.85
2017-09-27,146000,149000,145500,147500,623568,44.86
2017-09-28,147000,148000,145000,147000,541478,44.91
2017-09-29,148500,151000,147500,150500,808779,45.06
2017-10-10,149500,152000,147500,151000,886098,45.23
2017-10-11,151000,156500,151000,155000,993821,45.36
2017-10-12,155000,156500,152500,156500,576444,45.4
2017-10-13,155000,155500,152000,154500,644646,45.39
2017-10-16,154500,155000,152000,153000,521198,45.39
2017-10-17,153000,153500,148500,149500,510688,45.41
2017-10-18,148000,153500,147000,150500,695484,45.39
2017-10-19,152000,154000,150500,151500,474052,45.35
2017-10-20,151500,152500,150500,151500,227605,45.36
2017-10-23,151000,153000,150500,151500,387789,45.42
2017-10-24,151500,152500,150000,151000,357958,45.41
2017-10-25,150000,150500,146500,148500,829299,45.37
2017-10-26,148500,160000,148000,159500,1550507,45.3
2017-10-27,159500,161500,156500,158500,776439,45.37
2017-10-30,160000,160500,154500,156000,540408,45.34
2017-10-31,157000,162000,156000,161000,905364,45.38
2017-11-01,159000,162000,158500,160500,601287,45.32
2017-11-02,159000,160500,158000,160000,353460,45.32
2017-11-03,161000,164000,159500,161500,426678,45.31
2017-11-06,160000,163000,157500,158500,530662,45.32
2017-11-07,157000,159500,153500,155000,754723,45.36
2017-11-08,153500,157000,153500,155000,384213,45.4
2017-11-09,156000,156000,153000,155500,543762,45.4
2017-11-10,154000,155500,153500,154500,333985,45.42
2017-11-13,156500,161500,156000,160500,664551,45.33
2017-11-14,160000,160500,157500,160500,493631,45.28
2017-11-15,161500,163000,160000,161500,568064,45.1
2017-11-16,162000,162000,158000,159500,392185,45.12
2017-11-17,158000,159000,156000,157000,493488,45.16
2017-11-20,155500,157500,154000,156500,392823,45.2
2017-11-21,157000,158500,156000,157000,279920,45.23
2017-11-22,157000,159000,155000,155000,298605,45.24
2017-11-23,156000,157000,154500,157000,327088,45.27
2017-11-24,156000,159500,155500,159000,414474,45.34
2017-11-27,158500,160000,158000,158500,508762,45.33
2017-11-28,156500,160500,155000,157000,360463,45.32
2017-11-29,158000,161000,157500,160500,550470,45.27
2017-11-30,163000,166500,162500,164500,1207560,45.34
2017-12-01,164500,165500,161500,161500,529049,45.38
2017-12-04,160500,160500,157500,160500,412767,45.4
2017-12-05,159000,162500,159000,161500,298181,45.4
2017-12-06,159500,162500,159500,162000,435843,45.44
2017-12-07,163000,163000,160000,161500,317111,45.43
2017-12-08,159500,161000,157000,158500,562488,45.38
2017-12-11,158000,158500,149500,150000,1235495,45.32
2017-12-12,149000,151500,148000,150000,594577,45.3
2017-12-13,151500,152500,150000,151500,449530,45.28
2017-12-14,151000,154500,150500,150500,848663,45.31
2017-12-15,151500,154000,150500,154000,414172,45.32
2017-12-18,154000,155000,152000,154000,304658,45.31
2017-12-19,154000,155500,152500,153000,301402,45.26
2017-12-20,153500,154000,151000,152500,330799,45.23
2017-12-21,151500,152500,150000,150000,393766,45.22
2017-12-22,151000,153000,150500,153000,257517,45.23
2017-12-26,152000,155000,151500,154000,319229,45.2
2017-12-27,151500,157000,150000,156500,445829,45.18
2017-12-28,154500,156000,152000,156000,405259,45.17
2018-01-02,150500,153000,149000,149500,731763,45.16
2018-01-03,149000,151000,149000,150500,450874,45.27
2018-01-04,150500,151000,146000,146500,931558,45.42
2018-01-05,146000,149000,145500,149000,463695,45.51
2018-01-08,148500,151000,147500,151000,482619,45.6
2018-01-09,151000,152500,149500,152500,465845,45.66
2018-01-10,152500,158000,152000,155500,793679,45.74
2018-01-11,156000,156500,152500,155000,476891,45.76
2018-01-12,153500,156000,153500,154000,424738,45.77
2018-01-15,154000,155000,151000,155000,315592,45.81
2018-01-16,153500,158000,153000,158000,440542,45.84
2018-01-17,157000,159000,156000,157500,363034,45.84
2018-01-18,157500,158000,154000,155000,324686,45.83
2018-01-19,155000,162000,154500,162000,637243,45.91
2018-01-22,162500,164000,158500,162500,582519,45.87
2018-01-23,163000,167500,161000,161000,727921,45.87
2018-01-24,160500,162000,156000,156500,653451,45.8
2018-01-25,155500,159000,154000,158500,776214,45.75
2018-01-26,155000,155500,149000,152500,1058626,45.74
2018-01-29,153000,155500,152000,154500,504827,45.77
2018-01-30,155000,158000,154500,156000,458611,45.85
2018-01-31,157000,162000,154500,162000,926031,46.01
2018-02-01,161500,162000,158500,160500,478000,46.09
2018-02-02,161000,164000,160500,162500,813167,46.12
2018-02-05,162500,163000,159000,159000,670474,46.1
2018-02-06,158000,161000,153500,157500,690538,46.09
2018-02-07,157500,160500,156000,157500,552642,46.14
2018-02-08,158500,163500,156500,161000,883512,46.13
2018-02-09,156500,158500,154500,155000,721962,46.1
2018-02-12,155500,156500,153500,154000,554120,46.12
2018-02-13,154000,155500,152000,152500,528608,46.14
2018-02-14,152000,155000,152000,154500,265716,46.04
2018-02-19,156500,157000,154500,155000,265257,46.09
2018-02-20,155000,156000,152500,153500,218792,46.09
2018-02-21,152500,161000,152500,160000,537567,46.17
2018-02-22,159000,159500,156000,157000,339005,46.15
2018-02-23,158500,159500,157500,159000,275917,46.13
2018-02-26,159000,162000,157500,161000,513314,46.13
2018-02-27,160500,162000,160000,161000,273491,46.15
2018-02-28,159000,163000,158000,161500,496851,46.2
2018-03-02,158000,159000,154500,156000,591106,46.23
2018-03-05,155500,157000,152500,153000,410894,46.17
2018-03-06,154500,158000,154500,157000,375611,46.19
2018-03-07,154000,155000,152000,152500,598406,46.15
2018-03-08,153500,155000,152000,154500,488545,46.13
2018-03-09,153500,155000,152500,154000,460548,46.1
2018-03-12,154000,155500,153000,153500,422236,46.1
2018-03-13,152500,155000,152500,153500,378343,46.14
2018-03-14,152500,157000,152000,156000,605609,46.15
2018-03-15,156500,159000,155000,157500,367882,46.18
2018-03-16,158000,159500,156000,157500,351970,46.19
2018-03-19,152500,153000,150000,151500,749609,46.18
2018-03-20,150500,153500,150000,152500,311027,46.17
2018-03-21,152500,155000,152500,154500,277076,46.2
2018-03-22,154500,154500,152000,152500,330219,46.21
2018-03-23,151000,153000,150500,151500,578521,46.26
2018-03-26,151000,152500,149500,149500,466599,46.22
2018-03-27,150000,154000,149500,154000,683470,46.22
2018-03-28,153000,155000,148000,151500,905733,46.13
2018-03-29,150500,152000,142500,143500,1532300,46.0
2018-03-30,144000,145500,142500,143500,525910,46.01
2018-04-02,144500,148500,144000,148500,569272,46.12
2018-04-03,147000,152500,145500,152000,2258712,46.17
2018-04-04,156000,159500,155000,156500,1198367,46.26
2018-04-05,157000,158000,153500,154000,404008,46.21
2018-04-06,155000,155500,152000,152500,377964,46.18
2018-04-09,152000,153000,150500,151000,319141,46.19
2018-04-10,150000,153000,149000,151000,371422,46.19
2018-04-11,150500,152000,150000,150000,329076,46.21
2018-04-12,151000,152500,150000,152000,297375,46.22
2018-04-13,151500,152000,149500,150500,425396,46.23
2018-04-16,151000,154000,150000,153000,303065,46.23
2018-04-17,154000,158000,154000,157500,670905,46.24
2018-04-18,158000,159500,157000,158500,507655,46.31
2018-04-19,157500,158000,155000,158000,344290,46.39
2018-04-20,157000,160000,156500,160000,406412,46.43
2018-04-23,160000,160000,157000,159500,284140,46.44
2018-04-24,161500,165500,161500,162500,644850,46.51
2018-04-25,162000,164000,160000,164000,407673,46.52
2018-04-26,164000,164000,154500,156500,861668,46.56
2018-04-27,155000,161500,154000,158000,887506,46.59
2018-04-30,159000,160500,157000,160000,351811,46.61
2018-05-02,159000,160500,157000,160000,377086,46.59
2018-05-03,162500,163000,160000,160000,324816,46.58
2018-05-04,158000,160000,156500,158000,448848,46.55
2018-05-08,158500,161000,154500,156000,595219,46.49
2018-05-09,154500,156000,153500,153500,513770,46.38
2018-05-10,152500,154000,150500,152000,747954,46.31
2018-05-11,152000,154000,151500,153000,319288,46.29
2018-05-14,153500,154500,150500,151000,439028,46.24
2018-05-15,150000,151500,148000,148500,611470,46.17
2018-05-16,148500,151500,146000,150500,599945,46.16
2018-05-17,150500,151000,149500,149500,297968,46.06
2018-05-18,148500,150000,148000,150000,330193,46.03
2018-05-21,149500,151000,149000,149000,332251,45.95
2018-05-23,147000,148500,144000,144500,1062994,45.77
2018-05-24,144000,144500,139000,140000,1387498,45.6
2018-05-25,139500,141000,138500,139000,697859,45.55
2018-05-28,139000,140500,138000,138500,498199,45.45
2018-05-29,139500,141000,139000,140000,471953,45.43
2018-05-30,138500,139500,136000,137500,648596,45.4
2018-05-31,139000,140000,137500,139000,835047,45.37
2018-06-01,138500,140000,137500,140000,395619,45.35
2018-06-04,140000,144000,139000,143000,903195,45.24
2018-06-05,143500,144000,140500,142500,374748,45.25
2018-06-07,142000,144000,141500,142500,511413,45.23
2018-06-08,142000,142500,140000,141000,539842,45.25
2018-06-11,140000,140500,139000,139500,441032,45.23
2018-06-12,140000,142000,139500,140500,486396,45.17
2018-06-14,138500,139000,135000,135000,1036041,44.99
2018-06-15,136000,136500,133000,134000,762750,44.85
2018-06-18,134500,136500,134500,135000,497745,44.78
2018-06-19,134000,135000,131000,131500,781548,44.71
2018-06-20,130500,131500,129000,129500,595333,44.69
2018-06-21,129500,130500,127000,127000,608003,44.68
2018-06-22,126000,131000,125000,130000,716503,44.64
2018-06-25,129500,130000,128000,129000,563769,44.59
2018-06-26,128000,131000,127500,129500,703936,44.54
2018-06-27,129000,130500,125500,127500,935679,44.55
2018-06-28,126000,126500,123000,125000,1101059,44.47
2018-06-29,124500,126000,123500,125500,496503,44.48
2018-07-02,125000,125500,123000,123500,428578,44.52
2018-07-03,125500,125500,119500,122000,556533,44.57
2018-07-04,120500,122500,118000,119500,510210,44.55
2018-07-05,119000,122000,118000,121500,845590,44.52
2018-07-06,122500,126000,122500,123500,658197,44.54
2018-07-09,124000,125000,122500,124500,303024,44.52
2018-07-10,123500,125500,122500,123500,328075,44.51
2018-07-11,121000,123000,120500,121500,384762,44.52
2018-07-12,121500,125000,121000,123000,613187,44.55
2018-07-13,123500,125000,122000,122500,306680,44.53
2018-07-16,122500,127500,122500,126000,494043,44.5
2018-07-17,126000,129000,125000,126500,436989,44.42
2018-07-18,127000,128500,124000,124000,325090,44.4
2018-07-19,125000,125500,123500,124000,359064,44.41
2018-07-20,124500,128500,122500,127000,463776,44.41
2018-07-23,127500,131000,127000,129500,660426,44.38
2018-07-24,129500,130000,126500,129500,479217,44.39
2018-07-25,130000,130500,129000,130500,305338,44.41
2018-07-26,131000,131500,128000,130000,484321,44.42
2018-07-27,129500,131500,129000,129500,365369,44.38
2018-07-30,129000,131000,128500,130500,179748,44.4
2018-07-31,131000,131000,128500,129500,306556,44.41
2018-08-01,130000,130500,128000,128500,244440,44.43
2018-08-02,128000,128500,124000,125500,425332,44.45
2018-08-03,124000,125500,124000,124000,468331,45.85
2018-08-06,124500,126000,124000,124500,317150,45.87
2018-08-07,124000,126000,123500,125000,285278,45.88
2018-08-08,125500,129500,125500,127500,816582,45.89
2018-08-09,126500,127500,125500,126000,532068,45.88
2018-08-10,126000,127000,124500,126000,194355,45.86
2018-08-13,125000,126000,123000,123500,319273,45.86
2018-08-14,124500,125000,122500,123000,291859,45.87
2018-08-16,122000,127000,122000,126500,561446,45.9
2018-08-17,125500,127000,125000,126500,207735,45.94
2018-08-20,127500,128000,126000,127500,310969,45.92
2018-08-21,127000,127500,124000,125500,339831,45.92
2018-08-22,125500,127000,124500,126000,329800,45.94
2018-08-23,125500,126000,123000,124500,229027,45.95
2018-08-24,123500,124500,123000,124500,232363,46.0
2018-08-27,125000,125500,123500,124000,226756,45.98
2018-08-28,125000,127000,124000,125000,402853,45.97
2018-08-29,125000,125000,123500,124000,309579,45.97
2018-08-30,124000,125000,123000,123500,385998,46.0
2018-08-31,124000,126000,123000,125000,529278,46.05
2018-09-03,124500,126000,123500,125000,264041,46.07
2018-09-04,125500,127000,124500,126500,297393,46.09
2018-09-05,126500,131000,126500,129000,871735,46.13
2018-09-06,130000,136000,130000,134000,935048,46.17
2018-09-07,136000,137000,131500,133000,793026,46.14
2018-09-10,131500,133500,130000,131000,320236,46.19
2018-09-11,130000,130500,128000,128000,514468,46.2
2018-09-12,128500,131000,128000,129500,340635,46.18
2018-09-13,130500,130500,128000,128500,411245,46.17
2018-09-14,129500,131000,129000,129500,259936,46.16
2018-09-17,129000,129500,128000,128500,305158,46.17
2018-09-18,128500,130000,128000,128000,368661,46.16
2018-09-19,128500,129000,125500,126500,420484,46.14
2018-09-20,126500,130000,126000,129000,378436,46.14
2018-09-21,131000,131000,127500,129000,765535,46.14
2018-09-27,130000,130500,128500,130500,465760,46.19
2018-09-28,130000,130500,128000,129500,295867,46.18
2018-10-01,130000,130000,128500,129000,233662,46.2
2018-10-02,128500,129500,128000,128500,215297,46.2
2018-10-04,128500,129000,122500,124500,671140,46.2
2018-10-05,126000,126000,123000,124500,284015,46.2
2018-10-08,123500,124000,121500,122000,386710,46.21
2018-10-10,122500,123000,119500,120000,536984,46.17
2018-10-11,118500,120500,116000,116000,701523,46.2
2018-10-12,115500,118000,114500,115500,672541,46.17
2018-10-15,116500,117000,111500,113500,697689,46.26
2018-10-16,114000,117500,113500,116500,503295,46.35
2018-10-17,117500,119500,116500,118500,385112,46.32
2018-10-18,118000,118500,114000,116000,708181,46.43
2018-10-19,114500,117500,114000,115500,493067,46.43
2018-10-22,115000,118000,114500,118000,378176,46.46
2018-10-23,117000,118000,114000,116500,575347,46.46
2018-10-24,117500,118500,116000,117000,776694,46.41
2018-10-25,116000,116000,102500,110000,1633392,46.31
2018-10-26,110000,113000,107500,108000,867074,46.26
2018-10-29,106000,108500,104000,106000,876545,46.27
2018-10-30,106500,109500,106000,107500,429587,46.35
2018-10-31,106500,107000,103500,106500,752213,46.4
2018-11-01,106500,109000,104500,108500,487868,46.43
2018-11-02,107000,110500,106500,110000,586857,46.43
2018-11-05,107000,107500,103500,104000,921610,46.4
2018-11-06,105000,108500,104500,107500,775343,46.47
2018-11-07,106500,108000,105500,107500,619311,46.45
2018-11-08,109000,109000,105500,105500,588487,46.44
2018-11-09,106000,110000,104500,105000,668003,46.4
2018-11-12,105000,105500,100500,102000,792697,46.36
2018-11-13,99900,102500,99600,102500,397209,46.33
2018-11-14,103500,104500,100500,101500,637102,46.31
2018-11-15,101000,103500,100500,103000,449187,46.31
2018-11-16,104000,104500,102000,103000,361507,46.29
2018-11-19,103000,103500,101000,101500,555495,46.26
2018-11-20,101000,101000,97100,97500,1295271,46.12
2018-11-21,96500,97900,95800,97800,883111,46.1
2018-11-22,98000,98000,92500,92800,1527106,46.12
2018-11-23,92800,94000,92600,93700,558490,46.11
2018-11-26,93600,95800,93500,95100,663188,46.13
2018-11-27,95900,101500,95800,101000,1436195,46.27
2018-11-28,100500,101500,99800,101000,602728,46.29
2018-11-29,102000,103000,99100,100000,811011,46.38
2018-11-30,103000,108000,102500,107000,3017114,46.49
2018-12-03,108500,109000,106500,108500,723565,46.48
2018-12-04,108500,108500,105500,107500,612079,46.47
2018-12-05,106000,108500,106000,107500,519108,46.46
2018-12-06,107500,112500,106000,110500,896541,46.41
2018-12-07,110000,112000,109500,111000,566780,46.36
2018-12-10,108500,111000,108500,110500,367098,46.31
2018-12-11,109500,112500,108500,111500,372363,46.32
2018-12-12,111500,121500,111000,118500,1558536,46.3
2018-12-13,116500,120000,116500,118500,1093587,46.27
2018-12-14,119000,120000,115000,116500,534429,46.25
2018-12-17,115000,118500,112500,116500,602835,46.28
2018-12-18,117500,120000,116000,118000,889260,46.17
2018-12-19,118500,123500,118500,123000,841175,46.2
2018-12-20,121500,124500,120500,121500,682779,46.16
2018-12-21,120500,122500,119500,122500,643918,46.02
2018-12-24,122000,124000,121500,123000,301455,46.01
2018-12-26,121500,122000,118500,120000,550552,45.84
2018-12-27,118000,120000,117500,118500,458613,45.85
2018-12-28,118500,120000,117500,118500,398062,45.83
2019-01-02,117500,118000,113500,114000,565493,45.8
2019-01-03,113000,118500,113000,116500,608591,45.91
2019-01-04,116000,123000,116000,119500,1326978,45.75
2019-01-07,121000,121500,119500,120500,428416,45.72
2019-01-08,121500,123500,118500,119500,582117,45.69
2019-01-09,119000,124000,119000,123000,846392,45.68
2019-01-10,121500,123000,119500,123000,648837,45.57
2019-01-11,123000,124500,122000,123000,440529,45.56
2019-01-14,122500,124000,121000,121500,297709,45.53
2019-01-15,121000,128000,120500,127500,828015,45.53
2019-01-16,127000,129000,126000,128500,397335,45.57
2019-01-17,128500,130000,127500,129500,513711,45.57
2019-01-18,129500,131500,129500,131000,556106,45.55
2019-01-21,132000,132000,126500,127000,657273,45.45
2019-01-22,126500,128000,125000,127500,446263,45.43
2019-01-23,128000,130000,127000,129000,422209,45.38
2019-01-24,128000,130000,124500,130000,778826,45.43
2019-01-25,127500,130000,127500,128500,535338,45.43
2019-01-28,128500,130000,125500,126500,541428,45.39
2019-01-29,126500,128500,126000,128000,445671,45.37
2019-01-30,128500,129500,126500,129500,463542,45.37
2019-01-31,130000,131000,128500,129500,509642,45.37
2019-02-01,129500,130000,128500,129500,392755,45.37
2019-02-07,128500,129000,125500,126000,530165,45.33
2019-02-08,125500,126500,124500,125500,365392,45.28
2019-02-11,126000,129000,126000,127500,425879,45.26
2019-02-12,129000,129000,126500,128500,443035,45.21
2019-02-13,128500,128500,124000,124500,620173,45.14
2019-02-14,123500,124000,119500,121500,1072937,45.05
2019-02-15,121000,121500,120000,121000,446734,45.02
2019-02-18,121000,122000,118500,120500,557734,44.98
2019-02-19,119500,120500,119000,119500,470357,44.9
2019-02-20,119500,121500,119000,119000,735087,44.86
2019-02-21,118500,121000,118500,120000,588691,44.91
2019-02-22,119500,121500,119500,121000,353516,44.88
2019-02-25,120500,122500,120000,121000,314081,44.85
2019-02-26,121500,124000,121500,122500,781497,44.8
2019-02-27,128000,130000,126000,129000,1233285,44.87
2019-02-28,127500,129000,126000,126500,946738,44.74
2019-03-04,125000,126000,121000,122000,937284,44.61
2019-03-05,121500,122000,119500,121500,428825,44.58
2019-03-06,122500,126500,121500,124500,599316,44.6
2019-03-07,126500,129000,123000,125500,791500,44.58
2019-03-08,125000,125000,120000,120000,467762,44.51
2019-03-11,121000,121500,119000,121000,281873,44.47
2019-03-12,121500,125500,121500,125500,621289,44.47
2019-03-13,126000,126000,120500,122500,797741,44.4
2019-03-14,124000,124000,117000,119000,1326511,44.49
2019-03-15,119000,122000,118000,121000,877363,44.54
2019-03-18,122000,124000,121500,124000,383652,44.56
2019-03-19,124000,125000,123000,124000,303901,44.57
2019-03-20,123000,124000,121000,124000,316345,44.57
2019-03-21,124000,126000,122500,124500,321599,44.59
2019-03-22,124000,125500,121500,123500,486194,44.54
2019-03-25,121000,122000,119000,120000,458292,44.55
2019-03-26,120000,121000,118500,118500,463924,44.5
2019-03-27,118500,119500,118000,118500,236825,44.49
2019-03-28,118500,120000,118000,119500,304740,44.52
2019-03-29,120000,122000,119000,119500,432923,44.55
2019-04-01,120000,121000,119000,120500,363959,44.57
2019-04-02,119500,120000,117500,119000,374423,44.58
2019-04-03,118500,124000,118000,124000,651778,44.6
2019-04-04,123000,125000,122500,123500,464644,44.54
2019-04-05,124500,126500,124000,126000,468793,44.55
2019-04-08,126500,128500,125500,128000,455205,44.59
2019-04-09,125500,128000,125500,127000,317656,44.6
2019-04-10,126500,128500,126500,127500,349261,44.54
2019-04-11,127500,128000,125500,128000,551990,44.53
2019-04-12,127000,128000,125500,126500,286762,44.54
2019-04-15,126000,127000,125000,125500,222997,44.54
2019-04-16,126500,130500,125500,128500,753845,44.52
2019-04-17,128500,131000,127500,131000,535629,44.62
2019-04-18,133500,137000,132500,134000,1523085,44.7
2019-04-19,135000,135500,133000,134000,335516,44.71
2019-04-22,133000,134500,132000,134000,231200,44.71
2019-04-23,134000,137000,133000,136000,480332,44.74
2019-04-24,139000,140000,136000,138500,1394398,44.75
2019-04-25,138500,139000,136500,138000,598551,44.75
2019-04-26,138000,138500,134500,135500,657701,44.77
2019-04-29,136500,139500,136500,139000,758885,44.79
2019-04-30,139500,140500,138000,138500,623895,44.83
2019-05-02,138000,140500,137000,138500,430420,44.82
2019-05-03,137500,138500,136500,137500,430867,44.9
2019-05-07,134500,137000,134000,136000,545860,44.87
2019-05-08,134500,136000,134000,135500,424168,44.83
2019-05-09,135000,135500,131000,131000,810123,44.88
2019-05-10,131500,134000,128000,130000,544413,44.92
2019-05-13,128000,131000,128000,129000,384073,44.93
2019-05-14,128500,129500,127000,128000,442314,44.87
2019-05-15,127500,130000,125500,128000,494972,44.87
2019-05-16,133000,135000,127000,127500,1005933,44.71
2019-05-17,127000,128500,125000,125500,298037,44.71
2019-05-20,125500,129500,125500,129000,825485,44.7
2019-05-21,129000,129500,125000,127000,733503,44.67
2019-05-22,127000,129000,126000,127000,381004,44.66
2019-05-23,129000,129500,126500,127500,637184,44.65
2019-05-24,127000,130500,126000,130500,649719,44.74
2019-05-27,130000,135500,130000,135000,716578,44.76
2019-05-28,135000,136500,133000,136500,1209912,44.71
2019-05-29,135000,135500,131500,134000,637263,44.79
2019-05-30,132500,136500,132500,135500,495640,44.8
2019-05-31,134500,135000,131000,134500,925504,44.87
2019-06-03,134000,138500,132500,138500,651551,44.96
2019-06-04,137000,140500,137000,139000,585901,44.66
2019-06-05,139500,142000,139000,141000,608171,44.66
2019-06-07,141500,142000,139500,140000,492290,44.54
2019-06-10,142000,143000,140000,143000,468996,44.56
2019-06-11,142500,143500,140500,143500,362392,44.55
2019-06-12,143500,143500,139500,141000,535905,44.59
2019-06-13,140500,141500,137500,141000,946951,44.67
2019-06-14,140000,142500,139500,140500,339897,44.61
2019-06-17,140000,141500,139500,140000,228663,44.6
2019-06-18,140500,141500,139500,141000,222606,44.58
2019-06-19,140500,141000,139000,140000,303777,44.46
2019-06-20,139500,141000,139000,140500,259704,44.5
2019-06-21,140000,141000,139500,140500,291573,44.48
2019-06-24,142000,143500,141500,142500,287939,44.46
2019-06-25,142500,142500,140500,141500,294735,44.37
2019-06-26,141000,142000,140000,141500,239375,44.32
2019-06-27,141000,142500,139500,140500,343337,44.28
2019-06-28,140000,141000,139000,140000,274397,44.27
2019-07-01,141500,142500,139500,141000,328363,44.28
2019-07-02,139500,140000,136500,137000,444895,44.35
2019-07-03,136000,138000,134000,136000,582636,44.37
2019-07-04,135500,139500,135000,139000,305720,44.37
2019-07-05,139000,142000,138500,141500,338177,44.64
2019-07-08,140500,142000,138000,138500,339244,44.67
2019-07-09,139500,141500,137000,137500,435577,44.67
2019-07-10,139000,140000,135500,137000,567104,44.64
2019-07-11,136500,140500,135000,139000,1070266,44.67
2019-07-12,138500,142000,138000,139500,549266,44.7
2019-07-15,139500,140000,137000,138000,280032,44.7
2019-07-16,139000,139000,132000,133000,902923,44.73
2019-07-17,133000,134500,132000,133500,375651,44.79
2019-07-18,133000,134500,132500,134000,355896,44.82
2019-07-19,135500,135500,132000,134500,363374,44.79
2019-07-22,134000,135500,132000,133000,608574,44.78
2019-07-23,133500,133500,128500,132000,1128639,44.68
2019-07-24,131500,133500,131500,132500,419148,44.69
2019-07-25,131500,133500,130000,131500,613289,44.7
2019-07-26,130500,132500,130000,130500,394087,44.7
2019-07-29,130000,131000,126500,128000,464288,44.71
2019-07-30,129000,129500,126500,128000,321935,44.68
2019-07-31,126500,129000,126500,126500,488189,44.62
2019-08-01,126500,130000,125000,125500,468797,44.57
2019-08-02,126000,128500,124500,127500,605798,44.52
2019-08-05,127500,128000,125500,127500,748862,44.39
2019-08-06,126000,127500,123000,126000,762619,44.25
2019-08-07,126500,129000,126500,127000,752576,44.28
2019-08-08,129000,132500,128500,130000,1303906,44.31
2019-08-09,131500,132500,129000,132500,521574,44.44
2019-08-12,131000,132500,130000,131000,350563,44.39
2019-08-13,129500,131000,129000,129000,334053,44.4
2019-08-14,130000,131500,127000,127500,614128,44.36
2019-08-16,126500,128000,125000,128000,352114,44.34
2019-08-19,127500,129500,127500,128000,242024,44.33
2019-08-20,127500,128500,125000,126500,481643,44.22
2019-08-21,126500,127500,124000,125500,530685,44.14
2019-08-22,126000,126500,124000,124000,480559,44.12
2019-08-23,123000,126000,123000,126000,256322,44.13
2019-08-26,124000,126000,123500,124500,391828,44.12
2019-08-27,125000,126500,124000,125000,1043657,44.3
2019-08-28,128500,130500,127000,127500,766622,44.23
2019-08-29,127500,128000,126000,126500,393472,44.13
2019-08-30,127500,129000,127000,128500,433515,43.98
2019-09-02,128000,132000,127500,131000,385326,44.0
2019-09-03,131500,132000,127500,128500,505454,43.91
2019-09-04,128000,129000,127000,128500,496326,43.82
2019-09-05,128000,129000,127000,128000,478990,43.81
2019-09-06,128000,128500,126500,127500,380856,43.79
2019-09-09,127500,128500,126000,127000,378542,43.82
2019-09-10,127000,128500,126500,128000,458487,43.82
2019-09-11,128500,129000,127500,129000,756459,43.82
2019-09-16,128500,129500,126000,128000,777956,43.79
2019-09-17,127500,128000,125500,126000,610086,43.69
2019-09-18,126000,128500,125500,127500,537604,43.68
2019-09-19,127500,129000,126500,129000,618746,43.69
2019-09-20,128500,130500,128000,129500,718752,43.61
2019-09-23,129500,133500,129000,133000,1007214,43.58
2019-09-24,134000,135000,132000,134000,615506,43.51
2019-09-25,133000,135000,131500,134500,448004,43.54
2019-09-26,136000,136500,132000,133000,453068,43.54
2019-09-27,134000,134000,131000,133500,348902,43.5
2019-09-30,133500,135500,133000,134000,429631,43.51
2019-10-01,134000,134000,131500,132500,388512,43.51
2019-10-02,131000,131500,128000,128500,448012,43.49
2019-10-04,129500,130000,126500,126500,488988,43.51
2019-10-07,128000,129000,127000,128000,258951,43.55
2019-10-08,128000,130500,127500,129500,391115,43.58
2019-10-10,127000,128000,125500,126500,771396,43.5
2019-10-11,127000,127500,126000,126000,369552,43.59
2019-10-14,125000,126000,122000,122000,1260866,43.37
2019-10-15,122000,123000,120500,122000,661262,43.28
2019-10-16,123000,124000,122000,123000,433874,43.27
2019-10-17,123000,124500,122000,123000,519468,43.19
2019-10-18,123500,124500,122500,123000,418395,43.13
2019-10-21,124000,124000,122000,122000,372561,43.05
2019-10-22,121500,122500,120000,122000,523445,42.99
2019-10-23,121500,122500,120500,121000,511570,42.96
2019-10-24,121000,122500,120000,122000,655232,42.92
2019-10-25,122000,124000,121500,123500,983777,42.93
2019-10-28,124500,125000,121500,121500,564300,42.87
2019-10-29,122000,123000,121500,122500,797389,42.88
2019-10-30,122500,123000,121500,122500,400285,42.86
2019-10-31,122500,123500,121500,122000,441488,42.84
2019-11-01,121500,124000,121000,124000,470554,42.87
2019-11-04,123500,125000,123000,124000,475831,42.83
2019-11-05,124000,125500,124000,125000,471601,42.83
2019-11-06,125500,126000,123500,123500,682414,42.7
2019-11-07,123500,124500,123000,123500,853783,42.58
2019-11-08,124000,124500,123500,124000,335809,42.6
2019-11-11,124000,124500,123500,123500,370258,42.57
2019-11-12,123500,125500,123500,125500,598855,42.55
2019-11-13,125000,126000,124500,124500,528121,42.51
2019-11-14,125000,125000,124000,124500,540352,42.5
2019-11-15,124500,125500,124000,125500,469109,42.45
2019-11-18,125000,126000,124500,126000,596279,42.41
2019-11-19,125000,126000,124500,125000,537780,42.42
2019-11-20,124500,124500,123500,124500,593391,42.38
2019-11-21,124000,124500,123000,124500,724349,42.39
2019-11-22,124000,125500,123500,123500,707333,42.33
2019-11-25,124000,125500,123500,125000,640837,42.35
2019-11-26,124500,125500,122500,122500,1854318,42.2
2019-11-27,123000,124000,123000,123500,697261,42.22
2019-11-28,123500,125000,123000,124000,742295,42.12
2019-11-29,123500,124500,120000,121000,1016506,42.01
2019-12-02,121000,121500,118500,121500,862135,41.9
2019-12-03,120000,121500,119000,121500,849994,41.91
2019-12-04,120000,124000,120000,122000,1498918,41.91
2019-12-05,121500,122500,117500,118000,1560647,41.67
2019-12-06,118500,119500,118000,118500,1504634,41.62
2019-12-09,119500,120500,119000,119500,902113,41.58
2019-12-10,119500,120500,119000,120000,784383,41.56
2019-12-11,120500,120500,119000,119000,1015977,41.41
2019-12-12,119500,120500,119000,120000,5201616,41.27
2019-12-13,121500,122500,119500,121000,1058172,41.14
2019-12-16,120500,121000,119000,119000,1015046,40.96
2019-12-17,119500,123000,119000,122000,1904603,40.78
2019-12-18,122000,123500,120500,123000,1135407,40.77
2019-12-19,122500,123500,122000,123500,905299,40.74
2019-12-20,124000,124000,122500,124000,1001899,40.72
2019-12-23,124000,125000,122000,122500,1462906,40.38
2019-12-24,123000,123000,121500,122000,600726,40.21
2019-12-26,122500,123000,121500,122500,552469,40.15
2019-12-27,121000,121000,120000,120500,422565,39.91
2019-12-30,120500,121500,120000,120500,467794,39.8
2020-01-02,121000,121000,118000,118000,556532,39.85
2020-01-03,118500,119000,115000,116000,1145187,39.79
2020-01-06,116000,117000,115500,116000,334574,39.79
2020-01-07,116500,117000,115500,115500,674196,39.77
2020-01-08,115000,115500,111500,112000,1044825,39.78
2020-01-09,113000,114500,110000,111500,1375510,39.81
2020-01-10,112500,114500,112000,113500,896507,39.83
2020-01-13,113500,115500,113000,115000,692917,39.81
2020-01-14,115500,117000,115500,116000,739959,39.76
2020-01-15,116000,116000,114000,115000,564142,39.71
2020-01-16,117000,120000,116500,118500,1638719,39.67
2020-01-17,118500,120000,118000,118500,574301,39.66
2020-01-20,119500,119500,117500,118000,445922,39.65
2020-01-21,118000,118500,116500,117000,545156,39.62
2020-01-22,117500,127000,117500,127000,2773421,39.75
2020-01-23,130000,131500,128000,130500,2492785,39.84
2020-01-28,127000,132500,127000,131000,1841752,39.87
2020-01-29,132000,133000,129000,131000,1318578,40.01
2020-01-30,130000,130500,126500,127500,1034661,40.02
2020-01-31,128500,129500,124500,125000,1035126,40.19
2020-02-03,123000,125000,121000,123500,1270442,40.18
2020-02-04,123500,126000,122500,124000,1203992,40.19
2020-02-05,125000,126000,123500,124000,1032267,40.27
2020-02-06,125500,133000,125500,132000,1659774,40.29
2020-02-07,130500,131000,127500,131000,999598,40.3
2020-02-10,129500,132000,129000,130000,669628,40.3
2020-02-11,131000,135000,130500,132500,949247,40.25
2020-02-12,132500,137500,132500,136000,1373302,40.36
2020-02-13,137000,137500,133000,133000,1035208,40.23
2020-02-14,132500,135000,131500,133500,591584,40.21
2020-02-17,133500,136000,132500,135500,555451,40.22
2020-02-18,134000,134500,131000,132500,744150,40.24
2020-02-19,133000,134000,130500,131500,776121,40.27
2020-02-20,132500,133000,129000,130000,711858,40.3
2020-02-21,128000,129500,127000,128000,686417,40.32
2020-02-24,124500,125000,122000,122500,911932,40.28
2020-02-25,122500,124500,122000,122500,796176,40.17
2020-02-26,121000,124000,120000,122500,1001834,40.04
2020-02-27,122500,123500,120000,121000,779402,39.97
2020-02-28,118500,119000,114000,115000,1777353,39.81
2020-03-02,116000,116000,113000,113500,1183337,39.73
2020-03-03,116000,116500,112000,112500,1414986,39.62
2020-03-04,112000,114000,112000,113000,1319901,39.49
2020-03-05,115500,116000,113000,114000,1135241,39.4
2020-03-06,113000,113500,110000,110500,1746834,39.21
2020-03-09,108000,108000,103500,104000,1658544,39.11
2020-03-10,102500,105000,101000,102000,2491487,38.8
2020-03-11,103000,103000,99700,100000,2005654,38.65
2020-03-12,100000,100500,94500,95000,2312355,38.44
2020-03-13,86500,90200,83500,87200,4835445,37.88
2020-03-16,88300,89500,82900,82900,2674557,37.5
2020-03-17,78100,83400,78100,80100,2492208,37.33
2020-03-18,80500,81200,73500,73500,2679420,37.15
2020-03-19,75000,75900,65100,65900,3138004,36.92
2020-03-20,67500,72400,65000,71100,3349914,36.61
2020-03-23,67200,71000,66200,68900,2391540,36.44
2020-03-24,71500,75800,69800,74800,2856282,36.09
2020-03-25,79800,85600,78800,84500,4604452,36.04
2020-03-26,85800,90200,82300,84900,3787074,35.94
2020-03-27,89700,90000,84500,86400,2513938,35.94
2020-03-30,82800,86400,82100,85400,1743720,35.91
2020-03-31,87700,88700,86000,88700,2138183,36.1
2020-04-01,88500,90100,85300,85400,2139848,35.85
2020-04-02,85300,86800,83000,86600,1487243,35.92
2020-04-03,86600,87000,85600,86300,1170052,35.92
2020-04-06,86500,88800,85900,88800,1688599,35.91
2020-04-07,92100,92500,88600,90400,2601711,35.56
2020-04-08,89800,91900,88900,90000,1785939,35.48
2020-04-09,92300,97900,91100,97100,3787201,35.59
2020-04-10,97400,101500,96200,99700,2806785,35.58
2020-04-13,98800,99000,97400,97800,1339638,35.66
2020-04-14,98600,101500,97700,100000,1582587,35.78
2020-04-16,98900,100500,98300,99100,1341452,35.67
2020-04-17,101000,103500,100000,100500,1487879,35.55
2020-04-20,100000,100500,97100,97600,2142176,35.27
2020-04-21,96100,96500,91300,93500,3634142,34.87
2020-04-22,90800,95200,89400,92600,3115871,34.59
2020-04-23,93700,95100,92100,92400,3196313,34.34
2020-04-24,91300,92300,90100,90100,2135488,34.17
2020-04-27,90300,92500,90200,91600,1219677,34.12
2020-04-28,92500,94400,92200,93200,1448692,34.11
2020-04-29,93500,94000,92400,93600,1193284,34.13
2020-05-04,91100,92900,90700,91500,1264378,34.0
2020-05-06,93300,94200,92600,93200,1039600,34.03
2020-05-07,92800,93000,91800,92600,826239,33.95
2020-05-08,93000,95400,93000,94500,1749677,34.0
2020-05-11,95800,96500,93500,93700,1889278,33.98
2020-05-12,93200,93800,91100,91900,1259874,33.89
2020-05-13,90500,93100,90500,93100,966892,33.86
2020-05-14,92600,92900,91500,92300,982612,33.8
2020-05-15,92000,92700,91200,92300,822472,33.67
2020-05-18,92100,92200,91000,91900,741214,33.6
2020-05-19,95000,99400,94700,99100,4564370,33.87
2020-05-20,98000,98300,96300,97300,1828158,33.7
2020-05-21,98600,98700,96600,97200,1471917,33.65
2020-05-22,97100,97200,94000,94500,1619476,33.63
2020-05-25,94900,96200,94000,96000,1185541,33.74
2020-05-26,96000,99500,95500,97800,2006216,33.69
2020-05-27,98700,99500,97300,98100,1620664,33.68
2020-05-28,99500,99600,96200,97200,1602694,33.68
2020-05-29,96300,99200,96300,98000,2010414,33.72
2020-06-01,98000,101500,98000,100000,1908428,33.7
2020-06-02,99500,103000,98700,102500,2155405,33.81
2020-06-03,106000,110000,105500,108500,3118795,33.92
2020-06-04,112000,113000,105000,108500,2823041,33.89
2020-06-05,108000,112000,106500,111000,2128094,33.86
2020-06-08,114000,114500,111500,113000,1640392,33.95
2020-06-09,114000,115000,110500,112000,1504910,33.96
2020-06-10,111000,112000,109000,111500,1377837,33.96
2020-06-11,110000,111000,107000,108500,2376313,34.01
2020-06-12,101500,105000,101500,103500,1977558,34.01
2020-06-15,102000,102500,97000,97000,2022775,34.0
2020-06-16,99100,101500,99100,101500,1389765,34.05
2020-06-17,100500,101000,98800,100500,1326645,33.97
2020-06-18,99100,102000,98400,100000,1155455,33.96
2020-06-19,101000,101500,99100,100000,903928,33.89
2020-06-22,99100,100000,98500,98500,921187,33.87
2020-06-23,99200,101000,98000,98700,1095698,33.84
2020-06-24,100000,103500,99800,103000,1813817,33.95
2020-06-25,100500,101000,99400,99400,1084453,33.84
2020-06-26,100500,101000,99500,100000,670161,33.8
2020-06-29,97700,98700,97600,97700,943424,33.75
2020-06-30,99100,99300,97700,97700,988987,33.62
2020-07-01,98500,99500,98000,98200,640540,33.67
2020-07-02,98000,99700,98000,99000,730963,33.66
2020-07-03,99900,100500,98600,99200,569575,33.67
2020-07-06,99700,102500,98800,101500,1189877,33.75
2020-07-07,103000,103500,99200,99200,1379122,33.6
2020-07-08,99200,101000,99100,99600,859735,33.58
2020-07-09,100000,101000,99600,99600,922604,33.59
2020-07-10,99400,99500,98000,98300,1099298,33.52
2020-07-13,99200,101500,98500,101500,1376002,33.62
2020-07-14,101500,102000,99900,101500,1050563,33.59
2020-07-15,104500,110000,104000,109000,4494730,33.77
2020-07-16,110500,113000,109000,110000,3254530,33.75
2020-07-17,109500,119000,109500,117500,4265529,34.09
2020-07-20,119500,125000,118000,121500,4461527,34.06
2020-07-21,122000,124500,118000,121500,3138553,34.03
2020-07-22,122000,124000,118500,118500,2395083,33.93
2020-07-23,118500,125500,116000,124500,4505464,34.0
2020-07-24,123500,129000,121500,122500,3908721,33.96
2020-07-27,122500,126500,122000,123500,2046059,33.93
2020-07-28,124500,126000,122000,123000,1765179,33.88
2020-07-29,122500,125500,120000,125000,1897616,33.98
2020-07-30,127000,130500,126000,127500,2728427,33.99
2020-07-31,128000,129500,125000,126500,1712713,33.98
2020-08-03,126500,128500,123500,127000,1868315,33.82
2020-08-04,129500,134000,129000,132500,2492506,33.73
2020-08-05,133000,135500,132000,134000,1859551,33.75
2020-08-06,136500,146000,136000,144500,4040334,33.77
2020-08-07,145500,149500,144500,147000,3208082,33.61
2020-08-10,151500,172500,151000,170000,8460795,33.57
2020-08-11,171500,180500,164500,179000,6776406,33.32
2020-08-12,174000,178500,170500,172000,4877139,32.99
2020-08-13,175000,177500,167000,170000,3997431,32.68
2020-08-14,171000,172000,161000,167000,4469158,32.68
2020-08-18,163500,168000,155500,158000,4328953,32.54
2020-08-19,158000,165500,158000,164500,3298626,32.5
2020-08-20,163000,165500,154000,155000,3630223,32.32
2020-08-21,158000,161500,154000,156000,3348383,32.23
2020-08-24,157500,163000,152500,161500,2904566,32.19
2020-08-25,167500,171000,165000,166000,3304089,32.09
2020-08-26,166500,170000,163000,167500,2638394,32.07
2020-08-27,169000,169500,163500,163500,2427108,32.05
2020-08-28,165500,176500,164500,172000,5571784,32.19
2020-08-31,177500,182000,174500,176500,5275614,31.93
2020-09-01,178500,181000,175500,180000,2704194,31.97
2020-09-02,178000,178500,173500,176000,2825239,31.84
2020-09-03,177500,177500,174000,176500,1841550,31.82
2020-09-04,167500,174000,167500,172500,2886867,31.82
2020-09-07,172500,173000,169000,170000,1516649,31.8
2020-09-08,171000,172500,168000,168000,1933504,31.72
2020-09-09,166500,172000,165500,167500,1685225,31.72
2020-09-10,170500,171500,168000,169000,1326177,31.73
2020-09-11,167500,171500,167500,171500,1538378,31.76
2020-09-14,174500,180000,174000,180000,3145262,31.79
2020-09-15,184000,185000,178500,179000,2644009,31.69
2020-09-16,179500,186000,177000,183500,3401835,31.8
2020-09-17,185500,191500,183000,184000,4383978,31.81
2020-09-18,184000,186000,179000,181000,2584103,31.66
2020-09-21,181000,188500,180500,185000,3133848,31.67
2020-09-22,185000,186000,178000,179500,3042046,31.55
2020-09-23,183000,183000,170000,179500,3481682,31.57
2020-09-24,173500,176000,171000,171500,2841908,31.41
2020-09-25,172500,174000,166000,170000,2076987,31.39
2020-09-28,173000,176000,172000,175500,1374871,31.49
2020-09-29,178500,180000,177500,178500,1475249,31.54
2020-10-05,183000,187500,181500,187000,2732820,31.65
2020-10-06,188000,188500,181500,182500,2143171,31.51
2020-10-07,180000,183500,178500,183000,1512423,31.4
2020-10-08,185500,186000,180000,180500,1750474,31.32
2020-10-12,178000,181500,176000,180000,1655359,31.31
2020-10-13,181000,181500,176000,179000,1728432,31.36
2020-10-14,181000,183500,177000,178000,1930046,31.34
2020-10-15,177000,178500,175000,176000,1587551,31.33
2020-10-16,176500,177500,169000,172000,3197258,31.23
2020-10-19,169500,172000,167500,168000,2230634,31.16
2020-10-20,157000,168500,156500,167500,5697398,31.05
2020-10-21,167000,167500,163500,165500,1760669,31.02
2020-10-22,163000,163500,161000,162500,1700524,31.08
2020-10-23,163500,168000,163000,167000,1883932,31.08
2020-10-26,167000,174000,164000,171500,3018359,31.09
2020-10-27,173000,178000,171000,172500,3317704,31.18
2020-10-28,172000,174000,169500,173500,1419988,31.17
2020-10-29,169000,171000,168000,170000,1484537,31.13
2020-10-30,169000,169500,164500,164500,1452259,31.02
2020-11-02,166000,170500,166000,170500,1052301,31.07
2020-11-03,171000,172000,169000,170500,1006364,31.03
2020-11-04,173000,175000,170500,171500,1699252,31.05
2020-11-05,173500,175000,172500,175000,1299430,31.17
2020-11-06,176500,177000,169500,170500,2233192,30.86
2020-11-09,172500,174500,172000,172500,1521010,30.76
2020-11-10,174500,174500,172000,173500,1796342,30.71
2020-11-11,174500,179000,173000,175500,4140745,30.5
2020-11-12,175500,177000,173000,174000,1965154,30.63
2020-11-13,174000,178500,173500,177500,2405777,30.84
2020-11-16,182500,183500,177500,179000,2752922,30.65
2020-11-17,179500,185000,178000,182500,3429139,30.98
2020-11-18,183500,185500,179000,179500,2228657,30.88
2020-11-19,179000,181500,177500,180000,1379907,30.97
2020-11-20,179000,179500,177000,177000,1309560,30.94
2020-11-23,175000,179500,175000,179000,1494870,31.02
2020-11-24,181000,183000,179500,181000,1522580,31.1
2020-11-25,183500,184000,178000,179500,2082764,31.08
2020-11-26,179500,181000,178000,179000,1260429,31.05
2020-11-27,179000,181000,178000,181000,1033868,31.07
2020-11-30,181500,188500,181500,181500,3981271,31.0
2020-12-01,183000,184500,179500,183500,1792800,30.94
2020-12-02,183500,184500,181500,182500,1745795,30.88
2020-12-03,183500,196500,182000,196500,6053809,31.22
2020-12-04,198000,199000,195000,196500,3224702,31.21
2020-12-07,195500,198500,190500,193500,2519339,31.14
2020-12-08,191000,192000,186000,186500,3181249,30.85
2020-12-09,188000,192000,187000,191500,1805987,30.85
2020-12-10,189000,194000,188000,191500,2187019,30.77
2020-12-11,193000,194500,190000,190000,1644559,30.77
2020-12-14,190500,191000,187000,189000,1259459,30.7
2020-12-15,189000,190500,186000,188500,1355388,30.65
2020-12-16,190000,193500,189500,190000,1268117,30.55
2020-12-17,190000,190500,188000,190500,974859,30.55
2020-12-18,191000,191000,189000,189000,930831,30.57
2020-12-21,188500,189000,185000,187000,1120752,30.59
2020-12-22,186000,186500,183000,184000,1381697,30.63
2020-12-23,183000,188500,183000,185000,1301433,30.65
2020-12-24,185000,189000,185000,187000,1061140,30.52
2020-12-28,189000,193000,187500,189500,2410348,30.61
2020-12-29,191000,191500,188000,190500,1488327,30.53
2020-12-30,190500,193500,189000,192000,1361340,30.58
2021-01-04,194000,211000,193500,207500,5651695,31.09
2021-01-05,207000,213000,205000,209500,3022595,31.07
2021-01-06,209500,211500,202500,203000,2848547,30.96
2021-01-07,206000,210500,204500,206000,2478337,30.99
2021-01-08,240500,257000,225000,246000,19933702,31.31
2021-01-11,256500,289000,256000,267500,14433887,31.05
2021-01-12,263500,274500,250500,261000,8040182,30.96
2021-01-13,259500,265000,250000,259000,5805649,30.99
2021-01-14,251000,255500,248500,250500,3389733,30.95
2021-01-15,252000,255000,239000,240000,3915078,31.02
2021-01-18,237500,246500,234000,241000,3387635,31.01
2021-01-19,244000,261500,244000,261500,4976690,31.16
2021-01-20,271000,277000,254000,259000,5305494,31.14
2021-01-21,264000,266500,259500,264500,2593509,31.29
2021-01-22,261000,263000,257000,257000,2093127,31.12
2021-01-25,253000,262000,251500,260000,1895263,31.17
2021-01-26,260500,260500,250500,251500,1846817,31.1
2021-01-27,252000,254500,245000,245500,2190994,31.1
2021-01-28,238000,243500,236500,238500,2033262,31.01
2021-01-29,242000,242500,227000,229000,2663404,30.99
2021-02-01,229000,238500,224500,238500,1798912,30.95
2021-02-02,241500,243500,236000,240500,1519973,31.01
2021-02-03,245000,252500,242500,245500,2983093,31.03
2021-02-04,251500,253000,244000,248500,1907305,31.12
2021-02-05,249500,250500,243000,249500,1539977,31.2
2021-02-08,238000,240500,228500,234000,3212977,31.19
2021-02-09,232500,240500,232500,236500,1391614,31.18
2021-02-10,239000,246000,235000,245000,1233628,31.24
2021-02-15,247000,249000,243500,247500,916331,31.21
2021-02-16,249000,251000,245000,247500,1179084,31.19
2021-02-17,248000,248000,242500,243500,871176,31.14
2021-02-18,241000,243500,235500,235500,1260023,31.05
2021-02-19,236500,242000,235500,242000,1168454,31.08
2021-02-22,243000,247500,240000,241500,1157808,31.11
2021-02-23,242500,247500,237000,244500,1629578,31.12
2021-02-24,246500,249000,235000,235000,2072507,31.07
2021-02-25,239000,245000,235000,245000,1562697,31.08
2021-02-26,238500,248500,235500,237000,2710962,30.87
2021-03-02,244500,249000,237000,239000,2509152,30.86
2021-03-03,239000,241500,236500,240000,910872,30.83
2021-03-04,236000,238000,232500,235000,1274581,30.75
2021-03-05,230500,237000,228500,235000,1153198,30.71
2021-03-08,237000,237500,230000,230500,853206,30.65
2021-03-09,230500,234000,228000,231500,1254755,30.69
2021-03-10,236500,236500,227000,227500,901351,30.66
2021-03-11,228000,232000,227500,228500,1154314,30.65
2021-03-12,231500,233500,229000,232500,823038,30.73
2021-03-15,233000,236000,230000,232000,769672,30.75
2021-03-16,233500,235000,232000,234000,633617,30.74
2021-03-17,234000,234000,230000,232000,627439,30.74
2021-03-18,234500,238000,233500,234000,1005422,30.79
2021-03-19,230000,232000,229000,229500,1055587,30.74
2021-03-22,230000,231000,227500,229000,739527,30.7
2021-03-23,229500,231000,225500,226500,1024811,30.75
2021-03-24,225000,225500,220000,221000,1049551,30.75
2021-03-25,218500,220500,216000,218000,1087519,30.75
2021-03-26,219500,219500,212000,215500,1480861,30.66
2021-03-29,215500,217500,211000,215500,1184415,30.63
2021-03-30,215500,221000,215000,219500,935840,30.65
2021-03-31,221500,222000,218000,218000,750876,30.63
2021-04-01,220500,224500,218500,219000,749450,30.61
2021-04-02,225500,238500,225000,233500,3648528,30.75
2021-04-05,236000,236500,230000,234000,990184,30.7
2021-04-06,235000,235000,229500,230000,737694,30.67
2021-04-07,228500,232500,226500,230000,708886,30.68
2021-04-08,229000,233500,227000,231500,915323,30.73
2021-04-09,231500,232000,227000,228500,726250,30.66
2021-04-12,228000,229000,225500,226000,659014,30.64
2021-04-13,226500,230000,226000,230000,634607,30.69
2021-04-14,231000,237000,230500,232500,940909,30.74
2021-04-15,232500,232500,229000,230500,555364,30.72
2021-04-16,231500,233500,230500,231500,577562,30.75
2021-04-19,232000,232500,229000,230000,715867,30.77
2021-04-20,230000,231000,228500,229000,722449,30.73
2021-04-21,227500,228000,224000,225500,848076,30.64
2021-04-22,226500,231000,225500,226000,1025922,30.67
2021-04-23,225500,225500,220500,221000,1202196,30.53
2021-04-26,221500,222500,220000,221500,653982,30.53
2021-04-27,222000,222500,218000,220000,763634,30.48
2021-04-28,220000,223500,219500,221500,701452,30.55
2021-04-29,221000,221500,217000,217500,1047837,30.53
2021-04-30,216000,216500,211000,212000,1168115,30.42
2021-05-03,212000,222500,211000,218000,1189242,30.5
2021-05-04,220000,224500,217500,223500,953550,30.54
2021-05-06,223000,225000,221000,223500,645594,30.49
2021-05-07,223500,227000,221000,224000,639489,30.47
2021-05-10,226500,230000,225500,229500,1117219,30.45
2021-05-11,227000,228500,223500,226500,852825,30.44
2021-05-12,226500,233000,223000,227500,1649500,30.28
2021-05-13,224000,232000,221500,229500,1593554,30.23
2021-05-14,234000,236000,226500,229000,1357407,30.05
2021-05-17,232000,232500,225000,227000,875528,30.03
2021-05-18,227500,232500,226000,231000,1034501,30.12
2021-05-20,228500,230500,224000,224500,1190072,29.89
2021-05-21,227000,233000,225500,227500,1333704,29.94
2021-05-24,227500,231000,226000,228000,765657,29.98
2021-05-25,230000,230000,225000,227500,781950,29.88
2021-05-26,227500,229000,222500,223500,1088210,29.68
2021-05-27,223000,223500,220000,220500,2306997,29.52
2021-05-28,223500,232500,223000,232000,2394356,29.94
2021-05-31,233000,235500,230500,235000,1132711,29.97
2021-06-01,235000,237500,232500,237000,1027141,29.94
2021-06-02,238500,243000,235500,238000,1707167,29.93
2021-06-03,238500,240500,236500,238500,1034103,29.93
2021-06-04,241500,243000,238000,241500,1333789,30.03
2021-06-07,244500,247500,240500,241500,1343895,30.02
2021-06-08,241500,245000,238500,243500,875362,30.04
2021-06-09,243000,245500,239000,239500,941037,30.01
2021-06-10,239000,240000,236000,236000,1094346,30.03
2021-06-11,237500,241500,237000,238500,687536,30.07
2021-06-14,238500,240000,235000,238000,561560,30.02
2021-06-15,238000,239000,235500,237000,471192,29.97
2021-06-16,237000,243000,237000,239500,778322,29.99
2021-06-17,239000,239500,236000,236500,724881,29.92
2021-06-18,237000,238000,235000,235000,1036077,29.75
2021-06-21,234000,236000,232000,233000,823355,29.73
2021-06-22,235500,243000,235000,241000,1299242,29.94
2021-06-23,242000,243000,239000,242500,843399,29.89
2021-06-24,243500,249000,241000,242500,1494131,29.84
2021-06-25,243500,244000,241000,243000,537893,29.78
2021-06-28,244000,244500,240000,241000,575102,29.73
2021-06-29,240500,242500,239000,239500,627915,29.74
2021-06-30,240000,241000,238500,239500,653096,29.75
2021-07-01,238500,243000,236000,242000,1031692,29.85
2021-07-02,243500,243500,239000,239000,829518,29.89
2021-07-05,239000,240000,235000,236000,861912,29.82
2021-07-06,236500,238000,235500,236000,497009,29.78
2021-07-07,235000,235500,232000,232000,1122107,29.65
2021-07-08,232000,233000,229000,229500,1241792,29.56
2021-07-09,227500,229000,225000,226000,1137429,29.46
2021-07-12,229000,232000,228000,230000,529258,29.44
2021-07-13,230000,231500,229000,230000,518563,29.42
2021-07-14,230500,232500,228500,230000,582990,29.34
2021-07-15,230000,232500,229500,231500,546166,29.33
2021-07-16,230000,230500,228000,230000,468595,29.33
2021-07-19,228000,228500,227000,227500,432339,29.29
2021-07-20,225500,229500,225000,227000,636495,29.26
2021-07-21,231500,232000,227500,228000,631902,29.24
2021-07-22,228500,231500,227500,228500,790428,29.17
2021-07-23,229000,229000,224000,225500,1574776,29.01
2021-07-26,225500,226500,224000,224500,719330,29.06
2021-07-27,225500,226500,224000,225000,738143,29.07
2021-07-28,225000,225000,221000,222500,886854,28.93
2021-07-29,223000,224000,222000,222000,496679,28.91
2021-07-30,222000,222000,218000,218000,909716,28.82
2021-08-02,218000,220500,217000,220000,676544,28.76
2021-08-03,219000,223500,218000,223500,775231,28.74
2021-08-04,224000,225000,222500,225000,542319,28.71
2021-08-05,223000,224500,222500,223000,470741,28.66
2021-08-06,224500,225000,222500,222500,384056,28.66
2021-08-09,220500,222500,220000,221000,582236,28.66
2021-08-10,220500,221000,218500,219000,497715,28.67
2021-08-11,219000,220500,218000,218500,490442,28.66
2021-08-12,220000,224000,219000,219000,862826,28.67
2021-08-13,221500,221500,214000,217000,864375,28.6
2021-08-17,216000,217000,211000,213000,863610,28.56
2021-08-18,211000,214000,209000,212500,671920,28.52
2021-08-19,212500,212500,205000,206500,1180734,28.53
2021-08-20,207000,208000,200000,201500,1310974,28.43
2021-08-23,203000,206000,201500,204000,848219,28.47
2021-08-24,206000,211000,206000,209500,745430,28.54
2021-08-25,210000,212500,207500,209500,477019,28.52
2021-08-26,209500,212000,208000,210000,417323,28.54
2021-08-27,209000,209500,205000,208500,502218,28.48
2021-08-30,211000,212500,210000,210000,409963,28.5
2021-08-31,210000,212500,208000,212500,777103,28.52
2021-09-01,214000,218500,213500,215000,855937,28.51
2021-09-02,214000,215000,210000,211500,656283,28.5
2021-09-03,213000,215500,212000,214500,739961,28.59
2021-09-06,214500,216000,213500,215000,389587,28.59
2021-09-07,214500,214500,211500,212500,434105,28.54
2021-09-08,210500,214500,210000,213000,593084,28.55
2021-09-09,212500,212500,208000,208500,780270,28.57
2021-09-10,208500,209500,204000,206500,678308,28.56
2021-09-13,206500,206500,204000,205000,590609,28.55
2021-09-14,206500,211500,206000,209000,721080,28.57
2021-09-15,208000,211500,208000,209500,472855,28.62
2021-09-16,210000,211000,206500,208000,416275,28.62
2021-09-17,208000,210000,207000,209000,698398,28.66
2021-09-23,205000,209000,204500,208500,525020,28.65
2021-09-24,209500,210500,206000,207000,413926,28.64
2021-09-27,205000,206000,203500,204000,584898,28.58
2021-09-28,204000,204000,200500,201500,719631,28.55
2021-09-29,197500,202000,197500,201500,934463,28.56
2021-09-30,200000,201000,199000,200000,594666,28.53
2021-10-01,198000,199000,192000,193500,1182422,28.44
2021-10-05,191000,195000,189000,193500,1056472,28.47
2021-10-06,195000,197500,192500,194000,913916,28.5
2021-10-07,194500,203000,194500,201000,1066226,28.44
2021-10-08,203500,206500,202500,205000,993219,28.54
2021-10-12,205000,206500,202000,204500,820163,28.57
2021-10-13,206500,211500,206500,211000,1169924,28.68
2021-10-14,211500,212000,208000,209000,863110,28.61
2021-10-15,210500,211500,208000,208500,530328,28.6
2021-10-18,208000,210500,205000,209500,607227,28.67
2021-10-19,210500,212000,208000,209000,428739,28.71
2021-10-20,210000,211000,208000,209000,472664,28.76
2021-10-21,209500,211000,206000,207500,775441,28.71
2021-10-22,207000,209500,206000,207500,362676,28.72
2021-10-25,207500,212000,206000,211000,649860,28.78
2021-10-26,213000,214500,209000,213500,782736,28.77
2021-10-27,214500,215000,212500,213500,606729,28.82
2021-10-28,213000,214000,209500,210000,633732,28.76
2021-10-29,211500,212500,206500,208000,667275,28.72
2021-11-01,208000,209500,207000,208000,395091,28.7
2021-11-02,208000,211500,207500,210000,417645,28.71
2021-11-03,211000,212000,207000,208500,476081,28.68
2021-11-04,211000,216000,210000,214000,1122870,28.81
2021-11-05,216500,217000,214000,215000,686779,28.88
2021-11-08,214500,216500,212500,215000,532328,28.9
2021-11-09,216000,217000,212000,213000,620316,28.88
2021-11-10,211000,211500,206500,208500,680033,28.88
2021-11-11,205500,206500,203500,205000,710080,28.86
2021-11-12,205000,209500,205000,208000,415172,28.89
2021-11-15,208000,210000,207000,209000,377424,28.88
2021-11-16,208000,208000,205000,206500,515194,28.87
2021-11-17,206500,209000,203000,207000,715192,28.89
2021-11-18,205500,206500,204000,205000,562783,28.9
2021-11-19,211500,212500,208000,209500,829314,28.93
2021-11-22,209500,220000,207500,218500,1620439,29.07
2021-11-23,219000,219500,213500,215000,818782,29.06
2021-11-24,215500,216000,211000,212000,652274,29.04
2021-11-25,212500,212500,210000,210000,414037,29.01
2021-11-26,209500,210000,204000,205500,901184,28.94
2021-11-29,199500,203500,199500,200500,901640,28.88
2021-11-30,202000,203500,194500,195500,1313581,28.78
2021-12-01,198500,202000,196500,201000,741594,28.8
2021-12-02,198500,206000,198000,205500,782923,28.84
2021-12-03,205500,208000,204500,206000,514358,28.83
2021-12-06,204500,208000,202500,206500,503652,28.83
2021-12-07,206000,208000,204000,207500,501624,28.84
2021-12-08,210000,211000,207000,207500,502904,28.82
2021-12-09,207000,210000,206500,207000,775215,28.78
2021-12-10,207000,209500,205500,207500,443350,28.74
2021-12-13,210000,214000,209000,209000,877690,28.75
2021-12-14,208000,212000,207500,211000,499536,28.75
2021-12-15,210500,211500,208500,209000,436219,28.7
2021-12-16,211500,212000,208000,209500,457620,28.63
2021-12-17,208500,211500,208000,209500,623863,28.6
2021-12-20,209000,209500,204500,205000,542620,28.38
2021-12-21,206000,207500,204000,205000,548609,28.3
2021-12-22,207000,209500,205500,206500,480545,28.24
2021-12-23,208000,209000,207000,209000,372738,28.25
2021-12-24,210500,216500,210500,215500,1024355,28.33
2021-12-27,216500,217000,213500,213500,530039,28.27
2021-12-28,215000,215000,211500,214000,880326,28.25
2021-12-29,213000,215000,211500,212000,659392,28.26
2021-12-30,211500,212000,208500,209000,581448,28.21
2022-01-03,211500,212500,209000,210500,468732,28.22
2022-01-04,212500,212500,208500,210000,499857,28.19
2022-01-05,214000,217500,212000,213500,1175411,28.34
2022-01-06,210000,216500,210000,214000,866582,28.43
2022-01-07,214500,216500,213500,215000,577852,28.42
2022-01-10,214000,215000,209000,209500,744261,28.43
2022-01-11,209500,211500,209000,210500,482235,28.46
2022-01-12,211500,213000,210500,211500,470451,28.46
2022-01-13,211500,213000,210000,210000,499094,28.48
2022-01-14,209500,211000,208000,209000,406569,28.51
2022-01-17,208500,209000,202500,205000,724213,28.45
2022-01-18,206000,206000,201500,202500,580959,28.43
2022-01-19,200500,203500,200000,200500,525014,28.42
2022-01-20,200500,202500,199500,202000,451581,28.37
2022-01-21,199500,201000,198500,200000,513891,28.39
2022-01-24,197500,200000,195000,197000,659010,28.32
2022-01-25,196500,197000,190000,194500,1174185,28.27
2022-01-26,193000,194500,189500,190000,1191581,28.13
2022-01-27,190000,191500,185500,186500,1072651,28.07
2022-01-28,186500,190500,180000,189500,1415358,27.97
2022-02-03,193000,195500,191500,191500,837241,27.97
2022-02-04,190500,192000,188000,190000,837609,27.84
2022-02-07,189500,190000,184500,186500,829365,27.78
2022-02-08,186500,188000,183500,184500,1150733,27.56
2022-02-09,186000,186000,182500,185000,1015966,27.47
2022-02-10,186000,187000,182500,185500,1280607,27.47
2022-02-11,183000,184500,181000,183000,1001635,27.49
2022-02-14,179500,181000,176000,176500,1380176,27.35
2022-02-15,177000,183000,176500,180500,961742,27.41
2022-02-16,184500,185500,181000,182000,561867,27.34
2022-02-17,183000,186000,181000,183500,767679,27.39
2022-02-18,181000,184000,180500,183500,426090,27.4
2022-02-21,180500,185500,179500,185000,463279,27.42
2022-02-22,180500,183000,180000,181500,572593,27.42
2022-02-23,182500,183000,179500,180500,549304,27.34
2022-02-24,178500,179000,171000,173000,1722526,27.13
2022-02-25,175000,175500,171500,174000,949885,27.11
2022-02-28,171000,175000,168000,175000,1247805,27.09
2022-03-02,171500,172500,169500,170500,1384049,26.95
2022-03-03,173500,179000,173000,177500,1244300,26.99
2022-03-04,176500,177500,172500,172500,868483,26.84
2022-03-07,170000,171000,165500,168000,1439259,26.61
2022-03-08,164000,170500,163500,168000,728464,26.61
2022-03-10,171500,172000,167500,169000,1082310,26.47
2022-03-11,169000,169500,165500,169000,774655,26.46
2022-03-14,166500,167500,163000,164500,1112790,26.33
2022-03-15,164000,165500,162000,163000,878905,26.3
2022-03-16,165000,168500,163000,168000,863044,26.37
2022-03-17,172500,173000,168500,168500,945451,26.3
2022-03-18,171500,171500,169500,171000,782119,26.32
2022-03-21,171500,172000,168500,168500,582102,26.3
2022-03-22,169000,174500,169000,173500,1166430,26.42
2022-03-23,175000,177500,174000,176000,952954,26.41
2022-03-24,174000,177000,173500,176000,709518,26.39
2022-03-25,176500,176500,173000,174000,563456,26.37
2022-03-28,172000,175500,171000,174500,459678,26.4
2022-03-29,176000,178000,174000,176500,545335,26.39
2022-03-30,180000,183000,179500,181000,1082135,26.48
2022-03-31,180500,181000,179000,180500,576522,26.45
2022-04-01,178000,178500,177000,178000,470770,26.45
2022-04-04,177000,179000,174500,178000,509106,26.48
2022-04-05,178500,180000,177000,179000,426072,26.51
2022-04-06,177000,182000,176500,180000,641803,26.54
2022-04-07,180000,182000,178500,178500,778374,26.49
2022-04-08,178000,179000,175500,176500,458780,26.52
2022-04-11,176000,181000,175500,179500,641674,26.56
2022-04-12,179000,180500,176500,178000,626266,26.57
2022-04-13,179500,181000,178500,181000,498547,26.58
2022-04-14,181000,182000,176500,177500,898024,26.5
2022-04-15,176500,178000,175500,177000,559522,26.59
2022-04-18,176000,178500,175500,178500,275773,26.56
2022-04-19,178500,181500,178000,181000,623880,26.6
2022-04-20,181000,184000,180000,183000,814107,26.66
2022-04-21,184000,184500,182500,183000,657116,26.67
2022-04-22,181500,182500,179000,180000,852781,26.61
2022-04-25,177000,184500,176500,182000,1504197,26.62
2022-04-26,187000,191000,186500,187000,2313611,26.86
2022-04-27,184000,188500,183000,187000,1152068,26.86
2022-04-28,188000,189000,186000,188500,705457,26.91
2022-04-29,187000,188000,184000,186000,767005,26.81
2022-05-02,184000,188000,184000,187000,496083,26.82
2022-05-03,185500,186500,182500,183500,662535,26.81
2022-05-04,183500,184500,182000,184000,347996,26.82
2022-05-06,181500,183500,181000,182500,375723,26.88
2022-05-09,182000,183500,180500,181500,504477,26.9
2022-05-10,180500,181500,176000,180500,774377,26.85
2022-05-11,178500,184500,178000,183000,724251,26.86
2022-05-12,181000,183500,180000,180500,691192,26.87
2022-05-13,182000,187000,181500,186500,924029,26.87
2022-05-16,188500,189500,183500,184000,548683,26.86
2022-05-17,185500,186500,182500,185500,530263,26.86
2022-05-18,187000,187500,183500,185500,541137,26.87
2022-05-19,181500,183500,181000,182000,542030,26.87
2022-05-20,183500,186500,183000,186500,469517,26.85
2022-05-23,188500,189000,186500,188000,436270,26.84
2022-05-24,187000,188000,183500,185000,431231,26.79
2022-05-25,186000,186000,182000,183500,482136,26.77
2022-05-26,183500,186000,183000,184000,428541,26.77
2022-05-27,186500,186500,184500,185500,334939,26.8
2022-05-30,187500,188000,185500,187500,368902,26.81
2022-05-31,187000,189500,187000,189500,916327,26.9
2022-06-02,189000,189000,186500,187500,387758,26.94
2022-06-03,188500,189000,185000,187000,400003,26.95
2022-06-07,186000,186500,183000,183500,621262,26.96
2022-06-08,183500,185000,182000,183000,556940,26.98
2022-06-09,183000,183500,180500,182500,656175,27.04
2022-06-10,181500,185000,180500,184500,571131,27.05
2022-06-13,180000,181500,173000,175000,1193167,26.88
2022-06-14,171500,172500,169000,171500,1122467,26.77
2022-06-15,173500,179000,171500,174000,995832,26.83
2022-06-16,177000,177500,172500,173000,619047,26.82
2022-06-17,168000,172000,168000,170000,784685,26.78
2022-06-20,172500,173000,168500,170500,518566,26.77
2022-06-21,171500,175000,170000,172500,532008,26.77
2022-06-22,174500,175000,171000,171500,633838,26.86
2022-06-23,171500,174000,170000,171000,807430,26.87
2022-06-24,170500,175000,170500,173000,472975,26.89
2022-06-27,177000,185000,176500,183000,1348957,27.0
2022-06-28,183500,189000,183500,186000,1021549,26.95
2022-06-29,180000,181000,172500,175500,2543120,26.57
2022-06-30,176500,184500,175500,180500,1651221,26.61
2022-07-01,181500,185000,179500,180000,916020,26.65
2022-07-04,181000,183000,175000,178000,1006440,26.71
2022-07-05,180000,181000,173500,177500,1097504,26.72
2022-07-06,176000,177000,172000,172500,924184,26.72
2022-07-07,175000,177000,172500,175000,536363,26.72
2022-07-08,177500,180500,177000,178000,824702,26.77
2022-07-11,180000,182000,179000,179000,660814,26.8
2022-07-12,180000,181500,177000,179000,539027,26.8
2022-07-13,180000,185000,178500,183500,941277,26.85
2022-07-14,183000,184500,180500,182500,780637,26.88
2022-07-15,183000,184500,178500,183500,768143,26.96
2022-07-18,187000,188500,183500,185500,699961,26.91
2022-07-19,185000,189000,184500,188500,868892,26.94
2022-07-20,191500,191500,188500,189000,985986,26.91
2022-07-21,189000,193500,185500,189000,2136819,26.93
2022-07-22,191000,193000,188000,191000,1378005,27.05
2022-07-25,192500,198500,192500,196000,1352264,27.19
2022-07-26,196000,196500,192500,196000,735482,27.16
2022-07-27,196000,197000,193000,196000,608998,27.17
2022-07-28,198000,198000,194000,195000,757504,27.18
2022-07-29,196000,197000,194000,196000,844829,27.23
2022-08-01,196000,198000,195000,196000,601112,27.29
2022-08-02,196500,197000,193500,196500,721088,27.38
2022-08-03,197000,198000,196000,197000,683572,27.49
2022-08-04,198000,198500,194500,196500,622111,27.5
2022-08-05,196000,197500,193500,194500,919482,27.55
2022-08-08,193500,196000,193000,196000,635689,27.67
2022-08-09,195500,196000,191000,193500,962838,27.72
2022-08-10,193000,194500,192000,192500,510243,27.77
2022-08-11,195000,195000,192500,193000,731121,27.8
2022-08-12,193500,197500,193500,196000,627417,27.84
2022-08-16,198000,199500,196000,197500,505801,27.88
2022-08-17,195000,196500,188000,190000,1410422,27.87
2022-08-18,186500,187500,184000,186000,1438270,27.98
2022-08-19,187000,191500,186500,190000,770986,28.09
2022-08-22,187500,192000,187000,189000,532730,28.11
2022-08-23,189000,193000,188000,189000,711974,28.13
2022-08-24,190000,191000,185500,188000,700265,28.23
2022-08-25,189000,192500,188500,192000,561737,28.17
2022-08-26,192500,194000,191500,193500,473581,28.23
2022-08-29,188500,189000,186500,188500,601747,28.23
2022-08-30,190500,196000,190500,195500,891335,28.35
2022-08-31,195000,197500,194500,196000,762426,28.42
2022-09-01,193500,197500,191000,195500,785337,28.53
2022-09-02,199000,203500,196000,196500,1401989,28.64
2022-09-05,197500,201000,197500,200000,886938,28.71
2022-09-06,200500,201000,198000,201000,591596,28.74
2022-09-07,201000,203000,199000,202000,758254,28.79
2022-09-08,202500,203000,198500,200000,860563,28.78
2022-09-13,200500,201500,198000,200500,910285,28.79
2022-09-14,197000,200000,196000,198500,668955,28.74
2022-09-15,199000,201000,198000,198000,404656,28.77
2022-09-16,199500,202500,199000,201000,911954,28.91
2022-09-19,201500,202000,198000,201500,693456,28.95
2022-09-20,202500,202500,198500,198500,692217,28.95
2022-09-21,197000,197500,194500,197000,622478,28.97
2022-09-22,194500,197000,192500,193500,540322,28.98
2022-09-23,194000,195500,190500,190500,680644,29.01
2022-09-26,187000,187500,180500,182500,1609911,28.96
2022-09-27,182500,186000,182000,186000,890612,28.96
2022-09-28,184000,184500,177500,179500,1163914,28.94
2022-09-29,182500,184000,181000,181500,714142,28.99
2022-09-30,181000,183000,174000,176500,1005125,28.95
2022-10-04,179000,183000,177500,179500,831935,28.96
2022-10-05,183500,184000,172000,177000,1144019,28.98
2022-10-06,178500,179500,175000,178000,611007,29.0
2022-10-07,176500,176500,174000,175500,608384,29.01
2022-10-11,170000,170500,166000,168000,1145441,28.99
2022-10-12,166500,169500,165500,168000,821753,29.0
2022-10-13,167500,168000,164500,164500,691537,28.96
2022-10-14,167000,168000,165000,167000,657249,28.94
2022-10-17,166000,168500,164000,167000,665601,28.97
2022-10-18,170500,171500,165000,168000,1286984,29.09
2022-10-19,166000,172500,166000,168000,1111330,29.08
2022-10-20,168500,169500,166500,168500,692203,29.1
2022-10-21,169000,169500,165500,167000,695788,29.05
2022-10-24,169000,169500,161500,161500,1443569,28.98
2022-10-25,162500,163000,160000,162500,967860,29.05
2022-10-26,163000,164000,160000,160500,1023919,29.04
2022-10-27,161000,163500,160500,162000,876823,29.0
2022-10-28,162000,166000,161500,164000,752111,29.05
2022-10-31,166000,166500,162000,164500,622380,29.03
2022-11-01,163500,165000,162000,164500,628185,29.0
2022-11-02,164500,165000,162000,165000,941434,29.04
2022-11-03,162500,163000,160500,162000,1008989,28.99
2022-11-04,162000,164000,161500,163000,522276,29.03
2022-11-07,166500,170000,165500,169500,1126417,29.05
2022-11-08,171500,172000,167500,170000,804889,28.99
2022-11-09,170500,172000,167000,169500,953568,28.96
2022-11-10,167000,173000,166500,169500,1018720,29.06
2022-11-11,174500,175500,171000,172000,980474,29.04
2022-11-14,174500,179500,174000,176000,1379189,29.11
2022-11-15,176500,177000,173000,174500,838806,29.06
2022-11-16,175000,175500,170500,172000,642717,29.04
2022-11-17,171000,172500,169500,170000,502812,29.04
2022-11-18,170000,173000,169500,169500,559141,29.04
2022-11-21,169500,170000,166500,168000,517728,29.05
2022-11-22,167500,168000,165000,165500,454542,29.04
2022-11-23,166500,167500,164000,166000,449446,29.04
2022-11-24,168000,168500,166500,167500,323362,29.03
2022-11-25,168000,168500,166000,166000,356637,29.0
2022-11-28,166000,169500,164000,167500,551024,29.03
2022-11-29,168000,169500,167000,169000,341427,29.01
2022-11-30,169000,170500,168500,169000,633720,29.05
2022-12-01,172000,173000,170500,171500,499538,29.06
2022-12-02,172000,172500,168500,169000,453689,29.07
2022-12-05,169500,170000,164500,165500,788455,28.99
2022-12-06,164000,165000,162500,164500,434862,29.02
2022-12-07,163500,165000,163000,163000,379112,29.02
2022-12-08,163500,163500,161000,162000,703551,29.05
2022-12-09,163500,164000,162000,162500,464194,28.9
2022-12-12,162000,163500,162000,163500,232963,28.9
2022-12-13,164000,164000,158000,159500,756323,28.85
2022-12-14,160000,165000,159500,163500,614474,28.92
2022-12-15,162500,165000,162000,162000,383741,28.93
2022-12-16,160000,163000,160000,162500,446581,28.92
2022-12-19,160500,161500,157500,159000,734465,28.81
2022-12-20,158000,158500,154500,157000,1039931,28.8
2022-12-21,157000,157500,155500,156000,531850,28.68
2022-12-22,156500,159500,156500,158500,452454,28.61
2022-12-23,157000,158000,155500,157000,336597,28.57
2022-12-26,157000,159000,157000,158000,387872,28.59
2022-12-27,158500,160000,157000,158000,637139,28.51
2022-12-28,156000,156500,154000,154000,556921,28.46
2022-12-29,153000,154000,150500,151000,552974,28.44
2023-01-02,154000,161000,154000,157000,1132256,28.74
2023-01-03,158500,160500,156000,159000,787752,28.93
2023-01-04,157500,161000,157500,160500,463444,28.91
2023-01-05,161000,161500,158000,159000,577152,28.86
2023-01-06,157500,161500,157500,159500,502420,28.89
2023-01-09,161000,164500,160000,164000,614204,28.93
2023-01-10,162500,164000,161500,163000,414613,28.87
2023-01-11,163500,165000,163000,164000,367725,28.86
2023-01-12,166000,168000,164500,166500,869403,28.98
2023-01-13,167500,170000,167000,169000,707095,29.07
2023-01-16,166500,167500,163500,166500,797353,29.07
2023-01-17,166500,167000,164500,166000,452113,29.06
2023-01-18,166500,166500,162500,164500,499603,29.07
2023-01-19,162000,164000,162000,164000,353522,29.08
2023-01-20,163000,164500,163000,164500,296063,29.08
2023-01-25,166100,166500,165200,165700,359163,29.08
2023-01-26,166600,176200,166600,174900,1692960,29.21
2023-01-27,177000,177600,173300,173900,1174428,29.29
2023-01-30,174400,175700,169400,170000,831088,29.23
2023-01-31,169000,170400,167000,167000,698589,29.18
2023-02-01,169200,171500,168700,170000,599556,29.2
2023-02-02,171500,172900,169300,169900,548264,29.21
2023-02-03,170100,174500,169600,172800,770290,29.32
2023-02-06,174000,174700,170700,170700,582407,29.34
2023-02-07,171000,171200,169500,170500,533337,29.33
2023-02-08,171500,173000,170200,172700,442701,29.35
2023-02-09,171900,174000,171500,172600,583923,29.43
2023-02-10,171600,173500,171100,173400,372830,29.5
2023-02-13,172700,174300,171300,171600,373651,29.55
2023-02-14,172900,175700,172700,173700,502938,29.64
2023-02-15,174600,175300,171800,172700,451687,29.67
2023-02-16,173400,180000,173300,179300,1070527,29.84
2023-02-17,177400,179800,177000,179000,457976,29.8
2023-02-20,179400,179400,176600,178200,404747,29.78
2023-02-21,178500,179000,175500,178200,454862,29.8
2023-02-22,175800,176900,174000,174200,432567,29.82
2023-02-23,174400,178600,174300,176200,446435,30.2
2023-02-24,176200,177300,173800,173900,382070,30.19
2023-02-27,173100,173600,170200,173300,427027,30.18
2023-02-28,174100,178100,174000,176300,824763,30.25
2023-03-02,176500,179800,176500,178500,747929,30.3
2023-03-03,177500,178200,175000,176100,549203,30.23
2023-03-06,177800,178500,176000,177500,547005,30.26
2023-03-07,176500,177500,175100,175100,462996,30.26
2023-03-08,174300,176100,174100,174900,497195,30.32
2023-03-09,176600,180400,175700,176300,808110,30.33
2023-03-10,174700,176700,174600,175000,443221,30.32
2023-03-13,174400,176300,173500,176000,529759,30.36
2023-03-14,175200,175900,170500,171000,589581,30.31
2023-03-15,172700,175500,172700,174300,481716,30.3
2023-03-16,172800,174800,171800,174000,392030,30.31
2023-03-17,175200,176600,173200,176600,507745,30.37
2023-03-20,176500,177000,174800,175100,366357,30.39
2023-03-21,175900,176900,174800,175800,297779,30.43
2023-03-22,177000,180500,176700,180300,718542,30.52
2023-03-23,179300,182400,178700,180500,591091,30.56
2023-03-24,180600,180600,175300,177700,649952,30.5
2023-03-27,177700,177700,174800,176100,402749,30.51
2023-03-28,177100,178300,175800,177100,341408,30.54
2023-03-29,175800,180700,175800,180400,571771,30.59
2023-03-30,179200,181900,178800,181200,525981,30.71
2023-03-31,182000,184900,181900,184500,668373,30.8
2023-04-03,184600,185500,182300,183600,534323,30.79
2023-04-04,184000,186500,183300,183800,510739,30.82
2023-04-05,185100,187200,184000,186700,509578,30.87
2023-04-06,186900,189400,184700,185100,667512,30.9
2023-04-07,185400,186500,184600,185100,435717,30.91
2023-04-10,186000,188500,184200,185900,480371,30.91
2023-04-11,186600,192400,185100,192100,1067237,30.97
2023-04-12,195000,199500,194600,198200,1517626,31.17
2023-04-13,199000,199900,196200,198900,824006,31.19
2023-04-14,199500,199700,196000,196100,670548,31.2
2023-04-17,195400,196100,193800,195000,497443,31.26
2023-04-18,192700,193000,188200,191400,961739,31.33
2023-04-19,191400,194200,190300,193600,571094,31.34
2023-04-20,193000,194100,191400,192500,423616,31.35
2023-04-21,191100,191800,188300,190400,454248,31.33
2023-04-24,190600,193100,190600,191900,434584,31.37
2023-04-25,193000,201500,191200,201000,2084924,31.42
2023-04-26,205500,207500,199900,201500,2214068,31.5
2023-04-27,201500,205000,200500,202000,976414,31.61
2023-04-28,203000,203500,196200,197500,1056770,31.62
2023-05-02,198500,202000,197700,201500,573959,31.68
2023-05-03,200500,202000,198500,201000,460771,31.73
2023-05-04,200000,201000,197400,199200,472704,31.74
2023-05-08,201000,203000,200000,202500,590557,31.79
2023-05-09,202000,205500,199900,205000,704155,31.85
2023-05-10,206000,211000,205000,210000,1476327,31.97
2023-05-11,211500,211500,208000,208000,919476,31.95
2023-05-12,207000,209500,205500,208500,539737,32.0
2023-05-15,207000,209000,204000,208000,594282,31.98
2023-05-16,206500,207500,201000,202500,874247,32.0
2023-05-17,202500,205500,202500,204500,550297,32.03
2023-05-18,207000,207000,205000,206500,476896,32.04
2023-05-19,206000,207500,204000,205500,528680,32.04
2023-05-22,206000,208500,204500,207500,469209,32.06
2023-05-23,209000,209000,207000,207500,356438,32.07
2023-05-24,206000,208000,205500,207500,305061,32.09
2023-05-25,206000,206500,203000,203500,528730,32.11
2023-05-26,204500,205500,201000,205500,596247,32.16
2023-05-30,207000,207000,200000,200500,861994,32.04
2023-05-31,200500,203000,200000,200000,879887,32.02
2023-06-01,199800,199800,196300,197500,791585,32.0
2023-06-02,198500,199800,198100,199500,418613,32.03
2023-06-05,201500,203500,200000,201000,454150,32.09
2023-06-07,202500,203000,195400,196400,960900,32.07
2023-06-08,195500,197200,194000,196700,928559,32.07
2023-06-09,197400,198300,196300,197100,421616,32.07
2023-06-12,197500,198500,195100,196200,429448,32.06
2023-06-13,196700,198200,196200,198000,474628,32.12
2023-06-14,198800,201500,198500,201000,662184,32.19
2023-06-15,201500,202000,199400,199700,354685,32.19
2023-06-16,201000,201500,198000,199400,548562,32.2
2023-06-19,198000,199400,197000,199300,375749,32.25
2023-06-20,198300,199000,197000,197900,331277,32.25
2023-06-21,197900,205000,196300,204000,1028131,32.36
2023-06-22,202500,203500,200500,202000,392056,32.23
2023-06-23,201000,202000,199000,199900,349362,32.21
2023-06-26,199900,202500,199900,200500,307090,32.19
2023-06-27,201000,206000,201000,206000,806971,32.3
2023-06-28,206000,206500,203000,206000,630872,32.32
2023-06-29,205500,206000,204000,204500,320058,32.28
2023-06-30,204500,209000,204500,206500,563079,32.3
2023-07-03,207500,208500,205500,208500,545516,32.32
2023-07-04,208500,210000,206500,208000,424908,32.32
2023-07-05,208000,209500,204500,205500,586067,32.37
2023-07-06,204000,208500,204000,206500,643771,32.4
2023-07-07,205500,206000,202500,204000,476427,32.44
2023-07-10,205000,208000,202000,205500,511222,32.45
2023-07-11,206500,208000,205000,207000,538193,32.5
2023-07-12,206000,206500,202500,203500,503118,32.51
2023-07-13,205000,205000,203000,203500,540814,32.58
2023-07-14,204500,209000,204500,208500,655619,32.71
2023-07-17,207000,208500,203500,203500,517107,32.66
2023-07-18,204000,205000,201000,201500,501091,32.69
2023-07-19,201500,203500,200000,202000,491509,32.73
2023-07-20,202000,204000,200000,200500,531811,32.76
2023-07-21,199700,201000,198200,200000,508793,32.77
2023-07-24,199100,200500,197600,199200,614300,32.81
2023-07-25,199900,202500,199200,200500,492019,32.86
2023-07-26,201000,202000,195000,198700,1347123,32.83
2023-07-27,202500,203000,194000,197800,1244827,32.74
2023-07-28,196500,201500,196500,196800,782058,32.75
2023-07-31,198000,198200,195100,196000,678535,32.76
2023-08-01,195200,199600,194600,199400,698965,32.87
2023-08-02,197800,198800,192400,192500,917045,32.79
2023-08-03,192500,194300,190800,191700,531818,32.83
2023-08-04,191600,193400,190500,192200,378998,32.87
2023-08-07,191000,191100,187300,188000,842043,32.86
2023-08-08,188000,190500,187700,188400,557129,32.93
2023-08-09,188400,189800,187500,189400,366474,32.95
2023-08-10,189000,190300,188100,188400,489856,32.96
2023-08-11,188900,193200,188400,190500,529916,33.0
2023-08-14,190000,190500,188300,188800,297138,33.01
2023-08-16,186900,188100,185300,185800,563291,33.01
2023-08-17,184900,185500,182600,184800,458036,33.0
2023-08-18,182600,187500,182600,186100,420787,33.04
2023-08-21,187000,187200,185300,186100,279766,33.06
2023-08-22,186200,187900,186200,187900,297596,33.08
2023-08-23,186500,188700,186000,187500,252159,33.08
2023-08-24,188300,189300,186000,186400,320108,33.09
2023-08-25,184200,187000,184200,186200,368503,33.13
2023-08-28,186200,186900,184700,185400,300125,33.15
2023-08-29,185500,188200,185400,186700,321448,33.16
2023-08-30,188600,189300,187800,187800,331121,33.19
2023-08-31,187800,189100,186200,189100,590270,33.33
2023-09-01,188000,188900,186700,187400,281460,33.33
2023-09-04,186400,187400,185600,187300,307475,33.35
2023-09-05,186500,186900,185600,186600,290618,33.35
2023-09-06,186000,188300,186000,186700,259552,33.37
2023-09-07,185500,187200,185400,187200,299030,33.4
2023-09-08,187500,187500,185200,185700,192047,33.38
2023-09-11,185700,186300,184400,185500,195283,33.38
2023-09-12,186500,188400,185600,186200,273908,33.41
2023-09-13,187300,190700,187200,189800,579550,33.46
2023-09-14,191200,191200,188600,190700,627998,33.35
2023-09-15,190700,192700,189100,192200,526604,33.36
2023-09-18,191200,192200,190200,191000,289943,33.39
2023-09-19,191500,193200,190000,190000,289352,33.41
2023-09-20,190600,196000,190000,194900,636780,33.52
2023-09-21,194400,194500,191600,191900,327599,33.55
2023-09-22,189600,192400,189200,191500,326229,33.57
2023-09-25,191700,193500,189600,192900,346374,33.36
2023-09-26,191600,192900,189900,190700,302642,33.4
2023-09-27,189200,192400,189000,191100,367983,33.44
2023-10-04,188000,193200,187100,190800,641075,33.46
2023-10-05,190900,192200,189500,190500,396264,33.46
2023-10-06,191000,192600,189600,192200,345787,33.43
2023-10-10,192700,192800,187700,188400,575373,33.39
2023-10-11,189000,191400,189000,189400,490998,33.4
2023-10-12,189600,189800,187700,188000,451893,33.38
2023-10-13,187500,188400,187100,187100,254250,33.39
2023-10-16,186900,188300,186500,186800,291429,33.39
2023-10-17,188300,189300,187100,188500,423633,33.42
2023-10-18,190400,193000,189500,191800,532948,33.5
2023-10-19,189900,190800,188800,188900,408555,33.47
2023-10-20,187800,188600,183500,183500,602367,33.37
2023-10-23,184200,186100,183800,185400,286602,33.37
2023-10-24,186900,187000,181400,182800,418638,33.31
2023-10-25,182700,183700,182000,182000,374888,33.27
2023-10-26,180300,182500,178500,179500,651245,33.24
2023-10-27,181200,182900,174600,175600,787539,33.12
2023-10-30,175000,176300,171400,172500,726773,33.03
2023-10-31,174300,175900,169300,169700,697296,32.97
2023-11-01,170800,171500,169400,170300,450423,32.93
2023-11-02,172000,175100,171500,172000,661435,32.89
2023-11-03,175000,175400,172700,173400,431491,32.87
2023-11-06,175400,177900,174900,177900,661383,32.87
2023-11-07,177500,177500,174200,176100,532443,32.87
2023-11-08,177900,179000,174500,174800,395162,32.83
2023-11-09,174700,175700,174200,174700,384071,32.84
2023-11-10,173800,175300,173500,173700,255065,32.84
2023-11-13,175000,175000,172800,173300,348523,32.78
2023-11-14,174900,175900,173900,175200,329429,32.76
2023-11-15,178700,182600,178600,182500,806741,32.83
2023-11-16,182500,186400,181800,184800,432174,32.86
2023-11-17,185900,185900,183500,184400,259919,32.87
2023-11-20,184400,184900,182100,183600,277906,32.85
2023-11-21,184700,184800,183500,184200,252833,32.87
2023-11-22,182300,183400,181200,183000,219027,32.87
2023-11-23,183600,185000,182400,184800,240354,32.89
2023-11-24,184600,185600,183900,184000,161656,32.9
2023-11-27,184000,185700,184000,184900,188306,32.91
2023-11-28,185900,185900,183600,185700,269820,32.9
2023-11-29,185700,186500,184700,184800,298485,32.9
2023-11-30,184200,184900,182100,184300,574490,32.87
2023-12-01,183300,183800,181700,182800,304309,32.9
2023-12-04,183900,184100,181600,181600,378913,32.88
2023-12-05,181600,182000,180700,181400,275980,32.9
2023-12-06,181100,183400,181100,182900,280528,32.92
2023-12-07,181400,183300,181400,182600,296154,32.94
2023-12-08,183600,185700,183400,185100,327749,32.94
2023-12-11,185400,185400,184000,185400,218073,32.97
2023-12-12,185500,186400,185000,185600,332590,32.95
2023-12-13,185300,186200,184400,185000,287425,32.99
2023-12-14,187000,187100,184200,184800,760383,33.0
2023-12-15,185800,192800,185200,192800,1228522,33.21
2023-12-18,192800,193000,190000,192000,482331,33.2
2023-12-19,191900,192900,190800,192200,272670,33.27
2023-12-20,192700,199700,192600,199100,961888,33.49
2023-12-21,197500,202000,197100,198700,545031,33.46
2023-12-22,200000,200500,198500,199000,347866,33.43
2023-12-26,200500,200500,197700,198800,409928,33.41
2023-12-27,198700,199300,197200,198500,331186,33.44
2023-12-28,198800,203500,198400,203500,766503,33.6
2024-01-02,202000,202500,199800,200500,373050,33.58
2024-01-03,199100,199500,193800,193800,548675,33.77
2024-01-04,192000,192800,189100,190000,505979,33.82
2024-01-05,190100,190500,187200,187300,440219,33.79
2024-01-08,187600,188900,185500,185700,323498,33.79
2024-01-09,187800,187800,185500,185600,349068,33.77
2024-01-10,185600,187300,185200,186700,330767,33.74
2024-01-11,187200,189000,187000,187000,538799,33.79
2024-01-12,186600,187400,185800,186000,240690,33.78
2024-01-15,186000,188600,185800,187500,251099,33.76
2024-01-16,186600,188100,185700,186200,225780,33.77
2024-01-17,186300,186400,181000,181800,481127,33.73
2024-01-18,180000,182500,179900,180200,433597,33.72
2024-01-19,183000,183000,180100,181700,288166,33.71
2024-01-22,182300,182400,179800,180100,391914,33.7
2024-01-23,181200,184800,180900,184800,376671,33.74
2024-01-24,185300,185400,182100,185000,345726,33.71
2024-01-25,184400,190500,183500,188700,778658,33.76
2024-01-26,189300,189600,186500,187300,468376,33.72
2024-01-29,187300,197300,186600,195600,1199045,33.84
2024-01-30,196000,196600,189300,190000,955999,33.75
2024-01-31,189300,195400,188500,194600,1053355,33.71
2024-02-01,193900,209000,193500,208000,2855056,34.1
2024-02-02,221500,228000,214000,227000,5844398,35.3
2024-02-05,233500,239500,226000,238000,5742710,35.68
2024-02-06,234000,240000,230500,235500,3293825,35.87
2024-02-07,239000,246500,238000,245000,2711612,36.1
2024-02-08,243000,250500,241500,250000,3017429,36.34
2024-02-13,251000,261000,247500,249000,2690468,36.64
2024-02-14,245000,251000,244500,245500,1702299,36.75
2024-02-15,250000,250500,237000,240000,2103428,36.88
2024-02-16,241500,253000,235500,252500,2261790,36.98
2024-02-19,253500,257000,248500,252500,1801441,36.96
2024-02-20,250000,253000,238500,242000,1944653,36.93
2024-02-21,242000,246000,237500,239500,1149137,36.97
2024-02-22,239000,245500,237500,243500,1475580,37.05
2024-02-23,244000,249500,242000,244000,1660625,37.06
2024-02-26,237500,241000,231500,239000,1751340,37.13
2024-02-27,239000,244500,237500,238500,1265434,37.18
2024-02-28,234000,250000,231500,248000,1911431,37.26
2024-02-29,246500,253500,243500,250500,2056620,37.3
2024-03-04,255500,260000,253000,255500,1854280,37.51
2024-03-05,251500,254500,247500,249000,1436614,37.46
2024-03-06,247000,254000,246000,251000,1103072,37.5
2024-03-07,252500,258000,247500,250000,988457,37.59
2024-03-08,251500,255000,249500,253000,1210240,37.64
2024-03-11,251000,252500,242000,243500,1178615,37.66
2024-03-12,244000,247000,240000,241500,1096802,37.71
2024-03-13,243500,250000,241000,248500,1413782,37.85
2024-03-14,248000,255000,246000,251500,1574794,37.93
2024-03-15,250000,254500,243500,243500,1175933,37.91
2024-03-18,244000,247500,241000,242500,723835,37.96
2024-03-19,241000,244000,236000,237500,944727,38.03
2024-03-20,240000,246000,237500,241000,1230314,38.1
2024-03-21,247000,254000,246000,252000,1578378,38.32
2024-03-22,252500,254000,241000,243500,1091572,38.27
2024-03-25,244000,245500,239500,239500,784822,38.23
2024-03-26,239000,244000,238500,240500,802094,38.24
2024-03-27,241000,247500,240500,244000,818180,38.32
2024-03-28,246000,246000,236000,237000,1050347,38.21
2024-03-29,238000,239000,232000,233000,852346,38.22
2024-04-01,234500,235000,227000,227500,898781,38.23
2024-04-02,225000,226500,216500,220000,1802613,38.16
2024-04-03,219000,223500,214500,216000,1138600,38.16
2024-04-04,218500,228500,216500,226000,1357330,38.17
2024-04-05,223500,230000,223000,225500,1121453,38.26
2024-04-08,227000,238000,226000,232500,1245057,38.41
2024-04-09,234500,236500,228000,228000,663665,38.37
2024-04-11,222000,241000,220000,241000,1853791,38.61
2024-04-12,241000,241500,237000,238000,997710,38.71
2024-04-15,236000,243000,233500,241500,1018783,39.15
2024-04-16,239000,244500,236500,242000,1201766,39.25
2024-04-17,242000,243000,233500,233500,1029202,39.27
2024-04-18,237000,239000,228500,231000,1168222,39.25
2024-04-19,231000,237000,229000,235000,1174278,39.37
2024-04-22,240000,246000,239500,245000,1314974,39.59
2024-04-23,250000,251500,246000,249500,1153091,39.75
2024-04-24,249000,253500,247500,252500,1242059,39.92
2024-04-25,251000,254000,246000,250000,1297404,40.01
2024-04-26,250000,253500,243000,249500,980459,40.01
2024-04-29,249000,254500,245500,251500,852780,40.1
2024-04-30,250000,253000,248000,251000,545747,40.12
2024-05-02,249000,251500,246500,249000,602350,40.11
2024-05-03,250000,250500,241000,241000,727057,40.1
2024-05-07,242500,246000,240000,242000,799659,40.07
2024-05-08,240500,244000,240000,242000,444082,40.11
2024-05-09,242000,242500,235000,237000,704379,40.02
2024-05-10,239000,243000,237000,241500,455541,40.04
2024-05-13,242500,247500,242000,245000,550255,40.11
2024-05-14,245500,247000,243000,246500,670650,40.21
2024-05-16,248000,248500,245500,247000,559548,40.24
2024-05-17,247000,249500,244000,244000,408947,40.28
2024-05-20,245500,255000,244500,250500,860566,40.4
2024-05-21,249000,254000,248000,253000,576613,40.45
2024-05-22,253000,277500,251000,277000,3336634,40.85
2024-05-23,273500,275000,267500,271500,1886248,40.78
2024-05-24,268500,274500,266000,267500,1059149,40.82
2024-05-27,267500,271500,262000,265500,1011436,40.82
2024-05-28,265000,270000,263500,265000,598743,40.79
2024-05-29,262500,265000,257000,261000,965532,40.72
2024-05-30,260500,264000,255500,257000,640526,40.74
2024-05-31,259500,260000,253000,253000,1014549,40.6
2024-06-03,257500,270000,257000,265000,1186533,40.64
2024-06-04,262500,265500,258000,259000,660409,40.59
2024-06-05,261000,267500,256500,264000,882084,40.6
2024-06-07,262500,266500,261500,265000,519878,40.57
2024-06-10,261500,271500,261000,267500,945927,40.64
2024-06-11,270500,273500,267500,271000,967240,40.72
2024-06-12,273000,273000,268000,270000,567334,40.73
2024-06-13,273000,281000,269000,269000,1862106,40.81
2024-06-14,268500,274000,267000,268000,778015,40.84
2024-06-17,276000,285000,275500,278500,1945849,40.93
2024-06-18,280500,290000,278500,283000,1667920,40.94
2024-06-19,286500,292500,284000,286500,1228960,40.96
2024-06-20,285500,288000,282500,285500,629996,40.97
2024-06-21,283500,285000,279000,280000,876560,40.86
2024-06-24,277000,283000,275500,281000,598019,40.86
2024-06-25,281000,292500,280000,288500,1023261,40.91
2024-06-26,289000,293500,286500,289500,694207,40.9
2024-06-27,287000,298500,286500,298000,1157313,40.97
2024-06-28,299500,299500,293000,295000,761453,40.91
2024-07-01,292000,296000,285500,286000,864443,40.83
2024-07-02,283000,283500,271000,272500,1558999,40.74
2024-07-03,275000,281500,272500,276000,1072157,40.74
2024-07-04,277500,281000,274500,277500,552767,40.74
2024-07-05,277500,282000,277000,281000,586121,40.73
2024-07-08,282000,289500,281000,283000,603805,40.76
2024-07-09,284000,285500,272500,274500,1135540,40.66
2024-07-10,275000,277500,272500,274500,672155,40.71
2024-07-11,277000,278500,274500,278500,653458,40.76
2024-07-12,277500,278500,268000,271500,666813,40.75
2024-07-15,273000,273500,267500,268500,541442,40.77
2024-07-16,270500,276000,270000,274500,552065,40.8
2024-07-17,275500,275500,268000,268500,512968,40.78
2024-07-18,267000,267500,256500,260500,1083373,40.77
2024-07-19,258500,259500,254000,258500,737904,40.82
2024-07-22,259000,261500,251000,255000,769457,40.86
2024-07-23,258000,264500,257500,263500,803042,40.91
2024-07-24,259500,263500,257500,258500,608412,40.84
2024-07-25,253000,255000,247500,251500,832753,40.76
2024-07-26,248500,250500,232000,243500,2662741,40.59
2024-07-29,244000,260000,243000,255500,1302271,40.65
2024-07-30,253000,258000,249500,250000,594899,40.64
2024-07-31,250000,253500,247500,249000,594919,40.64
2024-08-01,251000,258500,251000,253500,734315,40.74
2024-08-02,242500,248000,242000,244000,889521,40.69
2024-08-05,236000,239500,216500,224000,1465965,40.62
2024-08-06,233500,241500,228000,235000,1250180,40.63
2024-08-07,233000,241000,231500,236000,756779,40.62
2024-08-08,231500,240000,228500,236500,698685,40.67
2024-08-09,240500,248000,240000,243000,606967,40.71
2024-08-12,246000,249000,242000,243500,469844,40.69
2024-08-13,242000,245500,240000,243000,358474,40.71
2024-08-14,245500,248000,238500,241000,500276,40.7
2024-08-16,248000,256500,246500,255000,1113073,40.94
2024-08-19,256000,259500,250000,255000,739313,41.02
2024-08-20,258000,261000,255000,256000,660818,41.08
2024-08-21,257500,257500,251000,252500,359513,41.06
2024-08-22,253500,254000,245500,248000,497250,41.04
2024-08-23,245500,254000,245000,252500,449189,41.05
2024-08-26,255500,258000,247500,249500,469538,41.03
2024-08-27,248500,251000,244500,247500,555018,41.05
2024-08-28,249500,261000,246000,259000,1170970,41.11
2024-08-29,261500,267000,256000,258500,1646679,41.2
2024-08-30,261000,265500,255500,255500,1206940,41.21
2024-09-02,256000,256000,245000,246000,1006660,41.16
2024-09-03,244000,244500,236000,237500,1024521,41.07
2024-09-04,231000,236500,229500,232500,942257,41.06
2024-09-05,236000,237500,227000,229000,884047,40.98
2024-09-06,228000,230500,223000,227500,710077,40.94
2024-09-09,225500,231500,225000,229500,638085,40.99
2024-09-10,229500,231000,227000,231000,364974,40.97
2024-09-11,229500,230500,221500,223500,781938,40.86
2024-09-12,226000,232000,225500,232000,660069,40.93
2024-09-13,237500,240500,234500,237000,524969,40.94
2024-09-19,244000,246500,241500,246000,848380,41.03
2024-09-20,250000,251000,247500,250500,809348,41.13
2024-09-23,251500,251500,246500,249000,484728,41.15
2024-09-24,249000,253000,248000,253000,429463,41.23
2024-09-25,255500,257000,250500,251500,575575,41.23
2024-09-26,250000,259000,247500,259000,766978,41.34
2024-09-27,257500,259000,253500,254500,493853,41.4
2024-09-30,255500,256000,244000,244000,1032595,41.35
2024-10-02,237500,241000,236500,237000,1035510,41.32
2024-10-04,235500,241500,232000,239500,856583,41.34
2024-10-07,244000,247000,241000,247000,731171,41.35
2024-10-08,244500,247000,244000,246000,413552,41.38
2024-10-10,253000,255500,246000,246000,641891,41.43
2024-10-11,248000,249500,246500,248500,282919,41.43
2024-10-14,250500,254000,248000,248500,307668,41.42
2024-10-15,249500,249500,246000,246000,382087,41.4
2024-10-16,246000,247000,242000,247000,799813,41.38
2024-10-17,245000,246000,235500,235500,923060,41.24
2024-10-18,237000,239000,233000,234500,696368,41.17
2024-10-21,235000,240000,234500,237000,443742,41.17
2024-10-22,236000,239000,232500,234500,517834,41.16
2024-10-23,236500,243000,234000,241000,671384,41.19
2024-10-24,241000,241000,228000,228500,1209781,41.04
2024-10-25,226500,231000,220500,225500,1116832,40.92
2024-10-28,226000,229000,224000,226500,639039,40.84
2024-10-29,226000,226500,221000,224000,746178,40.75
2024-10-30,223000,225000,220500,220500,554300,40.7
2024-10-31,220500,221500,215000,215000,1075398,40.62
2024-11-01,212500,216500,211500,213500,765177,40.6
2024-11-04,215000,220500,214000,216500,748180,40.53
2024-11-05,214000,215500,211500,215000,615978,40.48
2024-11-06,214000,214500,205500,206500,1880618,40.28
2024-11-07,203500,210500,201000,207500,1108161,40.29
2024-11-08,209500,210500,202500,203500,716859,40.15
2024-11-11,203500,212500,203500,211000,856539,40.18
2024-11-12,213000,213500,206500,207000,911213,40.09
2024-11-13,206000,206000,199900,199900,778547,40.05
2024-11-14,200500,203500,197300,201500,817142,40.09
2024-11-15,200000,208500,199900,206000,709396,40.11
2024-11-18,206000,218000,206000,217000,1115993,40.15
2024-11-19,217000,219000,213000,215500,540792,40.1
2024-11-20,213000,220500,212500,218500,572617,40.12
2024-11-21,218500,219500,215500,215500,499737,40.08
2024-11-22,216000,218500,214500,217000,419056,40.05
2024-11-25,219000,221500,216500,219000,726301,40.05
2024-11-26,218000,224500,216500,223500,721544,40.04
2024-11-27,220000,226500,218500,221000,1094533,40.01
2024-11-28,224000,225000,218000,219000,593477,39.98
2024-11-29,219000,220000,214500,218500,576357,40.03
2024-12-02,219500,220500,215000,216000,520654,40.05
2024-12-03,218000,218000,213500,214500,624929,40.04
2024-12-04,208500,213000,207000,209000,919137,39.96
2024-12-05,209000,210500,204000,204500,604002,39.92
2024-12-06,203500,206000,200000,203500,778285,39.84
2024-12-09,201000,203000,200000,201000,774548,39.83
2024-12-10,205500,211500,204000,210500,619392,39.83
2024-12-11,208000,211000,207500,209000,335301,39.78
2024-12-12,210500,213000,209500,211500,625351,39.76
2024-12-13,212000,216000,209000,215000,528172,39.7
2024-12-16,215500,216000,210500,211000,469448,39.62
2024-12-17,210000,212500,205500,206500,715553,39.54
2024-12-18,207500,217000,207500,216500,712305,39.6
2024-12-19,213000,214000,210500,212000,631880,39.51
2024-12-20,210500,211500,206000,210500,704962,39.44
2024-12-23,212500,216500,212000,215000,468339,39.48
2024-12-24,215000,217000,213000,216500,351647,39.52
2024-12-26,217500,219500,215000,217500,460871,39.5
2024-12-27,217000,217500,213500,215000,391681,39.48
2024-12-30,213500,217000,212000,212000,387750,39.47
2025-01-02,212000,216000,210500,211500,437773,39.46
2025-01-03,211500,215000,211000,213000,456107,39.45
2025-01-06,213000,213500,207000,211500,782307,39.35
2025-01-07,211500,214000,210500,211000,511955,39.32
2025-01-08,209500,215500,209000,213500,603411,39.35
2025-01-09,215000,219500,213000,213000,866529,39.4
2025-01-10,215000,227000,215000,226000,1951806,39.64
2025-01-13,225500,226000,218500,220000,867629,39.54
2025-01-14,221000,224500,219500,222000,547856,39.55
2025-01-15,222000,224000,220500,220500,492913,39.53
2025-01-16,223000,224000,218000,219000,435312,39.49
2025-01-17,217500,218000,211000,211500,813817,39.4
2025-01-20,211000,212000,207500,208500,571176,39.27
2025-01-21,210500,213000,206500,206500,833996,39.13
2025-01-22,207500,210000,206500,208500,832710,38.98
2025-01-23,208000,213500,205500,209000,1032782,38.89
2025-01-24,208000,208500,203000,205000,1077548,38.72
2025-01-31,204500,207500,200000,206000,986621,38.65
2025-02-03,201000,203500,200000,202000,911137,38.56
2025-02-04,205000,208500,201000,201000,841947,38.46
2025-02-05,201500,206500,201000,204500,710413,38.39
2025-02-06,206000,207000,203000,203500,605308,38.22
2025-02-07,203500,204500,200000,200500,834221,37.99
2025-02-10,199500,201000,197700,199400,992303,37.86
2025-02-11,199500,202500,198500,199400,842452,37.77
2025-02-12,199000,200500,198100,198100,567219,37.71
2025-02-13,202500,210000,202000,208500,1493929,37.9
2025-02-14,208000,210000,205500,206000,823619,37.76
2025-02-17,201000,202500,199500,199800,894545,37.57
2025-02-18,200000,201500,198900,200500,560363,37.53
2025-02-19,198900,204500,198800,204000,854114,37.56
2025-02-20,202500,204000,201500,203000,354026,37.54
2025-02-21,209000,211000,204000,206000,713842,37.49
2025-02-24,204000,207000,203500,207000,497135,37.41
2025-02-25,205000,205000,202000,202500,651155,37.18
2025-02-26,203500,207000,203000,205000,750341,37.16
2025-02-27,200500,201000,199300,200500,890406,36.96
2025-02-28,198600,198800,193000,193000,1187503,36.75
2025-03-04,190000,195100,189200,190300,592292,36.78
2025-03-05,191800,197000,191800,194700,798748,36.91
2025-03-06,199200,201000,196500,197600,659716,36.97
2025-03-07,194800,197200,194100,196600,574321,36.97
2025-03-10,196600,198600,195200,197400,318730,37.01
2025-03-11,194500,196000,192700,195600,456616,37.03
2025-03-12,195800,198200,195000,198200,351293,37.12
2025-03-13,199300,201000,196200,201000,578677,37.18
2025-03-14,199800,200500,197500,198500,473953,37.19
2025-03-17,198400,199000,195300,199000,369290,37.2
2025-03-18,199500,202000,199300,200500,505699,37.34
2025-03-19,201000,204000,199000,204000,520541,37.44
2025-03-20,204500,205000,201500,202500,635938,37.46
2025-03-21,201500,205000,201000,205000,552626,37.53
2025-03-24,204500,216000,203500,213000,1212302,37.65
2025-03-25,228500,229000,218500,220000,2097056,37.69
2025-03-26,224000,227500,220500,222000,1220193,37.82
2025-03-27,215000,216500,212000,212500,1027562,37.83
2025-03-28,208000,209500,202500,205000,1003500,37.62
2025-03-31,199900,201000,196800,197200,936571,37.41
2025-04-01,199000,200500,196100,198600,641043,37.35
2025-04-02,198800,199100,195800,196300,615215,37.23
2025-04-03,191000,194500,189100,193800,954824,36.99
2025-04-04,191300,196500,189600,191800,810211,36.85
2025-04-07,184700,185300,178900,179100,1244441,36.52
2025-04-08,181400,183800,177500,179200,1082825,36.39
2025-04-09,177500,180900,177300,178000,689621,36.27
2025-04-10,191700,192900,186500,187000,1426032,36.29
2025-04-11,181800,183000,175800,177500,1647599,35.91
2025-04-14,178400,180300,177500,179300,536959,35.92
2025-04-15,185400,189200,183700,187000,1052017,35.93
2025-04-16,185200,186400,181300,181700,593391,35.8
2025-04-17,182600,184600,181500,181700,522233,35.73
2025-04-18,182800,188300,181200,187200,664774,35.73
2025-04-21,187500,188800,185500,187300,352360,35.69
2025-04-22,186100,187700,185200,185600,392723,35.65
2025-04-23,188900,190400,187400,190000,607448,35.63
2025-04-24,191100,191200,186500,188900,642753,35.6
2025-04-25,191000,191000,188600,188800,528739,35.53
2025-04-28,188100,190100,187000,189000,450993,35.51
2025-04-29,192700,194000,189700,192800,594224,35.53
2025-04-30,192700,193300,190200,190600,429791,35.49
2025-05-02,190200,190500,188200,189400,464020,35.49
2025-05-07,191400,191400,186500,187600,666181,35.42
2025-05-08,187600,188900,187100,187100,543972,35.42
2025-05-09,191200,193400,189500,189900,514047,35.45
2025-05-12,191900,195800,191400,195800,569602,35.52
2025-05-13,197400,198000,195100,196700,462830,35.53
2025-05-14,197200,198300,194300,197100,557318,35.53
2025-05-15,195200,196900,192200,192900,469355,35.53
2025-05-16,193300,194700,193000,193800,311743,35.59
2025-05-19,193000,193000,190000,191000,378893,35.57
2025-05-20,192800,194100,189500,189500,422756,36.34
2025-05-21,189500,190350,187400,188000,558502,36.25
2025-05-22,187000,187000,181900,182400,982354,36.03
2025-05-23,182400,182500,179300,179900,829741,35.87
2025-05-26,180100,183000,179700,181900,623947,35.81
2025-05-27,180700,181900,180300,181900,502985,35.71
2025-05-28,182400,186300,182400,185900,611926,35.71
2025-05-29,189600,193000,186300,191000,1093538,35.77
2025-05-30,187400,187500,185300,185300,781444,35.63
2025-06-02,184600,185500,183100,184000,538182,35.53
2025-06-04,185100,186500,184100,186000,577325,35.51
2025-06-05,186000,193000,186000,189600,797915,35.48
2025-06-09,192900,198400,192300,197800,1665140,35.78
2025-06-10,201000,201500,195800,197000,998951,35.78
2025-06-11,199100,201500,199000,201000,649618,35.87
2025-06-12,201500,204500,200500,201500,885521,36.01
2025-06-13,199400,199800,196800,199000,933606,36.13
2025-06-16,198300,202000,196200,201500,500547,36.12
2025-06-17,202500,208000,200500,205000,950447,36.18
2025-06-18,202500,207000,200500,206000,575644,36.22
2025-06-19,209500,211500,205500,207000,538891,36.2
2025-06-20,208000,210500,205500,210000,662635,36.28
2025-06-23,205500,206000,200500,201500,935001,36.16
2025-06-24,206500,208000,203000,206000,718116,36.22
2025-06-25,206500,221500,206000,217000,1789517,36.42
2025-06-26,214500,215000,208000,209500,814616,36.3
2025-06-27,211000,211000,203000,205000,764378,36.28
2025-06-30,204500,207000,203500,203500,492507,36.28
2025-07-01,204000,214500,203500,210000,1059697,36.22
2025-07-02,215000,218000,210000,213500,1058819,36.18
2025-07-03,215000,217000,211500,214500,562758,36.14
2025-07-04,214500,216500,210000,210500,415693,36.13
2025-07-07,210000,210500,207000,208500,398058,36.1
2025-07-08,207000,211500,205500,211000,499225,36.14
2025-07-09,208500,209500,205500,209500,524731,36.16
2025-07-10,210000,211500,205500,208000,719453,36.19
2025-07-11,209000,211500,207500,208000,592335,36.14
2025-07-14,208500,218000,208000,217000,1241993,36.35
2025-07-15,217000,217500,209500,211000,1111748,36.1
2025-07-16,211000,211000,207500,207500,492782,36.0
2025-07-17,208500,212000,205500,210000,611349,35.97
2025-07-18,210000,212500,208500,210500,317353,35.92
2025-07-21,209500,210500,208000,209000,460835,35.92
2025-07-22,209000,209500,204500,206500,441603,35.85
2025-07-23,213000,223000,213000,222000,2832242,36.44
2025-07-24,221000,225500,214500,217500,1417925,36.44
2025-07-25,215000,221000,214000,216500,665815,36.39
2025-07-28,221500,222500,216000,218500,692799,36.28
2025-07-29,217500,218500,214000,218000,646415,36.14
2025-07-30,215500,228000,215500,223000,1239327,36.11
2025-07-31,233000,233000,212000,213000,2956498,35.79
2025-08-01,211000,215500,210000,210000,1083280,35.97
2025-08-04,210000,212500,207000,211000,651682,36.01
2025-08-05,213000,215000,209500,210500,480510,36.0
2025-08-06,209000,211500,208500,210500,385330,36.0
2025-08-07,213500,215000,211000,212500,421547,36.01
2025-08-08,212500,214000,211500,212500,440664,36.0
2025-08-11,213000,213500,211500,212500,298656,36.03
2025-08-12,212000,216000,211500,213000,347183,36.1
2025-08-13,215500,216000,214000,216000,377571,36.14
2025-08-14,216000,219000,216000,217500,546695,36.17
2025-08-18,217500,218000,215000,216500,405813,36.19
2025-08-19,216500,219000,215000,219000,442222,36.28
2025-08-20,218500,222000,217500,220500,784564,36.28
2025-08-21,221000,224500,220500,221500,601284,36.34
2025-08-22,222000,223500,219500,220000,401067,36.33
2025-08-25,221500,222000,217500,222000,419600,36.36
2025-08-26,220500,222000,217500,218500,806670,36.29
2025-08-27,219000,221000,218500,220000,337163,36.25
2025-08-28,218500,225000,218000,222000,734689,36.39
2025-08-29,223000,224500,218500,220000,606655,36.36
2025-09-01,220500,223000,219000,220500,504672,36.4
2025-09-02,221000,221000,217000,220000,365383,36.39
2025-09-03,218500,223500,218500,221500,459718,36.5
2025-09-04,221000,221500,219500,221500,249504,36.5
2025-09-05,222000,222500,219500,220000,245652,36.48
2025-09-08,218000,218500,215500,218500,382254,36.45
2025-09-09,219500,220500,218500,219000,407652,36.45
2025-09-10,219500,222000,219000,220500,427432,36.48
2025-09-11,221500,223000,219000,223000,569436,36.47
2025-09-12,222500,224000,220500,223500,666184,36.57
2025-09-15,221500,221500,215000,215000,1712249,36.22
2025-09-16,216000,216500,215000,215000,492855,36.18
2025-09-17,216000,216500,215000,216000,412548,36.18
2025-09-18,216500,218500,215000,218500,652885,36.24
2025-09-19,218000,218500,212000,214000,1301527,36.04
2025-09-22,215000,219000,214500,218000,499195,36.26
2025-09-23,217500,220000,217500,219000,473760,36.3
2025-09-24,218000,219500,216500,217500,383310,36.27
2025-09-25,217000,217500,215500,217000,509882,36.25
2025-09-26,215000,215500,213000,214500,448652,36.14
2025-09-29,215500,216500,214000,215000,339105,36.22
2025-09-30,214000,216000,214000,215000,339691,36.22
2025-10-01,215500,217000,215000,215500,297048,36.22
2025-10-02,216500,223000,216500,220000,1099674,36.39
2025-10-10,219000,220250,216500,217000,779161,36.32
2025-10-13,214500,219500,214000,218500,544349,36.35
2025-10-14,218500,225000,218000,223000,885802,36.46
2025-10-15,223000,224000,220000,223500,670710,36.43
2025-10-16,237000,245000,234000,242000,2115204,36.63
2025-10-17,241000,246000,239500,243000,994190,36.51
2025-10-20,251500,252000,241500,248000,1155423,36.35
2025-10-21,252000,267000,251500,256500,2002410,36.53
2025-10-22,265000,265000,254500,261000,1060973,36.3
2025-10-23,256500,258500,251000,252000,909720,36.26
2025-10-24,253500,254000,248000,252500,775983,36.26
2025-10-27,253500,259500,253000,254500,763121,36.25
2025-10-28,253500,253500,249000,250500,677447,36.18
2025-10-29,254500,259500,251000,258000,937830,36.12
2025-10-30,287500,289500,263000,265000,2958411,35.62
2025-10-31,273500,294000,270500,290000,3631736,35.78
2025-11-03,297500,298000,288000,291500,1498016,35.69
2025-11-04,286500,288500,276000,276000,1416294,35.57
2025-11-05,270000,271500,259000,268500,1420277,35.64
2025-11-06,274500,275000,264500,269000,686561,35.61
2025-11-07,261000,267000,259500,264000,666772,35.6
2025-11-10,266500,274000,265000,270500,692464,35.62
2025-11-11,272500,274000,267500,269000,494203,35.63
2025-11-12,271500,278500,269500,275500,807526,35.71
2025-11-13,273000,279000,272500,278500,681153,35.74
2025-11-14,272500,278000,272000,272500,579023,35.74
2025-11-17,275500,275500,271500,271500,384305,35.73
2025-11-18,269000,271500,263500,264500,475705,35.78
2025-11-19,272000,272000,261500,264000,413452,35.74
2025-11-20,267000,267500,262000,262000,501196,35.63
2025-11-21,255000,261000,254500,259500,538414,35.63
2025-11-24,262000,262000,257500,257500,610389,35.55
2025-11-25,261000,262000,256500,257500,390393,35.55
2025-11-26,260500,262000,259500,261500,402781,35.52
2025-11-27,261500,262500,259500,261500,289061,35.51
2025-11-28,261500,265500,259000,261500,511004,35.47
2025-12-01,261000,261500,253500,254500,555473,35.4
2025-12-02,257500,267500,257000,266000,1084944,35.55
2025-12-03,266500,267500,263000,266500,483994,35.51
2025-12-04,273000,284500,270000,283500,1994134,35.75
2025-12-05,282000,316500,280000,315000,3892799,36.45
2025-12-08,321000,321000,308500,315500,1913789,36.29
2025-12-09,308000,312000,301500,307000,1229611,36.28
2025-12-10,304500,306000,297500,302500,1173271,36.2
2025-12-11,304000,306500,295500,295500,1465528,36.17
2025-12-12,299000,303000,295500,301500,827283,36.14
2025-12-15,296500,297500,293500,293500,798990,36.12
2025-12-16,296500,301500,284500,286000,1264096,36.1
2025-12-17,288000,288500,284000,286000,686802,36.03
2025-12-18,280500,285000,280000,282500,705877,36.04
2025-12-19,285500,288500,278500,288500,1210816,36.05
2025-12-22,290500,290500,285000,289000,676748,35.99
2025-12-23,290500,292500,285500,287000,699584,35.95
2025-12-24,289000,300000,287000,289000,1295368,35.93
2025-12-26,292000,292000,285000,286000,847245,35.88
2025-12-29,284500,294000,282500,293500,697450,35.94
2025-12-30,291000,297500,289500,296500,628188,35.97
2026-01-02,299500,302000,293000,298500,955205,35.95
2026-01-05,302500,310000,302000,304500,1292161,36.05
2026-01-06,318000,330000,304000,308000,3346949,35.97
2026-01-07,314000,362000,313000,350500,7764177,36.62
2026-01-08,361000,361000,338000,340500,3053301,36.25
2026-01-09,349000,369000,340000,366000,3104258,36.15
2026-01-12,383000,383500,358500,367000,3027809,35.88
2026-01-13,380500,413500,378000,406000,5463622,35.77
2026-01-14,406500,413500,398000,411500,2861932,35.39
2026-01-15,409500,425000,405000,422000,2864894,35.26
2026-01-16,426500,426500,408000,413000,2589883,35.05
2026-01-19,420000,487000,419500,480000,5990850,35.05
2026-01-20,494000,496500,460500,479000,5235613,34.47
2026-01-21,468000,551000,467500,549000,7830202,34.34
2026-01-22,586000,590000,525000,529000,7176207,33.09
2026-01-23,530000,543000,500000,510000,4774169,32.63
2026-01-26,499000,515000,490000,492500,3680159,32.52
2026-01-27,473000,499000,469000,488500,4492400,32.2
2026-01-28,505000,506000,490500,492500,2514604,32.04
2026-01-29,501000,529000,494000,528000,5431226,31.84
2026-01-30,516000,517000,500000,500000,3032673,31.34
2026-02-02,486000,507000,473000,478000,2652237,31.29
2026-02-03,487000,495000,473000,491500,2275995,31.15
2026-02-04,502000,518000,497500,504000,1706630,31.13
2026-02-05,492500,508000,483500,488500,1653286,31.09
2026-02-06,469500,473000,452000,467500,2023516,30.96
2026-02-09,484000,485000,473000,478000,1518143,30.79
2026-02-10,499000,505000,479000,480500,1738747,30.52
2026-02-11,480500,515000,477000,509000,3270111,30.71
2026-02-12,512000,512000,498000,506000,1733637,30.45
2026-02-13,499500,509500,497500,499000,1147006,30.26
2026-02-19,504000,523000,495500,513000,1907584,30.39
2026-02-20,516000,516000,504000,509000,1251835,30.22
2026-02-23,524000,541000,517000,523000,2094265,30.4
2026-02-24,522000,530000,505000,524000,1490869,30.24
2026-02-25,535000,584000,532000,572000,4149696,30.5
2026-02-26,574000,618000,563000,609000,2894222,30.33
2026-02-27,592000,687000,590000,674000,4354409,30.35
2026-03-03,654000,658000,594000,595000,3763225,30.1
2026-03-04,560000,593000,497500,501000,4855346,30.06
2026-03-05,565000,582000,540000,548000,2663493,29.88
2026-03-06,532000,564000,530000,553000,1582300,29.79
2026-03-09,504000,511000,491000,507000,1913094,29.67
2026-03-10,538000,541000,519000,525000,1270933,29.59
2026-03-11,550000,561000,523000,530000,1415825,29.51
2026-03-12,524000,528000,513000,521000,1146292,29.3
2026-03-13,502000,529500,501000,517000,950437,29.21
2026-03-16,511000,520000,499000,506000,1348089,28.97
2026-03-17,528000,544000,520000,522000,1346937,29.02
2026-03-18,536000,545000,530000,545000,930616,28.96
2026-03-19,521000,530000,521000,522000,770000,28.81
2026-03-20,527000,528000,517000,517000,1049264,28.62
2026-03-23,500000,501000,485000,485000,1603262,28.31
2026-03-24,508000,509000,484000,492000,1082455,28.15
2026-03-25,509000,518000,498500,501000,1102731,28.01
2026-03-26,496000,499500,486000,490000,954455,27.93
2026-03-27,472500,498500,467000,495000,1151726,27.84
2026-03-30,468500,472500,461000,469500,942256,27.74
2026-03-31,459500,464000,445000,445500,1271113,27.72
2026-04-01,472000,492500,466000,488000,974266,27.73
2026-04-02,499000,499500,457000,465500,1331860,27.69
2026-04-03,475500,485000,467000,471000,659219,27.81
2026-04-06,469500,477500,465000,469000,553057,27.79
2026-04-07,477000,481500,465500,473000,704114,27.79
2026-04-08,500000,510000,490000,508000,1291522,27.83
2026-04-09,510000,514000,487000,489500,990889,27.74
2026-04-10,498000,499500,489500,489500,814112,27.57
2026-04-13,476500,486500,474500,478500,637565,27.54
2026-04-14,492500,501500,489000,491500,778907,27.56
2026-04-15,510000,519000,502000,508000,867909,27.63
2026-04-16,530000,544000,527000,534000,1524311,27.71
2026-04-17,547000,548000,531000,538000,724452,27.61
2026-04-20,533000,541000,526000,527000,835506,27.5
2026-04-21,534000,548000,530000,546000,946609,27.62
2026-04-22,540000,542000,531000,541000,747125,27.52
2026-04-23,547000,551000,525000,532000,1089561,27.41
2026-04-24,525000,526000,510000,513000,1228355,27.16
2026-04-27,520000,533000,515000,524000,930365,27.25
2026-04-28,533000,574000,525000,555000,2585417,27.67
2026-04-29,565000,565000,546000,556000,971755,27.52
2026-04-30,556000,560000,531000,531000,1150241,27.26
2026-05-04,545000,547000,532000,539000,854165,27.29
2026-05-06,545000,564000,541000,550000,1690524,27.44
2026-05-07,579000,596000,558000,572000,2082177,27.39
2026-05-08,590000,647000,581000,613000,5020568,27.65
2026-05-11,631000,654000,610000,646000,2569392,27.61
2026-05-12,673000,702500,606000,646000,4856178,27.17
2026-05-13,642000,710000,642000,710000,4051665,27.44
2026-05-14,724000,730000,692000,712000,2399620,27.01
2026-05-15,725000,774500,678000,700000,4332789,26.85
2026-05-18,688000,697000,638000,663000,2218142,26.73
2026-05-19,661000,661000,596000,604000,2679164,26.38
2026-05-20,601000,605000,570000,592000,1954219,26.29
2026-05-21,614000,672000,607000,666000,1932919,26.38
2026-05-22,666000,667000,642000,655000,997831,26.24
2026-05-26,679000,694000,667000,689000,1364781,26.38
2026-05-27,691000,693000,666000,681000,1879670,26.2
2026-05-28,709000,714000,651000,677000,2192520,25.93
2026-05-29,704000,739000,701000,723000,3095790,25.99
2026-06-01,736000,783000,727000,750000,2720257,25.87
2026-06-02,770000,772000,697000,729000,2316547,25.72
2026-06-04,708000,727000,692000,700000,1062671,25.64
2026-06-05,691000,715000,650000,700000,1525982,25.52
2026-06-08,621000,664000,620000,639000,1331906,25.43
2026-06-09,660000,667000,620000,639000,1610713,25.43
2026-06-10,637000,653000,583000,602000,1682688,25.31
2026-06-11,570000,598000,561000,597000,1412678,25.18
2026-06-12,635000,644000,604000,607000,1501032,25.23
2026-06-15,638000,659000,633000,647000,1099804,25.36
2026-06-16,648000,654000,627000,640000,1286352,25.45
2026-06-17,633000,633000,613000,618000,891522,25.31
2026-06-18,619000,620000,600000,601000,928129,25.28
2026-06-19,606000,631000,590000,613000,1831967,25.38
2026-06-22,599000,600000,581000,581000,962320,25.21
2026-06-23,582000,583000,508000,511000,1868817,25.06
2026-06-24,513000,522000,493500,509000,1238769,25.01
2026-06-25,520000,524000,501000,503000,1084499,24.92
2026-06-26,496500,502000,460500,480500,1567612,24.91
2026-06-29,480000,504000,463000,497000,1190842,24.91
2026-06-30,505000,506000,485250,495000,786003,24.81
