date,open,high,low,close,volume,foreign_ownership_ratio
2016-07-01,28540,29579,28540,29320,287872,50.4
2016-07-04,29279,29479,29020,29320,159900,50.38
2016-07-05,29319,29500,29240,29380,157407,50.39
2016-07-06,28940,29040,28240,28420,334983,50.34
2016-07-07,28420,29000,28320,29000,229904,50.39
2016-07-08,29000,29500,28980,29200,269963,50.43
2016-07-11,29199,30000,29199,29780,281136,50.44
2016-07-12,29980,30099,29200,29280,220494,50.44
2016-07-13,29920,29920,29259,29620,200198,50.49
2016-07-14,29620,30000,29520,30000,248605,50.56
2016-07-15,30000,30439,29720,30360,232463,50.61
2016-07-18,30360,30660,30000,30660,231344,50.65
2016-07-19,30560,30799,30440,30660,202445,50.72
2016-07-20,30659,30840,30480,30800,155463,50.75
2016-07-21,30800,30940,30740,30860,170894,50.74
2016-07-22,30120,30560,30120,30320,171703,50.71
2016-07-25,30000,30460,29900,30040,154650,50.7
2016-07-26,30000,30619,29960,30600,144570,50.7
2016-07-27,30240,30580,30240,30540,126701,50.72
2016-07-28,30660,30720,29960,30140,190074,51.2
2016-07-29,30400,31140,30220,30780,299712,51.23
2016-08-01,31380,31600,31200,31360,230308,51.25
2016-08-02,31360,31360,30920,30960,166316,51.23
2016-08-03,30960,30960,30340,30340,150098,51.22
2016-08-04,30380,30660,30340,30340,140199,51.22
2016-08-05,30580,31280,30500,31220,139177,51.22
2016-08-08,31320,31500,31120,31380,222503,51.21
2016-08-09,31480,31580,31140,31340,180464,51.19
2016-08-10,31340,31400,30680,30820,246807,51.16
2016-08-11,30820,31180,30520,31180,210672,51.12
2016-08-12,31180,31400,30880,30900,209497,51.09
2016-08-16,30900,31520,30900,31360,216862,51.07
2016-08-17,31380,31399,31020,31320,148929,51.04
2016-08-18,31340,32880,31320,32800,366541,51.08
2016-08-19,32760,33500,32720,33500,336103,51.07
2016-08-22,33480,33840,33180,33300,252244,51.01
2016-08-23,33300,33880,33140,33740,230914,50.99
2016-08-24,33600,33640,32720,33060,318771,50.93
2016-08-25,32600,33180,32440,32780,283476,50.85
2016-08-26,32120,32460,32060,32240,241160,50.8
2016-08-29,32040,32800,31940,32800,178515,50.8
2016-08-30,32940,33420,32660,32900,156992,50.79
2016-08-31,32820,32820,32220,32400,410644,50.75
2016-09-01,31660,31760,31260,31740,375803,50.7
2016-09-02,31900,32260,31760,31940,163060,50.72
2016-09-05,31800,32300,31700,32120,167676,50.74
2016-09-06,32140,32900,31940,32860,153203,50.76
2016-09-07,32960,33040,32420,32420,191837,50.75
2016-09-08,32460,32780,32280,32780,241417,50.76
2016-09-09,32220,32360,31280,31500,265168,50.73
2016-09-12,29800,30119,29119,29300,529987,50.71
2016-09-13,30159,30980,29900,30540,494345,50.79
2016-09-19,30760,31380,30720,31160,448163,50.8
2016-09-20,31180,31759,31180,31700,258423,50.83
2016-09-21,31900,32019,31520,31840,210181,50.82
2016-09-22,32000,32820,31980,32360,228599,50.81
2016-09-23,31640,31960,31320,31420,365993,50.76
2016-09-26,31420,31920,31280,31360,290496,50.74
2016-09-27,31000,31500,30660,31380,196688,50.72
2016-09-28,31080,31460,31080,31340,174128,50.72
2016-09-29,31459,32380,31440,32000,227951,50.72
2016-09-30,31800,32300,31700,31960,235254,50.71
2016-10-04,32200,32480,32120,32280,261062,50.71
2016-10-05,32020,32520,31940,32380,249409,50.74
2016-10-06,33920,34000,33340,33820,591163,50.71
2016-10-07,34000,34320,33800,34120,521011,51.1
2016-10-10,33000,33780,32560,33600,505866,51.08
2016-10-11,31999,32500,30900,30900,768543,50.93
2016-10-12,29900,30900,29880,30700,781771,50.73
2016-10-13,31000,31620,30900,31140,437291,50.78
2016-10-14,30960,31760,30940,31540,283179,50.8
2016-10-17,31299,32040,30760,31800,255704,50.83
2016-10-18,31439,31900,31439,31780,207690,50.83
2016-10-19,31580,32860,31500,32500,308891,50.89
2016-10-20,32520,33020,32179,32400,206609,50.9
2016-10-21,32120,32260,31760,31780,209550,50.88
2016-10-24,31860,32159,31800,32160,185799,50.88
2016-10-25,31999,32080,31840,31940,197322,50.88
2016-10-26,31939,31980,31240,31340,210680,50.86
2016-10-27,31420,32340,31120,31460,282340,50.84
2016-10-28,31600,32280,31600,32280,204284,50.88
2016-10-31,32320,32780,32220,32780,241344,50.89
2016-11-01,32600,33040,32240,33040,206948,50.91
2016-11-02,32800,33040,32620,32860,201985,50.9
2016-11-03,32600,32800,32120,32320,206837,50.86
2016-11-04,32100,32680,32100,32540,142077,50.85
2016-11-07,32940,33000,32680,32800,153238,50.85
2016-11-08,32980,32980,32700,32880,108349,50.86
2016-11-09,32920,33140,31820,31920,313672,50.81
2016-11-10,32600,33000,32360,32980,235907,50.81
2016-11-11,31700,32360,31700,31960,256736,50.73
2016-11-14,31899,31919,31040,31060,302666,50.64
2016-11-15,31060,31620,30780,30780,273314,50.6
2016-11-16,30800,31280,30800,31160,266164,50.6
2016-11-17,31100,31520,30900,31360,157411,50.62
2016-11-18,31639,31760,31400,31720,189215,50.64
2016-11-21,31300,32119,31300,31860,163604,50.65
2016-11-22,32140,32900,32000,32800,195022,50.68
2016-11-23,33220,33220,32520,32980,253372,50.71
2016-11-24,32980,33040,32660,33000,155143,50.69
2016-11-25,32820,33040,32660,33000,125538,50.69
2016-11-28,33000,33620,32800,33540,265881,50.72
2016-11-29,33800,33960,33380,33540,361626,50.81
2016-11-30,33540,34940,33540,34920,570704,50.89
2016-12-01,34800,35060,34660,34980,310707,50.91
2016-12-02,34480,34760,34140,34540,307059,50.89
2016-12-05,34340,34680,34220,34360,169692,50.89
2016-12-06,34440,35200,34400,34960,280036,50.85
2016-12-07,35040,35480,35040,35440,192073,50.88
2016-12-08,35980,36020,35520,35800,329251,50.82
2016-12-09,35900,35900,35400,35600,213049,50.81
2016-12-12,34660,35360,34660,35040,228289,50.81
2016-12-13,34620,35440,34620,35320,233689,50.81
2016-12-14,35560,35680,35280,35540,149102,50.83
2016-12-15,34820,35500,34820,35180,115471,50.79
2016-12-16,35300,36020,35200,35860,234954,50.76
2016-12-19,35620,36380,35620,35900,108716,50.75
2016-12-20,35920,36400,35840,36240,152304,50.75
2016-12-21,36360,36600,36020,36100,131042,50.75
2016-12-22,36260,36300,35980,36180,127092,50.74
2016-12-23,36020,36080,35600,35640,166697,50.71
2016-12-26,35600,36000,35560,35960,96472,50.73
2016-12-27,35980,36200,35860,35980,93069,50.72
2016-12-28,35840,35980,35600,35760,133258,50.76
2016-12-29,35420,36040,35400,36040,150329,50.76
2017-01-02,35980,36240,35880,36100,93012,50.77
2017-01-03,36280,36620,36020,36480,147153,50.79
2017-01-04,36500,36520,36100,36160,159435,50.82
2017-01-05,36060,36060,35540,35560,219349,50.78
2017-01-06,36180,36440,36040,36200,177619,50.81
2017-01-09,36600,37500,36560,37220,263898,50.87
2017-01-10,37280,37400,37080,37240,181996,50.87
2017-01-11,37520,38560,37420,38280,240363,50.89
2017-01-12,38000,38800,37980,38800,233383,50.87
2017-01-13,38100,38319,37460,37460,319089,50.8
2017-01-16,36860,37820,36320,36660,332230,50.73
2017-01-17,36580,37460,36580,36960,163014,50.72
2017-01-18,37040,37500,36620,36940,177508,50.72
2017-01-19,37720,37920,37020,37480,188378,50.73
2017-01-20,37120,37420,36880,37200,183700,50.71
2017-01-23,37200,38060,37000,38060,176208,50.69
2017-01-24,38120,38580,37880,38160,220975,50.69
2017-01-25,38340,39400,38320,39400,268677,50.69
2017-01-26,39420,40000,39420,39900,304290,50.71
2017-01-31,39900,39900,39460,39460,359844,50.69
2017-02-01,39540,39660,39039,39120,283008,50.67
2017-02-02,39600,39660,39200,39360,300586,50.72
2017-02-03,39400,39500,39180,39460,207727,50.7
2017-02-06,39580,39660,39140,39560,177214,50.69
2017-02-07,39560,39580,38760,38820,280836,50.65
2017-02-08,38740,38779,38200,38400,341859,50.61
2017-02-09,38779,38840,38219,38400,273883,50.62
2017-02-10,38400,38760,38300,38360,220415,50.59
2017-02-13,37740,38060,37720,37960,222041,50.57
2017-02-14,37960,38260,37320,37580,262483,50.53
2017-02-15,37080,37960,37080,37720,283831,50.52
2017-02-16,37800,38360,37780,38020,204527,50.54
2017-02-17,37560,38040,37280,37860,307549,50.53
2017-02-20,38220,38780,38160,38660,149716,50.55
2017-02-21,38540,39560,38420,38940,211252,50.54
2017-02-22,39000,39340,38980,39300,170789,50.55
2017-02-23,39020,39440,39020,39180,204346,50.54
2017-02-24,38960,39100,38060,38220,185937,50.51
2017-02-27,38020,38140,37700,38060,180674,50.48
2017-02-28,38059,38760,37960,38440,301774,50.47
2017-03-02,38420,39860,38420,39720,424996,50.59
2017-03-03,39340,39720,39160,39620,254174,50.59
2017-03-06,39220,40220,39220,40080,244697,50.64
2017-03-07,39800,40320,39800,40200,211065,50.63
2017-03-08,40200,40620,40140,40200,242819,50.66
2017-03-09,40200,40300,40020,40200,287445,50.69
2017-03-10,39960,40420,39860,40180,204556,50.7
2017-03-13,40039,40980,40039,40600,148482,50.7
2017-03-14,40620,41540,40500,41360,226501,50.72
2017-03-15,40800,41440,40800,41400,191757,50.69
2017-03-16,41800,42180,41540,41840,198663,50.67
2017-03-17,41800,42500,41720,42400,252046,50.65
2017-03-20,42000,42120,41740,41900,205001,50.64
2017-03-21,41780,42680,41760,42560,284403,50.63
2017-03-22,41600,42460,41580,42460,328545,50.58
2017-03-23,42200,42360,41700,41800,307942,50.56
2017-03-24,41600,41980,41080,41500,256163,50.52
2017-03-27,41200,41880,41180,41200,243553,50.53
2017-03-28,41560,41840,41380,41480,164325,50.46
2017-03-29,41740,41960,41580,41780,201865,50.44
2017-03-30,41880,42440,41880,41980,164080,50.38
2017-03-31,41820,42020,41200,41200,210006,50.33
2017-04-03,41400,41720,41300,41440,191588,50.3
2017-04-04,41600,42180,41520,42080,245110,50.33
2017-04-05,41900,42240,41700,42140,213994,50.33
2017-04-06,42000,42080,41600,41840,193668,50.32
2017-04-07,41800,41820,41160,41600,200420,50.31
2017-04-10,41940,41940,41500,41940,142827,50.3
2017-04-11,41940,41940,41580,41600,143458,50.29
2017-04-12,41860,41940,41700,41900,165498,50.31
2017-04-13,41660,42460,41660,42420,180816,50.3
2017-04-14,42160,42260,41760,42020,109257,50.29
2017-04-17,42000,42080,41520,41560,104495,50.26
2017-04-18,41680,41820,41280,41500,137213,50.26
2017-04-19,41299,41420,40900,40900,235258,50.24
2017-04-20,40580,40800,40080,40280,422977,50.53
2017-04-21,40480,41400,40480,40760,302610,50.53
2017-04-24,41260,41260,40920,41240,179803,50.54
2017-04-25,41460,42740,41320,42700,385992,50.64
2017-04-26,42700,42800,42520,42800,295896,50.62
2017-04-27,42700,44520,41960,43840,460645,50.65
2017-04-28,45780,45800,44520,44620,453714,50.67
2017-05-02,45500,45500,44760,44900,281366,50.66
2017-05-04,45700,45700,44860,45520,273802,50.68
2017-05-08,45520,47020,45340,47020,391651,50.7
2017-05-10,46160,47220,45600,45600,468219,50.62
2017-05-11,45420,46180,45220,45500,425557,50.55
2017-05-12,45760,46160,45660,45820,188458,50.55
2017-05-15,45620,46280,45620,46100,160028,50.55
2017-05-16,46660,46800,46100,46380,176075,50.54
2017-05-17,46120,46640,46100,46340,148489,50.54
2017-05-18,45740,46000,45540,45940,223207,50.55
2017-05-19,45640,45780,44720,44720,315247,50.49
2017-05-22,45040,45380,44760,45100,352871,54.01
2017-05-23,45400,45580,44900,44920,252141,53.98
2017-05-24,44860,45300,44800,44880,173508,53.97
2017-05-25,45160,45680,44800,45680,260896,53.99
2017-05-26,45600,46460,45540,46080,272273,53.99
2017-05-29,46220,46400,45380,45620,174791,53.98
2017-05-30,45520,45660,44480,44640,248672,53.97
2017-05-31,44580,45020,44400,44700,373382,53.91
2017-06-01,44860,44900,44400,44680,195070,53.9
2017-06-02,45060,45960,45000,45960,249775,53.98
2017-06-05,46040,46360,45720,45940,151988,54.01
2017-06-07,46500,46500,45240,45300,274588,54.0
2017-06-08,45000,45580,45000,45160,279575,53.99
2017-06-09,45680,46440,45600,46100,234657,54.02
2017-06-12,45420,45600,45140,45380,219086,54.01
2017-06-13,45140,45620,45140,45400,172498,53.97
2017-06-14,45800,46060,45240,45360,203334,53.97
2017-06-15,45680,45920,45180,45680,193140,54.01
2017-06-16,45500,45940,45460,45580,348069,53.97
2017-06-19,45580,46560,45560,46560,226078,54.01
2017-06-20,47240,48140,47220,48140,300900,54.11
2017-06-21,47740,48120,47480,47480,199473,54.1
2017-06-22,47960,48080,47720,47960,229116,54.09
2017-06-23,47600,47780,47420,47620,190302,54.04
2017-06-26,47520,48360,47520,48280,171056,54.04
2017-06-27,48220,48400,47900,48300,192335,54.01
2017-06-28,47600,48000,47560,47700,191450,53.98
2017-06-29,48040,48320,47940,47940,166131,53.95
2017-06-30,47500,47620,47100,47540,237551,53.94
2017-07-03,47500,47780,47120,47220,136111,53.93
2017-07-04,47160,47400,46900,47000,159220,53.89
2017-07-05,46820,47680,46780,47580,212805,53.88
2017-07-06,48000,48100,47720,48060,218461,53.92
2017-07-07,47740,48120,47620,47860,162638,53.89
2017-07-10,48500,48900,48320,48660,215855,53.9
2017-07-11,48640,49000,48280,49000,194356,53.9
2017-07-12,49000,50000,48840,49880,189723,53.93
2017-07-13,50080,50940,50040,50560,320683,53.93
2017-07-14,51000,51080,50420,50480,164780,53.91
2017-07-17,50900,51020,50520,50640,179522,53.9
2017-07-18,50420,50880,50360,50840,141689,53.89
2017-07-19,50620,50820,50000,50740,223150,53.87
2017-07-20,50760,51320,50560,51200,167352,53.87
2017-07-21,50860,51160,50520,51080,168981,53.85
2017-07-24,50700,51000,50620,50860,141995,53.82
2017-07-25,50500,50760,49940,50000,216212,53.78
2017-07-26,49600,50020,49300,49840,224496,53.74
2017-07-27,50000,50640,49560,49800,228990,53.69
2017-07-28,49800,49800,47380,47760,523366,53.59
2017-07-31,47420,48240,46920,48200,254028,53.55
2017-08-01,48000,48840,47540,48600,227390,53.92
2017-08-02,49200,49340,48600,49000,155549,53.93
2017-08-03,49000,49000,47120,47780,310816,53.92
2017-08-04,48160,48180,47500,47700,167184,53.91
2017-08-07,47500,48080,47440,47580,144365,53.92
2017-08-08,47980,48260,47480,47720,159592,53.91
2017-08-09,47400,47400,46240,46280,291108,53.84
2017-08-10,46200,46320,45460,45900,459723,53.76
2017-08-11,45120,45300,44220,44620,508146,53.64
2017-08-14,45120,45400,44720,45000,383712,53.54
2017-08-16,46220,46380,46000,46200,438273,53.5
2017-08-17,46960,47300,46740,47040,248317,53.52
2017-08-18,46760,47240,46240,46900,209559,53.51
2017-08-21,47240,47240,46580,46840,102069,53.46
2017-08-22,46820,47160,46700,47000,147635,53.44
2017-08-23,47780,47780,47180,47480,187694,53.47
2017-08-24,47520,47660,47340,47520,173149,53.45
2017-08-25,47880,47880,46720,47020,224871,53.43
2017-08-28,47020,47240,45960,46100,199242,53.41
2017-08-29,45640,46080,45160,46080,252473,53.39
2017-08-30,46380,46400,45960,46200,150260,53.38
2017-08-31,46220,46640,46000,46320,220234,53.37
2017-09-01,46460,46640,46300,46480,212834,53.38
2017-09-04,45780,46360,45500,46040,158870,53.37
2017-09-05,46240,46900,45960,46760,234322,53.35
2017-09-06,46760,47180,46700,47000,216221,53.32
2017-09-07,47000,48220,47000,48120,193530,53.31
2017-09-08,48700,49180,48580,49080,217860,53.31
2017-09-11,49700,50180,49500,49800,207495,53.28
2017-09-12,50200,50220,49140,49600,240595,53.25
2017-09-13,49820,50400,49440,49620,187140,53.25
2017-09-14,50060,50320,49760,50300,284095,53.27
2017-09-15,50300,50560,49860,50400,215146,53.27
2017-09-18,50540,52480,50520,52480,230499,53.32
2017-09-19,52500,52640,51780,52120,197008,53.31
2017-09-20,52120,52500,51840,52220,185855,53.3
2017-09-21,52219,52960,52219,52800,176796,53.32
2017-09-22,52960,53600,52459,53000,278448,53.34
2017-09-25,52999,53679,52999,53620,186062,53.35
2017-09-26,53020,53120,51560,51660,341144,53.24
2017-09-27,52000,52200,51500,51680,215940,53.23
2017-09-28,52260,52460,51260,51260,240509,53.23
2017-09-29,51180,51620,50840,51280,258188,53.13
2017-10-10,53360,53640,52799,52800,410396,53.22
2017-10-11,53600,54760,53340,54640,273043,53.36
2017-10-12,54840,55160,54099,54800,277814,53.36
2017-10-13,54540,54840,53780,54000,252033,53.36
2017-10-16,53980,54860,53760,53920,195399,53.36
2017-10-17,54019,55380,54000,54800,212156,53.39
2017-10-18,54820,55240,54039,54760,202215,53.39
2017-10-19,54699,54699,52980,52980,242174,53.38
2017-10-20,52800,54100,52800,53840,160541,53.41
2017-10-23,54600,54640,54000,54300,166221,53.44
2017-10-24,54699,54780,54040,54040,116121,53.43
2017-10-25,54040,54420,53699,53900,117657,53.44
2017-10-26,53720,53900,52400,52400,195531,53.44
2017-10-27,52400,53320,52140,53080,147850,53.42
2017-10-30,53780,54320,53699,54040,163923,53.44
2017-10-31,54060,55440,53500,55080,267631,53.48
2017-11-01,57500,57500,56179,57220,290205,53.5
2017-11-02,57500,57519,56760,57060,214421,53.77
2017-11-03,57059,57140,55860,56380,198716,53.71
2017-11-06,56380,56500,55340,56380,180019,53.72
2017-11-07,56380,56920,55860,56100,149291,53.71
2017-11-08,56100,57060,55860,56760,170404,53.71
2017-11-09,56920,56920,55899,56340,239881,53.69
2017-11-10,55800,56540,55780,56400,134976,53.67
2017-11-13,56400,56799,56100,56380,176133,53.68
2017-11-14,56380,56740,55920,55920,134500,53.64
2017-11-15,55920,56319,55320,55340,176339,53.61
2017-11-16,55440,56000,55400,55780,152814,53.62
2017-11-17,56399,56880,55820,55820,214663,53.66
2017-11-20,55900,55980,55200,55200,189455,53.65
2017-11-21,55400,55839,55280,55280,206494,53.63
2017-11-22,55980,56200,55620,55960,159059,53.6
2017-11-23,55960,55979,55020,55300,125458,53.57
2017-11-24,55300,55500,55180,55460,90724,53.54
2017-11-27,55360,55360,52640,52640,362578,53.45
2017-11-28,52699,53280,51720,53280,269988,53.43
2017-11-29,53200,53240,52500,52600,191805,53.37
2017-11-30,50800,51860,50200,50800,592683,53.25
2017-12-01,50800,51780,50800,50840,257372,53.21
2017-12-04,50840,51340,50020,51340,297301,53.19
2017-12-05,50600,51300,50280,51260,186531,53.17
2017-12-06,51260,51560,50020,50020,217784,53.11
2017-12-07,50040,50980,50020,50740,221312,53.05
2017-12-08,51360,52000,51040,52000,225809,53.07
2017-12-11,52000,52040,51500,51780,162517,53.01
2017-12-12,51820,52100,51660,52100,175301,53.02
2017-12-13,52100,52100,51100,51320,226674,52.95
2017-12-14,51320,52280,51060,51060,406208,52.99
2017-12-15,51240,51480,50520,50620,298571,52.95
2017-12-18,50620,51240,50620,51200,147005,52.91
2017-12-19,51540,52080,51520,51560,239572,52.9
2017-12-20,51500,51760,50820,50880,201611,52.84
2017-12-21,51000,51060,49100,49140,312486,52.78
2017-12-22,49400,49960,49240,49700,223993,52.79
2017-12-26,49760,50100,48200,48200,320797,52.75
2017-12-27,48960,49560,48460,49360,214872,52.74
2017-12-28,49560,50960,49500,50960,179709,52.74
2018-01-02,51380,51400,50780,51020,169485,52.75
2018-01-03,52540,52560,51420,51620,200270,52.81
2018-01-04,52120,52180,50640,51080,233909,52.82
2018-01-05,51300,52120,51200,52120,189623,52.83
2018-01-08,52400,52520,51500,52020,167673,52.84
2018-01-09,51460,51720,49980,50400,360272,52.77
2018-01-10,50500,50520,48640,48840,371336,52.69
2018-01-11,48200,49260,48020,48240,502476,52.65
2018-01-12,48240,48480,46760,48200,545409,52.51
2018-01-15,48800,48980,47920,48540,201920,52.52
2018-01-16,48760,50140,48620,50000,407793,52.55
2018-01-17,50020,50020,49060,49620,221061,52.57
2018-01-18,50020,50640,49820,49900,296977,52.58
2018-01-19,50380,50380,49040,49320,184399,52.56
2018-01-22,48640,48680,47960,48240,250418,52.51
2018-01-23,48660,49160,48300,49160,270654,52.51
2018-01-24,48860,49700,48560,49340,191010,52.48
2018-01-25,49220,50360,49160,50260,223207,52.49
2018-01-26,50500,50780,49840,50780,207002,52.5
2018-01-29,51200,51480,50900,51220,236776,52.5
2018-01-30,50440,50640,49780,49800,245691,52.45
2018-01-31,50020,54140,49600,49900,1293626,52.26
2018-02-01,50620,50960,49720,49820,552189,52.19
2018-02-02,49380,49400,47700,47700,585207,52.06
2018-02-05,46500,48320,46000,47920,567158,51.95
2018-02-06,46600,47920,46580,47420,388129,51.91
2018-02-07,48240,48260,45800,45800,468961,52.16
2018-02-08,46120,46620,45980,46000,465021,52.19
2018-02-09,44440,45180,44420,44700,349300,52.15
2018-02-12,45100,46320,45040,45720,315099,52.18
2018-02-13,46200,48060,46200,47540,378465,52.23
2018-02-14,48080,49100,47940,49000,378118,52.27
2018-02-19,49800,49800,47860,48380,307069,52.25
2018-02-20,48040,48160,47220,47400,202452,52.23
2018-02-21,47280,47580,46840,47280,257604,52.22
2018-02-22,47260,47260,46760,46760,177399,52.22
2018-02-23,46760,47800,46760,47220,248466,52.2
2018-02-26,47280,47560,47080,47380,191213,52.18
2018-02-27,48360,48380,47380,47380,196611,52.17
2018-02-28,47380,48100,47000,47060,303247,52.18
2018-03-02,46580,46800,46000,46020,265310,52.12
2018-03-05,45820,46160,45080,45200,282019,52.09
2018-03-06,45920,47100,45820,47020,308467,52.11
2018-03-07,48200,48900,47220,48620,428541,52.2
2018-03-08,49200,49480,48080,49200,389273,52.23
2018-03-09,49440,50540,49240,49740,286088,52.25
2018-03-12,50560,50780,49580,49740,173779,52.26
2018-03-13,50760,51660,50360,51660,401974,52.37
2018-03-14,51020,52000,51000,51760,254265,52.38
2018-03-15,52000,52020,51020,51540,177649,52.39
2018-03-16,51220,51420,50240,51140,243698,52.41
2018-03-19,50620,51340,50440,50740,164377,52.4
2018-03-20,50700,51200,50100,51200,163865,52.39
2018-03-21,51780,51780,51060,51060,178104,52.38
2018-03-22,51060,51780,51040,51780,169082,52.39
2018-03-23,50340,50720,49600,49720,297099,52.36
2018-03-26,49420,50280,49040,50280,201155,52.35
2018-03-27,50320,50460,49080,49980,237480,52.34
2018-03-28,49100,49100,48340,48700,303189,52.31
2018-03-29,48700,49560,48320,49040,201340,52.28
2018-03-30,49080,49900,49080,49220,155542,52.25
2018-04-02,49000,49220,48500,48540,142313,52.23
2018-04-03,47880,48140,47280,48120,255365,52.22
2018-04-04,48160,48260,46920,46920,247684,52.18
2018-04-05,47400,49380,47340,48740,264912,52.17
2018-04-06,48000,48580,47400,48400,250654,52.16
2018-04-09,48260,49440,48200,49200,199008,52.15
2018-04-10,48540,49220,48040,48880,219687,52.13
2018-04-11,49900,49900,48600,48860,201022,52.14
2018-04-12,49440,49440,48880,49000,249325,52.17
2018-04-13,49600,50180,49400,49800,205566,52.2
2018-04-16,50320,50600,49860,50340,157549,52.22
2018-04-17,50240,50540,49820,49980,155440,52.2
2018-04-18,51000,51360,50580,51360,269252,52.25
2018-04-19,52000,52980,51540,52780,343811,52.32
2018-04-20,51800,52260,51420,51620,235220,52.27
2018-04-23,51000,52080,51000,51900,232380,52.24
2018-04-24,51840,51860,50080,50460,315406,52.17
2018-04-25,49220,50500,49220,50400,332292,52.07
2018-04-26,50420,52160,50400,52140,360931,52.1
2018-04-27,53380,53639,52440,53000,606216,52.06
2018-04-30,0,0,0,53000,0,52.06
2018-05-02,0,0,0,53000,0,52.06
2018-05-03,0,0,0,53000,0,0.0
2018-05-04,53000,53900,51800,51900,39565391,52.79
2018-05-08,52600,53200,51900,52600,23104720,52.81
2018-05-09,52600,52800,50900,50900,16128305,52.78
2018-05-10,51700,51700,50600,51600,13905263,52.77
2018-05-11,52000,52200,51200,51300,10314997,52.77
2018-05-14,51000,51100,49900,50100,14909272,52.74
2018-05-15,50200,50400,49100,49200,18709146,52.72
2018-05-16,49200,50200,49150,49850,15918683,52.74
2018-05-17,50300,50500,49400,49400,10365440,52.7
2018-05-18,49900,49900,49350,49500,6706570,52.69
2018-05-21,49650,50200,49100,50000,9020998,52.69
2018-05-23,50600,52000,50400,51800,17095490,52.7
2018-05-24,52000,52000,51100,51400,8289275,52.69
2018-05-25,51000,52800,50800,52700,15207266,52.76
2018-05-28,52500,53000,52000,52300,9787820,52.76
2018-05-29,52200,52500,51300,51300,8480437,52.75
2018-05-30,51300,51500,49100,49500,20498098,52.68
2018-05-31,50400,50800,49850,50700,63491109,53.03
2018-06-01,50500,51700,49950,51300,13038499,53.05
2018-06-04,50800,51200,50700,51100,9767171,53.07
2018-06-05,51100,51400,50400,51300,9144100,53.09
2018-06-07,51800,51800,50500,50600,13590016,53.07
2018-06-08,50200,50400,49600,49650,16951706,53.04
2018-06-11,49750,50300,49350,49900,10571312,53.01
2018-06-12,49700,49800,49250,49400,12110569,52.99
2018-06-14,49000,49000,48200,48200,20971729,52.89
2018-06-15,48500,48700,47650,47650,17080892,52.8
2018-06-18,47600,47650,46200,46600,16661870,52.75
2018-06-19,47200,47350,46500,47000,15217971,52.73
2018-06-20,47450,47600,46850,47000,12959316,52.7
2018-06-21,47900,47900,47050,47050,10015541,52.7
2018-06-22,47000,47250,46200,47250,10298006,52.69
2018-06-25,47050,47050,46150,46650,10587711,52.66
2018-06-26,45900,47300,45900,47000,11223166,52.65
2018-06-27,47450,48500,47000,47950,15274752,52.69
2018-06-28,46850,47150,46600,46800,12784800,52.62
2018-06-29,46250,47150,46200,46650,14099635,52.62
2018-07-02,46500,47150,45500,45550,13112253,52.58
2018-07-03,45750,46450,45750,46150,10959655,52.6
2018-07-04,46700,47050,46050,46250,8776763,52.61
2018-07-05,46100,46550,45600,45950,7039773,52.58
2018-07-06,45500,45850,44650,44900,17843706,52.5
2018-07-09,45500,46100,45200,45600,11602464,52.48
2018-07-10,46200,46550,46100,46300,10528665,52.5
2018-07-11,46400,46450,45400,46000,11224077,52.5
2018-07-12,45900,46250,45450,45500,11828104,52.49
2018-07-13,45800,46500,45750,46500,11543389,52.49
2018-07-16,46800,46800,46000,46050,7678719,52.48
2018-07-17,46150,46200,45600,45850,8892953,52.46
2018-07-18,46700,47200,46450,46550,10952645,52.48
2018-07-19,47050,47200,46600,46900,9880128,52.49
2018-07-20,47000,47600,46700,47450,10474547,52.51
2018-07-23,47100,47200,46150,46500,10823782,52.5
2018-07-24,46350,46600,45950,46150,8261363,52.48
2018-07-25,46250,46550,45900,46150,7222471,52.46
2018-07-26,46100,47000,46000,46900,7374946,52.48
2018-07-27,46450,47000,46450,46900,4762460,52.48
2018-07-30,46550,46800,46350,46500,5723035,52.49
2018-07-31,46200,46450,46000,46250,8033607,52.47
2018-08-01,46050,46850,46050,46550,7484499,52.48
2018-08-02,46550,46800,45500,45550,8560924,52.48
2018-08-03,45850,45900,45450,45750,8274944,52.48
2018-08-06,46150,46150,45750,45800,6771979,52.5
2018-08-07,46300,46750,45900,46700,9058174,52.53
2018-08-08,47000,47000,46550,46800,6429338,52.55
2018-08-09,47000,47050,46450,46900,12010886,52.52
2018-08-10,46150,46400,44850,45400,16670643,52.49
2018-08-13,44950,45100,44650,45050,9803831,52.49
2018-08-14,44850,45400,44850,45150,6409259,52.49
2018-08-16,43800,44650,43700,44250,10088229,52.46
2018-08-17,44050,44400,44050,44100,6808747,52.47
2018-08-20,43500,44200,43500,43850,7289124,52.44
2018-08-21,43700,44900,43700,44800,9520270,52.43
2018-08-22,45150,46200,44900,46100,11641656,52.49
2018-08-23,46150,46200,45700,46200,6730918,52.51
2018-08-24,45900,46400,45550,46150,6582535,52.52
2018-08-27,46100,46550,46000,46300,5263782,52.53
2018-08-28,46800,46950,46300,46550,7365976,52.54
2018-08-29,46750,46800,46400,46800,5572374,52.56
2018-08-30,46950,47950,46700,47650,12193231,52.64
2018-08-31,47100,48450,47000,48450,13577454,52.69
2018-09-03,48200,48300,47300,47450,8595084,52.66
2018-09-04,47550,47800,47200,47650,6791255,52.67
2018-09-05,47300,47450,46400,46600,9139998,52.66
2018-09-06,46200,46400,45800,46100,9040553,52.65
2018-09-07,44500,45200,44400,44900,18285508,52.54
2018-09-10,45450,45550,45000,45500,9979838,52.57
2018-09-11,45550,45900,45050,45050,9865790,52.56
2018-09-12,44900,45100,44500,44550,12995269,52.5
2018-09-13,44550,44750,44000,44050,18277942,52.37
2018-09-14,45000,45850,44900,45850,12446344,52.41
2018-09-17,45550,45800,44900,45150,8123384,52.42
2018-09-18,44950,45900,44700,45500,9987090,52.44
2018-09-19,46000,46200,45700,46150,9367454,52.47
2018-09-20,46850,47600,46400,47250,13536966,52.54
2018-09-21,46550,47550,46550,47400,14476906,52.55
2018-09-27,46950,47500,46450,47500,15804586,52.6
2018-09-28,47250,47250,46300,46450,11270515,52.57
2018-10-01,46450,46800,45800,46350,6354983,52.58
2018-10-02,46450,46700,45700,45700,6607188,52.58
2018-10-04,45150,45600,44700,44700,11865327,52.51
2018-10-05,44800,45500,44550,44700,10544165,52.47
2018-10-08,44200,45200,44200,44950,6759464,52.46
2018-10-10,45250,45500,44500,45300,10341349,52.47
2018-10-11,44000,44650,43100,43100,19324537,52.38
2018-10-12,43200,44650,43200,44000,12640906,52.4
2018-10-15,44050,44050,43350,43800,7434522,52.43
2018-10-16,43700,44150,43350,43600,6825677,52.44
2018-10-17,44150,44500,44000,44150,8306193,52.45
2018-10-18,43950,44450,43700,44050,8347725,52.48
2018-10-19,43900,44150,43450,43900,7842520,52.46
2018-10-22,43450,43950,43200,43550,8357648,52.45
2018-10-23,43300,43450,42550,43050,9531231,52.43
2018-10-24,43050,43100,42250,42550,13522825,52.38
2018-10-25,40600,41550,40550,41000,19338170,52.28
2018-10-26,41100,41300,40400,41000,14413864,52.25
2018-10-29,40850,41950,40550,41400,14460521,52.22
2018-10-30,41400,43000,41000,42350,14205190,52.2
2018-10-31,42900,43350,41700,42400,17621480,52.21
2018-11-01,42450,42950,42150,42150,13423132,52.24
2018-11-02,43050,44250,42800,44150,16517112,52.29
2018-11-05,43750,43800,42900,43800,9426777,52.32
2018-11-06,43750,43800,42950,43750,7713625,52.32
2018-11-07,43600,44500,43400,44000,11553998,52.33
2018-11-08,44900,45050,44050,44050,12617397,52.35
2018-11-09,44450,44850,43900,44300,7318500,52.37
2018-11-12,43850,45250,43700,45200,8552566,52.4
2018-11-13,43900,44500,43400,44500,9311126,52.35
2018-11-14,44500,44500,43800,44100,6783344,52.33
2018-11-15,44050,44350,43500,44250,5864067,52.32
2018-11-16,44600,44750,43700,44000,7777124,52.32
2018-11-19,44050,44250,43450,43650,7538720,52.3
2018-11-20,42450,43000,42100,42800,9420664,52.26
2018-11-21,41800,42300,41800,42100,10769589,52.21
2018-11-22,42000,42650,42000,42450,5970796,52.19
2018-11-23,42450,42600,41900,42400,5192638,52.18
2018-11-26,42150,42800,42100,42600,6613009,52.14
2018-11-27,42900,43100,42500,43050,8367091,52.15
2018-11-28,42800,43200,42750,43150,6943099,52.14
2018-11-29,43850,43850,42900,43150,8473511,52.14
2018-11-30,43450,44000,41750,41850,19775519,52.11
2018-12-03,42750,43400,42400,43250,12110702,52.17
2018-12-04,42650,42900,41900,42150,14347746,52.12
2018-12-05,40900,41750,40850,41450,12631983,52.04
2018-12-06,40600,41100,40450,40500,14251826,51.94
2018-12-07,40900,41400,40850,40950,11433083,51.93
2018-12-10,40450,40650,40000,40200,14892263,51.85
2018-12-11,40600,40700,40200,40250,10638766,55.76
2018-12-12,40250,40700,40150,40450,12024279,55.72
2018-12-13,40650,40750,40000,40000,26254646,55.73
2018-12-14,40200,40200,38700,38950,19671783,55.71
2018-12-17,38650,39600,38650,39150,11532968,55.7
2018-12-18,38300,39200,38300,38900,11042101,55.66
2018-12-19,38900,39350,38850,39100,9942037,55.63
2018-12-20,38600,39100,38500,38650,11937617,55.63
2018-12-21,38200,38650,38100,38650,14947080,55.56
2018-12-24,38500,39050,38300,38800,9729530,55.57
2018-12-26,38400,38750,38300,38350,12707675,55.51
2018-12-27,38700,38800,38100,38250,10510643,55.54
2018-12-28,38250,38900,38200,38700,9900267,55.58
2019-01-02,39400,39400,38550,38750,7847664,55.61
2019-01-03,38300,38550,37450,37600,12471493,55.64
2019-01-04,37450,37600,36850,37450,14108958,55.66
2019-01-07,38000,38900,37800,38750,12748997,55.69
2019-01-08,38000,39200,37950,38100,12756554,55.66
2019-01-09,38650,39600,38300,39600,17452708,55.71
2019-01-10,40000,40150,39600,39800,14731699,55.77
2019-01-11,40350,40550,39950,40500,11661063,55.82
2019-01-14,40450,40700,39850,40050,11984996,55.85
2019-01-15,40050,41100,39850,41100,11492756,55.88
2019-01-16,41150,41450,40700,41450,8491595,55.9
2019-01-17,41700,42100,41450,41950,11736903,55.96
2019-01-18,42000,42400,41950,42300,11029256,55.98
2019-01-21,42700,42750,41900,42750,11355701,56.01
2019-01-22,42750,42850,41850,42150,9964356,56.02
2019-01-23,41350,42250,41350,42000,11071079,55.98
2019-01-24,43050,43100,42350,43050,14747623,56.08
2019-01-25,44300,44750,43750,44750,22789395,56.23
2019-01-28,45000,45500,44600,45050,17998914,56.36
2019-01-29,45050,45500,44350,45500,16215017,56.42
2019-01-30,44800,46400,44800,46400,17505980,56.49
2019-01-31,46650,47050,46150,46150,21621145,56.62
2019-02-01,46650,46950,46250,46350,13832454,56.67
2019-02-07,46800,47100,46200,46200,15872001,56.69
2019-02-08,45700,45700,44650,44800,12689196,56.64
2019-02-11,44500,45000,44250,45000,11125044,56.65
2019-02-12,44650,46250,44650,46050,13184367,56.68
2019-02-13,46400,46700,46000,46200,11299738,56.68
2019-02-14,46600,47500,46150,47500,17259341,56.73
2019-02-15,46750,46850,45650,46050,10554643,56.71
2019-02-18,46500,46850,45850,46200,8183728,56.7
2019-02-19,45850,46150,45450,45950,6741395,56.68
2019-02-20,46750,47100,46500,46900,11506720,56.73
2019-02-21,46500,47200,46200,46950,8694009,56.76
2019-02-22,46500,47150,46450,47150,6895772,56.76
2019-02-25,47400,47550,47050,47350,7484716,56.79
2019-02-26,47350,47450,46500,46750,7985547,56.81
2019-02-27,47000,47250,46750,46750,8045211,56.82
2019-02-28,46400,46500,45100,45100,23569321,56.79
2019-03-04,46000,46100,44800,44850,12926539,56.75
2019-03-05,44600,45100,44150,44250,10612405,56.73
2019-03-06,44000,44300,43700,44000,10202544,56.74
2019-03-07,43400,44950,43400,44450,11049749,56.76
2019-03-08,44450,44800,43800,43800,7729069,56.75
2019-03-11,44400,44450,43650,43650,10717408,56.73
2019-03-12,44300,44950,44150,44650,11431977,56.78
2019-03-13,44250,44450,43700,43850,8108343,56.78
2019-03-14,43700,44300,43550,43850,18039161,56.77
2019-03-15,43800,44250,43700,44200,16814163,56.71
2019-03-18,43950,44150,43450,43700,8188876,56.67
2019-03-19,43750,43900,43550,43900,7609563,56.69
2019-03-20,43800,44200,43100,44050,9846242,56.68
2019-03-21,44600,46250,44050,45850,21138016,56.76
2019-03-22,46850,47000,46250,46550,12535911,56.81
2019-03-25,45300,45650,44800,45500,8699728,56.82
2019-03-26,45500,45700,44900,45250,9729811,56.84
2019-03-27,44750,45600,44250,45350,9568081,56.82
2019-03-28,44950,45200,44300,44850,6821306,56.83
2019-03-29,44500,44900,44200,44650,11491713,56.82
2019-04-01,45200,45450,44850,45050,7362129,56.82
2019-04-02,45550,46100,45350,45750,9480688,56.88
2019-04-03,46750,46750,45800,46600,12436570,56.95
2019-04-04,46150,47100,46150,46950,12650168,57.0
2019-04-05,46950,47550,46600,46850,8546339,57.03
2019-04-08,47250,47250,46150,46650,8507909,57.07
2019-04-09,46700,46950,46200,46650,6878761,57.11
2019-04-10,46400,46700,46050,46700,11883995,57.1
2019-04-11,46700,46800,46150,46250,13697399,57.13
2019-04-12,46050,46900,46000,46850,7668936,57.16
2019-04-15,47150,47500,47000,47050,8733019,57.2
2019-04-16,47400,47400,46800,47250,7730881,57.23
2019-04-17,47300,47600,47000,47050,5513658,57.25
2019-04-18,47200,47250,45500,45600,12808747,57.2
2019-04-19,45750,46000,45250,45300,8479710,57.16
2019-04-22,45400,45900,45100,45350,6006957,57.19
2019-04-23,45050,45500,45000,45200,6920566,57.21
2019-04-24,45400,45650,44150,44750,13299267,57.24
2019-04-25,44250,45000,44100,44650,10868965,57.22
2019-04-26,44200,45000,43800,44850,9739982,57.24
2019-04-29,45150,46150,45100,46150,8777517,57.25
2019-04-30,46000,46300,45350,45850,11121273,57.32
2019-05-02,45500,46150,45400,45900,8625126,57.3
2019-05-03,45900,46050,45300,45300,6562916,57.33
2019-05-07,45250,45300,44400,44850,12014907,57.3
2019-05-08,44300,44850,44200,44250,10398754,57.27
2019-05-09,43900,44250,42450,42450,23029718,57.25
2019-05-10,42600,43450,42450,42900,14579512,57.21
2019-05-13,42500,43200,42350,42650,7635079,57.2
2019-05-14,41300,43100,41300,42650,11563730,57.16
2019-05-15,42700,43050,42550,42550,7670185,57.15
2019-05-16,42350,42400,41350,41550,13687828,57.09
2019-05-17,41950,42050,40850,41200,13357951,57.07
2019-05-20,41650,42100,41550,42000,15752397,57.11
2019-05-21,42600,43950,42350,43150,18812133,57.14
2019-05-22,43700,43800,42400,43500,11033339,57.17
2019-05-23,43900,44000,43250,43850,12259006,57.23
2019-05-24,43800,43800,42400,42700,13966305,57.19
2019-05-27,42500,43000,42350,42650,8066669,57.17
2019-05-28,42550,42950,42150,42550,24506881,57.09
2019-05-29,41850,42100,41300,41800,14930618,57.05
2019-05-30,42200,42700,42150,42550,11766018,57.12
2019-05-31,42600,42800,42150,42500,11365999,57.08
2019-06-03,42950,43900,42500,43800,15466580,57.12
2019-06-04,43400,43700,43000,43450,9913497,57.08
2019-06-05,44050,44200,43700,43900,12464135,57.05
2019-06-07,43600,44350,43450,44200,11683682,57.08
2019-06-10,44300,44850,44050,44800,8792182,57.09
2019-06-11,44800,45000,44550,44850,6664872,57.1
2019-06-12,44800,45050,44300,44600,8607439,57.1
2019-06-13,44200,44400,43400,43750,16906541,57.1
2019-06-14,43750,44150,43300,44000,9322873,57.11
2019-06-17,43750,44050,43400,43900,11890424,57.09
2019-06-18,43750,44500,43650,44350,7994928,57.1
2019-06-19,45450,45450,45000,45350,10417690,57.14
2019-06-20,44850,45500,44850,45500,7147785,57.15
2019-06-21,45750,45800,45200,45700,9454913,57.16
2019-06-24,45200,45800,45200,45500,6085066,57.14
2019-06-25,45200,45800,45200,45600,7076774,57.15
2019-06-26,45800,46000,45600,45700,9226097,57.11
2019-06-27,46000,46600,45750,46500,12603534,57.15
2019-06-28,47000,47000,46700,47000,12949231,57.27
2019-07-01,47350,47400,46250,46600,11383522,57.31
2019-07-02,46200,46900,45850,46250,8463073,57.35
2019-07-03,45750,46350,45200,45400,9669368,57.36
2019-07-04,45250,46200,45250,46000,6365573,57.38
2019-07-05,45950,45950,45250,45650,7235395,57.38
2019-07-08,44750,44800,44350,44400,7823843,57.39
2019-07-09,44850,45450,44700,45100,7646421,57.43
2019-07-10,45550,46150,45500,45550,9253930,57.54
2019-07-11,46350,46550,46150,46200,10989751,57.61
2019-07-12,46350,46400,45800,46300,5245804,57.65
2019-07-15,45950,46650,45750,46450,4717226,57.66
2019-07-16,46450,46850,46300,46850,7407824,57.7
2019-07-17,46150,46350,45950,46050,5216602,57.71
2019-07-18,46450,46450,45650,46100,5143554,57.72
2019-07-19,46650,46950,46600,46800,8819393,57.74
2019-07-22,46800,47300,46600,47200,9009109,57.8
2019-07-23,47350,47550,47050,47300,9061381,57.82
2019-07-24,47100,47150,46250,46400,8756522,57.84
2019-07-25,47150,47200,46600,47200,8408838,57.88
2019-07-26,46650,47150,46550,47150,7873886,57.9
2019-07-29,46800,47050,46000,46100,6856846,57.99
2019-07-30,46300,46850,46300,46550,5551014,58.01
2019-07-31,46200,46600,45000,45350,12872916,57.99
2019-08-01,44900,45500,44850,45200,7811181,57.85
2019-08-02,44550,45500,44300,44950,12151374,57.82
2019-08-05,44350,44600,43600,43950,14214086,57.76
2019-08-06,42500,43800,42500,43500,15083824,57.67
2019-08-07,43600,43900,43100,43200,10002533,57.65
2019-08-08,43250,43500,42650,42650,16926881,57.61
2019-08-09,43250,43350,43050,43150,9685147,57.6
2019-08-12,44000,44000,43550,43700,8466169,57.6
2019-08-13,43500,43500,42950,43000,7276979,57.55
2019-08-14,43900,44250,43500,43700,8750135,57.56
2019-08-16,43800,43900,43300,43900,9528115,57.56
2019-08-19,44350,44350,43500,43600,6014218,57.52
2019-08-20,43950,44600,43550,44450,8434205,57.51
2019-08-21,44350,44800,44150,44500,6571717,57.5
2019-08-22,44500,44700,43850,44050,8061177,57.5
2019-08-23,43800,44200,43650,43950,5017381,57.49
2019-08-26,43050,43800,42950,43600,7954949,57.49
2019-08-27,43650,44200,43600,44050,16883932,57.47
2019-08-28,44100,44400,43750,44150,5758333,57.47
2019-08-29,44200,44200,43050,43400,10768862,57.44
2019-08-30,43750,44300,43750,44000,9899073,57.4
2019-09-02,44850,44850,43650,43800,7185537,57.4
2019-09-03,43550,43650,43100,43250,9774941,57.33
2019-09-04,43250,44100,43150,44100,12441837,57.27
2019-09-05,44800,46100,44450,45700,18297430,57.3
2019-09-06,46500,46500,45850,46300,9896562,57.33
2019-09-09,46450,47000,46300,46900,9434157,57.37
2019-09-10,47100,47200,46550,47000,9231792,57.39
2019-09-11,47300,47400,46800,47150,16141619,57.38
2019-09-16,47000,47100,46400,47100,15550926,57.36
2019-09-17,47000,47100,46800,46900,7006280,57.36
2019-09-18,46900,47700,46800,47700,10413027,57.4
2019-09-19,48050,49200,47850,49150,16461413,57.48
2019-09-20,49400,49600,49100,49200,15460210,57.49
2019-09-23,49250,49300,49000,49300,7568553,57.5
2019-09-24,49050,49650,48850,49500,7871955,57.47
2019-09-25,49200,49350,48800,48900,9187141,57.46
2019-09-26,49000,49250,48900,49200,8494756,57.43
2019-09-27,48000,48700,48000,48400,8048041,57.41
2019-09-30,48050,49250,47900,49050,9497119,57.42
2019-10-01,48900,49100,48650,48850,6206035,57.39
2019-10-02,48350,48400,47600,47600,8382463,57.42
2019-10-04,47400,48650,47350,48000,9331695,57.42
2019-10-07,48350,48700,47650,47750,7047273,57.41
2019-10-08,47900,49000,47600,48900,14239367,57.39
2019-10-10,48200,49200,48000,48550,18639855,57.41
2019-10-11,49000,49450,48800,49150,7783275,57.44
2019-10-14,50000,50300,49850,50000,11130635,57.46
2019-10-15,49900,50200,49900,50100,6058105,57.46
2019-10-16,50700,50900,50400,50700,9136282,57.47
2019-10-17,50500,50600,50100,50500,6701380,57.49
2019-10-18,50300,50900,49650,49900,8483106,57.49
2019-10-21,49900,50400,49800,50300,4406531,57.46
2019-10-22,50800,51500,50700,51200,10898729,57.49
2019-10-23,51300,51500,50800,51200,8663880,57.51
2019-10-24,52500,52500,50500,50700,21185785,57.5
2019-10-25,50800,51200,50500,50900,7879897,57.49
2019-10-28,50700,51500,50700,51300,6431522,57.52
2019-10-29,51400,51700,50800,51100,7581629,57.55
2019-10-30,50700,50800,50200,50400,8959435,57.56
2019-10-31,51000,51400,50300,50400,10304777,57.56
2019-11-01,50600,51200,50400,51200,8467846,57.51
2019-11-04,51700,52300,51400,52300,13012411,57.53
2019-11-05,52400,52700,52100,52700,10581034,57.58
2019-11-06,52900,53500,52700,53300,14361133,57.64
2019-11-07,53400,53400,52400,52900,9257116,57.64
2019-11-08,53200,53300,52000,52100,11603290,57.6
2019-11-11,52200,52200,51400,51600,8185952,57.59
2019-11-12,51800,52600,51600,52600,6576148,57.59
2019-11-13,52500,52500,52000,52500,6225196,57.6
2019-11-14,51900,52800,51900,52800,12010018,57.57
2019-11-15,52900,53700,52600,53700,9703360,57.57
2019-11-18,53600,53800,53200,53500,7746554,57.54
2019-11-19,53200,53500,52700,53500,8907177,57.55
2019-11-20,53400,53400,52000,52000,12560070,57.52
2019-11-21,51600,52100,50600,51000,14298646,57.46
2019-11-22,51000,51600,50900,51600,8478310,57.43
2019-11-25,52200,52600,51700,51800,9050625,57.39
2019-11-26,51900,52900,51800,51800,27372226,57.27
2019-11-27,51800,52300,51600,52200,7546261,57.27
2019-11-28,51900,52100,51300,51300,6833885,57.24
2019-11-29,51200,51400,50200,50300,11179334,57.2
2019-12-02,50900,51300,50400,50400,18877252,57.14
2019-12-03,49800,50300,49500,49900,12059812,57.08
2019-12-04,49600,49850,49000,49450,13246549,57.04
2019-12-05,50200,50400,49500,49500,10449715,57.01
2019-12-06,50100,50900,49950,50400,11414563,56.99
2019-12-09,50900,51400,50700,51200,8470627,56.97
2019-12-10,51000,51600,50700,51500,6882771,56.94
2019-12-11,51500,52200,51400,51900,11379521,56.94
2019-12-12,53000,53300,52700,53300,29178697,57.02
2019-12-13,54500,54800,53900,54700,18120261,57.1
2019-12-16,54500,54900,54300,54700,11512405,57.09
2019-12-17,55800,56700,55400,56700,19358433,57.12
2019-12-18,56700,57200,56000,56300,15558208,57.14
2019-12-19,57000,57300,55500,56000,14180520,57.15
2019-12-20,56100,56500,55600,56000,12095519,57.13
2019-12-23,56100,56400,55100,55500,9839252,57.07
2019-12-24,55600,55700,54800,55000,11868463,57.01
2019-12-26,54700,55400,54400,55400,9645034,56.89
2019-12-27,55700,56900,55500,56500,12313056,56.86
2019-12-30,56200,56600,55700,55800,8356767,56.81
2020-01-02,55500,56000,55000,55200,12993228,56.83
2020-01-03,56000,56600,54900,55500,15422255,56.85
2020-01-06,54900,55600,54600,55500,10278951,56.89
2020-01-07,55700,56400,55600,55800,10009778,56.9
2020-01-08,56200,57400,55900,56800,23501171,56.99
2020-01-09,58400,58600,57400,58600,24102579,57.06
2020-01-10,58800,59700,58300,59500,16000170,57.08
2020-01-13,59600,60000,59100,60000,11359139,57.12
2020-01-14,60400,61000,59900,60000,16906295,57.12
2020-01-15,59500,59600,58900,59000,14300928,57.1
2020-01-16,59100,60700,59000,60700,14381774,57.12
2020-01-17,61900,62000,61000,61300,16025661,57.15
2020-01-20,62000,62800,61700,62400,12528855,57.16
2020-01-21,62000,62400,61200,61400,11142693,57.18
2020-01-22,60500,62600,60400,62300,15339565,57.19
2020-01-23,61800,61800,60700,60800,14916555,57.17
2020-01-28,59400,59400,58300,58800,23664541,57.09
2020-01-29,59100,59700,58800,59100,16446102,57.16
2020-01-30,58800,58800,56800,57200,20821939,57.26
2020-01-31,57800,58400,56400,56400,19749457,57.19
2020-02-03,55500,57400,55200,57200,23995260,57.13
2020-02-04,57100,59000,56800,58900,21800192,57.05
2020-02-05,60000,60200,58900,59500,19278165,57.12
2020-02-06,60100,61100,59700,61100,14727159,57.14
2020-02-07,61100,61200,59700,60400,16402493,57.14
2020-02-10,59200,59800,59100,59700,13107121,57.1
2020-02-11,59800,60700,59700,59900,11071231,57.07
2020-02-12,60300,60700,59700,60500,12904207,57.08
2020-02-13,61200,61600,60500,60700,18449775,57.16
2020-02-14,60900,61900,60200,61800,13276067,57.19
2020-02-17,61600,62000,61200,61500,8740596,57.18
2020-02-18,60800,60900,59700,59800,16674266,57.14
2020-02-19,59800,60400,59400,60200,12951496,57.11
2020-02-20,60700,61300,59600,60000,14591924,57.11
2020-02-21,58800,59800,58500,59200,13777393,57.14
2020-02-24,57400,58100,56800,56800,25627537,56.99
2020-02-25,56200,58000,56200,57900,23885408,56.92
2020-02-26,56000,57000,56000,56500,25483102,56.78
2020-02-27,56300,56900,55500,55900,23209541,56.72
2020-02-28,55000,55500,54200,54200,30054227,56.62
2020-03-02,54300,55500,53600,55000,30403412,56.51
2020-03-03,56700,56900,55100,55400,30330295,56.47
2020-03-04,54800,57600,54600,57400,24765728,56.51
2020-03-05,57600,58000,56700,57800,21698990,56.47
2020-03-06,56500,57200,56200,56500,18716656,56.42
2020-03-09,54700,55000,53600,54200,30261485,56.25
2020-03-10,53800,54900,53700,54600,32106554,56.14
2020-03-11,54300,54400,52000,52100,45707281,55.97
2020-03-12,51000,51900,49300,50800,48149999,55.82
2020-03-13,47450,51600,46850,49950,59462933,55.64
2020-03-16,50100,50900,48800,48900,33339821,55.66
2020-03-17,46900,49650,46700,47300,51218151,55.47
2020-03-18,47750,48350,45600,45600,40152623,55.47
2020-03-19,46400,46650,42300,42950,56925513,55.41
2020-03-20,44150,45500,43550,45400,49730008,55.37
2020-03-23,42600,43550,42400,42500,41701626,55.24
2020-03-24,43850,46950,43050,46950,49801908,55.3
2020-03-25,48950,49600,47150,48650,52735922,55.19
2020-03-26,49000,49300,47700,47800,42185129,55.15
2020-03-27,49600,49700,46850,48300,39896178,54.93
2020-03-30,47050,48350,46550,47850,26797395,54.9
2020-03-31,48000,48500,47150,47750,30654261,54.92
2020-04-01,47450,47900,45800,45800,27259532,54.99
2020-04-02,46200,46850,45350,46800,21621076,54.99
2020-04-03,47400,47600,46550,47000,22784682,55.01
2020-04-06,47500,48800,47250,48700,23395726,55.01
2020-04-07,49650,50200,49000,49600,31524034,55.03
2020-04-08,49600,49750,48600,48600,25010314,55.08
2020-04-09,49750,49800,48700,49100,22628058,55.08
2020-04-10,48950,49250,48650,49250,17839111,55.09
2020-04-13,48650,48900,48300,48300,14431800,55.07
2020-04-14,48800,49200,48300,49000,14206216,55.05
2020-04-16,49350,49350,48550,49000,23349760,55.09
2020-04-17,50800,52000,50300,51400,32041675,55.2
2020-04-20,51400,51400,50000,50100,21866354,55.23
2020-04-21,49400,49700,48700,49250,27407543,55.2
2020-04-22,48700,50000,48350,49850,18613864,55.23
2020-04-23,50200,50300,49500,49850,18754442,55.22
2020-04-24,49650,49750,49000,49350,15618347,55.19
2020-04-27,49350,50000,49100,49850,14049471,55.23
2020-04-28,49850,50100,49300,50100,16095399,55.23
2020-04-29,49900,50500,49600,50000,15604533,55.25
2020-05-04,48900,49100,48500,48500,26083749,55.11
2020-05-06,49000,49200,48500,49200,18070225,55.08
2020-05-07,49200,49300,48700,48800,13884411,55.07
2020-05-08,49100,49350,48800,48800,15319700,55.04
2020-05-11,48900,49250,48300,48400,16357743,55.02
2020-05-12,48400,48500,47550,47900,23433590,55.03
2020-05-13,47250,48550,47200,48550,20223277,55.03
2020-05-14,47750,48100,47650,48000,19305974,55.01
2020-05-15,48400,48450,47700,47850,18463118,54.98
2020-05-18,47950,49100,47600,48800,20481981,54.97
2020-05-19,50100,50500,49700,50300,25168295,55.0
2020-05-20,50000,50200,49800,50000,14896899,55.01
2020-05-21,50300,50400,49850,49950,14949266,55.05
2020-05-22,49600,49800,48600,48750,19706284,54.99
2020-05-25,48750,48900,48450,48850,14337913,54.95
2020-05-26,48700,49450,48600,49250,15127490,54.91
2020-05-27,48950,50000,48800,49900,19548479,54.96
2020-05-28,51100,51200,49900,50400,31309318,55.0
2020-05-29,50000,50700,49700,50700,27596961,55.07
2020-06-01,50800,51200,50600,51200,16949183,55.08
2020-06-02,51000,51500,50800,51400,14247933,55.07
2020-06-03,51800,55000,51700,54500,49257814,55.13
2020-06-04,55800,57000,54600,54600,40220334,55.13
2020-06-05,54400,55900,54000,55500,22743629,55.13
2020-06-08,56400,56500,54700,54900,25634965,55.1
2020-06-09,55800,56500,54400,55500,23998831,55.11
2020-06-10,55100,55900,54900,55400,16742493,55.09
2020-06-11,54500,55100,53200,54300,33815123,55.06
2020-06-12,52100,52800,51500,52300,26976019,55.06
2020-06-15,51400,52000,49900,49900,28772921,55.04
2020-06-16,51200,52100,50600,52100,21808375,55.03
2020-06-17,52100,52900,51300,52200,26672595,55.05
2020-06-18,52200,52300,51600,52300,15982926,55.06
2020-06-19,52600,52900,51600,52900,18157985,55.09
2020-06-22,52000,52600,51800,52000,13801350,55.07
2020-06-23,52500,52800,51100,51400,18086152,55.06
2020-06-24,51900,53900,51600,52900,24519552,55.04
2020-06-25,52100,53000,51900,51900,18541624,54.96
2020-06-26,52800,53900,52200,53300,21575360,54.99
2020-06-29,52500,53200,52000,52400,17776925,54.97
2020-06-30,53900,53900,52800,52800,21157172,55.0
2020-07-01,53400,53600,52400,52600,16706143,55.08
2020-07-02,52100,52900,52100,52900,14142583,55.09
2020-07-03,53000,53600,52700,53600,11887868,55.11
2020-07-06,54000,55000,53800,55000,19856623,55.14
2020-07-07,55800,55900,53400,53400,30760032,55.13
2020-07-08,53600,53900,52900,53000,19664652,55.14
2020-07-09,53200,53600,52800,52800,17054850,55.17
2020-07-10,53100,53200,52300,52700,13714746,55.21
2020-07-13,53300,53800,53100,53400,12240188,55.23
2020-07-14,53700,53800,53200,53800,14269484,55.27
2020-07-15,54400,55000,54300,54700,24051450,55.36
2020-07-16,54800,54800,53800,53800,16779127,55.34
2020-07-17,54200,54700,54100,54400,10096174,55.37
2020-07-20,54800,54800,54000,54200,10507530,55.39
2020-07-21,55200,55400,54800,55300,18297260,55.48
2020-07-22,55300,55500,54700,54700,12885057,55.48
2020-07-23,54700,54700,53800,54100,16214932,55.46
2020-07-24,54000,54400,53700,54200,10994535,55.5
2020-07-27,54300,55700,54300,55600,21054421,55.62
2020-07-28,57000,58800,56400,58600,48431566,55.9
2020-07-29,60300,60400,58600,59000,36476611,55.98
2020-07-30,59700,60100,59000,59000,19285354,56.01
2020-07-31,59500,59600,57700,57900,21943345,55.99
2020-08-03,57800,57900,56700,56800,21158940,55.94
2020-08-04,57200,58100,57000,57300,19419694,55.92
2020-08-05,57300,57500,56300,56900,17739706,55.9
2020-08-06,57100,58400,57100,58000,21625874,55.91
2020-08-07,57900,58400,57100,57500,18751717,55.94
2020-08-10,57600,58300,57500,57800,17774291,55.94
2020-08-11,58000,59500,57800,58200,24907912,55.95
2020-08-12,58200,59000,57700,59000,18573934,55.95
2020-08-13,59400,59600,58000,58700,22089460,55.93
2020-08-14,58000,58400,57700,58000,15672548,55.9
2020-08-18,58900,59900,58000,58400,25307825,55.96
2020-08-19,59000,59200,57800,57800,16930719,55.95
2020-08-20,57600,57600,55300,55400,30386029,55.94
2020-08-21,56200,56900,55800,55900,21142288,55.97
2020-08-24,55800,56600,55400,56100,15055896,55.98
2020-08-25,56400,56800,56100,56400,14021705,55.98
2020-08-26,56400,56500,55700,56400,17651593,56.02
2020-08-27,56300,56300,55600,55600,16196568,56.02
2020-08-28,56100,56300,55400,55400,14619888,55.97
2020-08-31,56000,56100,54000,54000,32671367,55.79
2020-09-01,54100,54800,54100,54200,19363117,55.77
2020-09-02,54600,55100,54100,54400,16905723,55.76
2020-09-03,55600,56700,55500,56400,28384920,55.82
2020-09-04,55200,55800,55100,55600,22139109,55.79
2020-09-07,56100,57300,55800,56500,18685880,55.79
2020-09-08,57400,58700,57200,58700,31517520,55.86
2020-09-09,58200,59300,57800,58400,30597399,55.9
2020-09-10,59900,60000,59100,59200,29923293,56.0
2020-09-11,59300,59400,58200,59000,16017098,55.99
2020-09-14,60200,60800,59900,60400,20648281,56.01
2020-09-15,60900,61000,60500,61000,17877075,56.01
2020-09-16,61100,61300,60600,61000,17041444,56.06
2020-09-17,60700,60800,59300,59500,25108356,56.03
2020-09-18,59800,59900,59100,59300,18884571,56.0
2020-09-21,59100,60000,59000,59200,15140387,55.98
2020-09-22,59100,59700,57800,58200,20830381,55.98
2020-09-23,58400,58800,57400,58600,20111398,56.0
2020-09-24,57700,58600,57600,57800,17564020,55.98
2020-09-25,57700,58200,57700,57900,11444683,55.92
2020-09-28,58300,58800,57900,58200,12614080,55.89
2020-09-29,58300,59000,58200,58200,15503563,55.86
2020-10-05,57500,59200,57500,58700,20228289,55.86
2020-10-06,59400,59900,58700,59000,14463826,55.9
2020-10-07,58700,59900,58500,59900,14861838,55.95
2020-10-08,60500,60700,59500,59700,24589924,56.02
2020-10-12,60000,60400,59900,60400,16145837,56.08
2020-10-13,61000,61400,60400,60900,19247631,56.11
2020-10-14,61000,61100,60500,60900,16086716,56.13
2020-10-15,60700,60800,59700,60000,17756232,56.09
2020-10-16,60000,60400,59000,59500,16554190,56.09
2020-10-19,59600,60200,59500,60000,14474985,56.1
2020-10-20,60300,60900,60100,60900,19326115,56.18
2020-10-21,61200,61500,60600,60900,15703443,56.21
2020-10-22,60300,60500,59800,60100,14294095,56.16
2020-10-23,60400,60400,59800,60200,9322232,56.16
2020-10-26,60400,61100,60100,60400,13268226,56.17
2020-10-27,60300,60300,59500,59800,17260416,56.17
2020-10-28,59400,59400,58800,59000,14428882,56.15
2020-10-29,58200,58500,57500,58100,22636966,56.14
2020-10-30,58000,58000,56600,56600,26907844,56.0
2020-11-02,56400,57500,56000,57400,20489076,55.97
2020-11-03,57900,58900,57600,58800,14950919,55.97
2020-11-04,58900,59000,57800,58500,21718561,55.88
2020-11-05,59000,60300,58800,60300,20639475,55.99
2020-11-06,60700,60800,59600,60100,16910230,56.04
2020-11-09,60700,60900,60100,60200,15892961,56.07
2020-11-10,60500,60500,59500,60200,19073552,56.1
2020-11-11,60700,61400,60400,61300,25628510,56.23
2020-11-12,61000,61400,60700,61000,19800573,56.29
2020-11-13,61300,63200,61000,63200,31508829,56.45
2020-11-16,64000,66700,63900,66300,36354334,56.53
2020-11-17,67000,67000,65600,65700,30204089,56.56
2020-11-18,65700,66200,64700,64800,22963790,56.54
2020-11-19,64100,64800,63900,64600,16590290,56.53
2020-11-20,63900,65200,63900,64700,15068682,56.52
2020-11-23,64800,67800,64700,67500,27134398,56.6
2020-11-24,67900,69500,67000,67700,32158235,56.63
2020-11-25,67900,68300,66500,66600,32447065,56.56
2020-11-26,66100,68000,66000,68000,19023323,56.58
2020-11-27,68000,68400,67600,68200,14063434,56.54
2020-11-30,68400,68600,66700,66700,43811016,56.33
2020-12-01,67100,68300,67100,67800,22327173,56.31
2020-12-02,68400,69900,68300,69500,29703942,56.36
2020-12-03,70100,70500,69300,69700,23677989,56.37
2020-12-04,70400,72100,70100,71500,28130533,56.41
2020-12-07,72400,73500,71900,72900,28490496,56.41
2020-12-08,72200,72900,71600,71700,25000338,56.35
2020-12-09,72100,73900,72000,73900,24077996,56.34
2020-12-10,72700,73800,72500,72900,39882928,56.19
2020-12-11,73500,73800,73100,73400,18486672,56.14
2020-12-14,73600,74500,73200,73800,21510415,56.13
2020-12-15,73800,74100,73300,73800,20863671,56.09
2020-12-16,74100,74500,73400,73800,17512081,56.03
2020-12-17,73400,73700,72600,73300,24293214,55.98
2020-12-18,73300,73700,73000,73000,17613029,55.95
2020-12-21,73100,73400,72000,73000,20367355,55.92
2020-12-22,72500,73200,72100,72300,16304910,55.91
2020-12-23,72400,74000,72300,73900,19411326,55.92
2020-12-24,74100,78800,74000,77800,32502870,55.88
2020-12-28,79000,80100,78200,78700,40085044,55.82
2020-12-29,78800,78900,77300,78300,30339449,55.73
2020-12-30,77400,81300,77300,81000,29417421,55.72
2021-01-04,81000,84400,80200,83000,38655276,55.73
2021-01-05,81600,83900,81600,83900,35335669,55.68
2021-01-06,83300,84500,82100,82200,42089013,55.58
2021-01-07,82800,84200,82700,82900,32644642,55.53
2021-01-08,83300,90000,83000,88800,59013307,55.68
2021-01-11,90000,96800,89500,91000,90306177,55.59
2021-01-12,90300,91400,87800,90600,48682416,55.56
2021-01-13,89800,91200,89100,89700,36068848,55.52
2021-01-14,88700,90000,88700,89700,26393970,55.57
2021-01-15,89800,91800,88000,88000,33431809,55.53
2021-01-18,86600,87300,84100,85000,43227951,55.51
2021-01-19,84500,88000,83600,87000,39895044,55.54
2021-01-20,89000,89000,86500,87200,25211127,55.52
2021-01-21,87500,88600,86500,88100,25318011,55.49
2021-01-22,89000,89700,86800,86800,30861661,55.43
2021-01-25,87000,89900,86300,89400,27258534,55.46
2021-01-26,88800,89200,86500,86700,33178936,55.33
2021-01-27,86600,87700,85600,85600,26423070,55.26
2021-01-28,83200,85600,83200,83700,31859808,55.15
2021-01-29,84500,85000,82000,82000,39615978,55.06
2021-02-01,81700,83400,81000,83000,28046832,55.02
2021-02-02,84100,86400,83700,84400,26302077,55.02
2021-02-03,84800,85400,83400,84600,22112205,54.99
2021-02-04,83500,83800,82100,82500,24171688,54.94
2021-02-05,83100,84000,82500,83500,18036835,54.93
2021-02-08,83800,84200,83000,83000,15338765,54.91
2021-02-09,84000,84800,82700,82700,20898332,54.87
2021-02-10,82600,82600,81600,81600,23025766,54.82
2021-02-15,83800,84500,83300,84200,23529706,54.88
2021-02-16,84500,86000,84200,84900,20483100,54.91
2021-02-17,83900,84200,83000,83200,18307735,54.88
2021-02-18,83200,83600,82100,82100,21327683,54.84
2021-02-19,82300,82800,81000,82600,25880879,54.77
2021-02-22,83800,84200,82200,82200,25419886,54.79
2021-02-23,81200,82900,81100,82000,20587314,54.76
2021-02-24,81800,83600,81300,82000,26807651,54.78
2021-02-25,84000,85400,83000,85300,34155986,54.92
2021-02-26,82800,83400,82000,82500,38520800,54.74
2021-03-02,85100,85300,83000,83600,33498180,54.81
2021-03-03,83500,84000,82800,84000,19882132,54.77
2021-03-04,82600,83200,82200,82400,24348331,54.72
2021-03-05,81100,82600,81100,82100,20508971,54.7
2021-03-08,82900,83000,81600,82000,17641256,54.68
2021-03-09,81400,81900,80600,81400,25420764,54.6
2021-03-10,82400,82500,80700,80900,20038422,54.57
2021-03-11,81000,82500,81000,82000,23818297,54.67
2021-03-12,83100,83500,82400,82800,13530573,54.71
2021-03-15,82800,82900,81800,81800,13735798,54.66
2021-03-16,82200,83000,82100,82800,12293537,54.68
2021-03-17,82800,82900,82000,82300,11625146,54.7
2021-03-18,82800,83800,82600,82900,18585244,54.76
2021-03-19,82100,82500,81800,81900,15869700,54.74
2021-03-22,82000,82300,81700,82000,12670506,54.73
2021-03-23,82600,82900,81800,81800,13299907,54.71
2021-03-24,81000,81600,80700,81000,17926638,54.68
2021-03-25,81000,82100,80800,81200,14758826,54.69
2021-03-26,81400,81600,81000,81500,12845778,54.58
2021-03-29,81700,81700,81000,81600,14952134,54.56
2021-03-30,81600,82300,81300,82200,13121698,54.57
2021-03-31,82400,82700,81400,81400,17240518,54.54
2021-04-01,82500,83000,82000,82900,18676461,54.6
2021-04-02,84000,85200,83900,84800,22997538,54.73
2021-04-05,85800,86000,84800,85400,16255990,54.73
2021-04-06,86200,86200,85100,86000,19042023,54.8
2021-04-07,86100,86200,85400,85600,17885538,54.82
2021-04-08,85700,85700,84100,84700,19244259,54.83
2021-04-09,84700,84900,83400,83600,18193707,54.79
2021-04-12,84100,84100,83100,83200,12915282,54.78
2021-04-13,83000,84500,82800,84000,15238206,54.8
2021-04-14,84000,84300,83400,84000,13794652,54.79
2021-04-15,83700,84500,83400,84100,16377412,54.81
2021-04-16,84700,84700,83600,83900,15429522,54.81
2021-04-19,83800,84000,83300,83300,15287311,54.76
2021-04-20,83300,84000,83100,83900,15521965,54.78
2021-04-21,83300,83500,82500,82600,21636079,54.72
2021-04-22,82900,83000,82400,82400,13934746,54.68
2021-04-23,81900,82900,81600,82800,17805080,54.67
2021-04-26,82900,83500,82600,83500,15489938,54.7
2021-04-27,83200,83300,82500,82900,12941533,54.7
2021-04-28,83200,83200,82100,82100,15596759,54.69
2021-04-29,82400,82500,81500,81700,20000973,54.61
2021-04-30,81900,82100,81500,81500,18673197,54.59
2021-05-03,81000,82400,81000,81700,15710336,54.55
2021-05-04,81900,82600,81800,82600,12532550,54.55
2021-05-06,81700,82300,81700,82300,17047511,54.49
2021-05-07,81800,82100,81500,81900,14154882,54.46
2021-05-10,82300,83500,81800,83200,19385027,54.47
2021-05-11,82500,82600,81100,81200,28996680,54.31
2021-05-12,80800,81200,79800,80000,35812268,54.07
2021-05-13,78900,79600,78400,78500,31490096,53.89
2021-05-14,79000,80300,78900,80100,16450920,53.9
2021-05-17,80800,80900,79200,79600,17740855,53.84
2021-05-18,79600,80000,79100,79600,17494407,53.75
2021-05-20,79400,79700,79100,79500,16541828,53.72
2021-05-21,80100,81500,79800,80100,20961714,53.74
2021-05-24,80100,80400,79500,79700,13398666,53.71
2021-05-25,80000,80400,79800,79900,13628942,53.68
2021-05-26,80400,80500,79700,79800,11984359,53.68
2021-05-27,80000,80000,79100,79600,23198510,53.64
2021-05-28,79800,80400,79400,80100,12360199,53.64
2021-05-31,80300,80600,79600,80500,13321324,53.69
2021-06-01,80500,81300,80100,80600,14058401,53.69
2021-06-02,80400,81400,80300,80800,16414644,53.73
2021-06-03,81300,83000,81100,82800,29546007,53.82
2021-06-04,82700,82700,81500,82200,18112259,53.84
2021-06-07,82700,82800,81600,81900,16496197,53.82
2021-06-08,82300,82600,81800,81900,12781226,53.8
2021-06-09,81500,82000,81100,81100,14908823,53.82
2021-06-10,81300,81400,80900,81000,17586995,53.86
2021-06-11,81200,81700,80700,81000,14087962,53.81
2021-06-14,80800,80900,80500,80500,10550078,53.79
2021-06-15,80900,81200,80600,80900,10075685,53.79
2021-06-16,81500,81900,81100,81800,14999855,53.84
2021-06-17,81100,81300,80700,80900,14007385,53.82
2021-06-18,81100,81100,80500,80500,14916721,53.73
2021-06-21,79700,80000,79600,79900,16063340,53.66
2021-06-22,80200,80300,79900,80000,11773365,53.62
2021-06-23,80500,80600,79900,80100,13856548,53.6
2021-06-24,80400,81400,80100,81200,18771080,53.61
2021-06-25,81500,81900,81200,81600,13481405,53.57
2021-06-28,81700,82000,81600,81900,11578529,53.53
2021-06-29,81900,82100,80800,81000,15744317,53.55
2021-06-30,81100,81400,80700,80700,13288643,53.57
2021-07-01,80500,80600,80000,80100,13382882,53.54
2021-07-02,80000,80400,79900,80000,8753097,53.5
2021-07-05,80100,80800,80000,80400,8330969,53.54
2021-07-06,80600,81200,80500,81200,12131651,53.59
2021-07-07,81200,81300,80300,80800,15992202,53.59
2021-07-08,81100,81200,79900,79900,16660998,53.57
2021-07-09,79600,79800,79000,79400,22720577,53.47
2021-07-12,79900,80000,79500,79700,9768108,53.46
2021-07-13,80000,80200,79800,79800,9863450,53.46
2021-07-14,79400,79600,79100,79500,11575636,53.45
2021-07-15,79800,80600,79500,80600,13766279,53.49
2021-07-16,80100,80100,79500,79800,10859399,53.49
2021-07-19,79100,79200,78800,79000,13155414,53.43
2021-07-20,78500,79000,78400,79000,12456646,53.4
2021-07-21,79000,79100,78500,78500,12355296,53.35
2021-07-22,79000,79800,78900,79700,12618790,53.35
2021-07-23,79700,79900,79200,79300,9098910,53.33
2021-07-26,79400,79500,78800,78800,10040975,53.3
2021-07-27,79200,79400,78500,78500,11427693,53.27
2021-07-28,78300,79200,78100,79200,12743417,53.22
2021-07-29,78800,79400,78800,79000,14360453,53.19
2021-07-30,78900,78900,78500,78500,13823411,53.17
2021-08-02,79200,79500,78700,79300,11739124,53.15
2021-08-03,79400,81400,79300,81400,24339360,53.27
2021-08-04,82200,83100,81800,82900,25642368,53.38
2021-08-05,83300,83300,82000,82100,18485469,53.35
2021-08-06,81900,82500,81300,81500,13342623,53.35
2021-08-09,81500,82300,80900,81500,15522581,53.34
2021-08-10,82300,82400,80100,80200,20362639,53.25
2021-08-11,79600,79800,78500,78500,30241137,53.02
2021-08-12,77100,78200,76900,77000,42365223,52.65
2021-08-13,75800,76000,74100,74400,61270643,52.12
2021-08-17,74000,75100,74000,74200,30944847,52.02
2021-08-18,73900,74600,73100,73900,29192631,51.86
2021-08-19,73500,74400,73100,73100,22166298,51.82
2021-08-20,73500,73900,72500,72700,22364803,51.76
2021-08-23,73300,74000,73000,73300,19384648,51.7
2021-08-24,73900,75700,73900,75600,21016913,51.7
2021-08-25,76200,76600,74900,75700,22319664,51.71
2021-08-26,76100,76200,74600,74600,16671494,51.68
2021-08-27,74300,75000,73800,74300,15172748,51.64
2021-08-30,75400,75500,74200,74600,12686999,51.61
2021-08-31,74900,76700,74300,76700,24630370,51.7
2021-09-01,76700,77100,75900,76800,16114775,51.76
2021-09-02,76800,76800,75700,76000,15347486,51.76
2021-09-03,76400,76700,76000,76600,12096419,51.8
2021-09-06,76800,77600,76600,77300,12861180,51.83
2021-09-07,77100,77100,75900,76100,13239401,51.79
2021-09-08,76000,76400,75600,76300,11798147,51.8
2021-09-09,76400,76600,75000,75300,17600770,51.81
2021-09-10,75300,75600,74800,75300,10103212,51.77
2021-09-13,75200,76300,75100,76300,11397775,51.8
2021-09-14,77100,77700,76600,76600,18167057,51.85
2021-09-15,77400,77400,76400,77000,12829128,51.88
2021-09-16,77300,77400,76100,76100,13067622,51.88
2021-09-17,76300,77200,75900,77200,16289502,51.93
2021-09-23,77500,77600,76800,77400,17055590,51.98
2021-09-24,77600,77700,77100,77300,12247274,51.98
2021-09-27,77300,77700,77000,77700,11699798,52.0
2021-09-28,77700,77800,76200,76300,15406382,51.99
2021-09-29,74800,75300,73800,74100,23992458,51.86
2021-09-30,74300,74800,73700,74100,19919361,51.86
2021-10-01,73900,74000,72900,73200,15803395,51.84
2021-10-05,73000,73000,71400,72200,24013921,51.81
2021-10-06,72600,72800,71200,71300,18956962,51.8
2021-10-07,71600,72100,71300,71600,13683532,51.76
2021-10-08,72300,72400,71500,71500,14043287,51.76
2021-10-12,70700,70900,68700,69000,31001484,51.6
2021-10-13,68700,69600,68300,68800,24172015,51.51
2021-10-14,69000,69800,68800,69400,19520641,51.45
2021-10-15,70200,71000,70000,70100,18051612,51.42
2021-10-18,70200,70300,69200,70200,13486391,51.44
2021-10-19,70800,71000,70400,70600,9507991,51.43
2021-10-20,70700,71000,70200,70300,10151638,51.44
2021-10-21,70300,70600,70000,70200,10891094,51.43
2021-10-22,70000,70700,70000,70400,8395448,51.42
2021-10-25,69900,70600,69500,70200,10029621,51.39
2021-10-26,70600,71500,70400,71100,10528252,51.38
2021-10-27,71000,71000,70000,70100,10295316,51.34
2021-10-28,69500,72200,69500,70700,20644902,51.3
2021-10-29,71200,71600,69700,69800,17016151,51.26
2021-11-01,70200,70600,69900,69900,11503729,51.23
2021-11-02,70800,72200,70700,71500,16812570,51.26
2021-11-03,71700,71700,70100,70400,12770428,51.24
2021-11-04,71200,71600,70500,70600,11818987,51.23
2021-11-05,71600,71600,70200,70200,12667743,51.21
2021-11-08,70400,70600,69800,70600,11121981,51.2
2021-11-09,70300,71000,70100,70500,11159589,51.18
2021-11-10,70300,70900,70200,70200,9422009,51.2
2021-11-11,69900,70000,69600,69900,11489122,51.17
2021-11-12,70200,70900,69900,70600,10087450,51.18
2021-11-15,71700,71900,70900,71400,12420710,51.19
2021-11-16,71500,72000,71300,71300,10919239,51.2
2021-11-17,71300,71600,70600,70700,11027606,51.23
2021-11-18,70700,71000,70200,70200,10144957,51.21
2021-11-19,70400,71400,70100,71200,11954728,51.21
2021-11-22,73300,75200,73000,74900,27506623,51.31
2021-11-23,76000,76000,74500,75300,22029195,51.39
2021-11-24,76000,76200,74100,74800,15652305,51.41
2021-11-25,75100,75100,73600,73700,12559258,51.41
2021-11-26,73500,74100,72000,72300,13002242,51.39
2021-11-29,71700,73000,71400,72300,16682559,51.38
2021-11-30,73200,73900,70500,71300,30364841,51.41
2021-12-01,72000,74800,71600,74400,21954856,51.5
2021-12-02,73900,75800,73800,75800,23652940,51.61
2021-12-03,75600,76000,74100,75600,18330240,51.6
2021-12-06,75100,76700,74900,76300,16391250,51.64
2021-12-07,76100,77700,75600,77400,19232453,51.71
2021-12-08,78300,78600,77100,77400,21558340,51.72
2021-12-09,77400,78200,77000,78200,21604528,51.77
2021-12-10,77400,77600,76800,76900,9155219,51.75
2021-12-13,77200,78300,76500,76800,15038750,51.75
2021-12-14,76500,77200,76200,77000,10976660,51.77
2021-12-15,76400,77600,76300,77600,9584939,51.79
2021-12-16,78500,78500,77400,77800,11996128,51.78
2021-12-17,76800,78000,76800,78000,13108479,51.82
2021-12-20,77600,77800,76800,77100,11264375,51.82
2021-12-21,77900,78300,77500,78100,14245298,51.81
2021-12-22,78900,79400,78800,79400,17105892,51.89
2021-12-23,79800,80000,79300,79900,13577498,51.9
2021-12-24,80200,80800,80200,80500,12086380,51.89
2021-12-27,80600,80600,79800,80200,10783368,51.88
2021-12-28,80200,80400,79700,80300,18226325,51.89
2021-12-29,80200,80200,78500,78800,19794795,51.91
2021-12-30,78900,79500,78100,78300,14236700,51.92
2022-01-03,79400,79800,78200,78600,13502112,51.97
2022-01-04,78800,79200,78300,78700,12427416,51.98
2022-01-05,78800,79000,76400,77400,25470640,51.99
2022-01-06,76700,77600,76600,76900,12931954,52.03
2022-01-07,78100,78400,77400,78300,15163757,52.11
2022-01-10,78100,78100,77100,78000,9947422,52.15
2022-01-11,78400,79000,78000,78900,13221123,52.2
2022-01-12,79500,79600,78600,78900,11000502,52.19
2022-01-13,79300,79300,77900,77900,13889401,52.2
2022-01-14,77700,78100,77100,77300,10096725,52.22
2022-01-17,77600,77800,76900,77500,8785122,52.23
2022-01-18,77600,77800,76600,77000,9592788,52.23
2022-01-19,76500,76900,76100,76300,10598290,52.24
2022-01-20,76200,76700,75900,76500,9708168,52.23
2022-01-21,75800,75800,74700,75600,15774888,52.22
2022-01-24,75400,75800,74700,75100,13691134,52.2
2022-01-25,74800,75000,73200,74000,17766704,52.17
2022-01-26,73900,74400,73100,73300,12976730,52.16
2022-01-27,73800,74000,71300,71300,22274777,52.14
2022-01-28,71300,73700,71200,73300,21367447,52.12
2022-02-03,74900,74900,73300,73300,17744721,52.09
2022-02-04,74300,74600,73400,74000,12730034,52.09
2022-02-07,73500,73600,72400,73000,14240838,52.1
2022-02-08,73800,74200,73000,73500,11736666,52.11
2022-02-09,74300,74700,74000,74700,9699122,52.14
2022-02-10,75600,75800,74700,75400,17746033,52.19
2022-02-11,75000,75500,74600,74900,12205407,52.22
2022-02-14,74400,74500,73100,73700,13993255,52.2
2022-02-15,74100,74200,73100,73700,9320365,52.2
2022-02-16,74600,74900,74200,74800,10767386,52.21
2022-02-17,75000,75600,74500,75000,13605382,52.24
2022-02-18,74600,74800,73700,74300,10122226,52.23
2022-02-21,73200,74300,72600,74200,10489717,52.22
2022-02-22,73000,73400,72800,73400,11692469,52.23
2022-02-23,73800,73800,72800,73000,10397964,52.23
2022-02-24,72300,72300,71300,71500,15759283,52.19
2022-02-25,72100,72600,71900,71900,13168484,52.15
2022-02-28,71100,72100,71000,72100,17781783,52.11
2022-03-02,72300,72400,71500,71700,12481430,52.1
2022-03-03,72300,73100,72200,72900,13232638,52.1
2022-03-04,72700,72700,71200,71500,13409634,52.05
2022-03-07,70000,70600,69900,70100,18617138,51.97
2022-03-08,68800,70000,68700,69500,15828269,51.92
2022-03-10,70800,71200,70500,71200,21159248,51.89
2022-03-11,70500,70700,69700,70000,15787655,51.82
2022-03-14,70000,70200,69600,70200,9040993,51.84
2022-03-15,69800,70100,69500,69500,10258562,51.8
2022-03-16,70200,70500,69700,70400,10175750,51.79
2022-03-17,71200,71800,70900,71200,17646315,51.79
2022-03-18,70600,70900,70200,70700,14410038,51.79
2022-03-21,70900,71000,69900,69900,11169002,51.75
2022-03-22,69900,70500,69900,70300,9402666,51.75
2022-03-23,70600,71200,70300,70500,12398025,51.74
2022-03-24,69600,70300,69600,69800,37943357,51.97
2022-03-25,70100,70200,69600,69800,12986010,51.91
2022-03-28,69500,69900,69200,69700,12619289,51.84
2022-03-29,70000,70300,69800,70200,13686208,51.79
2022-03-30,70300,70500,69800,69900,12670187,51.76
2022-03-31,69900,70200,69600,69600,12510366,51.68
2022-04-01,69500,69500,69000,69100,15916846,51.63
2022-04-04,68900,69300,68600,69300,11107905,51.61
2022-04-05,69400,69600,69100,69200,8467248,51.61
2022-04-06,68600,68800,68500,68500,15517308,51.52
2022-04-07,68500,68500,68000,68000,20683327,51.44
2022-04-08,68100,68300,67700,67800,15453191,51.37
2022-04-11,67800,68100,67400,67900,12263735,51.34
2022-04-12,67600,67700,67000,67000,13924389,51.3
2022-04-13,67300,69000,67200,68700,17378619,51.3
2022-04-14,68700,68700,67500,67500,16409494,51.25
2022-04-15,67200,67300,66500,66600,13176415,51.21
2022-04-18,66500,67100,66100,66700,10119203,51.19
2022-04-19,67100,68000,67000,67300,12959434,51.17
2022-04-20,67000,67400,66500,67400,16693293,51.14
2022-04-21,67600,68300,67500,67700,12847448,51.14
2022-04-22,67200,67300,66700,67000,11791478,51.13
2022-04-25,66500,66700,66300,66300,11016474,51.08
2022-04-26,66400,66700,66100,66100,12946923,51.01
2022-04-27,65400,65500,64900,65000,18122084,50.93
2022-04-28,65400,65500,64500,64800,16895527,50.87
2022-04-29,65100,67600,65000,67400,26190390,50.9
2022-05-02,66600,67600,66500,67300,14106184,50.88
2022-05-03,67400,68400,67300,67500,14168875,50.89
2022-05-04,68000,68400,67500,67900,11505248,50.89
2022-05-06,67000,67100,66500,66500,14356156,50.82
2022-05-09,66300,66900,66100,66100,11858736,50.81
2022-05-10,65900,66300,65300,65700,17235605,50.78
2022-05-11,65500,66300,65200,65700,12330920,50.78
2022-05-12,65200,65500,64900,64900,16414188,50.75
2022-05-13,65300,66700,65200,66500,14551536,50.74
2022-05-16,67100,67400,66100,66300,11937555,50.75
2022-05-17,66600,67900,66600,67600,15680447,50.74
2022-05-18,68300,68700,67600,68100,16486319,50.77
2022-05-19,66500,67600,66500,67500,17073727,50.77
2022-05-20,67800,68400,67700,68000,12109671,50.75
2022-05-23,68800,68800,67600,67900,13684088,50.74
2022-05-24,67500,67700,66500,66500,15482576,50.69
2022-05-25,66700,67100,65900,66400,15150490,50.65
2022-05-26,66300,67200,65500,65900,15970890,50.63
2022-05-27,66700,66900,66200,66500,11405555,50.6
2022-05-30,67500,67800,66900,67700,14255484,50.62
2022-05-31,67500,67500,66700,67400,24365002,50.62
2022-06-02,66600,67000,66400,66700,14959443,50.6
2022-06-03,67200,67300,66800,66800,8222883,50.59
2022-06-07,66200,66400,65400,65500,19355755,50.54
2022-06-08,65400,65700,65300,65300,12483180,50.5
2022-06-09,65100,65200,64500,65200,25790725,50.39
2022-06-10,64000,64400,63800,63800,22193552,50.26
2022-06-13,62400,62800,62100,62100,22157816,50.2
2022-06-14,61200,62200,61100,61900,24606419,50.19
2022-06-15,61300,61500,60200,60700,26811224,50.11
2022-06-16,61300,61800,60500,60900,23394895,50.09
2022-06-17,59400,59900,59400,59800,29053450,49.97
2022-06-20,59800,59900,58100,58700,34111306,49.88
2022-06-21,58700,59200,58200,58500,25148109,49.82
2022-06-22,59000,59100,57600,57600,23334687,49.79
2022-06-23,57700,58000,56800,57400,28338608,49.72
2022-06-24,57900,59100,57700,58400,23256103,49.67
2022-06-27,59000,59900,58300,58800,18122236,49.69
2022-06-28,59200,59500,58700,59400,13540538,49.7
2022-06-29,58500,58800,58000,58000,14677138,49.7
2022-06-30,57200,57600,57000,57000,18915142,49.65
2022-07-01,56900,57500,55900,56200,24982097,49.59
2022-07-04,56100,57400,55700,57100,17807126,49.58
2022-07-05,57600,58200,57200,57200,14216539,49.56
2022-07-06,57300,57300,56400,56400,16820461,49.55
2022-07-07,56400,58700,56300,58200,21322833,49.59
2022-07-08,58600,59300,58200,58700,15339271,49.61
2022-07-11,59300,59600,58700,58800,13042624,49.64
2022-07-12,58600,58700,58100,58100,9336061,49.64
2022-07-13,58300,58600,58000,58000,10841315,49.61
2022-07-14,57500,58200,57400,57500,15067012,49.65
2022-07-15,58400,60000,58100,60000,18685583,49.74
2022-07-18,60600,62000,60500,61900,20832517,49.8
2022-07-19,61400,61500,60200,60900,15248261,49.78
2022-07-20,61800,62100,60500,60500,16782238,49.73
2022-07-21,61100,61900,60700,61800,12291374,49.78
2022-07-22,61800,62200,61200,61300,10261310,49.79
2022-07-25,60900,61900,60800,61100,9193681,49.79
2022-07-26,60800,61900,60800,61700,6597211,49.8
2022-07-27,61300,61900,61200,61800,7320997,49.81
2022-07-28,62300,62600,61600,61900,10745302,49.84
2022-07-29,62400,62600,61300,61400,15093120,49.82
2022-08-01,61000,61700,60300,61300,13154816,49.82
2022-08-02,61200,61900,61000,61700,13614895,49.88
2022-08-03,61600,61600,61000,61300,10053861,49.88
2022-08-04,61700,61800,61200,61500,9125439,49.89
2022-08-05,61700,61900,61200,61500,9567620,49.88
2022-08-08,61400,61400,60600,60800,11313150,49.88
2022-08-09,60600,60700,59600,60000,18251170,49.82
2022-08-10,58900,59200,58600,59100,18084349,49.76
2022-08-11,59600,60000,59300,59900,15141941,49.72
2022-08-12,59500,60700,59400,60200,10786658,49.73
2022-08-16,60500,61600,60300,61000,15036727,49.74
2022-08-17,61100,61200,60300,60400,9061518,49.73
2022-08-18,60300,61900,60000,61500,16372754,49.81
2022-08-19,61400,61600,60600,60900,6923679,49.81
2022-08-22,60300,60400,59800,60000,8259865,49.81
2022-08-23,59000,59600,59000,59100,9041629,49.8
2022-08-24,59200,59500,59000,59000,8888486,49.8
2022-08-25,59200,59700,59000,59700,5767902,49.81
2022-08-26,60300,60900,59900,60000,9499995,49.81
2022-08-29,58700,58900,58600,58600,9841329,49.8
2022-08-30,58700,59000,58300,58800,9690044,49.77
2022-08-31,58200,59900,58200,59700,14203512,49.83
2022-09-01,58700,58900,58300,58400,14905777,49.82
2022-09-02,58300,58600,57500,57500,15040310,49.76
2022-09-05,57400,57800,56800,57100,11425977,49.72
2022-09-06,57200,57600,56900,57100,7503086,49.71
2022-09-07,56700,56700,55900,56000,17384854,49.62
2022-09-08,56200,56400,55600,55600,18000016,49.53
2022-09-13,57000,58500,56800,58100,17166581,49.54
2022-09-14,56200,57200,56100,56800,12524961,49.54
2022-09-15,57000,57100,56000,56000,11664819,49.5
2022-09-16,55600,56400,55500,56200,13456503,49.49
2022-09-19,56300,57000,56000,56400,12278653,49.48
2022-09-20,56400,57000,55800,55800,14041465,49.43
2022-09-21,55400,55500,55000,55300,11863700,49.36
2022-09-22,54600,54700,54300,54400,12786510,49.33
2022-09-23,54400,54900,54200,54500,10555964,49.35
2022-09-26,53700,54200,53600,53900,15008449,49.31
2022-09-27,53800,54200,53500,54200,16631289,49.31
2022-09-28,53900,54400,52500,52900,19991129,49.26
2022-09-29,53300,53700,52600,52600,13882080,49.24
2022-09-30,52300,53600,51800,53100,22503249,49.27
2022-10-04,55300,55400,54500,55200,19148435,49.34
2022-10-05,56900,57200,55400,56000,22458970,49.42
2022-10-06,56700,57300,56300,56300,14944446,49.44
2022-10-07,55900,56900,55200,56200,16886813,49.46
2022-10-11,54400,55700,54000,55400,21437877,49.47
2022-10-12,55700,57000,55200,55800,18408910,49.51
2022-10-13,55400,56100,55200,55200,13784602,49.51
2022-10-14,56200,56500,55800,56300,12924326,49.52
2022-10-17,55800,57000,55700,56600,13641878,49.54
2022-10-18,56700,57100,55800,56500,14820702,49.58
2022-10-19,56700,56900,55700,55800,12660652,49.56
2022-10-20,55200,56000,55100,55500,17107653,49.59
2022-10-21,55100,56300,55100,55900,11456060,49.58
2022-10-24,57000,57500,56700,57500,16944503,49.64
2022-10-25,57000,58600,57000,57700,17405678,49.66
2022-10-26,58000,59600,57700,59400,20824967,49.76
2022-10-27,59700,60100,58900,59500,21756712,49.75
2022-10-28,58900,59200,57200,57300,20924937,49.74
2022-10-31,58100,59900,58000,59400,18999514,49.8
2022-11-01,59900,60300,59500,60000,17201647,49.82
2022-11-02,59700,60000,59300,59600,13202919,49.84
2022-11-03,58600,59800,58100,59200,17492162,49.87
2022-11-04,59100,59500,58400,59400,12445841,49.84
2022-11-07,59700,60300,59400,60200,12437246,49.86
2022-11-08,60500,61900,60500,61800,18273898,49.92
2022-11-09,62000,62200,61300,62000,14045592,49.93
2022-11-10,61400,61500,60400,60400,21087633,49.87
2022-11-11,63100,63200,62300,62900,20037163,49.92
2022-11-14,62900,62900,61700,61900,15973416,49.92
2022-11-15,62200,62500,61600,62400,12310986,49.93
2022-11-16,62400,62700,61700,62700,12909260,49.94
2022-11-17,62000,62000,61300,61400,13298296,49.9
2022-11-18,61800,62400,61400,61800,12236503,49.92
2022-11-21,61400,61800,60800,61400,9378097,49.9
2022-11-22,60900,61200,60300,60600,9411289,49.9
2022-11-23,61200,61300,60700,61000,8765050,49.9
2022-11-24,61200,61700,60900,61400,8125010,49.91
2022-11-25,61400,61700,60800,61000,6677933,49.9
2022-11-28,60500,60500,59800,60100,8589032,49.92
2022-11-29,59900,60600,59800,60600,7014160,49.92
2022-11-30,60400,62200,60200,62200,19768903,50.01
2022-12-01,63100,63200,62300,62600,16631445,50.06
2022-12-02,62500,62500,60400,60400,15331184,50.03
2022-12-05,60900,61100,60000,60300,13767787,50.0
2022-12-06,59800,60100,59200,59200,13888300,49.95
2022-12-07,58800,59600,58500,58900,12100662,49.93
2022-12-08,58700,59200,58600,59200,12986815,49.92
2022-12-09,59300,60600,59300,60400,10529632,49.93
2022-12-12,59900,60000,59400,59500,9036472,49.93
2022-12-13,59600,60300,59400,59700,9040873,49.94
2022-12-14,59800,60600,59800,60500,8207485,49.96
2022-12-15,59800,60200,59300,59300,8716039,49.96
2022-12-16,58300,59500,58300,59500,13033596,49.99
2022-12-19,59500,59900,59100,59500,7696187,49.98
2022-12-20,59000,59100,58500,58600,9284761,49.95
2022-12-21,58700,59100,58000,58000,10356971,49.9
2022-12-22,58100,59100,58100,59100,10720630,49.89
2022-12-23,58200,58400,57700,58100,9829407,49.79
2022-12-26,58000,58100,57700,57900,6756411,49.78
2022-12-27,58000,58400,57900,58100,10667027,49.75
2022-12-28,57600,57600,56400,56600,14665410,49.69
2022-12-29,56000,56200,55300,55300,11295935,49.67
2023-01-02,55500,56100,55200,55500,10031448,49.67
2023-01-03,55400,56000,54500,55400,13547030,49.76
2023-01-04,55700,58000,55600,57800,20188071,49.82
2023-01-05,58200,58800,57600,58200,15682826,49.87
2023-01-06,58300,59400,57900,59000,17334989,49.91
2023-01-09,59700,60700,59600,60700,18640107,49.97
2023-01-10,60200,61100,59900,60400,14859797,49.98
2023-01-11,61000,61200,60300,60500,12310751,49.99
2023-01-12,61100,61200,59900,60500,16102561,50.02
2023-01-13,60500,61200,60400,60800,12510328,50.04
2023-01-16,61300,61600,60800,61100,10039972,50.06
2023-01-17,61200,61500,60600,61000,9831456,50.07
2023-01-18,60700,61000,59900,60400,11584041,50.09
2023-01-19,60500,61500,60400,61500,12808490,50.15
2023-01-20,62100,62300,61100,61800,9646327,50.17
2023-01-25,63500,63700,63000,63400,16822710,50.28
2023-01-26,63800,63900,63300,63900,13278277,50.34
2023-01-27,64400,65000,63900,64600,18760182,50.43
2023-01-30,64900,64900,63100,63300,20995234,50.46
2023-01-31,63500,63700,61000,61000,29746731,50.35
2023-02-01,62600,62700,61000,61800,18570133,50.35
2023-02-02,63200,63900,62600,63500,23285983,50.44
2023-02-03,63900,64000,63000,63800,15194598,50.49
2023-02-06,62800,63000,61600,61600,15529356,50.45
2023-02-07,61900,62500,61600,61900,14491039,50.47
2023-02-08,62800,63300,62400,63100,12243125,50.52
2023-02-09,63000,63300,62300,63000,12164865,50.55
2023-02-10,62600,63000,62400,62800,9382576,50.59
2023-02-13,62900,63000,62300,62900,10730362,50.63
2023-02-14,63600,63900,63200,63200,9126664,50.64
2023-02-15,63900,63900,62000,62200,13208103,50.65
2023-02-16,62500,63700,62400,63700,13798831,50.68
2023-02-17,62900,63300,62400,62600,10791265,50.69
2023-02-20,62900,63000,61800,62700,12908073,50.69
2023-02-21,62700,62800,62000,62100,7665046,50.68
2023-02-22,61500,61800,61000,61100,11959088,50.69
2023-02-23,61700,62500,61500,62000,13047099,50.7
2023-02-24,62300,62600,61300,61300,10308143,50.7
2023-02-27,60800,60800,60200,60500,11155697,50.69
2023-02-28,60800,61400,60500,60600,13715861,50.68
2023-03-02,60900,61800,60500,60800,13095682,50.73
2023-03-03,61000,61200,60500,60500,10711405,50.7
2023-03-06,61100,61600,60800,61500,13630602,50.72
2023-03-07,61400,61400,60700,60700,11473280,50.71
2023-03-08,60100,60500,59900,60300,14161857,50.74
2023-03-09,60500,60800,59900,60100,14334499,50.68
2023-03-10,59500,59700,59100,59500,11902471,50.67
2023-03-13,59900,60200,59300,60000,12779724,50.69
2023-03-14,59400,59500,59000,59000,12147346,50.67
2023-03-15,60000,60300,59600,59800,10482149,50.69
2023-03-16,59200,60200,59100,59900,10611939,50.71
2023-03-17,60800,61300,60600,61300,14090110,50.76
2023-03-20,61100,61200,60200,60200,9618009,50.72
2023-03-21,60500,60700,60100,60300,8318514,50.73
2023-03-22,61000,61200,60500,61100,8978591,50.76
2023-03-23,60600,62300,60600,62300,15381057,50.82
2023-03-24,62700,63300,62300,63000,18278602,50.93
2023-03-27,62600,62800,62000,62100,11039331,50.92
2023-03-28,62400,62900,62100,62900,11614118,50.93
2023-03-29,62500,62700,62200,62700,11216008,50.87
2023-03-30,63700,63700,63100,63200,15684377,50.86
2023-03-31,64000,64000,63700,64000,14094479,50.96
2023-04-03,64000,64000,63000,63100,11973133,51.01
2023-04-04,63400,63800,62800,63600,11120514,51.05
2023-04-05,63700,64000,63400,63900,9176149,51.09
2023-04-06,63500,63600,62300,62300,14992747,51.1
2023-04-07,63800,65200,63800,65000,27476120,51.34
2023-04-10,64800,66300,64700,65700,18777166,51.41
2023-04-11,66200,66200,65400,65900,16323183,51.42
2023-04-12,65800,66200,65300,66000,15021313,51.49
2023-04-13,65600,66100,65400,66100,15091022,51.49
2023-04-14,66600,66600,65000,65100,16176490,51.47
2023-04-17,65000,65600,64700,65300,13486618,51.52
2023-04-18,65900,66000,64800,65600,14802060,51.6
2023-04-19,65500,65800,65300,65500,10255985,51.58
2023-04-20,65100,65300,64600,65300,9501169,51.61
2023-04-21,65800,65900,65400,65700,10538622,51.65
2023-04-24,65300,65700,64800,65200,12986581,51.7
2023-04-25,65300,65400,63400,63600,16193271,51.68
2023-04-26,63600,64300,63300,64100,12664541,51.73
2023-04-27,64100,65000,63300,64600,14779601,51.8
2023-04-28,65200,65900,65000,65500,19699481,51.87
2023-05-02,66000,66300,65100,65700,14396948,51.89
2023-05-03,65100,65600,64900,65400,8876749,51.93
2023-05-04,65600,65700,64700,65100,9791064,51.95
2023-05-08,66300,66300,65400,65900,9405365,51.97
2023-05-09,65800,65800,65100,65300,9366861,51.96
2023-05-10,65500,65500,64300,64600,13057727,51.94
2023-05-11,64700,65100,64200,64200,11648905,51.93
2023-05-12,63700,64600,63600,64100,8693913,51.94
2023-05-15,64100,64600,63900,64500,8172021,51.94
2023-05-16,65800,65900,65300,65400,12334657,51.99
2023-05-17,65900,65900,64800,65000,10745504,51.99
2023-05-18,66000,66200,65700,66200,14431704,52.08
2023-05-19,67800,68400,67500,68400,20349345,52.19
2023-05-22,68400,69000,68000,68500,14470308,52.19
2023-05-23,68500,68700,68100,68400,8561643,52.18
2023-05-24,68100,68700,68000,68500,8192896,52.2
2023-05-25,69900,70000,68700,68800,14231160,52.21
2023-05-26,69800,70400,69500,70300,19549511,52.34
2023-05-30,71300,72300,71200,72300,27476897,52.45
2023-05-31,72400,72500,71000,71400,25666087,52.48
2023-06-01,70900,71600,70600,70900,14669296,52.49
2023-06-02,71700,72200,71600,72200,12161798,52.54
2023-06-05,72700,72700,71400,71700,12686829,52.54
2023-06-07,71300,71600,70800,71000,14796613,52.52
2023-06-08,70400,70900,70000,70900,19165568,52.52
2023-06-09,71100,72300,70800,72000,15050209,52.57
2023-06-12,72100,72400,70800,71000,12064287,52.52
2023-06-13,71700,72200,71600,72000,13227285,52.54
2023-06-14,72100,72200,71100,71900,12541046,52.55
2023-06-15,72100,72300,71300,71500,13614994,52.53
2023-06-16,71800,71900,70900,71800,15373696,52.56
2023-06-19,71300,71700,70900,71200,11100887,52.57
2023-06-20,70700,71400,70400,71400,11557883,52.59
2023-06-21,70700,71200,70400,70500,10626603,52.57
2023-06-22,70200,71500,70100,71300,11411007,52.59
2023-06-23,72000,72200,71600,71600,12329484,52.67
2023-06-26,71700,72500,71500,72400,10541901,52.73
2023-06-27,72500,72600,72000,72600,9442997,52.77
2023-06-28,72600,72700,72000,72700,8783093,52.75
2023-06-29,73100,73400,72400,72400,12229967,52.79
2023-06-30,72500,72700,71700,72200,11694765,52.79
2023-07-03,72700,73200,72600,73000,10722181,52.77
2023-07-04,73400,73600,72900,73000,10214350,52.81
2023-07-05,73000,73300,71900,72000,12310610,52.83
2023-07-06,71900,72400,71500,71600,14777667,52.85
2023-07-07,71100,71400,69800,69900,17308877,52.83
2023-07-10,70000,70400,69200,69500,11713926,52.83
2023-07-11,70200,71500,70100,71500,12177392,52.87
2023-07-12,71200,72000,71100,71900,10375581,52.9
2023-07-13,72400,72600,71900,71900,14417279,52.91
2023-07-14,72500,73400,72400,73400,15882519,52.99
2023-07-17,73200,73500,72800,73300,10060049,53.02
2023-07-18,73200,73500,72000,72000,11697900,52.99
2023-07-19,72700,72800,71300,71700,10896412,52.99
2023-07-20,71100,71500,70800,71000,9732730,53.01
2023-07-21,70400,70400,69400,70300,16528926,52.95
2023-07-24,70100,70900,69900,70400,13418597,53.01
2023-07-25,70000,70500,69800,70000,14314945,53.02
2023-07-26,69800,70600,68100,69800,30016221,53.0
2023-07-27,69900,71700,69300,71700,24261179,53.02
2023-07-28,71800,72400,70100,70600,19420683,53.02
2023-07-31,70900,71000,69800,69800,13035420,53.01
2023-08-01,70100,71200,70000,71100,12299254,53.03
2023-08-02,70700,71000,69800,69900,13835020,53.03
2023-08-03,69900,70200,68500,68800,20087090,53.02
2023-08-04,68800,69100,68200,68300,12360193,52.99
2023-08-07,67700,69200,67600,68500,10968505,53.02
2023-08-08,69000,69100,67400,67600,14664709,53.04
2023-08-09,68000,69600,67900,68900,17259673,53.09
2023-08-10,68300,68500,67800,68000,10227311,53.08
2023-08-11,68400,68800,67500,67500,9781038,53.05
2023-08-14,67500,67900,66900,67300,9352343,53.06
2023-08-16,66700,67100,66300,67000,13174578,53.06
2023-08-17,66300,66800,66000,66700,10778652,53.05
2023-08-18,66000,66700,65800,66300,11745006,53.06
2023-08-21,66600,67100,66300,66600,9720067,53.06
2023-08-22,67200,67700,66300,66600,10500242,53.06
2023-08-23,66700,67100,66400,67100,9549352,53.07
2023-08-24,68300,68700,67900,68200,15044463,53.08
2023-08-25,67100,67400,66900,67100,7032462,53.08
2023-08-28,66800,67000,66500,66800,5824628,53.05
2023-08-29,66900,67200,66600,66800,9114352,53.04
2023-08-30,67300,67700,67100,67100,9181223,53.05
2023-08-31,67100,67200,66400,66900,15964630,53.01
2023-09-01,66800,71000,66700,71000,29738235,53.14
2023-09-04,72900,72900,70700,71200,26286495,53.2
2023-09-05,70900,71500,70200,70700,12330239,53.23
2023-09-06,70700,70800,69700,70000,11414620,53.24
2023-09-07,70000,70600,69600,70400,13741241,53.26
2023-09-08,70200,70300,69600,70300,10688118,53.27
2023-09-11,70400,70800,70000,70800,11785462,53.28
2023-09-12,70800,71000,70400,70500,11688599,53.29
2023-09-13,71100,71600,70300,70900,15955797,53.29
2023-09-14,71200,71800,70800,71700,21041407,53.21
2023-09-15,71700,72300,71400,72000,17823512,53.18
2023-09-18,71300,71700,70200,70200,16040727,53.17
2023-09-19,70400,70800,69600,69800,11820188,53.18
2023-09-20,70000,70300,69500,69600,10873015,53.17
2023-09-21,69200,69800,68800,68900,10796336,53.19
2023-09-22,68300,68900,68300,68800,9897840,53.18
2023-09-25,68500,69700,68500,69400,13582516,53.18
2023-09-26,70000,70000,68400,68600,13143470,53.19
2023-09-27,68600,69100,68200,68400,14886491,53.2
2023-10-04,67400,67700,66700,67500,23361149,53.17
2023-10-05,67300,67400,66700,66700,16108313,53.13
2023-10-06,67100,67300,66000,66000,14386527,53.05
2023-10-10,66200,67600,66200,66400,19889202,52.99
2023-10-11,68600,69400,67900,68200,25209349,52.99
2023-10-12,68600,69700,68200,68900,19311380,52.99
2023-10-13,68000,68500,67700,68000,9724086,52.98
2023-10-16,67900,68500,66800,67300,12599299,52.95
2023-10-17,67700,69900,67400,69400,17299253,53.01
2023-10-18,68900,70500,68800,70500,16493184,53.09
2023-10-19,69700,70000,69400,69500,13985012,53.11
2023-10-20,68900,69200,68100,68800,15204495,53.12
2023-10-23,68700,69100,68200,68400,11625959,53.09
2023-10-24,68700,68800,67700,68500,12791710,53.09
2023-10-25,68800,68800,67900,68000,10610703,53.08
2023-10-26,67000,67900,66700,66700,15517624,53.07
2023-10-27,67100,67300,66700,67300,11334726,53.06
2023-10-30,66800,67800,66700,67300,10139270,53.08
2023-10-31,67600,68300,66900,66900,14488892,53.07
2023-11-01,67500,68900,67300,68600,13775256,53.06
2023-11-02,70000,70000,69400,69700,16350031,53.11
2023-11-03,69700,70200,69500,69600,10322234,53.13
2023-11-06,69800,70900,69300,70900,22228489,53.11
2023-11-07,70600,70900,70000,70900,17228731,53.16
2023-11-08,71300,71400,69700,69900,12901310,53.16
2023-11-09,69900,70800,69600,70300,12301373,53.21
2023-11-10,70000,70500,69500,70500,9684347,53.21
2023-11-13,71300,71300,70300,70400,9246919,53.22
2023-11-14,71000,71100,70600,70800,9567984,53.24
2023-11-15,71600,72200,71500,72200,20148677,53.33
2023-11-16,72500,73000,72300,72800,15860451,53.42
2023-11-17,72300,73000,72300,72500,11494644,53.46
2023-11-20,72100,73000,72100,72700,10610157,53.47
2023-11-21,73100,73400,72700,72800,9712881,53.5
2023-11-22,72200,73000,71900,72800,11105143,53.54
2023-11-23,73000,73200,72200,72400,6775614,53.55
2023-11-24,72400,72600,71700,71700,6676685,53.55
2023-11-27,71500,72100,71100,71300,9113857,53.54
2023-11-28,71400,72700,71300,72700,13283081,53.55
2023-11-29,72400,72800,72200,72700,9283933,53.59
2023-11-30,72700,72800,72200,72800,15783714,53.58
2023-12-01,72400,72500,71700,72000,9871284,53.58
2023-12-04,72800,72900,72400,72600,10229267,53.61
2023-12-05,72300,72400,71200,71200,12129682,53.59
2023-12-06,71800,72100,71600,71700,8123087,53.61
2023-12-07,71800,71900,71100,71500,8862017,53.64
2023-12-08,72100,72800,71900,72600,10859463,53.63
2023-12-11,72800,73000,72200,73000,9861960,53.7
2023-12-12,73300,73500,73100,73500,13758646,53.69
2023-12-13,73300,73500,72800,72800,13116766,53.71
2023-12-14,74100,74300,72500,73100,27567593,53.8
2023-12-15,73800,74000,73200,73300,15419815,53.82
2023-12-18,73300,73400,72800,72900,9690551,53.82
2023-12-19,73000,73400,72800,73400,8907632,53.83
2023-12-20,74200,74900,73800,74800,16870156,53.86
2023-12-21,74600,75000,74300,75000,13478766,53.9
2023-12-22,75800,76300,75400,75900,14515608,53.92
2023-12-26,76100,76700,75700,76600,13164909,53.91
2023-12-27,76700,78000,76500,78000,20651042,53.99
2023-12-28,77700,78500,77500,78500,17797536,54.0
2024-01-02,78200,79800,78200,79600,17142847,54.05
2024-01-03,78500,78800,77000,77000,21753644,54.04
2024-01-04,76100,77300,76100,76600,15324439,54.05
2024-01-05,76700,77100,76400,76600,11304316,54.06
2024-01-08,77000,77500,76400,76500,11088724,54.07
2024-01-09,77400,77700,74300,74700,26019249,54.03
2024-01-10,75000,75200,73200,73600,20259529,54.0
2024-01-11,72900,73600,72700,73200,57691266,54.44
2024-01-12,73000,74100,72800,73100,13038939,54.23
2024-01-15,73200,74000,73200,73900,13212339,54.25
2024-01-16,73500,73700,72500,72600,14760415,54.24
2024-01-17,73100,73300,71000,71000,22683660,54.18
2024-01-18,71600,72000,70700,71700,17853397,54.18
2024-01-19,73500,74700,73000,74700,23363427,54.28
2024-01-22,75900,76000,75000,75100,19673375,54.31
2024-01-23,75700,75800,74300,75200,14786224,54.34
2024-01-24,75200,75200,73500,74000,12860661,54.34
2024-01-25,74200,74800,73700,74100,11737747,54.35
2024-01-26,73700,74500,73300,73400,11160062,54.39
2024-01-29,73800,75200,73500,74400,13976521,54.43
2024-01-30,75000,75300,73700,74300,12244418,54.43
2024-01-31,73400,74000,72500,72700,15703560,54.42
2024-02-01,73000,74200,72900,73600,19881033,54.51
2024-02-02,74000,75200,73700,75200,14955881,54.55
2024-02-05,74200,74800,73500,74300,19026021,54.58
2024-02-06,74300,74700,73300,74400,14559254,54.61
2024-02-07,74600,75500,74300,75000,16566445,54.62
2024-02-08,75000,75200,73600,74100,20810708,54.53
2024-02-13,74800,75200,74400,75200,21966745,54.52
2024-02-14,73700,74300,73700,74000,12434945,54.5
2024-02-15,74200,74400,73000,73000,14120600,54.47
2024-02-16,73300,73400,72500,72800,13444781,54.51
2024-02-19,72800,73900,72800,73800,12726404,54.54
2024-02-20,73700,73700,72800,73300,14681477,54.54
2024-02-21,73400,73700,72900,73000,11503495,54.53
2024-02-22,73800,73900,72700,73100,15208934,54.49
2024-02-23,73600,74200,72900,72900,16225166,54.48
2024-02-26,72300,73200,72200,72800,14669352,54.5
2024-02-27,73100,73400,72700,72900,13201981,54.52
2024-02-28,72900,73900,72800,73200,11795859,54.55
2024-02-29,72600,73400,72000,73400,21176403,54.57
2024-03-04,74300,75000,74000,74900,23210474,54.66
2024-03-05,74600,74800,73700,73700,19505125,54.66
2024-03-06,73200,73500,72700,72900,21547905,54.61
2024-03-07,73100,73300,72200,72200,14516963,54.54
2024-03-08,72800,73400,72600,73300,19271349,54.51
2024-03-11,72900,73100,72300,72400,9740504,54.5
2024-03-12,72600,73500,72100,73300,13011654,54.46
2024-03-13,73700,74100,73500,74100,15243134,54.51
2024-03-14,74400,74500,73600,74300,22545539,54.52
2024-03-15,73400,73700,72300,72300,22580555,54.4
2024-03-18,72600,73000,72500,72800,11520348,54.39
2024-03-19,72300,73000,71700,72800,15376066,54.4
2024-03-20,73700,77200,73400,76900,50106297,54.62
2024-03-21,79200,79300,77700,79300,44569799,54.85
2024-03-22,79600,79900,77800,78900,26724761,54.93
2024-03-25,79600,79800,77800,78200,18703996,54.95
2024-03-26,79700,80100,79200,79900,30551494,55.07
2024-03-27,79200,80000,79200,79800,17424595,55.1
2024-03-28,79400,81000,79200,80800,25084812,55.18
2024-03-29,81200,82500,80900,82400,27126366,55.31
2024-04-01,83200,83300,82000,82000,20116513,55.33
2024-04-02,82900,85000,82900,85000,37077944,55.57
2024-04-03,84300,85000,83500,84100,30493347,55.61
2024-04-04,85200,85500,84300,85300,25248934,55.68
2024-04-05,84500,85000,83800,84500,18883752,55.7
2024-04-08,85200,86000,84500,84500,18953232,55.73
2024-04-09,84500,84900,83100,83600,23725956,55.81
2024-04-11,83200,84700,82500,84100,25538009,55.93
2024-04-12,84700,84900,83200,83700,17061770,55.96
2024-04-15,82900,83200,81200,82200,26663772,55.95
2024-04-16,81200,81300,79400,80000,31949845,55.98
2024-04-17,80700,80800,78900,78900,22611631,55.97
2024-04-18,78800,80100,78300,79600,21370190,55.99
2024-04-19,78300,78700,76300,77600,31317563,55.99
2024-04-22,77400,77500,75100,76100,30469477,55.87
2024-04-23,76400,76800,75500,75500,18717699,55.81
2024-04-24,77500,78800,77200,78600,22166150,55.87
2024-04-25,77300,77500,76300,76300,15549134,55.86
2024-04-26,77800,77900,76500,76700,12755629,55.87
2024-04-29,77400,77600,76200,76700,14664474,55.85
2024-04-30,77000,78500,76600,77500,19007007,55.87
2024-05-02,77600,78600,77300,78000,18900640,55.88
2024-05-03,79000,79000,77500,77600,13151889,55.88
2024-05-07,79600,81300,79400,81300,26238868,56.0
2024-05-08,80800,81400,80500,81300,13089576,56.02
2024-05-09,81100,81500,79700,79700,18759935,56.01
2024-05-10,80400,81100,78900,79200,16976124,56.02
2024-05-13,79400,79900,77600,78400,18652344,56.01
2024-05-14,78600,78800,77900,78300,11763992,56.0
2024-05-16,80200,80300,78100,78200,20989778,55.96
2024-05-17,78600,78800,77200,77400,15918201,55.9
2024-05-20,78100,79100,77900,78900,19456783,55.9
2024-05-21,78500,79000,78200,78400,13690583,55.92
2024-05-22,78100,78700,77300,77700,19521506,55.9
2024-05-23,77700,79100,77100,78300,18728087,55.92
2024-05-24,76800,77000,75700,75900,27891278,55.79
2024-05-27,75300,78200,74000,77200,43825202,55.63
2024-05-28,76500,78000,76200,77600,18539072,55.62
2024-05-29,77700,78200,75200,75200,30244875,55.52
2024-05-30,74800,75200,73500,73500,28551273,55.41
2024-05-31,74500,74700,73500,73500,26198776,55.31
2024-06-03,74400,76400,74200,75700,15706268,55.33
2024-06-04,74900,76100,74900,75300,14098053,55.33
2024-06-05,78000,78000,76800,77400,23177968,55.41
2024-06-07,78400,78600,77100,77300,21189349,55.37
2024-06-10,76100,76600,75600,75700,14598755,55.34
2024-06-11,75900,76000,75100,75200,16971175,55.3
2024-06-12,75300,77100,75200,76500,19246725,55.29
2024-06-13,78400,79000,77800,78600,33763804,55.5
2024-06-14,79700,80500,79000,79600,22926612,55.6
2024-06-17,79200,79500,78000,78100,16123051,55.59
2024-06-18,78700,80200,78600,79800,18207598,55.68
2024-06-19,81100,82500,80500,81200,24168863,55.73
2024-06-20,81500,82200,81200,81600,20288913,55.8
2024-06-21,80700,80800,80000,80000,17907523,55.77
2024-06-24,79700,80900,79500,80600,15454227,55.77
2024-06-25,80600,81800,80100,80800,19088458,55.81
2024-06-26,80100,81400,79900,81300,17783242,55.83
2024-06-27,81300,81600,80500,81600,11739720,55.9
2024-06-28,81900,81900,80800,81500,9455929,55.88
2024-07-01,81500,82100,81300,81800,11317202,55.9
2024-07-02,82500,82600,81500,81800,14471904,55.94
2024-07-03,82300,82300,81000,81800,11440328,55.94
2024-07-04,82900,84700,82400,84600,43857229,56.09
2024-07-05,85600,87100,85200,87100,45791193,56.32
2024-07-08,87900,88600,86900,87400,24035809,56.39
2024-07-09,87800,88200,86900,87800,21336201,56.45
2024-07-10,87600,88000,87100,87800,17813847,56.51
2024-07-11,88500,88800,86700,87600,24677608,56.55
2024-07-12,85900,86100,84100,84400,26344386,56.49
2024-07-15,84700,87300,84100,86700,25193080,56.48
2024-07-16,86900,88000,86700,87700,16166688,56.52
2024-07-17,87100,88000,86400,86700,18186490,56.53
2024-07-18,83800,86900,83800,86900,24721790,56.51
2024-07-19,85600,86100,84100,84400,18569122,56.46
2024-07-22,84400,84900,82600,83000,18987560,56.46
2024-07-23,84200,84700,83400,83900,15766389,56.5
2024-07-24,82900,83300,81900,82000,16939083,56.46
2024-07-25,80400,81000,80100,80400,20323811,56.46
2024-07-26,80700,81300,80400,80900,14508334,56.43
2024-07-29,81600,82000,81100,81200,12797136,56.43
2024-07-30,80400,81000,80000,81000,13169636,56.43
2024-07-31,81200,83900,80900,83900,20744323,56.46
2024-08-01,86000,86100,83100,83100,20900338,56.48
2024-08-02,81000,81400,79500,79600,25800275,56.42
2024-08-05,76700,76900,70200,71400,54608790,56.14
2024-08-06,74900,75300,72300,72500,47295226,56.1
2024-08-07,73000,76000,72800,74700,32710428,56.12
2024-08-08,73200,73900,72500,73400,28414729,56.06
2024-08-09,75700,75800,74200,74700,16388222,56.07
2024-08-12,75200,75900,74800,75500,9839259,56.08
2024-08-13,76500,76600,75500,76100,10716261,56.11
2024-08-14,77400,77800,77000,77200,13246168,56.15
2024-08-16,79400,80200,78700,80200,22061478,56.26
2024-08-19,80100,80100,78000,78300,14146565,56.23
2024-08-20,79500,79800,78700,78900,10683836,56.25
2024-08-21,77900,78600,77800,78300,7805598,56.25
2024-08-22,78700,78900,77800,78300,8149101,56.26
2024-08-23,77700,78400,77500,77700,9420306,56.24
2024-08-26,78100,78200,76000,76100,15655938,56.18
2024-08-27,75700,76500,75600,75800,11130145,56.16
2024-08-28,75800,76400,75400,76400,9794514,56.14
2024-08-29,73600,74700,73500,74000,16884479,56.06
2024-08-30,74400,75000,74100,74300,16358520,56.02
2024-09-02,74500,74700,73500,74400,12641376,56.07
2024-09-03,74100,74300,72500,72500,16314599,55.98
2024-09-04,69800,71100,69800,70000,27366563,55.85
2024-09-05,70100,71200,69000,69000,25686769,55.71
2024-09-06,69100,69700,68000,68900,19022299,55.67
2024-09-09,66900,68200,66600,67500,23263298,55.58
2024-09-10,67000,67300,66000,66200,30651376,55.43
2024-09-11,65100,65500,64200,64900,35809707,55.2
2024-09-12,66000,66600,65200,66300,35884106,55.11
2024-09-13,65000,65500,64300,64400,25045135,54.9
2024-09-19,64000,64400,62200,63100,49402713,54.66
2024-09-20,63800,64700,63000,63000,32746056,54.55
2024-09-23,62300,63500,62200,62600,28542376,54.38
2024-09-24,62800,63400,62400,63200,26957500,54.22
2024-09-25,63800,64200,62200,62200,28652438,54.07
2024-09-26,63900,64900,63700,64700,37566015,53.99
2024-09-27,64700,65400,64200,64200,28433030,53.94
2024-09-30,64200,64300,61500,61500,32694163,53.75
2024-10-02,60500,61900,59900,61300,28473536,53.75
2024-10-04,61000,61700,60500,60600,24247578,53.68
2024-10-07,60200,61900,59500,61000,35066533,53.53
2024-10-08,60000,61000,59900,60300,27411786,53.46
2024-10-10,60100,60200,58900,58900,45262214,53.37
2024-10-11,59100,60100,59000,59300,29623969,53.26
2024-10-14,59500,61200,59400,60800,20886249,53.23
2024-10-15,61100,61400,60100,61000,22715239,53.21
2024-10-16,59400,60000,59200,59500,23303268,53.14
2024-10-17,59400,60100,59100,59700,23372873,53.07
2024-10-18,59900,60100,59100,59200,14420260,53.02
2024-10-21,59000,59600,58500,59000,18514905,53.01
2024-10-22,58800,58900,57700,57700,27582527,52.93
2024-10-23,57500,60000,57100,59100,27300780,52.93
2024-10-24,58200,58500,56600,56600,31499922,52.74
2024-10-25,56000,56900,55800,55900,25829315,52.64
2024-10-28,55700,58500,55700,58100,27775009,52.65
2024-10-29,58000,59600,57300,59600,28369314,52.66
2024-10-30,59100,59800,58600,59100,19838511,52.6
2024-10-31,58500,61200,58300,59200,35809196,52.57
2024-11-01,59000,59600,58100,58300,19083180,52.53
2024-11-04,58600,59400,58400,58700,15586947,52.5
2024-11-05,57800,58100,57200,57600,17484474,52.45
2024-11-06,57600,58000,56300,57300,22092218,52.41
2024-11-07,56900,58100,56800,57500,17043102,52.4
2024-11-08,58000,58300,57000,57000,13877396,52.38
2024-11-11,56700,56800,55000,55000,29811326,52.22
2024-11-12,54600,54600,53000,53000,37962881,52.1
2024-11-13,52000,53000,50500,50600,52527995,51.87
2024-11-14,50200,51800,49900,49900,48510715,51.72
2024-11-15,50300,54200,50300,53500,46774485,51.76
2024-11-18,57000,57500,55900,56700,48095234,51.7
2024-11-19,56500,57500,55900,56300,31539632,51.66
2024-11-20,56100,56500,54800,55300,20864667,51.64
2024-11-21,54900,56900,54700,56400,19096850,51.61
2024-11-22,56000,56700,55900,56000,15281543,51.56
2024-11-25,57400,57900,56700,57900,36237325,51.56
2024-11-26,57900,58900,57500,58300,23209405,51.57
2024-11-27,57700,57800,56000,56300,21808387,51.49
2024-11-28,56000,56400,55200,55500,20001134,51.41
2024-11-29,55100,55300,53800,54200,24513531,51.35
2024-12-02,54300,54400,53100,53600,22044867,51.3
2024-12-03,53100,54400,53100,53600,23374603,51.26
2024-12-04,52000,53400,52000,53100,29004766,51.23
2024-12-05,53200,54400,53200,53700,23588277,51.17
2024-12-06,53900,54400,52700,54100,22861874,51.13
2024-12-09,53500,54600,53200,53400,26227680,51.1
2024-12-10,54500,54500,53700,54000,20783970,51.07
2024-12-11,53600,54200,53400,54000,14565947,51.04
2024-12-12,54000,56500,53900,55900,33476698,51.01
2024-12-13,55800,56300,55500,56100,15908823,50.98
2024-12-16,56300,56600,55200,55600,15277277,50.9
2024-12-17,54700,55200,54000,54200,20215230,50.82
2024-12-18,54100,55400,54000,54900,13698937,50.84
2024-12-19,53500,53800,53100,53100,22481925,50.76
2024-12-20,52700,53100,51900,53000,24674774,50.64
2024-12-23,53400,54000,53300,53500,13672650,50.6
2024-12-24,53700,54500,53600,54400,11634677,50.59
2024-12-26,54500,54600,53500,53600,10517075,50.56
2024-12-27,53500,54100,53200,53700,10747196,50.54
2024-12-30,53300,54000,53100,53200,12624702,50.46
2025-01-02,52700,53600,52300,53400,16630538,50.45
2025-01-03,52800,55100,52800,54400,19318046,50.47
2025-01-06,54400,56200,54300,55900,19034284,50.5
2025-01-07,56800,57300,55400,55400,17030235,50.49
2025-01-08,54800,57500,54700,57300,26593553,50.57
2025-01-09,57600,57700,56100,56100,24490592,50.6
2025-01-10,56100,56500,55200,55300,16059223,50.58
2025-01-13,54600,55000,54100,54100,16868600,50.5
2025-01-14,54200,54600,53700,53900,17465926,50.44
2025-01-15,54100,54700,53500,53700,18625025,50.4
2025-01-16,54200,55000,54100,54300,18627298,50.41
2025-01-17,53800,54100,53200,53700,18805344,50.33
2025-01-20,53600,53900,53300,53400,11822531,50.3
2025-01-21,53700,54300,53300,53500,13535702,50.29
2025-01-22,53400,54400,53100,54300,18341991,50.28
2025-01-23,53700,54100,53500,53700,15588067,50.24
2025-01-24,53600,53800,53200,53700,11867631,50.21
2025-01-31,52200,53000,51700,52400,42186279,49.99
2025-02-03,51100,51400,50800,51000,32344897,49.87
2025-02-04,51600,53600,51500,52700,27214851,49.94
2025-02-05,53600,53800,52800,52900,15974885,49.91
2025-02-06,53400,54000,53200,54000,16466025,49.93
2025-02-07,53900,54200,53600,53700,14476866,49.89
2025-02-10,53000,55900,52900,55600,27577591,49.91
2025-02-11,55500,56300,55000,55700,24596196,49.92
2025-02-12,55100,55900,54500,55800,26428596,50.04
2025-02-13,56100,56400,55600,55800,22448377,50.0
2025-02-14,56000,57300,56000,56000,23979779,49.99
2025-02-17,56100,56500,55700,56000,11916027,49.96
2025-02-18,56200,57200,55900,56900,22131007,50.0
2025-02-19,57400,58900,57300,58700,25395151,50.03
2025-02-20,59100,59100,58100,58400,21589059,50.04
2025-02-21,58400,58500,57100,58200,22198428,50.03
2025-02-24,57300,57700,57200,57300,14138471,50.03
2025-02-25,56600,57800,56500,57200,14625181,50.07
2025-02-26,57000,57100,56100,56600,18117091,50.01
2025-02-27,56500,57100,56200,56300,14975356,50.09
2025-02-28,55400,55700,54500,54500,28036698,50.03
2025-03-04,53900,55000,53800,54500,18553933,50.03
2025-03-05,55100,55400,54000,54000,16578817,50.38
2025-03-06,54100,54500,54000,54300,12258101,50.34
2025-03-07,53500,54200,53400,53700,14274992,50.29
2025-03-10,53500,54800,53500,53700,12921670,50.26
2025-03-11,52500,54100,52500,53600,17740891,50.26
2025-03-12,53800,55300,53600,54900,17973221,50.29
2025-03-13,55800,55900,54200,54700,24132151,50.23
2025-03-14,54500,55100,54400,54700,10845154,50.19
2025-03-17,55500,57800,55400,57600,35559021,50.32
2025-03-18,58800,59000,57300,57600,28138594,50.38
2025-03-19,57400,59200,57400,58500,29421759,50.46
2025-03-20,59200,60300,58500,60200,34989004,50.59
2025-03-21,60900,61700,60400,61700,40155612,50.73
2025-03-24,61200,61600,60500,60500,14088094,50.69
2025-03-25,60900,61100,59500,59800,17259455,50.67
2025-03-26,59800,61400,59700,61400,16431645,50.68
2025-03-27,60900,62000,60800,61800,20389790,50.73
2025-03-28,60700,61100,60000,60200,16282514,50.72
2025-03-31,59500,59700,57800,57800,17633494,50.67
2025-04-01,58700,59600,57900,58800,13841706,50.69
2025-04-02,58800,59400,58300,58800,14402297,50.7
2025-04-03,56900,57800,56900,57600,19508076,50.64
2025-04-04,56200,58200,55700,56100,23527139,50.51
2025-04-07,53300,54100,53100,53200,31998883,50.29
2025-04-08,55000,55300,53300,53500,25532845,50.24
2025-04-09,53300,54300,52900,53000,20576960,50.2
2025-04-10,56600,56700,55000,56400,22948172,50.21
2025-04-11,55600,55700,54800,55200,13930480,50.15
2025-04-14,56300,56700,55800,56200,12852613,50.17
2025-04-15,56300,57100,56200,56600,8998640,50.18
2025-04-16,56000,56200,54500,54700,14437025,50.1
2025-04-17,54700,55300,54500,55100,10867069,50.06
2025-04-18,55300,55600,54900,55300,5848342,50.06
2025-04-21,55200,56000,55100,55400,5941847,50.06
2025-04-22,54900,55500,54700,55000,9532469,50.03
2025-04-23,56000,56100,55500,55700,11148692,50.0
2025-04-24,55600,55800,55200,55700,10580377,50.0
2025-04-25,56400,56400,55600,55700,12183303,49.97
2025-04-28,55800,55900,55500,55800,9341518,49.95
2025-04-29,55700,56500,55600,55800,10295518,49.95
2025-04-30,55900,56000,55300,55500,13014189,49.89
2025-05-02,55000,55500,54200,54300,22454204,49.68
2025-05-07,54500,55000,54300,54600,17136991,49.65
2025-05-08,55100,55500,54500,54600,16320532,49.68
2025-05-09,54700,55000,54400,54800,7814322,49.69
2025-05-12,55200,57600,55000,57600,15414702,49.74
2025-05-13,57700,58200,56800,56900,16842801,49.73
2025-05-14,57500,57900,57000,57400,12468089,49.73
2025-05-15,57400,58600,57100,57300,13139736,49.79
2025-05-16,57400,57500,56700,56800,10385352,49.79
2025-05-19,56400,56400,55500,55800,9802105,49.76
2025-05-20,56200,56700,55700,55900,9080577,49.75
2025-05-21,56200,56600,55700,55700,7794181,49.73
2025-05-22,55300,55500,54500,54700,15254278,49.67
2025-05-23,55000,55200,54100,54200,11247115,49.66
2025-05-26,53900,55000,53700,54700,10901337,49.64
2025-05-27,54200,54500,53800,53900,13439520,49.56
2025-05-28,54300,56100,54200,55900,17516283,49.61
2025-05-29,56200,56400,55600,56100,12936810,49.65
2025-05-30,56200,57200,55800,56200,26219683,49.65
2025-06-02,56300,57300,56200,56800,12870515,49.64
2025-06-04,57200,57900,56800,57800,19649983,49.64
2025-06-05,58100,59900,57900,59100,23266027,49.72
2025-06-09,60400,60400,59500,59800,19609659,49.81
2025-06-10,60000,60100,58800,59200,15305760,49.77
2025-06-11,59500,60100,59400,59900,13610734,49.82
2025-06-12,59700,60000,59300,59500,17755115,49.82
2025-06-13,60200,60200,57700,58300,20705979,49.82
2025-06-16,58000,58100,56900,57200,22200872,49.69
2025-06-17,57800,59800,57400,58100,28637003,49.73
2025-06-18,58000,59800,57900,59800,17620705,49.78
2025-06-19,60500,60600,59000,59200,16876278,49.75
2025-06-20,59400,59800,59100,59500,18072251,49.73
2025-06-23,58400,58500,57600,58000,16551694,49.69
2025-06-24,59400,60600,59300,60500,23737899,49.76
2025-06-25,61500,61600,60300,61300,23933612,49.78
2025-06-26,61300,61300,59900,60200,19402300,49.73
2025-06-27,60100,61600,60000,60800,17340470,49.74
2025-06-30,61200,61200,59800,59800,17110294,49.64
2025-07-01,60400,61100,60200,60200,13650991,49.64
2025-07-02,60200,60900,59800,60800,15047951,49.64
2025-07-03,61300,63800,61100,63800,32040639,49.8
2025-07-04,64700,64700,63000,63300,23748959,49.79
2025-07-07,62900,63300,61700,61700,17164708,49.75
2025-07-08,61600,62400,61000,61400,20213724,49.72
2025-07-09,61400,61400,60200,60400,17533415,49.66
2025-07-10,60600,61200,60400,61000,14768473,49.68
2025-07-11,61300,62800,61200,62600,19140650,49.78
2025-07-14,62300,62600,61800,62500,13563846,49.76
2025-07-15,62300,63800,62000,63700,18442202,49.83
2025-07-16,63700,64700,63100,64700,23042660,49.93
2025-07-17,65900,66800,64400,66700,39448683,50.08
2025-07-18,67000,67800,66300,67100,23951531,50.19
2025-07-21,67400,68800,67200,67800,17723148,50.24
2025-07-22,68100,68500,65600,66000,20829006,50.24
2025-07-23,66200,66500,64900,66400,15687058,50.22
2025-07-24,66500,66800,65900,66000,12660193,50.23
2025-07-25,65700,66300,65500,65900,8080910,50.25
2025-07-28,68200,70400,67200,70400,35332500,50.44
2025-07-29,70800,70800,68800,70600,28190940,50.49
2025-07-30,71000,73700,70600,72600,34761444,50.65
2025-07-31,73000,74000,71000,71400,26568072,50.62
2025-08-01,70200,72000,68800,68900,24038534,50.61
2025-08-04,69500,70200,68700,69700,14780072,50.61
2025-08-05,71000,71500,69700,69900,14392903,50.56
2025-08-06,69200,69400,68300,68800,12542415,50.55
2025-08-07,70800,71000,69700,70500,15008213,50.55
2025-08-08,71000,72400,70700,71800,22241128,50.61
2025-08-11,72000,72100,70800,71000,11354253,50.57
2025-08-12,71100,72400,71100,71100,15797656,50.58
2025-08-13,71900,72100,71400,71900,12305742,50.6
2025-08-14,71900,71900,71200,71600,11946122,50.57
2025-08-18,71100,71200,70000,70000,13595591,50.52
2025-08-19,70400,70700,69700,70000,10533082,50.51
2025-08-20,70100,70700,69400,70500,17445516,50.52
2025-08-21,71500,71900,70600,70600,18843833,50.56
2025-08-22,71700,71800,70800,71400,9277432,50.56
2025-08-25,71700,71800,71000,71500,10345178,50.53
2025-08-26,70800,71100,70300,70300,14712519,50.5
2025-08-27,70100,70900,69800,70600,10523405,50.49
2025-08-28,70100,70400,69600,69600,11578024,50.52
2025-08-29,70100,70500,69700,69700,11682267,50.49
2025-09-01,68400,68600,67500,67600,12002343,50.32
2025-09-02,67800,69500,67800,69100,10604028,50.35
2025-09-03,69200,69800,68800,69800,10283009,50.37
2025-09-04,69500,70100,69300,70100,12284414,50.38
2025-09-05,70300,70400,69500,69500,11526724,50.35
2025-09-08,69800,70500,69600,70100,9263135,50.37
2025-09-09,70100,71500,70000,71500,14870245,50.44
2025-09-10,71800,72800,71600,72600,21928565,50.54
2025-09-11,73200,73600,72100,73400,20793501,50.53
2025-09-12,74600,75600,74200,75400,28219678,50.72
2025-09-15,77200,77600,75900,76500,19908805,50.78
2025-09-16,76900,79500,76700,79400,28218265,51.02
2025-09-17,79100,79100,77100,78200,20856317,51.04
2025-09-18,79100,80500,78600,80500,25619035,51.12
2025-09-19,81100,81200,79600,79700,20898386,51.11
2025-09-22,81500,84000,81100,83500,27529656,51.25
2025-09-23,85800,85900,83600,84700,23610263,51.26
2025-09-24,84200,85500,83700,85400,18300997,51.27
2025-09-25,84400,86200,84100,86100,19665151,51.35
2025-09-26,85000,85300,82400,83300,24071193,51.37
2025-09-29,83300,85000,83200,84200,13069094,51.38
2025-09-30,84600,84900,83400,83900,16319061,51.41
2025-10-01,84900,86200,84700,86000,22039361,51.52
2025-10-02,89300,90300,88700,89000,49883028,51.85
2025-10-10,94000,94500,92700,94400,35269748,51.96
2025-10-13,91300,93400,90700,93300,23883308,51.92
2025-10-14,95300,96000,90200,91600,35545235,51.96
2025-10-15,92300,95300,92100,95000,21050111,52.0
2025-10-16,95300,97700,95000,97700,28141060,52.09
2025-10-17,97200,99100,96700,97900,22730809,52.15
2025-10-20,97900,98300,96000,98100,17589756,52.13
2025-10-21,98500,99900,97300,97500,22803830,52.15
2025-10-22,97100,98600,95500,98600,15937611,52.15
2025-10-23,96800,98500,96300,96500,18488581,52.13
2025-10-24,97900,99000,97700,98800,18801925,52.22
2025-10-27,101300,102000,100600,102000,22169970,52.36
2025-10-28,100900,101000,99100,99500,20002282,52.3
2025-10-29,100200,101000,99100,100500,20899788,52.26
2025-10-30,102400,105800,102000,104100,34570017,52.36
2025-10-31,105000,108600,103300,107500,54824564,52.62
2025-11-03,106900,111500,106500,111100,30110066,52.56
2025-11-04,111800,112400,104900,104900,30450281,52.47
2025-11-05,101000,102000,96700,100600,44843020,52.43
2025-11-06,103700,103800,98800,99200,28655689,52.3
2025-11-07,96400,100300,96300,97900,22908083,52.34
2025-11-10,98600,101000,97900,100600,23842327,52.36
2025-11-11,103700,106000,102000,103500,27742542,52.39
2025-11-12,103000,103900,101600,103100,19413497,52.32
2025-11-13,102500,104200,102300,102800,20838741,52.34
2025-11-14,99000,99600,97200,97200,21806342,52.23
2025-11-17,99800,101000,99500,100600,17192584,52.29
2025-11-18,99800,100900,97500,97800,18684068,52.31
2025-11-19,97100,97500,94600,96500,18993346,52.27
2025-11-20,100900,102900,99500,100600,25360435,52.36
2025-11-21,95600,96800,94500,94800,23103574,52.2
2025-11-24,97800,99000,96200,96700,29831172,52.22
2025-11-25,101400,101400,97800,99300,16110054,52.22
2025-11-26,100500,102900,99300,102800,21314975,52.26
2025-11-27,104100,105500,102700,103500,16453004,52.27
2025-11-28,103800,103800,100500,100500,15292277,52.17
2025-12-01,102000,102800,99900,100800,10905526,52.14
2025-12-02,101200,103500,101000,103400,13649487,52.22
2025-12-03,104700,105500,104000,104500,14697927,52.24
2025-12-04,103900,105100,103200,105100,11931145,52.21
2025-12-05,105300,108400,104600,108400,19755571,52.28
2025-12-08,109700,110000,108000,109500,15527762,52.3
2025-12-09,108900,109400,107300,108400,13671800,52.23
2025-12-10,108300,109800,107400,108000,12365092,52.21
2025-12-11,109200,110500,107300,107300,22994507,52.26
2025-12-12,107100,108900,106800,108900,14210314,52.24
2025-12-15,105300,105800,104600,104800,20594654,52.11
2025-12-16,104900,105600,102700,102800,18852079,52.07
2025-12-17,103500,108100,103400,107900,22297611,52.12
2025-12-18,106400,108200,105700,107600,20445631,52.11
2025-12-19,109700,109700,106200,106300,25917098,51.98
2025-12-22,109700,110500,109300,110500,24859171,52.13
2025-12-23,110900,112500,110400,111500,20419187,52.22
2025-12-24,112400,112400,110900,111100,12492939,52.22
2025-12-26,112400,117000,112400,117000,34018174,52.42
2025-12-29,119400,119700,118200,119500,19676004,52.34
2025-12-30,119100,121200,118700,119900,19746349,52.33
2026-01-02,120200,128500,120200,128500,30463279,52.37
2026-01-05,134600,138600,133600,138100,42863376,52.4
2026-01-06,135300,139300,132700,138900,45321341,52.18
2026-01-07,143500,144400,137600,141000,46317413,52.22
2026-01-08,138300,144500,138300,138800,41449329,52.15
2026-01-09,136000,140700,135200,139000,29520566,52.03
2026-01-12,141000,142000,136900,138800,26271134,51.91
2026-01-13,139800,140200,136900,137600,22384699,51.84
2026-01-14,137000,140300,136800,140300,18444394,51.85
2026-01-15,139000,144000,138300,143900,24701126,51.85
2026-01-16,145300,149500,144300,148900,30000219,51.86
2026-01-19,147200,150600,146600,149300,22762497,51.86
2026-01-20,148500,149300,143900,145200,24059218,51.8
2026-01-21,141900,149800,141800,149500,31703610,51.92
2026-01-22,155000,157000,150800,152300,32073624,51.93
2026-01-23,154700,156000,150100,152100,25407497,51.89
2026-01-26,154900,156400,151500,152100,20561689,51.91
2026-01-27,150500,159500,149200,159500,29423670,51.97
2026-01-28,162600,163300,160200,162400,29456431,51.93
2026-01-29,166200,166600,157100,160700,36087223,51.8
2026-01-30,160100,166500,160100,160500,40557267,51.74
2026-02-02,155700,159600,150400,150400,39748369,51.62
2026-02-03,157900,167500,157200,167500,36529813,51.72
2026-02-04,163500,169400,163100,169100,29943042,51.62
2026-02-05,162000,164000,158500,159300,38435228,51.3
2026-02-06,154100,160300,151600,158600,36358081,51.18
2026-02-09,168600,168700,165000,166400,25098971,51.19
2026-02-10,167400,168100,165500,165800,19369566,51.22
2026-02-11,164000,168600,162000,167800,22760242,51.28
2026-02-12,171200,179600,170100,178600,41296011,51.52
2026-02-13,179500,184400,178900,181200,34454192,51.42
2026-02-19,188000,190900,187100,190000,27049388,51.3
2026-02-20,190000,190300,188600,190100,24213880,51.09
2026-02-23,194400,197600,190500,193000,26364684,51.0
2026-02-24,193000,200000,192000,200000,28060617,50.96
2026-02-25,202500,206000,201000,203500,26987996,50.8
2026-02-26,206500,219000,206000,218000,30095763,50.66
2026-02-27,210000,223000,210000,216500,51774768,50.3
2026-03-03,209500,212500,195100,195100,54879010,50.03
2026-03-04,184200,195900,171900,172200,89427954,49.97
2026-03-05,195000,199700,188100,191600,53959129,49.95
2026-03-06,186100,189700,181000,188200,29522650,49.82
2026-03-09,173500,175500,167300,173500,43066020,49.67
2026-03-10,187600,191500,184300,187900,33530170,49.79
2026-03-11,193000,194800,187700,190000,24311356,49.77
2026-03-12,186600,190000,185900,187900,20440753,49.66
2026-03-13,180000,186200,179900,183500,19566331,49.58
2026-03-16,184600,189000,183600,188700,19747901,49.56
2026-03-17,198000,198000,193100,193900,20300082,49.56
2026-03-18,200500,209000,199700,208500,25148481,49.6
2026-03-19,199900,205000,199600,200500,19884483,49.53
2026-03-20,202000,202500,199000,199400,35279762,49.5
2026-03-23,190500,191200,186300,186300,30268173,49.34
2026-03-24,195500,196000,185500,189700,25458914,49.21
2026-03-25,193700,196400,189000,189000,22995904,49.12
2026-03-26,185500,185900,178900,180100,32074131,48.9
2026-03-27,172100,181700,172000,179700,29138966,48.7
2026-03-30,171000,176650,170600,176300,22269147,48.62
2026-03-31,170000,174700,167000,167200,38659593,48.41
2026-04-01,179000,190800,178000,189600,32390251,48.43
2026-04-02,192600,193600,175000,178400,38615231,48.4
2026-04-03,184200,187200,182700,186200,20194447,48.41
2026-04-06,190900,194600,190100,193100,20635958,48.44
2026-04-07,202000,202500,192400,196500,30848053,48.4
2026-04-08,214000,214500,207500,210500,35890973,48.46
2026-04-09,207000,207500,202000,204000,42320839,48.64
2026-04-10,208500,211000,205500,206000,18244459,48.65
2026-04-13,198200,203000,198200,201000,19603415,49.23
2026-04-14,208000,210000,205500,206500,23672078,49.23
2026-04-15,215000,215500,210000,211000,24092884,49.23
2026-04-16,212000,218000,210500,217500,21499788,49.26
2026-04-17,217000,218000,215000,216000,18079322,49.2
2026-04-20,214500,219000,213000,214500,17107741,49.14
2026-04-21,218000,220000,216000,219000,16752132,49.18
2026-04-22,218500,222500,215500,217500,16823480,49.16
2026-04-23,223000,229500,216000,224500,34525485,49.24
2026-04-24,224000,225000,216500,219500,19626666,49.14
2026-04-27,220000,226000,218500,224500,22870374,49.25
2026-04-28,224000,226000,221500,222000,18444490,49.19
2026-04-29,219500,228000,218500,226000,20363756,49.27
2026-04-30,229000,230000,220500,220500,22161975,49.24
2026-05-04,228000,232500,224000,232500,32920816,49.37
2026-05-06,254000,270000,251000,266000,53097996,49.61
2026-05-07,272000,277000,260000,271500,41404687,49.4
2026-05-08,260000,270000,260000,268500,25875880,49.21
2026-05-11,284500,288500,280000,285500,36031094,49.07
2026-05-12,290000,291500,266000,279000,41211149,48.91
2026-05-13,264000,285500,262000,284000,35540134,48.83
2026-05-14,282000,299500,282000,296000,39314752,48.85
2026-05-15,291000,296500,266000,270500,38075487,48.69
2026-05-18,269500,288500,262000,281000,33555214,48.61
2026-05-19,274000,281500,266000,275500,30767569,48.42
2026-05-20,278000,282500,263500,276000,35662077,48.33
2026-05-21,291000,299500,287000,299500,36168689,48.39
2026-05-22,300000,300500,292000,292500,18395274,48.32
2026-05-26,298000,302000,297500,299000,23441371,48.37
2026-05-27,321500,323000,306000,307000,33916688,48.39
2026-05-28,305000,306500,287500,299500,30195334,48.29
2026-05-29,309500,319000,305500,317000,37241537,48.29
2026-06-01,319500,354500,319500,349000,45052488,48.3
2026-06-02,360500,370000,342000,360500,44720282,48.07
2026-06-04,349000,366000,348000,351500,34771037,47.81
2026-06-05,333500,343000,325000,329000,33725012,47.73
2026-06-08,293000,315500,292500,295500,38929682,47.7
2026-06-09,310000,324000,300000,322000,30124249,47.68
2026-06-10,311000,314500,295250,302500,27050362,47.61
2026-06-11,290500,306500,287500,299000,31420307,47.58
2026-06-12,326000,339000,320000,322500,31006148,47.63
2026-06-15,342500,344500,334000,337000,21500067,47.6
2026-06-16,343000,345500,332500,343000,17548685,47.6
2026-06-17,332000,348000,331500,346500,18134051,47.57
2026-06-18,345000,363000,344500,362500,32764450,47.62
2026-06-19,372500,374500,346250,354000,43284898,47.56
2026-06-22,343000,363000,342000,353500,24330451,47.52
2026-06-23,347500,353000,310000,310000,41266630,47.43
2026-06-24,314000,341000,314000,340500,47809959,47.41
2026-06-25,359500,362500,352000,358500,36157158,47.37
2026-06-26,354000,356500,321500,339500,39735951,47.24
2026-06-29,331000,335500,316000,323000,35436521,47.01
2026-06-30,323500,343000,321000,334000,29237216,46.96
