date,open,high,low,close,volume,foreign_ownership_ratio
2016-07-01,105245,106225,104756,106225,130595,34.13
2016-07-04,105734,108672,105734,108672,142494,34.19
2016-07-05,108182,109162,107203,108183,145225,34.28
2016-07-06,108183,108183,103777,105246,212338,34.33
2016-07-07,106714,106714,105245,106714,79026,34.36
2016-07-08,106713,107692,101328,102308,300732,34.41
2016-07-11,102308,104756,101329,103777,314293,34.58
2016-07-12,101329,103287,100350,102798,347905,34.79
2016-07-13,103777,104267,102798,103288,146623,34.83
2016-07-14,102797,106224,102797,105735,239179,34.96
2016-07-15,114057,114546,105245,106225,871692,34.92
2016-07-18,106714,108672,105245,105735,190943,34.95
2016-07-19,106714,107204,104756,105246,158228,35.05
2016-07-20,104756,104756,102798,102798,183174,35.05
2016-07-21,102798,105735,102798,105246,178754,35.05
2016-07-22,105245,106224,104756,104756,96127,35.04
2016-07-25,105245,105735,104266,104756,113028,35.04
2016-07-26,104266,105735,104266,104756,103372,35.02
2016-07-27,104756,105735,104756,105246,92754,35.02
2016-07-28,105245,107204,104266,107204,155362,35.05
2016-07-29,106225,106714,102798,103288,324579,35.0
2016-08-01,103776,105735,103287,105735,181516,35.06
2016-08-02,105735,105735,103776,104756,136819,35.07
2016-08-03,103776,110630,103776,109651,478225,35.25
2016-08-04,110629,113567,110629,112588,460590,35.36
2016-08-05,112098,114546,111609,114057,302169,35.5
2016-08-08,113566,115525,112587,114546,230533,35.56
2016-08-09,114056,116015,113567,115036,300072,35.75
2016-08-10,115035,117483,114056,116994,320906,35.98
2016-08-11,116993,117483,116014,117483,182628,36.08
2016-08-12,117973,117973,115035,116994,206672,36.12
2016-08-16,116504,116504,113078,113078,236528,36.2
2016-08-17,113566,116993,113077,115525,221611,36.32
2016-08-18,115035,117483,113566,116504,235036,36.4
2016-08-19,116994,117483,115525,116015,151253,36.41
2016-08-22,117483,121400,117483,121400,431599,36.62
2016-08-23,121400,121889,118462,119442,172755,36.6
2016-08-24,118952,120421,116504,118463,204683,36.65
2016-08-25,118462,119441,117483,118952,101792,36.66
2016-08-26,118462,118951,116014,116504,174573,36.7
2016-08-29,116504,117483,114546,115036,133524,36.68
2016-08-30,115525,116993,113077,113567,181228,36.61
2016-08-31,114057,115525,110630,113078,347543,36.65
2016-09-01,109162,110630,105245,106225,940597,36.25
2016-09-02,103287,106714,102308,106225,712530,36.26
2016-09-05,100840,105246,99371,103288,779634,36.37
2016-09-06,104266,106714,103777,106225,460667,36.53
2016-09-07,106714,107204,103777,104267,284414,36.51
2016-09-08,104756,105246,102308,103288,387195,36.45
2016-09-09,102308,102308,100350,100350,252740,36.37
2016-09-12,95455,96336,94182,94476,639882,36.28
2016-09-13,95944,97315,95651,95847,451619,36.34
2016-09-19,95945,97315,95945,96141,265020,36.38
2016-09-20,96531,96531,94965,95259,228080,36.38
2016-09-21,95259,99371,95063,97903,467710,36.36
2016-09-22,98881,98881,96433,97413,224584,36.34
2016-09-23,97902,98392,96140,96532,325450,36.35
2016-09-26,95944,97315,95259,96434,164925,36.34
2016-09-27,95650,97119,95650,96238,201922,36.29
2016-09-28,96532,97021,95749,95749,128776,36.21
2016-09-29,96042,96630,95945,95945,171607,36.15
2016-09-30,96042,96140,93987,93987,279659,35.99
2016-10-04,94769,96238,94671,95357,239816,36.0
2016-10-05,94573,94769,93301,93497,212692,35.94
2016-10-06,93497,94476,92910,94085,183443,35.93
2016-10-07,94182,94280,93105,93693,111738,35.91
2016-10-10,93399,93399,90658,90658,351917,35.81
2016-10-11,91441,93301,91049,91637,332968,35.77
2016-10-12,92616,94867,92518,93693,414801,35.68
2016-10-13,94084,94476,92028,92714,195422,35.67
2016-10-14,92714,93399,91833,92029,135740,35.63
2016-10-17,91049,91538,90266,90462,194897,35.62
2016-10-18,90363,92419,89874,92322,171897,35.66
2016-10-19,92713,93105,91147,91539,167947,35.64
2016-10-20,91049,92322,91049,91539,173077,35.63
2016-10-21,91832,91832,90462,90658,163577,35.58
2016-10-24,90657,91245,90462,90560,191850,35.52
2016-10-25,90657,91147,90364,90364,148922,35.47
2016-10-26,90364,90364,87231,87427,312656,35.31
2016-10-27,87426,88405,87328,88112,271556,35.27
2016-10-28,91441,91735,90364,91050,595049,35.19
2016-10-31,90657,92713,90266,92322,493560,35.1
2016-11-01,92713,92713,91147,92616,277143,34.97
2016-11-02,92126,92615,91441,91441,336352,34.86
2016-11-03,91049,92714,90756,91931,187461,34.78
2016-11-04,92420,92420,91441,91735,144838,34.75
2016-11-07,92518,93007,91637,92812,241282,34.65
2016-11-08,93007,93203,92224,92812,266255,34.6
2016-11-09,93007,93301,90364,91539,428358,34.58
2016-11-10,92224,92420,91441,91735,292205,34.56
2016-11-11,91049,91343,89580,90364,214797,34.5
2016-11-14,89776,90657,89091,90266,219907,34.46
2016-11-15,90364,95259,90364,92812,533193,34.61
2016-11-16,93497,93693,92420,92714,198655,34.56
2016-11-17,92713,93301,92028,93301,245217,34.51
2016-11-18,92713,92811,90364,91441,286031,34.34
2016-11-21,91833,91931,89679,90952,162122,34.26
2016-11-22,90559,92028,90559,91539,124457,34.27
2016-11-23,90658,92028,90658,91931,96774,34.22
2016-11-24,90559,91440,88210,88308,348044,34.08
2016-11-25,87916,88993,86252,88798,234056,34.06
2016-11-28,88504,91147,88210,89581,159517,34.07
2016-11-29,89189,91441,89091,91050,158510,34.03
2016-11-30,91049,91147,90070,90364,234756,33.93
2016-12-01,89972,90364,89679,89875,133536,33.85
2016-12-02,89287,90070,88601,89385,190939,33.69
2016-12-05,88700,88798,87721,87917,211403,33.49
2016-12-06,87721,89091,87721,88015,186280,33.34
2016-12-07,87721,89385,87721,88798,197084,33.42
2016-12-08,89580,93497,89580,92518,421870,33.31
2016-12-09,92518,92616,91539,91931,272048,33.18
2016-12-12,93203,95552,93203,94280,407118,33.0
2016-12-13,94378,96336,94378,95749,306610,32.74
2016-12-14,96042,96140,94965,95651,309027,32.68
2016-12-15,95651,100350,94867,99861,519305,32.81
2016-12-16,99371,102308,98392,101819,462366,32.88
2016-12-19,101329,105735,101329,105246,493636,32.91
2016-12-20,105245,108672,104266,107693,441996,33.16
2016-12-21,107203,108182,104755,105735,365060,33.22
2016-12-22,104756,105735,103287,104267,240799,33.27
2016-12-23,103777,106714,103777,106225,226761,33.26
2016-12-26,106225,107204,105245,106225,147912,33.28
2016-12-27,106224,107204,105735,107204,127247,33.28
2016-12-28,106225,107204,104756,105246,182304,33.27
2016-12-29,104266,106714,101818,106714,182154,33.34
2017-01-02,101329,105245,99860,103777,352444,33.39
2017-01-03,103287,107693,103287,107693,279864,33.57
2017-01-04,107693,108672,105735,106225,231636,33.59
2017-01-05,106713,110140,106224,109651,230586,33.52
2017-01-06,109161,111609,108671,110630,219065,33.61
2017-01-09,111119,114056,110629,113567,295948,33.67
2017-01-10,113567,115525,112588,114057,283110,33.68
2017-01-11,113077,114057,113077,114057,172714,33.69
2017-01-12,114057,114546,112588,114057,178006,33.74
2017-01-13,112588,115525,112588,115036,207837,33.77
2017-01-16,114546,114546,110630,111120,242972,33.79
2017-01-17,109650,113077,109161,111609,199308,33.86
2017-01-18,111120,112588,109651,110141,195907,33.95
2017-01-19,111120,111609,103288,103288,709747,33.85
2017-01-20,103287,106225,102798,105246,208300,33.91
2017-01-23,104267,105246,102308,104267,302735,33.8
2017-01-24,104755,108672,104755,107693,348167,33.79
2017-01-25,107203,113567,106714,110141,483751,33.89
2017-01-26,112098,115525,111608,113567,441562,34.06
2017-01-31,113078,114546,111119,113078,198477,34.06
2017-02-01,114056,116504,113077,115525,295527,34.03
2017-02-02,114546,116504,114056,116015,323890,34.04
2017-02-03,116015,116504,114546,116015,304159,34.06
2017-02-06,117483,119931,115525,119442,391903,34.15
2017-02-07,119931,120421,118462,120421,221564,34.21
2017-02-08,119931,120420,118951,119931,373248,34.38
2017-02-09,119931,123358,119441,123358,431975,34.75
2017-02-10,123358,124337,121889,122379,418142,34.95
2017-02-13,120420,122379,119441,121400,413365,35.05
2017-02-14,121888,125315,121399,122868,405800,35.26
2017-02-15,121889,124826,121889,124337,366719,35.48
2017-02-16,124826,125316,119441,120421,393467,35.6
2017-02-17,117973,121889,117973,121400,235952,35.69
2017-02-20,121399,122868,119930,120910,171354,35.81
2017-02-21,119931,123358,119931,122379,211245,35.95
2017-02-22,122868,123358,120421,120421,143645,35.97
2017-02-23,120909,123357,120909,122868,201308,36.05
2017-02-24,122379,122868,120910,122379,161047,36.08
2017-02-27,122868,127763,122868,124337,361197,36.18
2017-02-28,125315,126784,124826,126295,378261,36.35
2017-03-02,125805,127274,124336,126295,274847,36.46
2017-03-03,125316,125316,121399,122379,188271,36.48
2017-03-06,121889,122868,119931,122379,150594,36.5
2017-03-07,122379,122868,121399,122379,180623,36.57
2017-03-08,122868,130211,122378,127274,667780,37.09
2017-03-09,127273,128252,124826,124826,328445,37.16
2017-03-10,125315,125805,122378,123847,331261,37.25
2017-03-13,123847,128253,123357,128253,245372,37.31
2017-03-14,129231,132168,127762,130700,402368,37.54
2017-03-15,131189,133147,130210,132658,325547,37.68
2017-03-16,134616,134616,129721,133148,402805,37.75
2017-03-17,131679,134127,131189,133148,254775,37.77
2017-03-20,133148,133637,130700,131190,127245,37.86
2017-03-21,130700,132169,129721,131190,225105,37.85
2017-03-22,130210,133148,130210,132169,208679,37.87
2017-03-23,133147,133147,131678,132658,153048,37.86
2017-03-24,132168,133147,131189,132658,160372,37.84
2017-03-27,133637,135595,131679,131679,304381,37.83
2017-03-28,132658,133147,131678,132658,248069,37.89
2017-03-29,133148,136575,132658,136575,356880,38.01
2017-03-30,137554,138533,132658,133638,250349,37.97
2017-03-31,135106,135595,133147,135106,197021,37.97
2017-04-03,135106,136574,134126,135106,144246,37.95
2017-04-04,135106,135596,132169,133638,123312,37.94
2017-04-05,133637,135596,132169,135596,162457,37.95
2017-04-06,134617,135596,133148,134617,118629,37.96
2017-04-07,135106,135596,133637,134617,96572,37.98
2017-04-10,133637,135596,133148,134617,116055,37.99
2017-04-11,134616,135106,132658,133148,103417,37.99
2017-04-12,133148,133637,129721,130211,186991,37.96
2017-04-13,131679,134127,130700,134127,175837,38.01
2017-04-14,134127,134127,131189,132169,89650,37.98
2017-04-17,132169,133637,130210,131190,83814,37.99
2017-04-18,132168,132168,130700,130700,104667,37.97
2017-04-19,132658,134127,130700,131190,175481,38.02
2017-04-20,131189,135595,131189,135106,193461,38.06
2017-04-21,134616,136574,133637,135106,132273,38.06
2017-04-24,136574,136574,134126,135106,93474,38.07
2017-04-25,135106,136575,133637,136575,175210,38.11
2017-04-26,136084,138043,136084,137064,227980,38.17
2017-04-27,138043,138043,133148,133148,225844,38.07
2017-04-28,133148,135106,133148,134617,192252,38.11
2017-05-02,135596,137064,134617,134617,162440,38.14
2017-05-04,134126,137064,134126,136085,154271,38.17
2017-05-08,136574,139022,135595,139022,266485,38.32
2017-05-10,139022,141470,137553,138533,376294,38.32
2017-05-11,139511,146854,139021,146854,678742,38.42
2017-05-12,146365,151750,145875,149792,430800,38.54
2017-05-15,150281,151260,147833,150771,230918,38.54
2017-05-16,150771,152729,148812,149792,163556,38.54
2017-05-17,149302,153708,148812,151750,251343,38.53
2017-05-18,148812,150281,146854,148323,298277,38.47
2017-05-19,148323,153218,148323,152729,250807,38.55
2017-05-22,152728,153707,151259,153218,181093,38.55
2017-05-23,152728,155176,152238,154197,184711,38.55
2017-05-24,155176,155666,154197,154687,170799,38.51
2017-05-25,155176,155176,150770,153218,189817,38.48
2017-05-26,154196,157134,153217,156155,273582,38.51
2017-05-29,159092,162519,158113,161540,342834,38.54
2017-05-30,161539,164476,159581,161050,273960,38.61
2017-05-31,161539,163008,159091,162029,339109,38.62
2017-06-01,159581,160560,153707,155176,408825,38.66
2017-06-02,156155,156644,153217,155176,299189,38.71
2017-06-05,153707,157134,153707,155176,182396,38.81
2017-06-07,156644,158113,155176,157624,202695,38.87
2017-06-08,157623,157623,153707,156155,301743,38.83
2017-06-09,156155,156155,150280,152239,357291,38.91
2017-06-12,150280,150280,142937,144896,612393,38.94
2017-06-13,145386,148323,144896,147834,276486,38.94
2017-06-14,148323,150770,146364,147344,301733,38.98
2017-06-15,146365,149792,146365,148813,175880,38.92
2017-06-16,149302,149791,143917,144407,300953,38.85
2017-06-19,144896,152729,144896,151750,383479,38.84
2017-06-20,153708,154197,150770,152729,238725,38.85
2017-06-21,152239,154687,148812,154687,270853,38.91
2017-06-22,156155,160561,155176,160561,552622,39.21
2017-06-23,161539,161539,158112,161050,313728,39.31
2017-06-26,162519,168883,161540,168883,620356,39.56
2017-06-27,169861,172309,165455,172309,603788,39.95
2017-06-28,169862,171330,165456,166925,507938,39.83
2017-06-29,168882,168882,162518,164477,282499,39.84
2017-06-30,162029,167904,161540,167904,263102,39.9
2017-07-03,168393,169372,164966,166435,210669,39.93
2017-07-04,164967,167904,163008,164967,269402,40.1
2017-07-05,164476,175246,164476,173288,527383,40.16
2017-07-06,173288,175246,170840,173288,396571,40.11
2017-07-07,171819,175735,171329,173288,333828,39.99
2017-07-10,174267,175735,170840,172309,284171,39.9
2017-07-11,172309,173288,170351,172799,195074,39.89
2017-07-12,171820,173778,166924,168883,262630,39.96
2017-07-13,170351,177694,169862,177205,569666,40.18
2017-07-14,177694,180142,175246,177205,269471,40.25
2017-07-17,179162,183079,178673,183079,342927,40.27
2017-07-18,184057,187484,182099,185037,355388,40.25
2017-07-19,184057,184057,173287,174267,658099,40.04
2017-07-20,175736,175736,169861,173778,412780,40.03
2017-07-21,172799,177205,172799,177205,271067,40.1
2017-07-24,177204,178183,174266,176225,218086,40.05
2017-07-25,176225,179652,175246,178184,252593,40.03
2017-07-26,178673,178673,166924,167904,492448,40.04
2017-07-27,166434,172309,163497,169372,570181,40.03
2017-07-28,171819,171819,160560,162519,798057,39.96
2017-07-31,160071,165946,160071,164967,337469,40.01
2017-08-01,164966,169372,163008,168393,253437,40.08
2017-08-02,170840,176225,168882,175736,372731,40.22
2017-08-03,176225,176225,169861,171820,305223,40.23
2017-08-04,174756,178183,174267,177694,413154,40.29
2017-08-07,180142,180631,176715,177205,273018,40.22
2017-08-08,177694,179162,172798,173778,230229,40.19
2017-08-09,172799,173778,165945,166925,316317,40.09
2017-08-10,165455,169372,163497,167414,318435,39.99
2017-08-11,163987,166924,162518,165456,392366,39.91
2017-08-14,167903,172799,167414,172799,223630,40.0
2017-08-16,176225,176715,173777,174757,334620,39.96
2017-08-17,173777,174756,172308,174267,159443,39.95
2017-08-18,172309,174267,169372,172799,245198,39.93
2017-08-21,172798,177694,172309,174757,274260,39.92
2017-08-22,175735,182099,175246,181610,474222,40.03
2017-08-23,184057,185037,181610,185037,433863,40.12
2017-08-24,184547,187974,183568,186995,475533,40.21
2017-08-25,187974,188953,184057,186995,284055,40.31
2017-08-28,186505,186505,183079,183079,276817,40.23
2017-08-29,180141,182589,179162,181610,326520,40.23
2017-08-30,182588,188463,182588,188463,430883,40.31
2017-08-31,189932,192869,187484,192380,421532,40.47
2017-09-01,193848,193848,188952,192869,336498,40.49
2017-09-04,186994,191890,186994,188953,356638,40.41
2017-09-05,189442,189931,185036,186505,300181,40.38
2017-09-06,187973,189931,186994,188463,272339,40.42
2017-09-07,187973,191890,187973,188953,261449,40.47
2017-09-08,189442,191889,187483,188463,211679,40.48
2017-09-11,189932,198743,189442,198254,631858,40.69
2017-09-12,199722,200211,194826,195806,406190,40.52
2017-09-13,197274,205596,195806,204128,566538,40.76
2017-09-14,204616,205596,201679,205596,434823,40.82
2017-09-15,203638,210491,203148,210002,409303,40.85
2017-09-18,212938,215876,210001,215876,419591,41.03
2017-09-19,216365,219792,212449,218324,445632,41.15
2017-09-20,218813,219303,211470,214408,341123,41.18
2017-09-21,210981,212450,206086,208534,441633,41.32
2017-09-22,208533,210491,202659,204128,312380,41.41
2017-09-25,205596,212939,205107,211471,290190,41.39
2017-09-26,209022,210491,204127,205596,314414,41.15
2017-09-27,207554,207554,201680,205107,214686,41.12
2017-09-28,202659,203148,194337,195806,692176,40.9
2017-09-29,195317,196785,188463,194338,700530,40.72
2017-10-10,198743,211960,196785,209023,645852,41.04
2017-10-11,210002,212450,207065,212450,368552,41.11
2017-10-12,211960,211960,208044,210492,283841,41.17
2017-10-13,210491,215387,205107,211471,446273,41.25
2017-10-16,209512,210981,196295,199233,787622,41.35
2017-10-17,200701,202659,195316,198254,429209,41.37
2017-10-18,198743,200211,192868,193848,455227,41.35
2017-10-19,192869,196295,191889,192869,317948,41.31
2017-10-20,193848,197275,192869,195317,278204,41.33
2017-10-23,197274,200701,197274,200701,308015,41.38
2017-10-24,200701,200701,192869,193359,372107,41.28
2017-10-25,193358,195317,190911,194338,241006,41.34
2017-10-26,194337,196295,190910,191400,224059,41.34
2017-10-27,190421,192379,186994,190911,352905,41.23
2017-10-30,192869,198743,191400,198254,389509,41.38
2017-10-31,199721,202169,196784,201680,404071,41.44
2017-11-01,215386,219792,210491,219792,1353720,41.91
2017-11-02,221261,222729,216855,220282,482634,41.97
2017-11-03,215876,217345,208044,215387,642773,41.91
2017-11-06,211470,214407,209022,212939,273306,41.95
2017-11-07,212449,216365,210491,216366,290195,41.96
2017-11-08,214407,218813,211960,216366,226033,41.95
2017-11-09,216855,218323,214896,216855,232130,41.97
2017-11-10,215876,218324,213918,216366,134350,42.01
2017-11-13,213428,215876,205596,208044,325362,42.05
2017-11-14,208533,210002,203638,209513,275420,42.02
2017-11-15,206085,212939,205106,212939,305887,42.11
2017-11-16,212939,213428,209022,210981,213440,42.08
2017-11-17,214407,219303,212449,215387,333052,42.13
2017-11-20,216365,216365,207064,210002,253584,42.12
2017-11-21,210980,213918,209512,213918,153733,42.13
2017-11-22,215387,223709,212450,222730,566235,42.37
2017-11-23,224688,227625,222240,224688,359297,42.46
2017-11-24,223708,228604,223219,227625,235848,42.51
2017-11-27,229092,229092,216854,217834,471999,42.41
2017-11-28,218324,219303,210491,215387,285859,42.21
2017-11-29,215386,219302,214896,215876,180735,42.2
2017-11-30,209513,211960,207555,207555,406100,42.12
2017-12-01,209022,212449,207064,210002,245624,42.08
2017-12-04,210981,212939,207554,209513,313284,42.14
2017-12-05,206085,207064,197763,199722,525303,41.95
2017-12-06,199722,203149,197274,198254,310840,41.93
2017-12-07,200211,204617,198742,203638,390493,42.1
2017-12-08,204617,207065,203148,205107,232878,42.12
2017-12-11,207064,207554,203637,205596,190696,42.1
2017-12-12,208533,213428,205106,209023,364102,42.09
2017-12-13,210491,212450,207065,212450,290202,42.19
2017-12-14,212939,213428,206086,206086,419333,42.24
2017-12-15,209022,211470,204617,204617,247290,42.16
2017-12-18,206085,206575,200700,203638,155771,42.06
2017-12-19,205596,209022,203637,204617,216158,42.11
2017-12-20,205107,208044,203638,206576,185191,42.1
2017-12-21,205596,205596,196784,197764,287344,41.97
2017-12-22,197274,200212,195316,198254,266386,41.92
2017-12-26,198253,198743,190911,190911,397172,41.82
2017-12-27,190911,195317,190911,193359,293052,41.75
2017-12-28,192379,201191,192379,200212,269081,41.68
2018-01-02,203149,208044,202170,207555,261695,41.65
2018-01-03,205107,208533,202659,203149,248640,41.62
2018-01-04,205596,207065,202659,204128,294704,41.61
2018-01-05,205106,216365,205106,215876,644566,41.77
2018-01-08,219791,222239,217344,220771,404345,41.82
2018-01-09,220281,222239,212449,214897,325464,41.79
2018-01-10,216855,216855,206575,209023,327522,41.77
2018-01-11,211470,212449,207064,210002,352241,41.8
2018-01-12,212939,213918,207554,210981,212161,41.77
2018-01-15,208534,210981,206575,208534,201899,41.76
2018-01-16,210980,212939,209022,211960,220007,41.75
2018-01-17,211960,214407,207554,210002,302461,41.81
2018-01-18,213918,218813,211470,213429,386810,41.93
2018-01-19,213428,215875,197763,199722,989825,41.79
2018-01-22,197763,200701,193847,198743,592755,41.94
2018-01-23,199722,200701,195316,196785,621974,41.93
2018-01-24,203148,206085,200211,203638,659550,42.05
2018-01-25,210491,210980,204616,205596,655931,42.26
2018-01-26,206575,207554,200211,202659,392551,42.33
2018-01-29,204617,205596,203637,204617,205279,42.42
2018-01-30,203149,203638,199232,200212,367445,42.45
2018-01-31,198253,198743,191889,192869,908867,42.03
2018-02-01,192868,193847,181120,183568,1324631,41.68
2018-02-02,180630,181120,171329,175246,1574982,41.1
2018-02-05,170350,172309,167413,171330,1172110,40.65
2018-02-06,165455,173777,164966,173288,700657,40.75
2018-02-07,175735,176225,168393,168393,676279,40.78
2018-02-08,167903,173777,167903,171330,468466,40.83
2018-02-09,165455,167903,164476,166435,390860,40.84
2018-02-12,167903,172309,166924,170351,355630,40.82
2018-02-13,172799,173288,168393,168883,372799,40.73
2018-02-14,170840,176715,170351,176715,394531,40.77
2018-02-19,180141,181120,176225,178673,288518,40.77
2018-02-20,178183,178673,174756,175736,227900,40.83
2018-02-21,175246,176225,173287,174267,224748,40.78
2018-02-22,172798,175735,172308,175246,153772,40.8
2018-02-23,176715,179163,176225,178184,183849,40.84
2018-02-26,180141,180141,171819,173288,336504,40.69
2018-02-27,174267,175736,171330,171820,305052,40.76
2018-02-28,170351,170840,166434,167414,389012,40.68
2018-03-02,165945,168393,164966,166925,254674,40.69
2018-03-05,168393,169861,166435,166435,172058,40.69
2018-03-06,168882,175736,168393,175736,386770,40.74
2018-03-07,175735,178672,173287,174267,324913,40.77
2018-03-08,175246,178184,174757,178184,343088,40.68
2018-03-09,181121,192379,180631,192380,1203453,40.89
2018-03-12,197764,201680,195316,198254,611511,40.89
2018-03-13,194826,199232,194826,197764,412079,40.77
2018-03-14,201190,208044,199722,202170,973969,40.92
2018-03-15,206085,210491,202659,210002,647140,41.17
2018-03-16,210981,212449,206575,210981,509397,41.27
2018-03-19,210001,210491,200700,201680,649611,41.17
2018-03-20,199232,204617,197274,204128,295257,41.17
2018-03-21,203638,203638,198743,200212,371945,41.13
2018-03-22,199721,205596,199232,203638,362612,41.17
2018-03-23,197764,198743,194827,195317,463251,41.13
2018-03-26,196785,198743,192379,197275,257385,41.11
2018-03-27,199722,201190,195805,196785,283211,41.12
2018-03-28,194827,194827,191889,192869,422492,41.25
2018-03-29,192869,193358,186015,186995,456654,41.16
2018-03-30,190421,190910,188463,188463,232750,41.09
2018-04-02,195806,199722,194827,195317,595514,40.92
2018-04-03,192869,194827,189442,193359,293506,40.81
2018-04-04,192868,193358,185036,185526,371097,40.75
2018-04-05,186505,189932,185526,186995,243604,40.69
2018-04-06,187484,188953,186015,186995,192835,40.72
2018-04-09,186994,188952,186015,187484,146606,40.74
2018-04-10,186505,186995,180141,182100,356595,40.73
2018-04-11,186995,188463,182099,183079,285487,40.67
2018-04-12,185036,187973,183078,185526,382941,40.54
2018-04-13,187483,191889,186994,188463,450686,40.47
2018-04-16,189931,191400,187483,188463,171740,40.46
2018-04-17,187973,190421,186015,188953,149431,40.45
2018-04-18,189932,190421,187974,187974,153504,40.44
2018-04-19,187973,187973,184057,185526,235329,40.41
2018-04-20,184547,185037,181610,182100,249811,40.3
2018-04-23,183078,185526,182099,184058,164977,40.31
2018-04-24,184057,184547,178183,178673,292880,40.29
2018-04-25,178183,178183,170840,172309,451558,40.11
2018-04-26,172309,177694,171819,174757,255773,40.08
2018-04-27,175735,179162,175735,176715,180661,40.08
2018-04-30,176225,180631,176225,179652,168227,40.12
2018-05-02,180631,181121,177204,179163,239743,40.2
2018-05-03,181609,184547,180630,182589,473186,40.15
2018-05-04,179162,179652,176225,176715,325368,40.12
2018-05-08,175246,182100,175246,180142,236197,40.22
2018-05-09,179162,188463,178183,186995,330949,40.31
2018-05-10,186015,188463,185036,186505,403492,40.08
2018-05-11,189442,189442,185526,186995,184599,39.98
2018-05-14,188952,197274,187973,195806,465791,40.08
2018-05-15,194827,194827,188952,191890,226800,40.0
2018-05-16,189931,193358,188463,191890,136573,40.01
2018-05-17,194826,200211,193847,195806,405406,40.03
2018-05-18,197274,197274,189931,190911,230250,39.93
2018-05-21,190910,194827,188463,193848,192640,39.94
2018-05-23,201191,205596,199722,200212,674273,40.11
2018-05-24,197764,202170,195806,200212,272596,40.14
2018-05-25,200211,204127,197763,202659,437236,40.14
2018-05-28,202658,206575,199232,204617,277039,40.22
2018-05-29,206575,207065,203148,207065,323472,40.35
2018-05-30,204617,205596,199232,201680,351336,40.28
2018-05-31,202170,202170,196296,196296,476427,40.23
2018-06-01,196784,206085,195805,204617,365660,40.12
2018-06-04,204617,214408,204128,214408,623696,40.33
2018-06-05,212939,213429,208533,210492,334641,40.21
2018-06-07,215876,221750,214407,217345,807006,40.14
2018-06-08,216854,221260,216365,220771,409698,40.11
2018-06-11,215876,221261,215386,219303,369470,39.9
2018-06-12,221750,225177,220281,225177,495907,40.0
2018-06-14,225177,230072,222239,222240,540334,40.06
2018-06-15,228114,232030,226156,230562,648952,40.17
2018-06-18,230561,231051,215876,218324,660320,40.16
2018-06-19,217345,220771,210981,211471,542702,40.07
2018-06-20,212449,228114,212449,224198,464692,40.1
2018-06-21,226645,227135,220281,221261,376664,40.11
2018-06-22,218813,224198,215386,222240,267563,40.13
2018-06-25,221750,223218,220281,220771,233900,40.06
2018-06-26,215876,222240,215386,219303,299881,39.89
2018-06-27,219302,225666,218812,220771,296633,39.87
2018-06-28,218324,218813,213918,215387,276526,39.78
2018-06-29,214897,215876,205596,209513,607533,39.53
2018-07-02,210492,215387,208044,209513,286546,39.57
2018-07-03,214897,219302,203148,208044,436299,39.44
2018-07-04,208534,213429,207554,208534,163220,39.44
2018-07-05,208044,211471,202659,210492,269906,39.38
2018-07-06,208533,227135,203148,226156,872246,39.23
2018-07-09,225666,232520,224687,227625,429452,39.2
2018-07-10,231541,231541,219792,223709,380498,39.03
2018-07-11,218323,224198,218323,220282,290350,38.96
2018-07-12,218324,230072,218324,228604,464600,38.89
2018-07-13,230071,238883,229092,232030,449234,38.9
2018-07-16,233009,233009,221750,224198,310060,38.79
2018-07-17,224198,226646,220771,223709,199337,38.77
2018-07-18,226645,230072,221750,222240,260063,38.76
2018-07-19,222729,233988,221750,230072,385552,38.83
2018-07-20,230561,231051,224687,227135,321047,38.75
2018-07-23,224197,226155,214407,215876,450323,38.63
2018-07-24,216365,223708,215386,223219,308644,38.66
2018-07-25,224197,233498,222729,225177,465577,38.58
2018-07-26,225666,227625,221750,226646,333996,38.57
2018-07-27,225666,231051,224198,229583,276719,38.49
2018-07-30,232030,235456,220281,223219,634820,38.34
2018-07-31,222729,228114,219792,224198,330996,38.41
2018-08-01,225177,228114,219302,221261,320699,38.47
2018-08-02,221751,227135,220282,221751,328031,38.42
2018-08-03,224687,227135,221260,226156,251478,38.39
2018-08-06,227135,228114,219302,220282,308478,38.44
2018-08-07,218324,222240,218324,221751,172148,38.45
2018-08-08,222239,224687,220281,220771,230484,38.46
2018-08-09,221261,225177,217834,223709,325681,38.52
2018-08-10,223218,223218,208043,209023,638455,38.4
2018-08-13,208533,212450,207065,210492,309899,38.51
2018-08-14,211470,211470,206575,210002,221196,38.5
2018-08-16,205596,212939,205596,211960,255415,38.52
2018-08-17,213428,214897,208533,209023,177540,38.49
2018-08-20,210980,212938,203638,203638,357075,38.48
2018-08-21,204617,213429,203149,212450,325744,38.5
2018-08-22,212939,213918,209512,210981,221831,38.45
2018-08-23,211470,216365,210001,214897,200960,38.42
2018-08-24,213918,220282,212939,219303,208454,38.45
2018-08-27,221260,229093,219792,228114,402584,38.59
2018-08-28,229582,233988,225177,225177,436262,38.61
2018-08-29,227135,231051,224687,230562,363664,38.48
2018-08-30,230562,233988,228114,230562,304186,38.51
2018-08-31,230071,234967,227134,231051,290360,38.54
2018-09-03,232519,238883,230561,237415,437420,38.57
2018-09-04,239373,239863,236436,239863,276619,38.6
2018-09-05,240841,240841,235456,237415,307942,38.54
2018-09-06,235457,239863,232520,236926,286538,38.53
2018-09-07,236925,239372,230561,233988,369772,38.51
2018-09-10,233009,239373,233009,238884,222984,38.56
2018-09-11,240841,249652,240351,244268,509290,38.51
2018-09-12,246226,248673,236435,242310,418082,38.46
2018-09-13,239862,242799,233009,233499,583983,38.3
2018-09-14,236925,242800,236436,239863,257278,38.41
2018-09-17,240351,243289,236925,241331,202629,38.44
2018-09-18,237904,249653,235457,249653,437248,38.52
2018-09-19,251611,253080,248184,251122,362793,38.62
2018-09-20,249652,253079,246225,248184,303883,38.71
2018-09-21,251121,251611,246715,250632,305394,38.8
2018-09-27,256506,257974,252100,255527,365726,38.95
2018-09-28,256017,256506,249163,253080,343002,38.92
2018-10-01,254058,255526,245736,247205,324395,38.91
2018-10-02,249163,253569,244758,244758,234091,38.94
2018-10-04,244758,247205,235946,238884,399079,38.93
2018-10-05,236925,237904,226155,232030,608667,38.83
2018-10-08,230561,242309,229092,233988,364323,38.8
2018-10-10,237415,237904,227624,233499,348507,38.72
2018-10-11,225177,229582,221750,222240,428939,38.61
2018-10-12,223709,239863,223709,238884,527102,38.67
2018-10-15,238883,244268,235946,238394,289720,38.58
2018-10-16,240352,244268,237414,238394,192305,38.58
2018-10-17,245736,249652,242799,245247,283332,38.65
2018-10-18,247205,251121,245246,247205,270791,38.73
2018-10-19,243288,248673,238883,247205,291522,38.69
2018-10-22,245737,248674,242310,245737,172007,38.67
2018-10-23,245736,245736,231051,234478,525089,38.63
2018-10-24,234967,236435,214896,217834,828793,38.43
2018-10-25,209512,224688,209512,224688,691211,38.47
2018-10-26,228603,230561,213428,227135,690665,38.42
2018-10-29,233009,234477,221260,224198,658039,38.35
2018-10-30,223218,233009,217344,230072,530860,38.3
2018-10-31,232030,233009,225177,230562,353578,38.34
2018-11-01,234478,235946,222729,223709,500860,38.23
2018-11-02,225666,229583,221261,229583,613820,38.24
2018-11-05,228603,233009,224197,231051,313921,38.25
2018-11-06,233009,233499,225666,229583,271112,38.36
2018-11-07,228114,230562,222729,224688,286171,38.39
2018-11-08,230072,232030,224198,224198,465880,38.44
2018-11-09,224197,224197,210980,211960,713548,38.37
2018-11-12,208533,214897,206575,214408,435510,38.53
2018-11-13,208044,212939,203638,211471,490744,38.55
2018-11-14,211470,215876,211470,212939,275729,38.49
2018-11-15,210981,218324,209023,217345,260380,38.47
2018-11-16,217834,219303,214897,215387,275550,38.53
2018-11-19,216854,221260,215386,217834,250156,38.51
2018-11-20,213428,213917,202658,204617,606799,38.39
2018-11-21,198253,206575,195806,206086,571813,38.35
2018-11-22,206575,206575,203148,204128,236914,38.35
2018-11-23,203638,205107,195806,197275,495674,38.37
2018-11-26,195316,203148,194826,201680,335769,38.32
2018-11-27,204617,206086,199232,205107,407710,38.29
2018-11-28,205596,205596,201679,204617,232795,38.29
2018-11-29,209023,210491,204127,205107,283067,38.27
2018-11-30,206086,210002,201680,202170,416480,38.19
2018-12-03,207065,217345,206575,216366,521989,38.33
2018-12-04,216365,218813,212449,213918,449951,38.42
2018-12-05,209022,212449,207554,211960,229094,38.46
2018-12-06,211959,212449,201679,203638,384626,38.39
2018-12-07,205596,207554,203148,203638,209718,38.41
2018-12-10,200211,201680,196784,199722,272083,38.44
2018-12-11,201680,203149,197764,199233,284328,38.49
2018-12-12,202169,206086,199232,204128,430799,38.46
2018-12-13,206575,213429,205107,211471,670317,38.52
2018-12-14,210491,210981,198743,201191,468886,38.48
2018-12-17,200211,203638,197274,202659,288530,38.57
2018-12-18,198254,202659,197274,198254,234412,38.54
2018-12-19,199722,208534,199233,206576,344134,38.58
2018-12-20,204616,208533,202658,205596,300656,38.59
2018-12-21,207065,217834,207065,216366,722010,38.52
2018-12-24,217344,218323,210491,213918,316509,38.4
2018-12-26,209023,219792,209023,213429,450396,38.27
2018-12-27,221260,221750,214407,215876,318227,38.26
2018-12-28,216366,218324,211470,214408,200123,38.25
2019-01-02,217344,219302,204127,206086,352948,38.2
2019-01-03,204617,205106,197763,198743,494726,38.16
2019-01-04,197274,199722,189931,196785,484430,38.17
2019-01-07,204617,214897,204128,212450,561689,38.3
2019-01-08,213428,214897,208533,213918,316701,38.31
2019-01-09,215876,222240,214408,221751,464811,38.53
2019-01-10,221260,223708,219302,222240,283216,38.66
2019-01-11,222729,227135,221750,226156,251817,38.77
2019-01-14,224687,229093,223218,227135,196546,38.82
2019-01-15,227135,233009,226156,231541,316376,38.9
2019-01-16,231540,234967,228603,234967,285119,38.95
2019-01-17,234967,234967,226155,227135,376458,38.99
2019-01-18,228114,233499,225177,227625,347057,38.99
2019-01-21,228114,231540,223708,231541,263079,39.06
2019-01-22,231540,232519,224198,224198,267889,39.07
2019-01-23,223219,228604,223219,225667,235603,39.07
2019-01-24,224197,225176,220281,220771,479105,39.04
2019-01-25,219792,227625,218813,227625,397563,39.06
2019-01-28,228603,228603,221260,227135,745650,39.2
2019-01-29,225177,228603,221750,224198,399494,39.18
2019-01-30,224198,225177,220281,223219,331543,39.21
2019-01-31,225176,225666,218813,218813,377816,39.18
2019-02-01,219302,223708,219302,222240,293537,39.25
2019-02-07,225176,235946,225176,234967,707497,39.57
2019-02-08,233009,239862,232519,233499,357909,39.56
2019-02-11,234967,237415,229582,231541,254408,39.52
2019-02-12,232030,235946,230072,231541,368477,39.54
2019-02-13,233499,236925,231051,233499,411370,39.6
2019-02-14,233498,235457,231051,235457,407205,39.61
2019-02-15,234477,234967,229092,231051,317163,39.63
2019-02-18,233009,239863,232030,239863,458462,39.82
2019-02-19,240351,245736,237904,242310,498764,39.97
2019-02-20,242310,243779,238883,242800,338170,40.01
2019-02-21,241331,241331,236925,238394,322415,40.05
2019-02-22,237905,237905,231051,235947,460593,40.12
2019-02-25,236435,240841,235946,240352,279885,40.24
2019-02-26,239862,242310,233988,235457,261274,40.25
2019-02-27,235456,235946,232519,233988,325512,40.19
2019-02-28,235946,238883,231051,232520,397864,40.26
2019-03-04,236436,236436,232030,233499,380813,40.28
2019-03-05,232030,232030,223219,225667,497234,40.2
2019-03-06,225666,228604,222729,227625,266011,40.26
2019-03-07,227134,228603,217344,219792,504840,40.24
2019-03-08,216365,219302,213428,215876,372036,40.22
2019-03-11,215876,216365,210491,212939,357904,40.21
2019-03-12,215876,216365,209512,210981,491843,40.25
2019-03-13,210981,214408,209023,213429,447561,40.41
2019-03-14,213918,213918,206575,207555,841791,40.6
2019-03-15,207554,209023,204617,207065,636292,40.63
2019-03-18,206575,206575,202659,205107,520826,40.67
2019-03-19,205106,209022,204127,205596,507290,40.59
2019-03-20,204127,204617,199721,203638,461048,40.49
2019-03-21,212449,217345,210002,213429,1204292,40.46
2019-03-22,212939,214407,209022,210002,391114,40.53
2019-03-25,205106,207554,203148,204617,461241,40.67
2019-03-26,204617,207065,203148,205107,265115,40.72
2019-03-27,204127,206575,202169,205596,330381,40.72
2019-03-28,204127,210491,203638,207065,298147,40.8
2019-03-29,207554,210491,205106,210002,259055,40.84
2019-04-01,213428,214897,210980,211960,255045,40.98
2019-04-02,213918,213918,211959,212939,213233,41.1
2019-04-03,212938,216365,212449,214897,260854,41.19
2019-04-04,214897,217345,213428,215387,238442,41.18
2019-04-05,214897,214897,211960,213429,234015,41.31
2019-04-08,215386,215876,212938,213918,150897,41.37
2019-04-09,217834,218813,215387,215387,372613,41.34
2019-04-10,214407,216855,213428,215876,255333,41.35
2019-04-11,217345,221751,216855,221751,475845,41.53
2019-04-12,221260,224687,220281,224198,319237,41.64
2019-04-15,224687,225177,220281,223219,243478,41.72
2019-04-16,223219,224198,221260,223219,163032,41.79
2019-04-17,223219,226156,222240,225667,210838,41.91
2019-04-18,227135,230072,221750,222730,294271,42.04
2019-04-19,225667,226156,223219,224688,155191,42.09
2019-04-22,225176,229582,224687,228114,180400,42.15
2019-04-23,226645,229093,225177,225177,263338,42.3
2019-04-24,222240,224688,218324,223709,368951,42.46
2019-04-25,221260,227135,221260,225177,218714,42.56
2019-04-26,224687,225177,221750,224198,255727,42.55
2019-04-29,223218,229093,223218,229093,183299,42.6
2019-04-30,229093,232030,226645,231541,247012,42.8
2019-05-02,230071,233498,229582,233009,296249,42.81
2019-05-03,231540,233988,231050,233988,200298,42.93
2019-05-07,230561,234477,230071,233988,267868,42.95
2019-05-08,231050,233988,230071,233988,199961,42.99
2019-05-09,231540,233009,217345,217345,741145,43.11
2019-05-10,217834,220281,210491,216855,397649,43.14
2019-05-13,213918,219303,211960,214408,195272,43.18
2019-05-14,210981,213428,208043,209023,426037,43.13
2019-05-15,210002,217834,209023,216366,290442,43.17
2019-05-16,216366,216855,210981,211471,216960,43.17
2019-05-17,212450,215876,210002,210492,164815,43.19
2019-05-20,210491,212449,203638,203638,236092,43.15
2019-05-21,202658,208533,202658,205596,257919,43.19
2019-05-22,206575,209513,205107,208534,143346,43.21
2019-05-23,209512,210981,206086,210492,174767,43.2
2019-05-24,210001,213428,208533,210981,237765,43.21
2019-05-27,210002,214408,209023,211471,121787,43.19
2019-05-28,203638,209023,201190,204128,642375,43.06
2019-05-29,202170,203638,197274,199233,375636,42.95
2019-05-30,203638,210491,203148,209023,462629,42.93
2019-05-31,210001,214407,208043,213918,279125,42.94
2019-06-03,212449,220282,211960,220282,282905,43.0
2019-06-04,220282,224688,217345,223709,336907,43.0
2019-06-05,225177,227624,218813,220282,217083,43.02
2019-06-07,224197,226156,221260,225177,383880,43.02
2019-06-10,227624,230072,226155,230072,247844,43.18
2019-06-11,232519,233988,223218,232030,479772,43.22
2019-06-12,231051,231540,226645,229093,201918,43.21
2019-06-13,228114,233499,228114,233499,312775,43.27
2019-06-14,232030,234478,229093,231541,191344,43.25
2019-06-17,231051,232519,229582,231051,139891,43.23
2019-06-18,229093,231051,227624,228604,187066,43.22
2019-06-19,231051,233499,226645,229583,247173,43.25
2019-06-20,230072,232520,229582,232520,144797,43.27
2019-06-21,230561,232030,227134,228114,213888,43.24
2019-06-24,227135,228114,223219,224688,217288,43.23
2019-06-25,228114,230072,224198,224198,208839,43.21
2019-06-26,224198,226645,223218,224198,123664,43.18
2019-06-27,225177,233009,224198,232520,302394,43.15
2019-06-28,231540,233499,230561,231541,180042,43.19
2019-07-01,234477,234477,230071,233009,159762,43.2
2019-07-02,232520,234478,228603,229583,160574,43.18
2019-07-03,231051,232030,226645,228114,132562,43.18
2019-07-04,226645,233988,226645,233988,231590,43.31
2019-07-05,234478,234478,230072,233499,124085,43.29
2019-07-08,231540,232030,224197,229093,250542,43.31
2019-07-09,228114,229583,222730,222730,176201,43.29
2019-07-10,224198,228114,221750,226646,138924,43.31
2019-07-11,226156,228114,224197,226156,188414,43.29
2019-07-12,226645,233009,225176,233009,194319,43.31
2019-07-15,232519,234477,231540,233988,180315,43.34
2019-07-16,234478,237905,233988,235947,196780,43.38
2019-07-17,235457,236436,233009,235947,140921,43.41
2019-07-18,235946,238884,233988,236926,158613,43.45
2019-07-19,238884,238884,236436,236926,129815,43.46
2019-07-22,236436,237415,233988,236436,91097,43.5
2019-07-23,237415,238883,235456,237415,143227,43.54
2019-07-24,234477,238883,233988,233988,189435,43.57
2019-07-25,231540,233988,226155,228114,294620,43.56
2019-07-26,228114,230561,224687,227135,176885,43.57
2019-07-29,226645,227624,220771,224198,184196,43.65
2019-07-30,224687,233988,222729,232030,241266,43.62
2019-07-31,240841,244268,236436,243779,630963,43.96
2019-08-01,242309,244757,239862,243289,257672,44.03
2019-08-02,239372,246715,239372,246226,346638,44.21
2019-08-05,244758,245247,234967,237905,281161,44.2
2019-08-06,230071,235946,227134,231051,365514,44.1
2019-08-07,234478,235946,230072,230562,171121,44.12
2019-08-08,233988,238393,230071,231051,346686,44.17
2019-08-09,233988,242310,233009,242310,283693,44.36
2019-08-12,241330,245736,239372,244268,149885,44.42
2019-08-13,241331,243289,238883,240352,142609,44.41
2019-08-14,242799,250631,242309,250142,356969,44.62
2019-08-16,244757,248184,243778,247205,250022,44.53
2019-08-19,247695,248674,244268,247695,111109,44.52
2019-08-20,247205,249163,245247,248674,133826,44.54
2019-08-21,248184,248184,243288,244268,179654,44.55
2019-08-22,243289,243778,235456,236436,328462,44.5
2019-08-23,232519,242310,232519,241331,230025,44.55
2019-08-26,237904,240352,233988,237415,193850,44.54
2019-08-27,239862,241331,236435,239373,217095,44.49
2019-08-28,242309,244757,239372,243289,167912,44.47
2019-08-29,244268,244268,240351,242310,141348,44.46
2019-08-30,243288,245736,241330,244268,171596,44.48
2019-09-02,227625,240842,226646,240842,362675,44.34
2019-09-03,239862,242799,238393,241331,173811,44.38
2019-09-04,240352,241821,235946,240842,242499,44.35
2019-09-05,239373,242310,238394,238884,219447,44.34
2019-09-06,243289,243289,237904,238884,175987,44.3
2019-09-09,239863,240842,233988,235947,260561,44.33
2019-09-10,234478,234478,227135,227625,578990,44.19
2019-09-11,228604,229093,221750,228604,454073,44.18
2019-09-16,228604,229093,224687,228604,252823,44.23
2019-09-17,230562,232520,229093,229583,246645,44.26
2019-09-18,229583,231051,228114,229583,155111,44.26
2019-09-19,229093,233009,228603,231541,180032,44.29
2019-09-20,231540,232030,229092,232030,189182,44.25
2019-09-23,232030,234477,231540,232030,130702,44.25
2019-09-24,232519,233499,231540,233499,110832,44.24
2019-09-25,229093,229582,217834,218324,655248,43.86
2019-09-26,221260,223218,218812,219792,284117,43.83
2019-09-27,220771,221260,216854,217834,142646,43.81
2019-09-30,215386,218813,211960,218324,258469,43.74
2019-10-01,216365,224197,216365,220771,171271,43.75
2019-10-02,218813,221750,215876,215876,191503,43.74
2019-10-04,214407,217344,213428,213918,168369,43.69
2019-10-07,215876,218323,213428,214897,125194,43.66
2019-10-08,216855,222240,216366,221751,235041,43.61
2019-10-10,218813,227625,218324,227625,439480,43.66
2019-10-11,228603,228603,220281,222240,357595,43.67
2019-10-14,225177,226156,220771,221751,215165,43.71
2019-10-15,216855,217345,213918,215387,524459,43.51
2019-10-16,216365,217344,213918,213918,308283,43.35
2019-10-17,214897,216855,214897,215387,183076,43.41
2019-10-18,215876,220771,215876,219303,297221,43.56
2019-10-21,220771,220771,216854,219792,113511,43.57
2019-10-22,220281,220281,217833,219792,164336,43.54
2019-10-23,218323,220281,217833,219792,129966,43.54
2019-10-24,221750,222729,219302,221261,140217,43.59
2019-10-25,222240,222240,220771,221261,118839,43.6
2019-10-28,222240,225177,221261,224688,190406,43.62
2019-10-29,225666,225666,219792,223219,221014,43.65
2019-10-30,226156,227135,225177,225177,296569,43.7
2019-10-31,227135,227135,222240,222730,210772,43.67
2019-11-01,224687,226645,222729,226156,125459,43.71
2019-11-04,227624,230072,227134,228114,191146,43.72
2019-11-05,228603,231540,227624,230072,193371,43.74
2019-11-06,231540,231540,227135,227135,144886,43.73
2019-11-07,225176,228114,223708,227135,170755,43.69
2019-11-08,229582,232520,228603,232520,253554,43.8
2019-11-11,232519,233498,229093,229093,135122,43.8
2019-11-12,228114,230072,226155,228114,112397,43.77
2019-11-13,229093,230562,228114,229583,152755,43.78
2019-11-14,230072,231540,229093,231541,195416,43.75
2019-11-15,233498,233988,231540,233009,182826,43.79
2019-11-18,234967,236925,233988,235457,208229,43.87
2019-11-19,236925,237904,234477,237415,225927,43.97
2019-11-20,235456,237904,230561,231051,156706,43.92
2019-11-21,232030,232030,225666,229583,229820,43.87
2019-11-22,233009,235946,228603,230562,222483,43.78
2019-11-25,230561,234967,230561,233009,212014,43.74
2019-11-26,233008,234967,232029,233988,298850,43.72
2019-11-27,233988,234477,230071,231051,134080,43.7
2019-11-28,228114,231051,227624,228114,194026,43.67
2019-11-29,229093,229582,226156,226156,165936,43.67
2019-12-02,228113,230561,226645,229093,162081,43.64
2019-12-03,227134,233009,226155,232030,141637,43.65
2019-12-04,229582,230072,216855,219303,566930,43.52
2019-12-05,220282,221750,215386,217345,297834,43.53
2019-12-06,217344,220771,216365,220771,178740,43.58
2019-12-09,218813,220771,216855,218324,200962,43.49
2019-12-10,219792,221751,218324,221751,137920,43.52
2019-12-11,222730,224198,220282,222730,177858,43.55
2019-12-12,224198,224198,221750,223709,275339,43.57
2019-12-13,225667,227135,223708,224688,238034,43.55
2019-12-16,225177,229093,224198,228604,240851,43.75
2019-12-17,228114,230562,227624,229583,233145,43.72
2019-12-18,228603,228603,222239,222240,324554,43.53
2019-12-19,222240,224198,221750,223709,160512,43.6
2019-12-20,225177,225667,222729,223709,177096,43.58
2019-12-23,224687,224687,222239,223219,121908,43.54
2019-12-24,222729,224198,219302,220282,222520,43.24
2019-12-26,221260,221260,217834,217834,262387,43.21
2019-12-27,220771,228603,220771,228114,420356,43.29
2019-12-30,228603,231051,228113,231051,197812,43.29
2020-01-02,232030,232519,226645,227135,190487,43.24
2020-01-03,230072,230561,223708,224198,244457,43.2
2020-01-06,222239,225666,221260,225177,154256,43.26
2020-01-07,225177,228604,224198,226646,156897,43.24
2020-01-08,224198,226156,222239,224198,268306,43.24
2020-01-09,225666,228604,225177,227625,283808,43.23
2020-01-10,228114,244268,228114,243779,837306,43.54
2020-01-13,244757,255527,243778,253569,655476,43.71
2020-01-14,259443,268744,257485,259933,777340,43.96
2020-01-15,262870,264338,258464,261891,311644,44.08
2020-01-16,259932,263359,256506,262870,335203,44.0
2020-01-17,264828,267765,262380,263849,358057,44.13
2020-01-20,267764,272660,265317,269723,442625,44.25
2020-01-21,270212,271681,267275,269723,222340,44.35
2020-01-22,270702,280982,270702,280003,390399,44.43
2020-01-23,280002,285387,276575,277555,470809,44.37
2020-01-28,268744,279513,268254,279024,473196,44.46
2020-01-29,282940,284898,276576,280982,423821,44.48
2020-01-30,286856,290282,276086,280982,652637,44.51
2020-01-31,284408,284408,269233,270213,605115,44.69
2020-02-03,265807,278534,262380,278045,570374,44.67
2020-02-04,287346,302521,286856,301542,959276,45.04
2020-02-05,314269,314269,303499,307416,800958,45.12
2020-02-06,300563,312801,298115,311822,642461,45.05
2020-02-07,310353,315737,307415,310353,664718,44.84
2020-02-10,307905,314759,305458,314759,395479,44.82
2020-02-11,318185,343640,317206,335808,893606,44.82
2020-02-12,334339,336297,329933,330913,655690,44.56
2020-02-13,330423,335318,327975,329444,704737,44.53
2020-02-14,330423,332871,326996,329934,378586,44.45
2020-02-17,330913,331892,325528,330913,304704,44.44
2020-02-18,329444,330913,324059,326997,408572,44.43
2020-02-19,335318,336297,325038,326997,482984,44.4
2020-02-20,325038,339723,323569,336297,539271,44.36
2020-02-21,331402,340702,327975,329444,547545,44.35
2020-02-24,319164,322590,311821,314269,719712,44.2
2020-02-25,310842,315737,305947,314269,860100,43.95
2020-02-26,305947,310842,302031,305458,674832,43.86
2020-02-27,302520,306926,299583,303010,612241,44.01
2020-02-28,295177,296646,285876,288814,938779,44.04
2020-03-02,290282,301052,286366,298115,625089,43.92
2020-03-03,309863,311821,301052,301542,666440,43.88
2020-03-04,297625,311332,296646,308395,501751,43.86
2020-03-05,315737,317696,309863,316717,566169,43.92
2020-03-06,312801,316717,307905,309864,431145,43.9
2020-03-09,298604,299093,287345,288814,744434,43.79
2020-03-10,282940,291751,280003,287346,920647,43.53
2020-03-11,291261,295177,280981,282940,604747,43.56
2020-03-12,280492,285387,264828,274129,981785,43.37
2020-03-13,254547,278534,252589,271681,1099581,43.07
2020-03-16,274128,276576,247695,247695,1015541,42.94
2020-03-17,236925,251611,235457,240842,1011668,42.95
2020-03-18,240841,243778,216855,216855,1129034,43.05
2020-03-19,222240,223219,176225,179163,2281112,42.81
2020-03-20,192868,211960,189931,211960,1857197,43.0
2020-03-23,197764,228603,196295,213918,1610388,42.95
2020-03-24,226645,247205,219792,241331,1704329,42.81
2020-03-25,261401,263849,243779,252101,1397820,42.74
2020-03-26,253079,255037,241331,242800,1005486,42.61
2020-03-27,253079,254548,231541,242800,996897,42.68
2020-03-30,233988,241820,230072,239373,781359,42.76
2020-03-31,240352,242799,230561,235457,1032736,42.61
2020-04-01,234967,239372,225176,226156,811318,42.38
2020-04-02,226645,228603,217344,228114,936070,42.2
2020-04-03,235946,240352,223219,226646,1072758,42.0
2020-04-06,229582,234967,225666,234967,738575,41.88
2020-04-07,241331,245737,235457,239863,1140003,41.96
2020-04-08,239862,250632,237415,244758,1092432,42.1
2020-04-09,250632,251121,243778,247695,612898,42.04
2020-04-10,248184,248673,241820,245247,448433,42.04
2020-04-13,243289,243289,235946,236436,421680,42.04
2020-04-14,245246,247205,242799,246226,654316,42.14
2020-04-16,246715,265806,246715,265317,1257157,42.25
2020-04-17,271681,298605,270702,280493,2152875,42.31
2020-04-20,280982,287835,272170,277066,894400,42.31
2020-04-21,272660,279513,268254,277066,1122146,42.27
2020-04-22,268743,279513,267275,279513,644603,42.3
2020-04-23,284897,285387,278044,278534,620986,42.12
2020-04-24,274129,276087,269233,271192,504760,42.07
2020-04-27,271191,274618,269233,273150,342531,42.11
2020-04-28,279023,282450,271680,273639,516634,42.08
2020-04-29,275597,280003,274128,280003,647878,42.22
2020-05-04,271681,274618,269723,271192,585037,42.21
2020-05-06,277555,278044,272170,275597,354450,42.3
2020-05-07,275596,277065,272659,276576,265248,42.3
2020-05-08,278044,284897,277065,279513,477598,42.35
2020-05-11,282450,283919,278534,280982,381633,42.5
2020-05-12,280003,280982,273149,278045,424240,42.62
2020-05-13,274128,306926,273639,303010,1694635,42.6
2020-05-14,303500,309863,293220,301542,1012977,42.48
2020-05-15,302031,303989,294688,296157,472799,42.39
2020-05-18,298604,313779,293709,306926,803252,42.41
2020-05-19,313290,317696,306926,310843,538351,42.38
2020-05-20,309863,324059,308394,324059,627971,42.49
2020-05-21,327486,336297,323570,327976,722752,42.5
2020-05-22,330913,333850,323080,328955,475746,42.49
2020-05-25,330912,340703,328954,340703,673688,42.46
2020-05-26,351472,385248,350982,379864,1485230,42.52
2020-05-27,370074,374969,355388,357347,1712041,41.71
2020-05-28,354898,362730,341192,351472,1509431,41.52
2020-05-29,347555,357835,345597,351472,748858,41.55
2020-06-01,353430,361752,352941,358326,544364,41.55
2020-06-02,365179,371053,360283,362242,708973,41.62
2020-06-03,362242,364689,354409,358326,975696,41.4
2020-06-04,358325,367136,356367,362731,795239,41.57
2020-06-05,363220,368115,361262,363710,662373,41.51
2020-06-08,368115,371052,363220,367626,706692,41.69
2020-06-09,373500,381822,368116,375459,1010536,41.91
2020-06-10,373989,378885,370563,376927,482875,41.84
2020-06-11,381333,390633,373011,379375,1436672,41.63
2020-06-12,359305,376927,359305,371543,1031650,41.69
2020-06-15,368116,373990,341193,341193,1208144,41.79
2020-06-16,359304,368116,352941,368116,864235,41.84
2020-06-17,367137,379864,365668,376438,1063928,42.12
2020-06-18,375948,376437,366647,369095,561194,42.13
2020-06-19,376437,376927,365178,376927,608296,42.25
2020-06-22,373011,378396,371542,372522,440916,42.21
2020-06-23,375948,380843,370074,373501,558088,42.18
2020-06-24,373990,377906,372032,372522,445211,42.15
2020-06-25,365668,370074,361752,362242,597343,42.2
2020-06-26,367137,367626,354899,362242,446249,42.22
2020-06-29,355389,363710,353430,355389,430077,42.27
2020-06-30,361752,364689,355388,355878,400270,42.19
2020-07-01,362241,371542,359793,362731,552986,42.2
2020-07-02,367626,368605,356367,363710,471409,41.98
2020-07-03,371542,376927,370073,373011,552317,42.09
2020-07-06,375947,379864,372031,379864,528736,42.18
2020-07-07,388185,395038,380842,382801,782668,42.21
2020-07-08,385249,386228,374969,377417,513687,42.08
2020-07-09,377417,387207,372522,384760,720666,42.1
2020-07-10,387206,390143,378395,382801,393740,42.1
2020-07-13,389655,390144,378885,385739,424681,42.1
2020-07-14,378885,385739,378396,383781,410201,42.19
2020-07-15,387207,389655,381333,384760,380651,42.24
2020-07-16,391612,391612,374479,377906,435044,42.2
2020-07-17,375459,377417,368605,375459,365001,42.14
2020-07-20,374969,375948,368116,370564,263610,42.14
2020-07-21,376926,382311,376437,378885,400613,42.22
2020-07-22,376437,381332,372521,379864,260005,42.2
2020-07-23,382312,382312,375948,377417,244415,42.17
2020-07-24,372031,373010,365667,367626,403359,42.03
2020-07-27,360773,370563,360773,370074,340138,41.9
2020-07-28,378885,388676,373501,384760,1084599,42.27
2020-07-29,384759,387207,374969,377417,662011,42.14
2020-07-30,377906,379375,372521,375459,311904,42.11
2020-07-31,376927,394549,375458,389165,972326,42.62
2020-08-03,389654,406788,385738,405809,1081649,42.54
2020-08-04,420493,421962,401892,407277,568177,42.48
2020-08-05,406787,458187,403850,458187,1347457,42.8
2020-08-06,457208,471893,447418,459656,733703,42.7
2020-08-07,456718,498327,455739,477768,1217425,42.66
2020-08-10,475809,476299,460145,463572,849234,42.32
2020-08-11,456718,472383,454271,462593,1040108,41.86
2020-08-12,457697,477278,455739,465530,705909,41.82
2020-08-13,472872,476299,454270,461124,725635,41.75
2020-08-14,445948,454270,432731,434690,1084089,41.52
2020-08-18,424900,443012,421962,423921,790834,41.48
2020-08-19,429305,431263,418046,425389,562851,41.43
2020-08-20,419025,427347,405319,405809,742141,41.43
2020-08-21,413151,419025,402871,414620,646854,41.43
2020-08-24,414130,428816,407277,428816,539931,41.53
2020-08-25,436158,436158,427347,434690,419521,41.53
2020-08-26,433221,452802,430284,446928,664835,41.71
2020-08-27,458186,464550,453291,459166,785974,42.02
2020-08-28,458187,462592,451333,456229,473353,42.1
2020-08-31,459166,463082,438606,443012,636660,42.01
2020-09-01,443501,449865,434690,444970,375423,41.98
2020-09-02,444970,448397,434690,442523,291646,41.95
2020-09-03,441053,447417,439585,443012,400255,41.89
2020-09-04,420983,433711,420983,429795,437656,41.85
2020-09-07,429795,429795,420494,420984,332809,41.79
2020-09-08,422941,432242,414619,426368,333339,41.68
2020-09-09,420983,423920,417067,420494,287141,41.71
2020-09-10,425389,425389,418536,420984,294676,41.69
2020-09-11,422452,425878,414619,420494,212221,41.71
2020-09-14,423431,427837,414130,426858,311928,41.66
2020-09-15,431753,443991,425878,443012,419491,41.63
2020-09-16,440564,443012,431263,440075,373451,41.6
2020-09-17,436159,453292,435669,436159,669432,41.59
2020-09-18,440564,449865,439585,443502,402597,41.62
2020-09-21,445948,451333,430773,436648,434068,41.63
2020-09-22,436648,445459,433711,437138,450447,41.7
2020-09-23,446927,447417,411192,427347,601692,41.67
2020-09-24,416578,422941,399444,401403,738336,41.63
2020-09-25,406298,408745,397486,403361,299496,41.74
2020-09-28,409234,415109,404339,412172,234228,41.75
2020-09-29,424410,424899,417556,424410,296497,41.74
2020-10-05,424409,429794,418535,427347,293260,41.74
2020-10-06,429305,432731,424409,427347,177989,41.73
2020-10-07,425879,430285,421473,430285,211704,41.73
2020-10-08,434689,439095,431752,435669,397408,41.93
2020-10-12,443501,443990,429794,430774,285136,41.88
2020-10-13,438606,438606,428816,436159,267992,41.97
2020-10-14,431753,435669,425879,429306,292704,41.96
2020-10-15,428326,428326,418046,420005,279625,41.96
2020-10-16,420004,421472,406787,411193,307501,41.91
2020-10-19,412661,413640,403360,404340,289747,41.91
2020-10-20,397976,423431,397976,423431,324183,42.0
2020-10-21,424900,427347,420494,423921,244258,42.06
2020-10-22,420983,428326,416088,420494,197466,42.05
2020-10-23,422941,422941,413151,415599,146540,42.06
2020-10-26,412172,415109,407277,408746,178045,42.05
2020-10-27,404340,422452,404340,420984,407770,42.09
2020-10-28,427347,427347,415599,420984,263228,42.17
2020-10-29,416088,423431,411193,422452,267409,42.16
2020-10-30,424410,444480,422941,432732,1344457,42.62
2020-11-02,438116,438606,418046,430774,470363,42.48
2020-11-03,433710,456228,432731,449865,727511,42.71
2020-11-04,456718,461123,443501,449865,504333,42.7
2020-11-05,462103,473852,456718,473852,742642,43.0
2020-11-06,483641,489516,478257,488537,884470,43.32
2020-11-09,501264,524761,498327,521824,841817,43.5
2020-11-10,515949,529656,510075,521824,609282,43.52
2020-11-11,514970,520844,498326,501264,670615,43.46
2020-11-12,502243,508118,497348,504202,504237,43.54
2020-11-13,487557,494411,471893,490495,1019033,43.49
2020-11-16,481683,485599,474830,475320,581685,43.38
2020-11-17,480704,489515,476788,483152,409722,43.37
2020-11-18,486578,497348,480704,490495,397124,43.35
2020-11-19,494411,507139,489516,507139,457019,43.53
2020-11-20,507139,507139,499306,504202,369396,43.52
2020-11-23,509096,520845,505180,514971,383015,43.68
2020-11-24,523782,540426,519866,540426,623707,43.88
2020-11-25,549236,551194,519865,526719,807914,43.69
2020-11-26,533572,539447,524761,538468,408798,43.75
2020-11-27,534551,540426,526719,539447,343205,43.8
2020-11-30,543362,544341,521824,521824,632397,43.49
2020-12-01,531614,535531,523782,535531,250297,43.52
2020-12-02,535530,541405,530635,540426,389953,43.54
2020-12-03,538467,541405,533572,540426,358152,43.53
2020-12-04,541405,541405,533572,539447,343071,43.5
2020-12-07,540426,541405,529656,534552,324929,43.51
2020-12-08,539446,559027,538467,541405,605415,43.61
2020-12-09,550215,557069,545320,554132,422255,43.7
2020-12-10,544341,556090,541404,548258,511109,43.71
2020-12-11,558048,558048,539446,544342,356628,43.63
2020-12-14,541405,541405,531614,537489,291727,43.63
2020-12-15,540426,542384,533572,540426,303717,43.71
2020-12-16,548257,552174,542383,552174,373239,43.89
2020-12-17,552173,555111,545320,555111,329908,43.93
2020-12-18,559027,559027,547278,556090,258070,43.94
2020-12-21,556090,557069,549236,554132,248453,43.97
2020-12-22,552174,553153,541404,543363,246864,43.96
2020-12-23,547279,547279,531614,542384,270204,44.01
2020-12-24,545320,557069,542383,551195,369344,44.15
2020-12-28,549237,551195,544341,547279,322378,44.14
2020-12-29,560006,590356,551194,588398,845358,44.36
2020-12-30,589377,616790,582523,614832,514356,44.32
2021-01-04,646161,667700,626581,656931,709615,44.3
2021-01-05,660846,671616,644203,671616,614577,44.32
2021-01-06,678469,687280,656930,665742,683480,44.29
2021-01-07,673574,697071,661826,683365,773006,44.26
2021-01-08,695113,723505,690217,723505,909175,44.32
2021-01-11,734274,756792,701966,714694,1032614,44.21
2021-01-12,715672,733295,688259,729379,964764,44.19
2021-01-13,722526,743086,719589,738191,588393,44.28
2021-01-14,735253,751896,730357,733295,543003,44.17
2021-01-15,740148,747980,720567,721547,544270,44.17
2021-01-18,700008,713714,690217,691197,657933,44.14
2021-01-19,691197,719589,690218,716652,439699,44.17
2021-01-20,737211,737211,708819,728400,428095,44.23
2021-01-21,739169,740148,722525,729379,385460,44.24
2021-01-22,735253,792037,729379,775394,994827,44.68
2021-01-25,780289,780289,763645,773436,394827,44.57
2021-01-26,778331,798890,766582,773436,482847,44.54
2021-01-27,780289,795953,769519,772457,484434,44.57
2021-01-28,748959,756792,727421,750918,767574,44.26
2021-01-29,751897,753855,711756,718610,780685,44.1
2021-02-01,714693,731337,703924,729379,447496,44.09
2021-02-02,747980,747980,725462,736232,404836,44.18
2021-02-03,742107,747002,731337,742107,354330,44.19
2021-02-04,742106,748959,726441,731337,373223,44.22
2021-02-05,735253,761687,733295,758750,472908,44.41
2021-02-08,756792,765603,749938,753855,334461,44.4
2021-02-09,761687,767561,754834,755813,219492,44.4
2021-02-10,758749,766582,746022,766582,302493,44.46
2021-02-15,789100,795953,777351,788121,434341,44.6
2021-02-16,789100,790079,783225,786163,222870,44.61
2021-02-17,799869,800848,783225,788121,326663,44.66
2021-02-18,784205,787142,772456,772457,257661,44.66
2021-02-19,771477,771477,746022,753855,429881,44.51
2021-02-22,756792,756792,719588,723505,514836,44.36
2021-02-23,707840,710777,688259,695113,624026,44.25
2021-02-24,687280,703924,672595,672595,568437,44.11
2021-02-25,689239,694134,677490,689239,455075,44.01
2021-02-26,668679,671616,653993,659868,591517,43.87
2021-03-02,681406,694133,660846,669658,591809,43.75
2021-03-03,672595,681407,663784,681407,315812,43.71
2021-03-04,666721,676511,657909,663784,378461,43.65
2021-03-05,644203,667700,640287,656931,439446,43.59
2021-03-08,658888,660846,636371,636371,373969,43.56
2021-03-09,625602,635392,600147,622665,692526,43.56
2021-03-10,652036,653015,622665,622665,468353,43.46
2021-03-11,635391,675532,629517,672595,724475,43.61
2021-03-12,689238,695112,668678,674553,418962,43.54
2021-03-15,674553,688259,666720,671616,285216,43.48
2021-03-16,680427,687280,653014,665742,510659,43.41
2021-03-17,665742,665742,617769,625602,882014,43.08
2021-03-18,641265,654972,639307,648119,544550,43.21
2021-03-19,631475,647140,628538,647140,330774,43.22
2021-03-22,647140,648119,625601,628539,394411,43.18
2021-03-23,636370,637349,610916,610916,399872,43.14
2021-03-24,607000,628539,606021,621686,367493,43.17
2021-03-25,622665,633434,617769,621686,318118,43.15
2021-03-26,626580,635392,614832,633434,323655,43.15
2021-03-29,637350,646161,625601,637350,284494,43.34
2021-03-30,640287,657910,635392,655952,340527,43.43
2021-03-31,660846,661825,646161,646161,325489,43.38
2021-04-01,655952,658889,646161,653015,255417,43.37
2021-04-02,653994,657910,651056,653994,238456,43.35
2021-04-05,651056,652035,636370,641266,261101,43.26
2021-04-06,645182,646161,625601,628539,329134,43.13
2021-04-07,638328,656930,632454,640287,459179,43.16
2021-04-08,648119,648119,638328,643224,264348,43.09
2021-04-09,647140,658889,645182,649099,334652,43.11
2021-04-12,658888,658888,637349,641266,348553,42.98
2021-04-13,651056,682385,649098,675532,927890,43.04
2021-04-14,685323,690218,670637,682386,500337,42.93
2021-04-15,682385,687281,673574,685323,368983,42.91
2021-04-16,689239,697071,678470,679449,307953,42.82
2021-04-19,677490,679448,670636,673574,216348,42.79
2021-04-20,675532,677490,668678,675532,196137,42.79
2021-04-21,670637,671616,654972,656931,289405,42.72
2021-04-22,664763,664763,655951,657910,194657,42.73
2021-04-23,657910,662805,646161,655952,188493,42.75
2021-04-26,665741,674553,656930,674553,278723,42.87
2021-04-27,676511,678469,668678,670637,266170,42.89
2021-04-28,670637,670637,653015,653015,337982,42.83
2021-04-29,655951,670637,653014,657910,348364,42.86
2021-04-30,656930,657909,639308,640287,286801,42.78
2021-05-03,641266,641266,622664,625602,263931,42.77
2021-05-04,616790,638329,616790,636371,215996,42.84
2021-05-06,632455,636371,621685,628539,326997,42.7
2021-05-07,629518,635392,621685,628539,248347,42.64
2021-05-10,641266,644203,631475,638329,244347,42.62
2021-05-11,632455,642245,626580,627560,387603,42.61
2021-05-12,627560,628539,614832,619728,300238,42.59
2021-05-13,601125,605041,587418,589377,601371,42.3
2021-05-14,595251,619727,592314,612874,294378,42.44
2021-05-17,619727,628538,604062,609937,262704,42.4
2021-05-18,615810,617769,604062,617769,187620,42.41
2021-05-20,612874,628539,611895,622665,287909,42.4
2021-05-21,635392,635392,622664,629518,308228,42.46
2021-05-24,623644,627560,617769,621686,174220,42.45
2021-05-25,621685,629518,615811,629518,205510,42.45
2021-05-26,630497,630497,617769,623644,198167,42.46
2021-05-27,622665,625602,607979,622665,362991,42.49
2021-05-28,631476,631476,622664,626581,180833,42.5
2021-05-31,626580,627559,593293,602105,652996,42.32
2021-06-01,596230,606021,593293,603084,254687,42.3
2021-06-02,605042,606021,597210,598189,230056,42.32
2021-06-03,595251,610916,595251,607000,266445,42.41
2021-06-04,599167,610916,598188,607979,179938,42.47
2021-06-07,608958,614832,603083,608958,133489,42.48
2021-06-08,607979,608958,602105,602105,148405,42.42
2021-06-09,600147,602105,593294,593294,284253,42.29
2021-06-10,598189,603084,593293,597210,412659,42.39
2021-06-11,604063,626581,603084,624623,611782,42.51
2021-06-14,629518,631476,621685,625602,215328,42.52
2021-06-15,631475,640287,629517,639308,356549,42.61
2021-06-16,639307,643224,631475,642245,243846,42.67
2021-06-17,640287,644203,634412,636371,237937,42.62
2021-06-18,651056,663784,644203,659868,466091,42.74
2021-06-21,658888,670637,651056,666721,398510,42.74
2021-06-22,663783,669658,653014,668679,300444,42.78
2021-06-23,669658,677490,665741,669658,259814,42.88
2021-06-24,676511,680427,671615,675532,306431,42.91
2021-06-25,683364,684343,665741,673574,253196,42.88
2021-06-28,672595,676511,661825,664763,179904,43.02
2021-06-29,665741,674553,662804,671616,229957,43.06
2021-06-30,675532,685323,675532,683365,349675,43.13
2021-07-01,687281,713715,686302,708820,614451,43.36
2021-07-02,715673,729379,702945,707841,336628,43.36
2021-07-05,710777,714693,701965,706861,181482,43.32
2021-07-06,713714,733295,708819,731337,414284,43.45
2021-07-07,733295,742106,726441,733295,350766,43.5
2021-07-08,738190,741127,716652,716652,354772,43.54
2021-07-09,710777,724484,697071,720568,383284,43.57
2021-07-12,723505,727421,706861,714694,232497,43.49
2021-07-13,721546,734274,717630,734274,328781,43.55
2021-07-14,730358,734274,722525,729379,225942,43.52
2021-07-15,732315,738190,719588,734274,276838,43.47
2021-07-16,727420,741127,725462,733295,155448,43.49
2021-07-19,726441,731337,718609,727421,161778,43.48
2021-07-20,718610,727421,704903,715673,263111,43.47
2021-07-21,722526,727421,711756,717631,203699,43.53
2021-07-22,722526,726442,715672,722526,132997,43.54
2021-07-23,724483,735253,720567,735253,258926,43.48
2021-07-26,744064,744064,720567,721547,232006,43.39
2021-07-27,726442,753855,720568,744065,444729,43.49
2021-07-28,744065,753855,735253,743086,330785,43.47
2021-07-29,751897,751897,744064,748960,204424,43.57
2021-07-30,745043,746022,723504,725463,318411,43.47
2021-08-02,728399,731337,717630,731337,199402,43.48
2021-08-03,735253,745043,724483,733295,184944,43.52
2021-08-04,737211,737211,711756,729379,250979,43.51
2021-08-05,732316,757771,728400,754834,494675,43.85
2021-08-06,758749,769519,754833,759729,272671,43.91
2021-08-09,757770,763645,749938,761687,196900,43.93
2021-08-10,772456,785184,767561,783226,411437,44.13
2021-08-11,785184,791058,774414,785184,288807,44.18
2021-08-12,787142,807702,780289,799870,462557,44.31
2021-08-13,808681,810639,790079,799870,335923,44.37
2021-08-17,791058,797911,773435,777352,403203,44.41
2021-08-18,775394,785184,759729,777352,222314,44.46
2021-08-19,776372,781267,759729,760708,280949,44.49
2021-08-20,759729,768540,745043,755813,292635,44.54
2021-08-23,763645,791058,756792,781268,375014,44.61
2021-08-24,789100,793995,730358,753855,533408,44.72
2021-08-25,754833,760708,745043,759729,247482,44.72
2021-08-26,761687,764624,742106,748960,221873,44.73
2021-08-27,746022,753855,739169,748960,155950,44.71
2021-08-30,756792,758750,737211,747002,194072,44.71
2021-08-31,746023,776373,744064,776373,402339,44.84
2021-09-01,776373,778331,762666,771478,208032,44.84
2021-09-02,764624,769519,734274,734274,523949,44.64
2021-09-03,741127,747981,737211,744065,220437,44.71
2021-09-06,744064,752876,738190,750918,138542,44.74
2021-09-07,757770,766582,753854,758750,187447,44.79
2021-09-08,758750,758750,745043,753855,242940,44.76
2021-09-09,746022,753854,730357,733295,334124,44.73
2021-09-10,734274,744064,728399,734274,184388,44.79
2021-09-13,729379,731337,720567,725463,205088,44.81
2021-09-14,725463,740149,725463,739170,201770,44.87
2021-09-15,745043,745043,731336,734274,129628,44.9
2021-09-16,719589,727421,695113,709799,737049,44.81
2021-09-17,708820,716652,704903,709799,266799,44.89
2021-09-23,701966,722526,701966,715673,249551,44.91
2021-09-24,720568,721547,705882,710778,169002,44.93
2021-09-27,726442,732316,711756,719589,301114,44.96
2021-09-28,714693,718609,697070,700008,250608,44.91
2021-09-29,685322,695113,680427,694134,312486,44.92
2021-09-30,694133,703924,687280,702945,260988,44.94
2021-10-01,694134,702945,687280,692176,188414,44.97
2021-10-05,673574,679448,655951,665742,370614,44.86
2021-10-06,666721,677490,652036,652036,364224,44.8
2021-10-07,659868,662805,643224,653015,249794,44.77
2021-10-08,665741,680427,656930,671616,312373,44.78
2021-10-12,672595,677490,640287,649099,383167,44.63
2021-10-13,649098,662805,646161,656931,236358,44.58
2021-10-14,665741,677490,660846,677490,318769,44.48
2021-10-15,688259,700008,683364,697071,250231,44.51
2021-10-18,709798,713714,686301,690218,359485,44.62
2021-10-19,700008,713715,691197,711757,239343,44.68
2021-10-20,719589,723505,708819,711757,198485,44.69
2021-10-21,712736,716652,695113,707841,221198,44.77
2021-10-22,709798,724484,702945,721547,241352,44.91
2021-10-25,714693,722526,702945,717631,198103,45.03
2021-10-26,730358,733295,718609,730358,268436,45.04
2021-10-27,722525,737211,721546,734274,169636,45.13
2021-10-28,739169,748959,730358,730358,280570,45.18
2021-10-29,731337,733295,718610,718610,357280,45.23
2021-11-01,717631,717631,700987,707841,261582,45.19
2021-11-02,716652,727421,708819,715673,223637,45.19
2021-11-03,716652,731337,709798,716652,257753,45.24
2021-11-04,724483,735253,722525,735253,314881,45.4
2021-11-05,736232,739170,722526,739170,195066,45.45
2021-11-08,740148,740148,724483,728400,144339,45.44
2021-11-09,724483,736232,722525,732316,159465,45.45
2021-11-10,723504,732316,719588,732316,164239,45.53
2021-11-11,731336,737211,719588,737211,234351,45.58
2021-11-12,741127,741127,729378,735253,198047,45.73
2021-11-15,742107,743086,731337,738191,127007,45.76
2021-11-16,738190,748960,736232,744065,205754,45.83
2021-11-17,751897,755813,741127,746023,167915,45.9
2021-11-18,741127,747002,737211,747002,151714,45.89
2021-11-19,745044,745044,735253,741128,191568,45.92
2021-11-22,736232,736232,721546,730358,220101,45.89
2021-11-23,729379,729379,710777,721547,211877,45.91
2021-11-24,716652,722526,705882,714694,200397,45.95
2021-11-25,712735,714693,699029,700008,207685,45.9
2021-11-26,694133,709798,691196,698050,196690,45.97
2021-11-29,687280,696092,677490,694134,205010,45.96
2021-11-30,697070,701965,663783,673574,401571,45.95
2021-12-01,679449,683365,665742,678470,231132,45.98
2021-12-02,673574,681406,665741,670637,298117,45.92
2021-12-03,667699,684343,666720,677490,266107,45.93
2021-12-06,677490,688260,668679,683365,165999,45.96
2021-12-07,686301,687280,669657,676511,175744,45.95
2021-12-08,685322,703924,680427,695113,270453,45.98
2021-12-09,699029,701966,690217,693155,319725,46.09
2021-12-10,690217,696092,682385,694134,187571,46.1
2021-12-13,694134,704903,687281,688260,162603,46.11
2021-12-14,682385,683364,665742,665742,299366,45.92
2021-12-15,659868,663784,647140,659868,334146,45.82
2021-12-16,665741,676511,663783,668679,228734,45.88
2021-12-17,656930,671616,656930,665742,247978,45.84
2021-12-20,660846,661825,639308,640287,360418,45.77
2021-12-21,639308,640287,614832,631476,454350,45.72
2021-12-22,632454,635391,615810,618748,376011,45.65
2021-12-23,627559,632455,624622,629518,264998,45.52
2021-12-24,634412,648119,632454,637350,219813,45.38
2021-12-27,637350,637350,628538,630497,132332,45.35
2021-12-28,633433,637350,626580,637350,234291,45.44
2021-12-29,646161,653015,641266,649099,243664,45.45
2021-12-30,643224,646161,637349,641266,151016,45.44
2022-01-03,649098,650077,629517,636371,173733,45.44
2022-01-04,639308,642245,631475,635392,213740,45.38
2022-01-05,630496,636371,621685,634413,344109,45.46
2022-01-06,628539,644203,624622,628539,240883,45.41
2022-01-07,634413,635392,621686,622665,468135,45.35
2022-01-10,623643,623643,609937,610916,267241,45.28
2022-01-11,626580,626580,608957,613853,277829,45.28
2022-01-12,618748,649098,618748,645182,447219,45.2
2022-01-13,659868,659868,646161,652036,320486,45.18
2022-01-14,640287,651056,629517,633434,251120,45.15
2022-01-17,632455,644203,624622,627560,263450,45.05
2022-01-18,628538,667700,626580,660847,497674,45.14
2022-01-19,661825,665741,645181,647140,327176,45.11
2022-01-20,643224,677490,638328,673574,383862,45.19
2022-01-21,672595,676511,654972,669658,267527,45.19
2022-01-24,661825,670637,653014,667700,287978,45.21
2022-01-25,659868,661826,626580,628539,472994,45.09
2022-01-26,632455,637350,619728,619728,336362,45.0
2022-01-27,623643,632454,577628,581545,613410,45.03
2022-01-28,575671,579587,540425,571755,892895,44.81
2022-02-03,576650,587419,567838,571755,547988,44.68
2022-02-04,567838,577629,561964,574692,449089,44.52
2022-02-07,576649,577628,555111,556090,383906,44.49
2022-02-08,551195,559027,534551,544342,680048,44.37
2022-02-09,548257,561964,543362,554132,337376,44.35
2022-02-10,560985,567838,551194,557069,301211,44.29
2022-02-11,545321,546300,533572,535531,373444,44.19
2022-02-14,520845,528677,510075,514971,450734,44.13
2022-02-15,513991,530635,513012,518887,236154,44.18
2022-02-16,533572,536509,525739,528677,225575,44.13
2022-02-17,531614,554132,530635,545321,399569,44.17
2022-02-18,535530,548258,535530,543363,182529,44.16
2022-02-21,533572,543363,523782,541405,158128,44.23
2022-02-22,526718,536509,524760,529656,201116,44.25
2022-02-23,535530,541405,525740,537489,154629,44.26
2022-02-24,524761,526719,504201,505181,390542,44.15
2022-02-25,515949,530635,513012,527698,255282,44.23
2022-02-28,521824,538468,518887,536510,253290,44.28
2022-03-02,547279,547279,530635,535531,283173,44.2
2022-03-03,540426,543363,538468,539447,152596,44.21
2022-03-04,536509,536509,516929,516929,331919,44.07
2022-03-07,503222,509096,494410,500285,347059,44.01
2022-03-08,483641,493432,483152,486579,411686,43.93
2022-03-10,501264,501264,488047,492453,432479,43.83
2022-03-11,490494,496368,462592,470914,620502,43.57
2022-03-14,463082,480705,452802,480705,666256,43.47
2022-03-15,471893,479236,468956,476789,281203,43.34
2022-03-16,482173,489026,474830,487558,307970,43.33
2022-03-17,504201,506159,495389,497348,383030,43.32
2022-03-18,505180,505180,491473,493432,348053,43.15
2022-03-21,500285,504201,491473,493432,235852,43.13
2022-03-22,492452,500285,489515,498327,180511,43.14
2022-03-23,504201,516929,502243,509097,397546,43.15
2022-03-24,510075,519866,504201,519866,330208,43.12
2022-03-25,530635,535530,524760,529656,435896,43.05
2022-03-28,528677,528677,515949,521824,210424,43.07
2022-03-29,528676,533572,521823,530635,220044,42.99
2022-03-30,540425,557069,539446,549237,565755,43.05
2022-03-31,552173,583503,550215,583503,669191,43.24
2022-04-01,577629,584482,572733,574692,353586,43.27
2022-04-04,563922,574692,550216,572734,321355,43.26
2022-04-05,582523,596230,578607,587419,365373,43.31
2022-04-06,577628,592314,577628,585461,241250,43.33
2022-04-07,578608,579587,565880,570776,256487,43.34
2022-04-08,574691,592314,573712,588398,262685,43.39
2022-04-11,582524,583503,568817,572734,238193,43.34
2022-04-12,560985,569797,557069,564902,305389,43.31
2022-04-13,563922,588398,562943,586440,370416,43.19
2022-04-14,589377,607000,584482,607000,541726,43.15
2022-04-15,594272,607000,593293,600147,234901,43.06
2022-04-18,594272,603083,587418,588398,168767,43.08
2022-04-19,593293,601126,592314,597210,120314,42.99
2022-04-20,597210,599168,587419,594273,174911,43.04
2022-04-21,598189,609937,596230,597210,179070,43.05
2022-04-22,590356,592314,577628,583503,202552,43.01
2022-04-25,570776,575671,560985,565881,252942,43.12
2022-04-26,568818,577629,567839,568818,147495,43.13
2022-04-27,548258,578608,548258,577629,269989,43.13
2022-04-28,595251,595251,570775,585461,307720,43.16
2022-04-29,591335,614832,587419,598189,411296,43.29
2022-05-02,591335,600147,588398,598189,198941,43.31
2022-05-03,601125,616790,595251,610916,278829,43.39
2022-05-04,616790,621685,598188,599168,205389,43.36
2022-05-06,592314,606021,591335,604063,312415,43.43
2022-05-09,596230,602104,578608,578608,239007,43.34
2022-05-10,563922,584482,556090,580566,397121,43.32
2022-05-11,574692,578608,562943,571755,283605,43.19
2022-05-12,559027,571754,552174,552174,323043,43.11
2022-05-13,557069,580566,557069,576650,252921,43.17
2022-05-16,585461,590356,568817,574692,143125,43.14
2022-05-17,576649,581545,574691,578608,135454,43.14
2022-05-18,586440,594273,579587,590357,206361,43.23
2022-05-19,573712,583503,573712,578608,197247,43.25
2022-05-20,582524,597210,581545,592315,286584,43.26
2022-05-23,602105,609937,593293,598189,218342,43.28
2022-05-24,601125,601125,570775,572734,322709,43.12
2022-05-25,577629,579587,566859,575671,237006,43.08
2022-05-26,578608,580566,566859,569797,207549,43.06
2022-05-27,577629,583503,572733,577629,200377,43.06
2022-05-30,584482,585461,557069,568818,401333,43.03
2022-05-31,563923,567839,552174,562944,598858,42.97
2022-06-02,557069,560006,551194,557069,251714,42.99
2022-06-03,560985,562943,554131,557069,197760,43.04
2022-06-07,550215,552173,524761,524761,502997,42.93
2022-06-08,534552,539447,530635,535531,265817,43.06
2022-06-09,535530,544342,527698,544342,428632,42.98
2022-06-10,537488,551195,536509,548258,198208,43.04
2022-06-13,534551,548258,534551,537489,213001,43.03
2022-06-14,526719,527698,507138,519866,450106,42.86
2022-06-15,522803,525740,510075,516929,223031,42.87
2022-06-16,525740,551195,525740,537489,331309,42.93
2022-06-17,529656,553153,523782,544342,406002,42.85
2022-06-20,548258,560985,536509,547279,258966,42.8
2022-06-21,557068,564901,552173,560006,263586,42.79
2022-06-22,561964,562943,525740,525740,329196,42.68
2022-06-23,525740,538467,520844,521824,281943,42.56
2022-06-24,522803,540426,515950,538468,272993,42.52
2022-06-27,551194,564901,549236,557069,262721,42.54
2022-06-28,556090,568818,553153,568818,240297,42.59
2022-06-29,559027,566859,557069,558048,176400,42.64
2022-06-30,552174,557069,520845,520845,470686,42.49
2022-07-01,520844,523781,498326,501264,346756,42.49
2022-07-04,499306,505180,490494,495390,213483,42.47
2022-07-05,501264,524761,498327,524761,211301,42.47
2022-07-06,518887,521824,506159,511055,216867,42.49
2022-07-07,519865,534551,517907,529656,215023,42.55
2022-07-08,542383,547278,519865,525740,241217,42.51
2022-07-11,527698,536509,512033,515950,179141,42.52
2022-07-12,512033,517908,501264,516929,180604,42.55
2022-07-13,515949,526719,509096,516929,221867,42.51
2022-07-14,525739,538467,522802,529656,337062,42.61
2022-07-15,535530,544342,530635,536510,233986,42.66
2022-07-18,538468,545321,526719,534552,159002,42.67
2022-07-19,537489,542384,531614,533573,137736,42.71
2022-07-20,545320,553153,538467,547279,262541,42.83
2022-07-21,552173,561964,546299,555111,225674,42.84
2022-07-22,556090,561964,550215,556090,146156,42.85
2022-07-25,554132,560006,545320,546300,176995,42.82
2022-07-26,545320,551195,537488,551195,133676,42.87
2022-07-27,552174,556090,538467,544342,167033,42.81
2022-07-28,549237,566860,546300,565881,263692,42.9
2022-07-29,573712,581544,542383,557069,616020,42.92
2022-08-01,557069,570776,550216,570776,347168,43.15
2022-08-02,576649,576649,559026,560006,228403,43.12
2022-08-03,560006,575671,560006,573713,245630,43.13
2022-08-04,582524,583503,567838,576650,210518,43.2
2022-08-05,579586,587419,577628,585461,279577,43.37
2022-08-08,583502,590356,579586,584482,163730,43.36
2022-08-09,593293,605042,588398,602105,337966,43.48
2022-08-10,605042,611895,598188,599168,262706,43.55
2022-08-11,606021,607000,598188,606021,213377,43.53
2022-08-12,605041,611895,603083,609937,175675,43.6
2022-08-16,621685,621685,612873,618748,168568,43.66
2022-08-17,614832,618748,608957,615811,154837,43.7
2022-08-18,605041,611895,598188,610916,182462,43.77
2022-08-19,612874,615811,599167,605042,127685,43.81
2022-08-22,598188,598188,587419,587419,145195,43.85
2022-08-23,583503,591335,568817,574692,268213,43.92
2022-08-24,579587,586440,574691,578608,153618,43.97
2022-08-25,580566,580566,560985,574692,195648,43.95
2022-08-26,575671,579587,571754,573713,131216,43.93
2022-08-29,556090,566860,555111,563923,148748,43.94
2022-08-30,562943,567839,556090,565881,167523,43.96
2022-08-31,558048,585461,558048,585461,264969,44.05
2022-09-01,576650,577629,562944,562944,234153,44.0
2022-09-02,568818,574692,562943,563923,147450,44.07
2022-09-05,564901,567838,551194,554132,151147,44.07
2022-09-06,555111,560985,544341,548258,152072,44.04
2022-09-07,548258,552174,539446,542384,200634,43.96
2022-09-08,551194,562943,550215,559027,273383,44.04
2022-09-13,573712,591335,568817,589377,338059,44.19
2022-09-14,572734,607000,571755,601126,355207,44.31
2022-09-15,607000,613853,599167,602105,261839,44.28
2022-09-16,596230,607978,585460,589377,267531,44.29
2022-09-19,592314,605042,589377,595252,173892,44.34
2022-09-20,603084,620707,595252,620707,418177,44.61
2022-09-21,612874,616790,598188,606021,210025,44.54
2022-09-22,599167,615811,595251,615811,209274,44.59
2022-09-23,616790,618748,589377,597210,229713,44.61
2022-09-26,588398,596230,581544,584482,296509,44.66
2022-09-27,584482,586440,562943,574692,243868,44.69
2022-09-28,570775,572733,546299,552174,288843,44.75
2022-09-29,562943,571754,549236,554132,211188,44.75
2022-09-30,552174,562944,532593,534552,310822,44.75
2022-10-04,538467,547279,525740,544342,322930,44.78
2022-10-05,567838,567838,547278,557069,272809,44.88
2022-10-06,559027,579587,556090,572734,179276,44.92
2022-10-07,563922,578608,560985,578608,172821,44.95
2022-10-11,566859,587419,565880,587419,292620,45.02
2022-10-12,586440,597210,574692,597210,308570,45.11
2022-10-13,595251,595251,582524,583503,280516,45.12
2022-10-14,594273,594273,585461,590357,178983,45.15
2022-10-17,583503,600147,575671,592315,213501,45.18
2022-10-18,601126,602105,584482,592315,190955,45.17
2022-10-19,598189,600147,588398,593294,241272,45.16
2022-10-20,588398,589377,563922,576650,307889,45.12
2022-10-21,591335,621685,591335,613853,744303,45.29
2022-10-24,622664,636371,613853,636371,470310,45.44
2022-10-25,639307,653993,637349,641266,283522,45.54
2022-10-26,653993,662805,639308,662805,459519,45.81
2022-10-27,670637,719589,668679,711757,798935,46.22
2022-10-28,697071,719589,697071,711757,485787,46.36
2022-10-31,718609,724484,706861,721547,300139,46.46
2022-11-01,719589,744064,716652,744065,416088,46.66
2022-11-02,734274,738190,700008,709799,504669,46.67
2022-11-03,695113,729379,694134,723505,365822,46.72
2022-11-04,719589,726442,710777,717631,273402,46.74
2022-11-07,726442,733295,717630,724484,240997,46.84
2022-11-08,718610,723505,696092,714694,364880,46.92
2022-11-09,714693,722526,707840,722526,214498,46.98
2022-11-10,713715,716652,701966,709799,337112,46.97
2022-11-11,725462,734274,717630,731337,315224,47.08
2022-11-14,733295,766582,723505,743086,439160,47.11
2022-11-15,740148,740148,700007,702945,596994,46.76
2022-11-16,706861,707840,688259,706861,318044,46.8
2022-11-17,704903,705882,685323,685323,294504,46.75
2022-11-18,685322,700987,681406,686302,175441,46.71
2022-11-21,690218,692176,673574,679449,218825,46.77
2022-11-22,678469,689238,665742,665742,189199,46.75
2022-11-23,675532,694134,673574,686302,203395,46.79
2022-11-24,698049,704903,691196,704903,208698,46.81
2022-11-25,705882,713715,698050,709799,230244,46.81
2022-11-28,711757,714694,700008,711757,194233,46.86
2022-11-29,708819,708819,698049,702945,141275,46.81
2022-11-30,701966,713715,695113,713715,259885,46.9
2022-12-01,721547,725463,709799,710778,159313,46.9
2022-12-02,706861,713714,702945,702945,128168,46.94
2022-12-05,702945,704903,680427,682386,224683,46.99
2022-12-06,670637,696092,666721,691197,216571,47.08
2022-12-07,691196,700008,685322,693155,177069,47.12
2022-12-08,694134,700987,678470,678470,302444,47.22
2022-12-09,676511,678469,631476,631476,438701,47.18
2022-12-12,624622,643224,618748,636371,315352,47.25
2022-12-13,641266,650077,625601,629518,204333,47.3
2022-12-14,634413,654973,634413,653015,226335,47.38
2022-12-15,647140,658889,644203,651057,201969,47.44
2022-12-16,640287,653015,634413,653015,275818,47.42
2022-12-19,644203,645182,628538,633434,204083,47.37
2022-12-20,632455,640287,624622,631476,132021,47.39
2022-12-21,632455,632455,614832,620707,169223,47.34
2022-12-22,623644,630497,617769,623644,172633,47.31
2022-12-23,612874,614832,601125,608958,208502,47.3
2022-12-26,605041,613853,605041,610916,127298,47.33
2022-12-27,614832,620706,604062,610916,182691,47.24
2022-12-28,604063,608958,587419,590357,244018,47.2
2022-12-29,591335,593293,578608,578608,202002,47.19
2023-01-02,584481,603083,584481,589377,145145,47.2
2023-01-03,600147,605042,583503,592315,208134,47.41
2023-01-04,583503,593294,568818,590357,228448,47.44
2023-01-05,599167,599167,569796,570776,375301,47.31
2023-01-06,565880,581545,561964,573713,228914,47.32
2023-01-09,579586,589377,573712,587419,232851,47.28
2023-01-10,593293,607000,591335,599168,254281,47.28
2023-01-11,605041,612874,599167,610916,220621,47.3
2023-01-12,617769,619727,608957,615811,245990,47.37
2023-01-13,615810,624622,615810,617769,159010,47.42
2023-01-16,616790,623643,608957,610916,132782,47.4
2023-01-17,608958,610916,598188,603084,136849,47.44
2023-01-18,607000,607000,593293,600147,132005,47.44
2023-01-19,598189,604063,591335,597210,153595,47.46
2023-01-20,600146,607000,595251,606021,155343,47.49
2023-01-25,621685,638329,618748,635392,259466,47.63
2023-01-26,644203,661826,630497,657910,285639,47.64
2023-01-27,665741,674553,653993,672595,270394,47.69
2023-01-30,679448,679448,665741,672595,328815,47.74
2023-01-31,682385,689238,667699,670637,448111,47.66
2023-02-01,682385,705882,676511,704903,406175,47.83
2023-02-02,706861,713714,697070,700987,240292,47.85
2023-02-03,707840,708819,687280,699029,196890,47.89
2023-02-06,692176,700987,686302,686302,200542,47.94
2023-02-07,680427,701966,675532,696092,211640,47.97
2023-02-08,700008,717631,694134,714694,274695,48.09
2023-02-09,710777,723505,707840,722526,254296,48.19
2023-02-10,711756,720568,702945,719589,203176,48.26
2023-02-13,713715,713715,702945,707841,221027,48.38
2023-02-14,711756,724484,709798,723505,203925,48.44
2023-02-15,723505,727421,708819,710778,276438,48.46
2023-02-16,714693,722526,710777,718610,207386,48.42
2023-02-17,706861,712735,687281,688260,245854,48.4
2023-02-20,679448,681406,663783,677490,265665,48.38
2023-02-21,678469,685322,672594,677490,181130,48.38
2023-02-22,667699,675532,662804,669658,225888,48.39
2023-02-23,665742,673574,653993,666721,229195,48.32
2023-02-24,666721,681406,663783,665742,203811,48.31
2023-02-27,654972,664763,653014,663784,170737,48.33
2023-02-28,668679,688260,666721,681407,278561,48.34
2023-03-02,678469,698050,678469,695113,319458,48.42
2023-03-03,696092,724484,690218,715673,334844,48.48
2023-03-06,732315,764624,727420,764624,770377,48.84
2023-03-07,762666,784205,751897,776373,612166,49.08
2023-03-08,769520,769520,738191,738191,477532,49.09
2023-03-09,740148,741127,714693,716652,414859,49.03
2023-03-10,706861,725463,705882,721547,238482,49.06
2023-03-13,722526,729379,706861,722526,217506,49.03
2023-03-14,712736,717631,696092,709799,298012,49.0
2023-03-15,712735,732316,710777,718610,242622,48.99
2023-03-16,708819,723505,700987,723505,219476,49.04
2023-03-17,729378,731336,690217,705882,351885,49.01
2023-03-20,694133,708819,692175,700008,182581,49.02
2023-03-21,709798,716651,693154,701966,221881,49.03
2023-03-22,709798,719589,704903,716652,246683,49.01
2023-03-23,705882,735253,705882,730358,300933,49.06
2023-03-24,725462,725462,697070,703924,272124,48.99
2023-03-27,710778,722526,705882,707841,258859,49.03
2023-03-28,704902,709798,695112,706861,174995,49.01
2023-03-29,700987,719589,700987,719589,271980,49.09
2023-03-30,720567,720567,705882,705882,209442,49.08
2023-03-31,706861,719589,699029,719589,253576,49.29
2023-04-03,734274,734274,714693,729379,227418,49.38
2023-04-04,724484,734274,708819,710778,213104,49.33
2023-04-05,714693,770498,711756,761687,480097,49.5
2023-04-06,747980,749938,725462,729379,411460,49.38
2023-04-07,726442,731337,715672,722526,264633,49.29
2023-04-10,722525,740148,719588,733295,360238,49.37
2023-04-11,740148,759729,730358,750918,450926,49.39
2023-04-12,759729,762666,735253,747981,297218,49.47
2023-04-13,737211,752876,728400,752876,284680,49.47
2023-04-14,756792,758750,734274,746023,241329,49.42
2023-04-17,741128,744065,733295,739170,219163,49.44
2023-04-18,739169,757771,730358,749939,297812,49.57
2023-04-19,749939,749939,736232,742107,226334,49.58
2023-04-20,737211,748959,730357,733295,185898,49.55
2023-04-21,730358,740148,713714,718610,211076,49.53
2023-04-24,718610,724484,705882,710778,164602,49.52
2023-04-25,719588,721547,683364,691197,264141,49.5
2023-04-26,692176,705882,686301,688260,225157,49.48
2023-04-27,688259,695113,681406,691197,268804,49.44
2023-04-28,696091,696091,667699,676511,557651,49.34
2023-05-02,680427,688260,676511,685323,225449,49.28
2023-05-03,683364,683364,665741,669658,228751,49.24
2023-05-04,666720,677490,660846,669658,178662,49.3
2023-05-08,670637,676511,663783,669658,211002,49.28
2023-05-09,671616,674553,653014,665742,204663,49.25
2023-05-10,661826,672595,655951,657910,145450,49.24
2023-05-11,658889,661826,653014,655952,181923,49.23
2023-05-12,650077,657910,649098,651057,149319,49.17
2023-05-15,652035,660847,641266,659868,193725,49.2
2023-05-16,663784,670637,655952,656931,139496,49.18
2023-05-17,655951,677490,653993,676511,182098,49.24
2023-05-18,679448,680427,671615,677490,144427,49.23
2023-05-19,677490,683365,668679,683365,233755,49.27
2023-05-22,686302,691197,677490,685323,156004,49.23
2023-05-23,688259,699029,684343,695113,179269,49.27
2023-05-24,685322,699029,685322,699029,143959,49.33
2023-05-25,689239,696092,685323,685323,183732,49.35
2023-05-26,682386,688260,678470,678470,127228,49.37
2023-05-30,683364,708819,683364,702945,212719,49.45
2023-05-31,697070,707840,697070,702945,286774,49.48
2023-06-01,702945,705882,691196,693155,137509,49.49
2023-06-02,693154,702945,691196,700008,158820,49.51
2023-06-05,706861,706861,695112,701966,79213,49.52
2023-06-07,706861,724484,703924,719589,233030,49.63
2023-06-08,720568,720568,701966,713715,201623,49.6
2023-06-09,713714,719589,710777,719589,154132,49.55
2023-06-12,726442,729379,718609,724484,139303,49.56
2023-06-13,724483,729379,719588,726442,149992,49.58
2023-06-14,724484,728400,709798,715673,202400,49.6
2023-06-15,711757,719589,703924,711757,179308,49.66
2023-06-16,713715,718610,706861,711757,182084,49.66
2023-06-19,710777,713714,698049,700008,168990,49.67
2023-06-20,689239,691197,676511,687281,233921,49.6
2023-06-21,689239,700987,679448,680428,191110,49.55
2023-06-22,672595,684344,672595,680428,157506,49.51
2023-06-23,679448,683364,666720,668679,190773,49.48
2023-06-26,662804,672595,659867,668679,142253,49.45
2023-06-27,661825,668679,659867,663784,166065,49.43
2023-06-28,669657,669657,643224,643224,273878,49.33
2023-06-29,643224,664763,642245,651057,230713,49.36
2023-06-30,652035,661826,639308,654973,259266,49.25
2023-07-03,665741,701966,662804,701966,349060,49.37
2023-07-04,706861,706861,693154,696092,248536,49.37
2023-07-05,700008,700008,689238,693155,132938,49.4
2023-07-06,696092,696092,678469,688260,181856,49.4
2023-07-07,685323,690218,679448,682386,137048,49.42
2023-07-10,683364,685322,667699,670637,170840,49.41
2023-07-11,674553,681406,670636,671616,115408,49.45
2023-07-12,676511,684343,670636,674553,105268,49.46
2023-07-13,680427,704903,679448,700008,287187,49.52
2023-07-14,705882,708819,693154,700987,189406,49.48
2023-07-17,688260,693155,678469,680428,202263,49.42
2023-07-18,687281,689239,672595,684344,281120,49.42
2023-07-19,684344,686302,667700,680428,305765,49.4
2023-07-20,670637,680427,668678,670637,217773,49.36
2023-07-21,663783,672595,661825,671616,167379,49.37
2023-07-24,669658,700008,665742,697071,413461,49.48
2023-07-25,711756,711756,683364,697071,290676,49.52
2023-07-26,696092,719589,683364,688260,644240,49.61
2023-07-27,685322,686301,646160,648119,572792,49.33
2023-07-28,653015,656931,644203,649099,317930,49.22
2023-07-31,650077,664763,644203,651057,405459,49.06
2023-08-01,650077,661826,650077,655952,323325,49.11
2023-08-02,655951,656930,636371,636371,284139,49.02
2023-08-03,634413,639308,623643,625602,245132,48.95
2023-08-04,626581,629518,620707,621686,143215,48.91
2023-08-07,616790,617769,604063,604063,281090,48.92
2023-08-08,607000,613853,601126,601126,221419,48.89
2023-08-09,601126,623644,597210,620707,206630,48.88
2023-08-10,613853,613853,606020,608958,147611,48.84
2023-08-11,612874,631476,611895,619728,209750,48.84
2023-08-14,611895,612874,597210,597210,221860,48.75
2023-08-16,587418,603083,587418,588398,192286,48.75
2023-08-17,583503,598189,581545,595252,193630,48.75
2023-08-18,589377,591335,582523,584482,142446,48.69
2023-08-21,582524,587419,577629,577629,126446,48.7
2023-08-22,584482,592314,580565,585461,141927,48.7
2023-08-23,579587,585461,571754,573713,191319,48.67
2023-08-24,575670,589377,575670,581545,193525,48.62
2023-08-25,572733,587419,570775,582524,118149,48.61
2023-08-28,587419,591335,582523,586440,83976,48.59
2023-08-29,587419,591335,581544,583503,103683,48.59
2023-08-30,586440,598189,585461,593294,138772,48.57
2023-08-31,595251,602105,591335,601126,224968,48.55
2023-09-01,602104,602104,582524,583503,159552,48.55
2023-09-04,580566,597210,579587,597210,128289,48.57
2023-09-05,598188,607000,593293,603084,150692,48.6
2023-09-06,597210,602105,589377,590357,143302,48.62
2023-09-07,582524,587419,575670,582524,220880,48.58
2023-09-08,583503,585461,568817,576650,174699,48.53
2023-09-11,579587,583503,560006,560986,230049,48.53
2023-09-12,561964,563922,545320,546300,369638,48.48
2023-09-13,541404,550216,540425,546300,179099,48.5
2023-09-14,551195,571755,546300,571755,316284,48.4
2023-09-15,571755,576650,567839,568818,278693,48.42
2023-09-18,560006,569796,555111,555111,218212,48.46
2023-09-19,554132,559027,546300,546300,173270,48.51
2023-09-20,540425,554132,540425,551195,181975,48.54
2023-09-21,541404,545320,526719,526719,269554,48.46
2023-09-22,516928,529656,515949,521824,271908,48.42
2023-09-25,514971,525740,508117,510076,259406,48.45
2023-09-26,505180,515950,504201,511055,201982,48.44
2023-09-27,501264,508117,491473,501264,314964,48.3
2023-10-04,473361,484131,467487,474341,664979,48.26
2023-10-05,484621,491474,475320,478747,328389,48.21
2023-10-06,473851,481193,470424,470914,232976,48.08
2023-10-10,471404,494411,471404,479726,285116,48.11
2023-10-11,487557,503222,487068,500285,342118,47.98
2023-10-12,503222,527698,503222,523782,341247,47.95
2023-10-13,520845,524761,513991,514971,169097,47.92
2023-10-16,511055,516929,496369,503223,149145,47.91
2023-10-17,513992,527698,513013,513013,173832,47.88
2023-10-18,511054,514970,501264,501264,145235,47.83
2023-10-19,488537,491474,478257,483642,319201,47.74
2023-10-20,472382,475809,466508,469935,278186,47.67
2023-10-23,462102,472872,452802,464061,379522,47.52
2023-10-24,466997,470914,450354,469935,367665,47.4
2023-10-25,468956,469446,433711,436159,601595,47.13
2023-10-26,408746,425879,408746,414131,806749,46.91
2023-10-27,416578,444481,416089,442523,570013,46.88
2023-10-30,429795,449865,429795,442523,500826,46.77
2023-10-31,437627,438116,414619,416578,467908,46.6
2023-11-01,420983,434200,413640,416578,397696,46.47
2023-11-02,427347,444480,425388,441543,455349,46.36
2023-11-03,448397,455250,441054,444481,330211,46.21
2023-11-06,467977,511054,455739,495390,1000926,46.2
2023-11-07,484620,485110,448396,456229,656604,46.11
2023-11-08,460634,464550,440564,440564,388454,46.03
2023-11-09,440564,444481,427347,430285,361629,46.02
2023-11-10,418046,420493,409234,411193,396055,45.9
2023-11-13,415109,420983,408256,408256,283487,45.87
2023-11-14,417557,432242,416578,425879,381814,45.82
2023-11-15,440564,442522,434690,439096,393873,45.83
2023-11-16,439096,451334,435180,445460,248641,45.83
2023-11-17,440564,443011,433710,434690,220876,45.77
2023-11-20,436648,455249,436648,450844,242820,45.75
2023-11-21,460145,464061,451333,456229,312352,45.71
2023-11-22,452802,464551,452802,461614,218809,45.66
2023-11-23,461613,470914,457207,465040,195599,45.62
2023-11-24,466019,469446,453292,453292,256259,45.53
2023-11-27,455249,456718,443501,443991,211053,45.48
2023-11-28,446928,449865,443012,445460,224437,45.38
2023-11-29,450844,464551,444480,461614,251235,45.38
2023-11-30,461123,463571,453781,462103,391324,45.36
2023-12-01,457697,457697,437627,437627,445708,45.21
2023-12-04,441543,446439,424410,430285,482073,45.08
2023-12-05,430284,437627,427347,434690,197378,45.11
2023-12-06,435668,435668,423430,424410,357507,44.89
2023-12-07,429795,437627,426368,434201,274324,44.95
2023-12-08,438605,447417,435179,440564,224967,44.95
2023-12-11,441543,447417,431263,436648,312519,44.92
2023-12-12,437138,440075,433711,436159,239635,44.93
2023-12-13,432731,433710,420004,420494,317809,44.71
2023-12-14,427347,441054,421962,439096,495187,44.7
2023-12-15,449865,457207,439585,443012,488835,44.77
2023-12-18,447907,449375,440564,442033,219252,44.65
2023-12-19,441543,443012,437137,441054,218191,44.62
2023-12-20,443991,453292,443501,452313,315604,44.71
2023-12-21,445459,446927,440074,441543,248496,44.69
2023-12-22,444480,447417,441054,441054,170208,44.78
2023-12-26,444480,446927,437137,437627,144205,44.84
2023-12-27,441543,449375,440564,445949,176842,44.88
2023-12-28,453781,462103,448396,462103,307495,44.98
2024-01-02,459166,459655,453291,457208,199396,44.92
2024-01-03,452313,452313,437138,437138,357754,44.74
2024-01-04,435179,439095,430773,435669,206193,44.77
2024-01-05,436158,439585,432731,435669,176653,44.85
2024-01-08,435669,436648,426368,426858,218516,44.77
2024-01-09,432732,432732,422942,422942,215194,44.73
2024-01-10,420983,422452,407277,407767,574394,44.45
2024-01-11,406787,412662,406787,407767,338326,44.48
2024-01-12,408256,409724,396997,399445,377272,44.53
2024-01-15,391613,395529,388186,391613,345145,44.47
2024-01-16,390144,396997,386717,386718,319389,44.35
2024-01-17,386717,389165,371053,371053,522710,44.19
2024-01-18,364199,380353,359793,368605,487846,44.03
2024-01-19,372032,376437,365668,366158,336322,43.96
2024-01-22,366157,368115,350493,350493,584009,43.82
2024-01-23,346577,354899,346577,350983,544512,43.66
2024-01-24,350982,353919,342660,346577,530821,43.46
2024-01-25,343640,346088,337766,340214,445674,43.44
2024-01-26,335318,358325,334828,352941,609969,43.49
2024-01-29,355878,375948,352940,371053,569232,43.53
2024-01-30,375458,381821,365667,366647,536075,43.46
2024-01-31,363220,376926,360772,364689,360227,43.36
2024-02-01,361263,371543,358326,369585,311808,43.32
2024-02-02,369095,386718,368605,384760,388517,43.34
2024-02-05,387696,390633,378885,378885,334205,43.33
2024-02-06,374479,376927,366158,366158,356291,43.32
2024-02-07,370073,386717,370073,373990,464025,43.31
2024-02-08,384759,386227,376927,376927,376113,43.27
2024-02-13,382801,384759,377905,382801,258982,43.25
2024-02-14,376927,381822,372032,378396,210153,43.2
2024-02-15,384759,384759,377416,377906,264000,43.09
2024-02-16,385738,399934,385738,396018,532406,43.26
2024-02-19,391612,396018,385738,386228,354173,43.12
2024-02-20,385738,387697,377906,386718,236483,43.1
2024-02-21,384759,392592,382801,391613,181919,43.07
2024-02-22,393571,393571,386717,386718,208560,43.01
2024-02-23,387696,388675,379864,380354,244399,42.92
2024-02-26,379863,385738,377905,382801,186920,42.93
2024-02-27,382801,385248,373011,373011,266562,42.81
2024-02-28,376438,384759,373501,373501,195383,42.79
2024-02-29,373011,374479,368115,369095,251400,42.79
2024-03-04,369584,374968,365667,366647,308703,42.61
2024-03-05,363220,363710,358325,358815,303089,42.51
2024-03-06,357346,361262,355388,356857,225081,42.41
2024-03-07,361262,408256,360283,403361,1809774,42.63
2024-03-08,411683,433222,409235,417068,1802291,42.55
2024-03-11,412172,415599,402382,404830,545371,42.48
2024-03-12,412661,451333,412661,449865,1501551,42.43
2024-03-13,443990,458676,437627,449865,1083378,42.32
2024-03-14,444969,455249,432242,436648,816906,42.26
2024-03-15,427837,428816,413151,416089,802005,42.19
2024-03-18,416088,438606,415598,434690,581497,42.19
2024-03-19,442032,444969,429305,441543,669961,42.22
2024-03-20,441054,461614,436159,443502,930363,42.2
2024-03-21,446438,455249,444480,445949,549000,42.2
2024-03-22,444970,465040,443991,462593,796085,42.31
2024-03-25,467977,484131,465040,475810,858494,42.35
2024-03-26,478257,483152,461613,463082,840074,42.27
2024-03-27,466998,481194,466508,470425,589500,42.3
2024-03-28,476788,477767,465529,467488,495505,42.25
2024-03-29,467487,467977,450354,461124,599344,42.31
2024-04-01,459166,460145,443991,444481,465417,42.28
2024-04-02,443502,453781,443012,443502,376911,42.27
2024-04-03,432242,435669,419026,419026,613988,42.22
2024-04-04,424899,438606,422941,432732,458990,42.32
2024-04-05,424410,425389,411193,411683,438888,42.24
2024-04-08,406787,419514,398465,411193,470970,42.21
2024-04-09,416088,417557,402382,402382,320217,42.06
2024-04-11,394550,406788,392592,398956,322915,42.12
2024-04-12,401403,402382,392592,392592,275430,42.08
2024-04-15,388186,392592,384270,385739,280264,42.03
2024-04-16,378885,382801,376437,378396,250501,42.04
2024-04-17,380353,391122,377906,377906,272778,41.98
2024-04-18,381822,399444,381822,396997,329291,42.02
2024-04-19,391612,402871,386717,392592,342220,41.96
2024-04-22,400424,412662,395039,412662,349602,42.01
2024-04-23,408256,413641,398466,398466,300876,41.92
2024-04-24,413152,419515,408256,413152,345154,41.91
2024-04-25,405319,416088,404830,404830,258317,41.96
2024-04-26,405809,407767,397487,399935,244231,41.93
2024-04-29,403360,412172,402381,412172,238610,42.01
2024-04-30,417067,430284,409725,424900,492756,42.04
2024-05-02,428816,443012,428326,434201,477717,42.13
2024-05-03,433711,435669,426857,428816,200883,42.13
2024-05-07,435179,436648,422452,425879,271217,42.09
2024-05-08,426368,431753,422941,427837,159503,42.13
2024-05-09,424899,426857,417067,421473,248007,42.1
2024-05-10,424410,426368,418046,420005,148031,42.08
2024-05-13,420004,425879,413151,423921,199741,42.08
2024-05-14,426368,434201,421473,429306,189756,42.07
2024-05-16,432243,434690,427837,432243,220705,42.11
2024-05-17,430284,434690,420494,421963,182453,42.06
2024-05-20,420494,422452,414620,415110,187577,41.98
2024-05-21,412172,412662,401403,402872,267746,41.92
2024-05-22,407277,409725,399935,399935,209478,41.9
2024-05-23,397486,405808,395528,396997,266909,41.86
2024-05-24,392592,395529,389654,392592,203427,41.82
2024-05-27,392591,407277,385248,406298,294255,41.78
2024-05-28,405808,405808,395038,396018,203916,41.73
2024-05-29,391612,394549,376927,376927,602782,41.37
2024-05-30,373011,380353,371053,371053,305383,41.33
2024-05-31,374479,378395,366647,366647,480777,41.09
2024-06-03,367136,376927,367136,369095,261243,41.02
2024-06-04,367136,375948,366157,370074,225197,40.97
2024-06-05,372521,391123,371053,383291,438987,40.99
2024-06-07,388186,393571,385249,390634,312086,40.97
2024-06-10,387207,393081,378885,384760,334839,40.95
2024-06-11,384759,393081,380353,384270,343831,40.86
2024-06-12,382801,392591,382801,385249,195746,40.82
2024-06-13,391612,393570,383291,383291,398651,40.67
2024-06-14,383291,384270,374969,375459,329213,40.63
2024-06-17,372521,376437,369094,373011,230425,40.65
2024-06-18,375458,378395,367137,367137,263554,40.59
2024-06-19,370074,387207,368115,384270,345077,40.68
2024-06-20,381822,386718,380354,383781,219989,40.69
2024-06-21,382801,391612,380843,380843,333427,40.69
2024-06-24,376438,376927,369585,369585,302708,40.62
2024-06-25,370073,373500,360283,360773,404396,40.41
2024-06-26,364200,371053,361263,361263,316646,40.31
2024-06-27,364688,366157,353430,353430,458311,40.1
2024-06-28,351472,354898,343639,346577,557554,39.87
2024-07-01,345109,360773,344619,359305,465475,39.9
2024-07-02,357346,361752,344130,344130,527484,39.51
2024-07-03,349514,360283,346087,358815,650556,39.52
2024-07-04,363709,368115,360772,366647,473960,39.56
2024-07-05,379374,381822,370563,373990,547990,39.51
2024-07-08,373990,377906,366158,373501,300113,39.51
2024-07-09,376927,379375,373990,374480,277408,39.57
2024-07-10,369584,373011,362731,365179,353114,39.55
2024-07-11,367626,381333,361262,381333,639163,39.6
2024-07-12,377906,381332,370073,372032,446018,39.4
2024-07-15,372032,374969,367137,369585,232238,39.42
2024-07-16,368115,369094,351961,352451,594686,39.27
2024-07-17,349514,353919,348535,348535,379722,39.22
2024-07-18,343639,351472,343150,347556,297144,39.2
2024-07-19,347066,350983,344619,350004,272794,39.11
2024-07-22,348534,349513,334828,335318,407016,38.98
2024-07-23,337276,338744,326996,328465,398778,38.9
2024-07-24,324548,333360,323080,326507,236796,38.9
2024-07-25,321611,340702,321611,336297,408942,39.0
2024-07-26,334339,339234,329933,331892,183124,39.0
2024-07-29,330423,333849,324548,328465,285478,38.87
2024-07-30,326017,337276,323570,323570,432884,38.73
2024-07-31,323080,324549,305458,312801,826323,38.46
2024-08-01,313290,330423,311821,326997,467169,38.67
2024-08-02,319164,333849,318674,329444,437738,38.81
2024-08-05,324549,325528,288325,297626,600593,38.69
2024-08-06,302031,315738,302031,311822,415386,38.71
2024-08-07,305457,317695,305457,309374,265963,38.72
2024-08-08,303010,306926,296647,296647,365192,38.66
2024-08-09,301541,308884,298115,303500,359856,38.66
2024-08-12,304479,315738,304479,312801,282789,38.65
2024-08-13,309863,318184,304967,308884,280207,38.57
2024-08-14,315248,318675,312311,316717,259586,38.56
2024-08-16,322591,324549,313290,313780,382940,38.44
2024-08-19,312800,312800,302521,302521,386630,38.34
2024-08-20,305947,306926,299094,304479,411059,38.24
2024-08-21,302520,328954,302031,321612,760280,38.34
2024-08-22,319653,330912,319653,328465,443988,38.23
2024-08-23,324549,328465,320143,323570,198453,38.19
2024-08-26,326997,331402,322101,325039,301903,38.09
2024-08-27,325528,338745,321612,330913,426425,38.08
2024-08-28,336297,343150,329933,332381,574577,38.07
2024-08-29,331891,354899,330912,350983,776020,38.12
2024-08-30,352940,353430,344618,346577,390588,38.0
2024-09-02,351472,365179,350983,361263,712351,38.11
2024-09-03,365668,372032,358325,363221,514846,38.16
2024-09-04,349024,358814,348045,350493,453939,38.15
2024-09-05,355877,364689,349514,357836,398727,38.19
2024-09-06,359794,362731,333849,335808,600321,38.16
2024-09-09,330423,339724,326017,336787,258114,38.19
2024-09-10,338745,340703,325038,326018,338261,38.18
2024-09-11,326017,359794,325528,358326,717847,38.55
2024-09-12,360284,363221,351472,356368,459174,38.49
2024-09-13,357347,363221,352941,357347,279459,38.46
2024-09-19,366158,370074,358325,364200,376545,38.5
2024-09-20,368115,374479,363709,368605,463391,38.5
2024-09-23,369584,373011,364199,371053,280220,38.5
2024-09-24,372521,384759,372032,379375,498381,38.6
2024-09-25,380843,382801,373011,373501,363708,38.62
2024-09-26,373990,379375,365179,379375,382969,38.74
2024-09-27,379864,382801,373500,375948,240855,38.76
2024-09-30,380843,385249,370564,370564,330701,38.77
2024-10-02,364199,371052,362730,363710,285225,38.67
2024-10-04,359304,361752,353430,353920,353258,38.48
2024-10-07,357346,361752,350493,359794,370195,38.45
2024-10-08,356367,367137,353430,363221,304654,38.5
2024-10-10,366157,367136,361262,361752,280315,38.5
2024-10-11,365179,377906,361262,365179,431756,38.55
2024-10-14,357835,359304,350492,351472,325641,38.43
2024-10-15,354409,356367,340213,343640,454263,38.42
2024-10-16,345598,346087,332871,332871,409021,38.29
2024-10-17,333360,337276,326997,326997,300396,38.24
2024-10-18,327485,329443,320142,323080,248358,38.22
2024-10-21,324059,334339,324059,327486,168451,38.22
2024-10-22,326996,328954,316716,317206,219540,38.22
2024-10-23,317205,326996,315737,324059,229308,38.24
2024-10-24,328465,331891,319164,320633,254375,38.17
2024-10-25,326506,327975,314268,315248,222281,38.13
2024-10-28,315738,341193,315738,341193,458211,38.39
2024-10-29,336787,343640,329444,336787,288480,38.41
2024-10-30,332381,339724,328465,331892,267509,38.38
2024-10-31,327485,333849,320143,320143,387110,38.34
2024-11-01,318674,330423,316716,324549,206174,38.4
2024-11-04,328464,330912,321122,330423,345930,38.27
2024-11-05,325528,326018,309374,310843,876637,37.91
2024-11-06,314269,315737,291751,292241,935224,37.72
2024-11-07,289793,291751,280002,281961,983635,37.45
2024-11-08,283918,287345,278044,278534,746259,37.23
2024-11-11,279513,281471,267764,268744,675722,37.17
2024-11-12,268254,270212,257974,258954,771719,37.14
2024-11-13,255526,259932,249652,250142,573476,37.2
2024-11-14,256506,264828,256016,258954,778974,37.04
2024-11-15,244757,248184,230561,241331,1302659,36.75
2024-11-18,241821,256996,241331,256996,534146,36.84
2024-11-19,254548,256506,247205,253569,397078,36.75
2024-11-20,252100,258464,250632,254059,366183,36.71
2024-11-21,254058,261401,251611,258954,317249,36.68
2024-11-22,261400,269233,259932,263359,345190,36.69
2024-11-25,266785,276086,266296,271681,554351,36.67
2024-11-26,273149,278044,268254,272660,336852,36.68
2024-11-27,272659,274128,260911,262380,313801,36.64
2024-11-28,260422,266297,258954,266297,282879,36.59
2024-11-29,263848,264337,249163,249163,540260,36.36
2024-12-02,253569,258464,251121,253569,269390,36.45
2024-12-03,258464,262380,253568,255527,421229,36.41
2024-12-04,247694,255037,247205,253569,474420,36.34
2024-12-05,253568,254058,245736,246226,311786,36.3
2024-12-06,245736,252589,239372,246226,365050,36.29
2024-12-09,240841,243289,233498,234478,393456,36.23
2024-12-10,236925,248673,236925,247205,289722,36.3
2024-12-11,246226,250142,240841,243289,266666,36.23
2024-12-12,245736,253079,241820,249653,497996,36.32
2024-12-13,251611,257485,247695,255038,416657,36.3
2024-12-16,258953,262380,255526,257485,260673,36.26
2024-12-17,255527,256506,239862,241821,648435,36.03
2024-12-18,244757,254058,242799,252590,404014,36.2
2024-12-19,245247,252100,243289,248674,297787,36.2
2024-12-20,253079,253079,242800,242800,470501,35.88
2024-12-23,245736,252590,238394,250632,312770,35.96
2024-12-24,251121,255527,249163,249653,206637,35.95
2024-12-26,250632,251121,241821,241821,217080,35.84
2024-12-27,240352,244758,237415,242800,218362,35.88
2024-12-30,241820,248673,241820,242310,199422,35.9
2025-01-02,242310,244757,233009,234478,329634,35.81
2025-01-03,230072,243779,227135,241821,454357,36.01
2025-01-06,241820,245737,238394,243779,294522,36.04
2025-01-07,243778,249163,240841,241331,366621,36.01
2025-01-08,239372,246715,237414,244268,512518,36.07
2025-01-09,244267,245246,232519,233988,722180,35.82
2025-01-10,233988,234967,227624,229093,413626,35.76
2025-01-13,227625,230072,224688,224688,375335,35.65
2025-01-14,227624,233499,225666,231541,361798,35.77
2025-01-15,232030,233499,226156,226646,282940,35.69
2025-01-16,230562,234478,229093,229583,292772,35.77
2025-01-17,228113,231540,227624,229093,215815,35.75
2025-01-20,230072,239373,230072,238394,436132,35.88
2025-01-21,235946,237904,225176,229093,429840,35.74
2025-01-22,230561,236436,229582,234478,275832,35.78
2025-01-23,233009,233499,227625,227625,245299,35.64
2025-01-24,228114,229583,220282,221751,486052,35.46
2025-01-31,220771,221261,215386,217345,412028,35.35
2025-02-03,211959,211959,202658,203638,518647,35.24
2025-02-04,206086,209512,201191,201191,523511,35.2
2025-02-05,203638,211470,203148,208044,404393,35.3
2025-02-06,208534,209513,204128,207555,351675,35.21
2025-02-07,205107,211960,204127,205107,313332,35.12
2025-02-10,201191,208534,195806,206576,677930,34.94
2025-02-11,205596,210491,203638,206086,296924,34.97
2025-02-12,206085,208043,203637,204617,247127,34.88
2025-02-13,206575,212450,206086,209513,840837,34.8
2025-02-14,209512,212449,207064,209023,314999,34.74
2025-02-17,210980,217344,208533,214897,359054,34.67
2025-02-18,216855,216855,210491,212939,266985,34.55
2025-02-19,211470,223219,211470,221261,511308,34.61
2025-02-20,220771,227135,219792,222240,395944,34.45
2025-02-21,222729,228114,220282,226646,390613,34.3
2025-02-24,223708,243289,223219,241821,810911,34.33
2025-02-25,238394,242310,231540,231541,580972,34.31
2025-02-26,229582,235457,228114,232520,682151,34.04
2025-02-27,234967,237415,231051,233499,441715,34.07
2025-02-28,230072,230072,217834,219303,704342,33.82
2025-03-04,217345,219303,208044,208534,604511,33.72
2025-03-05,210981,212449,205596,209023,562644,33.59
2025-03-06,211470,216365,207064,208044,584454,33.4
2025-03-07,205596,216365,203638,213918,522099,33.51
2025-03-10,213918,215876,209023,211471,472306,33.34
2025-03-11,202658,206575,201679,204617,487464,33.29
2025-03-12,207554,210492,205596,208534,387217,33.43
2025-03-13,210980,211959,199722,199722,1089451,33.31
2025-03-14,195316,205106,185330,187386,2851908,32.35
2025-03-17,187190,188560,182882,186407,976834,32.35
2025-03-18,187386,191792,186652,186799,772604,32.34
2025-03-19,186505,190911,186505,187876,790168,32.3
2025-03-20,190617,201191,189834,198254,1348839,32.61
2025-03-21,198743,199233,192184,196296,724664,32.57
2025-03-24,196785,198743,193456,197275,286162,32.6
2025-03-25,199722,201190,195708,197764,254972,32.47
2025-03-26,198253,208044,196295,204128,445857,32.67
2025-03-27,200701,202170,197275,197275,305262,32.47
2025-03-28,197764,199233,193358,195219,337896,32.59
2025-03-31,191596,192379,184547,184547,576174,32.24
2025-04-01,186505,189833,185330,189540,352728,32.27
2025-04-02,189638,190323,181707,182589,467150,32.01
2025-04-03,176714,181316,175539,179358,373181,32.09
2025-04-04,175735,187288,175735,186799,478175,32.01
2025-04-07,179357,180924,176029,176323,382779,31.87
2025-04-08,179945,180239,172211,172603,418533,31.79
2025-04-09,169079,173582,166435,168100,550125,31.39
2025-04-10,177900,178300,172800,177200,492598,31.54
2025-04-11,173000,177100,172000,175600,355010,31.7
2025-04-14,177600,181900,177100,178400,278232,31.72
2025-04-15,179400,184100,176300,182600,303559,31.76
2025-04-16,182000,184400,176600,177000,272189,31.59
2025-04-17,178000,182700,177000,180900,246328,31.64
2025-04-18,182100,182100,178500,180000,146661,31.62
2025-04-21,179000,180500,176700,177800,184454,31.57
2025-04-22,176900,179800,176200,177300,213303,31.56
2025-04-23,180000,190400,179900,190400,532051,31.81
2025-04-24,191200,191300,183700,184700,330284,31.56
2025-04-25,186700,189400,184000,185100,328738,31.45
2025-04-28,184500,189600,183500,184200,327979,31.41
2025-04-29,185000,185500,182000,183600,241248,31.39
2025-04-30,183100,183300,175600,176000,606531,31.27
2025-05-02,176400,177000,170900,173600,330151,31.27
2025-05-07,175400,176400,171400,172200,405002,31.18
2025-05-08,172100,173400,170100,172200,584179,31.35
2025-05-09,173800,173800,170300,170400,227421,31.37
2025-05-12,170700,174900,170600,174900,260867,31.52
2025-05-13,175400,176200,170600,170900,296932,31.42
2025-05-14,171400,173600,167300,173000,356073,31.47
2025-05-15,171300,173000,169600,169700,265305,31.31
2025-05-16,170000,170000,164100,164700,662722,30.89
2025-05-19,163400,173300,163400,169400,490511,31.28
2025-05-20,170400,170800,160600,161500,568781,31.01
2025-05-21,162100,165500,161600,161800,291613,31.08
2025-05-22,161800,164700,157700,163100,395732,31.04
2025-05-23,162700,163400,159200,160200,268120,30.98
2025-05-26,160200,168400,160200,166000,396990,31.05
2025-05-27,164400,164600,159400,160200,488202,30.65
2025-05-28,161300,176000,160800,174100,1002912,31.02
2025-05-29,175800,175800,169000,174400,557915,30.64
2025-05-30,172500,174000,168900,168900,1009215,30.24
2025-06-02,170000,172900,167000,172800,438261,30.13
2025-06-04,174600,179000,171400,172400,503464,29.77
2025-06-05,170800,176300,170200,174300,370426,29.77
2025-06-09,173500,173600,169500,170800,489915,29.54
2025-06-10,171900,172900,169400,170300,426240,29.41
2025-06-11,170800,175000,170300,172900,603691,29.38
2025-06-12,171500,176900,171100,174800,1132120,28.64
2025-06-13,173900,175900,169800,172100,666710,28.41
2025-06-16,170900,171200,165900,168900,610282,28.15
2025-06-17,169000,172900,166900,169300,508546,28.09
2025-06-18,168300,170700,167100,169200,399040,28.05
2025-06-19,169300,170800,167900,168200,408738,28.03
2025-06-20,168200,177000,166500,176300,934905,28.42
2025-06-23,172800,172900,168300,169300,571851,28.05
2025-06-24,172500,182300,172400,176800,742543,28.33
2025-06-25,177700,177800,173300,175400,421667,28.25
2025-06-26,177000,178700,173100,174600,418901,28.01
2025-06-27,175300,175300,169600,169700,478562,27.78
2025-06-30,171000,175500,170900,172800,414084,27.73
2025-07-01,173400,181700,172300,178200,885032,28.04
2025-07-02,176600,179100,175200,179000,470497,28.24
2025-07-03,180000,187000,178600,185300,850429,28.17
2025-07-04,182800,183600,179500,181100,500743,28.04
2025-07-07,182800,183700,176800,177000,504717,27.98
2025-07-08,175400,178500,174000,175000,493345,27.95
2025-07-09,175500,176900,169700,170100,689370,27.49
2025-07-10,171000,171900,169900,170300,554246,27.47
2025-07-11,171100,181000,171000,179400,1066739,28.07
2025-07-14,180200,181100,176700,181100,399191,27.99
2025-07-15,180600,181000,177800,179200,328760,27.85
2025-07-16,178700,180000,175900,176100,278372,27.69
2025-07-17,177400,179200,174600,179000,356729,27.69
2025-07-18,180700,184300,180050,182500,686213,27.76
2025-07-21,182500,186500,180900,185800,517341,27.81
2025-07-22,187600,189200,181500,181900,473977,27.68
2025-07-23,184000,185900,180100,184600,404059,27.47
2025-07-24,186400,193900,185100,190300,1013457,27.5
2025-07-25,193300,193300,187000,189800,525343,27.28
2025-07-28,191900,195700,190500,194500,753603,27.26
2025-07-29,192200,192300,187200,191100,536337,27.04
2025-07-30,190700,210000,190700,206000,1593192,27.35
2025-07-31,212500,212500,197500,201000,948283,26.91
2025-08-01,196400,198000,189800,190000,843531,26.73
2025-08-04,190800,194000,189500,193700,434105,26.67
2025-08-05,197600,221500,197500,213500,1875615,27.23
2025-08-06,212000,223000,211000,218000,1157281,27.26
2025-08-07,223000,223000,214500,217000,467950,26.95
2025-08-08,221500,221500,215000,218000,361289,26.89
2025-08-11,221500,234000,221000,225000,983767,26.9
2025-08-12,225000,226500,221000,221000,403226,26.82
2025-08-13,225500,225500,218000,221500,325765,26.72
2025-08-14,223500,229000,223000,224000,448035,26.69
2025-08-18,222500,224500,216000,219500,319220,26.67
2025-08-19,220500,223500,215500,221000,268361,26.69
2025-08-20,218000,224000,216000,217500,377027,26.6
2025-08-21,219000,219500,214500,215500,325179,26.48
2025-08-22,216500,219000,213500,216000,373227,26.57
2025-08-25,220000,223500,217500,221500,254189,26.61
2025-08-26,221000,225750,219500,221000,480981,26.61
2025-08-27,224000,224000,217500,220000,362256,26.44
2025-08-28,220500,222500,215000,216000,336139,26.43
2025-08-29,216500,216500,206000,207000,619884,26.41
2025-09-01,202500,206500,201500,203000,300030,26.57
2025-09-02,204000,204000,199400,202500,295808,26.52
2025-09-03,203000,204500,200000,201500,252531,26.49
2025-09-04,205500,205500,201000,202500,260018,26.3
2025-09-05,202500,203500,199300,199500,303237,26.2
2025-09-08,197900,201500,197600,199900,207896,26.17
2025-09-09,200500,202500,199600,201500,307287,26.04
2025-09-10,200000,200500,196800,198100,689275,25.75
2025-09-11,199700,201000,198000,198300,488743,25.64
2025-09-12,201500,204000,200000,204000,534562,25.5
2025-09-15,206000,207000,200500,201500,592824,25.17
2025-09-16,203000,205000,201500,204000,398951,24.89
2025-09-17,204500,207500,202500,204000,342331,24.82
2025-09-18,205000,209000,202500,209000,374497,24.86
2025-09-19,207500,209000,203000,203000,858121,24.67
2025-09-22,205000,211000,203500,207500,406999,24.88
2025-09-23,208500,211500,207500,210000,296713,24.82
2025-09-24,211500,211500,203000,205500,361727,24.66
2025-09-25,206000,211500,205500,210500,416263,24.7
2025-09-26,208000,208000,202500,202500,378492,24.42
2025-09-29,205500,208000,204500,206000,205188,24.46
2025-09-30,205000,209000,204500,205000,247788,24.43
2025-10-01,206000,207500,203000,204000,216933,24.43
2025-10-02,207500,212000,206500,206500,588864,24.53
2025-10-10,208500,208500,202500,207000,461084,24.47
2025-10-13,203500,214000,201500,210500,628628,24.89
2025-10-14,211500,223000,209500,220000,1096518,24.92
2025-10-15,223000,223000,217500,221500,450096,24.83
2025-10-16,222000,236000,221000,236000,1126965,24.9
2025-10-17,234000,259500,232000,255500,2155134,25.08
2025-10-20,258000,261500,248000,260500,876562,25.06
2025-10-21,261500,267000,255500,259000,942968,24.97
2025-10-22,262000,265500,258000,262500,676863,24.65
2025-10-23,261500,264500,257000,258000,520549,24.61
2025-10-24,261000,296500,259000,293000,1641056,24.67
2025-10-27,304000,304500,282000,285000,1695824,23.95
2025-10-28,282500,321000,273000,312000,3688662,24.51
2025-10-29,312500,334000,309500,331000,2181528,24.98
2025-10-30,335000,349500,324000,325500,1784094,25.25
2025-10-31,316000,329000,315500,322000,1007311,25.24
2025-11-03,328500,328500,320000,327000,717628,25.0
2025-11-04,353000,354500,335000,337500,1277759,24.83
2025-11-05,327500,332500,310000,325000,1464201,24.75
2025-11-06,335000,335500,318500,322000,806692,24.7
2025-11-07,310000,318750,300000,306000,912774,24.85
2025-11-10,308000,316000,303000,315000,450539,24.87
2025-11-11,324000,331000,314000,322000,774167,24.88
2025-11-12,324500,325000,316000,321500,342657,24.68
2025-11-13,321500,336500,317500,334500,672268,25.06
2025-11-14,323000,324500,315000,315000,544713,24.78
2025-11-17,321000,324500,315000,317000,324257,24.68
2025-11-18,317000,319000,301000,301500,520118,24.51
2025-11-19,300500,303500,290000,296500,413844,24.59
2025-11-20,304500,307000,300500,302000,247526,24.59
2025-11-21,289000,293250,287000,288500,345160,24.62
2025-11-24,291500,291500,280500,281000,808887,24.62
2025-11-25,288000,289000,281000,284500,265462,24.68
2025-11-26,288000,304500,286500,304500,466323,24.63
2025-11-27,307000,307500,300000,303000,256219,24.49
2025-11-28,307500,308000,298000,299500,339877,24.32
2025-12-01,301500,304500,296000,299000,255242,24.24
2025-12-02,300500,306500,297500,305000,317336,24.34
2025-12-03,305500,306250,301000,305000,224504,24.35
2025-12-04,305500,306000,297500,302500,297211,24.27
2025-12-05,299500,310500,299500,307500,379347,24.31
2025-12-08,308500,314000,305000,314000,507131,24.26
2025-12-09,310500,313000,306500,310000,278714,24.18
2025-12-10,326000,329000,314000,317500,637865,24.16
2025-12-11,321000,321500,308000,308000,463386,24.08
2025-12-12,310000,310000,306000,308000,304163,24.06
2025-12-15,301500,309500,298500,303000,339241,24.09
2025-12-16,304000,304500,291500,293500,480504,24.03
2025-12-17,296000,297000,291500,295000,232155,24.02
2025-12-18,285000,285500,277000,277000,644420,23.57
2025-12-19,280000,280000,267500,279500,691283,23.7
2025-12-22,282000,285000,277500,282500,311296,23.65
2025-12-23,283000,283000,277750,279500,329038,23.48
2025-12-24,281500,283500,278500,280000,206418,23.48
2025-12-26,280000,282500,273000,274000,340872,23.38
2025-12-29,267000,278500,265000,277500,330047,23.46
2025-12-30,273500,275000,267000,269500,448385,23.53
2026-01-02,268000,268000,259000,262500,616243,23.91
2026-01-05,260000,280000,259500,275000,805956,24.13
2026-01-06,282000,282000,274000,277000,448991,24.12
2026-01-07,279000,280000,268500,270500,603479,24.03
2026-01-08,271500,274000,269000,271000,556265,23.98
2026-01-09,272000,272000,265250,267500,433710,23.89
2026-01-12,265500,280500,264000,278000,704473,23.99
2026-01-13,281500,302500,276000,300000,1248744,24.21
2026-01-14,298500,298500,284500,285500,663816,23.86
2026-01-15,287000,292000,284250,291500,487778,23.83
2026-01-16,291500,292000,286000,289000,447796,23.84
2026-01-19,289000,320000,286000,314000,1430872,24.24
2026-01-20,319000,339500,315500,326000,2148250,24.4
2026-01-21,316000,326500,310000,324000,1109366,24.18
2026-01-22,333000,385500,325500,384500,5826300,24.8
2026-01-23,402000,402000,362500,373000,3366383,24.15
2026-01-26,385500,389500,375500,387000,1609025,23.91
2026-01-27,373500,398000,367500,387500,1845095,23.65
2026-01-28,394000,411500,390000,396500,2071072,23.67
2026-01-29,397500,399500,376500,388000,1317541,23.69
2026-01-30,390500,400500,376000,390000,1730887,23.66
2026-02-02,380000,386500,355500,356000,1586089,23.64
2026-02-03,366500,381000,357500,374500,930111,23.8
2026-02-04,374000,396000,372500,391500,1224216,24.09
2026-02-05,388000,399500,380000,385500,1150046,24.04
2026-02-06,370500,373000,358500,370000,727300,23.94
2026-02-09,381500,383000,375000,380000,477549,24.09
2026-02-10,385500,391500,377000,381000,504263,24.13
2026-02-11,381500,384500,373500,377000,367852,24.16
2026-02-12,381000,386000,373000,385500,639928,24.22
2026-02-13,377500,383000,372500,374500,517002,24.18
2026-02-19,379500,409000,377000,408000,1085467,24.63
2026-02-20,402000,420500,399000,402000,928083,24.77
2026-02-23,407500,407500,387000,391500,793713,24.43
2026-02-24,400500,427000,399500,421500,2584055,25.36
2026-02-25,422000,443500,415000,433000,1253279,25.18
2026-02-26,439500,457000,436500,449000,1109842,25.26
2026-02-27,439500,473500,438500,466000,1207350,25.33
2026-03-03,453500,454500,408000,408000,1453235,24.83
2026-03-04,390000,406000,348500,351000,1895549,25.18
2026-03-05,391000,407000,385000,392500,1008865,25.12
2026-03-06,388500,411500,385500,410500,796681,24.95
2026-03-09,386500,394500,375500,389000,754807,24.75
2026-03-10,415000,415000,394000,403500,597355,24.52
2026-03-11,413500,419000,394500,400000,531148,24.49
2026-03-12,396000,402000,394000,400000,616460,24.31
2026-03-13,387000,397000,384500,388000,531172,24.24
2026-03-16,395000,398000,380000,383000,483616,24.27
2026-03-17,395000,397500,388000,389000,359325,24.33
2026-03-18,397000,405000,393500,405000,384421,24.42
2026-03-19,397000,414000,396000,402500,428488,24.38
2026-03-20,405000,407000,398000,400500,397940,24.24
2026-03-23,386500,387000,375500,376500,462325,24.15
2026-03-24,392000,403000,383500,397500,531265,24.29
2026-03-25,401000,411500,399500,404000,416484,24.37
2026-03-26,402000,413500,391000,396500,455967,24.45
2026-03-27,387500,409000,375000,405500,657568,24.52
2026-03-30,389000,418000,388500,412500,735298,24.67
2026-03-31,419500,429500,404000,408000,1110671,24.55
2026-04-01,425000,434000,413000,432000,779644,24.82
2026-04-02,434500,460000,430000,443000,1822137,25.03
2026-04-03,451500,460000,432500,438500,692098,24.86
2026-04-06,441000,470000,438000,453500,1125434,25.01
2026-04-07,448500,468500,445000,456500,759485,25.15
2026-04-08,471000,471500,454500,471500,821542,25.27
2026-04-09,475000,493500,469000,480000,1003279,25.5
2026-04-10,483000,490000,473000,481000,550626,25.4
2026-04-13,476500,493000,472000,477500,482539,25.39
2026-04-14,485500,491000,463000,470500,798652,25.15
2026-04-15,473500,478500,466000,471000,632770,25.13
2026-04-16,473000,480000,473000,478500,357441,25.31
2026-04-17,480000,515000,473000,513000,1116580,25.67
2026-04-20,515000,549000,509000,538000,827022,25.72
2026-04-21,570000,648000,557000,645000,2533682,25.97
2026-04-22,686000,686000,647000,659000,1727542,25.63
2026-04-23,657000,669000,613000,630000,1204489,25.61
2026-04-24,648000,663000,631000,641000,786062,25.45
2026-04-27,641000,648000,616000,635000,701082,25.35
2026-04-28,657000,690000,650000,680000,1454459,25.66
2026-04-29,689000,714000,685000,712000,1268312,25.83
2026-04-30,721000,723000,692000,695000,853824,25.65
2026-05-04,715000,717000,694000,705000,663957,25.45
2026-05-06,707000,707000,677000,698000,813564,25.46
2026-05-07,698000,698000,677000,694000,604589,25.46
2026-05-08,683000,694000,671000,678000,460537,25.34
2026-05-11,670000,693000,651000,684000,850986,25.56
2026-05-12,676000,680000,616000,629000,1349091,25.49
2026-05-13,612000,645000,600000,634000,788819,25.55
2026-05-14,663000,665000,623000,636000,712838,25.44
2026-05-15,629000,668000,603000,614000,1100294,25.78
2026-05-18,592000,616000,565000,613000,554836,25.91
2026-05-19,612000,621000,570000,587000,511340,25.98
2026-05-20,580000,584000,548000,570000,691785,26.2
2026-05-21,592000,616000,578000,616000,516899,26.13
2026-05-22,640000,657000,627000,647000,652607,26.17
2026-05-26,666000,667000,631000,642000,481983,26.08
2026-05-27,636000,674000,629000,630000,799920,26.15
2026-05-28,660000,691000,643000,676000,1585322,26.52
2026-05-29,680000,707000,657000,688000,2040080,26.44
2026-06-01,679000,679000,650000,652000,854997,26.24
2026-06-02,641000,670000,595000,602000,1018750,26.11
2026-06-04,604000,624000,586000,607000,466801,26.05
2026-06-05,599000,601000,555000,568000,542951,26.15
2026-06-08,504000,525000,499500,503000,624954,26.34
2026-06-09,516000,527000,488000,515000,590666,26.42
2026-06-10,509000,524000,482000,496500,514326,26.43
2026-06-11,476500,498500,466500,498500,498703,26.45
2026-06-12,531000,570000,520000,539000,677491,26.51
2026-06-15,566000,573000,542000,553000,531797,26.49
2026-06-16,564000,565000,546000,549000,352915,26.52
2026-06-17,556000,556000,536000,550000,257980,26.5
2026-06-18,543000,544000,520000,522000,391100,26.54
2026-06-19,527000,582000,527000,555000,964995,26.7
2026-06-22,564000,570000,530000,533000,435643,26.56
2026-06-23,534000,547000,469000,469000,712421,26.54
2026-06-24,478500,495500,467500,489000,580727,26.57
2026-06-25,501000,512000,479000,481000,430322,26.5
2026-06-26,480000,496000,442000,455000,580098,26.7
2026-06-29,468500,514000,459500,512000,737533,26.49
2026-06-30,504000,511000,485000,487000,564868,26.25
