date,open,high,low,close,volume,foreign_ownership_ratio
2016-07-01,7649,7806,7630,7737,1512443,12.53
2016-07-04,7776,7835,7689,7776,876757,12.54
2016-07-05,7796,7816,7728,7786,700825,12.56
2016-07-06,7747,7747,7572,7602,1238667,12.52
2016-07-07,7649,7757,7620,7737,973550,12.52
2016-07-08,7728,7728,7582,7620,762888,12.48
2016-07-11,7737,7932,7708,7932,2512151,12.57
2016-07-12,7961,8010,7844,7873,1601559,12.5
2016-07-13,8010,8097,7981,8049,2349224,12.55
2016-07-14,8059,8175,8000,8107,1989237,12.56
2016-07-15,8224,8341,8126,8166,2816177,12.56
2016-07-18,8263,8331,8205,8273,1997758,12.53
2016-07-19,8341,8350,8059,8166,1851448,12.54
2016-07-20,8117,8283,8117,8263,1863195,12.49
2016-07-21,8321,8380,8224,8273,1556578,12.47
2016-07-22,8234,8603,8175,8574,3198302,12.54
2016-07-25,8691,8798,8594,8788,3485360,12.56
2016-07-26,8711,8798,8662,8798,2293520,12.48
2016-07-27,8808,8954,8788,8876,2677530,12.54
2016-07-28,8915,8945,8643,8672,2524278,12.48
2016-07-29,8623,8993,8623,8837,3678856,12.51
2016-08-01,8876,8925,8672,8847,2137215,12.44
2016-08-02,8788,8798,8419,8487,3351990,12.33
2016-08-03,8419,8487,8293,8341,2797480,12.23
2016-08-04,8428,8497,8321,8438,1385017,12.2
2016-08-05,8428,8584,8389,8584,1724738,12.13
2016-08-08,8721,8731,8526,8564,1519022,11.98
2016-08-09,8555,8574,8399,8535,1755989,11.92
2016-08-10,8535,8603,8438,8497,1223206,11.95
2016-08-11,8497,8526,8273,8273,2060716,11.92
2016-08-12,8380,8672,8331,8526,3334614,12.07
2016-08-16,8603,8778,8555,8564,2291977,12.06
2016-08-17,8468,8487,8302,8331,1602647,12.0
2016-08-18,8350,8409,8283,8311,1107638,12.02
2016-08-19,8341,8341,8156,8166,1414230,12.01
2016-08-22,8146,8156,8000,8039,1311459,12.01
2016-08-23,8039,8136,7971,7981,1199172,12.0
2016-08-24,8000,8069,7883,7932,1161491,11.96
2016-08-25,7932,8039,7932,7942,1025636,11.9
2016-08-26,7942,7951,7816,7854,994515,11.85
2016-08-29,7796,7893,7747,7806,1157760,11.85
2016-08-30,7835,7961,7825,7863,905328,11.86
2016-08-31,7844,7844,7728,7737,1298817,11.83
2016-09-01,7728,7806,7669,7737,1164116,11.77
2016-09-02,7747,7757,7669,7679,1028599,11.74
2016-09-05,7776,7863,7747,7844,992249,11.8
2016-09-06,7863,7873,7796,7816,1065395,11.79
2016-09-07,7835,7932,7806,7806,1217474,11.73
2016-09-08,7835,7863,7767,7776,1125261,11.74
2016-09-09,7728,7825,7689,7786,1098645,11.76
2016-09-12,7689,7737,7649,7649,1127604,11.71
2016-09-13,7718,7737,7553,7602,1835265,11.63
2016-09-19,7533,7592,7514,7582,991142,11.57
2016-09-20,7611,7679,7523,7669,1065159,11.54
2016-09-21,7659,7679,7611,7659,735548,11.53
2016-09-22,7757,7854,7737,7757,1235825,11.57
2016-09-23,7835,7844,7747,7806,600390,11.57
2016-09-26,7776,7786,7679,7698,630040,11.56
2016-09-27,7649,7757,7602,7698,664332,11.55
2016-09-28,7718,7737,7620,7620,641557,11.51
2016-09-29,7659,7718,7640,7689,642165,11.48
2016-09-30,7611,7659,7592,7602,775929,11.44
2016-10-04,7611,7679,7611,7649,548435,11.47
2016-10-05,7620,7669,7582,7640,575487,11.36
2016-10-06,7649,7679,7592,7592,753244,11.36
2016-10-07,7582,7620,7553,7582,784393,11.38
2016-10-10,7582,7767,7572,7669,1613309,11.45
2016-10-11,7737,7747,7630,7659,630914,11.4
2016-10-12,7669,7747,7611,7737,716724,11.45
2016-10-13,7747,7757,7640,7640,665571,11.39
2016-10-14,7669,7786,7640,7786,1281761,11.41
2016-10-17,7786,7844,7728,7728,1327467,11.35
2016-10-18,7737,7786,7689,7786,579732,11.37
2016-10-19,7796,7806,7669,7669,1349723,11.34
2016-10-20,7689,7767,7640,7698,901008,11.39
2016-10-21,7718,7728,7640,7718,877475,11.44
2016-10-24,7679,7786,7679,7776,949681,11.43
2016-10-25,7786,7825,7698,7737,834454,11.44
2016-10-26,7767,7767,7523,7553,2202716,11.2
2016-10-27,7562,7630,7553,7611,549744,11.22
2016-10-28,7620,7640,7543,7553,596911,11.3
2016-10-31,7543,7572,7494,7543,936027,11.28
2016-11-01,7543,7572,7445,7514,658241,11.26
2016-11-02,7494,7494,7299,7299,1407605,11.19
2016-11-03,7299,7368,7290,7339,802833,11.0
2016-11-04,7309,7602,7299,7562,1176070,11.02
2016-11-07,7611,7620,7494,7592,836313,11.0
2016-11-08,7640,7640,7562,7572,578021,11.02
2016-11-09,7582,7689,7348,7445,2384492,11.1
2016-11-10,7572,7786,7572,7669,2621794,11.23
2016-11-11,7679,7747,7620,7640,800610,11.28
2016-11-14,7640,7728,7640,7708,743647,11.3
2016-11-15,7718,7728,7649,7689,792921,11.36
2016-11-16,7728,7737,7640,7649,1337996,11.4
2016-11-17,7649,7659,7562,7572,854716,11.42
2016-11-18,7582,7592,7416,7426,1034912,11.41
2016-11-21,7348,7358,6997,7027,3115458,11.36
2016-11-22,7046,7066,6929,6978,1460288,11.17
2016-11-23,6978,6997,6881,6920,1734895,11.04
2016-11-24,6920,6988,6832,6842,1202342,11.0
2016-11-25,6852,6871,6774,6793,1339768,10.97
2016-11-28,6793,6871,6695,6832,1322738,10.91
2016-11-29,6813,6901,6774,6813,801124,10.37
2016-11-30,6862,6862,6744,6764,825141,9.92
2016-12-01,6764,6842,6744,6813,703468,9.9
2016-12-02,6793,6832,6695,6725,1133901,10.0
2016-12-05,6705,6715,6501,6501,1553628,10.15
2016-12-06,6569,6687,6530,6667,1193427,10.29
2016-12-07,6677,6687,6560,6618,742246,10.62
2016-12-08,6695,6832,6667,6832,1743138,10.6
2016-12-09,6803,6862,6764,6862,873165,10.66
2016-12-12,6901,7027,6881,6949,1764388,10.75
2016-12-13,6910,6949,6862,6929,943528,10.67
2016-12-14,6978,6978,6881,6920,1004013,10.68
2016-12-15,6891,7095,6862,7056,2048390,10.65
2016-12-16,7056,7076,6968,6978,1701209,10.66
2016-12-19,6988,7027,6920,6939,1332677,10.62
2016-12-20,6920,6949,6862,6920,4322476,10.14
2016-12-21,6978,7085,6949,6988,1911814,10.07
2016-12-22,6997,7153,6997,7125,1687871,10.08
2016-12-23,7125,7125,6997,7056,1145898,9.96
2016-12-26,7056,7144,7017,7115,911687,9.97
2016-12-27,7115,7231,7115,7202,1533338,9.97
2016-12-28,7153,7163,7037,7095,1094779,9.91
2016-12-29,7105,7105,7007,7046,873133,9.91
2017-01-02,7037,7241,7007,7202,1160714,9.94
2017-01-03,7211,7504,7172,7465,2221741,9.83
2017-01-04,7514,7786,7514,7767,4318581,9.98
2017-01-05,7796,8078,7767,7816,4455397,10.02
2017-01-06,7816,7893,7718,7854,1454929,9.93
2017-01-09,7893,7912,7698,7718,1732086,9.95
2017-01-10,7679,7844,7562,7786,1876023,9.95
2017-01-11,7786,8224,7786,8185,4550022,9.85
2017-01-12,8254,8350,8136,8311,3354556,9.75
2017-01-13,8273,8458,8234,8341,2550905,9.63
2017-01-16,8409,8409,8195,8205,1685462,9.64
2017-01-17,8195,8721,8195,8662,5035202,9.85
2017-01-18,8623,8731,8458,8623,3186380,9.65
2017-01-19,8672,8808,8458,8477,4299810,12.11
2017-01-20,8273,8516,8224,8458,7127102,13.08
2017-01-23,8507,8516,8331,8428,3023742,13.08
2017-01-24,8419,8438,8254,8273,3289140,13.1
2017-01-25,8341,8380,8097,8185,3189274,13.16
2017-01-26,8273,8711,8263,8564,6599369,13.31
2017-01-31,8477,8788,8468,8574,4769290,13.2
2017-02-01,8633,8731,8584,8613,2690406,13.15
2017-02-02,8564,8778,8380,8389,5085046,13.15
2017-02-03,8419,8497,8283,8321,3283423,13.11
2017-02-06,8497,8906,8497,8808,10884836,13.16
2017-02-07,8798,8798,8603,8731,3716110,13.05
2017-02-08,8731,8750,8535,8584,3085050,12.93
2017-02-09,8545,8760,8545,8603,3046157,12.85
2017-02-10,8740,8808,8594,8603,3020329,12.76
2017-02-13,8672,8857,8662,8827,3883076,12.76
2017-02-14,8935,8945,8740,8778,3648970,12.69
2017-02-15,8827,8857,8740,8827,2388742,12.66
2017-02-16,8886,8896,8701,8750,2576941,12.62
2017-02-17,8701,8778,8633,8721,2346954,12.62
2017-02-20,8701,8731,8409,8438,4003515,12.61
2017-02-21,8428,8837,8428,8760,5638212,12.78
2017-02-22,8847,8993,8731,8906,4887266,12.81
2017-02-23,8945,8984,8866,8915,2852157,12.81
2017-02-24,8925,8984,8769,8788,2772378,12.8
2017-02-27,8808,8837,8711,8760,1710128,12.8
2017-02-28,8760,8837,8691,8691,2902716,12.77
2017-03-02,8857,9022,8837,8896,4839225,12.79
2017-03-03,8827,8847,8623,8672,3546429,12.74
2017-03-06,8594,8603,8448,8526,2867878,12.7
2017-03-07,8526,8769,8526,8711,2474860,12.73
2017-03-08,8691,8731,8594,8633,1531137,12.73
2017-03-09,8613,8798,8613,8691,2850684,12.75
2017-03-10,8711,8798,8584,8731,3280542,12.66
2017-03-13,8760,9022,8750,9022,5549432,12.77
2017-03-14,9080,9208,8974,8974,4064792,12.73
2017-03-15,8984,9168,8886,9100,3734954,12.73
2017-03-16,9295,9538,9285,9460,7133056,12.76
2017-03-17,9489,9616,9363,9479,3576477,12.74
2017-03-20,9441,9451,9198,9246,3698626,12.75
2017-03-21,9285,9479,9178,9422,3587495,12.72
2017-03-22,9198,9285,9032,9090,5529954,12.66
2017-03-23,9129,9246,9051,9090,3960675,12.68
2017-03-24,9110,9198,9012,9110,2857731,12.66
2017-03-27,9002,9022,8760,8857,3728773,12.63
2017-03-28,8915,8984,8827,8915,2420754,12.61
2017-03-29,9051,9061,8808,8886,2990661,12.55
2017-03-30,8896,8915,8760,8798,2109862,12.55
2017-03-31,8837,8915,8769,8798,2074443,12.53
2017-04-03,8847,8847,8731,8808,1904701,12.51
2017-04-04,8778,8818,8682,8682,2041029,12.47
2017-04-05,8701,8731,8497,8564,3572925,12.43
2017-04-06,8497,8652,8487,8545,2268279,12.44
2017-04-07,8594,8613,8487,8497,1902585,12.4
2017-04-10,8468,8497,8293,8302,3423692,12.43
2017-04-11,8273,8535,8263,8458,2776495,12.44
2017-04-12,8468,8487,8341,8380,2075703,12.39
2017-04-13,8409,8477,8341,8428,2355563,12.24
2017-04-14,8360,8419,8293,8419,1669777,12.21
2017-04-17,8419,8584,8419,8545,2165268,12.15
2017-04-18,8662,8682,8487,8497,2656052,12.01
2017-04-19,8448,8516,8234,8244,4508198,11.99
2017-04-20,8244,8409,8214,8380,2222907,12.0
2017-04-21,8448,8468,8302,8350,2556307,11.95
2017-04-24,8399,8594,8360,8545,3077359,11.92
2017-04-25,8633,8750,8507,8721,4526905,11.84
2017-04-26,8788,9041,8750,8935,6215155,11.88
2017-04-27,8974,9051,8866,8925,3127692,11.87
2017-04-28,8876,8896,8643,8682,2912054,11.85
2017-05-02,8691,9022,8691,8935,3734519,11.9
2017-05-04,8954,9139,8925,8993,3441077,11.84
2017-05-08,9080,9080,8906,9071,4110429,11.82
2017-05-10,9051,9208,8731,8788,6734020,11.81
2017-05-11,8857,9002,8808,8906,4585600,11.84
2017-05-12,8925,9051,8886,8993,4509240,11.89
2017-05-15,9061,9110,8984,9032,2557398,11.87
2017-05-16,9255,9373,9168,9363,7406972,12.03
2017-05-17,9353,9353,9217,9285,3227041,12.03
2017-05-18,9061,9255,9041,9246,3609035,12.1
2017-05-19,9275,9470,9236,9402,3675937,12.13
2017-05-22,9489,9548,9363,9460,3847813,12.08
2017-05-23,9509,9587,9412,9460,3951257,12.17
2017-05-24,9509,9518,9295,9324,3779387,12.16
2017-05-25,9363,9597,9324,9597,4967570,12.25
2017-05-26,9616,9665,9518,9538,4055250,12.2
2017-05-29,9626,9626,9343,9383,4180009,12.18
2017-05-30,9383,9558,9295,9451,3717174,12.24
2017-05-31,9402,9402,9246,9246,4475360,12.11
2017-06-01,9198,9226,8993,9022,4578831,12.13
2017-06-02,9071,9198,9071,9159,3162202,12.16
2017-06-05,9188,9226,9061,9129,2444082,12.2
2017-06-07,9080,9441,9071,9373,4331197,12.3
2017-06-08,9373,9470,9265,9470,4229803,12.31
2017-06-09,9528,10025,9479,10025,12174362,12.43
2017-06-12,9976,10317,9732,9781,8071318,12.21
2017-06-13,9781,10025,9732,10025,4276771,12.21
2017-06-14,10123,10170,9830,9927,4551523,12.15
2017-06-15,10025,10074,9732,9927,5667129,12.14
2017-06-16,9879,9927,9732,9830,2663184,12.21
2017-06-19,9830,9976,9655,9781,4030157,12.19
2017-06-20,9976,10123,9830,9830,4305680,12.16
2017-06-21,9781,9830,9577,9616,4021768,12.11
2017-06-22,9665,9927,9597,9879,3451177,12.12
2017-06-23,9927,10219,9879,10219,5569109,12.09
2017-06-26,10366,10463,10170,10268,5114713,12.02
2017-06-27,10512,10560,10219,10317,55631458,12.01
2017-06-28,10219,10463,10170,10366,4438576,12.07
2017-06-29,10560,11095,10560,10949,12558718,11.99
2017-06-30,10706,10901,10512,10755,7204923,11.99
2017-07-03,10804,10852,10609,10657,3543170,12.03
2017-07-04,10804,11193,10609,10706,7088067,12.0
2017-07-05,10706,10755,10512,10657,3939290,12.02
2017-07-06,10609,10755,10463,10512,2940713,12.07
2017-07-07,10463,10609,10414,10463,2621184,12.11
2017-07-10,10512,10657,10366,10463,2502697,12.07
2017-07-11,10560,10901,10463,10852,3857705,12.06
2017-07-12,10901,10949,10657,10706,2806619,12.01
2017-07-13,10901,11144,10852,11047,6693699,12.0
2017-07-14,11095,11144,10949,11047,3317772,11.93
2017-07-17,11144,11291,11047,11095,2912591,11.91
2017-07-18,11095,11144,10804,10852,2904827,11.9
2017-07-19,10852,11095,10852,10949,2838118,11.94
2017-07-20,11047,11144,10901,11095,2212285,11.95
2017-07-21,11047,11193,10998,11193,3371352,11.92
2017-07-24,11193,11242,11047,11144,1902261,11.81
2017-07-25,11144,11242,10852,10901,2971397,11.81
2017-07-26,11047,11047,10706,10901,3370418,11.89
2017-07-27,11047,11047,10852,10901,1949524,11.88
2017-07-28,10852,10949,10366,10414,6141514,11.97
2017-07-31,10268,10609,10219,10560,3266585,12.05
2017-08-01,10512,10901,10463,10804,3148429,12.04
2017-08-02,10852,10901,10706,10755,1394896,12.03
2017-08-03,10755,10755,10025,10268,6389675,12.04
2017-08-04,10268,10463,10170,10268,2691643,12.06
2017-08-07,10366,10512,10268,10317,2664791,12.12
2017-08-08,10414,10463,10268,10317,1765160,12.12
2017-08-09,10170,10219,9976,10170,3349976,12.13
2017-08-10,10074,10268,9781,9879,6474887,12.19
2017-08-11,9655,9830,9645,9830,3841027,12.28
2017-08-14,9976,10123,9927,10025,2512276,12.17
2017-08-16,10317,10317,10074,10123,3637656,12.05
2017-08-17,10123,10268,10074,10219,2313048,12.08
2017-08-18,10025,10170,9976,10123,2113443,12.06
2017-08-21,10123,10123,9927,10025,1738494,12.08
2017-08-22,10025,10268,10025,10170,1671229,12.1
2017-08-23,10268,10317,9976,10025,2187171,12.05
2017-08-24,9976,10074,9976,10025,2017806,12.08
2017-08-25,10025,10074,9927,10025,1744633,12.09
2017-08-28,10074,10074,9927,10025,1196622,12.1
2017-08-29,9927,9976,9781,9976,1962881,12.08
2017-08-30,9976,10025,9879,9927,1358029,12.05
2017-08-31,9976,10025,9781,9879,1729863,12.02
2017-09-01,9927,9927,9732,9732,2065521,12.03
2017-09-04,9460,9723,9460,9665,2808279,12.11
2017-09-05,9713,9732,9402,9431,3191804,12.07
2017-09-06,9392,9470,9246,9265,2978920,12.09
2017-09-07,9363,9723,9324,9713,3076857,12.1
2017-09-08,9703,9713,9538,9606,1356254,12.04
2017-09-11,9655,9830,9655,9685,1713011,12.0
2017-09-12,9879,9879,9693,9732,1756019,11.97
2017-09-13,9781,9781,9587,9703,2277716,11.96
2017-09-14,9693,9781,9626,9626,2870998,11.95
2017-09-15,9626,9976,9577,9927,3216529,11.94
2017-09-18,9976,10463,9927,10366,5680963,12.02
2017-09-19,10463,10512,10317,10366,2380955,12.02
2017-09-20,10414,10463,10123,10317,2680486,11.99
2017-09-21,10317,10317,9976,9976,2754666,12.04
2017-09-22,9927,10025,9732,9781,2597519,12.02
2017-09-25,9781,9781,9479,9558,2458291,11.98
2017-09-26,9489,9636,9392,9636,1997788,11.99
2017-09-27,9626,9626,9441,9451,2016874,11.92
2017-09-28,9460,9538,9353,9509,1605293,11.89
2017-09-29,9518,9693,9509,9567,2083833,11.87
2017-10-10,9732,9927,9723,9879,3010216,11.92
2017-10-11,9830,9927,9781,9830,1818410,11.9
2017-10-12,9927,10366,9879,10268,6206937,11.97
2017-10-13,10268,10560,10219,10414,3860343,11.99
2017-10-16,10609,10755,10366,10512,3531481,11.94
2017-10-17,10560,10609,10414,10609,2024520,11.93
2017-10-18,10560,10609,10123,10170,3550239,11.94
2017-10-19,10317,10512,10170,10170,2789433,11.97
2017-10-20,10025,10219,9976,10074,3912176,11.9
2017-10-23,10170,10317,10025,10074,2094247,11.92
2017-10-24,10025,10123,9879,9879,2195519,11.94
2017-10-25,10025,10025,9879,10025,2399640,11.98
2017-10-26,9976,10025,9703,9723,3864699,11.96
2017-10-27,9781,9927,9732,9879,2822833,11.96
2017-10-30,10025,10074,9732,9781,3061362,11.92
2017-10-31,9732,9976,9685,9879,3482869,11.88
2017-11-01,9976,10268,9927,10170,4763160,11.88
2017-11-02,10219,10317,9927,9927,2639358,11.87
2017-11-03,10025,10170,9976,10074,2004940,11.9
2017-11-06,10123,10123,9830,9927,2088518,11.9
2017-11-07,9927,9976,9781,9879,2013951,11.91
2017-11-08,9781,9927,9732,9830,3098179,11.83
2017-11-09,9830,9879,9685,9685,4578923,11.77
2017-11-10,9675,9830,9626,9781,2312085,11.81
2017-11-13,9830,9976,9713,9927,3197839,11.71
2017-11-14,9976,9976,9713,9781,3025575,11.69
2017-11-15,9830,10219,9732,10219,6683355,11.78
2017-11-16,10219,10317,10123,10268,3504883,11.8
2017-11-17,10414,10414,10123,10219,3753655,11.78
2017-11-20,10170,10317,9976,10219,3540088,11.82
2017-11-21,10219,10317,10074,10170,2722562,11.82
2017-11-22,10268,10852,10268,10804,12816403,12.03
2017-11-23,10755,10901,10512,10852,5047222,12.03
2017-11-24,10852,10949,10657,10706,3177285,11.94
2017-11-27,10804,10998,10317,10366,4926268,11.93
2017-11-28,10366,10463,10123,10219,2720818,11.94
2017-11-29,10317,10414,10170,10219,2371537,11.87
2017-11-30,10219,10268,9976,9976,3777960,11.81
2017-12-01,10123,10170,9927,10025,2192677,11.76
2017-12-04,10074,10170,10025,10170,2024095,11.77
2017-12-05,10170,10463,10025,10414,3160401,11.73
2017-12-06,10414,10609,10317,10317,3125073,11.76
2017-12-07,10414,10560,10219,10317,3357222,11.73
2017-12-08,10366,10414,10170,10268,2251414,11.73
2017-12-11,10317,10414,10123,10414,2107725,11.72
2017-12-12,10463,10463,10268,10317,2077372,11.71
2017-12-13,10366,10609,10317,10512,4109672,11.81
2017-12-14,10560,10706,10414,10609,7194302,11.79
2017-12-15,10560,10657,10025,10123,7505748,11.8
2017-12-18,9392,9509,8711,8760,18743181,11.79
2017-12-19,8876,9022,8740,8778,7526131,11.9
2017-12-20,8750,8915,8750,8847,2518798,11.91
2017-12-21,8788,8847,8662,8740,3121172,11.88
2017-12-22,8750,8788,8535,8721,3839787,11.89
2017-12-26,8760,8866,8691,8691,3767871,11.88
2017-12-27,8721,8857,8564,8827,2926890,11.86
2017-12-28,8760,8945,8760,8945,1653119,11.89
2018-01-02,8974,9051,8906,8993,2003846,11.92
2018-01-03,9002,9168,9002,9090,2472481,12.03
2018-01-04,9178,9275,9080,9178,3100228,12.08
2018-01-05,9139,9226,8876,9071,3670633,12.21
2018-01-08,9149,9353,9061,9304,3822266,12.24
2018-01-09,9324,9470,9265,9363,2895300,12.29
2018-01-10,9402,9402,9246,9383,1897800,12.3
2018-01-11,9402,9597,9295,9441,4535112,12.51
2018-01-12,9518,9723,9470,9577,5686529,12.46
2018-01-15,9703,9830,9616,9626,3296582,12.47
2018-01-16,9636,9665,9509,9597,2926345,12.5
2018-01-17,9577,9665,9538,9655,2613607,12.59
2018-01-18,9723,9927,9723,9781,4095900,12.63
2018-01-19,9830,9830,9693,9781,2564361,12.6
2018-01-22,9665,9732,9422,9558,4397320,12.63
2018-01-23,9717,10504,9658,10454,8088248,12.52
2018-01-24,10454,10703,10404,10554,5864508,12.4
2018-01-25,10504,10803,10454,10604,3457027,12.43
2018-01-26,10703,11052,10554,11002,5457855,12.45
2018-01-29,11101,11599,11052,11350,6958345,12.45
2018-01-30,11301,11549,10952,11052,4669308,12.51
2018-01-31,10852,11251,10753,11201,5241797,12.51
2018-02-01,11301,11400,10803,11002,4062544,12.46
2018-02-02,10952,11002,10504,10604,5531783,12.58
2018-02-05,10305,10604,10255,10454,2935832,12.67
2018-02-06,10056,10305,9917,10106,5599163,12.64
2018-02-07,10355,10404,9926,9936,4372063,12.6
2018-02-08,9956,10106,9837,9907,5443278,12.41
2018-02-09,9558,9737,9429,9528,4678036,12.41
2018-02-12,9628,9936,9508,9837,4933289,12.34
2018-02-13,10006,10056,9618,9638,3355355,12.33
2018-02-14,9707,9797,9558,9628,2161841,12.32
2018-02-19,9837,10056,9727,9787,3617547,12.23
2018-02-20,9747,9807,9608,9608,1946864,12.24
2018-02-21,9608,9737,9538,9658,1821423,12.28
2018-02-22,9618,9648,9369,9389,3850906,12.45
2018-02-23,9429,9528,9309,9518,3264745,12.39
2018-02-26,9618,9668,9419,9449,2243363,12.39
2018-02-27,9558,9578,9449,9449,1936435,12.33
2018-02-28,9409,9419,9130,9239,4106401,12.4
2018-03-02,9050,9180,9010,9110,2985835,12.43
2018-03-05,9110,9120,8901,8901,2636394,12.45
2018-03-06,9030,9319,9020,9289,3352960,12.41
2018-03-07,9259,9299,9100,9160,2511877,12.39
2018-03-08,9180,9229,9110,9190,2139940,12.43
2018-03-09,9259,9697,9239,9658,5275279,12.43
2018-03-12,9857,9917,9767,9857,3736178,12.37
2018-03-13,9757,9767,9498,9588,4086310,12.3
2018-03-14,9508,9528,9369,9419,3098247,12.31
2018-03-15,9399,9449,9220,9419,2574112,12.29
2018-03-16,9419,9508,9349,9488,1773929,12.32
2018-03-19,9508,9508,9259,9269,2119552,12.32
2018-03-20,9170,9458,9170,9449,1526696,12.31
2018-03-21,9449,9458,9339,9349,1236839,12.23
2018-03-22,9379,9707,9379,9518,3347578,12.24
2018-03-23,9229,9259,9020,9050,4842241,12.16
2018-03-26,9000,9180,8971,9150,2204278,12.16
2018-03-27,9269,9329,9140,9160,2405796,12.13
2018-03-28,9040,9060,8951,8991,3589923,12.11
2018-03-29,9060,9239,8941,9170,2252235,12.11
2018-03-30,9229,9319,9170,9180,1985254,12.11
2018-04-02,9210,9498,9040,9060,3703778,12.11
2018-04-03,8961,9030,8911,8961,3293174,12.09
2018-04-04,9030,9050,8771,8811,3527137,12.07
2018-04-05,8901,8981,8851,8901,2166428,12.07
2018-04-06,8891,9010,8841,8921,3067309,12.14
2018-04-09,8861,8971,8831,8931,1656621,12.12
2018-04-10,8901,9020,8811,8981,2313175,12.05
2018-04-11,9040,9110,8961,8961,2117844,12.04
2018-04-12,8961,8981,8891,8911,2071012,12.03
2018-04-13,8971,9140,8891,9060,3048715,12.0
2018-04-16,9080,9120,8991,9030,1347870,11.99
2018-04-17,9070,9090,8931,8971,1894052,11.94
2018-04-18,9030,9319,9020,9309,4620348,12.01
2018-04-19,9439,9439,9269,9389,3402393,11.94
2018-04-20,9299,9399,9289,9349,1900944,11.91
2018-04-23,9269,9319,9160,9190,2461154,11.88
2018-04-24,9200,9588,9200,9508,4449875,11.94
2018-04-25,9369,9498,9309,9399,2189942,11.85
2018-04-26,9439,9588,9409,9458,2582430,11.84
2018-04-27,9508,9777,9508,9707,4150961,11.87
2018-04-30,9767,9767,9578,9737,2536146,11.8
2018-05-02,9737,9747,9458,9478,2803923,11.74
2018-05-03,9478,9628,9449,9458,1782929,11.74
2018-05-04,9458,9797,9429,9737,4136918,11.83
2018-05-08,9807,9817,9568,9598,2605121,11.77
2018-05-09,9578,9588,9359,9429,2909153,11.71
2018-05-10,9478,9638,9478,9498,2488511,11.72
2018-05-11,9717,10106,9707,10006,7492547,12.01
2018-05-14,10106,10205,10006,10155,3441719,12.01
2018-05-15,10106,10106,9847,9956,3538113,12.02
2018-05-16,9907,9936,9787,9907,2399187,12.06
2018-05-17,10006,10106,9658,9707,3021278,12.0
2018-05-18,9747,9817,9648,9767,1992000,11.96
2018-05-21,9777,9807,9618,9697,1682668,11.97
2018-05-23,9618,9747,9558,9658,2121481,11.97
2018-05-24,9757,9946,9648,9668,2522283,12.0
2018-05-25,9538,9648,9508,9518,2230012,12.02
2018-05-28,9518,9807,9518,9767,2634656,12.06
2018-05-29,9867,9936,9757,9777,2443651,12.11
2018-05-30,9658,9668,9279,9299,4700620,12.01
2018-05-31,9458,9458,9289,9359,3659502,12.06
2018-06-01,9329,9329,9229,9239,2526165,12.03
2018-06-04,9319,9379,9259,9349,1703584,11.99
2018-06-05,9359,9399,9279,9349,1400920,12.01
2018-06-07,9458,9618,9439,9558,2722286,12.07
2018-06-08,9558,9608,9409,9419,1652660,12.03
2018-06-11,9449,9548,9439,9478,2010634,12.25
2018-06-12,9498,9588,9439,9468,2005067,12.28
2018-06-14,9419,9429,9090,9090,4506161,12.15
2018-06-15,9120,9190,8971,9020,3364540,12.08
2018-06-18,9000,9050,8752,8811,3844662,12.05
2018-06-19,8771,8871,8642,8652,2549326,12.02
2018-06-20,8622,8831,8622,8771,1985239,12.02
2018-06-21,8722,8821,8612,8652,1728805,11.99
2018-06-22,8572,8602,8463,8523,2180028,11.99
2018-06-25,8523,8732,8483,8712,1873226,12.01
2018-06-26,8582,8602,8463,8533,2481253,11.93
2018-06-27,8533,8622,8493,8542,1462766,11.93
2018-06-28,8513,8572,8383,8473,1991961,11.91
2018-06-29,8493,8513,8244,8483,2544513,11.89
2018-07-02,8413,8463,8035,8084,3254315,11.9
2018-07-03,8114,8154,7965,8005,2418896,11.93
2018-07-04,7915,8094,7915,7965,1712256,11.97
2018-07-05,7965,8055,7935,8025,1453797,12.0
2018-07-06,8045,8294,8025,8244,2156418,11.91
2018-07-09,8174,8304,8114,8234,1320220,11.87
2018-07-10,8323,8433,8264,8274,1844179,11.87
2018-07-11,8184,8254,8015,8144,1883729,11.85
2018-07-12,8164,8224,8065,8084,1663377,11.85
2018-07-13,8124,8353,8114,8343,1848248,11.85
2018-07-16,8333,8373,8164,8174,1518259,11.83
2018-07-17,8144,8174,8074,8084,1288853,11.81
2018-07-18,8164,8234,7995,8015,1454716,11.8
2018-07-19,8045,8114,7816,7836,3047887,11.8
2018-07-20,7806,7915,7806,7895,1764822,11.8
2018-07-23,7915,7965,7836,7915,1373694,11.82
2018-07-24,7945,8035,7865,8005,1432816,11.83
2018-07-25,8015,8184,8015,8065,1395881,11.85
2018-07-26,8164,8254,8124,8154,1670684,11.88
2018-07-27,8214,8214,8074,8134,1077102,11.92
2018-07-30,8084,8154,8025,8124,869610,11.9
2018-07-31,8104,8144,8055,8104,868289,11.89
2018-08-01,8154,8234,8124,8174,1137810,11.9
2018-08-02,8154,8174,7965,7995,1462923,11.88
2018-08-03,8005,8055,7985,8055,910936,11.88
2018-08-06,8065,8124,8035,8074,962642,11.89
2018-08-07,8074,8084,7985,8045,863074,11.91
2018-08-08,8084,8124,7995,8025,1783916,11.91
2018-08-09,8084,8124,7925,8005,2051365,11.89
2018-08-10,8015,8015,7915,7915,1521222,11.84
2018-08-13,7855,7875,7517,7587,3978311,11.82
2018-08-14,7587,7666,7567,7636,1830062,11.83
2018-08-16,7607,7666,7547,7577,1752834,11.86
2018-08-17,7666,7776,7636,7726,1357031,11.89
2018-08-20,7806,7855,7696,7696,1151259,11.92
2018-08-21,7726,7955,7686,7925,1601510,11.95
2018-08-22,7945,7995,7875,7895,1432190,12.12
2018-08-23,7905,7925,7826,7905,1027674,12.13
2018-08-24,7875,7965,7786,7945,1126560,12.16
2018-08-27,7975,8244,7955,8214,2552656,12.29
2018-08-28,8264,8363,8194,8214,1690884,12.29
2018-08-29,8214,8284,8154,8164,1247001,12.33
2018-08-30,8164,8254,8154,8214,1506879,12.35
2018-08-31,8134,8184,8124,8184,1490997,12.39
2018-09-03,8164,8204,8114,8134,809821,12.38
2018-09-04,8134,8134,8055,8114,932781,12.4
2018-09-05,8084,8134,8025,8035,1090246,12.42
2018-09-06,8035,8084,7975,7995,835470,12.43
2018-09-07,8015,8154,7955,8154,1253802,12.44
2018-09-10,8114,8154,8055,8154,936201,12.46
2018-09-11,8144,8174,8084,8154,974620,12.45
2018-09-12,8174,8234,8055,8134,1285629,12.45
2018-09-13,8144,8154,8045,8114,1796653,12.48
2018-09-14,8154,8304,8154,8254,2360029,12.56
2018-09-17,8194,8204,8114,8144,963674,12.56
2018-09-18,8114,8144,8065,8124,1109310,12.58
2018-09-19,8174,8254,8134,8234,1638986,12.63
2018-09-20,8274,8343,8244,8274,2579057,12.7
2018-09-21,8363,8373,8284,8353,1748765,12.75
2018-09-27,8304,8533,8284,8513,2380499,12.88
2018-09-28,8533,8533,8393,8433,1424463,12.88
2018-10-01,8453,8483,8373,8383,969855,12.85
2018-10-02,8393,8433,8204,8204,1666359,12.87
2018-10-04,8214,8254,8015,8055,1863039,12.88
2018-10-05,8005,8045,7875,7895,1973749,12.89
2018-10-08,7836,7925,7766,7786,1446713,12.88
2018-10-10,7786,7806,7577,7607,1858554,12.84
2018-10-11,7368,7467,7079,7079,4583091,12.83
2018-10-12,7059,7168,7039,7129,2704070,12.84
2018-10-15,7129,7149,6969,7029,1658993,12.89
2018-10-16,7029,7089,6959,6969,1661049,12.86
2018-10-17,7119,7188,7049,7079,1424486,12.88
2018-10-18,7059,7079,6949,6959,1728064,12.87
2018-10-19,6890,6949,6800,6949,1961915,12.85
2018-10-22,6900,7019,6840,7009,1320659,12.86
2018-10-23,6959,6979,6800,6850,2026936,12.84
2018-10-24,6920,6999,6840,6860,1891767,12.88
2018-10-25,6700,6760,6551,6661,3604071,12.92
2018-10-26,6690,6750,6561,6641,2467930,13.04
2018-10-29,6631,6710,6501,6511,2243914,13.0
2018-10-30,6432,6531,6332,6382,3157929,12.98
2018-10-31,6432,6432,6272,6402,3026883,13.07
2018-11-01,6452,6581,6402,6422,2182563,13.07
2018-11-02,6521,6959,6501,6920,3621126,13.14
2018-11-05,6820,6820,6631,6730,1823112,13.09
2018-11-06,6790,7029,6730,7019,3193054,13.07
2018-11-07,7079,7407,7029,7129,6175916,12.98
2018-11-08,7318,7427,7278,7288,2418663,12.89
2018-11-09,7298,7387,7089,7129,2588163,12.81
2018-11-12,7039,7158,6999,7109,1318207,12.79
2018-11-13,6949,6989,6730,6900,4221291,12.87
2018-11-14,6910,6939,6790,6810,1988877,12.88
2018-11-15,6671,6850,6641,6850,2535084,12.9
2018-11-16,6890,6890,6720,6730,2907129,12.69
2018-11-19,6750,6820,6720,6770,1882719,12.67
2018-11-20,6651,6750,6621,6661,2328429,12.7
2018-11-21,6581,6661,6521,6621,2455198,12.71
2018-11-22,6641,6750,6601,6681,1553543,12.61
2018-11-23,6631,6720,6571,6621,1264868,12.56
2018-11-26,6651,6850,6651,6850,2126771,12.49
2018-11-27,6890,6900,6770,6830,1443968,12.46
2018-11-28,6860,6910,6800,6900,1841647,12.45
2018-11-29,7069,7139,7019,7069,3797387,12.46
2018-11-30,7079,7109,7019,7089,2422220,12.5
2018-12-03,7188,7308,7158,7218,2505069,12.52
2018-12-04,7228,7238,7089,7168,2050968,12.6
2018-12-05,6999,7129,6979,7069,2347134,12.71
2018-12-06,7049,7059,6810,6870,2458474,12.19
2018-12-07,6939,6939,6850,6900,1294365,12.15
2018-12-10,6780,6840,6710,6760,2118501,12.15
2018-12-11,6770,6800,6681,6700,1070422,12.13
2018-12-12,6740,6920,6740,6910,1384112,12.19
2018-12-13,6900,6969,6840,6969,3176063,12.19
2018-12-14,6949,6989,6850,6910,1649247,12.1
2018-12-17,6900,6999,6900,6929,1248506,12.12
2018-12-18,6860,6939,6810,6900,1415036,12.07
2018-12-19,6929,6959,6860,6910,1400934,12.08
2018-12-20,6820,6880,6700,6780,2113472,12.08
2018-12-21,6710,6790,6700,6790,1642419,12.06
2018-12-24,6730,6760,6671,6730,1390126,12.1
2018-12-26,6631,6671,6551,6611,2587077,12.05
2018-12-27,6681,6700,6481,6541,2516754,12.08
2018-12-28,6541,6601,6501,6501,1849610,11.98
2019-01-02,6561,6601,6292,6342,2213514,11.98
2019-01-03,6342,6402,6312,6332,1366094,12.05
2019-01-04,6302,6402,6252,6372,1691086,12.12
2019-01-07,6531,6681,6531,6681,2610844,12.18
2019-01-08,6671,6671,6551,6561,1344846,12.13
2019-01-09,6601,6710,6571,6690,1845093,12.16
2019-01-10,6661,6740,6621,6730,1812427,12.25
2019-01-11,6720,6810,6671,6681,1193641,12.28
2019-01-14,6661,6740,6661,6700,1180093,12.33
2019-01-15,6681,7029,6681,7009,4316791,12.48
2019-01-16,7019,7198,7009,7158,4051621,12.59
2019-01-17,7218,7238,7039,7109,2111438,12.68
2019-01-18,7158,7268,7139,7248,2158299,12.75
2019-01-21,7318,7328,7139,7168,1868321,12.74
2019-01-22,7208,7208,7039,7139,1511885,12.77
2019-01-23,7089,7188,7069,7119,1296231,12.72
2019-01-24,7228,7477,7208,7457,5320062,12.77
2019-01-25,7407,7537,7348,7487,2121947,12.77
2019-01-28,7467,7507,7348,7368,1545107,12.86
2019-01-29,7318,7437,7268,7427,1815146,12.89
2019-01-30,7447,7457,7288,7457,2025770,12.87
2019-01-31,7636,7676,7517,7557,3143336,12.84
2019-02-01,7517,7626,7507,7517,2049732,12.9
2019-02-07,7597,7746,7537,7716,2412224,12.95
2019-02-08,7626,7636,7487,7517,1854728,12.94
2019-02-11,7517,7567,7467,7487,1215217,12.86
2019-02-12,7487,7527,7447,7507,1299343,12.82
2019-02-13,7567,7587,7358,7378,2158526,12.73
2019-02-14,7378,7527,7348,7527,1955863,12.78
2019-02-15,7477,7477,7338,7368,1419564,12.84
2019-02-18,7467,7557,7387,7437,1342106,12.85
2019-02-19,7447,7487,7348,7427,1025141,12.89
2019-02-20,7447,7587,7397,7587,1899243,12.92
2019-02-21,7567,7607,7497,7547,1273302,12.96
2019-02-22,7557,7567,7467,7567,1196019,12.98
2019-02-25,7636,7646,7507,7616,1418448,13.0
2019-02-26,7646,7706,7597,7676,1481007,13.05
2019-02-27,7706,7726,7636,7696,958710,13.04
2019-02-28,7676,7726,7517,7527,2078469,13.06
2019-03-04,7626,7736,7557,7656,2417753,13.12
2019-03-05,7607,7656,7517,7577,1171608,13.1
2019-03-06,7587,7597,7487,7557,949616,13.15
2019-03-07,7557,7557,7358,7427,1385963,13.22
2019-03-08,7368,7378,7238,7238,1365965,13.25
2019-03-11,7218,7338,7129,7298,1126757,13.27
2019-03-12,7378,7447,7268,7308,1006202,13.34
2019-03-13,7288,7348,7228,7308,947859,13.39
2019-03-14,7308,7417,7278,7378,1866523,13.42
2019-03-15,7417,7676,7397,7597,2831775,13.45
2019-03-18,7616,7686,7587,7666,1418788,13.47
2019-03-19,7696,7716,7616,7656,1220136,13.5
2019-03-20,7577,7656,7507,7626,1172207,13.54
2019-03-21,7567,7726,7567,7616,1839826,13.59
2019-03-22,7636,7666,7467,7517,1369446,13.62
2019-03-25,7417,7447,7268,7318,1738538,13.66
2019-03-26,7338,7348,7258,7278,1383802,13.68
2019-03-27,7258,7288,7139,7228,1229472,13.69
2019-03-28,7208,7268,7079,7089,1375987,13.75
2019-03-29,7119,7308,7109,7298,1786579,13.86
2019-04-01,7328,7497,7318,7457,1743871,13.89
2019-04-02,7517,7577,7467,7517,1755301,13.99
2019-04-03,7467,7716,7467,7716,2321635,14.1
2019-04-04,7736,7845,7676,7716,2053734,14.24
2019-04-05,7766,7885,7726,7865,2300906,14.31
2019-04-08,7905,7915,7766,7826,1151182,14.34
2019-04-09,7816,7816,7616,7746,1530941,14.4
2019-04-10,7676,7786,7646,7786,1142003,14.4
2019-04-11,7796,7826,7716,7776,1453098,14.38
2019-04-12,7746,7796,7676,7766,1117109,14.44
2019-04-15,7845,8055,7826,8055,2715760,14.45
2019-04-16,7995,8025,7855,7955,1515732,14.43
2019-04-17,7975,8164,7925,8005,2089637,14.44
2019-04-18,8104,8104,7796,7816,2333200,14.44
2019-04-19,7865,7955,7816,7836,1069700,14.39
2019-04-22,7875,7995,7826,7905,1296449,14.41
2019-04-23,7935,7975,7766,7816,1238108,14.49
2019-04-24,7885,7945,7656,7716,1615694,14.5
2019-04-25,7686,7756,7666,7716,805196,14.53
2019-04-26,7716,7756,7567,7706,1633574,14.58
2019-04-29,7716,7836,7636,7836,944305,14.57
2019-04-30,7826,7855,7656,7766,1728960,14.59
2019-05-02,7686,7826,7626,7806,1254049,14.57
2019-05-03,7776,7796,7656,7666,1024243,14.59
2019-05-07,7577,7577,7328,7437,2697785,14.59
2019-05-08,7288,7517,7288,7467,1435672,14.58
2019-05-09,7467,7487,7218,7218,2144730,14.57
2019-05-10,7238,7368,7178,7288,1761303,14.6
2019-05-13,7198,7268,7158,7228,1255894,14.56
2019-05-14,7178,7268,7119,7268,1615394,14.63
2019-05-15,7258,7358,7238,7348,1241524,14.62
2019-05-16,7308,7378,7168,7218,1528544,14.56
2019-05-17,7308,7477,7288,7308,1667195,14.57
2019-05-20,7318,7417,7268,7288,908137,14.54
2019-05-21,7258,7437,7258,7397,1563276,14.54
2019-05-22,7417,7507,7258,7358,1084638,14.52
2019-05-23,7348,7407,7308,7368,868344,14.57
2019-05-24,7328,7447,7308,7407,1387649,14.57
2019-05-27,7427,7457,7338,7427,726612,14.55
2019-05-28,7427,7547,7368,7477,2179735,14.53
2019-05-29,7457,7477,7308,7368,1559237,14.51
2019-05-30,7387,7517,7368,7497,1337413,14.45
2019-05-31,7467,7507,7407,7427,1376593,14.41
2019-06-03,7378,7497,7348,7467,1817435,14.42
2019-06-04,7497,7537,7447,7477,1585619,14.48
2019-06-05,7587,7626,7467,7487,1753482,14.54
2019-06-07,7497,7607,7437,7567,1108019,14.53
2019-06-10,7616,7656,7587,7656,1430418,14.5
2019-06-11,7656,7676,7567,7656,1194407,14.53
2019-06-12,7666,7716,7646,7686,1448790,14.61
2019-06-13,7706,7736,7577,7736,2154689,14.62
2019-06-14,7736,7736,7646,7696,1431647,14.68
2019-06-17,7706,7836,7656,7816,1660850,14.68
2019-06-18,7806,7865,7786,7865,1071299,14.69
2019-06-19,7945,7985,7895,7945,1915073,14.7
2019-06-20,7935,7985,7925,7945,957942,14.72
2019-06-21,8005,8045,7955,7965,2437837,14.75
2019-06-24,8005,8254,7995,8234,3221497,14.8
2019-06-25,8244,8373,8104,8174,3032606,14.95
2019-06-26,8144,8214,8035,8124,1147884,14.96
2019-06-27,8045,8274,8045,8244,1527554,14.98
2019-06-28,8214,8274,8134,8144,1373386,15.01
2019-07-01,8254,8294,8094,8144,1267743,15.05
2019-07-02,8124,8224,8074,8164,1040602,15.09
2019-07-03,8174,8194,7915,7975,1588898,15.13
2019-07-04,7985,8114,7945,8104,1023921,15.12
2019-07-05,8065,8164,7965,8035,763211,15.12
2019-07-08,7965,7965,7756,7796,1550627,15.2
2019-07-09,7816,7855,7726,7726,1021245,15.23
2019-07-10,7786,7845,7716,7836,996277,15.25
2019-07-11,7855,7985,7796,7985,1736001,15.2
2019-07-12,7975,8005,7895,7945,854224,15.15
2019-07-15,7985,8015,7836,7855,935040,15.17
2019-07-16,7855,7995,7855,7895,941230,15.17
2019-07-17,7895,7925,7776,7925,921723,15.22
2019-07-18,7875,7975,7716,7756,1601658,15.23
2019-07-19,7796,7955,7796,7955,1114746,15.26
2019-07-22,7935,7995,7885,7925,766045,15.28
2019-07-23,7925,8104,7925,8065,1527954,15.31
2019-07-24,8045,8114,7925,7965,998147,15.28
2019-07-25,7995,7995,7806,7895,1145809,15.27
2019-07-26,7885,7925,7836,7865,990139,15.27
2019-07-29,7806,7845,7507,7587,1577391,15.25
2019-07-30,7567,7616,7517,7547,873821,15.23
2019-07-31,7527,7587,7397,7507,1083932,15.24
2019-08-01,7457,7577,7397,7477,1001129,15.23
2019-08-02,7348,7447,7238,7248,1895142,15.21
2019-08-05,7119,7248,6969,6969,1987261,15.23
2019-08-06,6770,7139,6760,6999,2253176,15.2
2019-08-07,6979,7089,6929,6949,1100895,15.17
2019-08-08,7059,7198,7009,7019,2559311,15.15
2019-08-09,7278,7378,7198,7308,1990025,15.13
2019-08-12,7308,7348,7268,7338,991643,15.14
2019-08-13,7258,7328,7228,7328,1041205,15.16
2019-08-14,7417,7477,7238,7248,1416567,15.16
2019-08-16,7139,7168,6979,7158,1219603,15.16
2019-08-19,7158,7258,7158,7228,776482,15.13
2019-08-20,7248,7368,7218,7328,1095573,15.13
2019-08-21,7288,7368,7268,7358,742265,15.13
2019-08-22,7387,7397,7258,7288,1101587,15.08
2019-08-23,7248,7328,7198,7308,984493,15.11
2019-08-26,7158,7228,7129,7188,1078697,15.15
2019-08-27,7218,7268,7029,7029,2275956,15.07
2019-08-28,7119,7158,7049,7109,941174,14.97
2019-08-29,7109,7139,7069,7089,833060,14.96
2019-08-30,7149,7417,7149,7407,1666846,14.96
2019-09-02,7358,7407,7298,7368,577122,14.92
2019-09-03,7397,7397,7139,7158,1736528,14.88
2019-09-04,7099,7258,7089,7248,1126144,14.87
2019-09-05,7218,7368,7218,7278,1418937,14.85
2019-09-06,7308,7348,7268,7268,791282,14.86
2019-09-09,7278,7387,7238,7298,960414,14.9
2019-09-10,7318,7417,7268,7358,1180044,14.91
2019-09-11,7387,7487,7378,7487,2180138,14.87
2019-09-16,7547,7796,7507,7756,2311167,14.88
2019-09-17,7746,7756,7666,7696,837206,14.9
2019-09-18,7706,7796,7656,7786,1012474,14.91
2019-09-19,7746,7806,7577,7626,1014361,14.9
2019-09-20,7616,7686,7557,7686,1137904,14.9
2019-09-23,7616,7666,7567,7597,820393,14.92
2019-09-24,7616,7646,7557,7636,961254,14.94
2019-09-25,7587,7636,7497,7497,993051,14.95
2019-09-26,7527,7597,7457,7507,818098,14.97
2019-09-27,7527,7557,7358,7427,895427,14.98
2019-09-30,7378,7487,7378,7467,611287,15.0
2019-10-01,7447,7557,7427,7487,600009,15.08
2019-10-02,7378,7387,7238,7328,1872939,15.08
2019-10-04,7298,7328,7228,7228,906434,15.07
2019-10-07,7258,7278,7139,7178,863949,15.03
2019-10-08,7178,7278,7168,7258,1137064,15.05
2019-10-10,7178,7218,7129,7139,1631624,15.05
2019-10-11,7218,7288,7198,7228,1010314,15.05
2019-10-14,7348,7437,7328,7407,1336583,15.05
2019-10-15,7387,7427,7298,7328,665217,15.05
2019-10-16,7378,7447,7348,7397,1034409,15.1
2019-10-17,7397,7397,7248,7268,1058833,15.12
2019-10-18,7318,7358,7178,7208,1015267,15.14
2019-10-21,7208,7228,7119,7149,1016196,15.13
2019-10-22,7158,7268,7158,7208,1015257,15.0
2019-10-23,7198,7258,7168,7228,798486,15.02
2019-10-24,7198,7218,7119,7178,1126882,15.06
2019-10-25,7158,7228,7158,7228,887070,15.09
2019-10-28,7278,7288,7158,7188,1000386,15.22
2019-10-29,7258,7268,7158,7168,1157890,15.24
2019-10-30,7228,7228,7129,7139,1124379,15.25
2019-10-31,7168,7208,7119,7119,1109441,15.15
2019-11-01,7089,7129,7019,7079,1391737,15.09
2019-11-04,7149,7387,7149,7387,2355401,15.17
2019-11-05,7397,7567,7318,7557,2283448,15.13
2019-11-06,7527,7557,7387,7417,1475792,15.16
2019-11-07,7417,7507,7387,7407,1072718,15.2
2019-11-08,7557,7616,7437,7507,1753680,15.18
2019-11-11,7487,7497,7338,7417,1034265,15.17
2019-11-12,7447,7447,7208,7268,2105383,15.16
2019-11-13,7288,7338,7129,7188,1879637,15.19
2019-11-14,7228,7278,7168,7278,1408142,15.18
2019-11-15,7278,7467,7218,7467,1690864,15.18
2019-11-18,7437,7467,7268,7338,1608535,15.19
2019-11-19,7318,7348,7248,7328,1126262,15.21
2019-11-20,7268,7348,7248,7328,1125269,15.26
2019-11-21,7318,7318,7149,7218,1540235,15.25
2019-11-22,7208,7248,7178,7238,840687,15.27
2019-11-25,7198,7318,7198,7318,839062,15.27
2019-11-26,7338,7407,7318,7328,1857058,15.24
2019-11-27,7387,7397,7248,7268,901213,15.25
2019-11-28,7238,7308,7228,7308,621604,15.26
2019-11-29,7338,7338,7188,7198,946533,15.23
2019-12-02,7218,7258,7178,7248,630474,15.22
2019-12-03,7208,7268,7158,7228,730106,15.21
2019-12-04,7198,7328,7178,7328,1281448,15.22
2019-12-05,7308,7348,7238,7248,705620,15.16
2019-12-06,7248,7298,7178,7208,802570,15.15
2019-12-09,7218,7308,7208,7268,1044897,15.22
2019-12-10,7238,7378,7238,7358,977561,15.2
2019-12-11,7348,7407,7328,7378,1175383,15.22
2019-12-12,7407,7467,7397,7427,2575496,15.26
2019-12-13,7497,7736,7497,7686,3292240,15.33
2019-12-16,7666,7716,7527,7567,2140884,15.27
2019-12-17,7577,7656,7547,7607,1250678,15.25
2019-12-18,7607,7656,7557,7587,1164607,15.28
2019-12-19,7577,7696,7557,7686,1555577,15.3
2019-12-20,7726,7746,7666,7706,1998096,15.35
2019-12-23,7716,7786,7696,7716,1398126,15.34
2019-12-24,7716,7766,7666,7666,1660510,15.31
2019-12-26,7716,7746,7676,7746,1852147,15.28
2019-12-27,7646,7696,7607,7666,1653993,15.18
2019-12-30,7686,7686,7517,7517,1465895,15.17
2020-01-02,7517,7557,7417,7417,1284812,15.19
2020-01-03,7477,7597,7457,7527,1833709,15.31
2020-01-06,7427,7477,7358,7368,1244986,15.31
2020-01-07,7387,7477,7368,7387,1247982,15.31
2020-01-08,7348,7348,7168,7238,2265600,15.37
2020-01-09,7298,7387,7238,7328,1878598,15.31
2020-01-10,7338,7387,7278,7368,1368560,15.32
2020-01-13,7378,7437,7318,7417,1250769,15.35
2020-01-14,7467,7726,7447,7716,4153729,15.4
2020-01-15,7676,7706,7607,7676,1592958,15.44
2020-01-16,7636,7686,7577,7656,1816014,15.48
2020-01-17,7726,7736,7616,7666,2064142,15.53
2020-01-20,7676,7756,7636,7686,1639359,15.52
2020-01-21,7706,7706,7567,7567,1191862,15.58
2020-01-22,7567,7696,7527,7696,1423847,15.61
2020-01-23,7636,7666,7527,7527,1869566,15.67
2020-01-28,7248,7407,7119,7149,2654453,15.66
2020-01-29,7208,7218,7119,7149,1702516,15.66
2020-01-30,7129,7149,6949,6999,2190495,15.63
2020-01-31,7079,7089,6820,6860,3077329,15.46
2020-02-03,6760,6860,6671,6770,2502391,15.4
2020-02-04,6760,6860,6750,6780,2386320,15.36
2020-02-05,6840,6900,6790,6860,2108919,15.39
2020-02-06,6939,7168,6929,7149,2338767,15.39
2020-02-07,7139,7149,6999,7029,1633808,15.38
2020-02-10,6969,6999,6910,6969,1305771,15.35
2020-02-11,7009,7049,6949,6989,1314530,15.42
2020-02-12,6969,7019,6900,6989,1511465,15.38
2020-02-13,7039,7059,6949,6969,1982904,15.35
2020-02-14,6959,7049,6959,6979,1410068,15.35
2020-02-17,6999,6999,6920,6939,1044882,15.28
2020-02-18,6920,6969,6870,6910,1555635,15.3
2020-02-19,6949,6969,6830,6890,1321997,15.3
2020-02-20,6920,6929,6800,6820,1333636,15.31
2020-02-21,6750,6760,6661,6671,2000096,15.32
2020-02-24,6511,6541,6422,6422,2595588,15.37
2020-02-25,6342,6661,6342,6621,2382872,15.4
2020-02-26,6491,6661,6491,6621,1804164,15.39
2020-02-27,6571,6631,6491,6571,1874429,15.38
2020-02-28,6461,6491,6292,6312,3323591,15.31
2020-03-02,6322,6392,6223,6302,2085204,15.21
2020-03-03,6402,6471,6322,6342,1838698,15.26
2020-03-04,6342,6561,6322,6521,1848542,15.25
2020-03-05,6591,6690,6541,6611,1666005,15.26
2020-03-06,6501,6551,6432,6461,1553209,15.26
2020-03-09,6322,6332,6133,6163,2846533,15.22
2020-03-10,6103,6262,6093,6232,2336280,15.19
2020-03-11,6213,6292,6003,6063,2770261,15.18
2020-03-12,6093,6103,5685,5774,4160717,15.1
2020-03-13,5207,5665,5147,5486,4505948,15.09
2020-03-16,5555,5645,5326,5336,2657412,15.16
2020-03-17,4978,5297,4938,5028,4465540,15.34
2020-03-18,5058,5107,4510,4510,5447315,15.44
2020-03-19,4555,4590,3489,3584,10163784,15.56
2020-03-20,3733,3967,3659,3967,8521238,15.73
2020-03-23,3599,3773,3549,3579,7735998,15.56
2020-03-24,3733,4241,3649,4152,7129990,15.43
2020-03-25,4425,4968,4390,4968,9420247,15.29
2020-03-26,4973,5297,4834,5058,6858853,15.27
2020-03-27,5466,5496,4988,5177,5783416,15.18
2020-03-30,4928,5306,4888,5297,4200984,15.19
2020-03-31,5426,5466,5197,5247,4282435,15.14
2020-04-01,5197,5287,4873,4873,5268138,15.04
2020-04-02,4878,5077,4664,5068,4099651,15.05
2020-04-03,5107,5137,4848,4898,4228833,14.94
2020-04-06,4943,5127,4913,5097,3788394,14.92
2020-04-07,5257,5267,4988,5147,5551671,14.88
2020-04-08,5068,5107,4998,4998,3983692,14.84
2020-04-09,5097,5117,5018,5097,3388163,14.77
2020-04-10,5028,5207,4998,5127,4891890,14.77
2020-04-13,5137,5167,5008,5008,3061801,14.77
2020-04-14,5068,5197,5008,5167,3109186,14.77
2020-04-16,5058,5097,4978,5038,3618636,14.6
2020-04-17,5137,5506,5107,5416,8485611,14.63
2020-04-20,5466,5476,5237,5297,4051940,14.54
2020-04-21,5247,5306,5097,5207,3968215,14.35
2020-04-22,5097,5197,5038,5187,2643813,14.31
2020-04-23,5227,5257,5167,5197,2405306,14.26
2020-04-24,5137,5177,5097,5127,1730083,14.24
2020-04-27,5187,5426,5157,5356,3823934,14.27
2020-04-28,5406,5496,5237,5326,3826546,14.2
2020-04-29,5356,5715,5306,5585,8548607,14.34
2020-05-04,5426,5545,5326,5446,4386633,14.25
2020-05-06,5516,5725,5516,5585,3851350,14.26
2020-05-07,5555,5655,5506,5565,2266236,14.19
2020-05-08,5655,5685,5615,5625,2187374,14.15
2020-05-11,5605,5695,5486,5496,2703223,14.14
2020-05-12,5476,5496,5316,5346,2624586,14.1
2020-05-13,5257,5416,5227,5416,1758551,14.1
2020-05-14,5356,5416,5257,5416,2559842,14.07
2020-05-15,5466,5516,5306,5316,2344001,13.98
2020-05-18,5386,5386,5257,5306,2087561,13.94
2020-05-19,5536,5655,5466,5625,5177058,14.03
2020-05-20,5555,5705,5545,5625,2215918,14.02
2020-05-21,5695,6013,5585,5844,5294118,14.08
2020-05-22,5844,5914,5526,5585,3642195,14.01
2020-05-25,5645,5735,5565,5735,2250352,13.98
2020-05-26,5774,5964,5745,5964,3154541,13.97
2020-05-27,6003,6163,5924,6133,4085693,13.93
2020-05-28,6252,6561,6193,6422,7684619,13.98
2020-05-29,6372,6511,6143,6143,10010092,13.78
2020-06-01,6232,6362,6213,6292,3958968,13.59
2020-06-02,6252,6571,6223,6432,4759204,13.43
2020-06-03,6551,7009,6541,6910,9198329,13.44
2020-06-04,7079,7218,6710,6760,6215161,13.29
2020-06-05,6700,7158,6661,6929,7525068,13.14
2020-06-08,7248,7248,7009,7049,5234301,13.02
2020-06-09,7139,7149,6840,6880,4209307,12.96
2020-06-10,6860,7069,6790,7049,3535500,12.98
2020-06-11,6969,6969,6780,6939,4665010,12.87
2020-06-12,6491,6820,6422,6810,5396297,12.85
2020-06-15,6681,6790,6292,6292,4193483,12.78
2020-06-16,6521,6760,6521,6690,3777941,12.75
2020-06-17,6661,6790,6581,6690,2992503,13.02
2020-06-18,6631,6870,6631,6700,3373337,12.99
2020-06-19,6810,6830,6621,6750,2646603,12.97
2020-06-22,6690,7019,6690,6900,3178065,13.01
2020-06-23,6999,7009,6750,6860,3010305,13.0
2020-06-24,6949,7029,6920,6949,2950926,13.03
2020-06-25,6790,6860,6621,6621,3626623,12.98
2020-06-26,6690,6750,6561,6581,2568056,13.0
2020-06-29,6392,6491,6382,6422,2354446,13.01
2020-06-30,6531,6720,6521,6641,2331560,13.03
2020-07-01,6700,6820,6690,6700,1845112,13.05
2020-07-02,6800,6820,6710,6740,1234011,13.04
2020-07-03,6750,6820,6700,6770,1299990,13.05
2020-07-06,6780,6900,6710,6860,1866127,13.05
2020-07-07,6969,7009,6850,6870,2346687,13.07
2020-07-08,6870,6939,6840,6929,1610166,13.1
2020-07-09,6959,6989,6880,6959,1965104,13.09
2020-07-10,6959,6959,6820,6820,2162857,13.07
2020-07-13,6910,7268,6860,7129,5883800,13.21
2020-07-14,7059,7099,6920,7039,2832757,13.05
2020-07-15,7228,7387,7178,7368,4967928,13.11
2020-07-16,7328,7686,7328,7537,4456562,13.09
2020-07-17,7547,7915,7547,7875,5485971,13.06
2020-07-20,7915,7925,7577,7676,3296907,13.03
2020-07-21,7796,8134,7706,7945,5269717,13.12
2020-07-22,7995,8254,7965,8005,3434111,13.11
2020-07-23,7975,7985,7636,7686,4163948,13.13
2020-07-24,7567,7736,7437,7497,2844366,13.17
2020-07-27,7477,7696,7437,7507,2277698,13.12
2020-07-28,7537,7626,7447,7507,2243378,13.08
2020-07-29,7427,7567,7358,7527,1904201,13.07
2020-07-30,7547,7616,7427,7427,1954266,13.03
2020-07-31,7597,8005,7547,7855,6028045,13.1
2020-08-03,7955,8045,7865,7985,2855834,13.03
2020-08-04,8035,8503,8035,8503,6822400,13.04
2020-08-05,9020,9150,8762,8921,6992248,12.99
2020-08-06,8951,9060,8622,8801,6054030,13.02
2020-08-07,8941,8981,8582,8771,5149451,13.0
2020-08-10,8851,9458,8841,9449,9256521,13.09
2020-08-11,9618,9887,9359,9389,8461128,12.96
2020-08-12,9359,9508,9010,9339,4672921,12.98
2020-08-13,9449,9538,9229,9439,4655485,12.97
2020-08-14,9429,9429,9050,9110,3681820,12.97
2020-08-18,9110,9449,8881,8981,5399631,13.08
2020-08-19,9110,9289,9090,9229,3577909,13.15
2020-08-20,9180,9369,8791,8851,5429636,13.18
2020-08-21,8981,9229,8811,9190,3904041,13.31
2020-08-24,9210,9339,9030,9279,2671036,13.34
2020-08-25,9369,9747,9319,9648,5151920,13.43
2020-08-26,9658,9707,9369,9518,3016302,13.41
2020-08-27,9508,9598,9289,9319,3078569,13.45
2020-08-28,9518,9707,9369,9449,4166718,13.47
2020-08-31,9548,9757,9259,9259,4809665,13.3
2020-09-01,9279,9588,9269,9548,3168725,13.34
2020-09-02,9717,9827,9588,9727,4532313,13.28
2020-09-03,9827,9847,9618,9678,2650253,13.28
2020-09-04,9259,9439,9259,9409,3716403,13.31
2020-09-07,9409,9678,9269,9558,3151741,13.36
2020-09-08,9618,9697,9359,9399,2942301,13.32
2020-09-09,9229,9339,9020,9060,4537783,13.4
2020-09-10,9150,9200,9060,9080,3657164,13.45
2020-09-11,8981,9309,8961,9309,2927687,13.52
2020-09-14,9349,9359,9259,9289,1796296,13.54
2020-09-15,9339,9369,9210,9239,1911642,13.45
2020-09-16,9210,9239,9070,9140,1938053,13.49
2020-09-17,9160,9190,9060,9080,1867986,13.51
2020-09-18,9090,9239,9060,9160,2383359,13.5
2020-09-21,9140,9239,8722,8831,3222079,13.54
2020-09-22,8762,8781,8463,8473,2997281,13.55
2020-09-23,8562,8692,8323,8662,3205099,13.63
2020-09-24,8533,8572,8313,8333,2397441,13.67
2020-09-25,8403,8523,8313,8313,1862976,13.65
2020-09-28,8443,8453,8313,8393,1277552,13.67
2020-09-29,8542,8642,8413,8443,1960688,13.68
2020-10-05,8373,8453,8294,8423,2119020,13.66
2020-10-06,8483,8493,8353,8413,1556809,13.68
2020-10-07,8373,8413,8284,8383,1661358,13.68
2020-10-08,8463,8791,8373,8672,3625427,13.92
2020-10-12,8771,8941,8752,8901,2020848,13.95
2020-10-13,8961,8981,8702,8732,1713069,13.89
2020-10-14,8732,8771,8493,8552,1694425,13.85
2020-10-15,8483,8612,8483,8503,1274259,13.87
2020-10-16,8582,8592,8363,8453,1275936,13.89
2020-10-19,8513,8642,8483,8503,1728606,13.94
2020-10-20,8443,8552,8333,8503,1502570,13.98
2020-10-21,8463,8622,8463,8622,1364849,13.99
2020-10-22,8572,8801,8473,8662,2470926,14.01
2020-10-23,8771,8831,8672,8762,1569290,14.0
2020-10-26,8762,8781,8523,8542,1390860,14.01
2020-10-27,8393,8572,8333,8413,1698503,14.05
2020-10-28,8363,8513,8333,8473,809806,14.05
2020-10-29,8294,8493,8234,8493,2176136,14.04
2020-10-30,8513,8592,8333,8333,1789710,13.99
2020-11-02,8423,8612,8423,8612,1555514,14.06
2020-11-03,8602,8801,8582,8732,1248770,14.08
2020-11-04,8811,8821,8622,8771,1668036,14.07
2020-11-05,8851,8911,8791,8901,1604269,14.13
2020-11-06,8921,8921,8841,8841,1273654,14.15
2020-11-09,8921,9130,8911,9060,2085866,14.19
2020-11-10,9249,9249,9020,9020,2194984,14.24
2020-11-11,9020,9538,9020,9538,4271885,14.31
2020-11-12,9439,9449,9229,9399,3142067,14.32
2020-11-13,9339,9429,9289,9409,2136621,14.33
2020-11-16,9498,9688,9458,9508,5226278,14.32
2020-11-17,9568,9618,9359,9429,2620644,14.4
2020-11-18,9399,9458,9279,9399,1830483,14.43
2020-11-19,9359,9409,9220,9409,1631756,14.46
2020-11-20,9409,9449,9339,9399,1256021,14.46
2020-11-23,9429,9757,9319,9688,4022646,14.56
2020-11-24,9817,9817,9608,9737,2509024,14.55
2020-11-25,9847,10106,9697,9897,5503016,14.56
2020-11-26,9867,10006,9747,10006,3169677,14.53
2020-11-27,10006,10106,9907,9926,2025589,14.52
2020-11-30,9926,9956,9439,9439,5143109,14.37
2020-12-01,9588,10106,9588,10056,6247232,14.46
2020-12-02,10056,10205,9917,10056,2961981,14.37
2020-12-03,10056,10106,9877,10106,2460120,14.38
2020-12-04,10205,10653,10056,10305,5365027,14.36
2020-12-07,10454,10454,9956,10006,3402292,14.27
2020-12-08,10056,10106,9877,9946,3134753,14.29
2020-12-09,10006,10106,9956,10106,1592780,14.3
2020-12-10,10006,10056,9917,9956,5089028,14.47
2020-12-11,10006,10155,9956,9956,2410452,14.39
2020-12-14,9956,9956,9618,9618,3778678,14.3
2020-12-15,9658,9737,9478,9658,2866587,14.31
2020-12-16,9747,9777,9608,9638,1945651,14.24
2020-12-17,9638,9658,9468,9588,2248590,14.29
2020-12-18,9628,9678,9518,9518,2334717,14.27
2020-12-21,9568,9578,9439,9558,1248707,14.29
2020-12-22,9548,9548,9399,9399,1515616,14.27
2020-12-23,9458,9598,9299,9528,1946724,14.28
2020-12-24,9538,9638,9518,9588,1786269,14.22
2020-12-28,9628,9648,9419,9449,2899108,14.17
2020-12-29,9319,9359,9220,9249,2302895,14.16
2020-12-30,9249,9429,9220,9399,2127265,14.08
2021-01-04,9409,9478,9210,9458,2356604,14.1
2021-01-05,9389,9857,9329,9857,4231342,14.22
2021-01-06,9946,10404,9767,9827,11101183,14.24
2021-01-07,10106,10155,9926,9956,4570298,14.35
2021-01-08,10106,10305,9956,10106,5588655,14.56
2021-01-11,10255,11052,10106,10454,16663086,14.79
2021-01-12,10454,10454,9807,10056,5817438,14.66
2021-01-13,10106,10255,9956,10006,3391144,14.76
2021-01-14,10056,10305,10006,10255,3539476,14.83
2021-01-15,10305,10554,10006,10056,3687094,14.89
2021-01-18,9936,9946,9628,9688,3489918,14.86
2021-01-19,9707,10056,9697,9956,2515304,14.86
2021-01-20,10056,10106,9697,9837,2867464,14.88
2021-01-21,9946,10006,9777,9827,2463860,14.89
2021-01-22,9897,10006,9737,9757,3049860,14.96
2021-01-25,9817,9907,9747,9867,2277147,14.95
2021-01-26,9917,9917,9608,9608,3324314,14.9
2021-01-27,9717,9897,9628,9797,2757513,15.0
2021-01-28,9508,9727,9458,9717,3536172,14.96
2021-01-29,9857,9897,9458,9458,4062115,14.91
2021-02-01,9419,9847,9379,9787,3077280,14.88
2021-02-02,9847,10006,9747,9837,3149761,14.88
2021-02-03,10006,10006,9777,9827,2860101,14.91
2021-02-04,9857,9867,9558,9608,2612799,14.82
2021-02-05,9707,9827,9658,9747,2410294,14.85
2021-02-08,9777,10006,9737,9887,2662106,14.89
2021-02-09,10006,10056,9827,9827,2321823,14.86
2021-02-10,9877,9907,9727,9847,2125707,14.88
2021-02-15,9926,10006,9887,9917,3007688,14.92
2021-02-16,10006,10106,9936,10056,2731499,14.91
2021-02-17,10106,10106,9926,10006,2015784,14.89
2021-02-18,10006,10056,9817,9817,1922477,14.86
2021-02-19,9867,9907,9598,9817,2316016,14.85
2021-02-22,9877,10006,9737,9737,2432498,14.84
2021-02-23,9797,9807,9608,9688,1909039,14.81
2021-02-24,9697,9767,9478,9488,2605719,14.81
2021-02-25,9628,9688,9488,9658,1448054,14.79
2021-02-26,9468,9508,9279,9299,3176299,14.68
2021-03-02,9449,9548,9289,9349,1794840,14.65
2021-03-03,9309,9588,9309,9548,1790629,14.65
2021-03-04,9419,9538,9349,9419,1638844,14.64
2021-03-05,9339,9409,9210,9329,1695795,14.6
2021-03-08,9409,9409,9249,9279,1264818,14.59
2021-03-09,9309,9389,9070,9220,1595610,14.57
2021-03-10,9329,9329,9120,9130,1439317,14.56
2021-03-11,9180,9488,9110,9488,2487815,14.61
2021-03-12,9478,9638,9439,9598,1460734,14.62
2021-03-15,9648,9648,9498,9518,1092848,14.6
2021-03-16,9568,9618,9528,9548,933629,14.59
2021-03-17,9528,9588,9429,9528,789945,14.57
2021-03-18,9608,9697,9598,9598,1651043,14.53
2021-03-19,9478,9747,9389,9747,1832153,14.61
2021-03-22,9658,9697,9578,9638,972062,14.59
2021-03-23,9678,9707,9548,9548,1171142,14.79
2021-03-24,9528,9678,9518,9548,877280,14.81
2021-03-25,9518,9578,9478,9518,747536,14.79
2021-03-26,9548,9668,9518,9628,1292397,14.85
2021-03-29,9638,9638,9508,9578,1030007,14.86
2021-03-30,9638,9737,9578,9707,1384926,14.92
2021-03-31,9688,10006,9638,9817,2621548,14.98
2021-04-01,9907,9907,9618,9638,1841168,14.91
2021-04-02,9688,9787,9638,9668,1079373,14.91
2021-04-05,9747,9747,9608,9668,877280,14.93
2021-04-06,9688,10006,9668,10006,3614605,15.04
2021-04-07,10006,10554,9926,10205,6594784,15.11
2021-04-08,10305,10355,10056,10255,2998232,15.05
2021-04-09,10305,10454,10205,10355,2388476,15.05
2021-04-12,10355,10604,10106,10205,2618874,15.06
2021-04-13,10205,10205,10006,10106,1713068,15.06
2021-04-14,10155,10205,9956,10155,1644326,15.08
2021-04-15,10106,10155,10006,10056,1636545,15.05
2021-04-16,10155,10205,9956,9956,1417607,15.03
2021-04-19,10006,10006,9907,9936,1307893,15.02
2021-04-20,9936,10255,9917,10106,2181298,15.04
2021-04-21,10056,10106,9827,9837,2380382,14.97
2021-04-22,9917,9936,9817,9827,1402245,14.98
2021-04-23,9807,10006,9717,9926,1314389,14.99
2021-04-26,10006,10106,9946,10006,1432241,15.0
2021-04-27,10056,10056,9926,10006,1346046,14.99
2021-04-28,10056,10155,9946,9946,1961615,14.99
2021-04-29,10006,10006,9807,9837,1510061,14.94
2021-04-30,9907,10106,9837,9956,2413756,14.91
2021-05-03,9936,9956,9668,9688,2314495,14.83
2021-05-04,9658,9727,9588,9638,1725312,14.79
2021-05-06,9638,10056,9588,10056,3085535,14.96
2021-05-07,10255,10305,10106,10155,2103172,14.99
2021-05-10,10305,10852,10255,10753,9142015,15.3
2021-05-11,10703,10902,10454,10604,3205864,15.24
2021-05-12,10554,10554,9956,10155,4659084,15.08
2021-05-13,9897,10205,9877,9956,3510794,15.0
2021-05-14,10056,10155,9956,10056,1940339,15.01
2021-05-17,10205,10205,9917,9926,2127368,15.01
2021-05-18,10006,10205,9956,10205,1650197,15.05
2021-05-20,10056,10106,9926,9956,2322261,14.97
2021-05-21,10056,10205,9936,9956,2023823,14.95
2021-05-24,9956,10056,9926,9956,1417961,14.99
2021-05-25,10056,10056,9956,10006,920491,14.95
2021-05-26,10006,10056,9907,9936,1461155,14.9
2021-05-27,9946,9946,9807,9817,2992294,14.74
2021-05-28,9857,9867,9757,9817,1732607,14.66
2021-05-31,9847,9857,9757,9857,1416100,14.68
2021-06-01,9867,10006,9827,9956,1617532,14.69
2021-06-02,9956,10006,9887,9897,1599853,14.69
2021-06-03,9926,10006,9926,9956,1399716,14.69
2021-06-04,9956,10006,9887,9917,1571402,14.65
2021-06-07,10006,10006,9887,9956,1421073,14.65
2021-06-08,9946,10006,9917,9926,1279907,14.68
2021-06-09,9956,9956,9767,9767,2641404,14.61
2021-06-10,9767,9777,9598,9628,4100422,14.58
2021-06-11,9638,9697,9508,9558,2819583,14.51
2021-06-14,9548,9568,9478,9488,1447498,14.5
2021-06-15,9528,9558,9488,9528,1340310,14.48
2021-06-16,9528,9668,9498,9598,1819207,14.5
2021-06-17,9538,9548,9468,9478,1942949,14.48
2021-06-18,9468,9518,9369,9458,2879431,14.51
2021-06-21,9369,9399,9319,9329,1497134,14.48
2021-06-22,9419,9458,9389,9419,1084827,14.51
2021-06-23,9449,9468,9339,9339,1296960,14.45
2021-06-24,9339,9399,9299,9339,1275435,14.42
2021-06-25,9399,9588,9379,9548,2419244,14.47
2021-06-28,9558,9628,9468,9508,1355305,14.45
2021-06-29,9518,9528,9449,9468,1056890,14.49
2021-06-30,9458,9478,9389,9389,1119839,14.43
2021-07-01,9409,9439,9319,9329,1301805,14.41
2021-07-02,9339,9379,9309,9329,978973,14.4
2021-07-05,9349,9419,9329,9399,781881,14.39
2021-07-06,9419,9478,9419,9419,913802,14.3
2021-07-07,9349,9369,9259,9269,1847732,14.23
2021-07-08,9279,9399,9249,9249,1806230,14.28
2021-07-09,9229,9229,8991,8991,2636068,14.2
2021-07-12,9070,9150,9050,9140,808231,14.22
2021-07-13,9160,9299,9160,9289,1799410,14.21
2021-07-14,9239,9249,9130,9130,1255325,14.13
2021-07-15,9160,9229,9140,9229,784112,14.12
2021-07-16,9120,9239,9110,9239,745265,14.13
2021-07-19,9140,9229,9050,9060,1063459,14.09
2021-07-20,8931,8981,8911,8931,1689489,14.03
2021-07-21,9040,9040,8911,8911,1196299,14.04
2021-07-22,8961,9100,8961,9100,1221073,14.06
2021-07-23,9100,9180,9010,9110,1062608,14.08
2021-07-26,9150,9160,8941,8951,958700,14.04
2021-07-27,9010,9090,8921,8931,1013312,14.0
2021-07-28,8931,9080,8901,9030,886849,14.02
2021-07-29,9030,9140,9030,9060,1030375,13.99
2021-07-30,8971,8991,8871,8891,1987464,13.91
2021-08-02,8951,8951,8861,8931,786609,13.89
2021-08-03,8851,8941,8821,8871,1146016,13.86
2021-08-04,8871,9030,8871,9000,1316218,13.87
2021-08-05,9000,9030,8941,8991,899555,13.85
2021-08-06,9100,9349,9060,9220,3034485,13.88
2021-08-09,9210,9210,9020,9020,1890753,13.79
2021-08-10,9030,9060,8961,8971,955630,13.79
2021-08-11,8991,9050,8921,8931,1356855,13.77
2021-08-12,9000,9040,8851,8871,1661047,13.77
2021-08-13,8921,8921,8662,8712,1806404,13.79
2021-08-17,8672,8831,8542,8552,2233064,13.82
2021-08-18,8582,8742,8562,8692,976205,13.83
2021-08-19,8622,8632,8343,8343,2136303,13.77
2021-08-20,8343,8433,8194,8254,1865213,13.79
2021-08-23,8264,8632,8264,8483,2188754,13.85
2021-08-24,8562,8742,8562,8702,1328650,13.87
2021-08-25,8702,8762,8652,8742,916991,13.87
2021-08-26,8732,8801,8622,8652,1059879,13.89
2021-08-27,8662,8791,8632,8791,1228962,13.88
2021-08-30,8861,8891,8712,8752,1054851,13.83
2021-08-31,8732,8801,8582,8781,1993631,13.82
2021-09-01,8722,8941,8722,8921,1225877,13.89
2021-09-02,8891,8991,8861,8861,1230135,13.86
2021-09-03,8901,8941,8811,8841,1227247,13.87
2021-09-06,8781,8861,8762,8831,797813,13.91
2021-09-07,8791,8851,8762,8831,679422,13.93
2021-09-08,8732,8901,8732,8821,1305068,13.97
2021-09-09,8752,8831,8523,8533,2398573,14.03
2021-09-10,8632,8801,8592,8752,1142186,14.06
2021-09-13,8682,8831,8682,8742,836261,14.03
2021-09-14,8742,8861,8702,8702,1228346,13.99
2021-09-15,8672,8791,8672,8692,816812,13.99
2021-09-16,8742,8781,8592,8642,1037236,14.0
2021-09-17,8821,9080,8732,9040,4468204,14.07
2021-09-23,8951,8961,8742,8771,2157429,13.9
2021-09-24,8831,8901,8781,8821,1187766,13.87
2021-09-27,8821,8821,8722,8732,1254882,13.81
2021-09-28,8732,8801,8672,8672,1050439,13.8
2021-09-29,8552,8652,8473,8523,1510202,13.77
2021-09-30,8493,8702,8473,8622,1122585,13.75
2021-10-01,8533,8602,8443,8463,1059298,13.71
2021-10-05,8323,8443,8144,8244,2310871,13.59
2021-10-06,8284,8403,8224,8254,1513639,13.66
2021-10-07,8284,8433,8284,8403,947777,13.65
2021-10-08,8413,8443,8333,8393,779108,13.59
2021-10-12,8313,8423,8264,8363,1048197,13.56
2021-10-13,8363,8602,8353,8523,839875,13.54
2021-10-14,8582,8612,8493,8533,1067852,13.49
2021-10-15,8622,8712,8592,8662,989324,13.49
2021-10-18,8712,8762,8582,8682,904579,13.49
2021-10-19,8682,8771,8682,8702,706470,13.48
2021-10-20,8722,8791,8662,8712,664015,13.47
2021-10-21,8682,8831,8672,8762,1005931,13.47
2021-10-22,8732,8841,8732,8801,959866,13.41
2021-10-25,8762,8861,8712,8831,899459,13.39
2021-10-26,8851,8991,8791,8941,1142990,13.38
2021-10-27,8931,8951,8732,8821,1159614,13.35
2021-10-28,8821,8841,8692,8692,948875,13.3
2021-10-29,8742,8791,8592,8642,1159274,13.25
2021-11-01,8662,8781,8642,8752,1072697,13.2
2021-11-02,8752,8931,8752,8901,1203453,13.16
2021-11-03,8901,8941,8702,8712,894237,13.13
2021-11-04,8781,8871,8762,8771,743244,13.1
2021-11-05,8791,8861,8662,8791,839540,13.1
2021-11-08,8861,8981,8702,8931,1181566,13.05
2021-11-09,8931,9030,8871,8931,757189,13.03
2021-11-10,8871,8971,8781,8781,785310,13.0
2021-11-11,8722,8732,8672,8722,946912,12.99
2021-11-12,8791,9190,8791,9170,2805804,13.11
2021-11-15,9220,9229,9090,9220,1408542,13.07
2021-11-16,9160,9299,9130,9299,1289346,13.07
2021-11-17,9299,9299,8971,9030,2085162,13.05
2021-11-18,8971,9090,8941,9010,1421879,13.02
2021-11-19,8971,9080,8951,9010,1168534,13.0
2021-11-22,8931,9080,8931,9040,1194976,12.94
2021-11-23,8971,9170,8971,9080,1275822,12.89
2021-11-24,9050,9210,9040,9140,1144987,12.88
2021-11-25,9100,9170,9060,9110,834316,12.84
2021-11-26,9110,9160,8951,8971,1378242,12.81
2021-11-29,8781,8991,8781,8821,1587651,12.8
2021-11-30,8851,8951,8274,8542,2535301,12.74
2021-12-01,8542,8732,8453,8582,1435621,12.66
2021-12-02,8483,8981,8483,8971,1477195,12.67
2021-12-03,8891,9080,8871,9020,1014179,12.67
2021-12-06,9040,9180,8921,9150,1059419,12.69
2021-12-07,9160,9190,9070,9170,906052,12.71
2021-12-08,9210,9279,9100,9110,959358,12.69
2021-12-09,9130,9180,9060,9150,1116322,12.65
2021-12-10,9140,9180,9060,9090,517265,12.67
2021-12-13,9130,9249,9130,9140,948825,12.69
2021-12-14,9120,9170,9060,9060,508568,12.68
2021-12-15,9070,9130,9020,9030,534386,12.71
2021-12-16,9080,9150,8981,9060,1050875,12.73
2021-12-17,9030,9140,9030,9110,972661,12.72
2021-12-20,9100,9100,8921,8931,675231,12.73
2021-12-21,9010,9080,8951,9020,795540,12.73
2021-12-22,9060,9110,8981,9010,570765,12.76
2021-12-23,9050,9050,8911,8951,688036,12.74
2021-12-24,8961,9030,8921,8931,546631,12.7
2021-12-27,8911,8961,8791,8811,4378237,12.51
2021-12-28,8841,8881,8791,8871,1856844,12.56
2021-12-29,8762,8801,8662,8662,1362094,12.53
2021-12-30,8682,8722,8592,8612,863700,12.54
2022-01-03,8612,8642,8503,8513,833974,12.53
2022-01-04,8533,8542,8413,8523,1005510,12.53
2022-01-05,8473,8542,8373,8453,1578126,12.59
2022-01-06,8413,8483,8333,8353,1085238,12.6
2022-01-07,8353,8433,8323,8433,1007662,12.63
2022-01-10,8383,8463,8323,8333,747482,12.63
2022-01-11,8294,8463,8294,8443,1034791,12.68
2022-01-12,8463,8662,8463,8652,1237294,12.74
2022-01-13,8642,8762,8612,8732,1186815,12.75
2022-01-14,8692,8692,8572,8602,962496,12.78
2022-01-17,8562,8592,8463,8542,756665,12.79
2022-01-18,8552,8582,8383,8423,832223,12.8
2022-01-19,8403,8592,8333,8403,1272467,12.82
2022-01-20,8453,8523,8363,8513,951142,12.85
2022-01-21,8423,8533,8413,8523,749798,12.94
2022-01-24,8542,8572,8383,8423,1161867,12.93
2022-01-25,8363,8413,8164,8194,1493365,12.98
2022-01-26,8204,8403,8194,8323,1262918,13.0
2022-01-27,8363,8363,8025,8045,1575291,13.04
2022-01-28,8194,8483,8094,8463,1798044,13.13
2022-02-03,8523,8781,8473,8652,1982511,13.16
2022-02-04,8642,8672,8523,8632,956425,13.1
2022-02-07,8592,8662,8513,8612,957940,13.11
2022-02-08,8752,8752,8612,8692,836365,13.12
2022-02-09,8742,8991,8742,8971,2214882,13.2
2022-02-10,8971,9010,8911,8931,1064239,13.26
2022-02-11,8861,9000,8861,8931,1142084,13.28
2022-02-14,8921,8951,8811,8941,1143363,13.73
2022-02-15,8941,8951,8712,8781,1116993,13.72
2022-02-16,8881,8961,8821,8911,1109360,13.7
2022-02-17,8961,8981,8762,8851,1106712,13.71
2022-02-18,8752,8941,8732,8891,746000,13.7
2022-02-21,8771,8911,8762,8911,721871,13.69
2022-02-22,8771,8881,8732,8762,1085477,13.7
2022-02-23,8831,8861,8712,8811,717218,13.69
2022-02-24,8722,8771,8592,8682,957173,13.7
2022-02-25,8732,8811,8662,8712,1002126,13.67
2022-02-28,8722,8801,8612,8752,1042806,13.69
2022-03-02,8742,8791,8692,8702,655380,13.66
2022-03-03,8771,8901,8712,8881,816069,13.69
2022-03-04,8861,8861,8712,8722,623117,13.66
2022-03-07,8652,8682,8343,8373,1269714,13.63
2022-03-08,8373,8373,8274,8284,1007399,13.67
2022-03-10,8403,8483,8284,8373,2018998,13.72
2022-03-11,8333,8343,8065,8124,2528075,13.69
2022-03-14,8094,8214,8074,8174,1269017,13.79
2022-03-15,8164,8184,7995,8025,1424354,13.81
2022-03-16,8084,8144,8025,8144,1359923,13.88
2022-03-17,8234,8313,8214,8234,1775749,13.97
2022-03-18,8244,8284,8104,8194,2386628,13.97
2022-03-21,8214,8264,8184,8204,842319,13.99
2022-03-22,8264,8343,8214,8333,889699,14.03
2022-03-23,8363,8413,8313,8403,1016688,14.05
2022-03-24,8323,8363,8194,8323,966173,14.01
2022-03-25,8333,8363,8244,8353,676105,14.02
2022-03-28,8274,8423,8264,8413,627870,14.01
2022-03-29,8423,8513,8423,8503,864437,14.01
2022-03-30,8533,8592,8453,8483,701111,13.96
2022-03-31,8463,8562,8463,8523,649307,13.94
2022-04-01,8473,8503,8383,8463,799751,13.96
2022-04-04,8393,8513,8393,8503,570587,13.96
2022-04-05,8503,8523,8413,8503,566905,13.97
2022-04-06,8433,8493,8343,8393,963599,13.97
2022-04-07,8333,8383,8274,8284,846499,13.95
2022-04-08,8284,8413,8274,8373,667720,13.98
2022-04-11,8323,8453,8313,8413,623830,13.99
2022-04-12,8353,8393,8294,8323,834815,13.97
2022-04-13,8383,8423,8304,8413,643890,13.99
2022-04-14,8373,8453,8313,8393,1223533,13.98
2022-04-15,8323,8353,8244,8313,816071,13.97
2022-04-18,8254,8294,8224,8264,394147,13.98
2022-04-19,8304,8323,8224,8264,723573,13.99
2022-04-20,8274,8284,8224,8224,705991,14.0
2022-04-21,8294,8333,8244,8323,735887,14.04
2022-04-22,8234,8264,8164,8204,853603,14.04
2022-04-25,8104,8144,8045,8065,708307,14.04
2022-04-26,8084,8134,8045,8065,622533,14.04
2022-04-27,7975,7995,7816,7845,1064785,13.97
2022-04-28,7875,7895,7816,7885,868973,13.97
2022-04-29,7915,8015,7836,8015,843273,13.99
2022-05-02,7935,8074,7925,8025,489238,14.0
2022-05-03,7995,8025,7925,7935,601874,13.98
2022-05-04,7945,7975,7895,7905,479198,13.98
2022-05-06,7836,7945,7786,7865,705453,13.99
2022-05-09,7786,7826,7706,7736,857783,13.96
2022-05-10,7706,7905,7666,7895,1121168,13.97
2022-05-11,7826,7865,7706,7706,747347,13.93
2022-05-12,7616,7716,7557,7636,930155,13.92
2022-05-13,7706,7806,7616,7726,856285,13.88
2022-05-16,7746,7756,7666,7696,740602,13.86
2022-05-17,7746,7836,7676,7826,785214,13.85
2022-05-18,7806,7885,7746,7806,789034,13.93
2022-05-19,7686,7816,7616,7806,1187832,13.95
2022-05-20,7806,7935,7786,7935,1050763,13.95
2022-05-23,7905,7955,7826,7935,811307,13.91
2022-05-24,7925,7985,7836,7905,979954,13.87
2022-05-25,7975,7985,7895,7915,769090,13.85
2022-05-26,7875,7965,7836,7885,909025,13.85
2022-05-27,7935,8025,7935,7975,886836,13.88
2022-05-30,8045,8084,8005,8055,572898,13.88
2022-05-31,8055,8124,8005,8124,2182564,13.92
2022-06-02,8065,8074,7816,7816,1273260,13.84
2022-06-03,7865,7905,7796,7806,616499,13.82
2022-06-07,7806,7806,7636,7656,873737,13.83
2022-06-08,7676,7716,7616,7636,808922,13.8
2022-06-09,7636,7656,7607,7626,1074210,13.77
2022-06-10,7557,7607,7497,7577,878855,13.79
2022-06-13,7467,7477,7218,7228,1378394,13.78
2022-06-14,7168,7218,7059,7198,1015957,13.8
2022-06-15,7119,7188,6890,6910,1405336,13.75
2022-06-16,6989,7079,6870,6929,1589544,13.69
2022-06-17,6720,6860,6720,6810,4236722,13.67
2022-06-20,6810,6840,6591,6671,953959,13.68
2022-06-21,6760,6820,6690,6720,698842,13.68
2022-06-22,6780,6780,6491,6531,1109942,13.66
2022-06-23,6511,6661,6452,6481,1271536,13.66
2022-06-24,6521,6820,6461,6800,991685,13.64
2022-06-27,6780,6860,6700,6800,718645,13.62
2022-06-28,6800,6890,6710,6780,754415,13.6
2022-06-29,6720,6780,6681,6700,591005,13.61
2022-06-30,6730,6760,6591,6591,868352,13.65
2022-07-01,6671,6730,6581,6631,807430,13.64
2022-07-04,6651,6800,6621,6800,925720,13.62
2022-07-05,6860,6900,6690,6760,836401,13.61
2022-07-06,6671,6681,6432,6432,1813964,13.54
2022-07-07,6491,6491,6332,6372,1237004,13.5
2022-07-08,6422,6521,6382,6442,842588,13.53
2022-07-11,6452,6461,6342,6362,440887,13.5
2022-07-12,6332,6352,6103,6133,1484946,13.43
2022-07-13,6143,6272,6133,6173,903993,13.45
2022-07-14,6143,6153,6033,6073,1616060,13.39
2022-07-15,6083,6093,5854,5974,1963871,13.29
2022-07-18,6073,6471,6063,6412,2310727,13.35
2022-07-19,6342,6382,6262,6282,985783,13.31
2022-07-20,6442,6581,6382,6412,1328835,13.3
2022-07-21,6392,6491,6352,6452,770102,13.3
2022-07-22,6422,6531,6412,6452,447165,13.3
2022-07-25,6471,6601,6432,6471,956500,13.22
2022-07-26,6461,6491,6362,6452,804678,13.2
2022-07-27,6452,6452,6342,6442,613116,13.18
2022-07-28,6501,6571,6402,6432,674570,13.16
2022-07-29,6481,6591,6461,6561,1678982,13.12
2022-08-01,6521,6561,6452,6511,666378,13.1
2022-08-02,6471,6501,6362,6432,778334,13.08
2022-08-03,6412,6471,6382,6442,603387,13.07
2022-08-04,6471,6521,6432,6471,710368,13.07
2022-08-05,6471,6671,6461,6621,961485,13.07
2022-08-08,6591,6611,6541,6581,460130,13.07
2022-08-09,6551,6611,6531,6571,463663,13.06
2022-08-10,6631,6681,6581,6591,661616,13.07
2022-08-11,6690,6730,6641,6710,727857,13.04
2022-08-12,6720,6770,6700,6750,545187,13.02
2022-08-16,6810,6820,6681,6681,571736,13.01
2022-08-17,6740,6810,6710,6740,540586,13.02
2022-08-18,6681,6740,6671,6700,553606,13.03
2022-08-19,6681,6690,6561,6621,709402,13.02
2022-08-22,6561,6571,6372,6531,816652,13.02
2022-08-23,6471,6531,6402,6402,736274,13.02
2022-08-24,6402,6541,6382,6501,732224,13.02
2022-08-25,6541,6591,6481,6541,554313,12.99
2022-08-26,6561,6611,6531,6581,525682,12.98
2022-08-29,6422,6471,6372,6452,546162,13.0
2022-08-30,6501,6581,6422,6571,657782,13.02
2022-08-31,6561,6571,6481,6531,814799,13.01
2022-09-01,6481,6571,6442,6452,814710,13.03
2022-09-02,6491,6511,6372,6442,683640,13.03
2022-09-05,6461,6611,6432,6511,613640,13.05
2022-09-06,6471,6531,6442,6481,348667,13.03
2022-09-07,6432,6481,6292,6362,649798,12.99
2022-09-08,6432,7069,6322,6830,2566772,12.92
2022-09-13,6830,6840,6631,6681,1367870,12.85
2022-09-14,6461,6601,6452,6561,956942,12.82
2022-09-15,6551,6581,6481,6501,531476,12.81
2022-09-16,6452,6611,6402,6571,1177774,12.79
2022-09-19,6581,6601,6521,6591,589119,12.78
2022-09-20,6661,6710,6611,6631,800306,12.76
2022-09-21,6581,6631,6511,6591,627160,12.75
2022-09-22,6491,6491,6322,6422,948963,12.72
2022-09-23,6452,6452,6272,6282,785701,12.71
2022-09-26,6173,6223,6043,6063,1168853,12.68
2022-09-27,6063,6113,5974,6053,979915,12.67
2022-09-28,5984,6073,5894,6003,1209292,12.66
2022-09-29,6083,6272,6043,6063,1193562,12.68
2022-09-30,6053,6103,5944,5954,1048476,12.64
2022-10-04,5994,6093,5974,6003,906862,12.59
2022-10-05,6113,6143,6033,6083,994732,12.62
2022-10-06,6123,6143,6083,6103,625961,12.6
2022-10-07,6043,6203,6033,6173,1156490,12.61
2022-10-11,6173,6173,6033,6073,1051898,12.62
2022-10-12,6023,6232,5984,6203,771377,12.62
2022-10-13,6232,6232,6043,6103,1021187,12.58
2022-10-14,6133,6252,6113,6163,811776,12.58
2022-10-17,6133,6173,6033,6163,682217,12.59
2022-10-18,6223,6332,6213,6292,695648,12.58
2022-10-19,6332,6362,6252,6302,579493,12.57
2022-10-20,6242,6292,6103,6203,2044490,12.55
2022-10-21,6173,6183,6053,6073,796048,12.53
2022-10-24,6193,6312,6113,6173,775641,12.55
2022-10-25,6183,6203,6063,6093,494789,12.54
2022-10-26,6093,6133,6043,6073,378212,12.55
2022-10-27,6153,6332,6123,6332,1025508,12.62
2022-10-28,6282,6402,6282,6372,520277,12.64
2022-10-31,6422,6442,6282,6322,485109,12.65
2022-11-01,6322,6422,6302,6422,388359,12.67
2022-11-02,6322,6392,6292,6372,549153,12.68
2022-11-03,6292,6322,6153,6203,800294,12.7
2022-11-04,6213,6392,6173,6392,598273,12.72
2022-11-07,6392,6471,6322,6442,566986,12.72
2022-11-08,6471,6501,6402,6481,581519,12.73
2022-11-09,6521,6631,6481,6611,795195,12.76
2022-11-10,6581,6681,6551,6551,884765,12.8
2022-11-11,6740,6810,6681,6780,1218725,12.81
2022-11-14,6770,6830,6720,6770,723950,12.81
2022-11-15,6820,6830,6710,6780,547704,12.81
2022-11-16,6830,6840,6621,6780,1121343,12.85
2022-11-17,6790,6810,6541,6541,724014,12.82
2022-11-18,6541,6611,6461,6501,723148,12.8
2022-11-21,6511,6551,6402,6432,565613,12.77
2022-11-22,6422,6481,6332,6382,681842,12.73
2022-11-23,6392,6422,6332,6392,706163,12.69
2022-11-24,6432,6661,6422,6591,872592,12.73
2022-11-25,6611,6651,6511,6561,426536,12.73
2022-11-28,6511,6521,6382,6442,712423,12.72
2022-11-29,6471,6611,6402,6601,491963,12.73
2022-11-30,6551,6671,6501,6621,1032183,12.76
2022-12-01,6710,6760,6681,6750,667891,12.78
2022-12-02,6730,6730,6481,6481,894679,12.73
2022-12-05,6531,6561,6452,6481,469487,12.71
2022-12-06,6452,6471,6352,6352,630738,12.67
2022-12-07,6332,6382,6282,6312,737739,12.64
2022-12-08,6362,6372,6272,6302,1902009,12.79
2022-12-09,6352,6452,6292,6432,638259,12.79
2022-12-12,6392,6481,6372,6412,301559,12.79
2022-12-13,6491,6491,6392,6442,397320,12.84
2022-12-14,6491,6541,6461,6531,489984,12.86
2022-12-15,6531,6531,6422,6422,315513,12.79
2022-12-16,6382,6422,6342,6382,912592,12.79
2022-12-19,6322,6442,6322,6392,340039,12.79
2022-12-20,6392,6501,6392,6442,937041,12.85
2022-12-21,6511,6511,6342,6412,526668,12.84
2022-12-22,6422,6511,6412,6511,559051,12.82
2022-12-23,6481,6521,6432,6491,518813,12.77
2022-12-26,6511,6571,6461,6551,619469,12.76
2022-12-27,6591,6601,6491,6541,1072500,12.76
2022-12-28,6392,6402,6312,6332,1213529,12.72
2022-12-29,6332,6352,6053,6053,881098,12.69
2023-01-02,6143,6143,5914,5954,535315,12.67
2023-01-03,5934,6063,5844,6003,805999,12.82
2023-01-04,5974,6163,5934,6163,515657,12.84
2023-01-05,6113,6491,6113,6442,1627433,12.94
2023-01-06,6382,6561,6382,6551,858222,12.96
2023-01-09,6521,6651,6511,6621,715037,12.97
2023-01-10,6621,6671,6561,6621,729748,12.98
2023-01-11,6641,6671,6581,6601,600596,12.97
2023-01-12,6611,6720,6611,6681,1093632,13.05
2023-01-13,6720,6900,6690,6870,1167662,13.09
2023-01-16,6870,6910,6800,6890,682006,13.08
2023-01-17,6890,6939,6780,6780,884543,13.08
2023-01-18,6820,6870,6740,6850,691777,13.08
2023-01-19,6780,6880,6730,6880,582056,13.08
2023-01-20,6830,6890,6790,6810,489898,13.06
2023-01-25,6870,6939,6820,6840,625935,13.06
2023-01-26,6820,6910,6750,6910,1055074,13.08
2023-01-27,6860,7039,6790,7019,972445,13.09
2023-01-30,6959,6979,6850,6850,912815,13.06
2023-01-31,6870,6880,6690,6780,997340,13.02
2023-02-01,6750,6939,6740,6939,908027,13.0
2023-02-02,6969,7109,6910,6920,964027,12.98
2023-02-03,6870,6969,6790,6920,741668,12.97
2023-02-06,6920,6920,6710,6710,931840,12.93
2023-02-07,6671,6720,6611,6651,855231,12.87
2023-02-08,6671,7109,6631,7089,1699279,12.93
2023-02-09,6989,7089,6969,7009,939173,12.91
2023-02-10,6959,7139,6900,7079,1061095,12.92
2023-02-13,7089,7188,7029,7099,1163794,12.9
2023-02-14,7158,7198,7079,7089,785088,12.88
2023-02-15,7089,7099,6920,6929,911729,12.87
2023-02-16,6989,7358,6979,7348,1763762,12.9
2023-02-17,7298,7298,7129,7139,947436,12.86
2023-02-20,7188,7208,7099,7168,498781,12.83
2023-02-21,7168,7298,7109,7228,836948,12.81
2023-02-22,7139,7149,7029,7039,1064274,12.79
2023-02-23,7009,7139,7009,7039,702962,12.76
2023-02-24,7079,7158,7049,7109,658389,12.74
2023-02-27,7069,7079,6890,6920,654603,12.72
2023-02-28,6949,7168,6939,7119,1216843,12.73
2023-03-02,7069,7178,7009,7039,756233,12.71
2023-03-03,7039,7049,6890,6890,554438,12.68
2023-03-06,6939,7208,6840,7149,1308989,12.67
2023-03-07,7158,7188,6910,6910,745424,12.61
2023-03-08,6870,6890,6760,6800,939722,12.61
2023-03-09,6850,6910,6760,6810,853731,12.56
2023-03-10,6760,6760,6591,6690,890628,12.57
2023-03-13,6690,6750,6601,6730,582314,12.78
2023-03-14,6651,6661,6402,6402,981391,12.76
2023-03-15,6491,6531,6362,6402,795835,12.75
2023-03-16,6322,6402,6302,6362,629817,12.77
2023-03-17,6432,6481,6362,6422,1668118,12.78
2023-03-20,6471,6591,6422,6432,503570,12.79
2023-03-21,6491,6511,6442,6461,436541,12.81
2023-03-22,6501,6551,6471,6481,455807,12.81
2023-03-23,6432,6501,6372,6452,651118,12.83
2023-03-24,6412,6461,6282,6282,810319,12.8
2023-03-27,6342,6342,6213,6262,613818,12.83
2023-03-28,6272,6362,6262,6322,441185,12.82
2023-03-29,6342,6432,6342,6382,572546,12.84
2023-03-30,6352,6402,6272,6352,697487,12.83
2023-03-31,6412,6481,6372,6432,871616,12.84
2023-04-03,6412,6461,6312,6352,801133,12.86
2023-04-04,6352,6471,6302,6432,683788,12.86
2023-04-05,6471,6531,6412,6442,577402,12.88
2023-04-06,6402,6412,6203,6213,957100,12.87
2023-04-07,6232,6452,6203,6372,788463,12.89
2023-04-10,6332,6442,6312,6342,457935,12.89
2023-04-11,6392,6740,6382,6700,1533628,12.92
2023-04-12,6710,6860,6681,6830,817901,12.95
2023-04-13,6830,6900,6790,6900,861619,12.95
2023-04-14,6959,6969,6880,6900,857862,12.97
2023-04-17,6900,6900,6780,6850,571346,12.98
2023-04-18,6850,6999,6820,6969,857989,13.0
2023-04-19,7019,7019,6890,6999,626280,13.03
2023-04-20,6979,6999,6890,6939,521419,13.04
2023-04-21,6900,6969,6850,6900,509932,13.06
2023-04-24,6880,6959,6770,6830,516787,13.06
2023-04-25,6840,7009,6790,6800,607385,13.06
2023-04-26,6860,6860,6700,6780,797495,13.09
2023-04-27,6770,6770,6571,6671,692677,13.1
2023-04-28,6700,6929,6700,6910,898210,13.16
2023-05-02,6910,6910,6740,6820,561446,13.15
2023-05-03,6790,6830,6730,6780,313648,13.16
2023-05-04,6730,6760,6690,6760,401946,13.16
2023-05-08,6760,6929,6750,6890,563089,13.16
2023-05-09,6880,6959,6820,6900,417250,13.17
2023-05-10,6880,6959,6840,6949,557430,13.19
2023-05-11,6959,6979,6900,6910,493357,13.19
2023-05-12,6969,7139,6920,6949,1196122,13.24
2023-05-15,6920,6989,6840,6920,640932,13.25
2023-05-16,6920,6979,6770,6800,383500,13.24
2023-05-17,6770,6890,6690,6890,339495,13.24
2023-05-18,6890,6959,6880,6949,414988,13.27
2023-05-19,6890,7049,6890,7039,562492,13.28
2023-05-22,7029,7198,7009,7198,691731,13.31
2023-05-23,7238,7348,7198,7298,749041,13.35
2023-05-24,7298,7547,7248,7477,1081030,13.45
2023-05-25,7427,7467,7238,7258,760399,13.46
2023-05-26,7218,7258,7188,7208,365493,13.46
2023-05-30,7278,7318,7198,7248,643716,13.46
2023-05-31,7218,7368,7188,7268,2734536,13.47
2023-06-01,7338,7407,7149,7188,753428,13.48
2023-06-02,7218,7397,7218,7397,653365,13.52
2023-06-05,7427,7497,7378,7407,363293,13.52
2023-06-07,7457,7507,7378,7417,455714,13.51
2023-06-08,7417,7437,7358,7427,783836,13.51
2023-06-09,7497,7557,7387,7527,1047036,13.5
2023-06-12,7507,7517,7358,7368,407099,13.48
2023-06-13,7368,7457,7328,7368,547391,13.47
2023-06-14,7368,7378,7208,7248,448015,13.47
2023-06-15,7268,7387,7268,7308,457214,13.49
2023-06-16,7368,7417,7248,7288,823622,13.5
2023-06-19,7268,7318,7119,7188,516053,13.49
2023-06-20,7168,7238,7149,7218,300439,13.5
2023-06-21,7258,7447,7188,7358,629958,13.55
2023-06-22,7348,7358,7238,7318,346461,13.55
2023-06-23,7258,7268,7079,7089,494434,13.55
2023-06-26,7059,7387,6969,7348,878561,13.61
2023-06-27,7318,7378,7238,7298,294877,13.61
2023-06-28,7298,7308,7129,7248,388476,13.6
2023-06-29,7178,7268,7099,7099,297079,13.61
2023-06-30,7168,7298,7109,7198,470945,13.62
2023-07-03,7198,7358,7188,7358,574418,13.59
2023-07-04,7278,7318,7168,7188,453287,13.57
2023-07-05,7188,7278,7069,7158,779215,13.56
2023-07-06,7158,7208,6890,7009,1178833,13.56
2023-07-07,6929,6939,6780,6920,864926,13.57
2023-07-10,6910,6979,6800,6870,572174,13.56
2023-07-11,6920,7009,6850,6890,466270,13.56
2023-07-12,6910,6929,6820,6910,517100,13.58
2023-07-13,6949,7109,6900,7019,1152831,13.57
2023-07-14,7019,7188,7019,7178,920279,13.57
2023-07-17,7069,7129,7019,7099,601609,13.58
2023-07-18,7158,7158,6949,7009,688235,13.6
2023-07-19,7019,7049,6880,6959,673641,13.61
2023-07-20,6920,6999,6890,6920,629563,13.64
2023-07-21,6890,6949,6810,6880,722414,13.67
2023-07-24,6860,6860,6760,6800,688734,13.66
2023-07-25,6800,6840,6730,6820,488106,13.68
2023-07-26,6780,6790,6571,6710,1016265,13.65
2023-07-27,6710,6860,6690,6850,883318,13.63
2023-07-28,6790,6840,6690,6800,635831,13.62
2023-07-31,6760,6900,6750,6900,572713,13.65
2023-08-01,6850,7109,6830,7089,877895,13.67
2023-08-02,6999,7049,6959,6999,633549,13.67
2023-08-03,7039,7049,6890,6979,681895,13.7
2023-08-04,6959,7099,6949,7059,560799,13.72
2023-08-07,6989,7188,6989,7079,444920,13.74
2023-08-08,7149,7208,6999,7039,617390,13.77
2023-08-09,7059,7099,6920,6989,514720,13.78
2023-08-10,6969,7049,6850,6920,929354,13.8
2023-08-11,6910,7079,6800,6870,1059533,13.8
2023-08-14,6870,6920,6730,6760,500019,13.79
2023-08-16,6730,6740,6621,6641,779940,13.79
2023-08-17,6611,6700,6491,6641,864745,13.77
2023-08-18,6551,6661,6471,6531,755199,13.75
2023-08-21,6571,6710,6471,6601,635614,13.76
2023-08-22,6601,6710,6551,6631,650863,13.74
2023-08-23,6571,6700,6561,6671,470791,13.72
2023-08-24,6700,6720,6621,6671,396156,13.68
2023-08-25,6611,6740,6591,6690,324534,13.69
2023-08-28,6760,6770,6631,6690,347576,13.67
2023-08-29,6710,6740,6631,6681,601253,13.65
2023-08-30,6740,6820,6730,6760,480868,13.65
2023-08-31,6750,6770,6631,6631,1132437,13.59
2023-09-01,6601,6790,6591,6750,672944,13.59
2023-09-04,6690,6800,6681,6790,372681,13.58
2023-09-05,6730,6770,6681,6690,425975,13.55
2023-09-06,6690,6800,6671,6750,518876,13.55
2023-09-07,6681,6730,6651,6710,452075,13.53
2023-09-08,6720,6860,6651,6860,589088,13.55
2023-09-11,6860,6880,6790,6820,467714,13.52
2023-09-12,6850,6880,6760,6800,411043,13.51
2023-09-13,6770,6870,6750,6860,549287,13.5
2023-09-14,6910,6979,6810,6969,971486,13.49
2023-09-15,6989,7109,6920,6959,1288928,13.47
2023-09-18,6949,7049,6920,6920,348092,13.47
2023-09-19,6900,6999,6880,6910,435808,13.47
2023-09-20,6890,6900,6800,6820,554764,13.46
2023-09-21,6770,6840,6720,6730,375761,13.47
2023-09-22,6631,6700,6591,6631,435930,13.46
2023-09-25,6661,6700,6591,6621,522779,13.45
2023-09-26,6581,6631,6412,6432,708777,13.41
2023-09-27,6392,6452,6392,6422,434638,13.39
2023-10-04,6362,6372,6063,6083,1507481,13.22
2023-10-05,6063,6123,5984,6033,1052111,13.23
2023-10-06,6063,6063,5974,5994,630484,13.22
2023-10-10,6113,6153,6033,6073,742482,13.24
2023-10-11,6093,6133,6033,6083,595275,13.2
2023-10-12,6133,6133,6043,6113,647392,13.17
2023-10-13,6053,6103,6033,6043,466101,13.18
2023-10-16,6043,6063,5954,5994,584155,13.17
2023-10-17,6043,6063,5944,5994,681864,13.17
2023-10-18,6013,6312,6003,6262,1454630,13.19
2023-10-19,6252,6342,6163,6312,1237440,13.14
2023-10-20,6322,6452,6292,6432,1541136,13.17
2023-10-23,6452,6491,6232,6272,1369236,13.09
2023-10-24,6342,6392,6282,6362,746127,13.05
2023-10-25,6362,6561,6362,6501,1054394,13.05
2023-10-26,6491,6491,6392,6422,968189,12.98
2023-10-27,6481,6581,6442,6521,807510,12.95
2023-10-30,6521,6601,6511,6551,782435,12.93
2023-10-31,6611,6700,6551,6571,865217,12.9
2023-11-01,6641,6820,6641,6770,1028397,12.89
2023-11-02,6820,6860,6720,6750,973844,12.83
2023-11-03,6810,6949,6770,6910,770353,12.84
2023-11-06,7009,7517,6969,7517,2527846,12.92
2023-11-07,7517,7517,7308,7447,856742,12.97
2023-11-08,7447,7537,7298,7387,717649,12.99
2023-11-09,7378,7467,7278,7467,704478,13.05
2023-11-10,7447,7457,7268,7318,830067,13.05
2023-11-13,7387,7437,7308,7338,511483,13.06
2023-11-14,7427,7457,7348,7387,471127,13.05
2023-11-15,7497,7527,7417,7487,768712,13.06
2023-11-16,7507,7517,7378,7447,510601,13.08
2023-11-17,7457,7467,7298,7338,338541,13.08
2023-11-20,7338,7387,7258,7268,544493,13.08
2023-11-21,7338,7358,7278,7288,381332,13.09
2023-11-22,7228,7338,7188,7318,334480,13.09
2023-11-23,7268,7368,7258,7308,395490,13.1
2023-11-24,7328,7387,7258,7268,320698,13.1
2023-11-27,7318,7338,7228,7268,327268,13.1
2023-11-28,7338,7338,7198,7198,480987,13.06
2023-11-29,7168,7198,7009,7049,634764,13.06
2023-11-30,7089,7139,6989,7139,2838251,13.04
2023-12-01,7168,7178,7029,7029,393915,13.04
2023-12-04,7109,7218,7079,7149,589387,13.03
2023-12-05,7109,7238,7099,7119,413707,13.04
2023-12-06,7149,7238,7089,7089,399641,13.03
2023-12-07,7029,7188,7029,7119,323153,13.03
2023-12-08,7178,7188,7119,7129,285102,13.03
2023-12-11,7188,7278,7139,7258,406899,13.02
2023-12-12,7358,7397,7288,7298,580588,13.0
2023-12-13,7338,7467,7338,7407,627090,13.0
2023-12-14,7517,7527,7447,7477,1340087,12.94
2023-12-15,7477,7527,7427,7427,942930,12.97
2023-12-18,7378,7487,7358,7417,422687,12.93
2023-12-19,7378,7447,7348,7378,364520,12.9
2023-12-20,7457,7686,7407,7607,1126671,12.94
2023-12-21,7597,7626,7497,7557,403025,12.98
2023-12-22,7636,7636,7368,7487,564322,12.98
2023-12-26,7557,7597,7437,7487,599365,13.0
2023-12-27,7487,7497,7318,7368,513086,13.08
2023-12-28,7417,7597,7358,7597,712603,13.24
2024-01-02,7477,7567,7427,7487,412577,13.23
2024-01-03,7427,7457,7188,7188,649694,13.23
2024-01-04,7139,7188,7069,7079,474008,13.25
2024-01-05,7089,7168,7059,7079,195692,13.25
2024-01-08,7069,7119,7009,7009,306733,13.26
2024-01-09,7119,7149,7059,7109,302688,13.28
2024-01-10,7149,7149,7009,7029,210994,13.28
2024-01-11,7089,7149,7029,7029,363518,13.28
2024-01-12,7069,7069,6929,6939,303639,13.26
2024-01-15,7009,7019,6920,6989,201574,13.27
2024-01-16,6939,6959,6820,6820,427744,13.27
2024-01-17,6850,6850,6611,6641,415130,13.26
2024-01-18,6581,6611,6372,6412,976948,13.2
2024-01-19,6452,6531,6442,6461,336587,13.2
2024-01-22,6471,6471,6372,6402,554388,13.18
2024-01-23,6471,6710,6422,6710,481799,13.17
2024-01-24,6671,6820,6631,6760,372568,13.19
2024-01-25,6780,7139,6740,7109,849141,13.21
2024-01-26,7178,7706,7129,7646,2869487,13.33
2024-01-29,7616,7726,7567,7666,1027115,13.35
2024-01-30,7716,8104,7706,7855,2926234,13.47
2024-01-31,7865,7895,7696,7836,952379,13.47
2024-02-01,7796,8264,7796,8254,2676794,13.5
2024-02-02,8313,8662,8114,8582,2306736,13.55
2024-02-05,8523,8602,8174,8493,1292047,13.52
2024-02-06,8453,8682,8353,8423,1065075,13.51
2024-02-07,8413,8652,8333,8622,1255944,13.5
2024-02-08,8622,8752,8582,8612,1287543,13.49
2024-02-13,8622,8762,8612,8642,913201,13.47
2024-02-14,8503,8572,8353,8403,950457,13.47
2024-02-15,8503,8503,8353,8353,622065,13.45
2024-02-16,8433,8911,8343,8911,1916722,13.56
2024-02-19,8911,9020,8831,8981,947689,13.53
2024-02-20,8991,8991,8572,8662,1109372,13.48
2024-02-21,8732,8991,8612,8941,1281161,13.44
2024-02-22,8941,8961,8702,8871,1071604,13.4
2024-02-23,9040,9160,8861,8911,2066231,13.39
2024-02-26,8911,8941,8513,8642,1152699,13.39
2024-02-27,8752,8752,8533,8622,884917,13.36
2024-02-28,8692,9060,8552,8971,1362759,13.35
2024-02-29,9060,9120,8901,8981,1516439,13.3
2024-03-04,9030,9090,8901,8961,1216103,13.28
2024-03-05,8941,9040,8592,8622,1455265,13.28
2024-03-06,8572,8612,8134,8274,2079748,13.27
2024-03-07,8274,8313,8134,8224,936319,13.3
2024-03-08,8244,8343,8124,8264,1001341,13.32
2024-03-11,8184,8214,7826,7895,1379019,13.36
2024-03-12,7965,8015,7716,7786,1492075,13.35
2024-03-13,7845,8214,7796,8025,1123413,13.35
2024-03-14,8114,8224,7925,8154,1170889,13.58
2024-03-15,8074,8393,7985,7985,1619667,13.53
2024-03-18,8025,8104,7905,8045,545246,13.54
2024-03-19,8005,8114,7975,8005,901923,13.54
2024-03-20,8094,8214,8065,8154,801775,13.6
2024-03-21,8234,8363,8154,8363,1122618,13.59
2024-03-22,8323,8542,8323,8423,867408,13.6
2024-03-25,8433,8433,8204,8284,870369,13.59
2024-03-26,8343,8383,8254,8323,678543,13.57
2024-03-27,8174,8323,8035,8065,855637,13.55
2024-03-28,8005,8134,7995,8094,754471,13.63
2024-03-29,8144,8154,7965,8025,781484,13.72
2024-04-01,8104,8104,7885,7935,589872,13.71
2024-04-02,7875,8035,7865,7945,429790,13.72
2024-04-03,7925,7935,7816,7836,514598,13.72
2024-04-04,7915,8005,7826,7875,615043,13.74
2024-04-05,7796,8035,7786,7865,449942,13.75
2024-04-08,7855,8055,7855,7995,646418,13.78
2024-04-09,8055,8154,7925,7995,514297,13.77
2024-04-11,7845,8005,7656,7706,874765,13.8
2024-04-12,7706,7716,7387,7567,732801,13.79
2024-04-15,7427,7636,7397,7597,396151,13.78
2024-04-16,7497,7626,7358,7447,423943,13.78
2024-04-17,7417,7477,7218,7218,545005,13.76
2024-04-18,7278,7397,7238,7258,381977,13.78
2024-04-19,7218,7288,7019,7119,586271,13.8
2024-04-22,7258,7467,7119,7457,410242,13.81
2024-04-23,7467,7547,7348,7378,417388,13.8
2024-04-24,7497,7507,7288,7298,316904,13.78
2024-04-25,7248,7427,7208,7298,227080,13.79
2024-04-26,7387,7607,7288,7517,375491,13.8
2024-04-29,7636,7696,7497,7696,388983,13.81
2024-04-30,7607,7726,7547,7557,446478,13.79
2024-05-02,7517,7537,7378,7378,520921,13.8
2024-05-03,7467,7477,7338,7397,264351,13.87
2024-05-07,7547,7636,7507,7597,410875,13.89
2024-05-08,7646,7776,7607,7776,453318,13.92
2024-05-09,7806,7816,7517,7517,690327,13.87
2024-05-10,7666,8154,7616,8065,1151241,14.02
2024-05-13,8055,8065,7885,7915,378257,14.0
2024-05-14,7975,8045,7845,7845,421156,13.99
2024-05-16,8045,8144,7895,7975,509024,13.98
2024-05-17,7855,7895,7736,7786,406231,13.96
2024-05-20,7855,7885,7726,7766,365660,13.97
2024-05-21,7716,7766,7626,7656,329689,13.96
2024-05-22,7646,7726,7507,7656,607470,13.94
2024-05-23,7577,7656,7537,7557,271606,13.93
2024-05-24,7477,7537,7378,7417,592322,13.93
2024-05-27,7417,7527,7397,7467,358412,13.92
2024-05-28,7417,7477,7378,7427,473263,13.92
2024-05-29,7358,7457,7268,7298,649452,13.89
2024-05-30,7228,7397,7228,7248,287621,13.9
2024-05-31,7368,7487,7178,7178,1563036,13.85
2024-06-03,7258,7378,7228,7258,417915,13.83
2024-06-04,7198,7238,7039,7069,785066,13.79
2024-06-05,7109,7158,7049,7069,258873,13.8
2024-06-07,7119,7427,7119,7298,564499,13.83
2024-06-10,7218,7268,7149,7158,343771,13.83
2024-06-11,7168,7208,7029,7039,571831,13.81
2024-06-12,7019,7109,7019,7109,240662,13.81
2024-06-13,7168,7338,7019,7019,1199372,13.8
2024-06-14,7049,7049,6900,6959,629632,13.77
2024-06-17,6939,7059,6920,6959,588043,13.76
2024-06-18,6999,7069,6929,6989,419267,13.75
2024-06-19,7059,7178,7019,7099,527832,13.74
2024-06-20,7099,7218,7049,7188,521421,13.74
2024-06-21,7198,7218,7069,7069,657574,13.71
2024-06-24,7069,7129,7049,7059,442441,13.71
2024-06-25,7129,7238,7089,7208,582623,13.72
2024-06-26,7139,7218,7039,7109,709197,13.72
2024-06-27,7049,7099,6989,7079,545682,13.73
2024-06-28,7099,7288,7079,7288,665453,13.75
2024-07-01,7258,7268,7109,7178,505116,13.72
2024-07-02,7139,7198,7089,7139,473949,13.72
2024-07-03,7218,7527,7168,7368,1186488,13.73
2024-07-04,7467,7766,7407,7736,1363273,13.72
2024-07-05,7746,7806,7557,7577,964057,13.67
2024-07-08,7587,7706,7537,7567,478182,13.68
2024-07-09,7646,7666,7457,7507,463109,13.67
2024-07-10,7467,7646,7467,7587,445282,13.67
2024-07-11,7666,7895,7646,7766,1130095,13.69
2024-07-12,7746,7806,7686,7786,514020,13.68
2024-07-15,7845,8005,7726,7786,647338,13.66
2024-07-16,7855,8005,7776,7806,588285,13.65
2024-07-17,7895,7985,7826,7826,610369,13.64
2024-07-18,7816,7836,7716,7816,518044,13.65
2024-07-19,7736,7746,7597,7706,503667,13.65
2024-07-22,7726,7756,7527,7587,421060,13.66
2024-07-23,7616,7746,7537,7537,376008,13.64
2024-07-24,7527,7597,7437,7497,366039,13.65
2024-07-25,7487,7497,7248,7308,701249,13.67
2024-07-26,7368,7557,7318,7477,363612,13.66
2024-07-29,7616,7915,7537,7766,896792,13.68
2024-07-30,7696,7746,7587,7587,432859,13.68
2024-07-31,7686,7716,7616,7716,348052,13.69
2024-08-01,7716,7726,7577,7646,576234,13.7
2024-08-02,7497,7557,7318,7378,713384,13.69
2024-08-05,7218,7218,6571,6631,1976502,13.63
2024-08-06,6830,7099,6720,6840,1112103,13.65
2024-08-07,6760,7348,6720,7218,1174030,13.66
2024-08-08,7238,7616,7188,7467,1503504,13.69
2024-08-09,7577,7786,7427,7726,1207975,13.69
2024-08-12,7766,7955,7746,7905,812435,13.72
2024-08-13,7895,7925,7816,7826,500719,13.72
2024-08-14,7895,7935,7756,7875,575479,13.72
2024-08-16,7985,8114,7935,7965,854256,13.74
2024-08-19,7985,8174,7945,8084,970014,13.69
2024-08-20,8164,8204,8084,8134,766105,13.68
2024-08-21,8154,8214,8074,8174,544390,13.69
2024-08-22,8214,8224,8134,8184,488279,13.69
2024-08-23,8234,8413,8184,8313,1320032,13.69
2024-08-26,8363,8493,8294,8473,993675,13.68
2024-08-27,8483,8493,8274,8443,914199,13.63
2024-08-28,8423,8493,8264,8304,770727,13.61
2024-08-29,8304,8453,8224,8333,590123,13.6
2024-08-30,8393,8453,8304,8323,797800,13.55
2024-09-02,8363,8483,8313,8413,654824,13.56
2024-09-03,8483,8582,8433,8523,568909,13.57
2024-09-04,8363,8503,8274,8353,1102803,13.54
2024-09-05,8403,8562,8343,8413,759316,13.52
2024-09-06,8413,8453,8204,8264,753808,13.51
2024-09-09,8164,8343,8074,8304,671165,13.52
2024-09-10,8333,8682,8313,8473,945008,13.59
2024-09-11,8523,8523,8144,8184,825287,13.53
2024-09-12,8274,8413,8214,8403,728805,13.55
2024-09-13,8413,8662,8403,8662,817035,13.6
2024-09-19,8752,8831,8712,8831,859510,13.6
2024-09-20,8851,8851,8562,8572,1217373,13.52
2024-09-23,8662,8722,8582,8692,556815,13.5
2024-09-24,8722,8762,8483,8622,605313,13.48
2024-09-25,8801,8901,8423,8423,991768,13.47
2024-09-26,8513,8682,8473,8612,703438,13.44
2024-09-27,8662,8742,8602,8632,448200,13.44
2024-09-30,8662,8702,8383,8383,722953,13.41
2024-10-02,8264,8503,8264,8443,489771,13.42
2024-10-04,8413,8602,8403,8552,443417,13.42
2024-10-07,8562,8642,8413,8562,573485,13.41
2024-10-08,8572,8781,8483,8702,768909,13.43
2024-10-10,8781,8801,8562,8702,872095,13.42
2024-10-11,8791,8881,8752,8861,914610,13.46
2024-10-14,8861,9060,8851,8961,1108587,13.5
2024-10-15,8971,9040,8911,8951,678979,13.51
2024-10-16,8871,9050,8871,9010,637272,13.52
2024-10-17,9040,9050,8921,8921,551444,13.49
2024-10-18,9000,9110,8961,9010,846549,13.51
2024-10-21,9010,9070,8762,8861,743074,13.49
2024-10-22,8791,9020,8781,9000,834335,13.49
2024-10-23,9020,9030,8851,8981,657107,13.46
2024-10-24,8981,9050,8921,9000,485433,13.44
2024-10-25,8971,9180,8961,9120,1157205,13.48
2024-10-28,9120,9150,9000,9150,750815,13.47
2024-10-29,9110,9160,9040,9120,453179,13.45
2024-10-30,9120,9190,9030,9190,701638,13.48
2024-10-31,9150,9150,9010,9020,821875,13.43
2024-11-01,8941,9000,8692,8732,835035,13.43
2024-11-04,8722,8931,8652,8931,639032,13.42
2024-11-05,8801,8981,8791,8951,388640,13.42
2024-11-06,8921,9150,8921,9080,616588,13.47
2024-11-07,9080,9259,8801,8801,801333,13.46
2024-11-08,8971,8991,8642,8712,507234,13.45
2024-11-11,8682,8682,8473,8513,460902,13.45
2024-11-12,8433,8533,8304,8333,750333,13.46
2024-11-13,8294,8313,8045,8074,640414,13.46
2024-11-14,8154,9259,8114,8961,3059869,13.44
2024-11-15,8542,8742,8194,8403,1746296,13.39
2024-11-18,8313,8801,8304,8742,1098925,13.4
2024-11-19,8652,8781,8592,8612,361732,13.4
2024-11-20,8562,8742,8562,8572,305964,13.39
2024-11-21,8572,8752,8373,8672,633573,13.37
2024-11-22,8762,8871,8672,8692,380549,13.35
2024-11-25,8771,8831,8383,8443,1943051,13.22
2024-11-26,8363,8443,8264,8403,358005,13.22
2024-11-27,8383,8602,8363,8523,364026,13.22
2024-11-28,8523,8612,8383,8503,343589,13.21
2024-11-29,8513,8562,8423,8523,395328,13.19
2024-12-02,8612,8821,8493,8732,768348,13.19
2024-12-03,8861,9160,8811,9060,1311578,13.26
2024-12-04,8911,8911,8652,8742,671506,13.23
2024-12-05,8742,8752,8413,8503,586605,13.21
2024-12-06,8533,8592,8284,8383,655602,13.19
2024-12-09,8294,8333,8074,8074,592737,13.17
2024-12-10,8204,8552,8194,8552,586598,13.18
2024-12-11,8503,8622,8473,8602,311238,13.17
2024-12-12,8662,8861,8602,8861,1107242,13.21
2024-12-13,8771,8841,8513,8632,497065,13.41
2024-12-16,8662,8742,8523,8552,379497,13.39
2024-12-17,8552,8552,8284,8363,511669,13.36
2024-12-18,8393,8592,8254,8582,493015,13.36
2024-12-19,8453,8503,8373,8413,371986,13.35
2024-12-20,8363,8363,7945,8015,1199584,13.27
2024-12-23,8084,8343,8045,8294,532636,13.29
2024-12-24,8343,8343,8214,8284,253707,13.28
2024-12-26,8294,8294,8164,8214,633010,13.27
2024-12-27,8164,8174,7955,8065,532921,13.28
2024-12-30,8045,8124,7975,7995,295474,13.32
2025-01-02,7975,8104,7915,7995,321980,13.31
2025-01-03,7945,8304,7945,8104,801391,13.33
2025-01-06,8065,8174,8045,8134,334356,13.33
2025-01-07,8144,8244,8074,8084,474368,13.32
2025-01-08,8025,8184,8015,8065,526093,13.36
2025-01-09,8035,8124,8015,8015,748585,13.37
2025-01-10,8015,8154,7945,8114,672668,13.39
2025-01-13,8035,8124,7945,7975,648926,13.36
2025-01-14,8015,8025,7885,7945,571668,13.35
2025-01-15,7975,8094,7945,7965,620085,13.36
2025-01-16,8065,8214,8035,8144,704672,13.39
2025-01-17,8104,8174,8045,8084,303506,13.39
2025-01-20,8094,8214,8094,8124,318569,13.4
2025-01-21,8214,8234,8094,8144,247741,13.4
2025-01-22,8224,8254,8164,8184,414625,13.42
2025-01-23,8214,8274,8094,8094,451580,13.42
2025-01-24,8134,8214,8114,8184,308445,13.43
2025-01-31,8274,8413,8204,8393,666045,13.46
2025-02-03,8274,8274,8084,8164,523402,13.44
2025-02-04,8214,8353,8194,8313,459597,13.44
2025-02-05,8333,8413,8294,8343,296149,13.43
2025-02-06,8393,8433,8254,8363,404514,13.43
2025-02-07,8294,8403,8234,8234,368367,13.41
2025-02-10,8184,8274,8104,8104,570635,13.38
2025-02-11,8164,8244,8104,8154,400723,13.39
2025-02-12,8204,8403,8174,8323,599078,13.43
2025-02-13,8333,8333,8174,8333,601862,13.43
2025-02-14,8353,8433,8294,8423,446891,13.45
2025-02-17,8433,8652,8393,8582,663856,13.45
2025-02-18,8533,8612,8493,8523,596379,13.43
2025-02-19,8513,8831,8513,8801,911361,13.46
2025-02-20,8722,8841,8682,8821,351718,13.47
2025-02-21,8821,8821,8592,8622,501243,13.47
2025-02-24,8572,8612,8473,8562,364159,13.48
2025-02-25,8513,8811,8493,8732,755852,13.51
2025-02-26,8762,8961,8722,8961,972479,13.57
2025-02-27,8911,8971,8752,8881,553198,13.57
2025-02-28,8762,8791,8582,8702,1203924,13.58
2025-03-04,8622,8722,8473,8473,505100,13.57
2025-03-05,8473,8622,8323,8443,437581,13.57
2025-03-06,8463,9150,8453,9080,1700571,13.64
2025-03-07,9060,9160,8971,9140,1072996,13.66
2025-03-10,9130,9299,9040,9249,974475,13.68
2025-03-11,9030,9239,9030,9090,670655,13.65
2025-03-12,9090,9429,9090,9349,1128375,13.67
2025-03-13,9389,9707,9339,9588,2353749,14.03
2025-03-14,9518,9608,9399,9508,803013,14.02
2025-03-17,9518,9877,9518,9877,2333243,14.12
2025-03-18,9877,9907,9767,9827,906789,14.11
2025-03-19,9827,9897,9588,9658,758956,14.11
2025-03-20,9658,9946,9658,9697,905114,14.09
2025-03-21,9658,9897,9658,9747,827550,14.09
2025-03-24,9678,9887,9678,9717,384189,14.08
2025-03-25,9717,9917,9717,9877,928801,14.09
2025-03-26,9917,10155,9867,10056,2002365,14.14
2025-03-27,9996,10066,9857,9907,819631,14.17
2025-03-28,9777,9787,9389,9498,806238,14.2
2025-03-31,9329,9329,9110,9130,543399,14.19
2025-04-01,9130,9429,9130,9309,573773,14.25
2025-04-02,9299,9449,9210,9399,546782,14.24
2025-04-03,9070,9309,8971,9299,534658,14.2
2025-04-04,9170,9379,9100,9309,641533,14.18
2025-04-07,8961,8961,8582,8732,816461,14.16
2025-04-08,8871,8901,8592,8642,415986,14.16
2025-04-09,8632,8692,8373,8463,564253,14.18
2025-04-10,8861,9220,8771,9220,1239246,14.12
2025-04-11,9070,9120,8991,9080,370364,14.11
2025-04-14,9090,9130,9010,9020,399192,14.09
2025-04-15,9030,9279,9030,9210,346689,14.07
2025-04-16,9259,9379,9190,9319,370692,14.06
2025-04-17,9369,9429,9289,9319,269403,14.06
2025-04-18,9289,9449,9269,9359,172074,14.05
2025-04-21,9399,9817,9349,9807,522860,14.05
2025-04-22,9807,9976,9757,9917,854952,14.04
2025-04-23,10106,10335,10036,10245,1440602,14.08
2025-04-24,10255,10335,10175,10235,637115,14.08
2025-04-25,10345,10454,10195,10355,978790,14.06
2025-04-28,10255,10504,10245,10375,717598,14.07
2025-04-29,10404,10892,10375,10823,1670128,14.12
2025-04-30,10833,11798,10833,11798,6347041,14.5
2025-05-02,11778,12007,11659,11918,2032358,14.54
2025-05-07,12027,12236,11848,11928,1503337,14.51
2025-05-08,11878,12177,11778,12117,1467279,14.45
2025-05-09,12137,12246,11749,11828,1363390,14.46
2025-05-12,11938,12784,11898,12545,2131781,14.39
2025-05-13,12495,12844,12306,12794,1296618,14.35
2025-05-14,12874,13143,12724,12784,1477086,14.34
2025-05-15,12784,12973,12525,12714,1245495,14.37
2025-05-16,12774,13083,12446,13003,1180903,14.39
2025-05-19,13003,13013,12396,12724,1797981,14.34
2025-05-20,12914,13242,12744,12814,1120991,14.31
2025-05-21,12943,13501,12933,13501,2042503,14.25
2025-05-22,13431,13491,13222,13372,1286783,14.18
2025-05-23,13471,13830,13262,13531,1172605,14.13
2025-05-26,13720,13720,13372,13610,675154,14.11
2025-05-27,13511,13521,13043,13342,1803808,14.08
2025-05-28,13352,13760,13272,13381,1160620,14.04
2025-05-29,14437,17394,13471,16488,13032404,13.94
2025-05-30,16468,16518,15333,15482,6107781,13.7
2025-06-02,15701,16080,14965,15552,4030653,13.66
2025-06-04,15930,18021,15891,17613,12693493,13.66
2025-06-05,17613,17822,17016,17743,4204026,13.55
2025-06-09,18021,19475,17683,17932,7092953,13.55
2025-06-10,18270,18499,17713,18091,3375385,13.45
2025-06-11,17962,19694,17713,19356,5294862,13.44
2025-06-12,19206,19814,18917,19166,4413764,13.33
2025-06-13,19515,19634,18450,18977,3006805,13.29
2025-06-16,18917,19784,18639,19784,2938102,13.31
2025-06-17,20212,21307,19575,20013,4934953,13.31
2025-06-18,19873,20959,19724,20063,2689414,13.31
2025-06-19,20411,20411,19376,19853,2221842,13.25
2025-06-20,19853,20063,19286,19445,6271010,13.16
2025-06-23,18927,25240,18868,21456,15632692,13.32
2025-06-24,22751,23995,21954,22452,8111818,13.05
2025-06-25,22801,23697,22104,23348,7864741,12.84
2025-06-26,22651,22751,20859,21755,7093922,12.46
2025-06-27,21805,21855,20959,21257,4049595,12.29
2025-06-30,21656,22104,21008,21357,3248911,12.21
2025-07-01,22004,22850,21456,21556,4950469,12.1
2025-07-02,21905,22104,20660,21208,3737939,12.02
2025-07-03,21257,22153,21008,21456,2937370,12.03
2025-07-04,21357,21407,19246,19296,6417889,12.26
2025-07-07,18529,19794,18499,19405,4158445,12.41
2025-07-08,19296,20660,19256,20610,4553157,12.4
2025-07-09,21506,22950,21058,22004,7908376,12.32
2025-07-10,21855,22502,21208,22054,4377008,12.31
2025-07-11,22303,22502,21606,21855,2672974,12.28
2025-07-14,21456,22104,21257,22054,2498748,12.31
2025-07-15,22054,22850,21656,22452,2542169,12.32
2025-07-16,22054,22104,20809,20859,4456007,12.28
2025-07-17,21008,21257,20610,20959,2062978,12.34
2025-07-18,21058,21158,20112,20610,2571696,12.39
2025-07-21,20162,20660,20013,20311,2078172,12.43
2025-07-22,20710,20959,19913,20112,2587946,12.46
2025-07-23,20212,20311,19515,20063,2319718,12.48
2025-07-24,20112,20461,19415,19575,2460510,12.51
2025-07-25,19405,20162,19405,20013,2050881,12.58
2025-07-28,19873,20063,18489,19196,2646149,12.64
2025-07-29,19117,19376,18718,19276,1946511,12.67
2025-07-30,19545,19824,18898,19017,1877447,12.66
2025-07-31,19077,19395,18858,19007,2765135,12.82
2025-08-01,18599,18669,17822,17842,3426134,13.04
2025-08-04,17842,18211,17673,18041,2055296,13.01
2025-08-05,18300,18609,18011,18181,1773639,12.99
2025-08-06,18091,18768,18031,18639,1765801,12.95
2025-08-07,19146,19395,18420,18818,3560112,12.8
2025-08-08,18758,19017,18569,18818,1263597,12.83
2025-08-11,18808,18808,17872,18280,2327574,12.93
2025-08-12,18240,19276,18230,18639,2660318,12.98
2025-08-13,18997,19047,18489,18788,1355627,12.99
2025-08-14,18878,18937,18619,18728,1152756,13.02
2025-08-18,18549,18569,18101,18191,1562701,13.06
2025-08-19,18230,18400,17892,18121,1271420,13.1
2025-08-20,17733,17902,17026,17713,2317431,13.19
2025-08-21,17713,17992,17693,17812,1184948,13.24
2025-08-22,17733,18061,17623,17713,1065524,13.17
2025-08-25,17982,18748,17982,18221,3147121,13.21
2025-08-26,18250,18250,17723,17753,1580568,13.18
2025-08-27,17852,18071,17504,17962,1351841,13.21
2025-08-28,17822,19366,17753,19007,5381971,13.3
2025-08-29,19296,19356,18997,19067,2101169,13.16
2025-09-01,19027,19246,18708,18758,1257896,13.13
2025-09-02,18788,18908,18559,18639,1145499,13.11
2025-09-03,18469,18619,18290,18440,1264164,13.13
2025-09-04,18479,19027,18340,19027,1234143,13.18
2025-09-05,19017,19186,18748,18927,934335,13.13
2025-09-08,18937,19744,18808,19614,2330124,13.07
2025-09-09,19963,21954,19714,21905,7336940,13.16
2025-09-10,22602,22900,21905,22602,5432512,12.99
2025-09-11,22203,22801,21208,21656,6653311,13.07
2025-09-12,22552,22552,21755,22004,2865050,13.14
2025-09-15,22801,23547,22353,22751,5391888,13.17
2025-09-16,22950,23000,22303,22552,2463709,13.08
2025-09-17,22253,22303,21506,21905,2204593,13.11
2025-09-18,22452,22502,21755,22502,2537279,13.0
2025-09-19,22253,22602,21905,21954,2548888,12.93
2025-09-22,21855,22402,21705,22054,1389658,12.87
2025-09-23,22004,22153,21158,21208,2386390,12.92
2025-09-24,21058,21307,19963,20411,2906819,13.07
2025-09-25,20262,20809,19903,20311,2604631,13.01
2025-09-26,21058,21108,20311,20511,4483023,13.02
2025-09-29,21257,22552,21158,21905,6216948,13.01
2025-09-30,21954,22004,21208,21257,1964441,12.94
2025-10-01,21357,21407,20660,20909,1774691,12.9
2025-10-02,21257,22751,21058,21606,4668233,13.03
2025-10-10,22203,22552,21705,21855,2981127,13.02
2025-10-13,21307,21307,20859,21307,1852085,12.97
2025-10-14,21407,21506,20311,20461,2466501,12.97
2025-10-15,20610,21407,20461,21357,2106354,12.94
2025-10-16,21805,22651,21606,22104,3269256,12.96
2025-10-17,21705,22054,21257,21456,2201729,12.87
2025-10-20,21855,25365,21307,25141,9264276,13.02
2025-10-21,25340,25340,23747,23896,4996483,12.84
2025-10-22,23846,23995,23000,23647,3175544,12.71
2025-10-23,23149,23448,22552,22850,3073937,12.6
2025-10-24,23647,24593,23448,24195,4117381,12.57
2025-10-27,25190,27182,24792,25688,7331931,12.48
2025-10-28,25091,26012,24742,25837,3143925,12.43
2025-10-29,26086,26086,25091,25738,2628446,12.3
2025-10-30,26534,27231,25539,25589,4003097,12.12
2025-10-31,25589,27231,25439,26186,4001543,12.11
2025-11-03,26684,27680,26236,27381,3830125,12.0
2025-11-04,26983,27032,25489,25539,4011471,11.77
2025-11-05,25190,25389,23697,24643,6485521,11.68
2025-11-06,25389,25439,22004,23547,16904399,11.58
2025-11-07,23050,23946,22452,23000,6419300,11.65
2025-11-10,23647,24493,23547,23796,6817108,11.5
2025-11-11,23896,24045,22602,22850,5617152,11.43
2025-11-12,23199,24792,22801,24444,6626652,11.47
2025-11-13,24493,24792,23896,24444,4038314,11.38
2025-11-14,23697,24195,23149,23298,4071218,11.35
2025-11-17,23547,23597,22602,22950,2687637,11.28
2025-11-18,22552,22801,21556,21805,4015186,11.25
2025-11-19,22104,22353,21357,22054,2673872,11.27
2025-11-20,22701,22950,22153,22153,2839857,11.2
2025-11-21,21158,21506,20959,21058,2963049,11.18
2025-11-24,21456,22054,20909,21108,5566636,11.16
2025-11-25,21407,21855,20610,20909,2912996,11.11
2025-11-26,21307,22402,21307,22402,3742475,11.13
2025-11-27,22402,22502,21905,22104,2322479,11.09
2025-11-28,22253,22303,21656,21755,2145501,11.03
2025-12-01,21954,22452,21456,21805,2420746,11.05
2025-12-02,21905,22452,21506,21656,3103998,10.95
2025-12-03,21755,22801,21606,22153,4451608,10.96
2025-12-04,22153,22153,21456,21705,2776391,10.89
2025-12-05,21705,21855,21357,21755,2378357,10.87
2025-12-08,21855,22353,21556,21805,1965611,10.86
2025-12-09,21805,21805,21407,21556,1811369,10.88
2025-12-10,21556,21556,21307,21307,1432770,10.89
2025-12-11,21556,22004,21257,21307,3958469,10.9
2025-12-12,21606,22203,21307,22104,3580279,11.01
2025-12-15,21556,21730,21257,21357,2462807,10.89
2025-12-16,21307,21855,21208,21307,2736996,10.9
2025-12-17,21456,21456,20063,20361,5551869,10.65
2025-12-18,19913,22303,19764,22004,11660569,10.95
2025-12-19,22303,24145,21954,22602,19504810,11.06
2025-12-22,22850,23846,22552,22900,8582663,10.99
2025-12-23,24692,24692,23050,23796,17563795,10.9
2025-12-24,23995,24344,23000,23050,5781479,10.9
2025-12-26,23149,23697,22602,22801,5055988,10.88
2025-12-29,22552,23846,22452,23597,4473373,10.94
2025-12-30,23448,23498,22850,23249,2506380,10.89
2026-01-02,23199,24643,22502,24543,5561194,11.03
2026-01-05,24941,25788,24593,25389,4586050,10.98
2026-01-06,25290,28825,25190,28576,17524697,11.64
2026-01-07,28576,28825,27082,27879,7152546,11.54
2026-01-08,27879,28028,27132,27530,4089916,11.4
2026-01-09,27829,27829,26385,26983,3858625,11.39
2026-01-12,28227,30268,27779,28526,9857410,11.36
2026-01-13,29123,29123,27928,28327,3142110,11.27
2026-01-14,28277,29422,27779,29372,3807558,11.26
2026-01-15,29870,31264,29671,30617,7122206,11.27
2026-01-16,30866,32459,30268,31065,5856257,11.33
2026-01-19,31314,32309,31015,31812,3942337,11.34
2026-01-20,31314,31364,30268,30567,4166599,11.3
2026-01-21,29024,29945,28924,29621,4021704,11.38
2026-01-22,30368,30716,29621,29721,3692638,11.36
2026-01-23,31314,35346,30915,34649,24067507,11.53
2026-01-26,33554,33604,32061,33156,7419919,11.22
2026-01-27,34002,35247,32608,34649,6099629,11.23
2026-01-28,34649,34998,34052,34649,4599475,11.09
2026-01-29,35147,41121,34550,40673,19828187,11.3
2026-01-30,39727,44407,39429,42565,12954348,11.31
2026-02-02,42913,43113,39229,39877,6381449,11.21
2026-02-03,42864,50580,42266,49734,19131371,11.19
2026-02-04,51277,51725,48788,50978,7613884,11.07
2026-02-05,49037,50680,48987,49385,4757522,11.01
2026-02-06,46797,48639,43909,47792,7782311,10.99
2026-02-09,51775,55957,49435,53169,12871072,10.94
2026-02-10,54165,54264,51576,51675,4907518,10.92
2026-02-11,51277,51974,50082,51078,3531700,10.96
2026-02-12,53169,53766,51675,53169,5457932,10.96
2026-02-13,55957,64321,54463,61334,22496938,11.0
2026-02-19,68503,72386,67208,70195,9778624,10.65
2026-02-20,73979,74078,69000,70593,7102278,10.66
2026-02-23,71191,71490,66710,68005,5640773,10.55
2026-02-24,66312,68602,62827,66810,7797402,10.33
2026-02-25,70793,75572,68104,72585,8722296,10.53
2026-02-26,72087,73481,70195,73282,5276712,10.53
2026-02-27,72286,76966,71390,71689,6875054,10.49
2026-03-03,69498,70793,66312,66312,4707707,10.49
2026-03-04,62230,65615,55758,56256,8908726,10.57
2026-03-05,64818,68702,63922,64918,7128925,10.39
2026-03-06,65117,67905,62728,66810,4170811,10.22
2026-03-09,61134,63922,58745,63922,4685963,10.22
2026-03-10,68104,68204,63624,64321,4537247,10.11
2026-03-11,67806,74178,67308,71091,12212256,10.36
2026-03-12,71191,71788,68702,70096,4113208,10.11
2026-03-13,67009,71091,66212,69200,3571790,9.97
2026-03-16,70700,73000,69200,70900,4166413,9.87
2026-03-17,72600,72700,69000,69100,3225955,9.75
2026-03-18,71000,71300,69300,69900,3198774,9.89
2026-03-19,67600,68500,66600,66700,2521922,9.86
2026-03-20,67700,69400,67500,67700,3126897,9.91
2026-03-23,65000,65000,61600,61900,2920975,9.71
2026-03-24,65200,65200,59600,61100,3162432,9.67
2026-03-25,63700,68800,62900,67300,5318315,9.75
2026-03-26,69700,69800,65100,65300,3636452,9.69
2026-03-27,63200,67200,62400,67100,2969987,9.67
2026-03-30,63100,63800,62100,62700,1861721,9.63
2026-03-31,60900,63500,60700,61600,2624633,9.62
2026-04-01,65000,68300,64300,66600,3425693,9.71
2026-04-02,67700,68000,60800,61600,3747624,9.55
2026-04-03,64000,65100,62300,63100,2222259,9.67
2026-04-06,63400,64500,61700,63200,1648201,9.67
2026-04-07,64200,65000,61100,61500,2418336,9.57
2026-04-08,66600,68000,65300,67700,3421784,9.74
2026-04-09,66900,68300,65900,67700,2187495,9.69
2026-04-10,68500,68600,66500,66500,1813658,9.59
2026-04-13,64900,66500,64400,65300,1563776,9.58
2026-04-14,67400,74100,67100,72400,9966408,9.76
2026-04-15,73400,73500,69600,69700,4656261,9.52
2026-04-16,71800,72300,70000,71300,1992525,9.49
2026-04-17,71300,72600,70000,70400,2194030,9.43
2026-04-20,70000,70300,68700,69000,1556491,9.39
2026-04-21,69900,70200,68000,68800,2185006,9.34
2026-04-22,68800,71000,68200,69100,2457080,9.32
2026-04-23,70400,71000,65700,67700,3165522,9.17
2026-04-24,67900,68000,66600,66900,1587432,9.17
2026-04-27,67600,70400,66100,68700,3580422,9.25
2026-04-28,68700,70800,67900,68500,2888899,9.3
2026-04-29,68100,68200,66900,67700,1504853,9.2
2026-04-30,67800,68600,64700,64800,2436151,9.06
2026-05-04,66500,71700,65900,70300,6411137,9.49
2026-05-06,75500,87800,73200,83800,20671110,9.8
2026-05-07,82800,82800,75700,79000,6916966,9.4
2026-05-08,76700,82700,76500,79600,5179982,9.33
2026-05-11,83500,85500,79400,79400,4010526,9.14
2026-05-12,81600,82700,69200,74300,7810686,8.96
2026-05-13,73300,74500,70700,72900,2858841,8.83
2026-05-14,73700,74100,71200,72300,2818438,8.7
2026-05-15,75000,77400,67600,69900,4453979,8.66
2026-05-18,72000,73400,68400,70500,3418859,8.54
2026-05-19,70500,70900,65100,66400,2861592,8.47
2026-05-20,66300,66600,60700,62000,3732251,8.52
2026-05-21,65100,67600,64000,66500,2650363,8.5
2026-05-22,68700,69000,66700,67500,1923953,8.49
2026-05-26,70100,70700,66800,66900,2409549,8.43
2026-05-27,69000,69100,64300,64500,2633005,8.45
2026-05-28,64200,64400,59000,62000,3307195,8.46
2026-05-29,62300,62800,59600,61400,3576596,8.56
2026-06-01,60200,64300,59400,60900,3533046,8.64
2026-06-02,60300,60300,56900,57800,3390951,8.74
2026-06-04,59200,60500,57000,58300,2297309,8.68
2026-06-05,59800,60200,55500,56400,3519583,8.54
2026-06-08,50100,52500,48800,49750,4409363,8.69
2026-06-09,51100,51800,49300,51500,3230522,8.82
2026-06-10,52200,52700,49100,51200,2929989,8.75
2026-06-11,49200,51100,45650,51100,7119779,8.41
2026-06-12,54200,55900,52100,52300,4093555,8.45
2026-06-15,50500,53700,50300,51600,4502711,8.63
2026-06-16,52800,55400,50900,51300,3828119,8.61
2026-06-17,51500,51600,50100,50400,2141472,8.66
2026-06-18,52200,52700,50100,50700,3028039,8.63
2026-06-19,50100,50300,47600,48750,4037570,8.86
2026-06-22,46400,47150,45100,46100,3457882,9.11
2026-06-23,45800,46500,42000,42150,4690662,9.46
2026-06-24,40350,42950,40350,41750,3440048,9.61
2026-06-25,42700,45500,42250,43450,4210166,9.61
2026-06-26,42500,42700,38750,40250,3149592,9.62
2026-06-29,40250,43850,39350,43550,3050671,9.54
2026-06-30,43550,44400,42700,42750,2507824,9.43
