date,open,high,low,close,volume,foreign_ownership_ratio
2016-07-01,50300,50800,50200,50200,223228,17.28
2016-07-04,50400,50700,50100,50300,162523,17.31
2016-07-05,50300,50400,49300,49400,452765,17.16
2016-07-06,49000,49300,48150,48200,421970,16.97
2016-07-07,48600,49400,48350,48350,321586,16.96
2016-07-08,48200,48250,46550,46700,817022,16.97
2016-07-11,46800,47600,46750,47400,273681,17.01
2016-07-12,47400,47900,47000,47600,246048,16.99
2016-07-13,48000,49900,48000,49850,699889,17.13
2016-07-14,49850,52500,49850,52200,1250270,17.35
2016-07-15,53100,53200,51900,52000,522093,17.39
2016-07-18,52600,53000,51900,52100,278023,17.39
2016-07-19,52000,52700,51600,51800,238635,17.57
2016-07-20,51800,52600,51000,52400,261720,17.72
2016-07-21,52500,52500,51700,52300,174282,17.75
2016-07-22,52600,55700,52500,55300,1803686,18.08
2016-07-25,55700,56100,54600,55800,630862,17.97
2016-07-26,55400,56000,54900,55900,309016,17.94
2016-07-27,55600,56100,55200,55900,256359,17.94
2016-07-28,56000,56300,54600,55000,354193,17.99
2016-07-29,55000,56200,54400,55200,419010,18.11
2016-08-01,55800,57500,55700,57400,675921,18.22
2016-08-02,57400,57500,56200,56300,320505,18.15
2016-08-03,56300,56300,54900,55200,372533,18.12
2016-08-04,56300,59000,56300,58800,1198425,18.31
2016-08-05,59300,60000,58500,58900,670444,18.16
2016-08-08,59800,60500,58500,58600,469234,18.12
2016-08-09,58400,59600,58400,59500,239844,18.25
2016-08-10,59500,59600,58100,58300,388405,18.27
2016-08-11,58000,58800,57100,58700,355874,18.31
2016-08-12,58700,59100,58200,58600,240263,18.24
2016-08-16,58900,59000,57500,57600,254317,18.34
2016-08-17,57400,58300,57300,58000,160786,18.39
2016-08-18,58000,61500,58000,61300,1158876,18.47
2016-08-19,61300,61300,59900,60100,553222,18.34
2016-08-22,60200,61400,59700,60000,427682,18.36
2016-08-23,60300,60700,59200,59300,339312,18.34
2016-08-24,59400,60000,58000,58800,380047,18.44
2016-08-25,58800,59800,58400,59500,337081,18.54
2016-08-26,58700,59200,57500,57800,431214,18.55
2016-08-29,57000,57300,56300,56700,347676,18.68
2016-08-30,56900,57100,54400,54800,851065,18.72
2016-08-31,54400,54900,53100,53200,660790,18.69
2016-09-01,52300,52800,51000,52000,925078,18.75
2016-09-02,51600,52800,51400,52700,495837,18.65
2016-09-05,52300,52900,52000,52600,480293,18.61
2016-09-06,53000,53700,52300,53600,525523,18.59
2016-09-07,53800,53900,52900,53000,291165,18.48
2016-09-08,52900,53200,52500,52500,275440,18.44
2016-09-09,52300,53000,51300,51600,377353,18.42
2016-09-12,50000,50300,47400,47700,1958606,18.27
2016-09-13,48700,49850,48500,48700,808938,18.4
2016-09-19,48300,49450,48250,48750,440261,18.29
2016-09-20,48600,49650,48600,48900,348114,18.27
2016-09-21,49050,50000,49000,49900,428777,18.25
2016-09-22,49800,50300,49500,49550,318642,18.16
2016-09-23,49200,49700,49000,49150,387974,18.17
2016-09-26,49200,49250,48600,48700,269044,18.14
2016-09-27,48650,49100,48500,48950,169590,18.11
2016-09-28,48800,49200,48350,48350,287724,18.07
2016-09-29,48750,49600,48500,49350,329197,17.99
2016-09-30,49350,49350,48700,48900,229223,17.94
2016-10-04,49150,49550,49000,49050,171497,17.86
2016-10-05,49050,49050,48350,48400,306708,17.73
2016-10-06,48600,48850,48350,48450,298717,17.71
2016-10-07,48350,48750,48050,48150,262355,17.7
2016-10-10,47150,48900,47100,47800,490727,17.87
2016-10-11,48100,48200,47300,47500,385295,17.84
2016-10-12,47000,48150,47000,48050,229350,17.81
2016-10-13,48050,48150,47200,47300,240839,17.75
2016-10-14,47250,47800,47250,47550,182098,17.76
2016-10-17,47850,47850,47300,47300,182420,17.72
2016-10-18,47150,47500,47100,47300,149976,17.69
2016-10-19,47300,47950,47300,47350,175710,17.63
2016-10-20,47400,47450,47100,47100,221477,17.53
2016-10-21,47350,48750,47050,48150,375137,17.56
2016-10-24,48700,49050,48200,48350,258556,17.52
2016-10-25,48350,48400,47750,47800,217204,17.48
2016-10-26,47850,47900,47100,47250,223924,17.46
2016-10-27,47300,48350,47300,48000,277896,17.38
2016-10-28,48100,48450,47400,48350,248303,17.34
2016-10-31,48200,48200,47100,47100,323617,17.17
2016-11-01,47100,47200,46300,46550,256549,17.06
2016-11-02,46100,46200,45350,45400,369063,16.91
2016-11-03,44950,46350,44800,45950,229151,16.84
2016-11-04,46000,46400,45350,45600,242692,16.76
2016-11-07,46250,47900,46100,47800,364493,16.82
2016-11-08,48400,48450,47200,48000,168677,16.8
2016-11-09,48350,48350,45850,47000,471024,16.87
2016-11-10,47500,48000,47150,47950,276778,16.9
2016-11-11,47550,47650,46800,46850,233490,16.81
2016-11-14,47050,47150,46400,46800,192320,16.78
2016-11-15,48700,51000,48650,49900,1766428,16.87
2016-11-16,50700,50900,48650,49050,670298,16.66
2016-11-17,49000,49950,48550,48850,315940,16.72
2016-11-18,48850,49100,48000,48100,323121,16.65
2016-11-21,47950,48450,47450,48150,212684,16.6
2016-11-22,48050,48100,47200,47650,413190,16.56
2016-11-23,47500,47750,47000,47000,279727,16.55
2016-11-24,47000,47000,45750,45850,345782,16.54
2016-11-25,45850,46500,45650,46150,142528,16.52
2016-11-28,45800,46750,45800,46300,146642,16.59
2016-11-29,45950,46850,45950,46500,154982,16.58
2016-11-30,46800,47000,46300,46300,284271,16.51
2016-12-01,46500,47000,45900,46750,209680,16.51
2016-12-02,46450,46800,46250,46600,153604,16.41
2016-12-05,46450,46500,45800,46000,268606,16.27
2016-12-06,46100,46700,46100,46250,371954,16.18
2016-12-07,46500,46650,45300,45750,444773,16.09
2016-12-08,46100,46200,45350,45350,685196,15.86
2016-12-09,45150,45800,44900,45700,352700,15.8
2016-12-12,45700,46250,45500,45550,299953,15.73
2016-12-13,45750,45950,45550,45750,288448,15.55
2016-12-14,46000,46500,45850,45950,319640,15.47
2016-12-15,46050,46300,45850,46200,247693,15.39
2016-12-16,46200,46400,45750,45900,327448,15.34
2016-12-19,46000,47750,46000,47550,662942,15.34
2016-12-20,47550,48350,47050,47950,511987,14.99
2016-12-21,48350,49200,47700,47750,664323,14.97
2016-12-22,47750,48450,47650,48100,306607,14.8
2016-12-23,48150,49450,48100,49400,578728,14.64
2016-12-26,49800,49800,48950,49350,338554,14.68
2016-12-27,49450,50700,49400,50300,729946,14.68
2016-12-28,50200,50800,49600,50400,523014,14.56
2016-12-29,50400,50900,49850,50800,331263,14.59
2017-01-02,50400,50800,49850,50500,264982,14.68
2017-01-03,51000,52300,50800,52100,545167,14.79
2017-01-04,51800,52100,51300,51700,355343,14.75
2017-01-05,51900,52400,51500,52000,281546,14.72
2017-01-06,52200,52800,51800,51900,265249,14.65
2017-01-09,52000,52000,50400,50700,479405,14.54
2017-01-10,50800,51900,50600,50700,379145,14.55
2017-01-11,50700,51800,50300,51500,332095,14.68
2017-01-12,51300,52300,51100,51900,286429,14.67
2017-01-13,51400,51700,50700,50800,322325,14.64
2017-01-16,50700,51300,50300,50500,302482,14.71
2017-01-17,50300,51100,50300,50600,231985,14.7
2017-01-18,50600,52700,50600,52600,660671,14.78
2017-01-19,53100,53100,52000,52200,469082,14.7
2017-01-20,52400,53400,52100,52900,476761,14.64
2017-01-23,53500,54800,53500,54200,768183,14.68
2017-01-24,54100,54800,53900,54700,409267,14.68
2017-01-25,54500,57400,54500,56600,1195913,14.92
2017-01-26,56900,58100,55700,56400,899782,14.91
2017-01-31,56400,57200,56000,56700,390338,14.91
2017-02-01,56800,57300,55200,56700,569978,14.97
2017-02-02,56300,57800,55600,55900,593896,15.05
2017-02-03,55900,56600,55300,56000,411571,15.12
2017-02-06,56600,56600,55600,56200,258381,15.21
2017-02-07,56400,56500,55800,56100,224546,15.2
2017-02-08,56100,56200,54700,55100,523030,15.35
2017-02-09,55100,57400,55000,57400,667152,15.43
2017-02-10,57600,57800,56500,56600,430606,15.23
2017-02-13,56900,57000,55100,55500,426847,15.24
2017-02-14,55600,56400,55000,55600,340861,15.26
2017-02-15,55400,56600,55100,56600,382765,15.28
2017-02-16,56900,59300,56900,58800,1451066,15.99
2017-02-17,58200,59600,58000,59200,693416,16.13
2017-02-20,60000,60300,59200,59700,547849,16.13
2017-02-21,59700,60200,59400,59900,368933,16.21
2017-02-22,60100,60200,59400,59900,278175,16.26
2017-02-23,60100,61300,59700,60800,493987,16.32
2017-02-24,61100,61100,57600,58300,855809,16.34
2017-02-27,58400,58500,57300,58000,495145,16.48
2017-02-28,58400,58800,57800,58500,361623,16.51
2017-03-02,59100,59300,58200,58300,385869,16.45
2017-03-03,57700,58800,57600,58700,250008,16.52
2017-03-06,58800,60200,58300,59800,467025,16.73
2017-03-07,60000,60400,59700,60000,358215,16.75
2017-03-08,60100,60900,59500,60100,353473,16.79
2017-03-09,59900,60100,58600,58600,432363,16.88
2017-03-10,59000,59400,57900,58800,354570,16.92
2017-03-13,58800,61400,58800,61200,729098,17.08
2017-03-14,61300,62500,61100,62200,745728,17.25
2017-03-15,62300,63500,62300,62700,517711,17.34
2017-03-16,63300,64000,62500,64000,746832,17.52
2017-03-17,63900,66800,63500,66300,1159979,17.71
2017-03-20,66700,67400,65900,66900,543321,17.75
2017-03-21,67000,67500,65600,67400,647728,17.82
2017-03-22,66600,68400,66400,67600,471131,17.94
2017-03-23,68100,68100,66600,67400,477059,17.94
2017-03-24,67500,68900,67400,68200,405708,17.95
2017-03-27,68100,68500,66200,66300,511488,18.0
2017-03-28,66800,67700,65500,66000,486924,18.04
2017-03-29,66400,69400,65600,69000,993872,18.2
2017-03-30,69800,70400,68300,69200,703041,18.14
2017-03-31,69200,70300,68800,69500,438173,18.24
2017-04-03,70000,70000,68300,69000,329334,18.25
2017-04-04,68400,68500,67100,67600,483022,18.2
2017-04-05,66600,68200,66000,68100,606466,18.36
2017-04-06,67900,68600,67300,68600,319483,18.39
2017-04-07,68300,69000,67100,67900,408976,18.33
2017-04-10,68000,69900,67700,68700,563643,18.35
2017-04-11,68400,68800,67400,68000,386208,18.23
2017-04-12,68300,69500,68200,69200,399233,18.32
2017-04-13,69400,69700,68300,69200,395851,18.15
2017-04-14,68700,69000,66800,67500,494310,18.04
2017-04-17,67300,68000,67100,67400,244812,18.06
2017-04-18,67800,68300,67500,68000,303898,18.16
2017-04-19,68200,68500,67700,68200,294538,18.3
2017-04-20,68100,68100,66600,67000,552349,18.34
2017-04-21,67500,69400,67200,69200,738359,18.51
2017-04-24,69800,69800,68800,69300,348238,18.47
2017-04-25,69700,70700,69300,70400,711139,18.59
2017-04-26,70900,71800,69100,70600,1138251,18.63
2017-04-27,71000,72900,70000,72900,1128276,18.9
2017-04-28,72700,74900,72400,73100,806660,19.0
2017-05-02,73100,74500,72400,73000,422194,18.95
2017-05-04,73300,75000,73200,75000,610789,19.32
2017-05-08,75400,76500,74500,76500,716308,19.39
2017-05-10,76700,78000,75900,75900,542400,19.43
2017-05-11,76600,78000,76000,78000,572700,19.46
2017-05-12,78000,78000,76800,77400,424588,19.43
2017-05-15,77600,77600,75400,76400,484475,19.47
2017-05-16,77000,77900,76100,76800,407480,19.51
2017-05-17,76300,77100,76100,76600,316465,19.52
2017-05-18,75500,76300,75200,75600,408268,19.52
2017-05-19,75900,79300,75900,78600,860919,19.71
2017-05-22,79700,80300,78900,79400,491747,19.66
2017-05-23,79800,81400,79800,81000,702921,19.7
2017-05-24,81700,83100,81500,83100,766024,19.8
2017-05-25,83200,83300,81700,82400,560600,19.73
2017-05-26,82600,83100,81700,82300,452177,19.65
2017-05-29,82900,84400,82900,84100,501168,19.7
2017-05-30,84700,84800,82500,83000,552819,19.83
2017-05-31,82800,82800,81500,82500,796415,19.96
2017-06-01,82400,82600,81800,82000,291177,20.02
2017-06-02,82600,83900,82300,83800,485700,19.97
2017-06-05,84100,84400,82600,83500,339859,20.11
2017-06-07,83200,84000,82800,82900,374869,20.16
2017-06-08,83700,85900,82900,85200,949152,20.46
2017-06-09,85800,86400,84700,86100,523707,20.28
2017-06-12,85100,85700,82300,82400,1006493,20.02
2017-06-13,81700,84000,81700,83700,579653,20.1
2017-06-14,84800,86400,84500,85100,723879,20.21
2017-06-15,84200,86400,84200,86000,621311,20.42
2017-06-16,85600,89500,85500,89400,1111493,21.05
2017-06-19,90300,94300,89900,93800,1173788,21.04
2017-06-20,95400,96500,93400,94100,801933,21.0
2017-06-21,93200,96100,91000,95000,824813,21.04
2017-06-22,96300,100000,96000,100000,1925614,21.29
2017-06-23,101500,102500,99100,100500,729619,21.34
2017-06-26,101000,110000,99600,110000,1520608,21.62
2017-06-27,110500,112000,106500,109500,1404877,21.52
2017-06-28,106500,108000,102000,102500,1868011,21.37
2017-06-29,104500,105500,99900,101500,1771828,21.21
2017-06-30,99500,103000,98700,102000,1157677,21.28
2017-07-03,101500,103000,96600,97500,1559815,21.09
2017-07-04,97200,99800,96400,98100,1035575,21.18
2017-07-05,98900,103000,98700,101500,1277231,20.97
2017-07-06,103000,104000,98500,99800,1256348,20.93
2017-07-07,98500,102000,98500,99300,698903,20.98
2017-07-10,101000,101500,98500,99300,560828,20.94
2017-07-11,100000,102000,99500,102000,812891,20.95
2017-07-12,103000,104000,99600,100000,717474,20.85
2017-07-13,101500,106500,100500,104500,1521245,21.12
2017-07-14,106000,108500,103500,104000,1009714,20.93
2017-07-17,105500,106500,103500,106000,691856,20.9
2017-07-18,105500,107000,104500,105500,432968,20.97
2017-07-19,106000,106500,101000,102000,992179,20.9
2017-07-20,102500,103000,99700,102000,886832,20.92
2017-07-21,102000,106000,101000,106000,1142843,21.09
2017-07-24,108000,109000,105000,106500,996745,20.97
2017-07-25,106500,107000,103000,103500,695550,20.79
2017-07-26,102500,103500,99100,99500,1337274,20.72
2017-07-27,99500,102500,99300,100000,840017,20.71
2017-07-28,99100,99400,91500,91900,2581821,20.56
2017-07-31,90500,94700,89100,93700,1449073,20.88
2017-08-01,92300,95200,92000,92600,1074159,20.96
2017-08-02,95900,96800,94300,95200,1106105,20.99
2017-08-03,95700,96000,91600,92700,929298,20.91
2017-08-04,92600,94300,90500,93700,797859,20.92
2017-08-07,94400,95300,93700,93800,519340,20.86
2017-08-08,94300,96500,94300,96200,688875,20.9
2017-08-09,95300,95800,92600,92800,748961,20.62
2017-08-10,92000,94400,90200,92600,1035210,20.55
2017-08-11,90100,91500,89100,91100,888162,20.58
2017-08-14,92800,95300,92200,94800,695261,20.68
2017-08-16,96500,97300,95000,95600,747342,20.56
2017-08-17,95700,97000,95100,96100,498189,20.5
2017-08-18,94500,97000,93600,96800,579051,20.41
2017-08-21,96800,101000,96700,98700,837282,20.47
2017-08-22,100000,101000,98700,99100,564678,20.36
2017-08-23,100500,100500,97300,97700,747693,20.25
2017-08-24,97900,99900,97200,98400,729506,20.41
2017-08-25,99000,99300,96800,98000,569039,20.47
2017-08-28,98600,99700,97500,98300,415055,20.45
2017-08-29,97800,98200,95900,97200,636513,20.44
2017-08-30,98000,99900,97500,99900,705687,20.58
2017-08-31,101000,102500,100000,101000,778017,20.66
2017-09-01,102000,102500,99000,100000,645189,20.44
2017-09-04,96000,98800,96000,97300,745705,20.41
2017-09-05,98200,99100,96400,99100,619962,20.41
2017-09-06,98800,100500,98300,100500,523871,20.46
2017-09-07,101000,102000,100000,101000,594225,20.5
2017-09-08,102000,104000,101500,104000,1099494,20.79
2017-09-11,106000,109000,105500,109000,1348094,21.06
2017-09-12,110000,110000,107000,109500,720070,20.97
2017-09-13,109000,111000,107500,108500,817277,21.04
2017-09-14,109000,110000,107500,108000,694108,21.06
2017-09-15,107000,112000,107000,112000,1008166,21.15
2017-09-18,113000,114500,110000,110500,1027445,21.0
2017-09-19,110500,111000,108000,109000,648841,21.06
2017-09-20,109500,111000,108000,109000,665160,21.06
2017-09-21,109500,109500,104000,105500,1009950,20.93
2017-09-22,105000,108500,101500,103000,889375,20.96
2017-09-25,102500,105500,101500,103500,732786,21.0
2017-09-26,103000,104000,99900,101500,725883,20.94
2017-09-27,102500,103500,100000,102500,505583,20.9
2017-09-28,103000,104000,100000,101000,606027,20.78
2017-09-29,101000,102000,99200,102000,749117,20.99
2017-10-10,103500,107500,102500,107000,908194,21.14
2017-10-11,107500,109000,104500,105000,825625,20.7
2017-10-12,105000,106000,101500,102500,974908,20.64
2017-10-13,102000,102500,99700,99800,1287527,20.74
2017-10-16,100000,101000,95200,96300,1349042,20.83
2017-10-17,97900,99500,97900,99300,654346,20.94
2017-10-18,99200,99400,95800,96100,779305,20.85
2017-10-19,95800,98200,95200,95800,779355,20.87
2017-10-20,96000,99300,96000,99300,669218,21.08
2017-10-23,100000,101000,98500,100500,530230,21.04
2017-10-24,99800,99900,97500,97500,534149,20.97
2017-10-25,98200,98400,96700,97200,390236,20.99
2017-10-26,97200,99500,96700,96800,595747,21.03
2017-10-27,97200,97500,96300,97200,371313,21.09
2017-10-30,99000,103000,97700,103000,1490876,21.39
2017-10-31,104500,105000,102500,104000,931524,21.56
2017-11-01,104500,106000,103500,105000,786437,21.66
2017-11-02,105000,105000,101000,101500,585369,21.51
2017-11-03,103000,103500,100500,102500,387200,21.5
2017-11-06,101500,102000,99500,100000,580649,21.5
2017-11-07,100000,104000,98800,104000,865030,21.54
2017-11-08,104000,105000,103000,105000,530563,21.65
2017-11-09,105500,105500,103000,103500,566908,21.74
2017-11-10,102500,104500,102000,104500,451315,21.82
2017-11-13,103500,104000,100000,100000,751762,21.69
2017-11-14,99600,101000,98600,100000,593942,21.65
2017-11-15,100500,100500,98800,100500,454300,21.74
2017-11-16,100500,105000,99800,104500,1050911,22.02
2017-11-17,107500,110000,106500,109000,2119111,22.42
2017-11-20,110500,111000,106500,108000,839934,22.37
2017-11-21,108500,109500,107000,108500,774120,22.16
2017-11-22,109500,110000,107000,109500,912181,22.01
2017-11-23,109000,109500,107000,108000,584419,22.02
2017-11-24,107500,108000,105500,107000,524087,22.01
2017-11-27,107500,108500,102000,103000,954687,21.93
2017-11-28,102500,104500,100000,102500,768468,21.78
2017-11-29,102500,104000,102000,103000,314177,21.73
2017-11-30,100000,102000,99500,100000,777687,21.61
2017-12-01,100500,103000,99700,102500,489120,21.64
2017-12-04,102500,103000,99000,100500,826989,21.44
2017-12-05,100000,101000,98600,100000,415913,21.44
2017-12-06,100000,101000,97500,97500,996778,21.08
2017-12-07,97500,99500,97400,99000,505920,20.98
2017-12-08,99400,101000,99300,99600,423096,21.0
2017-12-11,101500,101500,99500,100500,301089,20.92
2017-12-12,100500,100500,98400,98800,447408,20.92
2017-12-13,99200,100500,98500,99600,314098,20.82
2017-12-14,100000,101500,98000,98000,745321,20.78
2017-12-15,99700,101500,99600,100500,545369,20.77
2017-12-18,101500,101500,99400,99500,443166,20.64
2017-12-19,101000,103500,100500,102000,965455,20.8
2017-12-20,101500,102500,100500,102000,335712,20.74
2017-12-21,102500,103000,98500,98700,899665,20.35
2017-12-22,98900,100500,97000,99800,543559,20.4
2017-12-26,100000,100000,96700,96700,982523,20.29
2017-12-27,97000,99100,96900,98500,490596,20.27
2017-12-28,98400,100000,96900,100000,568856,20.33
2018-01-02,100000,101500,99500,101000,450651,20.56
2018-01-03,101500,102000,99700,100000,424305,20.59
2018-01-04,101000,101000,98700,98800,407340,20.63
2018-01-05,99900,107000,99400,107000,2045463,21.52
2018-01-08,108000,109500,106000,108500,1202536,21.57
2018-01-09,109000,109500,105500,107000,719512,21.53
2018-01-10,107500,108000,101000,103000,1102888,21.37
2018-01-11,103000,105000,101500,105000,569806,21.4
2018-01-12,105000,106000,102500,104500,749325,21.36
2018-01-15,105000,106000,103000,104500,451938,21.35
2018-01-16,104500,107000,102500,107000,783683,21.36
2018-01-17,107500,107500,104500,105000,548328,21.29
2018-01-18,106000,109000,103500,103500,880014,21.25
2018-01-19,104000,107000,100500,101500,1096995,21.26
2018-01-22,101000,101500,98600,98800,1056405,21.2
2018-01-23,99700,101000,98800,100500,686888,21.16
2018-01-24,100000,101000,99600,100500,365150,21.17
2018-01-25,101000,104000,101000,103000,760927,21.18
2018-01-26,104000,105500,103000,104500,596747,21.15
2018-01-29,105000,109500,104000,108500,1503200,21.33
2018-01-30,109000,109500,105500,105500,911392,21.22
2018-01-31,105000,108500,104500,106500,1351625,21.15
2018-02-01,107500,108500,102000,103000,1289387,20.94
2018-02-02,102500,103000,100000,101000,967324,21.08
2018-02-05,98000,99500,97500,99200,908776,20.88
2018-02-06,95400,97900,94800,97200,996205,20.72
2018-02-07,99400,99500,94700,94900,794658,20.66
2018-02-08,94300,96500,94300,95500,582009,20.72
2018-02-09,92500,93700,92100,92300,603433,20.68
2018-02-12,93100,96600,93100,95800,548966,20.63
2018-02-13,97200,97400,94300,94700,509521,20.52
2018-02-14,95800,97300,95500,97300,401147,20.59
2018-02-19,98500,98800,96900,98100,476791,20.46
2018-02-20,98300,98700,95500,95900,494375,20.36
2018-02-21,96000,96400,94800,96100,420658,20.27
2018-02-22,96100,97200,95600,95900,476378,20.16
2018-02-23,96100,97500,96100,97100,388361,20.16
2018-02-26,98300,98400,95000,95400,602031,20.06
2018-02-27,96300,96500,94500,94700,469458,20.06
2018-02-28,94300,95300,92200,92600,811455,20.03
2018-03-02,91100,91800,90100,91000,645289,19.96
2018-03-05,90600,91100,88900,89000,745131,20.13
2018-03-06,90400,92500,90200,92100,577360,20.12
2018-03-07,92400,93500,90300,91600,621541,20.26
2018-03-08,93000,93100,91000,92400,592541,20.22
2018-03-09,92400,96200,92200,95800,933502,20.41
2018-03-12,98300,98300,95800,96300,857594,20.3
2018-03-13,96300,96400,94100,94700,718429,20.14
2018-03-14,95100,96900,94900,96600,619066,20.14
2018-03-15,96300,97000,95400,96800,330118,20.24
2018-03-16,97200,97500,95700,97500,493469,20.43
2018-03-19,98100,100500,97900,99200,1027422,20.57
2018-03-20,99700,100500,98200,100500,711504,20.63
2018-03-21,101500,102000,100000,101000,529636,20.74
2018-03-22,101000,104000,100000,103500,981309,21.13
2018-03-23,100000,104500,99700,101000,1273666,21.54
2018-03-26,101500,104500,100000,104500,1053061,21.53
2018-03-27,107000,108500,106000,107500,1297754,21.83
2018-03-28,106500,107500,104000,104500,829183,21.76
2018-03-29,105000,107000,104500,107000,610215,21.79
2018-03-30,108000,108000,105500,105500,469977,21.81
2018-04-02,105500,106000,102000,103000,537532,21.88
2018-04-03,101000,107000,101000,106500,756439,21.89
2018-04-04,107500,108000,102500,103000,770801,21.83
2018-04-05,104500,106000,103500,105500,395149,21.88
2018-04-06,104500,107000,104000,106000,453281,21.93
2018-04-09,105000,107000,104500,106000,347661,21.96
2018-04-10,106500,109000,105500,109000,1156433,22.19
2018-04-11,109000,109500,107500,108000,683675,22.14
2018-04-12,109500,116000,108000,115500,2888785,23.09
2018-04-13,118500,120500,116500,118500,1841133,23.66
2018-04-16,119500,126000,118000,126000,1931596,24.34
2018-04-17,126000,129000,124500,128000,1487326,24.67
2018-04-18,127000,128500,124000,128000,1183504,24.64
2018-04-19,128000,129500,123500,124000,814517,24.54
2018-04-20,123000,127500,121500,122000,999005,24.6
2018-04-23,123500,125500,122000,123500,616783,24.51
2018-04-24,123500,124000,116500,117000,1365265,24.31
2018-04-25,115500,119000,114000,117500,1098724,24.34
2018-04-26,118000,123000,116000,118500,1451854,24.12
2018-04-27,122000,123500,119000,121500,895252,24.13
2018-04-30,122500,123500,117000,118500,783512,23.99
2018-05-02,118500,120500,116000,117000,717939,24.09
2018-05-03,117500,118000,109000,110500,2001664,24.13
2018-05-04,111500,116500,111000,115000,1046778,24.49
2018-05-08,116500,120000,116000,116000,747531,24.6
2018-05-09,117500,123000,117000,121500,1287493,25.17
2018-05-10,122500,124000,120500,123000,749772,25.23
2018-05-11,124000,124000,121000,124000,487366,25.36
2018-05-14,123500,125500,119500,125000,750408,25.49
2018-05-15,126500,127000,124500,125500,572997,25.64
2018-05-16,124000,125500,121000,123500,497901,25.78
2018-05-17,124000,125500,117500,118500,1036518,25.72
2018-05-18,120500,122500,119000,120000,580941,25.81
2018-05-21,121500,125500,119000,125500,892586,26.07
2018-05-23,126500,129000,126000,128000,817172,26.49
2018-05-24,129000,130000,127000,129000,439665,26.62
2018-05-25,128000,130000,127000,130000,705159,26.79
2018-05-28,130500,130500,126500,130000,468126,26.78
2018-05-29,129500,132000,128000,129000,366984,26.89
2018-05-30,127500,129000,125000,127500,713957,27.01
2018-05-31,129500,134000,128500,134000,1310135,27.52
2018-06-01,134000,139500,134000,138500,1083841,28.01
2018-06-04,140000,141000,137500,140500,620404,28.23
2018-06-05,141000,141000,138000,139000,401539,28.32
2018-06-07,143000,145000,142000,145000,819096,28.64
2018-06-08,146000,146500,143500,146000,634296,28.95
2018-06-11,145000,147000,143000,145500,454893,29.11
2018-06-12,146000,149000,143000,145000,534440,29.1
2018-06-14,145500,149000,143500,146000,596822,29.26
2018-06-15,148000,148500,139500,146500,884175,29.31
2018-06-18,146500,148000,139500,142000,640980,29.37
2018-06-19,142500,146000,141500,142000,562581,29.31
2018-06-20,145000,153000,143000,152000,1186214,29.59
2018-06-21,155500,158000,153500,154500,1107114,29.76
2018-06-22,153500,156000,148500,151000,866945,29.66
2018-06-25,152500,153500,148500,153500,637697,29.83
2018-06-26,151000,151000,145500,148000,1349560,29.45
2018-06-27,147500,153000,147000,149000,642899,29.57
2018-06-28,149500,152000,147000,149500,404532,29.62
2018-06-29,150000,151000,145000,148500,540056,29.6
2018-07-02,149000,150500,147500,148500,521237,29.75
2018-07-03,151000,154500,147000,151500,781246,29.75
2018-07-04,150000,151000,141500,142500,1033259,29.47
2018-07-05,140500,146000,138500,143000,804403,29.71
2018-07-06,145000,151000,143500,148500,839959,29.93
2018-07-09,153000,158000,152000,155000,897046,30.11
2018-07-10,156500,157500,152500,154500,474999,30.11
2018-07-11,152000,156500,151500,155000,489534,30.21
2018-07-12,156000,158000,154500,156000,457369,30.17
2018-07-13,157000,164000,156500,162500,996142,30.54
2018-07-16,164500,164500,158000,159000,534169,30.45
2018-07-17,158000,160000,154500,156500,488161,30.37
2018-07-18,157500,160000,152000,153500,740398,30.38
2018-07-19,154500,157500,153000,154000,589835,30.32
2018-07-20,153500,157500,147000,150500,878089,30.23
2018-07-23,150500,152000,145000,148000,738634,30.36
2018-07-24,147500,159500,147500,159000,1060592,30.58
2018-07-25,159000,159500,153000,158500,1008345,30.57
2018-07-26,162000,166000,158000,163000,1011587,30.83
2018-07-27,162500,163500,160500,163000,282079,30.86
2018-07-30,163500,164000,152500,153000,1060421,30.71
2018-07-31,154500,156500,147000,153500,1129745,30.57
2018-08-01,154500,156000,151000,155500,516410,30.56
2018-08-02,156000,160500,153000,156500,845586,30.6
2018-08-03,158500,159500,156000,158500,439180,30.8
2018-08-06,159500,160000,150500,151500,904004,30.5
2018-08-07,151500,154000,150000,153500,559275,30.47
2018-08-08,155500,155500,149500,149500,596365,30.59
2018-08-09,150000,153500,147000,148000,931030,30.35
2018-08-10,148500,148500,138000,139500,1964817,30.06
2018-08-13,137000,140000,133500,139000,1308728,29.9
2018-08-14,140000,143500,137500,140000,1047637,29.99
2018-08-16,137000,142000,135500,140500,605238,29.88
2018-08-17,142000,143000,137000,137500,629454,29.82
2018-08-20,137500,139000,133000,133500,927227,29.91
2018-08-21,135000,144000,134500,143500,1251586,29.98
2018-08-22,146000,148000,143500,146000,793779,29.93
2018-08-23,147500,148000,143500,147500,411030,29.95
2018-08-24,147000,154000,145500,152500,707898,30.06
2018-08-27,153500,159500,152500,159000,872233,30.52
2018-08-28,160000,160500,155000,155500,698522,30.51
2018-08-29,158000,162500,156500,160500,776381,30.76
2018-08-30,161500,164500,159000,161500,565770,30.88
2018-08-31,160500,162500,157500,161000,426252,30.89
2018-09-03,161500,163000,157000,158500,582151,30.93
2018-09-04,158000,164000,158000,163000,552977,31.09
2018-09-05,163500,164000,159000,159500,445305,31.08
2018-09-06,160000,163000,158000,162000,607370,31.12
2018-09-07,160500,161000,153500,156500,931114,30.99
2018-09-10,155000,158500,151500,153000,847051,30.74
2018-09-11,153500,154500,147000,153000,1151449,30.42
2018-09-12,153500,155000,144000,146500,1756437,29.87
2018-09-13,146000,149000,144500,145000,1062975,29.81
2018-09-14,148000,152000,147500,152000,873332,29.85
2018-09-17,153500,154000,149500,152000,636250,29.66
2018-09-18,150500,155000,149000,151500,610960,29.56
2018-09-19,153500,154000,147500,151000,650384,29.46
2018-09-20,152000,152000,145000,146000,1055119,29.34
2018-09-21,148500,148500,142500,145000,988039,29.02
2018-09-27,145500,147500,142000,142000,1041738,28.86
2018-09-28,142500,143000,136000,139000,2249039,28.03
2018-10-01,139500,141500,137000,138000,1109954,27.65
2018-10-02,138000,139500,136500,138000,1090831,27.21
2018-10-04,141000,144000,137500,138500,1630130,26.56
2018-10-05,139000,139500,134000,135000,1877423,25.75
2018-10-08,134000,136500,131500,132500,1490608,25.41
2018-10-10,132500,133000,126500,131500,2535201,24.65
2018-10-11,125500,129500,124500,125000,2211351,24.64
2018-10-12,126000,133000,125500,132000,2083832,24.3
2018-10-15,132500,134500,128500,132500,1392038,24.1
2018-10-16,134500,137500,133500,135500,992036,24.25
2018-10-17,140500,143500,137000,139000,2227189,24.18
2018-10-18,138500,141000,136000,137000,901966,23.89
2018-10-19,135000,139000,134000,138000,1002656,23.77
2018-10-22,136500,138000,135000,136500,788334,23.61
2018-10-23,136000,136000,127000,128500,1939614,23.27
2018-10-24,130500,132500,119000,120500,3548987,22.5
2018-10-25,115000,119000,111000,116500,3720983,22.02
2018-10-26,119000,119500,107000,112000,3929471,21.56
2018-10-29,114000,118000,111000,112500,2835687,21.2
2018-10-30,111500,122000,110500,121000,3146241,20.92
2018-10-31,122500,123000,114000,118000,3231703,20.54
2018-11-01,120000,131000,119500,131000,4171021,22.28
2018-11-02,132000,138000,129000,135000,3156029,23.17
2018-11-05,132500,136000,132000,134000,1162907,23.2
2018-11-06,133000,133500,124000,125500,3259269,22.82
2018-11-07,126000,128000,123500,124500,1574456,22.79
2018-11-08,128500,130000,125000,125000,1393179,22.77
2018-11-09,123500,124000,118500,120000,2377256,22.75
2018-11-12,117500,120000,114000,115000,2153274,22.49
2018-11-13,111500,112500,109000,112000,2179772,22.09
2018-11-14,112000,115500,111000,112000,1471367,21.65
2018-11-15,111500,117000,111000,116500,1483985,21.62
2018-11-16,117500,118000,112500,112500,1673062,21.06
2018-11-19,113500,116000,113000,114500,1005743,20.97
2018-11-20,111000,112500,108500,109000,1630336,21.06
2018-11-21,106500,113500,104500,112500,2381954,21.22
2018-11-22,112500,114000,111000,112000,948825,21.17
2018-11-23,113000,116000,111000,112000,987069,21.02
2018-11-26,113000,117000,112000,116000,1381064,21.05
2018-11-27,118500,120500,116000,119000,1819233,21.11
2018-11-28,119500,123500,117500,123000,1631587,21.31
2018-11-29,127000,127500,121000,121500,1954070,21.42
2018-11-30,122500,123500,120500,120500,1405050,21.21
2018-12-03,123500,126000,123000,125500,1492039,21.2
2018-12-04,125000,125500,119000,120500,1461071,21.17
2018-12-05,116500,119500,116500,118500,1199030,21.32
2018-12-06,118000,120500,113000,114500,1540336,21.34
2018-12-07,116000,117500,114500,116500,772029,21.45
2018-12-10,114000,114500,109500,110500,1792137,20.84
2018-12-11,112000,112500,108000,109000,1331768,20.6
2018-12-12,109500,112500,109500,112000,1302999,20.73
2018-12-13,112000,112500,107000,109000,2359249,20.37
2018-12-14,108500,108500,101000,101500,3174288,20.09
2018-12-17,101000,104500,101000,103500,1590920,20.62
2018-12-18,100500,102500,99800,101000,1568909,20.65
2018-12-19,101000,104500,101000,103500,1217885,20.75
2018-12-20,101000,104000,99500,103500,1637191,20.82
2018-12-21,102000,106000,101500,103500,1305460,20.82
2018-12-24,103000,103000,100500,101000,868098,20.87
2018-12-26,98400,100500,98200,98500,1589646,21.2
2018-12-27,102500,104000,101000,103500,1338258,20.69
2018-12-28,104000,105500,102000,103500,838230,20.4
2019-01-02,104500,105500,99800,100000,1052757,21.21
2019-01-03,99800,99900,94000,94000,2242797,21.29
2019-01-04,93700,94200,90100,92000,3078738,21.05
2019-01-07,94500,96500,93800,95500,1487041,21.54
2019-01-08,94400,95400,92900,93100,1372173,21.48
2019-01-09,93800,99300,93400,98700,1995921,21.44
2019-01-10,98000,98500,96100,97200,1152720,21.45
2019-01-11,98300,100500,97100,98100,1321347,21.28
2019-01-14,97200,97300,93700,94100,1506639,21.16
2019-01-15,94200,97300,94200,97100,1186102,21.66
2019-01-16,97500,98000,94500,96000,1171185,21.54
2019-01-17,95500,96800,93600,93600,1435354,21.23
2019-01-18,94200,95400,92400,94600,1197321,21.09
2019-01-21,95500,98400,94700,97300,1779370,21.05
2019-01-22,97400,98000,94500,95200,1047310,20.85
2019-01-23,94600,98400,94600,96400,1475595,20.77
2019-01-24,97000,99100,95700,99000,1388831,20.86
2019-01-25,101000,110000,100500,109500,4169300,21.56
2019-01-28,109500,110000,106000,106000,1720123,21.24
2019-01-29,106000,114500,103500,113500,3658161,21.46
2019-01-30,113000,116000,111000,112000,2358963,21.51
2019-01-31,114500,115500,107500,108000,2223925,21.04
2019-02-01,109500,114000,109000,110500,1925402,20.97
2019-02-07,113000,113500,109000,109500,1118347,20.73
2019-02-08,108000,108500,105000,106000,1459418,20.68
2019-02-11,106000,108500,105000,107000,1371837,20.61
2019-02-12,106500,113500,106000,113000,2711585,21.52
2019-02-13,114500,117000,113500,115500,1879532,21.79
2019-02-14,114500,115500,112500,114000,1029041,21.31
2019-02-15,113500,113500,109000,110500,1487543,20.94
2019-02-18,112500,113500,111000,112500,919274,21.04
2019-02-19,113000,113500,110000,111500,830651,21.14
2019-02-20,112000,112500,110000,112000,1022760,20.99
2019-02-21,112000,112000,107500,108000,2401603,20.31
2019-02-22,108500,109500,107000,109000,784020,20.59
2019-02-25,110000,112000,109000,109000,1027957,20.61
2019-02-26,109500,111000,108500,109500,578499,20.73
2019-02-27,110000,113000,109500,112000,1441909,20.86
2019-02-28,111500,112000,107000,107000,1674724,20.43
2019-03-04,108500,109500,106000,107000,1364878,20.09
2019-03-05,106000,106000,102000,103000,1820139,19.92
2019-03-06,102500,103500,101000,101500,1029995,20.06
2019-03-07,101000,103500,100500,101500,1021221,19.95
2019-03-08,100000,101500,99600,99600,1091017,19.93
2019-03-11,100000,101500,99000,100000,691864,19.92
2019-03-12,101500,102500,101000,101500,583369,19.84
2019-03-13,102000,103000,100000,100500,951914,19.56
2019-03-14,101500,101500,100000,100500,636262,19.51
2019-03-15,100000,101500,99000,99700,1037581,19.51
2019-03-18,101000,101000,99800,100000,555885,19.23
2019-03-19,100500,102000,99800,100000,546762,19.08
2019-03-20,100000,100500,98300,100000,744663,19.16
2019-03-21,100000,104500,100000,102500,1634705,19.48
2019-03-22,105000,106000,102000,102500,1118957,19.34
2019-03-25,99900,101000,99500,99700,836296,19.23
2019-03-26,99600,100500,97900,98200,1041092,18.93
2019-03-27,98300,104500,98000,103500,1924182,19.33
2019-03-28,103500,104500,102000,102500,987674,19.01
2019-03-29,104000,105500,101000,104500,1250776,19.26
2019-04-01,105500,108000,104500,107500,1431996,19.55
2019-04-02,109000,109000,106500,107500,1071463,19.77
2019-04-03,108000,111500,107000,111000,1669637,20.36
2019-04-04,115500,116000,111500,113500,2835065,21.18
2019-04-05,111500,113000,110500,112500,1058901,20.81
2019-04-08,112500,113500,108000,108500,1213172,20.69
2019-04-09,108500,111000,108000,110500,923788,20.48
2019-04-10,109000,112000,108500,110500,665819,20.4
2019-04-11,111500,114500,111500,112000,1485805,20.79
2019-04-12,112000,115000,111000,114000,1412998,20.88
2019-04-15,115000,116000,112500,112500,749029,20.52
2019-04-16,112500,113500,111000,112000,740076,20.33
2019-04-17,113500,118000,113000,117500,2382798,21.07
2019-04-18,118000,119000,114000,114500,1307548,21.37
2019-04-19,115500,117000,114500,115000,649541,21.48
2019-04-22,116000,117500,115000,116000,692731,21.33
2019-04-23,115000,116000,111500,114000,891694,21.25
2019-04-24,115000,115500,110000,111000,1081569,21.16
2019-04-25,110000,112500,109000,110500,853838,21.14
2019-04-26,109500,109500,106500,107000,1391461,20.61
2019-04-29,105000,107000,103500,105500,1510696,20.46
2019-04-30,106500,110000,105000,108500,1482707,20.18
2019-05-02,108000,109000,106500,107500,862603,19.97
2019-05-03,107000,107500,104000,104000,1435092,19.61
2019-05-07,101500,102500,100500,102000,1227853,19.42
2019-05-08,100000,103000,100000,102500,790591,19.23
2019-05-09,101500,103000,100000,100000,1057098,19.16
2019-05-10,100500,102000,98100,99300,1190360,18.7
2019-05-13,98900,100500,96600,96800,998793,18.56
2019-05-14,95000,99500,94400,98300,941772,18.44
2019-05-15,99600,102500,99200,101500,727194,18.61
2019-05-16,101500,101500,98100,98300,899092,18.34
2019-05-17,99800,100500,97600,97700,608583,18.22
2019-05-20,97800,98900,95600,95900,935274,17.87
2019-05-21,95500,100500,95500,98500,1172414,17.99
2019-05-22,99500,99600,97000,97500,686516,17.81
2019-05-23,97100,99300,96800,96800,676169,17.77
2019-05-24,96500,97100,95500,95900,507284,17.79
2019-05-27,96200,98200,95300,96200,582378,17.74
2019-05-28,96700,98100,96300,96900,711647,17.81
2019-05-29,96200,97300,95700,96900,492249,17.82
2019-05-30,97000,98100,95600,95900,738591,17.61
2019-05-31,96100,96200,95000,95200,704629,17.64
2019-06-03,95000,97300,94400,96900,860334,17.67
2019-06-04,97100,98100,96200,97300,652255,17.63
2019-06-05,99300,100500,96100,96400,1209975,17.43
2019-06-07,96600,96800,95000,95500,904651,17.37
2019-06-10,96200,96200,94600,95500,890986,17.3
2019-06-11,95800,97400,95500,96500,791879,17.45
2019-06-12,96700,97000,95800,96600,523168,17.45
2019-06-13,96400,96600,95100,95800,796043,17.42
2019-06-14,95700,95900,94000,94100,829434,17.22
2019-06-17,94500,95100,92900,93400,620839,17.17
2019-06-18,93900,94300,93200,93300,609598,17.22
2019-06-19,94900,96400,94400,96200,975031,17.32
2019-06-20,96200,98100,95700,98000,861308,17.46
2019-06-21,98500,98600,96000,96000,717348,17.19
2019-06-24,96200,96200,95200,95500,372415,17.08
2019-06-25,95300,96400,94500,94600,587686,16.98
2019-06-26,94800,95200,93800,94300,544907,16.85
2019-06-27,94700,98500,94500,97900,1480710,17.28
2019-06-28,98000,99300,96800,97800,930865,17.31
2019-07-01,98600,100000,97300,99900,1270707,17.56
2019-07-02,99200,99300,97700,98100,696060,17.59
2019-07-03,97700,98500,95200,95500,800873,17.5
2019-07-04,95600,97200,95000,96700,619209,17.54
2019-07-05,96500,96900,92800,93600,1620394,17.25
2019-07-08,92700,93100,90300,90600,1364926,17.41
2019-07-09,90700,91500,90200,90200,718479,17.38
2019-07-10,90400,91300,90100,90100,466784,17.36
2019-07-11,90800,91400,90200,90600,595470,17.25
2019-07-12,91100,93300,91100,92400,629685,17.17
2019-07-15,92500,93000,91300,92000,400174,17.19
2019-07-16,93300,96100,92800,95800,1641908,17.53
2019-07-17,95900,96700,93600,94200,885821,17.59
2019-07-18,94000,95900,93700,93700,556703,17.59
2019-07-19,94400,97000,94200,96600,979732,17.88
2019-07-22,96200,97800,95800,96900,572413,18.08
2019-07-23,97500,98500,96000,96100,711552,18.07
2019-07-24,95700,96800,93600,94300,1312647,18.22
2019-07-25,92000,92500,89700,91000,2184157,18.0
2019-07-26,90300,91900,90300,91300,668477,18.07
2019-07-29,90900,91900,90300,90300,648442,18.14
2019-07-30,90000,91600,90000,91200,425745,18.22
2019-07-31,90900,92100,90000,92000,696544,18.41
2019-08-01,91200,93300,90800,92500,739386,18.7
2019-08-02,91500,94900,91100,93100,955746,18.94
2019-08-05,93100,93800,90700,91000,1041152,19.12
2019-08-06,87900,90800,87300,87800,1056740,18.98
2019-08-07,88600,89500,84100,85100,1482085,18.57
2019-08-08,85600,86000,84300,85100,909336,18.19
2019-08-09,85700,87100,85500,86200,831649,18.43
2019-08-12,86200,89300,86200,88800,683733,18.74
2019-08-13,87700,88800,87500,87600,332593,18.74
2019-08-14,89600,92300,88900,91800,1088073,19.09
2019-08-16,90700,92600,90300,92200,566750,18.94
2019-08-19,92800,93200,91100,91400,457758,18.95
2019-08-20,91800,92800,91500,91800,326675,18.92
2019-08-21,91300,92700,91300,91700,244345,18.9
2019-08-22,92200,92300,88800,89200,724343,18.75
2019-08-23,88500,88800,87600,88300,618986,18.42
2019-08-26,86600,86800,84400,84600,1105933,18.19
2019-08-27,85800,88700,85600,87200,1097801,18.62
2019-08-28,87500,88500,87200,87600,368476,18.77
2019-08-29,88400,88400,85900,86700,478408,18.64
2019-08-30,88200,89700,87800,89100,671928,18.87
2019-09-02,88600,90300,88000,90000,337979,18.87
2019-09-03,89800,92000,89500,90400,618284,18.82
2019-09-04,90000,92700,90000,92700,965482,18.97
2019-09-05,94700,99700,94700,98200,3257453,20.2
2019-09-06,99300,101000,97100,97200,1296166,20.56
2019-09-09,98300,98900,96600,97000,644235,20.35
2019-09-10,96900,97700,95300,97400,576093,20.34
2019-09-11,97500,98200,96600,97400,720927,20.25
2019-09-16,98100,98100,95700,96400,539966,20.21
2019-09-17,96300,98700,96200,96700,650323,20.31
2019-09-18,96800,97600,96500,97100,313329,20.4
2019-09-19,97300,101500,97300,101000,1592520,20.95
2019-09-20,101500,102000,100000,101500,1173517,21.25
2019-09-23,100500,103500,100500,103000,645464,21.42
2019-09-24,102500,103000,100000,102500,472252,21.38
2019-09-25,101000,101500,99000,99300,974717,21.06
2019-09-26,100500,102500,100000,100500,767323,21.26
2019-09-27,100000,102000,99000,100500,697441,21.48
2019-09-30,99900,103500,98900,103000,1015595,21.47
2019-10-01,104000,107000,103500,106000,1537906,22.32
2019-10-02,105000,106000,104000,105000,815177,22.39
2019-10-04,105500,108500,105500,106000,1262136,23.06
2019-10-07,109000,109500,106500,106500,1092247,22.67
2019-10-08,108000,111000,107500,110500,1803345,23.38
2019-10-10,110500,113500,109500,112500,1164741,23.57
2019-10-11,113500,114000,111000,112000,602573,23.64
2019-10-14,113500,113500,108500,110000,937561,23.65
2019-10-15,110000,111500,109000,110500,523805,23.8
2019-10-16,112000,113000,111000,112500,633907,23.82
2019-10-17,112500,112500,110000,110500,622642,23.53
2019-10-18,110000,112500,109500,109500,578480,24.17
2019-10-21,109500,113000,109000,112500,655640,24.64
2019-10-22,113500,114500,112500,114000,639237,24.67
2019-10-23,113500,114000,111000,111500,550994,24.54
2019-10-24,111500,114500,110000,113000,892570,24.75
2019-10-25,115500,116000,114000,115000,1094121,24.97
2019-10-28,115500,117000,115000,117000,563333,25.23
2019-10-29,118000,119000,115500,117000,875841,25.45
2019-10-30,116500,116500,113500,114500,638841,25.63
2019-10-31,115500,116000,113000,113000,550783,25.65
2019-11-01,113500,115000,113000,114000,389601,25.7
2019-11-04,115000,115500,112500,114000,547310,25.57
2019-11-05,114000,116000,114000,115000,431973,25.67
2019-11-06,115500,115500,114000,115000,474790,25.93
2019-11-07,114500,115000,113500,114000,315061,25.98
2019-11-08,115000,117000,114500,116000,414097,26.14
2019-11-11,116000,116000,109500,109500,1014932,25.92
2019-11-12,109000,111000,105500,111000,932499,26.14
2019-11-13,110500,112000,109500,110000,318709,26.28
2019-11-14,110000,111500,110000,111000,268584,26.16
2019-11-15,111000,113000,110000,112500,406643,26.24
2019-11-18,113500,114500,112000,113000,326424,26.32
2019-11-19,112000,112500,110500,111500,338371,26.39
2019-11-20,111000,113500,109500,110000,409445,26.57
2019-11-21,110000,110500,107000,107500,612630,26.59
2019-11-22,107500,109000,107000,108000,304841,26.64
2019-11-25,108500,111500,108500,111000,456719,26.67
2019-11-26,112000,114000,111500,112500,585111,26.62
2019-11-27,113500,114000,111000,112000,228786,26.74
2019-11-28,112000,113500,111500,112000,341910,26.64
2019-11-29,112000,113000,109500,111000,448953,26.54
2019-12-02,111500,112500,111000,112000,347089,26.85
2019-12-03,110500,114000,110000,113500,494771,26.93
2019-12-04,112000,113500,111000,111500,457998,26.93
2019-12-05,113000,116000,112500,115000,936506,27.51
2019-12-06,116000,116500,115000,115500,425812,27.63
2019-12-09,116500,117500,116500,117500,726766,27.8
2019-12-10,117000,118000,115500,118000,404291,27.84
2019-12-11,118000,120000,117500,118500,550759,27.82
2019-12-12,119500,120000,118500,120000,632734,27.52
2019-12-13,122000,123000,121000,122500,761043,27.99
2019-12-16,122500,122500,121500,122000,396341,27.93
2019-12-17,121500,122000,118000,119500,1272929,27.71
2019-12-18,119000,121000,118000,118500,482662,27.72
2019-12-19,119500,121000,118500,118500,510837,27.78
2019-12-20,119500,120000,118500,119500,392200,27.86
2019-12-23,120000,120500,117500,119500,470464,28.04
2019-12-24,119500,122000,118500,121000,550808,28.25
2019-12-26,121000,124000,120500,123000,825014,28.43
2019-12-27,124500,126000,123500,125500,520284,28.46
2019-12-30,125500,126000,124500,125000,294167,28.46
2020-01-02,126000,128000,125500,126500,540197,28.98
2020-01-03,128500,129000,127000,127500,573710,29.17
2020-01-06,125000,127500,124500,127500,675565,29.91
2020-01-07,128000,128500,127000,128000,483309,30.24
2020-01-08,126500,127000,122000,125000,1060974,30.36
2020-01-09,128000,132000,127500,132000,1402192,30.6
2020-01-10,133500,135000,132000,132500,692859,30.64
2020-01-13,131500,134500,131500,134500,483706,30.63
2020-01-14,135500,138500,134500,135500,1036106,30.98
2020-01-15,135500,135500,133000,133500,668967,31.07
2020-01-16,133000,134000,131500,133000,645743,31.11
2020-01-17,134500,136500,134000,134500,435027,31.03
2020-01-20,135500,137500,134500,136500,481037,31.24
2020-01-21,136500,137000,133000,133500,437663,31.22
2020-01-22,133500,137000,133000,137000,478121,31.41
2020-01-23,136000,137500,133500,134500,415411,31.45
2020-01-28,128500,131500,128500,131000,794118,31.47
2020-01-29,132500,134000,130000,132500,713120,31.59
2020-01-30,132000,133000,125000,126000,1115743,31.49
2020-01-31,126000,129500,125000,125000,887907,31.69
2020-02-03,122000,126000,120500,125000,844406,31.8
2020-02-04,127000,134000,126500,134000,1124528,32.0
2020-02-05,137500,137500,130000,131000,967323,31.93
2020-02-06,132500,136500,132000,135500,706088,31.88
2020-02-07,134500,135500,132500,134000,467455,31.96
2020-02-10,131500,134500,130500,133000,381534,32.1
2020-02-11,134000,141500,133500,141000,1510533,32.43
2020-02-12,141000,144000,139500,142500,814274,32.55
2020-02-13,144500,146500,141500,142500,979192,32.57
2020-02-14,143500,144000,141500,142500,458841,32.59
2020-02-17,143500,147500,143000,146000,565335,32.19
2020-02-18,145500,148000,144000,145500,766754,32.54
2020-02-19,147000,148500,144000,146000,750365,32.57
2020-02-20,146500,148000,145000,145500,566418,32.68
2020-02-21,144000,146000,143000,143500,588887,32.57
2020-02-24,139000,142000,137500,138500,1101194,32.55
2020-02-25,137500,140500,132500,140500,1565707,32.72
2020-02-26,136500,140500,135500,136500,1243259,32.76
2020-02-27,136000,138500,131500,131500,1312546,33.0
2020-02-28,128500,131000,125000,126000,1472050,33.04
2020-03-02,128500,132000,125500,131000,1286047,33.0
2020-03-03,136000,136500,130000,131000,1219380,32.96
2020-03-04,129000,133500,128500,133000,873616,32.87
2020-03-05,134500,135500,132000,134500,820724,32.96
2020-03-06,132000,133000,130000,131500,555435,32.92
2020-03-09,128000,128000,121500,123000,1271059,32.93
2020-03-10,122500,129500,121500,128500,1377581,33.16
2020-03-11,128500,129000,120000,122000,1375292,32.81
2020-03-12,119500,121000,110000,113500,2613065,32.8
2020-03-13,105500,113500,103000,111000,2181665,32.73
2020-03-16,112500,114000,103000,103000,1640758,32.61
2020-03-17,98700,106000,98700,103000,2058052,32.18
2020-03-18,102500,104500,96900,96900,1992989,32.16
2020-03-19,100000,101000,81700,85700,2639619,31.83
2020-03-20,88400,97400,86100,96400,2158834,32.04
2020-03-23,89400,93200,87000,89200,1434217,31.62
2020-03-24,92600,99200,92000,99000,1608106,31.59
2020-03-25,103500,106000,99600,102500,1745306,31.77
2020-03-26,102000,104000,99100,99200,1408917,31.65
2020-03-27,104000,104500,97000,99200,1165563,31.67
2020-03-30,96000,99700,94600,98300,894013,31.61
2020-03-31,99700,100500,96600,97700,901129,31.66
2020-04-01,96600,101000,95300,95500,913940,31.43
2020-04-02,96200,97200,93700,96800,627117,31.35
2020-04-03,96900,98000,94600,95400,649893,31.1
2020-04-06,96400,102500,95600,102000,1642997,31.09
2020-04-07,106000,107000,102000,105000,1710652,31.03
2020-04-08,104500,106000,102000,103000,1133563,30.89
2020-04-09,105500,105500,102500,104000,677842,30.77
2020-04-10,104000,104500,101500,103000,607319,30.73
2020-04-13,103000,103500,99400,99500,804527,30.64
2020-04-14,101000,102500,100000,101500,614527,30.66
2020-04-16,100500,106000,100000,105000,1030649,30.63
2020-04-17,109500,116000,108500,114000,2444154,30.98
2020-04-20,113000,116000,109500,111000,1202802,30.93
2020-04-21,110500,112500,106000,110000,1244919,30.84
2020-04-22,107500,112000,106000,112000,945843,30.8
2020-04-23,113500,114000,110000,110000,871357,30.62
2020-04-24,109500,111000,107500,107500,688676,30.67
2020-04-27,108500,111500,107500,111000,919245,30.83
2020-04-28,110500,111500,108000,110000,781954,30.9
2020-04-29,109000,114000,109000,113500,1285765,31.31
2020-05-04,110500,113000,109000,109500,956331,31.13
2020-05-06,111500,114500,111000,114500,884474,31.45
2020-05-07,114500,116000,113500,115500,571774,31.36
2020-05-08,117000,120000,116000,119000,893384,31.47
2020-05-11,119500,120500,116500,116500,543130,31.46
2020-05-12,116500,119000,113000,118500,792070,31.54
2020-05-13,116000,122000,115000,121500,917279,31.55
2020-05-14,120000,121500,118500,119500,617017,31.57
2020-05-15,121000,121500,118500,119500,527548,31.51
2020-05-18,120000,124500,120000,123000,994106,31.6
2020-05-19,126500,127000,123000,123500,603144,31.58
2020-05-20,123000,124500,122500,123500,417285,31.55
2020-05-21,124500,125500,122000,122500,574351,31.57
2020-05-22,122500,123000,118000,119000,688492,31.48
2020-05-25,120500,121000,117500,120000,426772,31.43
2020-05-26,120000,123500,119000,123500,728511,31.44
2020-05-27,122500,124000,120000,121000,621604,31.45
2020-05-28,122500,127000,121500,122500,1354382,31.55
2020-05-29,122000,125000,120500,125000,686592,31.67
2020-06-01,124500,127500,123500,127000,769508,31.69
2020-06-02,127000,129000,125500,126500,506635,31.67
2020-06-03,128000,130000,127000,129500,865794,31.72
2020-06-04,132000,135000,129500,131500,809744,31.68
2020-06-05,131000,132500,129000,131500,491386,31.67
2020-06-08,133500,134000,130000,130000,491040,31.63
2020-06-09,131500,132000,127500,128500,578439,31.62
2020-06-10,128000,134500,128000,134000,1293070,32.08
2020-06-11,133500,136000,130000,132000,895709,32.03
2020-06-12,125500,132500,125000,131500,1007321,32.11
2020-06-15,130000,130500,124000,124000,769516,32.27
2020-06-16,128000,132000,127500,132000,768348,32.25
2020-06-17,131500,135500,129500,131500,770510,32.33
2020-06-18,132000,132500,129000,129000,374664,32.31
2020-06-19,131500,131500,128000,130500,373617,32.36
2020-06-22,129000,131500,129000,129500,335087,32.49
2020-06-23,131500,134500,130000,132000,626704,32.6
2020-06-24,133500,139500,133000,136000,1161406,32.72
2020-06-25,133500,135000,131000,132000,584945,32.86
2020-06-26,134000,134000,130000,132000,390637,32.84
2020-06-29,129000,131500,128000,128000,437221,32.88
2020-06-30,130500,133000,128500,129000,456694,32.86
2020-07-01,130500,131000,127000,127000,452704,32.64
2020-07-02,127500,128500,126500,127500,261355,32.6
2020-07-03,128000,129000,126000,127000,366332,32.6
2020-07-06,127500,131000,126500,130000,464217,32.64
2020-07-07,132000,132500,127000,127000,565204,32.54
2020-07-08,127000,130000,127000,128000,320404,32.63
2020-07-09,129000,129500,127500,127500,404269,32.72
2020-07-10,127000,127500,125000,126000,364238,32.75
2020-07-13,128000,128000,126000,127500,218013,32.75
2020-07-14,126500,127000,124500,125500,397449,32.78
2020-07-15,127000,130000,126500,130000,594698,32.98
2020-07-16,130500,131000,126000,127000,474043,32.97
2020-07-17,128500,132500,128000,131000,700429,33.02
2020-07-20,131500,133000,130500,131000,399274,33.01
2020-07-21,133000,137000,133000,136500,1092107,33.12
2020-07-22,136000,144000,132500,142000,1750571,33.2
2020-07-23,143000,145000,138500,141500,1139657,33.21
2020-07-24,139500,141500,135500,137500,628392,33.2
2020-07-27,137500,141000,137000,138000,440760,33.18
2020-07-28,142000,146000,141500,144500,1373437,33.35
2020-07-29,145500,147500,143000,144500,852065,33.19
2020-07-30,146000,148000,144000,144500,516911,33.26
2020-07-31,145000,146000,140500,140500,588748,33.14
2020-08-03,140000,140000,137500,138500,602548,33.02
2020-08-04,140000,142500,138500,139500,546175,33.09
2020-08-05,141000,143500,139500,143000,598769,33.19
2020-08-06,143000,144500,140500,141500,544265,33.16
2020-08-07,142500,143500,139500,141500,528142,33.22
2020-08-10,141000,141000,138000,141000,549485,33.21
2020-08-11,141500,141500,139000,139000,499281,33.1
2020-08-12,138000,139500,135000,139500,579572,33.16
2020-08-13,141000,141500,136500,137500,643575,33.05
2020-08-14,137000,140500,136000,138000,481460,33.05
2020-08-18,137500,139000,131500,133000,571279,33.08
2020-08-19,134000,136000,133000,134000,331053,33.15
2020-08-20,133000,133500,124000,124500,1028248,33.1
2020-08-21,127000,129000,125000,126500,449732,33.23
2020-08-24,126000,131000,124000,129000,384907,33.25
2020-08-25,132500,133000,129500,130500,389216,33.18
2020-08-26,130500,131000,127000,128000,395356,33.16
2020-08-27,128500,130500,127000,128500,407796,33.17
2020-08-28,129500,130000,127500,129000,332657,33.19
2020-08-31,129000,130000,124500,124500,777339,32.87
2020-09-01,124500,128000,124000,126500,439868,32.86
2020-09-02,127500,130500,126500,128500,673475,32.63
2020-09-03,131000,135000,128500,130000,1138640,32.42
2020-09-04,125500,136000,125000,135000,1219520,32.63
2020-09-07,138000,139500,136000,138000,837934,32.55
2020-09-08,140500,145500,140500,143000,1998607,32.84
2020-09-09,141500,146000,139500,144000,1126602,32.93
2020-09-10,146500,147000,141500,142500,1018695,32.97
2020-09-11,141500,143500,139500,143000,535774,32.91
2020-09-14,146000,147000,143500,144500,563786,32.9
2020-09-15,145000,145000,141000,143000,528771,32.76
2020-09-16,144000,144000,140000,140500,415968,32.75
2020-09-17,140000,141500,137500,138500,513184,32.85
2020-09-18,139500,141500,137500,141500,443316,32.86
2020-09-21,141500,142000,137000,137500,452482,32.78
2020-09-22,137000,138000,134000,135000,426853,32.84
2020-09-23,137000,137500,131000,135500,442538,32.86
2020-09-24,133000,135000,130500,131000,496943,32.86
2020-09-25,133000,138000,131500,135500,554699,32.92
2020-09-28,138000,139500,137500,139000,326259,33.14
2020-09-29,141000,142500,139000,139000,453892,33.12
2020-10-05,138500,142000,137500,140500,437364,33.15
2020-10-06,141500,143000,140000,140500,381847,33.13
2020-10-07,139500,143000,139000,143000,422151,33.19
2020-10-08,144500,145000,140500,140500,576475,33.09
2020-10-12,141000,143000,140500,141000,334249,33.09
2020-10-13,142000,143000,140500,142500,436342,33.2
2020-10-14,143000,145500,141500,141500,670049,33.17
2020-10-15,141500,142000,138000,139000,438841,33.15
2020-10-16,139000,140000,137000,137000,303426,33.1
2020-10-19,138000,141000,138000,140000,368288,33.11
2020-10-20,139500,142000,139000,142000,282489,33.12
2020-10-21,142000,143000,139500,140500,269936,33.08
2020-10-22,139500,140000,136000,137000,376363,32.99
2020-10-23,138000,141000,137000,140500,354996,33.04
2020-10-26,141000,143500,138500,139500,531582,33.18
2020-10-27,139000,141000,138500,141000,401636,33.29
2020-10-28,140000,140500,137500,139000,384722,33.28
2020-10-29,137000,138500,135000,138000,414341,33.28
2020-10-30,137500,137500,133500,133500,430396,33.23
2020-11-02,134000,135500,133500,134000,251131,33.27
2020-11-03,134500,137500,134500,136500,333835,33.33
2020-11-04,138000,141000,137000,139000,523786,33.48
2020-11-05,140500,141000,139500,141000,357520,33.59
2020-11-06,141500,142000,139500,140500,313844,33.66
2020-11-09,142000,142500,139500,139500,483191,33.63
2020-11-10,140500,141000,138500,139500,390135,33.79
2020-11-11,140000,142000,139000,141000,466909,33.83
2020-11-12,141500,145000,140500,143500,845049,33.98
2020-11-13,143500,150500,143000,150500,1730367,34.29
2020-11-16,154500,156500,152500,154000,1099262,34.26
2020-11-17,153000,154500,151000,153000,687619,34.39
2020-11-18,152000,153500,149000,149000,720972,34.29
2020-11-19,148000,150500,147500,150500,476530,34.28
2020-11-20,150500,150500,148000,149000,385628,34.25
2020-11-23,148500,152500,147500,152000,619988,34.46
2020-11-24,152500,152500,149500,151000,566042,34.49
2020-11-25,153500,158000,148500,150000,1237379,34.45
2020-11-26,150500,153500,149000,153500,476400,34.5
2020-11-27,154500,160000,153500,158500,1328066,34.63
2020-11-30,159500,161000,156000,156000,971588,34.46
2020-12-01,157500,163000,157000,162000,821657,34.59
2020-12-02,163500,166500,160500,162000,1044216,34.42
2020-12-03,162500,165000,159500,163000,728774,34.45
2020-12-04,163500,165000,161500,162500,681968,34.37
2020-12-07,162500,163000,158000,161000,701974,34.53
2020-12-08,161500,164000,159500,161000,685113,34.58
2020-12-09,162000,163000,160000,162500,470276,34.53
2020-12-10,161000,165000,159000,164000,965135,34.64
2020-12-11,166000,168000,164000,166000,760717,34.61
2020-12-14,166000,166000,163000,164000,447064,34.49
2020-12-15,164000,166000,162500,166000,533031,34.6
2020-12-16,168000,170000,167500,169500,608735,34.32
2020-12-17,173500,174000,169000,171000,697809,34.26
2020-12-18,170000,170500,168000,168000,451690,34.19
2020-12-21,168000,169500,165000,168000,353246,34.07
2020-12-22,168000,168000,163000,164000,474488,34.05
2020-12-23,164000,169000,160000,167000,814349,34.14
2020-12-24,167500,169000,166000,167500,480456,33.99
2020-12-28,168000,171500,166500,167500,689231,34.11
2020-12-29,169500,178000,168000,177000,1167680,34.25
2020-12-30,178000,179000,175500,178000,627671,34.21
2021-01-04,178000,182000,177000,180000,853121,34.52
2021-01-05,178500,180500,176000,180000,776751,34.7
2021-01-06,181000,182000,175000,176000,964893,34.72
2021-01-07,177000,184000,176000,182000,1009426,34.91
2021-01-08,184500,194500,183000,193000,1490294,35.27
2021-01-11,197000,203000,187500,193000,1815173,35.16
2021-01-12,191000,195000,186000,193000,954299,35.16
2021-01-13,196000,215500,194500,203500,2946385,35.48
2021-01-14,205000,214000,205000,207500,1318496,35.55
2021-01-15,211500,213000,200000,201500,1113327,35.38
2021-01-18,196000,202500,193500,197500,1003702,35.5
2021-01-19,198500,208500,197000,207000,948876,35.58
2021-01-20,214000,214500,205000,209500,836902,35.47
2021-01-21,212000,212000,208000,210500,667873,35.52
2021-01-22,213000,222000,211000,212500,1063405,35.61
2021-01-25,214500,217000,213000,214500,547982,35.52
2021-01-26,216500,223000,215000,217000,957107,35.49
2021-01-27,218000,219000,212500,214500,674944,35.55
2021-01-28,209000,216500,208500,209500,917063,35.37
2021-01-29,214000,216000,201000,204000,1144005,35.44
2021-02-01,202500,207000,199000,206000,656217,35.32
2021-02-02,209000,215000,205500,209000,757402,35.22
2021-02-03,212500,213000,206500,209500,596035,35.16
2021-02-04,210000,210000,203000,207500,680871,35.11
2021-02-05,208000,209500,203500,207500,480453,35.13
2021-02-08,206000,207000,202500,203500,402028,35.09
2021-02-09,205000,207500,202500,203000,431580,35.05
2021-02-10,203000,204000,197000,201500,767653,34.93
2021-02-15,205000,205000,201500,202000,480015,34.85
2021-02-16,203000,206000,200500,201500,436018,34.79
2021-02-17,202000,202000,197000,201000,586224,34.79
2021-02-18,202500,204000,198500,199000,498888,34.8
2021-02-19,199000,202000,195000,201500,580016,34.85
2021-02-22,202000,202000,195500,197000,570707,34.81
2021-02-23,193000,199000,191500,195000,537113,34.88
2021-02-24,197500,198000,188000,188500,605031,34.86
2021-02-25,192500,196000,191000,196000,499859,34.85
2021-02-26,190500,191500,188500,189500,629682,34.71
2021-03-02,195500,203000,194500,201500,1104639,35.03
2021-03-03,200000,202000,197500,202000,505832,34.88
2021-03-04,198500,200000,193500,194500,638690,34.66
2021-03-05,191000,196500,190000,195000,510528,34.68
2021-03-08,197000,197000,188000,188500,492766,34.66
2021-03-09,185500,187500,179000,183000,871809,34.58
2021-03-10,187500,187500,180500,181000,498442,34.64
2021-03-11,182000,187500,181500,185500,639133,34.71
2021-03-12,189000,193000,188500,192500,515683,34.73
2021-03-15,193000,197500,191000,191000,436661,34.74
2021-03-16,194500,201000,194000,197500,604273,34.83
2021-03-17,196500,197500,191000,194000,440713,34.87
2021-03-18,196500,198500,193000,194500,543083,34.89
2021-03-19,189500,194500,189500,194500,328741,34.96
2021-03-22,194500,195000,190000,191000,345386,34.87
2021-03-23,191500,193000,184500,185000,510446,34.82
2021-03-24,184000,188000,184000,186500,292106,34.84
2021-03-25,185000,187500,183500,187000,299843,34.93
2021-03-26,187500,188000,184000,186500,352465,34.89
2021-03-29,186500,187500,183500,185000,314526,34.91
2021-03-30,185500,187000,184500,187000,292286,34.89
2021-03-31,188000,192500,187000,187500,473717,34.93
2021-04-01,190500,192000,189500,192000,359396,34.98
2021-04-02,195500,196500,193000,195000,457138,34.85
2021-04-05,195000,195500,191000,193000,222891,34.82
2021-04-06,194500,195000,190000,191500,274785,34.82
2021-04-07,192500,197000,191500,196500,429575,34.89
2021-04-08,195500,195500,192000,192500,486665,34.77
2021-04-09,193000,194500,190000,192000,351776,34.71
2021-04-12,192500,192500,190500,191000,238098,34.79
2021-04-13,191500,193000,191000,191500,312071,34.8
2021-04-14,192000,193000,189500,190500,351216,34.79
2021-04-15,191000,193500,190000,191500,458051,34.81
2021-04-16,192500,195000,191500,193500,434114,34.9
2021-04-19,194500,199500,193000,199000,845327,35.17
2021-04-20,200000,201500,198000,200000,598405,35.15
2021-04-21,198500,199000,194500,195000,468101,35.09
2021-04-22,196000,196500,192000,193000,382878,35.0
2021-04-23,192500,194000,190500,193000,245206,35.05
2021-04-26,193000,194000,191500,193000,287976,35.03
2021-04-27,194000,194000,190500,191500,276955,35.01
2021-04-28,190500,191500,187000,187500,525701,34.99
2021-04-29,189500,191500,184000,184000,530379,34.88
2021-04-30,184000,185500,178000,179000,661991,34.78
2021-05-03,177500,182000,177000,177000,385975,34.44
2021-05-04,175000,180500,175000,179000,379901,34.4
2021-05-06,178000,181000,176000,177000,532207,34.28
2021-05-07,177500,183500,177000,182000,479357,34.26
2021-05-10,183000,183500,180500,183000,378784,34.23
2021-05-11,181500,182000,175000,176000,990430,33.9
2021-05-12,175500,176000,163500,165000,1978102,33.2
2021-05-13,160500,163000,158500,160500,1877795,32.43
2021-05-14,162000,165500,161500,164500,760774,32.24
2021-05-17,167500,167500,162000,164500,635533,31.98
2021-05-18,163500,166000,162500,165000,558881,31.73
2021-05-20,165000,167500,164000,166500,558856,31.65
2021-05-21,169000,172000,167500,168000,803674,31.43
2021-05-24,167500,167500,163500,164000,474273,31.39
2021-05-25,165500,168000,164000,168000,353807,31.42
2021-05-26,168000,169000,166500,167000,274718,31.37
2021-05-27,167000,167500,163500,165500,494117,31.3
2021-05-28,167000,169000,166500,168000,425406,31.21
2021-05-31,170500,171500,168000,170500,524636,31.19
2021-06-01,171000,177000,170000,176000,863166,31.23
2021-06-02,177000,177500,174000,174500,416692,31.13
2021-06-03,175500,182000,175000,180000,947829,31.3
2021-06-04,178500,181000,177000,179000,463340,31.2
2021-06-07,181500,183500,179000,180000,390021,31.15
2021-06-08,179000,179500,175500,176000,530249,31.0
2021-06-09,175000,178000,172500,174500,441422,30.98
2021-06-10,176000,176000,173000,175000,342546,31.03
2021-06-11,177000,179000,176000,176000,305231,30.99
2021-06-14,176500,177500,175500,177000,223886,30.96
2021-06-15,178500,182500,177000,177500,437717,30.98
2021-06-16,177000,177500,175500,176500,278432,31.06
2021-06-17,175000,177000,174000,176000,257362,31.08
2021-06-18,176500,179000,175500,178500,402139,31.07
2021-06-21,176000,177000,173000,174000,401484,30.97
2021-06-22,176000,176000,173500,174000,260203,30.95
2021-06-23,175000,176000,171500,172000,426000,30.94
2021-06-24,172500,177500,172000,175500,528547,31.0
2021-06-25,176500,177000,174500,175000,293480,30.96
2021-06-28,175000,175000,172500,173500,243586,31.15
2021-06-29,174000,178000,173500,176500,357285,31.34
2021-06-30,176500,178000,176500,177000,243988,31.45
2021-07-01,177500,178500,175000,177000,257340,31.49
2021-07-02,176500,178500,176000,177500,239090,31.51
2021-07-05,178500,188500,177000,188000,1206417,31.85
2021-07-06,188000,188000,183500,185500,694497,31.7
2021-07-07,185000,189500,183500,188500,800395,31.77
2021-07-08,189000,190000,182000,182000,762533,31.61
2021-07-09,178500,183500,177000,182000,572561,31.59
2021-07-12,185000,188000,184500,186500,571323,31.66
2021-07-13,188000,188000,184500,185500,354456,31.5
2021-07-14,185500,186000,182000,183000,330022,31.48
2021-07-15,184500,190500,184500,188500,846718,31.71
2021-07-16,188500,190000,185000,188500,502219,31.69
2021-07-19,186500,187000,184000,184000,355682,31.61
2021-07-20,181500,185000,181000,184000,381732,31.62
2021-07-21,185000,185500,180500,181500,351763,31.59
2021-07-22,182500,187000,182500,186000,400494,31.71
2021-07-23,186500,187000,183000,183500,253464,31.65
2021-07-26,184500,185500,181000,181500,240107,31.66
2021-07-27,183000,188500,182500,186000,476329,31.77
2021-07-28,186000,188000,184000,188000,497611,31.82
2021-07-29,189500,194500,189000,192000,1066174,32.14
2021-07-30,192000,193000,189500,192000,555817,32.24
2021-08-02,193000,193500,189000,190500,297855,32.2
2021-08-03,191000,195000,190500,194000,539887,32.4
2021-08-04,195000,195000,190500,193000,334994,32.39
2021-08-05,193000,197000,192000,193500,681039,32.75
2021-08-06,194000,195500,193000,194000,352963,32.8
2021-08-09,193000,193000,189500,191500,348660,32.85
2021-08-10,192000,192500,185000,186000,643134,32.83
2021-08-11,184500,185000,180500,183000,523465,32.87
2021-08-12,184000,187500,183500,185000,522802,33.11
2021-08-13,186500,186500,177500,179500,638546,33.02
2021-08-17,179500,180000,174000,177000,517841,33.06
2021-08-18,177000,181500,176000,179500,352675,33.07
2021-08-19,177000,178000,170500,171000,730681,32.88
2021-08-20,171500,174000,165000,166000,874473,32.68
2021-08-23,169000,171000,167500,168500,407647,32.8
2021-08-24,171500,173000,169500,171500,395260,32.69
2021-08-25,173500,174500,169000,173000,383916,32.76
2021-08-26,177500,181000,176500,179500,1001068,32.67
2021-08-27,179000,183000,177500,179000,418559,32.63
2021-08-30,182500,183500,177500,178500,336212,32.47
2021-08-31,179000,184500,177500,184500,512688,32.64
2021-09-01,187000,187000,183000,185000,378911,32.6
2021-09-02,185500,187000,181500,182500,343803,32.58
2021-09-03,183500,185500,181500,184500,322714,32.59
2021-09-06,184500,184500,182000,183000,206190,32.57
2021-09-07,183500,183500,180000,182500,207523,32.59
2021-09-08,182500,185000,181000,184000,313068,32.66
2021-09-09,183500,185500,181000,181000,405954,32.7
2021-09-10,182500,188000,182000,188000,651941,32.96
2021-09-13,186500,188000,183500,185000,370913,32.87
2021-09-14,185500,188000,185000,187000,332285,32.95
2021-09-15,186000,186500,182500,184000,273974,33.0
2021-09-16,184500,185500,179000,179500,409939,32.88
2021-09-17,180000,181500,177000,178500,361161,32.92
2021-09-23,175500,177500,174500,177000,349095,32.93
2021-09-24,178500,181000,178000,178500,269294,33.0
2021-09-27,178000,184500,177000,182000,419584,33.01
2021-09-28,182500,183000,179000,182000,346268,33.03
2021-09-29,177000,179000,173500,176500,476126,32.94
2021-09-30,176500,178500,174000,177500,300426,32.9
2021-10-01,176500,177000,168500,169500,701703,32.77
2021-10-05,165500,168500,163000,166000,502728,32.73
2021-10-06,168000,168500,160000,161000,464837,32.66
2021-10-07,163000,167000,161500,165000,449773,32.64
2021-10-08,166000,169000,165000,166500,341492,32.64
2021-10-12,165000,165000,158500,159000,639670,32.58
2021-10-13,159000,159500,154500,156000,999468,32.25
2021-10-14,157500,161500,157000,159000,559762,32.3
2021-10-15,162000,166000,161500,162500,582983,32.27
2021-10-18,163000,163500,160000,160500,376368,32.25
2021-10-19,161500,162500,158500,159500,508668,32.09
2021-10-20,161000,162000,157000,158000,678587,31.79
2021-10-21,158000,159500,156000,157000,424691,31.68
2021-10-22,157000,157500,155000,156500,359276,31.53
2021-10-25,156000,156000,153000,155000,484661,31.22
2021-10-26,157000,161500,156000,161000,636336,31.19
2021-10-27,161000,161000,158500,159000,503124,31.18
2021-10-28,160000,168500,156000,167000,1841418,31.38
2021-10-29,166000,167000,158500,159000,955168,30.89
2021-11-01,161000,161000,157500,158500,388292,30.77
2021-11-02,159500,165500,159500,162500,737757,30.74
2021-11-03,163500,164000,159000,159500,406415,30.64
2021-11-04,162500,164000,159500,160000,552190,30.71
2021-11-05,162000,164500,161000,164000,590822,30.9
2021-11-08,165000,165000,161000,164000,319922,30.86
2021-11-09,164000,165000,160000,161000,425650,30.63
2021-11-10,160000,162500,159000,159000,343323,30.6
2021-11-11,158000,160000,156500,159000,519800,30.67
2021-11-12,161500,166000,161000,164500,653234,30.86
2021-11-15,167000,171500,166500,169500,704963,30.9
2021-11-16,170000,170500,166500,167000,447805,30.85
2021-11-17,170000,171500,167000,167500,352563,30.71
2021-11-18,168000,170500,165000,165500,436289,30.58
2021-11-19,167500,175500,166500,174000,1029386,30.79
2021-11-22,178500,181500,176000,177500,1247323,30.6
2021-11-23,177500,180000,174000,177500,615752,30.52
2021-11-24,178000,182000,176000,177500,629916,30.45
2021-11-25,178500,180000,173500,178000,432106,30.45
2021-11-26,178000,178500,170000,170500,815136,30.45
2021-11-29,164500,171500,164500,170000,613199,30.6
2021-11-30,173000,175000,165000,166500,874829,30.73
2021-12-01,170000,175000,169500,174500,801765,30.89
2021-12-02,172000,176500,171000,173000,568012,30.74
2021-12-03,173000,179000,172500,178500,679536,30.7
2021-12-06,176500,182500,176000,179000,659948,30.56
2021-12-07,181000,183500,178500,180500,647931,30.58
2021-12-08,182000,184000,175500,176000,823623,30.5
2021-12-09,176500,180000,176000,177000,747694,30.67
2021-12-10,177500,179500,176000,178000,354939,30.71
2021-12-13,178500,183500,177500,181000,556360,30.78
2021-12-14,179000,180500,176500,178000,320763,30.68
2021-12-15,177000,181000,177000,180500,367340,30.67
2021-12-16,183000,185000,180500,181500,455930,30.71
2021-12-17,178000,181000,178000,179500,443394,30.67
2021-12-20,178500,179000,173500,174500,484807,30.68
2021-12-21,176500,179500,174000,179000,417043,30.75
2021-12-22,180500,181500,178500,180500,309297,30.65
2021-12-23,182000,185000,179000,185000,740655,30.78
2021-12-24,188500,197000,188500,196500,2208048,31.05
2021-12-27,196500,198500,193000,194500,838454,30.75
2021-12-28,195000,196500,192500,194000,824819,30.5
2021-12-29,196000,198500,192500,197000,858530,30.32
2021-12-30,196500,198000,194000,197500,468027,30.29
2022-01-03,198500,199000,193000,194500,435017,30.51
2022-01-04,195000,196000,190500,192000,535381,30.44
2022-01-05,191000,191000,187000,190000,828739,30.78
2022-01-06,186500,189000,181000,181500,998336,30.72
2022-01-07,183000,189000,182000,187500,680784,30.9
2022-01-10,185500,187000,179500,181000,550436,30.91
2022-01-11,181000,184000,179500,181500,426856,30.92
2022-01-12,184500,185500,181500,184500,434815,30.82
2022-01-13,184500,187000,182500,183000,530633,30.76
2022-01-14,181000,193000,181000,188000,1451974,30.55
2022-01-17,189500,189500,183000,184000,578676,30.37
2022-01-18,186500,194500,186000,191500,1461065,30.65
2022-01-19,189000,193000,185500,187500,846132,30.34
2022-01-20,187000,190000,185000,188500,589290,30.32
2022-01-21,186000,186500,179000,181000,953713,30.23
2022-01-24,179500,184000,178500,182500,596991,30.24
2022-01-25,183500,184000,176000,177500,834205,30.14
2022-01-26,179500,180500,175000,175500,488251,30.08
2022-01-27,177500,179500,171000,171500,871849,30.0
2022-01-28,173000,179000,171500,178000,705865,29.89
2022-02-03,181000,182000,175000,175000,775884,29.72
2022-02-04,174500,176000,168500,173000,853241,29.68
2022-02-07,172500,173000,167000,168000,806039,29.6
2022-02-08,169000,170000,165500,167000,508033,29.56
2022-02-09,169500,173500,169000,171000,606412,29.7
2022-02-10,173500,174000,170500,171000,592541,29.74
2022-02-11,168000,170000,167000,168000,480635,29.72
2022-02-14,165000,167500,162500,162500,533109,29.72
2022-02-15,163000,165000,160500,162500,314026,29.69
2022-02-16,166500,167500,164500,167000,364518,29.65
2022-02-17,167000,170000,163500,166000,543861,29.72
2022-02-18,163500,168000,163000,167000,279915,29.77
2022-02-21,164000,167500,161500,167500,395310,29.8
2022-02-22,163500,167000,163500,164500,420482,29.9
2022-02-23,166000,171000,164000,170000,489144,29.9
2022-02-24,167000,168000,162500,163000,628224,29.7
2022-02-25,166000,167500,163500,164500,426781,29.61
2022-02-28,163500,166000,162500,166000,420816,29.63
2022-03-02,165000,167000,164000,165000,324874,29.66
2022-03-03,167000,170500,166000,170500,468608,29.77
2022-03-04,170000,170500,164500,165500,553830,29.52
2022-03-07,161500,161500,155500,156500,1247365,29.27
2022-03-08,152500,159500,152500,156500,543574,29.42
2022-03-10,161000,162500,156000,157000,865598,29.27
2022-03-11,157500,158500,153000,155500,656775,29.17
2022-03-14,154500,155500,150000,152000,727104,29.17
2022-03-15,150500,153000,150000,151000,362803,29.16
2022-03-16,153500,156000,151500,155500,551755,29.2
2022-03-17,160000,162500,159000,160000,828143,29.26
2022-03-18,160000,161500,158500,161000,473641,29.32
2022-03-21,162000,164000,160500,160500,547129,29.21
2022-03-22,160000,166000,160000,165500,764237,29.19
2022-03-23,167000,168000,165000,166000,608546,29.15
2022-03-24,164500,166000,163500,164500,426875,29.16
2022-03-25,165500,166000,163000,163500,326849,29.11
2022-03-28,161500,164500,160500,163500,297450,29.17
2022-03-29,165500,166000,162500,163000,335244,29.06
2022-03-30,166000,168500,165500,166500,626386,29.05
2022-03-31,166500,167000,165000,165000,378523,28.91
2022-04-01,163500,163500,160500,161500,597836,28.83
2022-04-04,161500,162500,160000,161500,273280,28.83
2022-04-05,162500,164500,162000,162500,345330,28.89
2022-04-06,160000,161500,158000,158500,504147,28.81
2022-04-07,157000,158500,155000,155500,480079,28.76
2022-04-08,156500,158000,155000,157500,355229,28.76
2022-04-11,156500,159000,155000,156000,322781,28.68
2022-04-12,155500,156500,154000,155000,352536,28.63
2022-04-13,156000,160500,155000,160000,396560,28.67
2022-04-14,160500,161000,158000,159000,429650,28.56
2022-04-15,157500,158000,156000,157000,281541,28.52
2022-04-18,156000,158500,155500,157000,211857,28.47
2022-04-19,158500,160000,156500,157000,404194,28.32
2022-04-20,157500,162000,156000,160500,501476,28.41
2022-04-21,162000,169500,162000,168500,1704278,28.6
2022-04-22,169000,171500,167500,167500,1049261,28.19
2022-04-25,164500,167500,163000,163000,685975,28.14
2022-04-26,165000,165500,162000,162500,453383,27.97
2022-04-27,158500,161500,158000,159500,706485,27.83
2022-04-28,162000,164500,161000,162000,600623,27.78
2022-04-29,163500,167500,163000,166000,666919,27.7
2022-05-02,163500,170000,163500,168500,503144,27.67
2022-05-03,168500,169000,166000,166500,360251,27.72
2022-05-04,167500,168000,164500,166000,354903,27.77
2022-05-06,163000,164500,162000,163500,318461,27.77
2022-05-09,162000,163500,160000,160500,370590,27.77
2022-05-10,157500,161500,156500,160500,453923,27.66
2022-05-11,159500,160500,158000,160000,300495,27.61
2022-05-12,157500,159000,154500,155000,606627,27.45
2022-05-13,156000,161000,155500,160500,355906,27.5
2022-05-16,161500,162500,157000,158000,325388,27.45
2022-05-17,158500,161500,158500,161500,264831,27.51
2022-05-18,163000,163000,160000,161000,358499,27.53
2022-05-19,156500,159000,156500,158000,347367,27.54
2022-05-20,159000,160000,158000,159000,268304,27.46
2022-05-23,160000,161000,158000,159500,321388,27.39
2022-05-24,158500,159000,152500,152500,927203,27.05
2022-05-25,154000,155000,151500,152000,471602,26.94
2022-05-26,152500,154000,148000,149000,678116,26.89
2022-05-27,152000,152000,149500,149500,335684,26.85
2022-05-30,151500,154000,151000,153500,424498,26.87
2022-05-31,153500,155500,152500,154500,831217,26.93
2022-06-02,152500,152500,147500,149000,962039,26.59
2022-06-03,151000,151000,149000,149500,370187,26.6
2022-06-07,148500,149000,143500,144000,1090398,26.45
2022-06-08,148000,152000,147000,151500,1317276,26.48
2022-06-09,154500,155500,148000,152000,1517406,26.15
2022-06-10,149500,153500,149000,151000,610617,26.05
2022-06-13,147000,150000,147000,147500,747096,26.07
2022-06-14,146000,150000,145000,149000,874930,26.02
2022-06-15,149000,149500,144000,145500,775010,25.88
2022-06-16,147500,150000,144000,144000,656539,25.96
2022-06-17,140500,141000,137000,140000,959837,25.84
2022-06-20,141500,142000,135500,137500,654976,25.95
2022-06-21,138000,140500,137000,138000,627757,26.0
2022-06-22,139500,140500,131500,131500,995990,25.82
2022-06-23,131000,132500,126500,127500,1285957,25.85
2022-06-24,128000,132500,128000,131000,615045,25.91
2022-06-27,133500,136500,132500,135000,537881,25.94
2022-06-28,135000,136500,133000,135500,331843,25.84
2022-06-29,132500,135000,132500,133500,321899,25.85
2022-06-30,133500,134000,130000,130500,512257,25.87
2022-07-01,131500,132500,126500,127500,617115,25.85
2022-07-04,127500,128500,125000,126500,585886,25.82
2022-07-05,128500,134000,128000,132000,565792,26.07
2022-07-06,132500,133500,129500,130500,691000,26.06
2022-07-07,132000,135500,132000,133500,634939,25.91
2022-07-08,135000,137500,132500,134500,602772,25.96
2022-07-11,135000,136500,133500,134000,339889,25.98
2022-07-12,132500,133500,131000,132000,330384,26.02
2022-07-13,132500,134500,132000,133000,357080,25.94
2022-07-14,131500,134500,129500,132000,524082,25.92
2022-07-15,132500,139500,132500,139000,803758,26.03
2022-07-18,141000,142000,138500,140000,646223,25.87
2022-07-19,138500,140500,137500,139000,273122,25.78
2022-07-20,142500,142500,138500,139500,451818,25.62
2022-07-21,141500,145500,141000,144500,729728,25.78
2022-07-22,144500,145000,142500,143000,351131,25.78
2022-07-25,141500,144000,141000,143000,267530,25.75
2022-07-26,142000,144000,141000,142000,278527,25.73
2022-07-27,142500,143000,141000,143000,261408,25.72
2022-07-28,145000,147500,144500,146000,568213,25.77
2022-07-29,148000,148000,141500,142500,686424,25.66
2022-08-01,142500,143000,140500,142500,323821,25.71
2022-08-02,143000,143500,140500,141500,274038,25.8
2022-08-03,140500,141000,139500,141000,451122,25.75
2022-08-04,142000,142500,140000,141500,313804,25.77
2022-08-05,142000,142500,140000,141000,377130,25.69
2022-08-08,140000,140500,135000,136500,843275,25.6
2022-08-09,137000,138000,134500,137000,528615,25.69
2022-08-10,134500,135000,131500,131500,807612,25.39
2022-08-11,134000,136000,133000,135500,635672,25.47
2022-08-12,135000,138000,134500,137000,324932,25.53
2022-08-16,138500,140000,137500,138000,378328,25.54
2022-08-17,137500,139000,136500,137000,280866,25.54
2022-08-18,136000,138500,135000,138000,277921,25.6
2022-08-19,138000,139000,135500,136500,228833,25.64
2022-08-22,134500,136000,134000,134500,250083,25.71
2022-08-23,133500,136500,133500,134000,284605,25.72
2022-08-24,135000,138000,134500,135000,298507,25.72
2022-08-25,137500,137500,135000,137000,240990,25.7
2022-08-26,138000,140500,137500,138500,456498,25.74
2022-08-29,133500,134500,133000,133500,364412,25.72
2022-08-30,134000,136000,133500,135000,273658,25.71
2022-08-31,133500,141000,132500,140000,684408,25.93
2022-09-01,138000,139000,135000,135000,310457,25.83
2022-09-02,136500,140500,135500,136500,459126,25.95
2022-09-05,136500,138000,135000,136000,264194,25.97
2022-09-06,136500,140000,136000,139000,319951,26.02
2022-09-07,138000,138500,135000,136500,300820,25.83
2022-09-08,138500,139500,137000,137500,381355,25.85
2022-09-13,140000,144500,139000,144000,841160,26.03
2022-09-14,138500,140000,136500,139500,724307,25.96
2022-09-15,139500,139500,133500,133500,921058,25.62
2022-09-16,131500,132000,129500,131000,841558,25.69
2022-09-19,130500,131500,128500,128500,333008,25.74
2022-09-20,130000,131000,126000,128000,568193,25.65
2022-09-21,126500,127000,125000,125500,345710,25.62
2022-09-22,123000,123500,119500,121500,910461,25.52
2022-09-23,121500,124000,119500,120000,557074,25.58
2022-09-26,117500,122000,117500,120500,814827,25.78
2022-09-27,120000,121000,118000,119500,475415,25.76
2022-09-28,119000,120000,112000,113500,874590,25.9
2022-09-29,116000,116000,111500,112000,446976,25.95
2022-09-30,110000,113500,108500,112000,802552,26.13
2022-10-04,114500,117000,112500,117000,754733,26.14
2022-10-05,119500,120000,114500,117000,500600,26.07
2022-10-06,118000,122000,118000,120000,433927,26.11
2022-10-07,118000,121000,117000,119000,469187,26.16
2022-10-11,115500,118000,115000,117000,308880,26.26
2022-10-12,116000,119000,115500,117000,486296,26.27
2022-10-13,116000,118000,114000,114000,383394,26.32
2022-10-14,116500,120500,116500,119000,387090,26.38
2022-10-17,117000,120000,116500,119500,293129,26.35
2022-10-18,121500,123000,117500,119500,433800,26.22
2022-10-19,119000,119500,117000,117000,451157,26.13
2022-10-20,116000,117000,114000,116500,339149,26.17
2022-10-21,116000,119000,116000,117000,221238,26.15
2022-10-24,119500,121000,118000,119000,288745,26.42
2022-10-25,119500,123000,118500,121000,428477,26.49
2022-10-26,121500,124000,120500,122500,428722,26.68
2022-10-27,122000,123500,118500,123000,573612,26.79
2022-10-28,121500,122000,117000,118000,738432,26.71
2022-10-31,119000,122500,118000,121000,490204,26.85
2022-11-01,121000,121500,117500,121000,507305,26.94
2022-11-02,119500,121500,118500,121000,418288,27.02
2022-11-03,118500,122000,117000,120500,427625,27.05
2022-11-04,119000,124000,118500,123500,395605,27.11
2022-11-07,124000,126500,123500,126000,520018,27.14
2022-11-08,127500,129500,125000,129500,656172,27.2
2022-11-09,133500,140500,132500,138500,1742155,27.89
2022-11-10,137000,139500,136500,136500,743222,27.93
2022-11-11,142000,143000,140500,141500,787135,28.16
2022-11-14,141500,143000,138500,140000,578982,28.22
2022-11-15,140000,143500,140000,143000,439847,28.33
2022-11-16,144000,144000,136000,139000,994910,28.33
2022-11-17,137500,139500,135500,138000,401698,28.45
2022-11-18,138500,142000,137500,138500,468953,28.49
2022-11-21,138500,139000,135500,137000,272534,28.45
2022-11-22,136000,136500,133000,133500,360231,28.43
2022-11-23,135500,136500,133500,133500,228566,28.44
2022-11-24,135000,136000,134000,135500,175605,28.46
2022-11-25,136000,136500,133500,134000,132806,28.4
2022-11-28,133000,133500,130000,132000,255987,28.43
2022-11-29,132000,135000,130500,134500,252745,28.37
2022-11-30,133000,141000,130000,141000,900621,28.59
2022-12-01,141500,141500,136000,136000,738230,28.18
2022-12-02,136000,137500,135500,136500,391050,27.84
2022-12-05,136500,143500,135000,140000,845537,28.02
2022-12-06,138500,140000,136500,136500,343987,27.97
2022-12-07,135500,137000,134500,134500,227480,28.01
2022-12-08,134500,136500,132000,136500,415385,27.91
2022-12-09,137000,139000,135500,138000,322776,27.97
2022-12-12,137500,140000,136500,138000,265209,28.03
2022-12-13,139000,140000,137000,138500,348721,28.11
2022-12-14,139500,142500,139000,142500,456200,28.33
2022-12-15,141000,142000,139000,140000,256141,28.31
2022-12-16,137500,140000,136500,140000,589520,28.52
2022-12-19,140500,142000,139500,141500,288188,28.53
2022-12-20,141500,141500,136500,137500,332078,28.57
2022-12-21,138500,139000,135000,136000,246001,28.59
2022-12-22,137500,138500,137000,138000,197366,28.64
2022-12-23,135500,136500,133000,134000,264355,28.34
2022-12-26,134000,135500,133500,134000,211353,28.4
2022-12-27,135000,136000,132000,133000,422061,28.28
2022-12-28,132000,135000,131500,134000,311238,28.33
2022-12-29,133000,133500,130000,130500,280030,28.4
2023-01-02,131000,134500,130500,132500,181892,28.39
2023-01-03,133000,140500,131000,139500,545196,29.09
2023-01-04,138000,144500,138000,143500,764740,29.17
2023-01-05,144000,147000,144000,145000,695153,29.46
2023-01-06,144000,145500,141500,143500,316282,29.42
2023-01-09,145000,148500,144000,146000,505120,29.57
2023-01-10,146500,148000,145000,146500,348819,29.71
2023-01-11,147000,147500,142500,145000,419017,29.74
2023-01-12,146000,146000,143000,144500,404898,29.84
2023-01-13,145000,145500,143000,144000,328235,29.83
2023-01-16,145000,149000,144000,149000,606486,29.96
2023-01-17,149500,151000,147000,148500,486157,29.98
2023-01-18,149500,152000,147000,152000,395171,30.05
2023-01-19,150000,152500,149500,152000,413935,30.08
2023-01-20,151500,151500,147000,148000,481635,30.0
2023-01-25,150000,151500,148000,150800,317610,30.11
2023-01-26,149900,150500,145400,147000,721390,30.24
2023-01-27,148100,151000,147500,149900,490367,30.49
2023-01-30,149300,149300,144600,144700,489086,30.11
2023-01-31,144200,145600,142500,142700,436293,30.11
2023-02-01,143600,144400,141600,144400,322685,30.07
2023-02-02,146100,150400,146100,149300,588283,30.26
2023-02-03,148400,149600,148000,148900,321144,30.33
2023-02-06,147400,148500,145600,146000,508341,30.27
2023-02-07,145500,146800,144500,145800,301825,30.31
2023-02-08,147100,149900,147100,148600,349583,30.34
2023-02-09,147700,148300,146600,147600,282966,30.3
2023-02-10,146600,147700,146500,146900,211242,30.38
2023-02-13,146200,146200,143700,144600,401782,30.39
2023-02-14,145400,146900,144200,144900,236461,30.41
2023-02-15,145100,145400,142600,143000,303037,30.38
2023-02-16,145300,151700,144300,151400,719362,30.6
2023-02-17,149400,151100,149000,150000,283256,30.62
2023-02-20,150100,153900,148600,152700,427870,30.67
2023-02-21,152700,152800,148900,149800,312790,30.43
2023-02-22,147900,148000,145500,146700,288782,30.29
2023-02-23,147400,150900,147400,150500,326240,30.32
2023-02-24,149900,150800,146900,147500,283292,30.29
2023-02-27,147500,148000,145800,146900,199159,30.31
2023-02-28,147200,147900,144000,144000,469574,30.1
2023-03-02,144100,147000,144100,144500,244534,30.08
2023-03-03,145100,147200,144500,146900,233075,30.1
2023-03-06,147500,153000,145900,152900,646136,30.23
2023-03-07,152300,152700,149600,151400,322609,30.12
2023-03-08,149200,152500,149100,152000,302634,30.08
2023-03-09,154000,155300,151300,152700,451139,29.89
2023-03-10,149500,150700,146500,148500,489215,29.74
2023-03-13,147500,152900,147200,152900,440818,29.82
2023-03-14,151100,153200,149900,149900,426653,29.79
2023-03-15,151000,151100,148400,149700,328422,29.66
2023-03-16,148200,151400,147600,150500,247046,29.64
2023-03-17,151000,154500,151000,153000,460129,29.78
2023-03-20,152400,152800,150000,150300,192686,29.74
2023-03-21,151500,152100,149000,150200,196332,29.65
2023-03-22,151100,151300,148900,150600,277615,29.57
2023-03-23,149200,152700,149200,151500,312439,29.63
2023-03-24,151900,155200,150000,154900,641955,29.88
2023-03-27,156500,156600,153700,154900,375798,29.76
2023-03-28,155100,155900,153100,155400,283010,29.74
2023-03-29,155400,155800,152800,154500,221314,29.61
2023-03-30,155200,156800,153000,153000,350368,29.6
2023-03-31,153600,154100,152100,152700,278462,29.62
2023-04-03,153600,155400,152100,155300,391930,29.75
2023-04-04,155000,155200,150700,151300,528311,29.54
2023-04-05,151400,158000,150900,157800,819035,29.89
2023-04-06,157000,157000,152100,152400,504034,29.66
2023-04-07,153700,155100,152800,153900,339439,29.69
2023-04-10,153100,154400,152200,153400,316011,29.78
2023-04-11,154200,155400,153600,154500,368885,29.91
2023-04-12,154100,154500,152000,152600,394346,29.93
2023-04-13,152000,153900,151900,153300,294709,29.97
2023-04-14,154000,154700,153100,154300,374166,30.08
2023-04-17,154400,154600,151700,151800,355705,30.01
2023-04-18,151800,151900,147000,147600,682259,29.96
2023-04-19,147800,149000,145200,146300,522804,29.74
2023-04-20,146000,146600,144800,145300,241244,29.73
2023-04-21,145200,145500,141000,141700,673726,29.52
2023-04-24,141100,143400,140900,142200,340597,29.59
2023-04-25,142200,142400,137600,139700,400538,29.56
2023-04-26,137900,141200,137900,139100,443602,29.54
2023-04-27,139800,141700,139000,141300,310308,29.58
2023-04-28,142200,144700,141400,143900,488987,29.78
2023-05-02,143900,144400,142200,142800,241408,29.76
2023-05-03,142000,144000,141000,143300,261010,29.88
2023-05-04,142200,142500,136900,137700,675898,29.82
2023-05-08,138300,141000,138300,140000,384126,29.9
2023-05-09,139700,139900,138000,138800,239716,29.89
2023-05-10,138300,138600,135200,136000,518206,29.85
2023-05-11,137100,137700,135700,135900,284446,29.77
2023-05-12,135900,137300,135400,135900,276843,29.74
2023-05-15,135500,136200,134400,135400,249948,29.76
2023-05-16,136400,137400,135200,136100,326479,29.92
2023-05-17,136300,139000,135400,138100,313243,29.92
2023-05-18,139100,141600,138400,141400,352167,29.98
2023-05-19,141900,143400,140600,142600,388646,29.99
2023-05-22,142000,143700,141400,143000,304080,29.94
2023-05-23,143500,146000,142800,143900,360491,30.06
2023-05-24,142900,144000,142200,143100,171063,30.15
2023-05-25,144200,145000,142800,143000,360122,30.24
2023-05-26,143300,145200,143200,144000,327172,30.35
2023-05-30,145300,149100,144600,148700,591821,30.55
2023-05-31,148000,149000,147100,147500,585510,30.66
2023-06-01,146500,148500,146300,148500,348438,30.6
2023-06-02,150100,151700,148300,149300,363988,30.61
2023-06-05,150000,150100,147600,148400,219991,30.61
2023-06-07,149400,150300,147600,147900,221777,30.62
2023-06-08,147200,147500,144100,145900,421546,30.53
2023-06-09,147100,148700,146600,147200,253340,30.61
2023-06-12,149200,150200,146700,147400,310731,30.56
2023-06-13,148600,149700,147800,148600,250512,30.66
2023-06-14,148600,148800,146100,147300,218995,30.69
2023-06-15,147800,149100,146800,148000,264236,30.76
2023-06-16,149000,149900,147300,149600,308485,30.86
2023-06-19,149600,149700,147300,148000,188486,30.82
2023-06-20,147700,149600,146000,149500,254477,30.86
2023-06-21,149200,149300,143300,144000,397518,30.75
2023-06-22,143600,144000,141700,142600,330894,30.97
2023-06-23,142900,145000,142400,142400,233840,31.03
2023-06-26,142200,144900,141900,144400,191449,31.04
2023-06-27,144000,145900,143800,145200,227610,31.07
2023-06-28,145700,145900,142500,142800,161640,31.03
2023-06-29,142800,145300,142500,143400,202741,31.1
2023-06-30,143400,144800,142200,144500,176663,31.1
2023-07-03,145300,145900,144400,145200,201956,31.09
2023-07-04,145900,145900,143800,144000,202886,31.13
2023-07-05,143900,144900,142500,143100,209126,31.2
2023-07-06,143000,144300,142000,142800,320480,31.32
2023-07-07,142200,142900,139500,140400,295183,31.3
2023-07-10,140500,141500,138500,138600,173952,31.3
2023-07-11,140200,145300,139900,145300,378816,31.51
2023-07-12,145200,145800,144000,145700,183785,31.54
2023-07-13,146900,148900,146200,148200,443521,31.54
2023-07-14,149200,151500,148000,150300,535272,31.6
2023-07-17,152300,161000,152300,158000,1536870,32.01
2023-07-18,159600,159700,154500,156400,507711,31.96
2023-07-19,156400,157200,151500,153200,465298,31.92
2023-07-20,151500,153900,151500,152900,277783,31.88
2023-07-21,151600,151800,148600,149700,387519,31.83
2023-07-24,149300,151600,148000,150900,342418,31.8
2023-07-25,151300,151700,148200,148900,317345,31.78
2023-07-26,148900,149000,143000,144100,532483,31.62
2023-07-27,145000,147200,143200,146800,525283,31.55
2023-07-28,145700,146000,142100,144400,442357,31.48
2023-07-31,145800,145800,143300,145400,326415,31.52
2023-08-01,144600,154600,143300,153200,815970,31.58
2023-08-02,158500,165000,154000,156100,2885014,31.63
2023-08-03,156600,156700,150100,151800,806364,31.45
2023-08-04,152300,152700,147600,149100,490838,31.35
2023-08-07,148000,151800,148000,149800,357082,31.42
2023-08-08,151200,152900,149200,151300,366426,31.57
2023-08-09,150900,151800,149600,151000,219705,31.6
2023-08-10,150000,150200,148500,149900,283143,31.69
2023-08-11,150900,154600,150300,151400,374056,31.76
2023-08-14,150500,150600,146500,147900,305297,31.7
2023-08-16,146600,146900,144500,144700,360001,31.69
2023-08-17,143600,144500,141000,143400,335850,31.7
2023-08-18,141000,145800,140700,144600,228013,31.73
2023-08-21,144000,144600,141900,142300,191593,31.84
2023-08-22,147100,147600,143500,143900,287037,31.8
2023-08-23,143900,148500,142000,146200,359821,31.81
2023-08-24,149400,152300,148600,149100,533467,31.91
2023-08-25,146500,147200,144600,146000,226043,31.91
2023-08-28,148200,148200,142500,144100,266063,31.83
2023-08-29,143800,143800,137800,138300,1003894,31.55
2023-08-30,139000,139200,136400,136500,770604,31.36
2023-08-31,137200,137200,135100,135400,490471,31.18
2023-09-01,135200,139300,135000,139200,647298,30.86
2023-09-04,140900,141300,138900,140600,531771,30.87
2023-09-05,146800,148900,142900,144800,1242468,30.76
2023-09-06,143700,143800,139500,139800,609262,30.62
2023-09-07,138300,139300,137500,138300,341835,30.6
2023-09-08,137900,140400,137600,139200,293225,30.64
2023-09-11,139200,140100,137600,138500,197106,30.6
2023-09-12,139200,140800,139200,139600,280133,30.53
2023-09-13,139200,141500,139000,139600,264614,30.49
2023-09-14,140100,144000,139100,144000,542614,30.52
2023-09-15,143200,144800,142200,144400,428291,30.57
2023-09-18,142600,143700,141400,141700,279610,30.56
2023-09-19,141700,143900,141700,141800,246097,30.65
2023-09-20,141200,142900,140100,142200,190629,30.68
2023-09-21,140900,142200,138700,138700,284604,30.7
2023-09-22,136800,138600,136200,138100,218619,30.69
2023-09-25,137700,138800,137000,138400,204197,30.92
2023-09-26,138200,138800,135700,135800,211880,30.9
2023-09-27,135300,137600,134700,137400,163969,30.92
2023-10-04,135600,135800,132700,132800,321569,30.91
2023-10-05,133500,134300,132200,132500,161754,30.92
2023-10-06,132400,133700,131400,131800,209606,30.92
2023-10-10,133700,136700,133000,134400,343133,31.02
2023-10-11,135600,139700,134300,138600,519375,31.11
2023-10-12,138600,140400,137700,140400,262631,31.09
2023-10-13,138600,140900,138500,140000,183584,31.18
2023-10-16,138500,140200,135300,136800,240276,31.23
2023-10-17,138000,140800,137300,139800,296569,31.35
2023-10-18,139100,144900,139000,144800,780484,31.54
2023-10-19,142300,143800,141500,142900,341273,31.52
2023-10-20,141600,141600,139000,139500,298683,31.44
2023-10-23,139500,141200,139000,139700,202855,31.46
2023-10-24,141000,143000,139100,140800,285962,31.48
2023-10-25,141000,143900,140900,143000,292131,31.57
2023-10-26,139100,140400,124100,124100,1298276,31.3
2023-10-27,124300,125300,119100,123100,684274,31.21
2023-10-30,123000,128700,122500,126400,418761,31.31
2023-10-31,127600,129200,122800,124300,399312,31.17
2023-11-01,124600,129700,124300,128000,450500,31.21
2023-11-02,132000,134800,131600,132500,549937,31.06
2023-11-03,132100,134900,130800,134200,306419,31.11
2023-11-06,135000,139400,134900,139400,402822,31.27
2023-11-07,138400,139100,135600,136900,312364,31.27
2023-11-08,138700,138900,132400,132800,287857,31.09
2023-11-09,133500,135100,133400,133500,213771,31.13
2023-11-10,132500,134900,132200,134400,160907,31.0
2023-11-13,135700,136400,133300,134600,132889,31.03
2023-11-14,135900,137200,133800,134400,147311,30.96
2023-11-15,136700,138000,135700,137700,328290,30.97
2023-11-16,136900,137900,136600,137600,174970,30.99
2023-11-17,136600,139800,136600,139400,266448,31.02
2023-11-20,138600,139700,138100,138100,251207,30.98
2023-11-21,138900,140100,137600,137700,223166,30.89
2023-11-22,136700,138700,136500,138000,123705,30.85
2023-11-23,138700,139700,138000,138200,110380,30.86
2023-11-24,138600,138800,136900,137000,131307,30.82
2023-11-27,137000,138800,137000,138300,191010,30.75
2023-11-28,139300,146700,138900,144000,1058006,30.79
2023-11-29,143300,147000,141500,146100,428058,30.78
2023-11-30,146600,147900,145600,145700,504729,30.69
2023-12-01,146500,147400,145400,146700,199195,30.62
2023-12-04,147300,149200,145000,145100,232460,30.53
2023-12-05,144000,147000,144000,145300,246418,30.56
2023-12-06,146200,150100,144600,149400,475009,30.6
2023-12-07,149000,149400,146800,147700,254246,30.56
2023-12-08,149600,151400,148300,150900,363871,30.58
2023-12-11,152100,153200,150100,150500,285551,30.71
2023-12-12,150900,152200,148800,150000,278436,30.63
2023-12-13,150000,156400,149800,150300,954794,30.77
2023-12-14,152600,156300,151400,154000,657618,30.56
2023-12-15,155000,155400,152000,153400,253291,30.66
2023-12-18,153000,153900,151500,152400,180673,30.64
2023-12-19,152000,152400,148500,149800,393000,30.65
2023-12-20,149300,151800,149300,150400,345980,30.8
2023-12-21,149500,150900,149200,150200,127489,30.96
2023-12-22,151300,151800,150200,151300,173159,30.87
2023-12-26,151400,152400,150200,150800,134214,30.96
2023-12-27,150400,151000,148000,150300,263361,30.9
2023-12-28,150600,153200,150300,153200,244642,31.0
2024-01-02,153200,159300,152300,158100,468718,31.02
2024-01-03,157400,157900,153400,154000,303730,30.98
2024-01-04,152600,155400,151500,152000,229510,30.98
2024-01-05,151600,152800,148500,149200,314707,30.98
2024-01-08,149900,150500,147800,148500,158712,31.04
2024-01-09,152000,154000,148200,148800,356757,31.01
2024-01-10,149800,152500,147500,147800,223746,31.0
2024-01-11,149600,150400,146800,147500,289007,30.92
2024-01-12,148100,148500,144500,145100,269599,30.88
2024-01-15,145200,149100,145200,147500,153413,30.89
2024-01-16,148000,148300,145700,146500,151896,30.92
2024-01-17,147300,147600,136700,138600,615658,30.66
2024-01-18,139100,140200,137200,138900,328183,30.6
2024-01-19,141100,148300,141000,147500,488997,30.73
2024-01-22,151000,151000,147900,147900,296642,30.73
2024-01-23,148500,149100,146500,147500,181032,30.69
2024-01-24,147500,147500,145200,145800,185682,30.74
2024-01-25,146400,146500,143700,144600,195665,30.76
2024-01-26,143600,144500,141200,143000,244646,31.01
2024-01-29,143500,145600,142200,143100,235890,31.04
2024-01-30,144700,145300,141000,141900,238757,31.1
2024-01-31,141000,141000,138600,139600,399565,31.14
2024-02-01,140000,140300,138200,139700,416773,31.16
2024-02-02,140500,142500,139400,140200,395951,31.08
2024-02-05,139700,139800,136000,136100,425137,31.06
2024-02-06,136100,138800,135100,138600,316074,31.17
2024-02-07,139000,140400,137300,139000,274019,31.18
2024-02-08,140400,140600,137200,138800,254615,31.18
2024-02-13,140000,140600,138800,139200,218297,31.12
2024-02-14,137600,137900,136600,137500,249277,31.13
2024-02-15,138800,139000,137000,137100,184742,31.18
2024-02-16,138000,138000,136100,136100,308866,31.2
2024-02-19,136200,137200,136000,137100,222008,31.23
2024-02-20,137200,137700,136200,136900,184386,31.25
2024-02-21,136700,137300,135900,135900,215464,31.18
2024-02-22,137500,138900,135700,136500,500518,31.03
2024-02-23,137200,137400,135600,135700,333970,30.83
2024-02-26,136400,136400,134100,134100,271767,30.76
2024-02-27,135000,137400,134200,137100,390381,30.83
2024-02-28,137500,140500,137200,139300,500244,30.9
2024-02-29,139300,141300,138300,140000,426933,30.99
2024-03-04,141000,141000,136500,138000,605330,30.75
2024-03-05,138100,138300,136300,136300,277000,30.66
2024-03-06,135700,136000,132300,133400,551552,30.39
2024-03-07,134000,134500,131700,132600,319123,30.38
2024-03-08,133300,135700,133200,135400,346422,30.38
2024-03-11,135000,135300,133600,134600,178175,30.38
2024-03-12,135600,136500,134300,135900,195808,30.41
2024-03-13,137300,139500,136900,136900,428882,30.43
2024-03-14,138200,145000,138000,144500,1078094,30.97
2024-03-15,145500,150000,145200,145600,1134460,31.08
2024-03-18,147400,147700,142100,145200,435419,31.1
2024-03-19,145500,149500,144100,147500,592794,31.14
2024-03-20,149700,150600,146800,147600,398918,31.13
2024-03-21,150100,150800,148100,149600,406093,31.14
2024-03-22,148200,149500,143300,144900,599778,31.11
2024-03-25,145200,146200,144100,145000,223285,31.2
2024-03-26,147000,149500,145700,145900,410385,31.22
2024-03-27,146500,149800,146000,149300,360435,31.23
2024-03-28,148100,150700,147300,149900,313187,31.26
2024-03-29,149700,150500,147800,148700,237194,31.27
2024-04-01,150100,154600,150100,153900,715862,31.45
2024-04-02,153900,155900,153000,155000,476967,31.53
2024-04-03,153000,153100,148000,148000,516705,31.39
2024-04-04,150100,155700,148600,155400,644449,31.6
2024-04-05,153500,159900,151000,158900,992302,31.78
2024-04-08,160100,161200,157200,157200,553417,31.72
2024-04-09,158600,159200,153600,157300,467953,31.74
2024-04-11,153600,157700,152500,156500,377724,31.76
2024-04-12,158100,160200,155800,157700,420160,31.78
2024-04-15,155900,157300,151000,152000,546960,31.69
2024-04-16,149200,150000,146000,148500,494652,31.69
2024-04-17,149500,150700,146200,147600,268251,31.7
2024-04-18,147500,149000,145600,146700,414224,31.62
2024-04-19,145500,146200,140800,142900,440321,31.55
2024-04-22,144300,145300,143200,144900,246835,31.51
2024-04-23,144200,145000,142500,143200,344970,31.39
2024-04-24,144800,149200,144800,148000,359089,31.44
2024-04-25,146200,146900,144500,144500,228193,31.47
2024-04-26,146000,147700,144900,146200,213048,31.48
2024-04-29,148300,152400,147800,151300,611116,31.5
2024-04-30,153200,158900,152100,155900,966754,31.67
2024-05-02,154500,157300,152400,153100,359890,31.55
2024-05-03,155000,156500,150900,151100,324784,31.5
2024-05-07,154400,158300,154200,158000,552899,31.66
2024-05-08,158000,158100,155800,156600,237523,31.64
2024-05-09,156000,156800,154600,154600,292807,31.62
2024-05-10,155500,156700,153100,153600,226013,31.62
2024-05-13,153800,154500,151000,151900,268113,31.65
2024-05-14,152000,152400,150600,151600,192906,31.63
2024-05-16,154000,154400,153100,154200,248908,31.69
2024-05-17,153600,154300,151000,151700,187152,31.7
2024-05-20,153200,155800,152700,154600,243677,31.72
2024-05-21,156800,161400,155200,158400,881199,32.02
2024-05-22,160000,160800,155800,156200,503171,31.98
2024-05-23,156400,160900,156000,158200,369293,32.01
2024-05-24,156500,158500,154700,156500,291245,32.04
2024-05-27,157200,160300,155500,159500,333806,32.04
2024-05-28,159000,162900,157700,159600,492574,32.09
2024-05-29,161600,161600,156300,158100,437758,31.93
2024-05-30,156600,159000,156300,156600,272252,31.91
2024-05-31,157800,162500,155000,155000,1190470,31.85
2024-06-03,156600,161000,155600,159100,366091,31.99
2024-06-04,157900,158400,152500,153200,509986,31.74
2024-06-05,154900,155000,150600,151700,478461,31.65
2024-06-07,151700,152500,150700,151000,287365,31.6
2024-06-10,150800,151900,149200,150900,245178,31.6
2024-06-11,150200,150600,147900,149700,298638,31.58
2024-06-12,151300,152200,149800,151200,296538,31.6
2024-06-13,153000,153100,147500,148000,662012,31.58
2024-06-14,148200,152000,147500,151700,489662,31.7
2024-06-17,151200,152900,149800,150700,254056,31.79
2024-06-18,151600,153400,150700,151600,372889,31.88
2024-06-19,152000,152500,149500,152000,394800,31.88
2024-06-20,151600,153500,150900,151300,381301,32.0
2024-06-21,150700,151800,149200,149400,327110,32.01
2024-06-24,149800,150800,148700,149000,205262,32.07
2024-06-25,149300,151600,148500,150500,306740,32.17
2024-06-26,150100,151800,150000,151500,255389,32.3
2024-06-27,150700,155500,150500,154500,511165,32.7
2024-06-28,154700,158300,153700,158000,485281,33.06
2024-07-01,157000,157800,155500,156000,248977,33.13
2024-07-02,155500,156800,152500,153800,364380,33.19
2024-07-03,154600,156600,152500,154900,256166,33.25
2024-07-04,155900,164000,155900,162500,1078418,33.83
2024-07-05,162900,171000,162900,170500,1759045,34.43
2024-07-08,170500,170500,163000,163300,765328,34.19
2024-07-09,165200,165900,162900,163700,336344,34.21
2024-07-10,163800,166900,163500,164300,472188,34.26
2024-07-11,166300,166500,163800,164900,469263,34.43
2024-07-12,162100,166000,159600,164800,515763,34.56
2024-07-15,165400,165500,159200,160400,536177,34.52
2024-07-16,160400,172400,158900,172000,1269824,34.84
2024-07-17,172800,176500,170800,172700,972204,35.02
2024-07-18,170400,174500,169700,171900,593120,35.06
2024-07-19,170300,170500,165500,168000,442821,35.01
2024-07-22,167300,167400,159700,160500,674236,34.84
2024-07-23,162400,163500,159900,159900,392452,34.82
2024-07-24,159800,162600,158200,159500,293981,34.78
2024-07-25,158500,161200,157100,157300,605826,34.94
2024-07-26,158300,158700,153600,154900,414928,34.81
2024-07-29,155700,156500,154000,155800,280319,34.82
2024-07-30,154500,155200,153100,154000,200081,34.8
2024-07-31,154200,160800,153800,159600,614593,34.79
2024-08-01,163000,164600,158200,159500,526245,34.88
2024-08-02,154100,156100,150000,150600,507100,34.77
2024-08-05,147200,147300,132700,138200,487169,34.71
2024-08-06,143000,144400,138000,138900,435291,34.63
2024-08-07,139600,146500,139100,144900,287898,34.71
2024-08-08,143000,147200,141600,143300,419409,34.54
2024-08-09,146700,147000,142600,143500,255808,34.46
2024-08-12,144100,147200,143800,145800,204899,34.46
2024-08-13,146400,147300,141000,141500,403451,34.28
2024-08-14,143900,144700,141500,142200,245987,34.19
2024-08-16,144500,148700,144500,146100,457217,34.21
2024-08-19,146300,146500,142900,143900,226829,34.21
2024-08-20,145400,146300,142800,145700,301439,34.23
2024-08-21,145300,146000,144000,145700,189640,34.29
2024-08-22,146100,146300,145000,145700,153520,34.31
2024-08-23,145200,146000,140700,143100,366446,34.24
2024-08-26,144000,145700,143500,144200,230543,34.29
2024-08-27,144200,144400,142300,143900,155579,34.32
2024-08-28,143600,144300,141400,142600,147243,34.31
2024-08-29,140200,142100,139600,140700,315148,34.4
2024-08-30,142000,144000,141600,142800,378561,34.45
2024-09-02,142800,145900,141000,145200,323305,34.62
2024-09-03,145200,145300,141300,141500,250558,34.53
2024-09-04,137000,138000,133700,134900,527962,34.48
2024-09-05,136100,136700,133200,133700,239457,34.44
2024-09-06,133700,134000,129800,130400,410012,34.28
2024-09-09,127800,133500,126700,132900,296278,34.25
2024-09-10,132500,133100,127600,128900,457387,34.03
2024-09-11,129500,129700,126000,126400,401621,34.02
2024-09-12,128700,131600,128400,131100,404756,34.04
2024-09-13,130400,131600,130000,130700,139135,34.02
2024-09-19,132800,133000,127300,130700,284576,34.02
2024-09-20,132400,133200,131300,133000,285260,34.04
2024-09-23,140000,142500,135700,136600,810659,33.88
2024-09-24,137000,139000,135400,138200,391940,33.92
2024-09-25,138900,139900,135300,135700,312230,33.91
2024-09-26,138000,141000,137100,140100,441905,34.08
2024-09-27,140400,140500,138700,139000,197385,34.14
2024-09-30,138400,139400,132500,132500,485175,34.08
2024-10-02,131100,131700,128800,130200,230994,34.01
2024-10-04,130800,131200,129200,129900,211656,33.94
2024-10-07,130300,132500,128500,131600,209504,33.9
2024-10-08,130500,130700,129500,129800,202214,33.88
2024-10-10,130600,131800,129200,130800,329564,33.95
2024-10-11,130500,131600,129500,129800,162284,33.89
2024-10-14,129300,131200,128900,130900,179489,33.87
2024-10-15,131500,132000,129300,129500,233280,33.85
2024-10-16,127100,127500,123500,124200,646795,33.64
2024-10-17,124700,124800,123000,124200,282152,33.69
2024-10-18,124700,124700,121600,123000,333067,33.67
2024-10-21,123400,123900,123000,123000,165922,33.71
2024-10-22,122500,123400,119800,120400,358344,33.67
2024-10-23,120400,123900,119000,122700,251187,33.78
2024-10-24,121600,122200,118800,119100,307996,33.75
2024-10-25,119400,119500,116200,117000,324300,33.79
2024-10-28,117200,121200,117000,121200,245038,33.82
2024-10-29,121200,122400,118200,120200,354807,33.58
2024-10-30,119900,119900,116800,117700,338337,33.44
2024-10-31,117200,120700,116100,118400,271263,33.4
2024-11-01,118000,118200,116800,117100,150398,33.36
2024-11-04,117400,119500,117100,119000,231613,33.35
2024-11-05,117800,119300,117100,119100,143482,33.38
2024-11-06,119700,120700,117200,118200,203500,33.42
2024-11-07,117500,119200,116200,117600,173191,33.41
2024-11-08,118500,119500,116600,116800,166314,33.35
2024-11-11,116500,116500,112300,112400,297664,33.34
2024-11-12,110600,113300,110600,111000,223849,33.43
2024-11-13,110200,110700,106700,106800,323743,33.45
2024-11-14,107100,110400,106400,106400,262599,33.42
2024-11-15,106800,111600,105500,110100,349276,33.42
2024-11-18,110700,115200,110700,112500,353912,33.36
2024-11-19,112500,113600,111100,111100,242358,33.32
2024-11-20,110100,112600,110100,111100,204525,33.29
2024-11-21,111000,112900,110400,111600,197654,33.24
2024-11-22,112800,113800,111700,112000,216218,33.19
2024-11-25,113900,115900,113300,113300,593922,33.07
2024-11-26,113300,115000,112000,114900,454526,32.97
2024-11-27,114100,114200,111700,111800,314975,32.92
2024-11-28,111700,112600,110500,112000,176515,32.88
2024-11-29,112100,112100,106300,108000,561137,32.77
2024-12-02,109300,109300,106000,107200,295509,32.82
2024-12-03,108200,109700,107700,109300,430199,32.89
2024-12-04,106600,108500,105700,106200,388496,32.91
2024-12-05,106700,111300,106100,109500,468211,33.02
2024-12-06,110600,113500,107600,110400,670528,32.84
2024-12-09,109300,110400,105600,105600,405189,32.8
2024-12-10,107900,116500,107900,116300,715825,32.91
2024-12-11,116300,119400,115200,119300,489644,32.88
2024-12-12,119300,122300,118200,120700,667265,32.82
2024-12-13,120400,127800,120400,126100,865640,32.74
2024-12-16,127600,128000,124900,127500,363406,32.83
2024-12-17,126600,126600,123500,124600,475738,32.61
2024-12-18,125900,128000,125000,126100,324832,32.52
2024-12-19,122500,130500,122300,127900,624189,32.39
2024-12-20,127900,130000,126100,128700,498624,32.38
2024-12-23,129300,129500,127000,128200,196254,32.24
2024-12-24,128700,129300,126600,127000,236529,32.0
2024-12-26,128200,128200,124400,125900,250854,31.98
2024-12-27,125000,126800,123400,124500,223180,31.94
2024-12-30,124100,125400,123100,123800,160820,31.95
2025-01-02,124000,125000,120500,122400,215485,32.0
2025-01-03,122000,124400,121400,122300,439170,32.02
2025-01-06,124800,133000,124600,130900,813823,32.23
2025-01-07,132100,132200,125900,126800,472125,32.11
2025-01-08,125200,132300,125100,131200,406346,32.14
2025-01-09,131500,133400,129200,129200,459274,32.13
2025-01-10,131100,131500,128600,129300,265143,32.07
2025-01-13,128100,129300,126500,126600,275227,32.0
2025-01-14,127200,129700,125900,126100,271971,31.96
2025-01-15,127100,129000,123000,123100,397814,31.87
2025-01-16,124500,126400,123200,123600,309865,31.86
2025-01-17,123600,128500,123400,128200,414875,31.89
2025-01-20,128600,128700,126300,126600,201645,31.86
2025-01-21,127200,129200,124200,126500,268429,31.82
2025-01-22,127700,130800,126000,130500,313614,31.9
2025-01-23,130800,131600,127500,127500,311761,31.86
2025-01-24,127800,129700,126100,128100,271505,31.78
2025-01-31,130800,135600,129300,134100,708321,31.9
2025-02-03,131800,132200,129200,131100,368952,31.86
2025-02-04,132400,134200,130700,131800,351405,31.85
2025-02-05,133300,134100,131000,131000,259904,31.83
2025-02-06,132100,134600,130200,134600,330138,31.82
2025-02-07,136300,139200,135400,138500,770507,31.89
2025-02-10,137600,146500,137100,144100,892180,31.94
2025-02-11,145200,146000,143000,144700,389860,31.92
2025-02-12,144800,146900,141200,144500,346112,31.97
2025-02-13,144700,146500,142600,145200,436412,32.05
2025-02-14,145900,149100,144200,148200,518379,32.12
2025-02-17,149700,149800,145400,147400,272783,32.08
2025-02-18,147100,147100,143500,145300,301393,32.08
2025-02-19,144900,146100,144200,144700,310954,32.12
2025-02-20,143800,144400,140700,143900,413639,32.2
2025-02-21,144200,144500,141000,143200,213753,32.23
2025-02-24,141700,143800,141600,143700,205121,32.26
2025-02-25,142200,144000,140400,142100,171757,32.26
2025-02-26,141500,142100,140100,141100,389461,32.29
2025-02-27,141900,144600,141500,142500,321309,32.39
2025-02-28,139000,139800,134600,135000,571810,32.34
2025-03-04,133000,137900,133000,136800,182106,32.41
2025-03-05,137700,139300,135300,135700,232103,32.47
2025-03-06,136100,137800,134600,135900,200474,32.51
2025-03-07,135000,137800,134400,134900,222195,32.55
2025-03-10,133800,134900,132600,132900,177602,32.58
2025-03-11,130000,138600,128700,135800,333978,32.64
2025-03-12,137000,138700,135000,137300,199437,32.69
2025-03-13,138500,141200,136950,138100,449549,32.62
2025-03-14,139500,140700,136600,137400,269055,32.53
2025-03-17,138100,142400,138100,139800,323118,32.56
2025-03-18,140600,140800,136500,137100,211056,32.5
2025-03-19,136600,138800,136400,138000,156085,32.54
2025-03-20,138500,140800,137700,139500,259013,32.69
2025-03-21,139200,141100,138300,138500,245822,32.68
2025-03-24,138500,140900,137600,137600,127611,32.66
2025-03-25,139000,140300,136800,137600,214304,32.84
2025-03-26,137900,140900,137500,139200,203917,32.84
2025-03-27,137700,138700,136900,137100,130604,32.84
2025-03-28,137400,137500,134500,135900,103968,32.91
2025-03-31,132200,133800,127300,129100,340830,32.77
2025-04-01,129500,130200,127600,128700,256790,32.76
2025-04-02,129500,133000,128000,131700,258189,32.87
2025-04-03,125200,126900,120300,120500,796234,32.72
2025-04-04,117500,122500,117000,121200,374721,32.84
2025-04-07,116200,117900,114400,114700,330364,32.82
2025-04-08,117600,117700,111700,112800,334751,32.85
2025-04-09,114200,114200,108800,109500,298087,32.86
2025-04-10,118800,119300,116200,119000,355878,32.77
2025-04-11,116800,118100,115600,117800,166672,32.7
2025-04-14,120200,122800,119400,119700,222790,32.66
2025-04-15,119200,120000,118300,119700,128263,32.59
2025-04-16,128100,128400,120500,120600,819352,32.16
2025-04-17,120200,121600,119400,120800,201221,32.12
2025-04-18,121500,121900,120400,121000,149144,32.11
2025-04-21,120600,121600,120200,121200,112569,32.0
2025-04-22,120000,121200,119200,119400,139262,31.99
2025-04-23,121500,122700,120700,122400,196893,32.06
2025-04-24,122800,123200,120900,122000,153151,32.08
2025-04-25,123100,123400,121700,123000,168263,32.1
2025-04-28,122200,123200,121000,121300,155015,32.06
2025-04-29,121600,123100,120500,121800,236087,32.06
2025-04-30,121700,122100,116700,117700,612216,31.76
2025-05-02,117700,118200,117200,117600,172181,31.83
2025-05-07,118500,119600,117800,118300,166753,31.84
2025-05-08,118600,118800,117100,117800,259417,31.87
2025-05-09,117900,118200,117000,117200,140994,31.75
2025-05-12,118100,125800,117900,125800,606796,32.12
2025-05-13,127100,127100,124800,126000,288938,32.13
2025-05-14,126600,127300,125100,126300,235423,32.13
2025-05-15,125000,125400,121900,122200,264306,32.01
2025-05-16,122300,123200,121500,122600,174391,31.99
2025-05-19,121100,121900,119700,120700,131104,32.01
2025-05-20,121600,122000,119200,119400,212393,31.98
2025-05-21,119800,121800,119800,120700,245860,32.01
2025-05-22,120300,122000,118300,118800,211136,31.97
2025-05-23,118900,119600,117100,117300,181029,31.97
2025-05-26,116900,121400,116200,121100,190038,32.05
2025-05-27,120300,120300,118000,118800,199064,32.05
2025-05-28,119600,124100,119400,123300,403093,32.24
2025-05-29,125000,125000,122300,124000,209243,32.21
2025-05-30,122800,125600,122000,122200,495787,32.16
2025-06-02,121500,123500,120200,120800,204952,32.14
2025-06-04,121700,123000,121000,121700,309432,32.16
2025-06-05,123100,133300,122800,132000,956814,32.61
2025-06-09,132600,132600,129500,130000,449209,32.49
2025-06-10,131100,131400,129200,129800,350480,32.53
2025-06-11,130900,133400,130400,132400,366885,32.64
2025-06-12,132800,132900,130800,131400,462595,32.66
2025-06-13,132100,132900,126500,127400,381735,32.69
2025-06-16,127200,127300,124000,126900,315381,32.64
2025-06-17,128200,132800,127500,130700,475355,32.73
2025-06-18,130000,133700,129200,133000,419263,32.76
2025-06-19,134300,134600,129800,130300,433979,32.58
2025-06-20,132200,134800,132100,133300,455163,32.62
2025-06-23,131000,131000,129200,130300,283319,32.6
2025-06-24,132900,138200,132900,136700,546143,32.67
2025-06-25,139300,140400,136300,139100,415635,32.77
2025-06-26,143900,144000,136900,138900,573696,32.61
2025-06-27,138500,138500,134700,135500,267773,32.54
2025-06-30,136000,136500,133700,134700,222339,32.46
2025-07-01,136000,137200,134500,135200,229190,32.39
2025-07-02,133900,134800,132900,134500,201839,32.35
2025-07-03,136700,142700,136500,142300,742580,32.73
2025-07-04,141500,141700,138200,138600,335510,32.75
2025-07-07,138600,139800,137100,138900,240096,32.8
2025-07-08,137800,139200,136200,136700,255103,32.8
2025-07-09,137500,138900,134700,135400,309504,32.87
2025-07-10,136300,137300,135500,137100,290592,32.93
2025-07-11,136000,138100,135800,137100,322790,32.95
2025-07-14,136700,137800,136100,137500,197188,32.97
2025-07-15,137600,139500,136800,139400,320381,33.05
2025-07-16,138700,139600,137600,138000,216989,33.02
2025-07-17,138700,138700,135300,137800,283955,32.96
2025-07-18,137800,139400,137200,138700,273011,32.97
2025-07-21,138200,140000,136800,137300,256275,32.92
2025-07-22,137400,138100,133800,134500,319850,32.96
2025-07-23,135300,137000,132500,135900,256124,33.06
2025-07-24,135600,136700,134900,135100,171950,33.07
2025-07-25,134500,135500,134300,134900,102962,33.12
2025-07-28,135900,138800,134600,138500,272477,33.16
2025-07-29,138000,138100,134900,137400,231470,33.17
2025-07-30,137600,156700,137500,151900,3094286,34.28
2025-07-31,150300,151800,147200,148700,628014,34.38
2025-08-01,146600,150200,142800,143300,581414,34.42
2025-08-04,143500,153400,142600,150300,850292,34.43
2025-08-05,155300,157400,153200,155700,965006,34.59
2025-08-06,153600,156600,153200,155600,453969,34.74
2025-08-07,161100,163600,154500,155300,645193,34.74
2025-08-08,156400,162400,154500,160100,670902,34.85
2025-08-11,160700,162700,159100,159800,359552,34.84
2025-08-12,158200,160500,157800,157800,272659,34.96
2025-08-13,160000,163500,159100,162900,569109,35.18
2025-08-14,162800,163500,161300,162600,259530,35.24
2025-08-18,161200,161200,158200,158200,300453,35.32
2025-08-19,158900,159900,157100,159000,209985,35.41
2025-08-20,156000,157600,153800,156500,352079,35.34
2025-08-21,156800,156900,153800,154800,277095,35.37
2025-08-22,155300,156200,154400,154700,144547,35.44
2025-08-25,156300,158000,155000,157600,176204,35.49
2025-08-26,158100,161500,158100,159500,485021,35.36
2025-08-27,161000,162200,159300,161300,315995,35.35
2025-08-28,160700,164400,160100,161900,330401,35.41
2025-08-29,162500,163400,159600,160500,268324,35.49
2025-09-01,158800,166600,158000,162200,443088,35.59
2025-09-02,164400,170000,163200,169900,862789,35.77
2025-09-03,172500,176500,171600,174200,793926,35.88
2025-09-04,175100,179500,173700,178400,696996,36.04
2025-09-05,180200,180500,176500,178200,400194,36.05
2025-09-08,176200,178900,175800,178700,334713,36.11
2025-09-09,181200,182500,178100,180300,336513,36.13
2025-09-10,179000,181300,178500,180500,359528,36.19
2025-09-11,183200,190000,183000,188000,931358,36.3
2025-09-12,190100,193900,188300,190400,675115,36.44
2025-09-15,191300,191700,187000,189000,504841,36.35
2025-09-16,189500,195000,189500,192900,556664,36.54
2025-09-17,191800,195900,190600,192100,462395,36.69
2025-09-18,192400,195000,192000,194500,359269,36.75
2025-09-19,194000,197700,192900,197700,532083,36.9
2025-09-22,198300,208000,197800,207000,719169,37.24
2025-09-23,209000,209500,200000,204000,368573,37.23
2025-09-24,201500,203000,197000,201500,523315,37.38
2025-09-25,199000,200500,197100,200000,381508,37.46
2025-09-26,197700,198100,188600,191700,850907,37.58
2025-09-29,193100,198700,192600,197600,337478,37.39
2025-09-30,197100,198100,193300,193500,312982,37.38
2025-10-01,195800,196300,190800,193300,404107,37.43
2025-10-02,197800,199400,195200,195800,664365,37.5
2025-10-10,202000,211000,199600,210500,947198,37.8
2025-10-13,202000,204500,198500,203500,473190,37.54
2025-10-14,206000,208000,197000,198200,567219,37.58
2025-10-15,198900,200500,195400,200000,442942,37.6
2025-10-16,199000,203000,197500,201500,440547,37.76
2025-10-17,200000,208000,199000,207000,572650,37.97
2025-10-20,208000,214500,204500,212500,522458,38.11
2025-10-21,215000,221000,214000,216000,600165,38.27
2025-10-22,214000,216000,207000,212000,339613,38.22
2025-10-23,207500,223500,206500,222000,637592,38.5
2025-10-24,223000,223500,218500,222000,382187,38.49
2025-10-27,223500,228500,220500,228500,486164,38.56
2025-10-28,229000,233500,226000,232000,448107,38.61
2025-10-29,238000,240000,224000,232000,1072233,38.35
2025-10-30,229500,230000,221500,225000,787280,38.49
2025-10-31,226000,248000,225000,245000,908689,38.7
2025-11-03,242000,247000,236000,243000,841490,38.46
2025-11-04,246000,250500,236000,239000,557195,38.55
2025-11-05,230500,232000,219500,229500,632356,38.72
2025-11-06,236500,237000,227500,232000,505655,38.77
2025-11-07,220000,231500,215000,222500,587100,38.94
2025-11-10,224500,226500,218000,224000,377980,38.97
2025-11-11,228500,233500,224500,227500,361539,39.04
2025-11-12,226500,229500,223500,226500,285570,39.0
2025-11-13,225000,226250,220500,221500,495921,39.02
2025-11-14,213500,216500,212000,213000,601975,39.04
2025-11-17,216000,217000,208500,215500,470203,38.97
2025-11-18,210500,212000,202500,204000,641226,39.07
2025-11-19,208000,222500,201000,215000,1166055,38.87
2025-11-20,224000,228000,218500,218500,783585,38.54
2025-11-21,208000,221500,207000,217500,689878,38.62
2025-11-24,223500,231500,219000,226000,917018,38.57
2025-11-25,239500,245000,236000,241500,1028743,38.55
2025-11-26,250000,258000,242000,257000,893102,38.55
2025-11-27,252500,259250,250000,255000,531577,38.48
2025-11-28,253000,254500,247500,251000,529584,38.5
2025-12-01,255000,259000,243500,250000,544242,38.54
2025-12-02,251500,258500,248250,252000,450595,38.61
2025-12-03,255000,266000,251500,261000,598750,38.35
2025-12-04,259000,266000,256500,265000,549696,38.12
2025-12-05,261500,263500,256500,263000,394859,38.12
2025-12-08,265000,267500,257500,262000,347964,38.19
2025-12-09,263500,274000,262500,269500,572729,38.31
2025-12-10,275000,281000,265500,268500,781774,38.09
2025-12-11,272000,282500,269500,269500,842236,38.1
2025-12-12,272000,273500,264000,272000,455596,37.98
2025-12-15,261000,265500,259000,263500,454635,38.06
2025-12-16,263000,263500,253500,255000,582349,38.16
2025-12-17,258000,260000,249000,258500,605403,37.86
2025-12-18,251000,257500,249000,254000,322946,37.91
2025-12-19,260000,264000,251000,253000,490969,37.87
2025-12-22,259500,260000,252500,254500,416568,37.74
2025-12-23,256000,256000,250000,251500,383556,37.65
2025-12-24,253000,257000,250000,253500,280065,37.71
2025-12-26,257500,264500,255000,259000,615217,37.54
2025-12-29,261000,262000,254500,257500,376430,37.47
2025-12-30,256000,256500,251000,255000,351562,37.58
2026-01-02,256500,273000,253000,270000,714957,37.63
2026-01-05,274000,274500,264000,270000,650319,37.54
2026-01-06,267000,268000,257500,268000,641565,37.61
2026-01-07,270000,273000,261500,267500,699885,37.71
2026-01-08,265500,289000,263500,272000,1301057,37.85
2026-01-09,275000,275500,264000,266000,632342,37.62
2026-01-12,270500,282000,268000,279000,768166,37.85
2026-01-13,284000,290000,277500,289000,658840,37.94
2026-01-14,289000,292000,280500,284500,440111,37.79
2026-01-15,282000,290000,280000,289500,450431,37.78
2026-01-16,291500,291500,279500,289500,609718,37.8
2026-01-19,288000,295500,286000,292000,454162,37.89
2026-01-20,289000,289000,276000,282000,565656,37.89
2026-01-21,272500,283500,272000,280000,581814,37.89
2026-01-22,286000,286500,281000,283000,475584,37.98
2026-01-23,288500,291500,267500,272000,1221617,37.63
2026-01-26,274000,276000,268500,275000,698696,37.77
2026-01-27,275500,277000,266000,277000,676611,37.91
2026-01-28,280000,284000,276000,280000,678513,37.98
2026-01-29,280000,281000,273500,279500,613112,38.18
2026-01-30,277000,288000,272500,279000,711202,38.33
2026-02-02,289000,300000,280000,283000,1476234,38.32
2026-02-03,294000,309500,292000,307500,1354513,38.57
2026-02-04,303000,305500,295500,305000,735734,38.25
2026-02-05,298000,300500,285500,290000,587435,38.17
2026-02-06,279500,290000,274000,284000,545238,38.19
2026-02-09,296000,305500,291000,304000,685190,38.39
2026-02-10,306500,323000,304500,313500,755851,38.56
2026-02-11,311000,312500,301750,309500,431768,38.58
2026-02-12,316000,322000,314000,319500,513056,38.84
2026-02-13,314000,319500,309000,309500,368404,38.76
2026-02-19,328000,363000,321000,358000,1471530,39.21
2026-02-20,357000,386000,354000,377000,1178359,39.35
2026-02-23,396500,436500,392000,426500,1645328,39.29
2026-02-24,425500,449000,410000,446000,1410621,39.2
2026-02-25,469000,471500,452000,465000,1024495,39.14
2026-02-26,461000,474000,458500,466500,836633,39.15
2026-02-27,455500,466000,444000,448500,1072933,38.98
2026-03-03,430000,443500,408000,409000,1221152,39.11
2026-03-04,387000,404000,350500,362500,1314788,39.3
2026-03-05,430000,436000,396500,401500,1220260,39.45
2026-03-06,405000,415000,389000,404500,611215,39.3
2026-03-09,373500,387000,360000,382000,689302,39.16
2026-03-10,403000,409000,390000,402000,979618,39.04
2026-03-11,415000,427500,400500,406000,603440,39.17
2026-03-12,403000,411000,397000,399500,480216,38.99
2026-03-13,385000,405000,384000,400500,374842,38.95
2026-03-16,402000,424000,402000,413000,703241,38.85
2026-03-17,428500,453500,422000,446500,1036393,38.86
2026-03-18,462500,465000,450000,464000,856316,38.67
2026-03-19,448000,485500,445000,479500,923071,38.74
2026-03-20,487500,488500,455500,464500,659890,38.48
2026-03-23,440500,444500,425500,427500,602142,38.48
2026-03-24,452000,457000,422000,437000,541705,38.44
2026-03-25,456000,466500,450000,454500,465963,38.53
2026-03-26,450500,466000,448000,457000,486564,38.58
2026-03-27,436500,438500,418000,434000,700060,38.23
2026-03-30,406000,436500,401000,429000,541825,38.31
2026-03-31,412500,426000,396500,407500,774995,38.23
2026-04-01,435000,451000,430000,444500,581173,38.29
2026-04-02,444000,450500,410000,417000,707703,38.45
2026-04-03,440000,462500,432500,456000,831535,38.98
2026-04-06,455500,465500,451000,462000,366060,38.99
2026-04-07,475000,476500,450000,457000,505864,38.95
2026-04-08,490000,523000,488500,514000,942226,39.13
2026-04-09,512000,525000,505000,516000,487268,39.06
2026-04-10,530000,583000,530000,565000,1086670,39.16
2026-04-13,555000,579000,554000,568000,515832,39.06
2026-04-14,596000,603000,577000,584000,525813,39.02
2026-04-15,613000,634000,607000,614000,710091,39.17
2026-04-16,622000,643000,619000,639000,556668,39.22
2026-04-17,642000,693000,642000,679000,817980,39.26
2026-04-20,691000,698000,669000,680000,605335,38.95
2026-04-21,687000,779000,686000,772000,1092504,39.18
2026-04-22,798000,816000,776000,812000,971103,39.16
2026-04-23,796000,796000,753000,774000,1114182,39.05
2026-04-24,782000,789000,767000,788000,548023,39.05
2026-04-27,792000,796000,771000,794000,528597,39.19
2026-04-28,811000,845000,802000,839000,672656,39.3
2026-04-29,818000,834000,808000,827000,538558,39.13
2026-04-30,829000,877000,818000,832000,906217,39.14
2026-05-04,859000,925000,855000,918000,866674,39.33
2026-05-06,971000,971000,898500,912000,1216412,38.88
2026-05-07,926000,934000,880000,917000,689914,38.76
2026-05-08,906000,920000,893000,914000,523357,38.68
2026-05-11,896000,908000,858000,900000,949645,38.69
2026-05-12,912000,995000,899000,958000,2172764,38.65
2026-05-13,923000,1060000,921000,1029000,1134999,38.82
2026-05-14,1024000,1060000,1000000,1024000,672079,38.74
2026-05-15,1061000,1133000,980000,1010000,1329154,38.68
2026-05-18,990000,1084000,926000,1031000,1141621,38.51
2026-05-19,1031000,1040000,957000,987000,882288,38.28
2026-05-20,968000,1106000,924000,1061000,1908859,38.19
2026-05-21,1135000,1219000,1120000,1204000,1364487,38.26
2026-05-22,1240000,1363000,1204000,1340000,1366361,38.21
2026-05-26,1466000,1610000,1447000,1572000,1728808,37.98
2026-05-27,1722000,1734000,1580000,1630000,1862646,37.97
2026-05-28,1589000,1880000,1554000,1849000,2497729,38.16
2026-05-29,1945000,2192000,1912000,2127000,2960769,38.14
2026-06-01,2021000,2086000,1989000,2005000,1639739,38.03
2026-06-02,1839000,1886000,1659000,1813000,1954960,38.19
2026-06-04,1790000,1844000,1707000,1716000,1435204,37.82
2026-06-05,1621000,1845000,1615000,1757000,1612482,37.7
2026-06-08,1556000,1742000,1552000,1664000,1261953,37.61
2026-06-09,1762000,1972000,1719000,1970000,1650596,37.8
2026-06-10,1914000,1945000,1746000,1805000,1295394,37.57
2026-06-11,1725000,1844000,1691000,1805000,1142539,37.5
2026-06-12,1965000,1991000,1694000,1714000,1940690,37.77
2026-06-15,1840000,1999000,1835000,1999000,1497461,38.6
2026-06-16,2042000,2071000,1970000,2048000,1084769,38.99
2026-06-17,1987000,2065000,1972000,2032000,590565,39.08
2026-06-18,2013000,2277000,2007000,2200000,1621006,39.4
2026-06-19,2280000,2417000,2169000,2270000,1728303,39.49
2026-06-22,2215000,2320000,2185000,2228000,864651,39.28
2026-06-23,2219000,2219000,1974000,1990000,1212394,39.31
2026-06-24,1980000,2090000,1901000,1964000,1093489,39.26
2026-06-25,2075000,2092000,1965000,1997000,835786,39.18
2026-06-26,2000000,2149000,1910000,1993000,1305633,39.29
2026-06-29,2059000,2129000,1984000,2038000,794289,39.4
2026-06-30,2075000,2237000,2056000,2184000,1322616,39.73
