date,open,high,low,close,volume,foreign_ownership_ratio
2016-07-01,96291,97200,94474,94929,126707,13.63
2016-07-04,94929,97653,94929,96746,151404,13.68
2016-07-05,96745,96745,94474,95384,182521,13.49
2016-07-06,95383,95836,91295,92659,288604,13.6
2016-07-07,93566,94020,91749,92659,165581,13.47
2016-07-08,91295,92203,90841,91295,139697,13.38
2016-07-11,92203,92657,91295,91750,162331,13.5
2016-07-12,92203,95836,91749,94476,307959,13.57
2016-07-13,95836,97653,94929,96746,250662,13.61
2016-07-14,95837,96291,94474,95384,145731,13.67
2016-07-15,96291,99017,95836,98109,295628,13.71
2016-07-18,98562,100833,97653,98563,146787,13.69
2016-07-19,98562,99017,96745,98109,130771,13.71
2016-07-20,98108,99017,95836,96746,124230,13.7
2016-07-21,97200,98108,95836,97655,85627,13.77
2016-07-22,97200,100833,96745,97655,214809,13.65
2016-07-25,98108,99470,97653,99472,132374,13.67
2016-07-26,99017,100833,98108,100834,158814,13.65
2016-07-27,101741,105375,101287,104468,543088,13.64
2016-07-28,107646,114913,107192,114460,1239899,14.1
2016-07-29,114459,115368,111734,114006,503422,14.13
2016-08-01,113097,115822,110372,115823,433846,14.16
2016-08-02,114459,117185,113551,115368,237993,14.2
2016-08-03,113551,116276,111734,115368,270041,14.2
2016-08-04,115368,117185,114913,114915,255442,14.22
2016-08-05,114913,121273,114913,121273,547678,14.3
2016-08-08,123089,126723,119001,119002,536875,14.31
2016-08-09,120818,123997,120364,122636,397107,14.4
2016-08-10,123997,126269,120364,120820,471335,14.41
2016-08-11,119910,123089,118547,123090,240332,14.44
2016-08-12,124906,126723,123089,126724,336474,14.42
2016-08-16,127178,128540,125361,125361,218400,14.41
2016-08-17,124452,126723,123997,126724,185996,14.47
2016-08-18,127631,127631,124906,125361,176957,14.49
2016-08-19,125814,127178,123997,126270,201316,14.49
2016-08-22,124906,125814,119456,123090,333580,14.54
2016-08-23,122635,124452,121273,123090,162662,14.47
2016-08-24,123089,123997,121273,122182,170679,14.52
2016-08-25,120818,123544,119910,122636,189057,14.68
2016-08-26,122181,122635,117185,117640,305364,14.71
2016-08-29,116276,119456,115368,119456,200272,14.83
2016-08-30,119456,121727,116730,118548,154316,14.78
2016-08-31,117639,124906,117639,124907,333691,14.79
2016-09-01,124452,124906,122635,124453,203291,14.75
2016-09-02,123997,124452,120364,123544,182351,14.7
2016-09-05,127178,128994,126269,128995,371542,14.82
2016-09-06,128994,130811,128085,128995,241518,14.89
2016-09-07,129448,130811,128994,129904,166546,14.87
2016-09-08,129902,130357,126269,127632,282680,14.89
2016-09-09,127631,129902,126269,128995,209836,14.91
2016-09-12,126269,126269,121273,121273,366884,14.77
2016-09-13,123544,124906,118093,120365,341311,14.74
2016-09-19,118093,123544,116276,123544,308846,14.67
2016-09-20,122181,123997,119456,120365,151551,14.64
2016-09-21,120818,121273,118547,120820,124358,14.52
2016-09-22,122635,124452,121727,123544,278543,14.54
2016-09-23,124906,125361,123089,125361,135112,14.53
2016-09-26,125361,126269,123089,123544,90298,14.51
2016-09-27,122635,126723,121727,126270,135175,14.54
2016-09-28,126269,126723,123089,123090,160167,14.53
2016-09-29,125361,128540,125361,127178,243967,14.65
2016-09-30,125361,126269,124452,125361,193006,14.62
2016-10-04,127631,128085,125361,127178,190094,14.64
2016-10-05,126723,127631,124906,127178,141158,14.62
2016-10-06,128085,133081,126269,132628,373680,14.71
2016-10-07,132628,137624,131265,135809,442271,14.75
2016-10-10,136262,138533,135807,137625,275352,14.79
2016-10-11,139895,140803,138533,138988,288781,14.9
2016-10-12,138078,139895,136716,138533,180187,14.9
2016-10-13,138533,138986,136262,137171,210264,14.96
2016-10-14,137169,138986,133536,133537,193727,14.97
2016-10-17,134899,137624,134445,134900,175880,15.0
2016-10-18,135353,138986,134899,138988,161543,15.01
2016-10-19,138986,140350,135353,135354,144800,14.97
2016-10-20,136716,138986,136262,138079,151896,14.97
2016-10-21,138533,138986,137169,138533,97061,14.97
2016-10-24,138533,141712,138533,141259,186399,15.02
2016-10-25,141712,142620,139895,141259,182278,15.0
2016-10-26,139441,139895,132628,134445,351600,14.92
2016-10-27,134899,137169,131265,135809,307844,14.95
2016-10-28,134445,134899,131719,132174,176301,14.89
2016-10-31,130811,133536,130357,132174,150600,14.9
2016-11-01,130811,130811,124906,127178,303905,14.86
2016-11-02,125361,127631,123089,126724,216086,14.9
2016-11-03,126723,128085,123089,125816,225510,14.84
2016-11-04,125361,125814,123089,124453,156674,14.82
2016-11-07,126269,131265,125361,130357,178557,14.85
2016-11-08,131719,132628,129448,131720,152558,14.83
2016-11-09,131719,132628,121273,125361,420397,14.76
2016-11-10,128540,133536,128540,132628,302139,14.81
2016-11-11,131265,135353,128085,131720,250234,14.78
2016-11-14,131265,135353,128994,133991,192129,14.76
2016-11-15,134445,134899,131719,133083,141935,14.83
2016-11-16,148979,150796,138986,139442,1265581,14.94
2016-11-17,139895,144437,138533,143529,439802,14.94
2016-11-18,142166,143074,140350,142621,238680,14.99
2016-11-21,141712,143983,141257,141712,171071,15.02
2016-11-22,143074,143529,138986,140350,188009,15.0
2016-11-23,139441,141712,138986,141259,157044,15.04
2016-11-24,140803,140803,136262,138079,189329,15.0
2016-11-25,138078,138986,134898,135354,155767,15.01
2016-11-28,134445,136262,131265,133991,221122,15.03
2016-11-29,132628,133990,129902,129904,215141,15.06
2016-11-30,129902,131265,127631,128995,250870,15.1
2016-12-01,133081,137169,132173,136262,384857,15.14
2016-12-02,136262,139441,135353,138079,256333,15.15
2016-12-05,139895,139895,136716,136716,122554,15.16
2016-12-06,138078,139895,136262,139442,159631,15.16
2016-12-07,139441,139441,136262,136262,92535,15.16
2016-12-08,136716,139895,136716,139896,174084,15.15
2016-12-09,138986,139895,137624,138533,108491,15.0
2016-12-12,141712,144891,141257,142167,249632,15.04
2016-12-13,142620,143074,139895,143076,184247,15.01
2016-12-14,142620,143074,138533,139442,166747,15.03
2016-12-15,138533,139441,134899,138079,291630,15.08
2016-12-16,136716,138078,135807,135809,155726,15.09
2016-12-19,136716,137169,134899,135809,116653,15.07
2016-12-20,136262,138533,136262,136716,117177,15.09
2016-12-21,137624,138986,136716,137625,127089,15.12
2016-12-22,137624,138078,135353,135354,208392,14.97
2016-12-23,134445,135353,132628,134900,158504,14.99
2016-12-26,134899,135807,132173,132628,113854,14.79
2016-12-27,131719,133081,130811,131720,170290,14.83
2016-12-28,132173,135807,132173,133991,127374,14.84
2016-12-29,133081,133990,131719,132174,71084,14.85
2017-01-02,132628,134899,131719,133991,65983,14.85
2017-01-03,133990,135353,131265,131720,167539,14.96
2017-01-04,132628,132628,124906,125361,543478,15.0
2017-01-05,126269,128994,125814,126724,240287,15.05
2017-01-06,126723,127631,124906,127178,224570,15.13
2017-01-09,126269,128994,125361,126270,172413,15.16
2017-01-10,126269,128540,126269,126270,158482,15.34
2017-01-11,126723,130357,126269,128995,293047,15.32
2017-01-12,129448,130811,128540,129449,217187,15.34
2017-01-13,130357,130357,127178,128995,265914,15.31
2017-01-16,128994,129448,127631,128540,175916,15.33
2017-01-17,128994,132173,128540,129449,252805,15.26
2017-01-18,128994,129448,126269,128995,174233,15.25
2017-01-19,128994,129448,125814,127178,149314,15.21
2017-01-20,127178,129448,125814,126270,152089,15.2
2017-01-23,126723,128085,125814,125816,106176,15.21
2017-01-24,127178,127631,126269,126724,133342,15.21
2017-01-25,126723,128085,122635,122636,188502,15.21
2017-01-26,123089,125361,121727,123999,131641,15.21
2017-01-31,123544,123544,118093,120365,352759,15.11
2017-02-01,120364,126723,120364,126724,233800,15.13
2017-02-02,126723,129448,125361,127632,197140,15.14
2017-02-03,128085,128994,127178,127632,158391,15.13
2017-02-06,129902,130811,128085,130357,143629,15.11
2017-02-07,128994,130811,126269,130357,212209,15.1
2017-02-08,129902,131265,128994,131266,127348,15.15
2017-02-09,131719,133990,130357,133083,226837,15.15
2017-02-10,133081,133990,130811,133537,186090,15.09
2017-02-13,134445,136262,133081,134445,210924,15.03
2017-02-14,135353,135353,133536,133537,155807,15.01
2017-02-15,133990,134899,133081,134445,116109,15.01
2017-02-16,133990,134445,132173,133537,133767,15.01
2017-02-17,132173,134445,130357,131720,149990,14.98
2017-02-20,131265,135353,131265,134900,203106,14.97
2017-02-21,135353,140350,134899,140350,398700,15.05
2017-02-22,140803,144437,139441,142621,421939,15.14
2017-02-23,143529,143983,140350,142167,213616,15.16
2017-02-24,141712,142620,139895,141259,155355,15.16
2017-02-27,142166,144437,141712,142167,182994,15.14
2017-02-28,143529,151250,140803,149434,668880,15.34
2017-03-02,151705,154430,148070,150343,497929,15.39
2017-03-03,150796,153522,148525,152160,310735,15.38
2017-03-06,151705,153522,148979,150797,237057,15.33
2017-03-07,151250,155792,150796,155339,290510,15.45
2017-03-08,155792,156246,153522,153977,202574,15.49
2017-03-09,153522,153975,149888,151705,250767,15.53
2017-03-10,150341,152613,149887,151251,156589,15.57
2017-03-13,152613,153522,148525,152614,203970,15.63
2017-03-14,152613,153067,150341,150797,153461,15.61
2017-03-15,151250,151705,148525,151251,133813,15.83
2017-03-16,155792,162606,155338,161244,727126,15.93
2017-03-17,161697,162151,159880,161244,256703,15.88
2017-03-20,161697,163059,160334,163061,182252,15.62
2017-03-21,163059,163059,159880,159881,266145,15.72
2017-03-22,157609,160789,157155,158065,231803,15.75
2017-03-23,160789,163514,158063,161244,267666,15.74
2017-03-24,161697,162151,157155,158518,219189,15.67
2017-03-27,156246,157155,152613,155339,499286,15.68
2017-03-28,155338,158972,153067,153068,439453,15.59
2017-03-29,153067,156701,149888,149889,1735767,14.84
2017-03-30,0,0,0,149889,0,14.91
2017-03-31,0,0,0,149889,0,14.91
2017-04-03,0,0,0,149889,0,14.91
2017-04-04,0,0,0,149889,0,14.91
2017-04-05,0,0,0,149889,0,14.91
2017-04-06,0,0,0,149889,0,14.91
2017-04-07,0,0,0,149889,0,14.91
2017-04-10,0,0,0,149889,0,14.91
2017-04-11,0,0,0,149889,0,14.91
2017-04-12,0,0,0,149889,0,14.91
2017-04-13,0,0,0,149889,0,14.91
2017-04-14,0,0,0,149889,0,14.91
2017-04-17,0,0,0,149889,0,14.91
2017-04-18,0,0,0,149889,0,14.91
2017-04-19,0,0,0,149889,0,14.91
2017-04-20,0,0,0,149889,0,14.91
2017-04-21,0,0,0,149889,0,14.91
2017-04-24,0,0,0,149889,0,14.91
2017-04-25,0,0,0,149889,0,14.91
2017-04-26,0,0,0,149889,0,14.91
2017-04-27,0,0,0,149889,0,14.91
2017-04-28,0,0,0,149889,0,14.91
2017-05-02,0,0,0,149889,0,14.91
2017-05-04,0,0,0,149889,0,14.91
2017-05-08,0,0,0,149889,0,14.95
2017-05-10,149888,174233,149888,172324,4003517,18.17
2017-05-11,169459,173278,167550,167551,832833,18.61
2017-05-12,168505,169937,160390,161345,505489,18.58
2017-05-15,162299,163731,158958,162300,264184,18.58
2017-05-16,162299,163254,160867,161345,222227,18.61
2017-05-17,160867,165163,159912,163254,213942,18.52
2017-05-18,160867,160867,158003,158958,372125,17.91
2017-05-19,159435,162299,158958,159436,278507,17.96
2017-05-22,160390,160867,158480,159913,194351,17.88
2017-05-23,161344,168982,160390,165164,381617,17.84
2017-05-24,166595,166595,163731,164686,173003,17.78
2017-05-25,165641,171846,165163,170415,382229,17.72
2017-05-26,168982,172801,167550,170892,286869,17.72
2017-05-29,171369,171846,167550,168505,191173,17.69
2017-05-30,168982,170891,164686,167551,184150,17.68
2017-05-31,168505,168505,165163,165164,254834,17.59
2017-06-01,164686,171369,164209,170415,244069,17.66
2017-06-02,171846,171846,165163,166118,387030,17.5
2017-06-05,167550,168505,166118,166596,199589,17.49
2017-06-07,165163,166595,162777,164209,215667,17.48
2017-06-08,164686,168505,163731,168505,235511,17.48
2017-06-09,169459,169459,166118,168983,227014,17.61
2017-06-12,168505,171369,167073,168983,238204,17.72
2017-06-13,168505,176620,168505,176143,514888,17.87
2017-06-14,178052,179006,174710,178052,407042,17.93
2017-06-15,177574,179006,175188,178052,147630,18.02
2017-06-16,176620,177574,173278,174233,320384,18.09
2017-06-19,173278,175665,171369,171847,170328,18.07
2017-06-20,168027,170414,166118,166596,1614057,19.79
2017-06-21,167550,168027,165641,166118,314561,19.78
2017-06-22,165641,166595,162299,165641,334571,19.81
2017-06-23,164686,168027,164686,166596,251042,19.87
2017-06-26,167073,168027,164686,165641,158817,19.98
2017-06-27,165163,166595,164209,164686,130680,20.08
2017-06-28,164686,164686,162299,163732,209845,20.1
2017-06-29,165641,168982,165163,168028,181365,20.25
2017-06-30,167073,169459,166118,168505,169157,20.4
2017-07-03,168982,169937,166118,167073,165988,20.42
2017-07-04,167073,168982,166118,166118,150652,20.43
2017-07-05,166118,167073,163731,164686,193981,20.48
2017-07-06,164686,166118,163254,164209,143980,20.53
2017-07-07,164209,167073,163731,166118,295259,20.5
2017-07-10,165163,166595,162777,163732,144279,20.53
2017-07-11,164209,164686,158003,158481,316877,20.4
2017-07-12,158003,160867,156094,156571,225538,20.42
2017-07-13,158003,159912,158003,158481,152801,20.46
2017-07-14,157526,160867,156571,160868,121320,20.49
2017-07-17,162777,163254,161344,162300,144467,20.51
2017-07-18,162299,162777,159912,160868,88390,20.51
2017-07-19,162299,162299,160390,162300,91351,20.51
2017-07-20,163254,167073,162777,166596,225060,20.42
2017-07-21,166118,169937,165163,169460,202543,20.51
2017-07-24,169937,170414,165641,166118,91632,20.47
2017-07-25,166118,169937,166118,167073,118852,20.53
2017-07-26,168982,171846,168027,171847,263479,20.46
2017-07-27,171846,174233,170891,172801,261649,20.5
2017-07-28,171369,172801,168982,171847,232247,20.47
2017-07-31,172801,173756,166595,166596,252105,20.2
2017-08-01,167073,176620,166595,174233,461779,17.83
2017-08-02,173756,174233,168982,169460,219811,17.87
2017-08-03,169459,171369,168027,169937,226432,17.76
2017-08-04,168982,170891,167073,168028,122655,17.73
2017-08-07,168027,168982,166118,166596,100782,17.79
2017-08-08,165163,167073,163254,164686,182438,17.85
2017-08-09,162777,163731,161822,162777,125334,17.83
2017-08-10,161822,165641,158480,165641,281443,17.77
2017-08-11,160867,162777,158480,160868,204022,17.7
2017-08-14,161344,164686,159912,160390,87969,17.62
2017-08-16,161822,162299,151797,154662,497509,17.57
2017-08-17,153229,157526,151797,154185,276967,17.41
2017-08-18,147979,150365,145114,148934,640382,17.44
2017-08-21,148456,148933,140341,141774,740324,17.42
2017-08-22,141773,143682,138432,143206,634742,17.51
2017-08-23,144637,147501,144160,144160,257912,17.48
2017-08-24,143205,143682,140818,143206,261337,17.47
2017-08-25,144160,146069,143205,145115,239443,17.45
2017-08-28,144160,146547,144160,144638,163302,17.37
2017-08-29,144160,145114,139864,143683,297313,17.41
2017-08-30,144160,144637,140341,141774,210128,17.39
2017-08-31,142728,143205,141296,141774,132279,17.37
2017-09-01,141773,142250,136045,136523,294889,17.43
2017-09-04,131749,136045,131749,135091,180209,17.52
2017-09-05,135567,137477,134613,136045,132376,17.49
2017-09-06,136522,136522,129839,130794,264355,17.53
2017-09-07,133181,135090,131749,131749,194036,17.63
2017-09-08,131749,133658,131271,131749,159532,17.74
2017-09-11,132226,133181,127930,128885,219352,17.79
2017-09-12,128885,132226,128407,130317,148652,17.77
2017-09-13,131271,133181,129839,130317,131033,17.8
2017-09-14,129839,131271,127930,130317,221666,17.9
2017-09-15,131271,134613,129362,134613,394830,17.9
2017-09-18,135090,136045,131271,131749,224293,17.82
2017-09-19,132703,144160,132703,141774,478535,18.01
2017-09-20,142728,143205,138909,139864,130449,18.03
2017-09-21,140818,141296,136522,137000,117765,18.0
2017-09-22,137477,138432,132226,135568,175479,17.97
2017-09-25,135567,136045,131749,132704,137620,17.95
2017-09-26,134135,140818,133658,140341,307007,17.92
2017-09-27,140341,141773,135090,135568,230050,17.93
2017-09-28,134613,136045,132226,135091,117861,17.95
2017-09-29,137000,142250,136522,138432,324334,18.04
2017-10-10,139386,141773,139386,139864,189924,18.13
2017-10-11,139864,143205,138909,141296,2076869,21.31
2017-10-12,143205,144160,142250,142728,310055,21.28
2017-10-13,142728,145592,142250,145115,213481,21.25
2017-10-16,145592,147024,143682,146547,184426,21.19
2017-10-17,146547,146547,142250,142251,209584,21.1
2017-10-18,141296,143205,139864,140341,135440,21.06
2017-10-19,141296,147024,141296,145115,233005,21.14
2017-10-20,143682,145114,142728,144638,86948,21.13
2017-10-23,145114,146547,141296,141296,141678,21.06
2017-10-24,141773,143205,140341,140341,145011,21.02
2017-10-25,140818,142728,140341,141296,130587,21.03
2017-10-26,140341,142728,140341,140819,190077,20.91
2017-10-27,141296,145592,141296,144638,215501,20.94
2017-10-30,146069,147024,142250,143206,155277,20.9
2017-10-31,142728,151320,142250,149411,365366,20.96
2017-11-01,147501,149411,146547,148456,170297,20.9
2017-11-02,148933,152275,148933,149411,215922,20.85
2017-11-03,150365,152275,149888,152275,140888,20.84
2017-11-06,152275,152752,149411,150366,133513,20.93
2017-11-07,150365,157526,150365,156571,383572,20.91
2017-11-08,155139,156571,153229,155617,143049,20.92
2017-11-09,156571,158003,153707,154185,232396,20.9
2017-11-10,153229,154184,149888,150366,174463,20.87
2017-11-13,149888,150365,141296,142251,392636,21.05
2017-11-14,143205,145592,141773,143683,222530,21.18
2017-11-15,142728,143682,137954,140819,242747,21.2
2017-11-16,140818,143205,140341,141774,113668,21.3
2017-11-17,142728,145114,141296,144638,150346,21.29
2017-11-20,146069,146069,139864,140341,188311,21.32
2017-11-21,141296,141773,137477,138432,147986,21.26
2017-11-22,138432,140818,137477,140341,125180,21.2
2017-11-23,141296,142250,140341,140341,82691,21.19
2017-11-24,141296,141296,138432,139387,65112,21.16
2017-11-27,139386,140341,138432,138432,77526,21.14
2017-11-28,137954,141773,137477,140341,98575,21.09
2017-11-29,140341,141296,139386,140819,68428,21.09
2017-11-30,142728,142728,139864,141296,170919,21.09
2017-12-01,140341,141773,139386,139864,61015,21.07
2017-12-04,141296,141773,139386,140819,78354,21.12
2017-12-05,139864,146069,139386,146070,238071,21.23
2017-12-06,140341,141296,136045,137000,379419,21.08
2017-12-07,137000,137000,129362,130317,322124,20.96
2017-12-08,130317,130317,117905,120770,514973,20.9
2017-12-11,121724,126020,119815,123157,226522,20.91
2017-12-12,125066,125066,122202,123634,100649,20.91
2017-12-13,123156,128407,123156,127930,119085,20.9
2017-12-14,127930,129362,126498,126498,177421,20.94
2017-12-15,126975,129362,126975,128885,140346,20.94
2017-12-18,128885,128885,126975,128408,68092,20.9
2017-12-19,128407,129839,125543,126976,69333,20.85
2017-12-20,126975,130794,125543,130794,92522,20.87
2017-12-21,129362,130317,127452,128408,84848,20.84
2017-12-22,127930,129839,126975,127930,55063,20.84
2017-12-26,127452,130317,126975,129840,104942,20.82
2017-12-27,96425,99289,91842,92511,2122027,19.97
2017-12-28,92224,97379,92128,95948,738392,19.56
2018-01-02,96425,104540,95947,102631,451405,19.58
2018-01-03,101198,113609,100721,111700,556159,19.73
2018-01-04,115519,121247,111700,118861,555511,20.04
2018-01-05,118860,124588,114564,117429,528684,20.08
2018-01-08,119337,120292,117428,118383,193642,20.26
2018-01-09,116951,118860,116473,117906,155322,20.26
2018-01-10,119337,126020,117905,122202,551880,20.1
2018-01-11,122202,126020,121247,125066,210109,20.17
2018-01-12,125066,127930,124111,125066,165785,20.15
2018-01-15,126975,129839,126020,128885,221612,20.2
2018-01-16,128407,130317,126020,129840,144317,20.27
2018-01-17,128407,128885,126020,127930,133458,20.33
2018-01-18,128407,129839,126020,128408,136726,20.57
2018-01-19,126975,128885,126020,127453,115543,20.59
2018-01-22,127930,131749,127452,129840,112001,20.5
2018-01-23,131271,134613,131271,134136,349559,20.43
2018-01-24,132226,135567,132226,134613,236953,20.28
2018-01-25,133658,136522,133658,135091,446171,20.05
2018-01-26,134613,137477,133658,135568,187057,20.07
2018-01-29,137477,139386,135567,136523,271381,20.02
2018-01-30,136522,138432,135567,137000,349017,20.03
2018-01-31,139000,139000,128500,139000,579930,19.81
2018-02-01,138000,143500,137000,140000,214107,19.72
2018-02-02,138500,142000,138000,139000,149231,19.71
2018-02-05,137500,137500,132000,132000,176805,19.52
2018-02-06,125000,133000,125000,131500,331436,19.48
2018-02-07,133500,135500,127000,127500,315183,19.3
2018-02-08,129000,133500,128500,132500,288096,19.16
2018-02-09,129000,133000,129000,130000,246646,19.04
2018-02-12,132000,132000,126500,129500,186031,18.99
2018-02-13,129500,129500,122500,125000,318295,18.98
2018-02-14,125000,129500,125000,129500,165961,18.81
2018-02-19,133000,135000,131500,134000,315009,18.53
2018-02-20,132000,133500,128500,129000,148923,18.43
2018-02-21,129500,130000,127000,128000,239155,18.34
2018-02-22,127000,127000,123000,125000,225756,18.25
2018-02-23,127000,130500,126000,130000,354833,18.33
2018-02-26,131000,132500,129500,130500,301314,18.32
2018-02-27,131500,132000,128000,129000,383048,18.57
2018-02-28,128000,132000,127500,131000,552077,18.68
2018-03-02,128500,131500,127500,131000,404628,18.49
2018-03-05,130000,131500,123500,123500,403601,18.32
2018-03-06,127000,141000,127000,139000,956555,18.49
2018-03-07,140500,146500,136000,137000,633769,18.47
2018-03-08,139500,146000,139500,144500,682091,18.47
2018-03-09,146000,154000,140500,142500,710732,18.68
2018-03-12,145000,147500,141000,145500,314976,18.72
2018-03-13,144000,145500,140000,142500,255500,18.76
2018-03-14,140000,142500,136500,139500,238503,18.8
2018-03-15,139500,142500,136000,142500,251879,18.86
2018-03-16,143000,144500,141500,142500,286537,18.87
2018-03-19,143000,143500,138500,141500,164888,18.89
2018-03-20,141000,149000,140500,146500,420070,18.91
2018-03-21,147500,152500,147000,152000,398187,18.99
2018-03-22,150500,158000,148500,149000,410360,19.08
2018-03-23,146500,152000,146000,147500,354280,19.08
2018-03-26,135000,149500,134000,147500,732838,18.59
2018-03-27,147000,150500,145500,146500,285429,18.69
2018-03-28,144500,147500,141000,143500,415769,18.77
2018-03-29,144000,145000,135000,137500,530692,18.48
2018-03-30,138000,140000,129500,132000,762270,18.68
2018-04-02,132000,132500,125500,126000,545347,18.7
2018-04-03,125000,127500,124000,126000,308554,18.77
2018-04-04,125000,127000,120500,121000,411379,18.69
2018-04-05,122500,131000,122500,129500,612806,18.56
2018-04-06,129000,131500,126500,128000,220302,18.58
2018-04-09,126500,128000,124000,126500,212694,18.53
2018-04-10,125500,127500,122500,125500,227670,18.52
2018-04-11,126000,127000,124000,126000,206316,18.56
2018-04-12,127500,132000,127000,129000,353541,18.46
2018-04-13,129500,130500,128000,129000,199051,18.5
2018-04-16,130500,131000,124000,125000,255349,18.44
2018-04-17,125000,126000,121000,122000,303980,18.34
2018-04-18,122500,124500,120000,122000,242973,18.35
2018-04-19,122500,122500,120000,120500,290770,18.14
2018-04-20,120500,122500,119000,121500,206900,18.0
2018-04-23,121500,122000,120000,120500,228271,17.99
2018-04-24,120500,121500,116500,117500,282354,17.98
2018-04-25,117000,117000,111500,112500,307780,17.7
2018-04-26,113500,120500,112000,119000,448058,17.58
2018-04-27,119000,120500,116000,118500,254541,17.67
2018-04-30,119000,120000,118000,119500,177993,17.69
2018-05-02,119000,120500,117500,120000,199287,17.69
2018-05-03,120500,121500,118000,119500,253077,17.62
2018-05-04,120000,126500,119500,124500,727152,17.37
2018-05-08,125500,129500,124000,127000,558630,17.28
2018-05-09,126500,126500,124000,124500,295897,17.2
2018-05-10,125000,129500,124500,125500,465872,17.03
2018-05-11,126000,130500,125500,128000,486038,17.06
2018-05-14,128000,129500,126500,128500,196622,17.03
2018-05-15,127500,128000,123500,124000,245083,16.88
2018-05-16,123500,125500,122000,122500,179830,16.85
2018-05-17,123000,126500,122500,123000,240982,16.82
2018-05-18,123500,129000,123500,127500,319173,16.7
2018-05-21,128500,129000,127000,128000,133039,16.66
2018-05-23,127000,128000,124500,126500,175137,16.63
2018-05-24,126500,128000,124500,126000,138712,16.6
2018-05-25,125000,126000,121500,122000,245604,16.54
2018-05-28,122000,123500,112500,115500,975702,16.38
2018-05-29,115500,117500,113500,115500,289396,16.4
2018-05-30,114500,117000,113000,113000,233123,16.45
2018-05-31,115500,118000,114500,114500,373801,16.41
2018-06-01,114500,117500,114000,115500,184362,16.35
2018-06-04,116000,119000,115500,118000,136722,16.39
2018-06-05,118000,121500,116000,121000,230443,16.41
2018-06-07,120000,125000,120000,125000,314533,16.35
2018-06-08,124000,124500,121000,121500,191081,16.39
2018-06-11,122000,125500,119500,124500,195446,16.46
2018-06-12,124000,125000,121500,121500,166533,16.45
2018-06-14,122000,122500,116000,116500,258444,16.42
2018-06-15,118000,119000,115000,115000,245804,16.39
2018-06-18,114000,115000,109000,110500,394227,16.37
2018-06-19,110500,111500,105000,105500,285114,16.35
2018-06-20,105500,109500,104500,108000,271548,16.31
2018-06-21,107000,109500,106500,106500,147966,16.3
2018-06-22,105500,110500,105000,110500,205661,16.22
2018-06-25,110500,115500,110000,111500,258839,16.23
2018-06-26,110500,111500,107000,108000,151314,16.21
2018-06-27,108000,109000,99000,99900,538434,16.22
2018-06-28,101000,104000,100500,102000,364202,16.26
2018-06-29,104000,104500,101000,102000,229258,16.28
2018-07-02,102000,103000,99100,99200,207710,16.29
2018-07-03,100500,101500,99200,100000,180966,16.27
2018-07-04,99500,101000,99300,99300,150673,16.27
2018-07-05,99500,102500,99500,101500,147693,16.25
2018-07-06,104000,109500,103000,104500,584454,16.07
2018-07-09,104500,104500,100000,101500,342265,16.0
2018-07-10,102000,103000,101000,101500,184594,15.93
2018-07-11,100500,101000,99300,99500,276102,15.86
2018-07-12,99900,100000,95000,96000,528463,15.69
2018-07-13,96500,97500,95000,95400,321233,15.67
2018-07-16,95800,99500,95700,97100,373873,15.72
2018-07-17,97100,97900,95700,96600,310008,15.66
2018-07-18,98000,98400,95100,95200,258949,15.58
2018-07-19,95300,96300,93700,95400,246966,15.62
2018-07-20,95100,97600,94800,96900,203927,15.62
2018-07-23,97400,101000,96900,99500,330456,15.57
2018-07-24,99900,100500,95400,98200,428411,15.5
2018-07-25,98200,102000,98100,98600,348009,15.41
2018-07-26,101000,107500,99500,104500,538714,15.51
2018-07-27,106000,108000,104500,106000,220332,15.51
2018-07-30,105000,108000,104500,107500,154262,15.53
2018-07-31,108000,109500,105500,106500,171092,15.49
2018-08-01,107500,109000,106000,106500,101629,15.45
2018-08-02,106500,107500,102000,102000,214657,15.44
2018-08-03,103000,109000,103000,108500,261405,15.58
2018-08-06,108500,112500,107500,111000,310961,15.65
2018-08-07,110500,112000,109000,111500,132617,15.61
2018-08-08,110500,113000,110000,112500,134613,15.6
2018-08-09,111000,113500,110000,111500,187602,15.64
2018-08-10,112000,112000,110000,110500,110426,15.63
2018-08-13,110500,111000,105500,107500,223246,15.69
2018-08-14,108000,110000,106500,108000,157184,15.73
2018-08-16,105500,106000,102000,103500,236325,15.7
2018-08-17,104000,104500,102500,103000,144753,15.71
2018-08-20,104500,113000,104500,112500,485114,15.78
2018-08-21,112500,112500,109500,111500,253123,15.81
2018-08-22,112000,119500,111500,117000,3108253,15.86
2018-08-23,121500,122000,112500,115000,438752,15.86
2018-08-24,115000,115000,112000,114000,161097,15.83
2018-08-27,114500,118500,112500,115000,291412,15.84
2018-08-28,115500,119500,115500,118500,306954,15.92
2018-08-29,119000,120500,118000,120000,182390,15.94
2018-08-30,120000,121000,118500,119000,144975,15.98
2018-08-31,119000,119000,116000,118000,220751,16.03
2018-09-03,118000,121000,117000,120000,161125,16.04
2018-09-04,119500,120500,117500,118500,183212,16.06
2018-09-05,119500,123500,119000,120500,359095,16.08
2018-09-06,121500,126000,121000,124000,410366,16.09
2018-09-07,124500,127500,123000,125500,254499,16.13
2018-09-10,123500,125500,123000,125000,172506,16.17
2018-09-11,124000,126000,122000,124000,144394,16.17
2018-09-12,125500,128000,125000,127000,301326,16.18
2018-09-13,126500,129000,126000,129000,223289,16.25
2018-09-14,129000,129500,127500,129500,187155,16.4
2018-09-17,128500,130500,127500,130500,202262,16.43
2018-09-18,129500,129500,126500,129000,194752,16.45
2018-09-19,128500,129000,125000,125500,224967,16.49
2018-09-20,125000,131000,124500,130000,282915,16.54
2018-09-21,131000,132000,126500,128000,180436,16.53
2018-09-27,129500,135000,129000,134500,338182,16.73
2018-09-28,134500,136000,132000,134500,256765,16.77
2018-10-01,135000,137000,133000,136500,270135,16.64
2018-10-02,136500,143500,135000,141500,600732,16.6
2018-10-04,142500,146500,138500,141000,429041,16.6
2018-10-05,139000,141500,137500,140500,231512,16.57
2018-10-08,140500,142000,132500,133500,325392,16.57
2018-10-10,134000,136500,131500,135500,274582,16.6
2018-10-11,129500,133000,125000,127500,425337,16.56
2018-10-12,126000,130000,125500,128500,228377,16.59
2018-10-15,128000,135000,128000,132000,217754,16.6
2018-10-16,133500,134000,128000,131000,157917,16.6
2018-10-17,133500,135000,127000,132500,301161,16.67
2018-10-18,132500,132500,124500,125500,269037,16.67
2018-10-19,123000,126500,119500,126000,250402,16.73
2018-10-22,126000,126500,122500,126000,160129,16.66
2018-10-23,124000,125500,118000,120000,392126,16.72
2018-10-24,120500,121500,118000,118500,343569,16.84
2018-10-25,115000,118000,113000,118000,380061,16.83
2018-10-26,119000,119500,113000,116000,290998,16.75
2018-10-29,116000,123500,116000,116500,285574,16.68
2018-10-30,116500,125500,116500,123500,330059,16.55
2018-10-31,122500,127000,120500,124500,279070,16.52
2018-11-01,124000,124500,115500,116000,495843,16.45
2018-11-02,117500,121000,117000,120500,323387,16.46
2018-11-05,119500,124500,119500,121500,250875,16.55
2018-11-06,124000,129500,122500,128000,415458,16.56
2018-11-07,128500,133500,124000,126000,337724,16.47
2018-11-08,131000,131000,127000,129000,262254,16.47
2018-11-09,128000,130500,122000,129000,285299,16.41
2018-11-12,127000,134000,127000,133000,272527,16.33
2018-11-13,130500,135000,128000,133500,243567,16.29
2018-11-14,130500,131000,124000,125500,488221,16.23
2018-11-15,125000,129500,124500,128000,189127,16.25
2018-11-16,129000,136000,128000,134500,393648,16.38
2018-11-19,136500,139000,133000,134500,247917,16.39
2018-11-20,133000,138000,133000,138000,259039,16.43
2018-11-21,135000,139500,132500,137000,260789,16.39
2018-11-22,138000,139500,134000,135500,236852,16.38
2018-11-23,135500,137000,132000,134000,139212,16.38
2018-11-26,134000,136000,127500,133000,305308,16.43
2018-11-27,133500,134500,131500,132500,179851,16.49
2018-11-28,134000,138000,133500,136500,234101,16.6
2018-11-29,138500,140000,134000,135500,209857,16.67
2018-11-30,135500,137000,132000,132000,257241,16.67
2018-12-03,134500,138500,133500,134500,258903,16.68
2018-12-04,136000,139500,135000,138500,250827,16.76
2018-12-05,136500,142000,136000,139000,259687,16.77
2018-12-06,139500,140000,134000,135000,278198,16.65
2018-12-07,136500,138000,133500,135500,157738,16.63
2018-12-10,133500,136000,133000,135500,154927,16.56
2018-12-11,136000,136000,132000,133000,177596,16.52
2018-12-12,133000,141000,133000,140000,329188,16.72
2018-12-13,140000,144500,139000,143000,441474,16.43
2018-12-14,141500,145000,138500,140000,332979,16.46
2018-12-17,141000,141500,137000,137500,184817,16.45
2018-12-18,137000,139000,135500,137000,139848,16.42
2018-12-19,138000,138500,130000,133000,392055,16.39
2018-12-20,132000,132000,126500,128000,469647,16.41
2018-12-21,127000,128000,122500,127000,391573,16.32
2018-12-24,126500,127500,124000,127000,182305,16.27
2018-12-26,123500,125500,122500,124500,261748,16.23
2018-12-27,127500,133000,127000,129500,324481,16.25
2018-12-28,131000,132000,128000,128500,138399,16.21
2019-01-02,129500,131500,125000,125500,143838,16.15
2019-01-03,126500,133000,126000,131500,334941,16.24
2019-01-04,132000,139500,130500,138500,369927,16.35
2019-01-07,140500,143000,137500,139000,247943,16.37
2019-01-08,140000,140000,133500,134000,247213,16.35
2019-01-09,135500,139000,135000,135500,199575,16.39
2019-01-10,138000,141500,135000,135000,329292,16.44
2019-01-11,136500,137500,133000,134000,199943,16.42
2019-01-14,134000,136000,133500,135000,137851,16.44
2019-01-15,136500,139000,135500,138500,206859,16.48
2019-01-16,138500,138500,136000,136500,122625,16.48
2019-01-17,136500,140000,135000,135500,206768,16.48
2019-01-18,136500,140000,135500,139500,249883,16.58
2019-01-21,140000,144000,140000,142000,340359,16.63
2019-01-22,142500,143500,140000,142500,180670,16.7
2019-01-23,140500,141500,139000,141000,189100,16.64
2019-01-24,141000,142500,137500,137500,253162,16.62
2019-01-25,136500,140000,136500,139000,164830,16.66
2019-01-28,140500,143500,140500,142500,376549,16.75
2019-01-29,144000,146000,141500,143500,455368,16.8
2019-01-30,145000,145000,141500,144500,260143,16.82
2019-01-31,138000,143500,135500,138500,1538515,16.61
2019-02-01,137000,137000,127000,128000,1709513,16.05
2019-02-07,129000,130500,127500,128000,599216,15.98
2019-02-08,128000,131000,127000,128000,507579,15.66
2019-02-11,128500,132500,128500,131500,509864,15.6
2019-02-12,132000,134000,130500,130500,299199,15.59
2019-02-13,131500,131500,126500,127000,518252,15.38
2019-02-14,127000,127500,123000,124500,537322,15.35
2019-02-15,124500,128500,124500,126000,306373,15.4
2019-02-18,127000,128500,125000,128500,256443,15.41
2019-02-19,129000,129500,127000,128000,156040,15.43
2019-02-20,127500,130000,127000,129000,268845,15.46
2019-02-21,129000,133500,127500,132000,472089,15.55
2019-02-22,134000,135500,132500,133500,299344,15.55
2019-02-25,134000,134500,130500,133000,275199,15.5
2019-02-26,133000,133000,129500,130000,236956,15.48
2019-02-27,130500,132500,129500,130500,155430,15.51
2019-02-28,131500,133500,130500,131500,377513,15.56
2019-03-04,132500,135000,131500,132000,278459,15.51
2019-03-05,131500,134500,130000,133500,188134,15.58
2019-03-06,132500,135000,132000,134500,183365,15.65
2019-03-07,135000,135000,129500,130500,241594,15.63
2019-03-08,130000,130000,124000,125500,378129,15.56
2019-03-11,125500,126500,122000,125500,177968,15.57
2019-03-12,127000,128000,125500,126000,176056,15.62
2019-03-13,126000,126500,123000,124000,158719,15.66
2019-03-14,125500,126500,123500,125000,267487,15.76
2019-03-15,125000,130500,125000,129500,374881,15.77
2019-03-18,130500,131000,128000,130000,121757,15.73
2019-03-19,130500,130500,128500,129500,88423,15.75
2019-03-20,129000,129500,126000,128000,141186,15.76
2019-03-21,128000,128000,125500,127000,181983,15.83
2019-03-22,126500,128000,125000,126000,147714,15.83
2019-03-25,123500,125500,116000,116500,743725,15.75
2019-03-26,118000,119500,117000,118500,299376,15.66
2019-03-27,117000,118500,115000,117000,297641,15.71
2019-03-28,115500,117000,114500,116000,194691,15.76
2019-03-29,116000,119500,116000,119000,202790,15.8
2019-04-01,120000,121500,119500,120000,163369,15.84
2019-04-02,121000,121000,118000,119000,137126,15.86
2019-04-03,119500,123000,119500,122000,192529,16.02
2019-04-04,122500,123000,120500,120500,102735,16.16
2019-04-05,121500,124500,120000,123000,293727,16.18
2019-04-08,123000,123500,121000,122000,144247,16.15
2019-04-09,122000,123500,121000,121500,119650,16.08
2019-04-10,121000,121500,117500,119500,322450,16.09
2019-04-11,119500,120500,118000,118500,341189,16.13
2019-04-12,119000,120500,118500,120000,201307,16.23
2019-04-15,121000,123000,120000,122500,223626,16.3
2019-04-16,122500,124000,122000,123500,190364,16.3
2019-04-17,123500,124000,122000,123000,125036,16.32
2019-04-18,122500,125500,120500,121000,240430,16.23
2019-04-19,122000,123000,120500,121000,85500,16.28
2019-04-22,121000,121500,118500,120000,177638,16.27
2019-04-23,123500,127500,123000,127000,644267,16.43
2019-04-24,126500,128000,123500,124000,246088,16.4
2019-04-25,124000,124000,121500,122000,174354,16.28
2019-04-26,121000,123500,121000,123000,106355,16.27
2019-04-29,123000,126500,122000,126500,143693,16.27
2019-04-30,126000,126500,122500,124500,200293,16.27
2019-05-02,123500,129500,122500,129000,383655,16.3
2019-05-03,128000,130000,126000,126500,323206,16.33
2019-05-07,124000,125000,121500,122000,259037,16.36
2019-05-08,119500,121500,119000,120500,273288,16.32
2019-05-09,120000,122000,115500,115500,456761,16.27
2019-05-10,115500,117500,115000,115500,259822,16.23
2019-05-13,115000,115500,109500,110000,366584,16.19
2019-05-14,108500,112000,108000,109000,306668,16.31
2019-05-15,110500,113000,109500,111500,216397,16.3
2019-05-16,111500,112500,109000,109000,182645,16.25
2019-05-17,110000,113000,109500,109500,171751,16.22
2019-05-20,110000,111000,106000,106500,202978,16.19
2019-05-21,106000,108500,106000,107000,154851,16.22
2019-05-22,108000,109500,106500,109000,157194,16.23
2019-05-23,108500,112500,105000,111500,324234,16.13
2019-05-24,110500,112500,110500,111000,164367,16.11
2019-05-27,111500,114000,109500,110500,130659,16.08
2019-05-28,110000,114000,109500,114000,228911,16.07
2019-05-29,114000,114000,109000,111000,218180,16.03
2019-05-30,110500,115500,110500,115500,186414,15.98
2019-05-31,115000,119000,112500,117500,357122,16.08
2019-06-03,117000,118500,115000,115500,191906,16.05
2019-06-04,116000,120000,116000,118500,222063,16.08
2019-06-05,119500,119500,117000,118000,125607,16.07
2019-06-07,118500,118500,114500,116500,166068,16.15
2019-06-10,117000,117500,114500,117000,132620,16.29
2019-06-11,116500,119500,116000,118000,218494,16.27
2019-06-12,119000,120500,118000,119500,258636,16.25
2019-06-13,119000,122000,118000,120500,325993,16.24
2019-06-14,120500,123500,119000,122500,258639,16.27
2019-06-17,123500,123500,118000,118500,202880,16.22
2019-06-18,118500,119500,116000,117000,205664,16.24
2019-06-19,118500,120500,118000,119500,189927,16.24
2019-06-20,120000,121500,119500,121000,146428,16.23
2019-06-21,123000,123000,120500,122000,200548,16.24
2019-06-24,121500,124000,121500,122500,88149,16.2
2019-06-25,123000,123000,120000,121500,161278,16.16
2019-06-26,120500,122000,118500,119500,147563,16.18
2019-06-27,120000,121500,119500,120500,197697,16.24
2019-06-28,120500,120500,118000,118500,142889,16.24
2019-07-01,119000,120500,118500,119000,133820,16.25
2019-07-02,118500,119500,118000,118000,84106,16.22
2019-07-03,118000,119000,114000,114500,181781,16.21
2019-07-04,115000,116000,113500,116000,148045,16.28
2019-07-05,116000,119000,115500,118000,109426,16.27
2019-07-08,118000,119000,116000,116000,92355,16.29
2019-07-09,116000,117000,112500,113000,206421,16.31
2019-07-10,113500,114000,112000,113000,106612,16.31
2019-07-11,113000,116500,113000,114500,191252,16.36
2019-07-12,114500,116500,114000,115000,139105,16.35
2019-07-15,115500,118000,113500,114000,152055,16.32
2019-07-16,115000,115500,113500,114500,68319,16.32
2019-07-17,114000,115000,112500,113000,82510,16.33
2019-07-18,112500,113500,109000,110000,164033,16.29
2019-07-19,110500,112000,110000,111500,181002,16.35
2019-07-22,110500,113000,108500,109000,153238,16.36
2019-07-23,109000,110000,107500,108000,176545,16.38
2019-07-24,109000,110000,108000,108500,128982,16.46
2019-07-25,109000,109500,100500,102500,613245,16.39
2019-07-26,102000,104500,101000,103500,221855,16.38
2019-07-29,103000,106000,102500,106000,231307,16.48
2019-07-30,105000,107000,104000,106000,155997,16.49
2019-07-31,106500,109000,106000,108500,190121,16.54
2019-08-01,108000,108500,106000,107000,143821,16.52
2019-08-02,105000,105000,101500,102000,333053,16.49
2019-08-05,101000,103000,99200,99200,381788,16.51
2019-08-06,96600,98900,94000,96600,460167,16.49
2019-08-07,95100,97200,93800,93900,284860,16.44
2019-08-08,95000,96200,94000,94400,311356,16.41
2019-08-09,95500,97400,95100,96700,161932,16.41
2019-08-12,97000,98000,95800,96300,140150,16.39
2019-08-13,95700,96700,95000,95200,111331,16.37
2019-08-14,96000,96500,95200,95500,152521,16.37
2019-08-16,94600,96200,94200,95700,135982,16.39
2019-08-19,96500,103500,96100,103000,379578,16.39
2019-08-20,103000,108500,102500,108500,347794,16.46
2019-08-21,107500,109500,106000,108000,287409,16.54
2019-08-22,108000,109000,106500,107500,174800,16.65
2019-08-23,107000,110000,106000,108500,177835,16.63
2019-08-26,105500,106000,103500,105500,194070,16.66
2019-08-27,107000,109000,105000,105500,176939,16.65
2019-08-28,106000,106500,102500,104000,150544,16.62
2019-08-29,104500,105500,104000,105500,74480,16.67
2019-08-30,107500,111000,106500,110000,247446,16.71
2019-09-02,109000,111000,108500,110500,98144,16.69
2019-09-03,111500,112000,108500,110000,170362,16.68
2019-09-04,108500,113000,108000,113000,166463,16.69
2019-09-05,112000,115000,112000,114500,212891,16.65
2019-09-06,117000,120000,115000,118500,448091,16.65
2019-09-09,120000,121000,119000,120000,241585,16.69
2019-09-10,120000,122000,118000,120000,154319,16.69
2019-09-11,120000,122000,119500,122000,234850,16.71
2019-09-16,124500,126500,124000,125000,264225,16.67
2019-09-17,124000,125000,122500,125000,140309,16.73
2019-09-18,124000,125000,121500,124000,221134,16.76
2019-09-19,123500,125000,121000,121500,150889,16.78
2019-09-20,121500,125000,121500,124000,240214,16.82
2019-09-23,123500,125000,122500,124500,110258,16.82
2019-09-24,124500,127000,123000,126500,232884,16.86
2019-09-25,125500,127000,123500,124000,205571,16.85
2019-09-26,124500,126500,123500,124000,137960,16.84
2019-09-27,125500,125500,121000,122500,107995,16.82
2019-09-30,122000,125000,121000,124000,148254,16.81
2019-10-01,124000,127500,123000,126000,182007,16.81
2019-10-02,125000,127500,124000,124000,143547,16.78
2019-10-04,123500,125000,121000,122500,128167,16.75
2019-10-07,124000,124000,121000,122000,87814,16.71
2019-10-08,124000,127000,123000,126000,232000,16.73
2019-10-10,126500,129000,125000,127500,433859,16.71
2019-10-11,129500,131000,127000,127000,191580,16.76
2019-10-14,129000,130500,128500,129500,191090,16.8
2019-10-15,128000,129000,124000,126500,316907,16.85
2019-10-16,127500,128000,125000,126000,128015,16.87
2019-10-17,126500,126500,121500,123000,260450,16.83
2019-10-18,123000,124000,121000,121000,133327,16.84
2019-10-21,121000,123000,121000,121500,90043,16.8
2019-10-22,122500,126500,122000,126000,248815,16.78
2019-10-23,126500,126500,123500,124500,156842,16.85
2019-10-24,126500,127000,123500,124500,106136,16.88
2019-10-25,124000,127000,124000,125500,102762,16.94
2019-10-28,127000,128000,126500,127500,143278,17.04
2019-10-29,128000,128000,126500,128000,109926,17.09
2019-10-30,128000,128000,122000,122500,215726,17.1
2019-10-31,123000,124500,122000,122000,101702,17.06
2019-11-01,121500,122000,117500,118000,301246,17.03
2019-11-04,119500,121500,118000,121500,142490,17.01
2019-11-05,121500,123500,120500,122000,112230,17.06
2019-11-06,122000,122000,117000,118000,300755,17.06
2019-11-07,117500,119500,116500,118000,103690,17.07
2019-11-08,119500,120500,118500,120500,175412,17.07
2019-11-11,120500,121000,117500,118000,125792,17.02
2019-11-12,118000,119000,118000,119000,71156,17.02
2019-11-13,118500,118500,114500,115000,239318,17.04
2019-11-14,115000,116000,114000,115500,226463,16.99
2019-11-15,115000,117500,115000,117500,129693,16.99
2019-11-18,118000,118000,116000,116500,98707,16.97
2019-11-19,116000,117500,115000,116000,102891,16.97
2019-11-20,116000,117000,115000,116000,99520,16.97
2019-11-21,116500,116500,114000,115500,128447,16.93
2019-11-22,115000,116000,114500,115000,86740,16.93
2019-11-25,115000,119500,115000,117000,176295,16.92
2019-11-26,117500,121500,117500,121500,335382,16.93
2019-11-27,122000,123000,120000,122000,121723,16.92
2019-11-28,120000,122500,119500,122000,99599,16.9
2019-11-29,122500,123000,119500,120000,101771,16.89
2019-12-02,120000,122000,119000,121500,117570,16.86
2019-12-03,119500,121000,118500,121000,82762,16.85
2019-12-04,119500,120000,118500,120000,107054,16.83
2019-12-05,120500,122500,120500,122500,133908,16.89
2019-12-06,123000,123000,120500,121500,94593,16.81
2019-12-09,121500,122500,120500,121000,88526,16.83
2019-12-10,121000,123000,119500,122000,117373,16.85
2019-12-11,123000,124000,121500,123000,152048,16.86
2019-12-12,124000,124000,122500,123000,250471,16.9
2019-12-13,124500,126500,124000,125000,147282,16.93
2019-12-16,125500,125500,124000,125000,87133,16.82
2019-12-17,123500,125500,123000,125500,110083,16.81
2019-12-18,124500,125500,124000,124000,93974,16.85
2019-12-19,124000,126000,124000,126000,125141,16.91
2019-12-20,126500,126500,124500,125500,127670,16.94
2019-12-23,126000,126500,125000,126500,100954,16.93
2019-12-24,126500,126500,125000,125500,101203,16.89
2019-12-26,125500,126000,122000,124500,159823,16.9
2019-12-27,125500,127000,123000,126500,166789,16.96
2019-12-30,126500,127000,125000,126500,96061,16.98
2020-01-02,127500,127500,125500,125500,85564,17.01
2020-01-03,126500,131000,126000,129500,328380,17.13
2020-01-06,129000,130500,127500,127500,159650,17.22
2020-01-07,128000,129000,126500,127500,126734,17.29
2020-01-08,126000,126500,123000,124000,311505,17.34
2020-01-09,125500,129500,125500,129500,328602,17.46
2020-01-10,129500,131500,129000,131000,298875,17.6
2020-01-13,130500,133000,130500,131500,179332,17.59
2020-01-14,131500,132500,128000,129000,168955,17.51
2020-01-15,129500,131000,128000,129000,138166,17.53
2020-01-16,129000,129500,126500,128000,97296,17.54
2020-01-17,128500,129500,127500,128000,111344,17.55
2020-01-20,128000,129000,126000,128500,164228,17.61
2020-01-21,128500,129000,126000,126000,91241,17.63
2020-01-22,126500,127500,125500,127500,96560,17.62
2020-01-23,126500,127000,124500,125000,146894,17.66
2020-01-28,118000,121500,116000,119000,221836,17.65
2020-01-29,120000,120500,117500,118500,132021,17.76
2020-01-30,119000,120000,116500,116500,114536,17.71
2020-01-31,116500,117500,113500,114000,189732,17.69
2020-02-03,111000,114000,109500,113000,214585,17.7
2020-02-04,112500,115000,112000,114000,193890,17.67
2020-02-05,115000,116000,110000,110000,295459,17.67
2020-02-06,112500,124000,112500,123500,678051,17.68
2020-02-07,123000,125000,119000,120500,263663,17.81
2020-02-10,118500,122000,118000,120500,188857,17.88
2020-02-11,120500,122000,119500,120500,147919,17.89
2020-02-12,119500,121500,118000,120500,222810,17.84
2020-02-13,121000,121500,116500,116500,260709,17.8
2020-02-14,116000,117500,115500,116500,162908,17.79
2020-02-17,116500,116500,115000,115000,124128,17.85
2020-02-18,114500,115500,114000,115500,141963,17.84
2020-02-19,117500,117500,114000,115500,136036,17.81
2020-02-20,116000,117500,114500,115000,127187,17.77
2020-02-21,113500,114000,112000,112000,159031,17.74
2020-02-24,109000,109500,105500,106000,286441,17.77
2020-02-25,106000,110500,105500,110000,188197,17.76
2020-02-26,107500,109500,106000,108000,246459,17.64
2020-02-27,107500,109000,106500,107500,167722,17.61
2020-02-28,105000,106000,103000,104000,303668,17.58
2020-03-02,104500,106000,103000,104500,169866,17.58
2020-03-03,107500,107500,103000,103500,286190,17.52
2020-03-04,104000,107000,103000,106000,309198,17.4
2020-03-05,107500,111000,106000,110500,298132,17.42
2020-03-06,108000,108500,105000,106500,234116,17.33
2020-03-09,101500,102000,96200,96900,812249,17.09
2020-03-10,95000,98300,95000,96300,422659,17.15
2020-03-11,97200,99300,95000,95500,355652,17.18
2020-03-12,95600,96700,87400,89100,612408,17.05
2020-03-13,78700,84000,75500,80900,969928,16.97
2020-03-16,82200,83000,76400,76600,526279,16.86
2020-03-17,70200,80200,70200,78600,616264,16.88
2020-03-18,77600,78900,71900,71900,404985,16.81
2020-03-19,73000,74900,64200,66300,661951,16.96
2020-03-20,67600,77000,65800,77000,517444,16.98
2020-03-23,69600,72500,67600,68600,324195,16.95
2020-03-24,70800,75000,69400,73900,294642,16.89
2020-03-25,77000,81400,76000,79000,492705,16.85
2020-03-26,81300,82200,77700,77700,434213,16.75
2020-03-27,81500,81700,74500,77300,393599,16.54
2020-03-30,74900,77500,72900,76300,248836,16.52
2020-03-31,77500,78900,76700,78600,301113,16.58
2020-04-01,78100,80600,75700,76400,312501,16.61
2020-04-02,76900,79400,74300,79300,350961,16.62
2020-04-03,80800,82700,76200,76600,472317,16.4
2020-04-06,77700,81000,76900,80700,262082,16.39
2020-04-07,81800,82500,79000,81500,342276,16.39
2020-04-08,80100,81200,79500,79500,332451,16.42
2020-04-09,81100,83700,80200,83600,453140,16.46
2020-04-10,83500,86900,81800,85400,475575,16.51
2020-04-13,84700,84700,80700,80800,360328,16.52
2020-04-14,81500,83100,81100,82400,227153,16.55
2020-04-16,80100,80900,79000,80000,322393,16.43
2020-04-17,80200,82500,80200,82000,287113,16.49
2020-04-20,82000,82700,80900,81000,211206,16.49
2020-04-21,79700,80400,76000,77000,758374,16.11
2020-04-22,75900,76300,74300,75700,552737,16.15
2020-04-23,76700,78800,76400,77300,540519,16.16
2020-04-24,77800,78500,75500,76400,268763,16.13
2020-04-27,77200,77900,75900,77300,256586,16.11
2020-04-28,77000,77400,76000,77400,239439,16.1
2020-04-29,78200,84200,77800,82700,1107897,16.38
2020-05-04,81300,81400,79100,79200,453170,16.19
2020-05-06,81300,83900,81000,82400,429041,16.23
2020-05-07,81500,83000,81200,82100,184219,16.15
2020-05-08,83000,83500,81500,81700,250242,16.14
2020-05-11,82100,82200,79700,79900,256576,16.11
2020-05-12,80000,80300,78000,78200,287928,16.05
2020-05-13,77000,78000,76700,78000,210748,16.02
2020-05-14,77000,77500,76200,76700,256721,15.97
2020-05-15,77900,78800,77100,78400,175559,16.03
2020-05-18,79600,79700,77300,78400,163360,16.02
2020-05-19,82000,83600,81000,81400,489426,16.16
2020-05-20,81000,82100,80100,80300,219398,16.13
2020-05-21,81100,82700,80600,82200,362493,16.24
2020-05-22,82600,82600,79200,79900,372013,16.15
2020-05-25,81800,85600,81200,83800,740036,16.34
2020-05-26,85800,86700,85000,85800,511045,16.38
2020-05-27,86800,96000,86700,92700,1476514,16.37
2020-05-28,93600,93800,86800,89300,737197,16.19
2020-05-29,88700,91100,86600,90800,481609,16.19
2020-06-01,91300,93500,91000,92200,309828,16.17
2020-06-02,107000,111000,97500,98100,1921151,16.12
2020-06-03,101000,104000,99500,103000,920385,16.17
2020-06-04,105500,107000,99900,101000,669111,16.26
2020-06-05,101000,103500,99500,102500,396517,16.32
2020-06-08,105500,106000,103000,103500,479511,16.36
2020-06-09,104000,105000,101000,102000,309031,16.39
2020-06-10,102500,103000,101000,101000,252618,16.41
2020-06-11,100500,102000,97100,99000,502827,16.48
2020-06-12,92800,95500,92500,94600,451334,16.55
2020-06-15,93100,93500,86300,86300,558684,16.56
2020-06-16,88700,92500,88600,92500,329689,16.6
2020-06-17,91300,94300,90500,91700,294418,16.62
2020-06-18,92100,94700,91700,93300,284311,16.53
2020-06-19,95300,95300,92100,93700,181498,16.57
2020-06-22,92400,93100,90200,90500,237306,16.55
2020-06-23,91400,91600,87600,88500,336055,16.61
2020-06-24,88900,90700,88300,90300,211861,16.59
2020-06-25,88000,88900,87500,87600,230117,16.66
2020-06-26,88500,89100,87600,88800,157275,16.67
2020-06-29,87400,88700,86100,87600,174399,16.65
2020-06-30,88600,89000,87400,87400,191241,16.62
2020-07-01,88100,88900,87300,87600,144807,16.59
2020-07-02,88100,89100,88000,88300,102142,16.58
2020-07-03,88400,89000,87400,88500,138087,16.6
2020-07-06,88600,88900,87100,87800,180244,16.61
2020-07-07,88800,89800,86700,86700,240071,16.61
2020-07-08,86700,87500,85400,85700,185882,16.59
2020-07-09,86000,87800,85700,86200,218445,16.65
2020-07-10,85600,85900,83300,83700,261070,16.62
2020-07-13,83800,90000,83100,89700,473931,16.74
2020-07-14,89500,89500,87500,88500,150034,16.72
2020-07-15,90400,93700,90000,91000,472903,16.72
2020-07-16,91000,92900,90300,91000,200880,16.74
2020-07-17,92000,92000,89000,89400,140487,16.72
2020-07-20,90000,91900,89300,90100,182045,16.75
2020-07-21,90700,93400,90200,93000,416204,16.75
2020-07-22,92600,93000,90700,90800,245603,16.73
2020-07-23,90400,90600,88000,89000,274495,16.66
2020-07-24,88100,88700,86900,88300,248471,16.62
2020-07-27,87300,89100,87300,87700,131963,16.62
2020-07-28,87800,91000,87300,90800,317567,16.82
2020-07-29,89400,91000,89000,90800,154034,16.81
2020-07-30,90700,92400,89500,91000,306548,16.84
2020-07-31,90700,91500,89200,89200,304064,16.8
2020-08-03,89500,89500,86200,86300,374753,16.73
2020-08-04,87500,89000,87000,87100,233903,16.76
2020-08-05,86700,87200,86200,86500,236374,16.76
2020-08-06,87100,88700,86600,87000,332546,16.77
2020-08-07,87000,87100,85200,86000,381344,16.71
2020-08-10,85500,87900,85100,87200,306003,16.79
2020-08-11,87400,92000,87300,91700,775258,17.08
2020-08-12,91400,92100,89700,92100,357704,17.09
2020-08-13,93200,93600,89800,90300,438141,17.05
2020-08-14,91000,96000,90800,95900,983827,17.2
2020-08-18,99300,99400,90500,91500,1118237,16.92
2020-08-19,91200,94200,91100,91400,346839,16.85
2020-08-20,90700,90700,87100,87500,468677,16.82
2020-08-21,88200,89100,85900,87700,306552,16.81
2020-08-24,89100,89100,87200,87500,245500,16.74
2020-08-25,88600,92500,86700,90500,512590,16.81
2020-08-26,90900,92300,88700,89100,390394,16.73
2020-08-27,89100,89200,87000,87100,360311,16.67
2020-08-28,88000,88900,87100,87600,247141,16.68
2020-08-31,88400,89400,86200,86200,442859,16.54
2020-09-01,86100,88300,86100,88000,225198,16.56
2020-09-02,88100,88500,87000,87800,209881,16.54
2020-09-03,88100,88500,87500,87600,220687,16.51
2020-09-04,85000,86300,85000,86100,319826,16.48
2020-09-07,86000,88400,85200,87900,342054,16.56
2020-09-08,89700,91200,87300,87700,522666,16.42
2020-09-09,86500,87100,86300,86500,219262,16.4
2020-09-10,87000,88100,86300,87200,314048,16.43
2020-09-11,86800,87800,86100,86900,251036,16.34
2020-09-14,87500,88000,86800,87300,280883,16.25
2020-09-15,87700,87700,86100,86900,326374,16.11
2020-09-16,86600,87300,86200,86400,204438,16.09
2020-09-17,86900,87100,85600,86000,261943,15.98
2020-09-18,86000,86100,85100,85400,225417,15.91
2020-09-21,85400,85800,84600,84900,223152,15.89
2020-09-22,84300,84600,82200,82400,270444,15.79
2020-09-23,82200,82800,81000,81200,225272,15.79
2020-09-24,79300,80600,77500,77700,368708,15.73
2020-09-25,77900,80800,77900,79700,190543,15.78
2020-09-28,80000,80700,79300,80000,114869,15.79
2020-09-29,81300,84000,80500,82700,264983,15.77
2020-10-05,83500,84600,81800,83700,205071,15.81
2020-10-06,83700,84200,82700,83100,128744,15.81
2020-10-07,83200,84700,82300,84100,145912,15.8
2020-10-08,84500,85000,83000,83000,222287,15.8
2020-10-12,84400,84400,83100,83300,108141,15.79
2020-10-13,83800,84100,82600,83100,142431,15.77
2020-10-14,82800,83300,80900,81100,236667,15.68
2020-10-15,80900,81100,79700,79800,194401,15.6
2020-10-16,80000,80400,79400,79600,150155,15.58
2020-10-19,80000,81300,80000,80600,144114,15.6
2020-10-20,80300,80800,79500,80100,127838,15.57
2020-10-21,80200,81200,80000,81100,102118,15.6
2020-10-22,81100,81300,80200,80600,106992,15.59
2020-10-23,80600,82000,80200,81700,133090,15.58
2020-10-26,82400,83900,81200,83100,279089,15.59
2020-10-27,82500,82500,80600,80800,202382,15.54
2020-10-28,80200,81100,80100,81000,117286,15.53
2020-10-29,79200,80300,79000,79800,168185,15.48
2020-10-30,79700,79700,78300,78400,165598,15.42
2020-11-02,79000,79900,78800,79600,121799,15.42
2020-11-03,79400,81200,79400,81000,151265,15.43
2020-11-04,81500,84700,81100,83300,514717,15.57
2020-11-05,84000,84100,82600,83800,197428,15.55
2020-11-06,83800,84500,82600,82900,163996,15.59
2020-11-09,84000,90500,83600,90100,1228520,15.9
2020-11-10,92000,94300,89800,93000,969410,15.87
2020-11-11,92500,94500,91500,93600,532802,15.89
2020-11-12,92400,94500,90700,93500,511705,15.9
2020-11-13,92600,95800,92200,92300,381596,15.82
2020-11-16,93500,99600,93200,98900,1026744,15.9
2020-11-17,100000,102000,98100,100000,623616,15.79
2020-11-18,101000,101500,98100,99300,414861,15.82
2020-11-19,99300,99300,93100,94500,889242,15.8
2020-11-20,93600,96600,93200,95800,404577,15.81
2020-11-23,96000,104000,95100,102000,1141724,15.93
2020-11-24,103500,105000,101000,103000,589124,16.06
2020-11-25,104000,109000,103500,107000,1019400,16.14
2020-11-26,108000,109000,103500,108500,475404,16.03
2020-11-27,108000,109000,104000,105500,547459,16.04
2020-11-30,106000,108000,103000,103000,617087,15.92
2020-12-01,105000,105500,103500,104000,275440,15.92
2020-12-02,104000,104500,102000,103500,314446,15.9
2020-12-03,104000,105000,101000,103500,351267,15.88
2020-12-04,104000,108500,103500,104500,448343,15.91
2020-12-07,105500,105500,101500,102500,282543,15.9
2020-12-08,102500,104000,101000,101500,365293,15.85
2020-12-09,103000,103500,101000,102000,319123,15.82
2020-12-10,101500,103500,100000,102500,470372,15.85
2020-12-11,104000,111000,104000,109500,932001,16.0
2020-12-14,109500,114000,108000,111000,635970,16.08
2020-12-15,111000,111000,108000,108500,316141,16.21
2020-12-16,112000,114000,109000,109500,293153,16.13
2020-12-17,110000,110500,106000,110500,363731,16.22
2020-12-18,111000,111500,108000,108000,226642,16.24
2020-12-21,108000,110000,106000,110000,291561,16.28
2020-12-22,112000,116000,108500,109500,675400,16.33
2020-12-23,110500,111500,106000,107500,385737,16.3
2020-12-24,109500,109500,107000,108000,256354,16.28
2020-12-28,108500,108500,105500,106500,351891,16.32
2020-12-29,107500,109000,106000,107000,257798,16.31
2020-12-30,106500,108500,106000,108500,310809,16.36
2021-01-04,109000,111000,107500,110000,444271,16.39
2021-01-05,110500,118500,109000,117500,1108466,16.48
2021-01-06,121000,124500,117500,118000,861219,16.43
2021-01-07,120500,122000,118000,118500,470056,16.36
2021-01-08,118500,120000,117000,118500,453240,16.36
2021-01-11,118500,119500,113000,115000,754442,16.36
2021-01-12,114000,117000,112500,116000,527749,16.31
2021-01-13,117000,118000,115000,116000,370710,16.38
2021-01-14,115500,122500,115000,118500,674916,16.5
2021-01-15,120000,120500,114000,114000,434422,16.45
2021-01-18,112000,113500,108500,110500,502297,16.45
2021-01-19,111000,112000,109000,110500,425262,16.41
2021-01-20,111500,111500,106000,107500,736471,16.41
2021-01-21,108500,111000,107500,108000,544778,16.33
2021-01-22,108000,108500,105000,105000,441396,16.38
2021-01-25,105500,110500,105500,109000,435334,16.5
2021-01-26,109500,110000,106000,106000,544091,16.44
2021-01-27,107000,107500,102000,102500,642157,16.45
2021-01-28,100000,101000,97700,98300,674753,16.43
2021-01-29,98300,99000,93600,94000,780382,16.47
2021-02-01,93500,100500,93200,99900,449837,16.48
2021-02-02,100000,100500,96600,99000,378047,16.48
2021-02-03,100000,101500,98500,98900,313429,16.45
2021-02-04,100000,100500,96600,97400,325171,16.46
2021-02-05,97900,98900,96700,98200,224555,16.46
2021-02-08,98500,102500,98300,100500,385954,16.41
2021-02-09,101500,102000,100000,101000,292484,16.4
2021-02-10,102000,102000,100000,101000,263425,16.45
2021-02-15,104000,107000,102500,107000,494738,16.53
2021-02-16,107500,107500,105000,106000,214333,16.5
2021-02-17,106000,106000,103500,104500,246658,16.51
2021-02-18,104000,107500,104000,104000,244795,16.49
2021-02-19,104500,105500,100500,105000,298487,16.51
2021-02-22,105500,106500,103500,104000,272316,16.47
2021-02-23,106000,113000,105500,112000,1164157,16.57
2021-02-24,111500,113000,108000,109000,544145,16.62
2021-02-25,111500,114500,109500,114000,502114,16.66
2021-02-26,111000,113000,109000,112000,505274,16.6
2021-03-02,115000,116000,109000,110500,447770,16.59
2021-03-03,109500,111500,108000,111500,260600,16.59
2021-03-04,109500,111500,107500,108000,381896,16.59
2021-03-05,107000,108500,105000,107000,416624,16.6
2021-03-08,109000,114500,107500,111000,725029,16.76
2021-03-09,113000,116000,111000,115500,814808,16.77
2021-03-10,115000,116000,113000,115500,376188,16.72
2021-03-11,116500,119000,114000,115000,602567,16.8
2021-03-12,116000,118000,114000,117500,457677,16.94
2021-03-15,118000,123000,116500,122000,840969,17.12
2021-03-16,123500,124000,120000,121500,360188,17.06
2021-03-17,120500,120500,116500,118500,388956,17.04
2021-03-18,120500,120500,118000,118500,299263,17.09
2021-03-19,117000,118000,115500,118000,269284,17.14
2021-03-22,117500,118000,115500,117000,259520,17.06
2021-03-23,116500,118000,114500,116000,330135,17.07
2021-03-24,115000,118500,113500,117500,295851,17.09
2021-03-25,118000,119000,116500,118500,201537,17.1
2021-03-26,120000,132000,118500,132000,1926320,17.87
2021-03-29,133500,138500,132500,134000,1304188,17.98
2021-03-30,136500,138000,131500,134500,502940,18.02
2021-03-31,133500,140000,132500,133500,534618,18.02
2021-04-01,135000,135500,127500,128500,674595,18.07
2021-04-02,130000,131500,126500,131500,504149,18.09
2021-04-05,132000,136500,131500,133000,416355,18.08
2021-04-06,132000,132500,128000,130000,368481,18.03
2021-04-07,131000,131000,126500,127500,303351,18.04
2021-04-08,127500,130000,126500,130000,256843,18.03
2021-04-09,130000,130500,127500,128000,203854,18.01
2021-04-12,128500,134000,127000,131500,406914,18.03
2021-04-13,133500,135000,131500,133000,316209,18.04
2021-04-14,134000,134500,132000,133500,204270,18.03
2021-04-15,133500,136000,132000,134500,278838,18.08
2021-04-16,136000,138000,133500,137000,352129,18.11
2021-04-19,138000,141000,136500,140000,477073,18.15
2021-04-20,139000,142500,138000,139000,410030,18.16
2021-04-21,138000,138500,134500,135500,381492,18.18
2021-04-22,137000,140500,136000,140500,467517,18.29
2021-04-23,139500,141000,137500,141000,298776,18.3
2021-04-26,142500,151000,142000,150500,1065089,18.65
2021-04-27,150500,152000,148000,150000,578259,18.62
2021-04-28,150500,155000,147000,149000,707978,18.51
2021-04-29,150000,154000,148500,150500,636565,18.4
2021-04-30,154000,162000,153000,153500,1338154,18.49
2021-05-03,155000,161500,150500,153000,746459,18.41
2021-05-04,152500,152500,145500,150000,705486,18.36
2021-05-06,147500,154500,146000,153000,588629,18.15
2021-05-07,156500,158000,152000,154500,451654,18.2
2021-05-10,158000,161000,155500,159500,594926,18.4
2021-05-11,159000,163500,158500,160500,512870,18.36
2021-05-12,159000,159500,152000,153500,750161,18.19
2021-05-13,149500,155500,148500,149000,700140,18.29
2021-05-14,151500,152500,145500,148500,410730,18.28
2021-05-17,150000,154000,149500,153000,333311,18.21
2021-05-18,153500,154500,150000,154000,264645,18.17
2021-05-20,152000,152000,145000,146000,567446,18.04
2021-05-21,147000,148000,140500,143000,581739,18.14
2021-05-24,143000,149000,143000,148000,434147,18.16
2021-05-25,148500,150500,145000,146500,311674,18.05
2021-05-26,147000,148500,145500,146500,253705,18.08
2021-05-27,145000,146500,141500,142500,537815,18.1
2021-05-28,142500,145000,141500,143000,318658,18.14
2021-05-31,144000,145000,142000,142500,265266,18.12
2021-06-01,143000,151000,142500,149000,819339,18.16
2021-06-02,149500,150000,146500,149500,363231,18.15
2021-06-03,149500,149500,145000,145500,377379,18.06
2021-06-04,145500,149000,144000,144500,424752,17.99
2021-06-07,145500,145500,142000,143000,508691,18.01
2021-06-08,142500,143000,139000,140000,479284,17.95
2021-06-09,139500,142500,138000,138000,335196,17.97
2021-06-10,138500,141000,136500,139000,344632,18.01
2021-06-11,139500,141500,138000,140000,294506,17.93
2021-06-14,141000,141500,138000,138500,225098,17.94
2021-06-15,138000,138500,136000,136500,307629,17.93
2021-06-16,137500,140000,137000,137500,282328,17.89
2021-06-17,137000,137000,133500,134000,396245,17.85
2021-06-18,133500,134000,131000,132500,568958,17.98
2021-06-21,133000,137500,130500,136000,561314,17.95
2021-06-22,139000,139000,134500,135000,326633,17.87
2021-06-23,135000,135000,131500,131500,350877,17.89
2021-06-24,131500,135000,131500,132500,301969,17.9
2021-06-25,133500,137500,132500,134000,399997,17.87
2021-06-28,135000,136500,133000,136000,218692,17.84
2021-06-29,136500,137000,134500,134500,195230,17.86
2021-06-30,135500,135500,133500,134000,170170,17.86
2021-07-01,134000,134000,131500,132000,281991,17.86
2021-07-02,133000,137500,132500,135500,399500,17.95
2021-07-05,136000,136500,132500,133000,227778,17.87
2021-07-06,133500,134500,132500,133000,301846,17.75
2021-07-07,132000,132000,129000,129000,486800,17.66
2021-07-08,129000,130000,125000,126000,573496,17.61
2021-07-09,125000,126000,121500,124500,564444,17.64
2021-07-12,125500,128500,125500,127000,257881,17.65
2021-07-13,127500,129500,127500,127500,195270,17.64
2021-07-14,127000,128000,125000,127500,218115,17.66
2021-07-15,129000,131000,127000,127500,254139,17.58
2021-07-16,126000,127000,124000,126000,224064,17.62
2021-07-19,125000,125500,122500,123000,288599,17.63
2021-07-20,120500,123000,120500,122500,264781,17.71
2021-07-21,123500,129500,123000,128000,580847,17.8
2021-07-22,128000,133000,127500,128500,571328,17.6
2021-07-23,129000,132000,129000,132000,348043,17.45
2021-07-26,133000,134000,130500,131000,201672,17.43
2021-07-27,132500,133000,129500,130000,162922,17.38
2021-07-28,130000,133500,129500,133000,325027,17.43
2021-07-29,134000,135500,133000,135000,310567,17.45
2021-07-30,134000,135000,129500,130500,288294,17.41
2021-08-02,130500,132000,128500,130000,178527,17.43
2021-08-03,129000,130000,127000,129500,239720,17.49
2021-08-04,129000,133000,127500,132500,201751,17.53
2021-08-05,131000,133000,129500,130000,213092,17.52
2021-08-06,129500,131000,129000,130000,150568,17.53
2021-08-09,129000,129500,124000,125000,440112,17.47
2021-08-10,125500,125500,122000,124500,241783,17.52
2021-08-11,124000,125500,120500,121000,516220,17.56
2021-08-12,122000,122500,119000,120000,476655,17.6
2021-08-13,120500,123000,118000,119000,351432,17.67
2021-08-17,119000,120500,114000,115500,366937,17.72
2021-08-18,114500,118000,114000,116500,257123,17.68
2021-08-19,114500,115500,110500,110500,472104,17.74
2021-08-20,111500,113500,109000,109500,424122,17.82
2021-08-23,110500,116500,110000,115500,413872,17.87
2021-08-24,116500,120000,116000,119500,427675,17.85
2021-08-25,121000,122500,116500,118500,435651,17.94
2021-08-26,118500,119000,115500,117000,257646,18.01
2021-08-27,117000,118500,116000,117500,206654,18.02
2021-08-30,118500,119500,116000,117500,250312,18.08
2021-08-31,117500,118500,116000,118500,321123,18.12
2021-09-01,117500,118000,113000,114000,705091,18.28
2021-09-02,114000,115000,112500,114000,428763,18.39
2021-09-03,114000,114500,112000,113500,488582,18.56
2021-09-06,114000,115500,113000,114000,326789,18.57
2021-09-07,115500,117500,115000,116500,443029,18.53
2021-09-08,117000,117500,113500,113500,321280,18.49
2021-09-09,113000,113500,108500,108500,571202,18.44
2021-09-10,109000,114500,108500,114000,337682,18.5
2021-09-13,114000,115500,112500,114500,253520,18.52
2021-09-14,115500,120000,115500,118500,499195,18.66
2021-09-15,117000,119000,115500,117500,233150,18.73
2021-09-16,119000,119500,116500,118500,321544,18.81
2021-09-17,118500,119000,104000,105500,1935479,18.52
2021-09-23,103500,103500,99900,101000,715464,18.7
2021-09-24,102500,103000,100000,102000,396061,18.76
2021-09-27,101000,103500,101000,102500,208705,18.74
2021-09-28,103000,104500,101000,101500,254971,18.79
2021-09-29,99800,102000,99500,101500,373727,18.83
2021-09-30,102000,102500,100000,102000,270816,18.88
2021-10-01,101000,101500,96700,97000,529603,18.85
2021-10-05,96000,99500,95500,96400,355429,18.89
2021-10-06,96800,98000,94200,94300,303277,18.92
2021-10-07,94700,97600,94700,97000,216900,18.91
2021-10-08,96100,96900,93700,93800,308328,18.97
2021-10-12,94000,95800,92400,93600,301784,18.99
2021-10-13,93700,96400,93700,95700,194829,19.03
2021-10-14,96800,97900,95400,96000,227060,18.96
2021-10-15,96300,99300,96300,97300,245833,18.97
2021-10-18,97400,97800,95000,95800,203395,19.01
2021-10-19,96900,98200,96100,96900,190502,19.05
2021-10-20,97400,97600,96200,96400,151627,19.03
2021-10-21,96800,99000,96700,97300,221101,19.07
2021-10-22,97000,97000,95500,96600,164499,19.07
2021-10-25,97200,102500,97000,101500,452678,19.06
2021-10-26,103000,104500,101000,104000,294613,19.06
2021-10-27,105000,108500,103500,104500,639080,18.99
2021-10-28,104500,107000,101500,102000,418310,19.01
2021-10-29,103000,106000,102000,103000,384656,19.05
2021-11-01,104000,108000,103500,104500,424178,19.12
2021-11-02,106000,106000,103500,103500,283209,19.15
2021-11-03,103500,105000,102000,102500,279705,19.24
2021-11-04,103500,105000,100500,102000,268096,19.26
2021-11-05,102000,102500,99700,102500,191994,19.26
2021-11-08,103000,103500,100000,102500,179616,19.28
2021-11-09,103500,106000,100500,101000,241569,19.24
2021-11-10,100500,101500,99000,99100,246424,19.28
2021-11-11,98000,101000,97500,99000,221533,19.3
2021-11-12,99000,103000,99000,101500,179834,19.33
2021-11-15,102000,103000,101000,102500,124268,19.34
2021-11-16,102500,102500,100500,101000,122875,19.34
2021-11-17,101000,102000,98500,98600,193430,19.3
2021-11-18,98600,98600,96300,96600,215728,19.28
2021-11-19,96600,97900,95800,96800,183870,19.3
2021-11-22,96800,98200,95400,98000,186715,19.32
2021-11-23,97200,98400,97000,98100,141646,19.49
2021-11-24,98100,98900,96000,96200,180487,19.49
2021-11-25,96000,97400,94500,96900,172173,19.49
2021-11-26,97000,97100,93300,93400,260727,19.45
2021-11-29,90000,92700,90000,91000,278052,19.51
2021-11-30,91100,92500,87000,87500,374193,19.53
2021-12-01,88000,92000,87000,90800,237592,19.58
2021-12-02,89800,95900,89200,95400,254858,19.67
2021-12-03,94700,96600,93400,94600,185801,19.68
2021-12-06,94800,96400,93400,95100,118500,19.71
2021-12-07,95400,98000,95000,97600,220904,19.75
2021-12-08,98400,99300,96700,97100,175128,19.72
2021-12-09,97600,99000,97600,98800,214829,19.73
2021-12-10,98300,99500,97800,98900,89081,19.83
2021-12-13,98000,100000,97200,98300,151206,19.83
2021-12-14,97900,99400,96800,97200,130955,19.84
2021-12-15,96700,98700,96600,97800,98874,19.87
2021-12-16,98000,99000,96900,97900,189722,19.9
2021-12-17,97300,101000,96800,99700,309673,20.0
2021-12-20,99100,99200,95100,95100,249927,19.96
2021-12-21,95800,96800,95000,95300,152855,19.95
2021-12-22,95300,96600,93200,93700,192715,20.25
2021-12-23,94100,94600,92300,94200,158757,20.37
2021-12-24,93900,95000,93600,93700,139676,20.38
2021-12-27,93700,94500,93000,93000,128152,20.38
2021-12-28,93400,93500,91700,93500,232602,20.38
2021-12-29,94000,97600,93700,95800,274089,20.43
2021-12-30,95300,96400,94200,94600,156652,20.38
2022-01-03,94700,96400,93800,94000,155696,20.37
2022-01-04,94000,98700,93100,98700,406629,20.25
2022-01-05,99200,101500,97200,98400,439827,20.11
2022-01-06,98000,103000,96800,102000,544412,20.29
2022-01-07,103000,103500,99200,100500,297426,20.27
2022-01-10,100000,103000,99200,102500,301734,20.32
2022-01-11,103000,103000,99700,99900,199766,20.29
2022-01-12,100000,101500,96900,100500,271155,20.29
2022-01-13,100000,101500,98400,98900,232951,20.28
2022-01-14,99000,102500,97200,97300,408090,20.18
2022-01-17,97300,97300,92800,93300,338616,20.1
2022-01-18,93700,94100,90200,90300,292924,20.03
2022-01-19,89700,92300,89600,91300,245796,19.97
2022-01-20,89800,91400,88000,90000,315704,19.94
2022-01-21,88200,90200,88000,89600,249075,20.02
2022-01-24,89000,89600,85600,85600,314758,19.87
2022-01-25,85700,86100,82600,83000,318912,19.85
2022-01-26,82100,83800,80500,80800,381995,19.77
2022-01-27,80400,80800,77800,77800,352412,19.73
2022-01-28,78000,80200,76900,79700,295099,19.67
2022-02-03,80400,82000,79500,80700,306933,19.58
2022-02-04,80700,82400,80400,82200,159655,19.6
2022-02-07,82200,83000,80600,82300,155656,19.62
2022-02-08,83000,84700,82100,83300,218404,19.61
2022-02-09,83600,85800,83400,85400,143392,19.67
2022-02-10,85400,85800,84100,84500,187411,19.74
2022-02-11,83500,84600,82700,83000,113235,19.77
2022-02-14,81600,82600,80100,81400,155389,19.8
2022-02-15,81500,82600,80400,81300,129222,19.81
2022-02-16,82100,83400,82000,82500,100950,19.76
2022-02-17,83100,84000,81700,82700,155224,19.77
2022-02-18,81400,84600,81400,84000,115393,19.76
2022-02-21,82300,84700,82200,84000,97807,19.75
2022-02-22,82700,85200,82200,83200,166290,19.74
2022-02-23,85000,89500,84900,89000,450036,19.84
2022-02-24,88800,88900,86300,86700,3223358,19.85
2022-02-25,88400,90200,86600,87400,313176,19.84
2022-02-28,87100,88400,86500,88200,178161,19.84
2022-03-02,88700,92800,88500,91600,355924,19.94
2022-03-03,93000,93100,90500,91500,240570,19.92
2022-03-04,92000,94700,92000,93300,315614,19.88
2022-03-07,92200,94200,91300,92500,214987,19.83
2022-03-08,91100,92100,90400,91100,213911,19.81
2022-03-10,92100,92900,89700,91600,197199,19.81
2022-03-11,91700,94400,91600,93600,166336,19.74
2022-03-14,93300,94100,92200,92900,135625,19.73
2022-03-15,92100,94000,89000,89000,140496,19.71
2022-03-16,89800,90200,89000,90000,95951,19.73
2022-03-17,91600,92200,89500,89500,170911,19.73
2022-03-18,89600,90800,88100,89000,199760,19.69
2022-03-21,89100,90000,88400,88800,111922,19.69
2022-03-22,89000,91100,89000,90800,121998,19.71
2022-03-23,90800,91900,90000,91300,103849,19.72
2022-03-24,90600,92000,89700,91500,114220,19.72
2022-03-25,91100,91800,90300,90500,84321,19.71
2022-03-28,89300,91100,89300,90700,86907,19.72
2022-03-29,90100,90900,89300,89400,111536,19.68
2022-03-30,90400,90400,88800,89200,126043,19.65
2022-03-31,89100,90300,88500,88900,128257,19.61
2022-04-01,88300,88800,86000,86100,250253,19.52
2022-04-04,85500,87100,84800,86500,131407,19.49
2022-04-05,86900,87700,86300,87200,100101,19.51
2022-04-06,86200,87200,85800,85800,137841,19.47
2022-04-07,85100,85300,82300,82300,251285,19.37
2022-04-08,83000,83100,80900,82400,174496,19.28
2022-04-11,81200,84400,81200,84200,137795,19.31
2022-04-12,83600,86200,83600,85700,205784,19.32
2022-04-13,86300,91800,86100,91800,506454,19.66
2022-04-14,90900,94100,90700,92000,345826,19.72
2022-04-15,91700,98000,90300,97700,604282,20.03
2022-04-18,98100,98200,93200,93900,364907,20.01
2022-04-19,93900,97900,93400,97400,323960,20.1
2022-04-20,98000,98000,96100,96700,281509,20.2
2022-04-21,96900,96900,94100,95900,220726,20.23
2022-04-22,96100,97600,95000,96300,270412,20.31
2022-04-25,95000,96200,94700,95000,180528,20.37
2022-04-26,95300,95600,91600,93400,212744,20.37
2022-04-27,91000,95500,91000,93600,191263,20.41
2022-04-28,93800,96400,92500,95100,181056,20.45
2022-04-29,94400,94600,91700,91800,220942,20.43
2022-05-02,91100,92600,91000,91700,106617,20.43
2022-05-03,91300,91900,90000,90200,123873,20.4
2022-05-04,89800,91000,87600,88400,239479,20.34
2022-05-06,87800,89600,87600,88700,185402,20.48
2022-05-09,88100,89400,88000,88500,137633,20.5
2022-05-10,88300,88300,85100,86800,144802,20.46
2022-05-11,86100,87200,85300,86200,114842,20.44
2022-05-12,85300,88900,85300,86800,173976,20.43
2022-05-13,88900,91800,87800,91700,259938,20.58
2022-05-16,91100,91400,89500,90900,136985,20.6
2022-05-17,90900,93700,90000,90800,159980,20.56
2022-05-18,90900,91300,88100,88600,144690,20.56
2022-05-19,86400,87300,85400,86400,176457,20.51
2022-05-20,87300,88700,86300,88100,112042,20.51
2022-05-23,87600,88600,87000,88300,86647,20.5
2022-05-24,87300,89000,86500,86500,119868,20.46
2022-05-25,87000,87500,86000,86600,107461,20.43
2022-05-26,86000,89200,86000,88800,132494,20.44
2022-05-27,89600,90200,88600,89600,142191,20.44
2022-05-30,89800,91300,89800,90000,97515,20.51
2022-05-31,90300,92800,90300,91400,433197,20.58
2022-06-02,90300,91400,89100,89100,158663,20.56
2022-06-03,89900,91400,89000,91000,106105,20.59
2022-06-07,90800,93100,90800,92400,206181,20.67
2022-06-08,92700,94300,91700,93500,220072,20.7
2022-06-09,93500,94300,91900,93300,206840,20.64
2022-06-10,92900,94700,91900,92100,167036,20.67
2022-06-13,90700,91200,88300,88800,187034,20.62
2022-06-14,87600,88300,86200,87500,165477,20.58
2022-06-15,87500,88100,85300,86000,159989,20.58
2022-06-16,87200,89300,85400,85900,146298,20.56
2022-06-17,84700,88500,84300,87900,160711,20.56
2022-06-20,88200,88900,87300,88400,184623,20.58
2022-06-21,88400,92100,88000,91600,263602,20.65
2022-06-22,91700,92400,88700,88800,257838,20.66
2022-06-23,90000,91700,87200,87500,229019,20.63
2022-06-24,88100,89300,86300,88100,145126,20.61
2022-06-27,88900,91700,88600,91200,184833,20.71
2022-06-28,91400,92300,90200,91600,151893,20.68
2022-06-29,90900,92800,90400,91200,157068,20.67
2022-06-30,91600,94900,91000,93900,347470,20.76
2022-07-01,94700,94800,92000,92900,202489,20.76
2022-07-04,93700,93800,88000,88600,239292,20.64
2022-07-05,88900,90400,87500,89800,134334,20.62
2022-07-06,88300,89400,81900,82100,354140,20.46
2022-07-07,83500,84000,80800,82800,273811,20.34
2022-07-08,83900,85300,82900,83300,238534,20.31
2022-07-11,83700,84300,81500,81900,179978,20.29
2022-07-12,81600,82500,80500,81600,144253,20.28
2022-07-13,81000,81700,79100,80400,164323,20.25
2022-07-14,79900,80900,78100,80300,224739,20.23
2022-07-15,80300,80400,78200,79700,172600,20.21
2022-07-18,79800,83300,79800,83000,206827,20.28
2022-07-19,82000,83300,81600,81900,163239,20.28
2022-07-20,83200,83200,81800,82000,143041,20.27
2022-07-21,81700,83400,81600,83200,118487,20.33
2022-07-22,82700,83700,82000,82500,90219,20.35
2022-07-25,82500,83100,81800,82900,97341,20.38
2022-07-26,82300,83700,82200,82900,108534,20.38
2022-07-27,82700,83400,81500,83100,162114,20.42
2022-07-28,83200,84200,83000,83700,140207,20.44
2022-07-29,84100,85000,83500,84700,207128,20.46
2022-08-01,84900,86700,84700,86400,247530,20.43
2022-08-02,86100,88900,85500,87300,277455,20.51
2022-08-03,87300,89900,87300,89600,244195,20.52
2022-08-04,89700,89800,86400,86700,206966,20.49
2022-08-05,86500,88600,86400,87900,114057,20.52
2022-08-08,86600,89600,86600,89400,121554,20.56
2022-08-09,89100,91100,89100,91000,183210,20.65
2022-08-10,91000,93500,90900,92600,245768,20.76
2022-08-11,93700,94000,92400,94000,217524,20.83
2022-08-12,93200,95600,92700,93600,148815,20.81
2022-08-16,94600,94700,92500,92900,127580,20.81
2022-08-17,93000,94200,91700,92100,154071,20.83
2022-08-18,91100,92900,90100,92100,115191,20.84
2022-08-19,92100,94000,91300,92000,130552,20.85
2022-08-22,91700,91900,90200,91000,100599,20.85
2022-08-23,90500,94600,90400,94600,361228,20.94
2022-08-24,94800,99000,94300,98800,583030,21.06
2022-08-25,99700,101000,97200,99100,459683,21.02
2022-08-26,98600,101500,98200,98800,280272,21.0
2022-08-29,95200,98800,95100,97100,253905,21.03
2022-08-30,97700,99200,96400,96900,219930,20.98
2022-08-31,96700,97800,94000,97200,273653,20.97
2022-09-01,95800,97100,93000,93000,274018,20.96
2022-09-02,93200,93600,91100,91100,202318,21.09
2022-09-05,91100,92800,91000,91700,144647,21.12
2022-09-06,91800,93600,91100,92100,113961,21.13
2022-09-07,91400,91400,87200,88300,281131,20.98
2022-09-08,88900,89800,87000,88100,249805,20.87
2022-09-13,89000,89300,87000,88300,214900,20.77
2022-09-14,85900,87100,85400,86400,186215,20.72
2022-09-15,87100,87800,86000,86400,174271,20.58
2022-09-16,85600,86500,84000,84200,249116,20.51
2022-09-19,84200,84800,81600,82100,303236,20.4
2022-09-20,83100,84000,82500,83700,178036,20.4
2022-09-21,83700,87000,83000,84600,224801,20.39
2022-09-22,83900,85500,82600,85300,215900,20.36
2022-09-23,85500,86600,83700,84100,164451,20.35
2022-09-26,82600,83100,79500,79800,351282,20.28
2022-09-27,80500,80600,77800,78800,258003,20.2
2022-09-28,78300,80100,75400,76000,318241,20.21
2022-09-29,77200,77600,74100,74300,281414,20.35
2022-09-30,73500,74800,72500,72900,216344,20.49
2022-10-04,73600,76600,73300,76200,187434,20.49
2022-10-05,77200,77400,74100,74900,211366,20.46
2022-10-06,76900,80300,76100,79600,231358,20.5
2022-10-07,78500,81000,77800,80100,257900,20.54
2022-10-11,78000,78900,75900,76600,178527,20.41
2022-10-12,76600,77500,75200,77300,129395,20.4
2022-10-13,77200,77300,74000,74000,222529,20.42
2022-10-14,75700,76900,75200,75400,147318,20.38
2022-10-17,74400,75600,72700,74800,143949,20.36
2022-10-18,76300,76900,72900,74100,180006,20.29
2022-10-19,74500,75200,73000,73000,147610,20.22
2022-10-20,73000,74400,71800,72900,215751,20.19
2022-10-21,72800,73000,70300,71500,209294,20.17
2022-10-24,72400,73300,71000,71600,141354,20.14
2022-10-25,70500,71200,69200,69700,234576,20.04
2022-10-26,69500,70300,68600,69300,181680,20.04
2022-10-27,69700,71800,69000,71600,258980,19.98
2022-10-28,71400,74100,71100,73200,223945,20.04
2022-10-31,73700,73800,72300,72700,111677,20.03
2022-11-01,72400,74600,72200,74400,164018,20.07
2022-11-02,74300,75500,73700,75000,140035,20.12
2022-11-03,73700,75300,73100,74700,138579,20.2
2022-11-04,74100,77000,74100,76000,155874,20.22
2022-11-07,76000,77000,75200,75600,137259,20.21
2022-11-08,76400,77900,75800,77200,129491,20.23
2022-11-09,77000,78100,76600,77100,136227,20.23
2022-11-10,76600,78100,75500,75900,197444,20.29
2022-11-11,78000,78600,77200,78300,172973,20.31
2022-11-14,78400,78800,76700,76900,174359,20.29
2022-11-15,76900,77700,76200,77400,134934,20.28
2022-11-16,78000,79900,77200,79700,166372,20.35
2022-11-17,79700,79900,77600,77600,102351,20.33
2022-11-18,77500,79000,77200,78100,110664,20.33
2022-11-21,77800,78500,75900,76900,101737,20.31
2022-11-22,76900,78800,76700,78300,106980,20.34
2022-11-23,78300,78500,77300,78200,97743,20.34
2022-11-24,78200,78600,77200,77600,82880,20.34
2022-11-25,78000,78500,77300,78200,71265,20.35
2022-11-28,77500,78000,75100,76000,140435,20.33
2022-11-29,76600,76900,75500,76700,128726,20.37
2022-11-30,76100,78300,75900,78300,193944,20.45
2022-12-01,78800,79000,76900,77100,140665,20.39
2022-12-02,77200,77200,74000,74000,202320,20.31
2022-12-05,74100,74800,73300,73800,116713,20.29
2022-12-06,73400,75600,73400,74500,144376,20.3
2022-12-07,74500,74900,73500,73800,119498,20.28
2022-12-08,74300,74300,71600,72800,230575,20.28
2022-12-09,73000,73600,72300,73600,139532,20.28
2022-12-12,73600,74400,73000,73600,87834,20.28
2022-12-13,73700,75200,73700,74500,117854,20.24
2022-12-14,75200,75400,74100,74500,113934,20.23
2022-12-15,74600,75500,72900,73000,161169,20.19
2022-12-16,72500,74000,72000,72800,163845,20.18
2022-12-19,72400,72700,71600,72000,88394,20.15
2022-12-20,72100,72500,71200,71500,102741,20.16
2022-12-21,72100,73100,71500,72400,113018,20.13
2022-12-22,72900,74000,72800,74000,138296,20.14
2022-12-23,73300,73500,72100,72100,122480,20.16
2022-12-26,72100,72500,71300,72000,81728,20.02
2022-12-27,72500,73700,71700,73500,134138,20.01
2022-12-28,72500,74000,72300,73200,112863,20.09
2022-12-29,72300,73400,70700,70700,144487,20.09
2023-01-02,71600,73400,70400,71000,105162,20.1
2023-01-03,71000,71500,68100,69500,219996,20.03
2023-01-04,71800,76900,71600,74400,763996,20.26
2023-01-05,74400,75800,72700,73400,230704,20.25
2023-01-06,73000,74700,72400,74000,164271,20.25
2023-01-09,74900,76000,74200,76000,196031,20.22
2023-01-10,75900,76400,74500,74900,175582,20.18
2023-01-11,75400,75700,74600,75400,123423,20.18
2023-01-12,75700,76700,75400,76000,198485,20.22
2023-01-13,76500,77600,76200,77200,180592,20.24
2023-01-16,77200,77300,75800,76500,114691,20.22
2023-01-17,76500,77200,75300,76100,160066,20.23
2023-01-18,76300,76300,74400,75300,150171,20.19
2023-01-19,74500,75500,74100,75200,110053,20.2
2023-01-20,75300,76500,74700,76300,124152,20.25
2023-01-25,77200,77300,75900,76200,83928,20.18
2023-01-26,76000,77000,75300,76900,123154,20.23
2023-01-27,77100,79800,76700,78800,281855,20.23
2023-01-30,78900,79200,76800,77100,242260,20.11
2023-01-31,77000,80500,76300,79600,394492,20.0
2023-02-01,79700,80700,78600,80200,262515,19.96
2023-02-02,80900,81200,79200,79400,216563,19.88
2023-02-03,79600,83400,79400,83000,365140,19.85
2023-02-06,83000,83000,80600,81500,335292,19.74
2023-02-07,82000,82500,79700,79900,240472,19.65
2023-02-08,80500,81200,79000,79600,214148,19.61
2023-02-09,79300,81100,79300,80800,241733,19.62
2023-02-10,80100,83100,79100,82200,286333,19.65
2023-02-13,82300,84500,81400,84200,309583,19.65
2023-02-14,84700,84800,83500,84000,176792,19.59
2023-02-15,84900,86500,84500,84800,425106,19.5
2023-02-16,85100,85600,84100,85400,198234,19.42
2023-02-17,84100,85800,84000,85100,174017,19.42
2023-02-20,85000,85100,82500,83400,174177,19.37
2023-02-21,83600,85400,82900,84800,199230,19.38
2023-02-22,83500,85900,83500,85500,321535,19.44
2023-02-23,85700,86000,84000,85300,245730,19.43
2023-02-24,84500,86300,84500,85400,163141,19.45
2023-02-27,84300,84400,82300,83100,172018,19.46
2023-02-28,83500,83900,81200,81300,223726,19.43
2023-03-02,81300,84200,81000,83200,249194,19.57
2023-03-03,83200,83500,80400,80700,237139,19.51
2023-03-06,81000,81700,79800,80500,298141,19.51
2023-03-07,80700,81800,79600,79700,203123,19.58
2023-03-08,78900,79800,77700,77900,1501112,21.19
2023-03-09,78700,79300,76700,76800,337371,21.0
2023-03-10,76000,76200,74400,74800,250497,20.91
2023-03-13,74500,75500,72600,75200,210088,20.87
2023-03-14,74600,75000,72800,72800,196682,20.82
2023-03-15,73700,75200,73100,73700,167581,20.74
2023-03-16,72900,73700,71700,72300,748878,20.71
2023-03-17,73000,73700,72100,72800,217289,20.66
2023-03-20,73000,75400,72600,73100,203070,20.58
2023-03-21,73800,74900,73400,74500,178307,20.52
2023-03-22,75600,75900,73800,74000,201235,20.42
2023-03-23,73800,74000,72900,73500,211189,20.39
2023-03-24,73200,74100,72500,73100,223198,20.38
2023-03-27,73600,74100,72800,73300,184105,20.41
2023-03-28,73300,76900,73300,76000,357499,20.41
2023-03-29,76100,77300,75500,76000,190589,20.39
2023-03-30,76100,77500,75300,76800,169521,20.36
2023-03-31,76600,78800,76600,77500,199232,20.38
2023-04-03,78000,79500,78000,78900,238025,20.38
2023-04-04,79000,80600,78900,80400,239455,20.38
2023-04-05,80400,81100,78600,78700,214285,20.37
2023-04-06,78400,79400,77400,77500,301785,20.42
2023-04-07,77500,78300,77000,77200,146418,20.41
2023-04-10,76600,77300,75500,76500,213778,20.44
2023-04-11,76500,77400,75800,76600,238289,20.38
2023-04-12,77000,79200,76700,78900,215961,20.46
2023-04-13,78900,80700,78000,80500,243014,20.47
2023-04-14,80700,84300,80200,83300,325869,20.55
2023-04-17,83100,84800,83100,83800,266514,20.58
2023-04-18,83500,84900,82700,84100,259532,20.64
2023-04-19,83600,86900,83600,85300,332103,20.63
2023-04-20,85300,86900,84400,86000,221706,20.66
2023-04-21,85300,86100,83900,85600,229240,20.68
2023-04-24,87000,88700,86300,86700,316908,20.66
2023-04-25,87000,88100,85000,85800,243247,20.67
2023-04-26,85300,87800,84900,86500,212197,20.69
2023-04-27,86400,86400,83200,84100,296115,20.78
2023-04-28,84300,86200,83100,84800,248846,20.78
2023-05-02,84600,85000,82600,83800,206006,20.72
2023-05-03,83900,86400,83500,83800,184639,20.67
2023-05-04,83200,84600,81900,82600,158741,20.67
2023-05-08,82900,85100,82300,84100,174436,20.67
2023-05-09,84100,89400,83700,88400,468774,20.79
2023-05-10,88500,89100,86500,87200,172840,20.79
2023-05-11,88200,89200,87300,88100,236745,20.79
2023-05-12,87800,87900,85900,85900,149526,20.76
2023-05-15,85500,89800,85400,87800,223076,20.76
2023-05-16,87700,88400,86500,87000,128068,20.72
2023-05-17,86300,87900,86300,86900,98419,20.74
2023-05-18,86600,90000,86600,90000,320654,20.82
2023-05-19,90000,91100,89500,90500,260396,20.86
2023-05-22,91200,96300,91000,96300,524337,21.12
2023-05-23,96500,97100,95600,96400,308545,21.16
2023-05-24,96100,99900,95500,98600,395710,21.19
2023-05-25,98200,99900,96200,97400,251158,21.18
2023-05-26,97000,97800,95800,96800,208905,21.19
2023-05-30,97900,99500,96100,96900,245512,21.18
2023-05-31,97000,98300,96200,96200,253690,21.18
2023-06-01,97100,98600,96300,97000,192210,21.18
2023-06-02,97100,98900,97100,98800,213743,21.22
2023-06-05,99200,103800,99200,103800,510730,21.33
2023-06-07,104800,104900,102500,104400,287920,21.36
2023-06-08,104500,105700,103200,105000,365017,21.34
2023-06-09,105000,105100,102300,103700,226005,21.34
2023-06-12,104400,106200,103000,105600,241163,21.34
2023-06-13,105500,105700,104100,104500,166291,21.32
2023-06-14,104500,107500,104200,106100,240440,21.38
2023-06-15,107000,109100,106500,108700,348178,21.43
2023-06-16,109700,114500,109000,114000,612719,21.6
2023-06-19,114100,117100,114100,115000,447683,21.62
2023-06-20,115800,118900,115300,117300,491340,21.7
2023-06-21,118700,121900,117800,120600,776445,21.86
2023-06-22,120700,120800,115700,117500,542722,21.91
2023-06-23,116600,118300,114600,115900,299427,22.0
2023-06-26,115900,118600,115400,116900,222990,22.0
2023-06-27,117000,120700,116600,120100,345592,22.03
2023-06-28,120300,120400,114800,115300,389332,22.18
2023-06-29,115000,116400,113800,114500,332545,22.24
2023-06-30,114500,117700,111700,116500,316229,22.3
2023-07-03,118000,118000,114000,116100,296120,22.27
2023-07-04,116200,119800,115300,118900,323915,22.29
2023-07-05,119000,124400,118000,121500,490806,22.37
2023-07-06,121800,122200,119500,120300,259776,22.35
2023-07-07,119800,122500,118200,120400,273217,22.33
2023-07-10,120300,123900,119400,121700,326325,22.4
2023-07-11,122500,124000,121300,124000,361133,22.55
2023-07-12,124500,128500,124500,128000,566480,22.67
2023-07-13,127900,129200,125700,129000,339359,22.64
2023-07-14,128500,129400,127000,129400,300360,22.62
2023-07-17,128200,130000,126300,128000,386865,22.6
2023-07-18,126800,127300,123700,124800,423812,22.68
2023-07-19,124700,128000,124200,126500,266923,22.74
2023-07-20,127000,128000,124200,125200,328954,22.76
2023-07-21,125200,126600,123500,125500,297536,22.82
2023-07-24,125500,127500,124100,126400,367792,22.91
2023-07-25,126400,128500,125900,127200,300996,23.01
2023-07-26,128000,128000,124000,125900,514899,23.09
2023-07-27,126800,129200,117400,118500,844642,23.29
2023-07-28,118600,125000,117400,123700,462187,23.39
2023-07-31,124400,125500,121900,123300,379044,23.42
2023-08-01,124000,125200,121700,124500,289909,23.48
2023-08-02,123000,125200,121600,122300,276933,23.51
2023-08-03,121900,121900,117800,120000,343483,23.63
2023-08-04,120500,123400,119400,121500,217963,23.66
2023-08-07,120100,122300,119100,120600,184248,23.67
2023-08-08,121100,123900,120900,122900,219655,23.72
2023-08-09,123300,123500,121300,122300,161165,23.71
2023-08-10,121100,122900,118200,119400,272214,23.63
2023-08-11,118400,119900,117100,118600,186084,23.66
2023-08-14,118600,118900,114700,116500,346992,23.83
2023-08-16,114800,116500,113700,114000,218272,23.93
2023-08-17,112000,113400,110200,112700,321293,24.08
2023-08-18,111600,114900,110700,114000,283664,24.16
2023-08-21,114000,115300,112700,113000,143644,24.17
2023-08-22,113400,113700,112300,113000,162385,24.23
2023-08-23,112100,114600,112100,113300,127061,24.27
2023-08-24,113300,113600,111400,113300,122565,24.28
2023-08-25,112200,113000,111300,111800,127186,24.31
2023-08-28,113100,120400,113100,120400,271082,24.36
2023-08-29,122000,124500,120800,123400,299356,24.39
2023-08-30,123900,124300,122200,123000,167015,24.44
2023-08-31,123000,124000,122300,123700,251533,24.45
2023-09-01,123000,124500,120600,120800,225595,24.49
2023-09-04,120100,123200,120000,122000,157295,24.47
2023-09-05,121400,122800,119400,120100,104966,24.49
2023-09-06,120100,122400,119300,119700,139256,24.52
2023-09-07,118900,119500,118100,119000,121446,24.57
2023-09-08,120000,120000,117900,118800,113539,24.59
2023-09-11,118800,121500,117600,120800,138520,24.6
2023-09-12,121100,121200,118700,119300,100577,24.58
2023-09-13,119300,120400,118500,119300,85224,24.6
2023-09-14,120000,120200,117600,120000,173492,24.64
2023-09-15,120000,123200,119300,122400,224664,24.72
2023-09-18,122300,123300,120700,121000,119063,24.73
2023-09-19,120500,124000,120100,120600,133641,24.77
2023-09-20,120600,120800,118800,120000,95887,24.79
2023-09-21,119000,119800,117400,118000,128954,24.84
2023-09-22,115900,117300,114200,115800,141232,24.89
2023-09-25,115800,117500,114900,116300,251911,25.03
2023-09-26,116000,117400,114200,114500,183962,25.09
2023-09-27,114000,115500,110800,111000,273590,25.04
2023-10-04,112000,112000,104500,104800,390191,25.12
2023-10-05,106500,106700,102500,103000,241948,25.18
2023-10-06,103100,103900,100300,100700,203652,25.22
2023-10-10,102700,104500,100600,101400,221103,25.27
2023-10-11,103400,105600,102400,104800,188884,25.15
2023-10-12,105800,105800,101700,102500,236624,25.13
2023-10-13,101300,101500,98800,99900,232961,25.23
2023-10-16,99800,102000,99600,100600,194496,25.25
2023-10-17,101600,104000,100800,101100,147389,25.26
2023-10-18,101300,101800,100200,100600,104753,25.26
2023-10-19,99500,100600,97700,98300,207699,25.26
2023-10-20,97100,98200,95800,96800,166988,25.29
2023-10-23,96800,99700,96000,96300,133819,25.28
2023-10-24,97600,97600,94000,96300,139996,25.28
2023-10-25,97300,100700,96600,99400,166640,25.29
2023-10-26,99200,100400,94000,96900,269305,25.29
2023-10-27,97500,99400,94500,94700,215722,25.27
2023-10-30,94200,95600,91500,93300,225336,25.27
2023-10-31,94200,94200,89000,90300,276197,25.31
2023-11-01,90300,92000,90200,92000,134760,25.31
2023-11-02,93000,94400,91800,93300,196525,25.24
2023-11-03,93800,96600,93500,96300,168857,25.21
2023-11-06,98100,102600,96200,102600,884626,25.18
2023-11-07,101000,102300,98000,101600,344237,25.18
2023-11-08,103000,103600,98500,98600,181785,25.1
2023-11-09,98600,99500,97400,98000,186587,25.16
2023-11-10,97000,97500,95400,97100,137043,25.16
2023-11-13,98200,99800,94800,95700,178365,25.19
2023-11-14,97900,98000,94000,95300,227430,25.14
2023-11-15,97200,99800,96600,99400,259351,25.07
2023-11-16,98800,99100,96600,99100,164958,25.06
2023-11-17,99600,99600,97200,98200,93316,25.05
2023-11-20,98300,101800,97900,100900,205312,25.04
2023-11-21,101800,101800,100400,101100,201568,25.03
2023-11-22,101000,104200,100200,103000,171973,25.05
2023-11-23,102900,103700,101800,102600,87010,25.06
2023-11-24,102600,102900,100900,102000,120349,25.08
2023-11-27,103400,106000,101400,106000,191008,25.15
2023-11-28,106900,109100,105800,108000,199417,25.11
2023-11-29,108300,108700,105900,107500,148750,25.13
2023-11-30,107000,111700,106200,111700,244425,25.18
2023-12-01,111600,112200,110000,111300,146446,25.32
2023-12-04,112700,115400,111500,114500,176365,25.42
2023-12-05,114300,116500,113000,113900,128358,25.47
2023-12-06,113500,113900,110100,110200,198755,25.49
2023-12-07,109200,110100,107900,109500,152010,25.52
2023-12-08,110200,110500,108600,109400,108426,25.52
2023-12-11,109300,109500,106800,107800,136987,25.56
2023-12-12,108800,112600,107800,112100,191370,25.6
2023-12-13,111300,111300,109700,110800,107250,25.55
2023-12-14,112800,113900,110900,113900,287602,25.6
2023-12-15,114000,114800,113000,113600,168680,25.6
2023-12-18,114200,114300,111800,112100,114032,25.63
2023-12-19,112100,113300,110000,110700,129896,25.66
2023-12-20,112500,113700,112000,112700,135732,25.64
2023-12-21,112300,112300,109700,110400,94542,25.89
2023-12-22,111200,113100,110400,112000,132220,25.93
2023-12-26,113100,113900,112000,113800,138762,25.95
2023-12-27,113700,117000,113300,116800,144746,26.06
2023-12-28,117300,121400,116600,120900,209528,26.16
2024-01-02,120000,120400,117600,118500,108237,26.14
2024-01-03,117200,117600,113500,113500,165519,26.14
2024-01-04,112500,113800,111800,112000,113999,26.18
2024-01-05,111400,112400,109400,110700,111905,26.28
2024-01-08,111400,113300,110600,111900,109330,26.32
2024-01-09,113300,113600,110500,110700,90628,26.28
2024-01-10,111200,112400,109700,110900,77820,26.29
2024-01-11,111900,112400,108600,108600,117324,26.25
2024-01-12,108300,110200,108200,109100,79617,26.27
2024-01-15,109600,113100,107500,112800,133881,26.28
2024-01-16,112100,112700,109200,109300,71109,26.28
2024-01-17,109500,109500,104000,104400,155065,26.25
2024-01-18,105100,106700,104600,105100,109282,26.2
2024-01-19,105600,113300,105600,113300,203740,26.28
2024-01-22,116500,116600,112000,114600,155499,26.3
2024-01-23,116200,117400,112800,113500,97866,26.3
2024-01-24,113600,114100,109700,111400,92316,26.29
2024-01-25,112500,116300,111400,115900,137231,26.29
2024-01-26,115900,118300,115200,116500,129745,26.35
2024-01-29,117900,117900,113500,113500,112906,26.35
2024-01-30,114500,116000,111000,111700,139768,26.37
2024-01-31,110500,113700,110500,113500,133430,26.44
2024-02-01,112500,115900,112000,114700,160045,26.49
2024-02-02,115000,120000,114900,119100,315586,26.63
2024-02-05,119100,123500,116900,123000,302387,26.7
2024-02-06,121900,123800,119800,120400,188255,26.64
2024-02-07,121700,122600,119600,121400,152311,26.63
2024-02-08,121400,122200,120200,121100,249797,26.67
2024-02-13,122700,123200,118000,118500,218838,26.66
2024-02-14,117400,117400,114200,114300,203379,26.68
2024-02-15,115600,116700,114500,116400,120694,26.71
2024-02-16,117900,121500,117600,119900,214906,26.82
2024-02-19,120000,120300,118100,119500,96418,26.81
2024-02-20,119500,120400,116300,116400,141653,26.81
2024-02-21,117200,119900,116300,118800,159230,26.79
2024-02-22,119800,119800,116600,116800,84018,26.75
2024-02-23,117000,117200,115000,115000,130685,26.7
2024-02-26,115700,115700,111200,111500,268495,26.59
2024-02-27,112300,116100,110600,113800,246776,26.58
2024-02-28,114000,116900,112100,115300,147467,26.54
2024-02-29,114500,115200,111800,111900,311650,26.38
2024-03-04,112800,113300,107300,107800,360550,26.19
2024-03-05,108000,111900,108000,110200,207160,26.24
2024-03-06,110500,113800,109300,112400,196603,26.26
2024-03-07,112700,115700,111900,113500,142547,26.26
2024-03-08,114800,115300,111400,112200,117143,26.18
2024-03-11,111000,116200,111000,114100,132433,26.23
2024-03-12,115500,116000,112600,114100,100978,26.18
2024-03-13,114500,115200,112000,112900,127504,26.16
2024-03-14,113800,121500,113300,118500,497364,26.3
2024-03-15,121000,127800,120900,123800,851885,26.48
2024-03-18,125600,127300,120600,125400,426019,26.49
2024-03-19,125400,125500,122700,124500,218550,26.52
2024-03-20,125700,128700,125200,127600,361496,26.57
2024-03-21,129000,129000,126100,127900,208546,26.6
2024-03-22,127900,128800,124000,125900,283417,26.6
2024-03-25,125900,126300,123100,124400,138608,26.69
2024-03-26,125800,126100,122500,124900,206321,26.84
2024-03-27,123000,123300,119100,120200,333316,26.85
2024-03-28,120200,122300,119500,120200,154202,26.85
2024-03-29,120300,121800,117200,118400,199548,26.85
2024-04-01,119600,119800,116200,119700,167375,26.84
2024-04-02,118700,121500,117300,119800,162613,26.89
2024-04-03,120100,122100,118100,119700,204535,26.84
2024-04-04,121300,121800,118500,121000,211694,26.81
2024-04-05,119600,121300,119200,119600,121020,26.79
2024-04-08,119100,119200,116700,118500,162229,26.8
2024-04-09,119700,121400,118000,118600,130141,26.8
2024-04-11,116900,118400,114100,116300,273342,26.81
2024-04-12,116300,120100,114600,117600,235730,26.85
2024-04-15,116900,119300,114700,118100,143881,26.81
2024-04-16,116900,117800,110800,111700,272471,26.74
2024-04-17,112300,114200,111800,112300,156746,26.73
2024-04-18,113400,121000,112700,119400,375758,26.81
2024-04-19,118300,121000,115600,119300,269638,26.84
2024-04-22,121300,122900,117800,119300,219316,26.82
2024-04-23,119100,128200,118800,125300,577236,26.97
2024-04-24,125400,129900,123900,129400,569640,27.09
2024-04-25,129800,130700,126300,127300,348090,27.15
2024-04-26,127300,131800,127300,129000,476373,27.22
2024-04-29,130200,132900,129100,132700,441479,27.29
2024-04-30,132600,133500,130300,131500,269506,27.3
2024-05-02,133000,133000,129200,129500,205850,27.33
2024-05-03,130100,130200,127700,128300,152870,27.36
2024-05-07,127600,132600,127100,132500,279702,27.44
2024-05-08,132000,133100,130400,130800,169581,27.42
2024-05-09,131000,131800,129000,129500,191606,27.41
2024-05-10,131400,132000,128900,129900,141091,27.42
2024-05-13,131600,137200,130700,136300,492508,27.6
2024-05-14,137200,137200,134500,135900,190837,27.57
2024-05-16,137800,138000,135100,137700,296050,27.65
2024-05-17,137800,138000,133600,134500,249670,27.65
2024-05-20,134600,134700,131400,131900,165918,27.64
2024-05-21,132000,133000,129200,131200,219201,27.7
2024-05-22,131200,131800,127400,128300,285728,27.79
2024-05-23,127800,130700,127300,128700,180513,27.78
2024-05-24,127500,136100,127100,135400,327931,27.97
2024-05-27,137500,137500,132100,134300,238014,28.06
2024-05-28,134600,137500,133400,135400,190498,28.08
2024-05-29,134000,136000,132600,134300,230294,28.1
2024-05-30,133600,134300,129000,130800,224061,28.1
2024-05-31,132000,132300,129100,130400,264434,28.03
2024-06-03,131200,134800,129600,132800,184229,28.08
2024-06-04,132000,133900,129900,130700,156839,28.1
2024-06-05,130000,132400,129600,130800,109970,28.15
2024-06-07,131900,135500,131800,135000,294666,28.3
2024-06-10,134900,136000,133500,134700,136834,28.36
2024-06-11,136400,137800,133300,133700,186538,28.4
2024-06-12,133300,134600,131400,133400,156537,28.44
2024-06-13,133000,134900,132900,133000,213658,28.5
2024-06-14,132200,139300,132200,138900,428546,28.73
2024-06-17,139000,139500,136500,137700,210212,28.74
2024-06-18,138900,140300,136700,138600,278955,28.87
2024-06-19,140000,146600,139000,145700,571372,29.1
2024-06-20,147200,150000,145700,149900,477826,29.21
2024-06-21,151500,155600,149700,151600,565193,29.36
2024-06-24,152000,155700,150700,154300,364763,29.41
2024-06-25,155800,157100,150500,151800,400489,29.62
2024-06-26,150600,152700,149000,150500,281380,29.65
2024-06-27,150000,157800,148800,157500,378924,29.75
2024-06-28,157900,160000,155500,158800,287465,29.75
2024-07-01,160000,161500,157100,159900,168638,29.68
2024-07-02,159000,159800,155500,157200,220393,29.71
2024-07-03,158000,158500,153600,156700,203904,29.78
2024-07-04,156900,161000,154600,159700,218721,29.78
2024-07-05,159700,160000,154900,155700,253603,29.7
2024-07-08,155100,161300,154500,160000,256267,29.79
2024-07-09,160200,160500,157200,159700,153233,29.6
2024-07-10,159700,166500,159100,164100,397291,29.65
2024-07-11,165500,169200,163500,167100,248249,29.69
2024-07-12,166000,168000,162800,165700,234150,29.65
2024-07-15,167100,171400,165900,168800,296923,29.67
2024-07-16,172300,178500,170100,178300,549559,29.74
2024-07-17,180000,184000,176900,179200,551960,29.88
2024-07-18,180000,182100,176400,177100,398119,29.91
2024-07-19,177100,179000,171300,174100,446971,29.91
2024-07-22,174300,187000,174300,186600,686267,29.99
2024-07-23,186600,190800,184100,189700,454688,30.06
2024-07-24,189700,190500,183600,189000,444894,29.98
2024-07-25,185000,189000,175600,183800,875455,29.91
2024-07-26,190500,203000,190300,198800,1098426,30.28
2024-07-29,200000,206000,195900,203000,447137,30.22
2024-07-30,201000,204000,196700,201000,365306,30.16
2024-07-31,200500,210500,200000,207000,490877,30.16
2024-08-01,204500,213000,200000,213000,333897,30.21
2024-08-02,209000,212500,200500,203000,408778,30.23
2024-08-05,190400,196000,162900,172800,1261095,30.29
2024-08-06,183500,195800,183500,190300,1033802,30.26
2024-08-07,190800,195500,187200,192000,558177,30.1
2024-08-08,189100,206500,187100,205500,658256,30.08
2024-08-09,210000,210500,200500,202000,400985,29.96
2024-08-12,202000,204000,196600,199100,312800,29.91
2024-08-13,198000,202000,193200,195700,397115,29.92
2024-08-14,197600,198400,191900,197600,380382,29.96
2024-08-16,199800,203500,189000,196700,723287,29.88
2024-08-19,196700,204500,196700,199300,424279,30.04
2024-08-20,201500,202500,197200,202500,286133,30.07
2024-08-21,202000,202500,195700,199700,335928,30.0
2024-08-22,199300,199600,186600,191800,672934,30.06
2024-08-23,189000,193000,188200,189800,238650,30.16
2024-08-26,190000,190000,182300,185000,354558,30.31
2024-08-27,185500,189000,182800,186400,257312,30.32
2024-08-28,186400,192600,185600,186700,321714,30.31
2024-08-29,186700,189200,184600,185200,183983,30.34
2024-08-30,187000,191400,185200,191400,254607,30.39
2024-09-02,191700,192300,179800,180500,387872,30.3
2024-09-03,180900,182500,177600,180700,222997,30.35
2024-09-04,174700,177300,171000,175800,451125,30.45
2024-09-05,175900,178300,162400,168000,600045,30.57
2024-09-06,168000,171700,163100,170500,359721,30.65
2024-09-09,165300,171200,164200,170600,221900,30.61
2024-09-10,171300,175900,170700,173100,273768,30.61
2024-09-11,177000,179200,172000,174400,262738,30.56
2024-09-12,176000,176000,170800,171800,306471,30.58
2024-09-13,173400,184300,173300,183000,394348,30.69
2024-09-19,189500,191500,187200,191000,401110,30.78
2024-09-20,192700,198300,191600,198300,378573,30.87
2024-09-23,199200,199200,193500,194500,165955,30.86
2024-09-24,195400,196000,192800,196000,170617,30.83
2024-09-25,199500,204000,195500,196900,271684,30.92
2024-09-26,197000,202000,195200,199000,233534,31.01
2024-09-27,198000,198900,183500,184500,483836,30.89
2024-09-30,185300,188900,184400,187700,361440,31.08
2024-10-02,184200,186800,179300,183300,244243,31.05
2024-10-04,183200,186200,182100,185800,202161,31.06
2024-10-07,184600,185000,175500,184000,347348,31.14
2024-10-08,184100,189600,184100,185000,282004,31.24
2024-10-10,187000,193400,186500,190500,291800,31.34
2024-10-11,194300,194400,184700,185200,172206,31.27
2024-10-14,184900,187900,184800,187800,274058,31.28
2024-10-15,188900,199400,188000,195100,417867,31.46
2024-10-16,193300,194900,191000,192900,170760,31.4
2024-10-17,192900,198000,189400,197200,255391,31.43
2024-10-18,199000,199000,193700,195000,165878,31.42
2024-10-21,196400,196900,190500,196800,199899,31.48
2024-10-22,195000,199300,191800,194900,176810,31.49
2024-10-23,195000,201000,194500,196800,226739,31.54
2024-10-24,195300,198000,193500,195800,118916,31.54
2024-10-25,196700,202000,195400,199900,349326,31.74
2024-10-28,201000,201000,190000,190500,278287,31.61
2024-10-29,190100,192000,186300,188100,192444,31.57
2024-10-30,187700,188000,184700,186800,170349,31.58
2024-10-31,186800,189800,181100,183400,361077,31.51
2024-11-01,183000,183000,175600,180000,220276,31.49
2024-11-04,181000,183000,177300,180700,164641,31.5
2024-11-05,179300,187000,178800,181700,171762,31.51
2024-11-06,183300,186600,175600,185800,330474,31.49
2024-11-07,186000,199000,185100,197000,734948,31.48
2024-11-08,201000,203000,191200,194000,395464,31.44
2024-11-11,194000,195800,190400,193900,313409,31.39
2024-11-12,195200,196500,187600,187700,309884,31.39
2024-11-13,188000,192400,185000,185600,246586,31.43
2024-11-14,187400,193600,186200,192900,317800,31.51
2024-11-15,196200,196200,187700,189600,182078,31.49
2024-11-18,189400,195800,187100,194400,254885,31.56
2024-11-19,194000,204000,191900,199200,413848,31.75
2024-11-20,198900,205000,197900,204000,277651,31.8
2024-11-21,205500,206000,196900,198300,224141,31.72
2024-11-22,199300,202500,196500,201500,190276,31.72
2024-11-25,204000,218500,202500,216500,547270,31.92
2024-11-26,216500,217500,211000,216000,256834,31.91
2024-11-27,215000,219000,211000,212500,211549,31.86
2024-11-28,211500,216500,208000,211500,144939,31.86
2024-11-29,212000,212500,203000,204500,220058,31.83
2024-12-02,207500,207500,191600,195500,351044,31.8
2024-12-03,196300,198700,194500,197200,195070,31.83
2024-12-04,190900,197100,188800,195000,348814,31.83
2024-12-05,195000,201000,193900,194200,221059,31.86
2024-12-06,194600,194600,185000,189300,285597,31.78
2024-12-09,185000,189000,181300,187900,322889,31.83
2024-12-10,190000,199300,187900,196000,368010,31.93
2024-12-11,196000,213500,195100,211000,402836,32.04
2024-12-12,211500,212500,206000,210000,408624,31.92
2024-12-13,210000,213000,205500,210000,264700,31.86
2024-12-16,214000,214500,202500,207500,308029,31.75
2024-12-17,205500,212000,204000,208500,202344,31.77
2024-12-18,208500,217000,207500,209500,292084,31.78
2024-12-19,204000,217500,203500,214500,309564,31.89
2024-12-20,214000,217000,210000,212500,249183,31.84
2024-12-23,216500,231500,216000,230000,508110,32.03
2024-12-24,230500,233500,223500,226000,268663,31.95
2024-12-26,231000,238000,229000,235500,371213,31.97
2024-12-27,233500,235500,227500,231000,272043,31.97
2024-12-30,229500,233000,226500,228000,175055,31.98
2025-01-02,227000,235000,227000,231000,180941,31.93
2025-01-03,230500,237500,220500,223000,385652,31.9
2025-01-06,223000,226000,218000,225000,184660,31.91
2025-01-07,228000,233000,226000,231000,284918,31.94
2025-01-08,232000,236000,230000,235000,295149,31.94
2025-01-09,236500,243000,232500,240000,355947,32.02
2025-01-10,238000,242500,235000,240000,231271,32.0
2025-01-13,239500,239500,229000,235000,264767,31.94
2025-01-14,235500,239000,234000,236000,214838,31.94
2025-01-15,236000,247000,233500,243500,339853,31.98
2025-01-16,245500,245500,240000,243500,237676,31.93
2025-01-17,243500,244500,238500,243500,219418,31.92
2025-01-20,243000,249000,242000,244000,218391,31.89
2025-01-21,246500,251500,246000,248500,373570,31.82
2025-01-22,249000,249500,240000,241000,385592,31.68
2025-01-23,241000,241000,225000,226000,639586,31.59
2025-01-24,228500,231000,226000,228500,272883,31.54
2025-01-31,230500,237000,229500,232000,340308,31.54
2025-02-03,223500,232500,223000,226000,248059,31.56
2025-02-04,229000,234000,225500,232000,209976,31.57
2025-02-05,234000,234000,224500,225500,228138,31.53
2025-02-06,227500,237500,225000,228000,343354,31.56
2025-02-07,230000,230500,222500,225500,238992,31.47
2025-02-10,223000,230000,217500,218500,323706,31.48
2025-02-11,219500,223000,218000,221500,249486,31.45
2025-02-12,224500,234500,224500,234000,462622,31.5
2025-02-13,237000,241500,231500,236500,539857,31.54
2025-02-14,235000,235500,222500,225500,372442,31.42
2025-02-17,229000,229500,222500,225500,170927,31.34
2025-02-18,228000,233000,223500,232500,228927,31.4
2025-02-19,233500,244500,232500,239000,431148,31.43
2025-02-20,234500,235000,216500,217500,714667,31.1
2025-02-21,213500,217000,209500,214000,301845,31.14
2025-02-24,217000,218000,206500,211500,357984,31.06
2025-02-25,209000,224500,209000,223500,481497,30.91
2025-02-26,224000,236500,220000,222500,578436,30.86
2025-02-27,219500,220500,213500,216500,265438,30.83
2025-02-28,213000,215000,208000,214000,378018,30.82
2025-03-04,217000,235500,215500,235500,586195,31.09
2025-03-05,233000,253500,226500,251000,895857,31.23
2025-03-06,248000,251000,245000,246500,329079,31.18
2025-03-07,247500,248500,233000,233500,448650,31.09
2025-03-10,233500,239500,228000,233000,295671,31.15
2025-03-11,226000,229000,213000,217000,566459,31.0
2025-03-12,218000,224500,210000,212500,444824,30.93
2025-03-13,215500,221000,213000,214500,310393,30.99
2025-03-14,213000,217500,211000,214000,136430,30.98
2025-03-17,214500,218000,213000,216500,232866,30.99
2025-03-18,218500,224500,218000,220500,259810,31.1
2025-03-19,221000,223000,217500,219000,218004,31.15
2025-03-20,219500,220000,207500,209500,341477,31.2
2025-03-21,206500,213500,205000,213500,327180,31.29
2025-03-24,211500,213500,209000,211000,101445,31.33
2025-03-25,212000,214000,206000,207000,183485,31.46
2025-03-26,209000,211000,202000,207500,168519,31.52
2025-03-27,209000,209000,196000,196400,258843,31.53
2025-03-28,196200,201000,194400,201000,230365,31.7
2025-03-31,195100,202000,195100,201000,206415,31.69
2025-04-01,202500,205500,201000,203500,219781,31.66
2025-04-02,205500,208500,200500,206000,187881,31.65
2025-04-03,200000,207500,200000,207500,200944,31.67
2025-04-04,203500,210500,199900,204000,223104,31.53
2025-04-07,191100,196000,185700,186200,303590,31.46
2025-04-08,191300,195300,190500,191900,320962,31.48
2025-04-09,197000,204000,192000,195500,306003,31.5
2025-04-10,207000,213500,203500,213000,262869,31.57
2025-04-11,218000,221500,215500,221000,299160,31.47
2025-04-14,225500,228000,222000,226000,254854,31.53
2025-04-15,224000,226500,222000,226000,154973,31.58
2025-04-16,228500,230000,224500,226000,149399,31.63
2025-04-17,226000,231000,225000,230000,169471,31.66
2025-04-18,232000,233000,223000,226000,121058,31.71
2025-04-21,224500,227500,217500,222000,163783,31.69
2025-04-22,222000,232000,222000,230500,180717,31.7
2025-04-23,233000,236500,229000,233500,186906,31.67
2025-04-24,233500,251000,230500,249500,638799,31.76
2025-04-25,258500,265500,255000,265500,594024,31.97
2025-04-28,272000,273750,261500,266500,367980,31.96
2025-04-29,269500,275000,262000,269500,299128,31.96
2025-04-30,268000,272000,263500,272000,261518,32.0
2025-05-02,272000,278500,271000,277500,198470,32.04
2025-05-07,282500,288000,278000,280000,299358,32.08
2025-05-08,278500,289000,276500,287000,266287,32.09
2025-05-09,288000,288000,281500,283500,139491,32.11
2025-05-12,285000,287500,268000,273000,311791,32.23
2025-05-13,264500,283000,260500,283000,285046,32.31
2025-05-14,282000,291000,281000,288000,187824,32.28
2025-05-15,284500,290000,280500,289000,158439,32.32
2025-05-16,289000,291500,285500,287000,136193,32.31
2025-05-19,284000,292000,283000,288000,116261,32.33
2025-05-20,290000,290500,277500,279000,218359,32.31
2025-05-21,282500,295000,282000,291500,240404,32.41
2025-05-22,288000,291500,285500,288000,129869,32.4
2025-05-23,289000,290000,282500,288500,131668,32.35
2025-05-26,286500,297000,284000,296500,166053,32.34
2025-05-27,297000,299250,293000,296000,137494,32.31
2025-05-28,298000,303000,287500,289500,294123,32.29
2025-05-29,294500,315000,292000,310500,478576,32.49
2025-05-30,310000,317500,305000,316500,417554,32.52
2025-06-02,313500,318000,309500,312500,214765,32.48
2025-06-04,312500,331500,305000,327500,377657,32.59
2025-06-05,331500,335000,319000,319000,320537,32.48
2025-06-09,325500,329500,310000,321500,313087,32.58
2025-06-10,318500,339500,318500,335500,345143,32.65
2025-06-11,339000,341000,332500,336500,234337,32.73
2025-06-12,332000,345000,331500,340500,369930,32.73
2025-06-13,343500,356000,343500,350500,377743,32.84
2025-06-16,350500,367500,350500,367500,330295,32.82
2025-06-17,372000,376500,361500,365000,360041,32.81
2025-06-18,363500,374500,359000,368500,263326,32.81
2025-06-19,376500,380000,366000,379000,180986,32.88
2025-06-20,384000,386000,367500,375500,410812,32.88
2025-06-23,371000,377000,368000,375500,186548,33.0
2025-06-24,380500,398000,375000,392000,289076,33.11
2025-06-25,393500,398500,363000,364000,434574,33.04
2025-06-26,361000,370000,352000,362500,405385,33.11
2025-06-27,365500,373000,361000,364000,198330,33.09
2025-06-30,368000,375500,365000,366000,219624,33.08
2025-07-01,366000,373000,360500,365000,198966,33.04
2025-07-02,361000,364500,337000,344000,428213,33.03
2025-07-03,341000,343000,325500,330500,473475,33.14
2025-07-04,322000,324000,304500,307000,1479434,33.19
2025-07-07,305000,318000,305000,315000,347036,33.14
2025-07-08,324000,324000,314000,320500,404609,32.99
2025-07-09,325000,331500,321500,327500,279489,32.86
2025-07-10,328000,335000,326500,329000,250539,32.81
2025-07-11,326500,330500,317000,321000,276642,32.79
2025-07-14,317000,327000,317000,325000,158487,32.85
2025-07-15,322500,329500,322000,328000,154833,32.73
2025-07-16,327500,337500,323250,330500,190477,32.7
2025-07-17,330500,333000,323500,332000,160418,32.69
2025-07-18,332500,335250,326000,331500,139184,32.71
2025-07-21,334500,341500,330500,341000,202689,32.68
2025-07-22,341500,345000,331000,337500,198054,32.67
2025-07-23,341000,341500,327000,334500,196917,32.68
2025-07-24,337000,342000,335500,337500,235518,32.71
2025-07-25,338000,354000,335500,354000,361499,32.87
2025-07-28,368500,370000,353000,353500,536688,32.75
2025-07-29,353000,354500,338000,346000,326541,32.71
2025-07-30,352500,359500,349000,354500,234878,32.73
2025-07-31,362500,370000,352500,359000,568208,32.71
2025-08-01,361500,362000,335000,343000,403291,32.67
2025-08-04,339000,341000,329000,337500,279317,32.66
2025-08-05,340500,358500,340500,356500,370231,32.74
2025-08-06,353500,359000,347500,350000,182933,32.66
2025-08-07,351000,364500,350500,364000,259675,32.81
2025-08-08,369000,370000,358500,365000,273500,32.84
2025-08-11,365000,370000,356500,363500,178982,32.84
2025-08-12,363000,372000,354500,356000,172007,32.82
2025-08-13,362500,389500,362000,379500,620405,32.99
2025-08-14,377000,381000,370500,378500,191575,32.93
2025-08-18,377500,382500,369000,369500,206509,32.8
2025-08-19,372500,373000,354500,355000,196575,32.76
2025-08-20,354500,354500,333500,349500,274536,32.72
2025-08-21,352000,358500,349500,355500,153738,32.71
2025-08-22,360000,364500,357500,360500,116800,32.7
2025-08-25,367500,370500,353000,368000,235588,32.66
2025-08-26,370000,375000,346500,347000,458403,32.41
2025-08-27,348000,372500,348000,369500,548249,32.59
2025-08-28,384000,415000,378500,408500,1363780,32.8
2025-08-29,404000,415500,402000,406500,549413,32.68
2025-09-01,411500,426000,407000,415000,541160,32.55
2025-09-02,412500,420000,410500,414500,257092,32.54
2025-09-03,414500,418500,405500,411000,205138,32.56
2025-09-04,407000,429500,403000,422000,330948,32.58
2025-09-05,423000,438000,417000,428500,384775,32.58
2025-09-08,428000,429000,417500,424500,267661,32.63
2025-09-09,425000,427500,414000,414000,265438,32.58
2025-09-10,406500,419000,405000,414500,281026,32.58
2025-09-11,418000,425000,417000,423000,217148,32.7
2025-09-12,423000,423000,410500,416500,180170,32.59
2025-09-15,408000,415000,405000,411500,160993,32.65
2025-09-16,414500,421500,414000,416000,180011,32.57
2025-09-17,421000,421500,412500,416000,115767,32.55
2025-09-18,415000,420500,409500,412000,131087,32.46
2025-09-19,409500,411000,405000,407500,127628,32.47
2025-09-22,408000,413000,399000,403000,142307,32.48
2025-09-23,398500,404500,394500,399500,134303,32.5
2025-09-24,400000,408500,400000,407500,171194,32.53
2025-09-25,409500,417000,402000,403000,214462,32.52
2025-09-26,405000,408000,390000,397500,166078,32.56
2025-09-29,396000,403000,394500,400000,139132,32.59
2025-09-30,397000,414000,395500,411000,228987,32.61
2025-10-01,414500,423500,411000,414500,216981,32.62
2025-10-02,416000,419000,405000,412500,272817,32.71
2025-10-10,425000,425000,409000,415000,246815,32.79
2025-10-13,416000,428500,412000,420000,257381,32.85
2025-10-14,415500,436000,403500,408000,344608,32.87
2025-10-15,412000,428500,408000,427500,227271,32.95
2025-10-16,430000,435500,419000,422500,163039,32.88
2025-10-17,426000,434500,419500,420500,134057,32.89
2025-10-20,418500,427500,416000,423500,129041,32.91
2025-10-21,424000,442000,424000,438500,372843,32.97
2025-10-22,448500,463000,438500,462000,327788,32.98
2025-10-23,455000,457000,446000,446000,212404,32.9
2025-10-24,447500,452000,438000,447000,282974,32.78
2025-10-27,457500,474000,457000,473000,383737,32.78
2025-10-28,474500,474500,458000,460000,238153,32.7
2025-10-29,467000,468500,445500,462000,292885,32.59
2025-10-30,472000,479000,459000,461500,298343,32.71
2025-10-31,456500,484000,453000,474000,268946,32.7
2025-11-03,476500,494500,474000,479500,377735,32.63
2025-11-04,483000,483500,457500,457500,356495,32.61
2025-11-05,455500,456000,424500,428500,461248,32.56
2025-11-06,435500,444000,415500,418500,396385,32.39
2025-11-07,413000,430000,398500,415500,311782,32.33
2025-11-10,419000,430000,416000,424500,189373,32.27
2025-11-11,428000,434500,413500,418000,232341,32.28
2025-11-12,422000,431000,419500,426000,177040,32.28
2025-11-13,421500,442500,417000,439000,308805,32.32
2025-11-14,427500,450000,427000,432000,567947,32.57
2025-11-17,435500,438000,423000,436500,171134,32.54
2025-11-18,432500,445500,425500,426000,209661,32.63
2025-11-19,430500,430500,406000,418000,186697,32.69
2025-11-20,422500,439000,422500,433500,173939,32.73
2025-11-21,425500,427000,416500,420000,154263,32.65
2025-11-24,424000,435500,415000,434000,324280,32.74
2025-11-25,439500,444000,420000,420000,197185,32.71
2025-11-26,425000,432500,421500,428000,138981,32.73
2025-11-27,427000,435000,423000,427000,104454,32.74
2025-11-28,426500,427000,405000,410000,212592,32.65
2025-12-01,410000,414000,396000,403000,240157,32.71
2025-12-02,405500,416000,404500,413000,149070,32.75
2025-12-03,415000,425000,413500,423000,122347,32.79
2025-12-04,419000,424000,412500,419000,103706,32.79
2025-12-05,418500,432000,416000,432000,115395,32.81
2025-12-08,428000,440000,420500,439000,134920,32.83
2025-12-09,437000,451500,433000,447500,241943,32.88
2025-12-10,444500,450500,442000,442000,133179,32.99
2025-12-11,448500,452500,441000,445500,220704,33.06
2025-12-12,448000,450000,443000,449500,82921,33.08
2025-12-15,444000,444500,436500,437000,118489,33.1
2025-12-16,436000,438500,421500,422500,166814,33.1
2025-12-17,424000,428500,416000,421500,118319,33.13
2025-12-18,413000,417000,405500,409000,105368,33.13
2025-12-19,414000,426000,412000,421000,210232,33.05
2025-12-22,425000,426500,415000,418500,114388,33.02
2025-12-23,423000,432000,417000,432000,158783,33.03
2025-12-24,436500,436500,414000,416000,129749,33.0
2025-12-26,415000,417500,401500,403000,155267,32.99
2025-12-29,398500,410500,398000,410500,157219,33.01
2025-12-30,406000,408000,404000,407000,123304,33.03
2026-01-02,407000,407000,392000,393500,256720,32.96
2026-01-05,385000,402500,385000,401000,299340,33.08
2026-01-06,403500,415000,395500,414000,249294,33.17
2026-01-07,412000,423000,408500,418000,251207,33.3
2026-01-08,417500,429500,417500,424500,279906,33.38
2026-01-09,426500,447000,422500,447000,425836,33.44
2026-01-12,445000,453000,433000,450500,336951,33.4
2026-01-13,452000,463000,449000,462500,283454,33.48
2026-01-14,458500,458500,424500,427500,388404,33.37
2026-01-15,432500,440000,426500,440000,231895,33.52
2026-01-16,439000,441000,427000,438500,172331,33.53
2026-01-19,442500,447500,437000,444500,189587,33.54
2026-01-20,439000,444500,428500,443000,132606,33.57
2026-01-21,440000,440000,425000,428500,203782,33.58
2026-01-22,430000,433000,419500,424500,279196,33.62
2026-01-23,428000,436500,426500,436000,266054,33.71
2026-01-26,433500,436000,423000,424000,142650,33.72
2026-01-27,430000,430500,414000,426500,172467,33.74
2026-01-28,428000,431500,418500,422500,207240,33.79
2026-01-29,420000,422000,410000,421000,276565,33.8
2026-01-30,422000,425000,413000,413500,206319,33.82
2026-02-02,414500,424000,395500,401500,224516,33.87
2026-02-03,413500,417500,406500,417500,154311,33.87
2026-02-04,425000,430000,414000,424500,164182,33.88
2026-02-05,424000,429500,407000,409000,221378,33.93
2026-02-06,403000,403500,384000,395500,266977,33.88
2026-02-09,410000,412000,375000,390000,398048,33.84
2026-02-10,394000,397000,378000,382000,422004,33.72
2026-02-11,385500,391500,384000,390000,200412,33.72
2026-02-12,392000,402500,391000,397000,231984,33.67
2026-02-13,395000,405500,393500,397500,181379,33.7
2026-02-19,404000,422500,404000,422500,275641,33.74
2026-02-20,423000,452000,416500,452000,367661,33.92
2026-02-23,453000,474000,447500,472000,384448,34.02
2026-02-24,460000,461000,443000,457500,313269,33.81
2026-02-25,458000,473000,456000,467500,292537,33.93
2026-02-26,460000,461000,450000,452000,232365,33.91
2026-02-27,452500,457000,445000,450000,346778,33.98
2026-03-03,451000,465500,440000,441500,295829,34.11
2026-03-04,414500,423500,374000,379000,556756,34.25
2026-03-05,409500,415000,399000,407000,287942,34.31
2026-03-06,395500,415500,395000,402000,296184,34.33
2026-03-09,390000,411000,379500,400000,277990,34.26
2026-03-10,405500,411500,390000,404000,244474,34.14
2026-03-11,410000,439000,409500,420000,374609,34.27
2026-03-12,416000,432000,413000,425000,229434,34.37
2026-03-13,414000,418500,410000,416000,180646,34.35
2026-03-16,413500,421000,404000,409500,123247,34.36
2026-03-17,413000,422000,410500,420000,114908,34.36
2026-03-18,421000,434500,419500,425000,175008,34.32
2026-03-19,416500,422500,412000,413500,120128,34.36
2026-03-20,416000,422500,404000,404500,271901,34.31
2026-03-23,392000,394500,365500,366000,278996,34.22
2026-03-24,380000,385000,365500,379500,224853,34.15
2026-03-25,388000,389000,374000,385000,209425,34.09
2026-03-26,390000,390500,373500,375000,171517,34.05
2026-03-27,364000,369500,354000,367000,227372,34.03
2026-03-30,350000,352500,340500,347000,278783,34.04
2026-03-31,351000,354500,340500,344000,235792,34.01
2026-04-01,368500,378500,351000,372500,354564,33.86
2026-04-02,376000,377500,347500,350500,315667,33.84
2026-04-03,355000,383500,355000,375000,267498,33.84
2026-04-06,375000,381000,370500,371500,141771,33.85
2026-04-07,372000,387000,371000,376000,129529,33.88
2026-04-08,393000,399000,385000,389500,218820,33.79
2026-04-09,392500,396000,389500,391000,193950,33.83
2026-04-10,392000,401000,390000,394000,114527,33.78
2026-04-13,385000,395000,383500,388500,175397,33.76
2026-04-14,395000,399000,390000,396500,131828,33.75
2026-04-15,402000,412000,400500,401500,188366,33.77
2026-04-16,405000,413000,403000,408000,168782,33.72
2026-04-17,411500,422000,402500,419500,195956,33.7
2026-04-20,422500,423000,413000,413000,169351,33.63
2026-04-21,413500,430000,412500,427500,221491,33.6
2026-04-22,429000,463500,426000,463000,524180,33.68
2026-04-23,462000,464000,445000,461000,334941,33.68
2026-04-24,464000,477500,458000,476000,267625,33.73
2026-04-27,482000,486000,474500,479000,219985,33.75
2026-04-28,470500,474000,463500,468500,195482,33.76
2026-04-29,467000,477000,459000,472000,179965,33.8
2026-04-30,467000,477000,461500,461500,161560,33.81
2026-05-04,470500,473000,461500,469500,123717,33.82
2026-05-06,466500,469500,451000,452500,232754,33.83
2026-05-07,457000,468500,449000,467500,257591,33.85
2026-05-08,470000,473000,444000,452000,283943,33.79
2026-05-11,456000,488000,456000,474000,351083,33.87
2026-05-12,479000,482500,444000,464500,316344,33.93
2026-05-13,474500,482000,452000,460500,202870,33.94
2026-05-14,461500,462000,437500,437500,310707,34.05
2026-05-15,438500,440000,406000,416000,321212,34.09
2026-05-18,406000,413500,392000,410000,285789,34.04
2026-05-19,409000,422500,392000,400000,283707,34.0
2026-05-20,400500,403000,384500,399000,268013,33.97
2026-05-21,404500,416500,402000,415000,243229,33.91
2026-05-22,423000,424000,412500,421000,175007,33.88
2026-05-26,425000,455000,420500,445000,295572,33.9
2026-05-27,445500,460000,436500,440500,235357,33.89
2026-05-28,440000,446000,407000,415000,332083,33.91
2026-05-29,426000,426000,405000,423000,436889,33.91
2026-06-01,419000,427500,404500,404500,218154,33.91
2026-06-02,404000,404500,378000,383500,412671,33.86
2026-06-04,393000,398500,376500,379500,306734,33.78
2026-06-05,379500,385000,368000,379000,274635,33.76
2026-06-08,362000,374500,353000,358500,246086,33.82
2026-06-09,360000,371000,352500,362500,253265,33.78
2026-06-10,359000,385500,356000,385500,310424,33.82
2026-06-11,377000,382500,360000,375500,477807,33.64
2026-06-12,388000,401000,381000,398000,302701,33.55
2026-06-15,412500,425000,403500,422000,192657,33.59
2026-06-16,434500,451500,423500,438500,558119,33.41
2026-06-17,440500,446000,428500,434000,171966,33.45
2026-06-18,430000,434500,415500,421000,196177,33.54
2026-06-19,418500,422000,406000,419000,375823,33.66
2026-06-22,420000,422000,397500,397500,147627,33.7
2026-06-23,399000,403500,364500,364500,216183,33.71
2026-06-24,365000,375000,358500,368000,295000,33.65
2026-06-25,375500,381000,366000,366000,153830,33.6
2026-06-26,361000,364000,338000,345500,192433,33.58
2026-06-29,348500,368000,342000,363500,170897,33.5
2026-06-30,366500,369500,346500,350000,235678,33.42
