date,open,high,low,close,volume,foreign_ownership_ratio
2016-07-01,6648,6669,6569,6579,1008686,14.42
2016-07-04,6598,6669,6555,6579,875390,14.46
2016-07-05,6577,6599,6476,6507,964273,14.37
2016-07-06,6506,6549,6376,6420,1059597,14.45
2016-07-07,6433,6506,6376,6405,966600,14.43
2016-07-08,6397,6484,6397,6427,631552,14.52
2016-07-11,6461,6619,6454,6608,1345718,14.56
2016-07-12,6619,6793,6575,6666,2325915,14.56
2016-07-13,6736,7097,6713,7042,5409888,14.89
2016-07-14,7033,7336,6939,7107,3944314,15.12
2016-07-15,7263,7371,7191,7338,2303303,15.37
2016-07-18,7552,7732,7516,7664,4790413,15.6
2016-07-19,7732,7805,7516,7699,2427856,15.73
2016-07-20,7589,7697,7516,7664,1632650,15.88
2016-07-21,7552,7697,7516,7699,1532390,16.1
2016-07-22,7626,7698,7481,7555,1380238,16.08
2016-07-25,7553,7662,7481,7518,976077,16.13
2016-07-26,7518,7553,7373,7447,1235813,16.24
2016-07-27,7518,7662,7445,7447,1397524,16.25
2016-07-28,7518,7734,7445,7518,2748870,16.03
2016-07-29,7553,7698,7126,7186,3710198,15.7
2016-08-01,6939,6939,6802,6897,3507721,15.65
2016-08-02,6802,6960,6802,6847,2220163,15.55
2016-08-03,6785,6807,6641,6666,2138119,15.35
2016-08-04,6728,6779,6663,6666,1346313,15.27
2016-08-05,6700,6897,6693,6840,2157844,15.32
2016-08-08,6917,7178,6838,6883,3386253,15.01
2016-08-09,6952,7024,6858,6919,2062526,14.98
2016-08-10,6944,6944,6655,6673,3509742,14.69
2016-08-11,6663,6736,6634,6695,2047034,14.46
2016-08-12,6766,6766,6693,6738,1420286,14.5
2016-08-16,6830,7301,6781,7143,5664365,14.61
2016-08-17,7176,7263,7024,7027,2590864,14.63
2016-08-18,7083,7336,7083,7150,3360818,14.62
2016-08-19,7135,7336,6953,7129,5740444,14.5
2016-08-22,7135,7192,7004,7086,2149053,14.46
2016-08-23,7090,7443,7090,7374,3471302,14.58
2016-08-24,7444,7480,7263,7302,1630896,14.57
2016-08-25,7228,7372,7192,7193,1704902,14.6
2016-08-26,7125,7154,6938,6940,2090401,14.47
2016-08-29,6882,6889,6671,6774,2031957,14.49
2016-08-30,6802,6960,6795,6833,1110032,14.68
2016-08-31,6793,6995,6785,6998,1348686,14.69
2016-09-01,6988,7154,6887,7057,1342990,14.8
2016-09-02,7119,7162,6930,7005,941534,14.82
2016-09-05,7004,7121,6990,7114,1027188,14.95
2016-09-06,7140,7263,7031,7042,1685212,15.03
2016-09-07,7076,7178,7062,7121,1029072,15.17
2016-09-08,7142,7265,7069,7208,1953052,15.33
2016-09-09,7206,7407,7111,7374,2893096,15.37
2016-09-12,7227,7407,7212,7302,1952672,15.63
2016-09-13,7407,7516,7263,7302,1744401,15.84
2016-09-19,7265,7553,7265,7555,3225294,16.24
2016-09-20,7518,7553,7336,7483,1810715,16.25
2016-09-21,7518,7626,7445,7591,1596101,16.42
2016-09-22,7590,7734,7518,7518,2142498,16.45
2016-09-23,7589,7589,7299,7374,1496588,16.49
2016-09-26,7407,7480,7263,7411,1187126,16.5
2016-09-27,7373,7518,7301,7518,1737073,16.5
2016-09-28,7552,7625,7371,7374,2687120,16.73
2016-09-29,7407,7660,7407,7664,4451023,16.94
2016-09-30,7911,8453,7795,7805,9552293,17.04
2016-10-04,7910,7952,7786,7955,2432147,17.04
2016-10-05,7879,7970,7853,7880,1450823,17.1
2016-10-06,7878,7911,7760,7805,1496912,17.17
2016-10-07,7829,8112,7804,8030,2539464,17.34
2016-10-10,8027,8144,7978,8005,1168671,17.4
2016-10-11,8178,8311,8111,8280,2529236,17.4
2016-10-12,8261,8577,8228,8580,3066820,17.77
2016-10-13,8577,8619,8411,8580,1506570,17.98
2016-10-14,8578,8662,8328,8372,1573981,17.89
2016-10-17,8536,8619,8327,8330,1985079,17.75
2016-10-18,8278,8295,8038,8130,2569031,17.36
2016-10-19,8130,8130,7921,7931,2026322,17.39
2016-10-20,7970,8129,7846,7897,2444154,16.97
2016-10-21,7871,8321,7712,8314,5297381,17.16
2016-10-24,8370,8412,8253,8372,3087158,17.3
2016-10-25,8370,8412,8129,8130,2625221,17.22
2016-10-26,8079,8086,7796,7938,2979220,17.13
2016-10-27,7961,8011,7861,8013,1506920,17.33
2016-10-28,8130,8312,8121,8164,2694332,17.62
2016-10-31,8162,8246,7987,8122,1899586,17.84
2016-11-01,8071,8071,7854,7922,2180400,17.44
2016-11-02,7886,8027,7802,7863,1834594,17.72
2016-11-03,7819,7894,7644,7672,2041679,17.73
2016-11-04,7686,7760,7527,7531,1878750,17.67
2016-11-07,7495,7729,7487,7705,1763277,17.75
2016-11-08,7779,7804,7579,7705,1185144,17.77
2016-11-09,7712,7712,7212,7372,2800738,17.81
2016-11-10,7536,7677,7503,7630,1974545,17.85
2016-11-11,7586,7595,7462,7531,1595794,17.8
2016-11-14,7519,7878,7469,7856,2576283,17.72
2016-11-15,7853,7853,7637,7655,1806556,17.57
2016-11-16,7912,7953,7679,7697,2725129,17.43
2016-11-17,7646,7746,7579,7689,826838,17.46
2016-11-18,7671,7671,7513,7589,1404707,17.43
2016-11-21,7546,7605,7521,7589,684112,17.11
2016-11-22,7562,7619,7436,7480,1553652,17.1
2016-11-23,7429,7529,7404,7405,1502547,17.0
2016-11-24,7294,7302,7044,7105,2982093,16.96
2016-11-25,7062,7161,7053,7139,1064611,17.96
2016-11-28,7036,7327,6919,7297,3201971,18.08
2016-11-29,7236,7236,6994,7005,3234397,18.02
2016-11-30,7003,7061,6886,6914,2296871,17.98
2016-12-01,7145,7413,7145,7322,4689511,17.91
2016-12-02,7362,7587,7337,7555,4203637,17.94
2016-12-05,7463,7604,7429,7546,1716166,17.92
2016-12-06,7620,7628,7546,7605,2034016,17.79
2016-12-07,7604,7604,7362,7464,1431201,17.76
2016-12-08,7563,7563,7454,7555,1400951,17.77
2016-12-09,7596,7629,7479,7497,1582092,17.8
2016-12-12,7646,8062,7604,8030,4753440,17.77
2016-12-13,8027,8044,7869,7946,2207298,17.66
2016-12-14,7978,8052,7794,7822,2010438,17.68
2016-12-15,7679,7862,7620,7797,2301676,17.72
2016-12-16,7745,7827,7686,7730,1220876,17.81
2016-12-19,7752,7928,7752,7856,1471673,17.73
2016-12-20,7853,7929,7837,7897,1262771,17.74
2016-12-21,7910,8119,7910,8047,3243038,17.79
2016-12-22,8054,8054,7878,7897,1715726,17.71
2016-12-23,7894,7944,7728,7856,1811191,17.34
2016-12-26,7862,7904,7704,7747,1220807,17.31
2016-12-27,7738,7871,7712,7780,1679713,17.35
2016-12-28,7786,7878,7752,7813,1473220,17.29
2016-12-29,7779,7829,7637,7705,1412972,17.24
2017-01-02,7703,7836,7653,7813,1178968,17.66
2017-01-03,7862,7862,7720,7839,1764190,17.65
2017-01-04,7819,7886,7736,7772,1792812,17.94
2017-01-05,8078,8269,7986,8188,7297156,18.12
2017-01-06,8286,8327,8161,8280,4432244,18.03
2017-01-09,8312,8578,8304,8496,4670135,18.22
2017-01-10,8454,8828,8412,8746,4898147,18.28
2017-01-11,8744,8910,8619,8871,3799562,18.31
2017-01-12,8869,8952,8744,8871,2156391,18.31
2017-01-13,8870,8870,8620,8788,2299470,18.31
2017-01-16,8704,8787,8578,8705,2724878,18.41
2017-01-17,8661,8827,8577,8663,2003876,18.48
2017-01-18,8661,8786,8577,8663,1901825,18.47
2017-01-19,8744,8869,8494,8622,3143885,18.47
2017-01-20,8535,8703,8535,8580,1385076,18.5
2017-01-23,8619,8703,8494,8663,2147420,18.56
2017-01-24,8619,9035,8577,8954,4267165,18.67
2017-01-25,8995,8995,8662,8830,3311812,18.64
2017-01-26,8787,8912,8662,8830,2899709,18.68
2017-01-31,8744,8827,8619,8663,2014982,18.52
2017-02-01,8619,8993,8619,8871,2310911,18.5
2017-02-02,8912,8912,8746,8746,1736216,18.45
2017-02-03,8787,8870,8746,8830,1894354,18.51
2017-02-06,8953,8953,8746,8788,1171785,18.56
2017-02-07,8537,8620,8145,8496,8547929,18.69
2017-02-08,8577,8703,8411,8580,2079080,18.73
2017-02-09,8578,8870,8495,8746,1621882,18.71
2017-02-10,8869,8993,8827,8954,2204667,18.65
2017-02-13,9035,9119,8910,8954,1771877,18.64
2017-02-14,9035,9035,8827,8913,1261333,18.59
2017-02-15,8952,9036,8869,8997,1383763,18.38
2017-02-16,9078,9078,8827,8871,1260567,18.38
2017-02-17,8704,8828,8620,8788,1208972,18.41
2017-02-20,8785,8785,8494,8538,2051154,18.41
2017-02-21,8537,8828,8496,8788,1902563,18.45
2017-02-22,8827,9036,8661,8997,3556480,18.62
2017-02-23,8995,9203,8953,9121,2736839,18.69
2017-02-24,9121,9286,9078,9163,2190375,18.82
2017-02-27,9203,9244,9037,9038,1240442,18.84
2017-02-28,9078,9369,8993,9329,3457217,18.94
2017-03-02,9371,9578,9328,9496,4106087,19.08
2017-03-03,9412,9537,9245,9455,2447757,19.1
2017-03-06,9453,9911,9412,9788,4440853,19.04
2017-03-07,9786,10326,9786,10287,6329498,19.21
2017-03-08,10327,10495,10078,10121,4493951,19.23
2017-03-09,9952,10037,9787,9788,4049938,19.25
2017-03-10,9702,10077,9702,9954,2977466,19.33
2017-03-13,9910,10036,9786,9996,2377831,19.48
2017-03-14,9994,10037,9703,9705,3219289,19.42
2017-03-15,9745,9911,9620,9788,2400991,19.4
2017-03-16,9911,10203,9911,10163,4937029,19.37
2017-03-17,10159,10326,10077,10204,3345338,19.51
2017-03-20,10245,10286,10037,10079,1145703,19.49
2017-03-21,10159,10202,9785,9871,2683860,19.56
2017-03-22,9703,9911,9619,9705,2590154,19.57
2017-03-23,9787,10119,9744,10037,3524253,19.57
2017-03-24,9993,10035,9827,9913,1787237,19.76
2017-03-27,9952,9952,9703,9788,1844082,19.73
2017-03-28,9827,10077,9827,9871,1590805,19.72
2017-03-29,9910,9910,9493,9621,4118733,19.61
2017-03-30,9703,9703,9121,9121,5978865,19.41
2017-03-31,9078,9327,9078,9329,3375749,19.39
2017-04-03,9286,9328,9037,9080,2716640,19.32
2017-04-04,9078,9202,8910,8954,2432250,19.31
2017-04-05,8953,9121,8704,8830,4786214,19.35
2017-04-06,8662,8870,8578,8788,3289567,19.39
2017-04-07,8828,8953,8704,8788,2281538,19.35
2017-04-10,8786,8827,8661,8663,1528926,19.26
2017-04-11,8704,8870,8662,8705,1952894,19.22
2017-04-12,8746,8787,8662,8746,2169221,19.1
2017-04-13,8744,8785,8369,8538,3826380,19.05
2017-04-14,8535,8703,8494,8538,1402312,18.97
2017-04-17,8577,8744,8577,8622,1054332,18.92
2017-04-18,8660,8744,8411,8622,2556453,18.88
2017-04-19,8537,8619,8412,8413,2287435,18.76
2017-04-20,8412,8704,8370,8705,2590828,18.78
2017-04-21,8704,8746,8619,8746,1738892,18.76
2017-04-24,8746,8953,8662,8788,2752458,18.67
2017-04-25,8827,8993,8785,8913,2316051,18.67
2017-04-26,8993,9327,8952,9247,4223692,18.71
2017-04-27,9286,9371,9121,9163,2827250,18.62
2017-04-28,9119,9119,8993,8997,2793651,18.62
2017-05-02,8828,9203,8787,9038,3782091,18.64
2017-05-04,9121,9245,9078,9121,2115264,18.71
2017-05-08,9202,9243,9078,9204,1982518,18.73
2017-05-10,9371,9745,9328,9496,5415523,18.7
2017-05-11,9577,9618,9410,9579,2723479,18.73
2017-05-12,9537,9578,9371,9412,2125903,18.75
2017-05-15,9453,9494,9328,9371,1668117,18.76
2017-05-16,9494,9703,9412,9705,3474073,18.85
2017-05-17,9702,9744,9577,9621,2275985,18.83
2017-05-18,9453,9578,9412,9455,1637888,18.87
2017-05-19,9493,9744,9452,9579,2451113,18.93
2017-05-22,9659,9702,9493,9579,1796177,18.88
2017-05-23,9620,9870,9537,9788,3092108,19.03
2017-05-24,9868,9993,9827,9913,2431174,19.11
2017-05-25,9993,10576,9952,10579,9062254,19.32
2017-05-26,10495,10661,10370,10412,5739946,19.34
2017-05-29,10493,10576,10159,10246,4459563,19.28
2017-05-30,10159,10493,10159,10246,3390966,19.29
2017-05-31,10243,10368,10159,10246,2698483,19.29
2017-06-01,10327,10577,10245,10412,2800514,19.29
2017-06-02,10577,10661,9869,10037,9370548,19.19
2017-06-05,10161,10245,9953,10163,3627970,19.38
2017-06-07,10037,10161,9952,10079,2324571,19.31
2017-06-08,10161,10203,9995,10121,2531807,19.33
2017-06-09,10119,10161,9952,10037,3564050,19.14
2017-06-12,9952,10326,9952,10246,3703975,19.41
2017-06-13,10326,10910,10284,10912,9548260,19.78
2017-06-14,11077,11368,11034,11203,9319389,19.85
2017-06-15,11242,11492,10992,11329,6147040,19.86
2017-06-16,11285,11370,11036,11079,3638165,19.89
2017-06-19,11036,11327,10911,11037,2796430,19.9
2017-06-20,11077,11077,10702,10912,3954172,20.14
2017-06-21,10826,10910,10535,10621,3850491,20.04
2017-06-22,10535,10576,10077,10287,5856585,20.12
2017-06-23,10244,10745,10244,10704,3815556,20.27
2017-06-26,10659,10659,10368,10537,2318853,20.21
2017-06-27,10452,10452,10159,10204,3715209,20.24
2017-06-28,10203,10370,10078,10079,2609131,20.18
2017-06-29,10161,10411,10161,10371,2382306,20.2
2017-06-30,10370,10411,10244,10371,1610963,20.14
2017-07-03,10493,10618,10368,10579,2680579,20.07
2017-07-04,10619,10745,10370,10371,2607961,20.02
2017-07-05,10411,10577,10244,10371,1890082,19.99
2017-07-06,10328,10454,10161,10163,1732396,20.0
2017-07-07,10243,10452,10160,10287,2077572,20.04
2017-07-10,10286,10370,9995,10079,2022066,20.01
2017-07-11,9994,10078,9661,9705,4643239,20.04
2017-07-12,9745,9995,9703,9746,1899796,20.04
2017-07-13,9910,10077,9827,9954,2649166,20.12
2017-07-14,10035,10077,9827,9913,1597880,20.11
2017-07-17,9910,10160,9910,9996,1732955,20.08
2017-07-18,9993,9993,9535,9579,4273994,19.79
2017-07-19,9495,9787,9495,9788,2390433,19.83
2017-07-20,9786,9951,9660,9954,2172785,20.03
2017-07-21,9995,10203,9911,10163,2358693,20.03
2017-07-24,10160,10243,9910,9954,1538082,19.98
2017-07-25,9868,10035,9827,9871,1338184,19.98
2017-07-26,9995,10078,9952,10079,1953118,19.99
2017-07-27,10120,10161,9995,10079,1537220,19.97
2017-07-28,10035,10035,9327,9579,5061954,19.7
2017-07-31,9536,9536,9243,9329,2498903,19.68
2017-08-01,9370,9744,9370,9705,2277790,19.8
2017-08-02,9702,9744,9536,9621,1252548,19.74
2017-08-03,9618,9702,9410,9538,1318075,19.7
2017-08-04,9535,9618,9452,9579,1002739,19.63
2017-08-07,9618,9786,9577,9621,1219422,19.68
2017-08-08,9618,9618,9285,9329,1935723,19.59
2017-08-09,9286,9412,9203,9371,1024184,19.52
2017-08-10,9371,9453,9037,9163,2360648,19.46
2017-08-11,8953,9078,8912,9080,1867425,19.48
2017-08-14,9119,9243,8993,8997,1081021,19.45
2017-08-16,8995,9121,8619,8746,4093573,19.38
2017-08-17,8662,8870,8662,8788,1939811,19.36
2017-08-18,8660,8703,8494,8622,2233875,19.31
2017-08-21,8535,8703,8535,8580,1460865,19.38
2017-08-22,8537,8787,8537,8705,1730978,19.36
2017-08-23,8828,9121,8787,9080,3428363,19.33
2017-08-24,9035,9078,8910,8954,1308630,19.3
2017-08-25,9035,9410,8993,9204,4510170,19.2
2017-08-28,9244,9453,9203,9371,2198274,19.21
2017-08-29,9369,9369,9161,9329,1484369,19.21
2017-08-30,9371,9412,9121,9121,1230484,19.15
2017-08-31,9119,9202,8910,8913,1766128,19.08
2017-09-01,8953,9121,8787,8830,2015123,19.03
2017-09-04,8537,8912,8537,8830,1712382,19.06
2017-09-05,8870,8953,8662,8705,1411696,18.96
2017-09-06,8746,8828,8412,8496,3046224,18.87
2017-09-07,8537,8662,8454,8496,2545613,18.87
2017-09-08,8535,8619,8453,8538,1962725,18.78
2017-09-11,8536,8661,8228,8280,4893005,18.62
2017-09-12,8328,8412,8195,8305,3618378,18.56
2017-09-13,8304,8371,8254,8255,2532998,18.72
2017-09-14,8269,8327,8219,8288,4521817,18.59
2017-09-15,8371,8828,8328,8830,6528421,18.57
2017-09-18,8869,8910,8703,8871,2534142,18.53
2017-09-19,8953,9412,8912,9163,6108456,18.58
2017-09-20,9245,9328,8953,9080,2604076,18.55
2017-09-21,9162,9286,8995,9121,2043584,18.41
2017-09-22,9162,9162,8662,8746,2951524,18.32
2017-09-25,8746,8828,8454,8496,1980507,18.3
2017-09-26,8577,9327,8536,9329,6440131,18.56
2017-09-27,9411,9452,9160,9288,3431728,18.5
2017-09-28,9244,9244,8994,9038,1922506,18.37
2017-09-29,9161,9577,9119,9329,3938637,18.3
2017-10-10,9537,9578,9037,9121,4007536,18.3
2017-10-11,9119,9618,9119,9621,4087791,18.34
2017-10-12,9620,9787,9495,9746,3165782,18.38
2017-10-13,9620,9870,9537,9829,3551891,18.39
2017-10-16,9785,9909,9659,9871,2351794,18.31
2017-10-17,9868,9868,9452,9538,3336468,18.32
2017-10-18,9495,9620,9453,9496,2115076,18.41
2017-10-19,9536,9868,9536,9663,3193012,18.35
2017-10-20,9661,9703,9371,9412,2475819,18.3
2017-10-23,9452,9493,9202,9204,2243564,18.34
2017-10-24,9243,9452,9243,9288,1725266,18.28
2017-10-25,9327,9369,9202,9247,1547111,18.25
2017-10-26,9202,9410,9202,9247,1503475,18.26
2017-10-27,9328,9787,9286,9746,4510249,18.6
2017-10-30,9787,9828,9537,9788,3160584,18.51
2017-10-31,9703,10079,9703,9829,3920399,18.42
2017-11-01,9744,9785,9577,9579,2904734,18.34
2017-11-02,9577,9702,9493,9579,2018055,18.35
2017-11-03,9660,10036,9660,9996,4931163,18.61
2017-11-06,10120,10286,9911,10163,4672838,18.59
2017-11-07,10286,10786,10203,10704,9350896,18.45
2017-11-08,10577,10827,10536,10704,6587471,18.54
2017-11-09,10786,11161,10745,11037,8174821,18.92
2017-11-10,10994,11078,10454,10495,5742597,19.2
2017-11-13,10576,10618,10118,10204,5639382,19.33
2017-11-14,10161,10411,10037,10412,4668282,19.39
2017-11-15,10286,10286,9994,10037,3764641,19.4
2017-11-16,10077,10284,9952,10246,2814737,19.42
2017-11-17,10243,10452,10077,10246,2438149,19.45
2017-11-20,10452,10493,10202,10246,2285103,19.38
2017-11-21,10243,10285,9910,9996,3588181,19.44
2017-11-22,10037,10495,9952,10412,4381196,19.63
2017-11-23,10619,10745,10411,10454,3697712,19.67
2017-11-24,10493,10576,10118,10246,3243370,19.58
2017-11-27,9787,9994,9619,9705,9827470,19.56
2017-11-28,9618,9993,9536,9954,5848105,19.77
2017-11-29,9951,10077,9868,9954,2889343,19.83
2017-11-30,10036,10160,9868,9954,4448216,19.87
2017-12-01,10035,10284,10035,10204,4419206,20.08
2017-12-04,10243,10326,10035,10246,3227805,20.12
2017-12-05,10245,10536,10161,10495,5403763,20.23
2017-12-06,8495,8578,7454,7464,50530551,19.19
2017-12-07,7221,7538,7079,7163,18468908,19.42
2017-12-08,7187,7212,6279,6364,29134629,18.39
2017-12-11,6362,6545,6212,6281,14759707,18.55
2017-12-12,6345,6445,6245,6281,8444816,18.41
2017-12-13,6272,6455,6255,6306,9666142,18.09
2017-12-14,6344,6370,6003,6014,13798957,18.02
2017-12-15,6003,6178,5995,6106,10025307,18.03
2017-12-18,6136,6145,5953,5964,6287315,17.79
2017-12-19,5954,6012,5813,5898,6637857,18.02
2017-12-20,5895,6061,5895,6005,5657048,17.71
2017-12-21,6044,6062,5938,5998,3307806,17.61
2017-12-22,6037,6053,5953,5998,2996258,17.53
2017-12-26,6012,6037,5961,5964,2548905,17.41
2017-12-27,5797,5872,5780,5831,5861512,17.32
2017-12-28,5853,6161,5828,6106,8296736,17.39
2018-01-02,6113,6396,6038,6373,6668256,17.24
2018-01-03,6378,6554,6262,6472,6767442,17.31
2018-01-04,6562,6953,6528,6805,13534670,17.86
2018-01-05,6812,7079,6788,6989,11497815,17.93
2018-01-08,7061,7078,6837,6955,4841271,17.99
2018-01-09,6954,6996,6821,6880,3120371,18.13
2018-01-10,6928,7536,6919,7439,13862074,18.35
2018-01-11,7521,7687,7287,7497,8092749,18.46
2018-01-12,7561,7686,7452,7539,5135270,18.4
2018-01-15,7587,7761,7521,7655,4913835,18.49
2018-01-16,7678,7752,7244,7522,7615464,18.42
2018-01-17,7478,7486,7161,7205,6934177,18.55
2018-01-18,7255,7345,7130,7214,3320063,18.69
2018-01-19,7180,7313,7130,7264,2795093,18.78
2018-01-22,7328,7353,7220,7247,2427130,18.83
2018-01-23,7271,7655,7255,7647,7612014,19.08
2018-01-24,7695,7703,7419,7480,4391204,18.83
2018-01-25,7578,8111,7478,8055,16218980,19.6
2018-01-26,8011,8129,7745,7897,8976241,19.53
2018-01-29,7503,8228,7503,8005,13343882,19.75
2018-01-30,8069,8293,7802,7871,7037453,19.79
2018-01-31,7837,7837,7554,7655,6385467,19.37
2018-02-01,7711,7944,7670,7805,4129682,19.33
2018-02-02,7869,7986,7819,7914,5144245,19.48
2018-02-05,7745,7978,7569,7664,5774654,19.45
2018-02-06,7419,7469,7120,7347,7308063,19.12
2018-02-07,7478,7487,7079,7081,5049369,18.9
2018-02-08,6994,7411,6870,7238,5082924,18.77
2018-02-09,7044,7452,7036,7347,4859310,18.81
2018-02-12,7345,7354,7071,7088,4043534,18.71
2018-02-13,7146,7221,7021,7022,2784321,18.6
2018-02-14,7019,7411,7019,7389,3246090,18.79
2018-02-19,7463,7729,7413,7647,3869218,18.85
2018-02-20,7653,7777,7452,7488,3063777,18.62
2018-02-21,7486,7544,7411,7480,2686745,18.52
2018-02-22,7428,7453,7328,7381,2178962,18.47
2018-02-23,7403,7536,7370,7397,3289689,18.44
2018-02-26,7494,7519,7270,7297,3808437,18.42
2018-02-27,7355,7379,7130,7163,3511494,18.35
2018-02-28,7154,7255,7112,7122,2967701,18.48
2018-03-02,7052,7069,6861,6872,4324767,18.42
2018-03-05,6902,6953,6845,6864,2495741,18.41
2018-03-06,6895,7171,6629,7088,15982355,17.58
2018-03-07,7315,7720,7078,7192,15076750,16.63
2018-03-08,7248,7862,7248,7825,9028660,16.74
2018-03-09,7852,8098,7607,7702,8271068,16.93
2018-03-12,7748,8287,7672,8278,8377280,17.7
2018-03-13,8183,8410,8126,8354,5143704,17.65
2018-03-14,8183,8296,7880,7957,5061991,17.33
2018-03-15,7937,8041,7776,7967,3493077,17.2
2018-03-16,7975,8041,7862,7967,2336285,17.19
2018-03-19,8022,8022,7692,7722,4011729,17.07
2018-03-20,7720,8060,7720,7882,5652567,16.97
2018-03-21,7937,7984,7824,7882,3749067,16.89
2018-03-22,7880,8079,7824,7863,4518580,16.76
2018-03-23,7683,7776,7560,7570,5748926,16.43
2018-03-26,7551,7664,7220,7410,6875869,15.85
2018-03-27,7465,7824,7352,7618,8157473,15.52
2018-03-28,7616,7805,7465,7523,5309400,15.43
2018-03-29,7607,7635,7371,7438,4316768,15.45
2018-03-30,7456,7493,7211,7287,7632355,15.28
2018-04-02,7286,7296,7069,7155,7162605,15.63
2018-04-03,7060,7173,7012,7117,3339007,15.72
2018-04-04,7135,7296,7012,7032,4400366,15.96
2018-04-05,7107,7409,7107,7324,5701231,16.16
2018-04-06,7380,7512,7211,7400,5508905,15.8
2018-04-09,7456,7834,7267,7759,8879386,16.1
2018-04-10,7692,7720,7276,7315,8168161,15.79
2018-04-11,7324,7409,7276,7324,3455359,16.04
2018-04-12,7419,7588,7220,7306,6824043,15.72
2018-04-13,7352,7419,7248,7249,3304125,15.7
2018-04-16,7257,7305,7012,7079,5406965,15.74
2018-04-17,7107,7116,6937,6938,3589724,15.91
2018-04-18,6937,7088,6880,6928,4262692,15.99
2018-04-19,6984,7088,6946,7079,3409930,16.15
2018-04-20,7097,7144,6975,7108,1922735,16.26
2018-04-23,7041,7144,7031,7108,2019855,16.31
2018-04-24,7125,7201,7031,7136,2437395,16.45
2018-04-25,7116,7135,6965,7004,3104188,16.24
2018-04-26,7031,7267,6984,7240,4170844,16.43
2018-04-27,7220,7286,6993,7013,4008994,16.27
2018-04-30,7003,7031,6861,6938,4160419,16.27
2018-05-02,6889,7031,6842,6947,3409049,16.28
2018-05-03,6946,7003,6776,6853,2964134,16.83
2018-05-04,6785,7107,6710,7004,7773482,17.16
2018-05-08,7116,7484,7097,7400,13964335,17.88
2018-05-09,7361,7437,7257,7278,4974857,17.87
2018-05-10,7380,7644,7352,7532,8012145,17.97
2018-05-11,7626,7776,7522,7542,10330154,18.09
2018-05-14,7597,7607,7428,7523,4004341,18.09
2018-05-15,7522,7522,7276,7306,4572797,17.88
2018-05-16,7229,7343,7164,7231,3389298,17.79
2018-05-17,7286,7428,7192,7192,4325287,17.72
2018-05-18,7248,7465,7248,7457,4327626,17.93
2018-05-21,7579,7635,7484,7504,4040172,17.93
2018-05-23,7551,7551,7371,7419,2946021,17.74
2018-05-24,7475,7588,7419,7495,2964222,17.8
2018-05-25,7419,7419,7296,7343,3626896,17.74
2018-05-28,7296,7315,6946,7013,10128762,17.5
2018-05-29,7031,7050,6908,6985,3790472,17.51
2018-05-30,6937,6975,6852,6891,4016983,17.19
2018-05-31,6984,7173,6956,7070,6765638,17.33
2018-06-01,7107,7116,6937,7051,2963674,17.24
2018-06-04,7060,7211,6993,7174,2718902,17.3
2018-06-05,7192,7201,7031,7146,2080544,17.26
2018-06-07,7173,7248,7135,7202,2549993,17.29
2018-06-08,7267,7267,7050,7088,2402632,17.28
2018-06-11,7050,7164,7041,7108,2334477,17.3
2018-06-12,7088,7153,7050,7117,2493095,17.28
2018-06-14,7144,7144,6946,6995,5086072,17.07
2018-06-15,7031,7050,6908,6909,3282220,17.05
2018-06-18,6918,6965,6682,6740,6066643,16.98
2018-06-19,6748,6814,6521,6541,4219378,16.98
2018-06-20,6502,6710,6484,6645,3229406,16.89
2018-06-21,6616,6673,6550,6569,2478519,16.87
2018-06-22,6531,6842,6531,6834,3723750,17.02
2018-06-25,6852,7097,6842,6956,3990644,17.02
2018-06-26,6842,7021,6833,6947,2038626,16.98
2018-06-27,6965,7078,6757,6768,3193948,16.9
2018-06-28,6776,7012,6767,6872,3218547,16.95
2018-06-29,6975,6975,6710,6740,2931892,16.83
2018-07-02,6757,6833,6625,6627,2392247,16.88
2018-07-03,6634,6701,6456,6560,3356679,16.79
2018-07-04,6465,6653,6465,6569,1826642,16.85
2018-07-05,6578,6597,6484,6551,1780834,16.78
2018-07-06,6588,6842,6550,6627,3986719,16.77
2018-07-09,6625,6634,6465,6513,2717140,16.76
2018-07-10,6540,6569,6398,6428,4082634,16.67
2018-07-11,6389,6389,6191,6249,4254294,16.65
2018-07-12,6248,6285,6021,6022,5988250,16.69
2018-07-13,6069,6116,6002,6060,3241698,16.61
2018-07-16,6040,6182,5993,6088,2530369,16.69
2018-07-17,6078,6106,5927,5984,3476311,16.58
2018-07-18,6012,6021,5861,5872,2395739,16.57
2018-07-19,5851,5870,5729,5749,2886833,16.62
2018-07-20,5729,5851,5719,5852,2113973,16.6
2018-07-23,5870,6021,5870,5946,3220883,16.62
2018-07-24,5898,5908,5597,5805,6616855,16.48
2018-07-25,5805,5927,5766,5814,2297943,16.62
2018-07-26,5870,6078,5785,5956,3770043,16.6
2018-07-27,6030,6116,5965,6088,2227488,16.62
2018-07-30,6097,6162,6002,6136,1688720,16.64
2018-07-31,6162,6210,6078,6107,2004880,16.64
2018-08-01,6153,6162,6040,6060,2092713,16.61
2018-08-02,6059,6162,5965,6004,1752834,16.64
2018-08-03,6012,6182,6002,6173,2309759,16.69
2018-08-06,6144,6276,6087,6249,2185718,16.71
2018-08-07,6238,6257,6125,6220,1678409,16.7
2018-08-08,6238,6266,6173,6249,1135902,16.76
2018-08-09,6248,6266,6144,6201,1624517,16.72
2018-08-10,6182,6257,6162,6220,1146535,16.77
2018-08-13,6182,6201,5993,6041,2029936,16.75
2018-08-14,6040,6323,6040,6305,3614496,16.98
2018-08-16,6220,6314,6134,6211,2344896,17.17
2018-08-17,6257,6342,6173,6249,1621969,17.13
2018-08-20,6294,6634,6285,6598,7634304,17.47
2018-08-21,6616,6692,6493,6636,3508610,17.46
2018-08-22,6673,6908,6625,6731,4845597,17.55
2018-08-23,6814,6871,6644,6731,2529337,17.57
2018-08-24,6710,6720,6540,6608,2739960,17.55
2018-08-27,6606,6625,6531,6608,2396669,17.55
2018-08-28,6606,6824,6606,6711,3145004,17.69
2018-08-29,6738,6785,6692,6749,2290421,17.6
2018-08-30,6748,6824,6729,6731,1855506,17.63
2018-08-31,6692,6757,6625,6683,5299283,17.71
2018-09-03,6673,6842,6653,6824,2584735,17.72
2018-09-04,6824,6880,6748,6796,2021598,17.76
2018-09-05,6814,7125,6814,7004,5501828,17.85
2018-09-06,7041,7135,7003,7051,3214803,17.84
2018-09-07,7097,7153,6993,7088,2170868,17.87
2018-09-10,7050,7116,6975,7117,1571545,17.88
2018-09-11,7078,7135,7050,7088,1474607,17.74
2018-09-12,7125,7248,7116,7240,2860578,17.8
2018-09-13,7267,7447,7257,7372,3948262,17.86
2018-09-14,7399,7475,7315,7438,2748258,17.93
2018-09-17,7437,7522,7361,7514,2543826,17.95
2018-09-18,7465,7626,7437,7618,3256924,18.06
2018-09-19,7644,7644,7419,7428,3430085,18.17
2018-09-20,7437,7522,7315,7438,4389777,18.12
2018-09-21,7503,7569,7343,7410,2854173,18.05
2018-09-27,7456,7551,7324,7551,3991519,18.08
2018-09-28,7579,7626,7475,7627,3295651,18.03
2018-10-01,7644,7720,7597,7646,2415560,18.05
2018-10-02,7644,7947,7607,7787,6349599,18.16
2018-10-04,7862,7975,7748,7901,5051993,18.19
2018-10-05,7852,7937,7597,7646,3939201,18.14
2018-10-08,7655,7664,7097,7117,6179070,18.11
2018-10-10,7125,7192,6928,7127,4647979,18.11
2018-10-11,6861,7069,6824,6843,4071138,18.16
2018-10-12,6842,6993,6776,6928,3087393,18.1
2018-10-15,6928,7144,6908,6975,2561951,18.0
2018-10-16,7031,7116,6805,7060,2265905,18.02
2018-10-17,7173,7248,6889,7032,2700231,18.03
2018-10-18,6993,7031,6814,6900,2354041,18.02
2018-10-19,6833,6871,6625,6853,2835147,18.09
2018-10-22,6814,6880,6720,6805,1455307,18.09
2018-10-23,6785,6852,6588,6636,2139573,18.1
2018-10-24,6682,6682,6417,6456,3156825,18.03
2018-10-25,6144,6560,6144,6560,3021148,18.03
2018-10-26,6588,6625,6257,6362,2372666,17.98
2018-10-29,6229,6625,6229,6352,3736349,17.95
2018-10-30,6276,6512,6266,6409,2156800,17.93
2018-10-31,6417,6616,6323,6569,2318054,17.98
2018-11-01,6417,6427,5927,5994,11750250,17.37
2018-11-02,6059,6294,6030,6268,4155229,17.59
2018-11-05,6182,6333,6097,6277,2942499,17.59
2018-11-06,6323,6644,6294,6513,4689155,17.64
2018-11-07,6597,6748,6389,6419,3847286,17.62
2018-11-08,6606,6880,6560,6787,4680138,17.7
2018-11-09,6805,6852,6521,6787,4015397,17.64
2018-11-12,6701,7125,6663,7032,4076948,17.65
2018-11-13,6889,7069,6776,7013,3279922,17.69
2018-11-14,6871,6899,6625,6711,4617787,17.49
2018-11-15,6720,6908,6720,6777,2092677,17.53
2018-11-16,6805,7192,6805,7174,5590245,17.69
2018-11-19,7220,7352,7125,7220,3248632,17.73
2018-11-20,7182,7399,7097,7334,3918328,17.81
2018-11-21,7267,7352,7107,7287,3152953,17.83
2018-11-22,7352,7352,7078,7202,2946559,17.95
2018-11-23,7248,7257,7135,7174,1703605,17.96
2018-11-26,7173,7201,6871,7023,4199633,17.83
2018-11-27,7041,7088,6889,7013,3399877,17.88
2018-11-28,7031,7050,6928,7013,3141655,17.89
2018-11-29,7107,7116,6984,7032,2395211,17.88
2018-11-30,7041,7125,6984,7004,2676844,17.89
2018-12-03,7078,7257,7031,7231,3461922,17.88
2018-12-04,7257,7343,7182,7268,2818300,17.94
2018-12-05,7135,7296,7078,7287,2090890,17.92
2018-12-06,7267,7276,7012,7060,2310390,17.84
2018-12-07,7116,7135,6975,6995,2532487,17.76
2018-12-10,6928,7116,6908,7032,2123816,17.74
2018-12-11,7041,7078,6937,6985,1481529,17.67
2018-12-12,7031,7144,6965,7108,2367323,17.69
2018-12-13,7153,7701,7116,7655,12717534,18.09
2018-12-14,7673,7842,7626,7693,8483791,18.04
2018-12-17,7711,7787,7597,7646,2976774,17.96
2018-12-18,7569,7579,7399,7457,3673609,17.8
2018-12-19,7437,7437,7135,7278,4313132,17.68
2018-12-20,7239,7333,7135,7220,2937831,17.67
2018-12-21,7144,7192,6975,7192,4003952,17.55
2018-12-24,7097,7229,7031,7117,2406397,17.55
2018-12-26,6946,7003,6682,6740,4860505,17.34
2018-12-27,6918,7107,6861,7023,3373746,17.38
2018-12-28,7031,7088,6965,6995,1525736,17.36
2019-01-02,7050,7116,6748,6834,2507004,17.36
2019-01-03,6842,7164,6842,7079,3254870,17.39
2019-01-04,7078,7333,7003,7315,4062230,17.34
2019-01-07,7419,7484,7257,7287,2735504,17.46
2019-01-08,7324,7333,7003,7042,2829941,17.36
2019-01-09,7107,7201,6956,6985,4022451,17.35
2019-01-10,7060,7182,6956,6995,3622315,17.37
2019-01-11,7069,7153,7003,7042,2890237,17.44
2019-01-14,7041,7078,6993,7032,1634104,17.46
2019-01-15,7069,7173,7041,7155,3201954,17.53
2019-01-16,7173,7192,7060,7079,2128621,17.5
2019-01-17,7116,7192,7060,7070,2498132,17.52
2019-01-18,7144,7182,7078,7183,2307879,17.62
2019-01-21,7229,7635,7229,7523,7308943,17.87
2019-01-22,7541,7597,7409,7438,2693376,17.87
2019-01-23,7371,7465,7305,7457,2399763,17.85
2019-01-24,7475,7493,7380,7438,2414492,17.89
2019-01-25,7419,7607,7399,7542,3825682,17.89
2019-01-28,7664,8022,7653,7919,12634513,18.46
2019-01-29,8051,8164,7919,8079,10199100,18.52
2019-01-30,8135,8211,8022,8212,6044072,18.65
2019-01-31,8702,8891,8428,8590,23921614,19.03
2019-02-01,8532,8542,8258,8373,8501428,19.04
2019-02-07,8400,8447,7975,8108,8228999,18.92
2019-02-08,8041,8174,7928,7995,4728148,18.92
2019-02-11,8003,8107,7871,8079,3942300,18.81
2019-02-12,8060,8410,8012,8316,6796970,18.7
2019-02-13,8362,8371,8164,8193,2895938,18.59
2019-02-14,8202,8287,7890,8127,6030192,18.52
2019-02-15,8098,8381,8098,8269,4493973,18.52
2019-02-18,8334,8352,8155,8335,3369100,18.48
2019-02-19,8334,8419,8258,8278,2155239,18.42
2019-02-20,8296,8494,8230,8486,4030347,18.42
2019-02-21,8485,8843,8410,8788,10072090,18.45
2019-02-22,8853,8871,8721,8778,3733187,18.43
2019-02-25,8834,8957,8815,8920,4173337,18.5
2019-02-26,8900,8900,8626,8627,4258007,18.52
2019-02-27,8617,8778,8589,8722,2107583,18.57
2019-02-28,8758,8834,8598,8646,3151346,18.58
2019-03-04,8683,8825,8579,8646,3350038,18.5
2019-03-05,8589,8664,8542,8646,2142087,18.6
2019-03-06,8598,8739,8513,8674,2535241,18.65
2019-03-07,8626,8674,8400,8429,3066714,18.62
2019-03-08,8362,8419,8164,8212,3952775,18.68
2019-03-11,8202,8475,8126,8438,2941356,18.7
2019-03-12,8532,8626,8371,8429,2469590,18.58
2019-03-13,8485,8635,8410,8580,3516660,18.84
2019-03-14,8626,8674,8513,8656,3807646,19.02
2019-03-15,8655,8787,8626,8656,3797426,19.02
2019-03-18,8693,8693,8523,8552,2352850,18.97
2019-03-19,8589,8674,8560,8609,1806995,19.01
2019-03-20,8532,8617,8371,8448,2542724,19.03
2019-03-21,8371,8523,8324,8354,1997614,19.06
2019-03-22,8315,8447,8192,8250,2653255,19.13
2019-03-25,8155,8324,7956,7995,3778834,19.17
2019-03-26,8116,8155,8022,8051,2596656,19.24
2019-03-27,8107,8107,7909,7938,2333805,19.27
2019-03-28,7843,7843,7560,7627,5406513,19.41
2019-03-29,7711,7815,7635,7797,2022442,19.44
2019-04-01,7852,8060,7815,8005,2580376,19.36
2019-04-02,8107,8135,7966,8033,2054537,19.39
2019-04-03,7956,8079,7928,8042,1562239,19.4
2019-04-04,8088,8088,7975,7986,1844971,19.55
2019-04-05,7994,8220,7994,8193,3125568,19.6
2019-04-08,8258,8306,8070,8108,2105034,19.67
2019-04-09,8155,8343,8070,8297,3568187,19.73
2019-04-10,8296,8324,8211,8306,1954922,19.78
2019-04-11,8324,8466,8306,8429,4288156,19.88
2019-04-12,8447,8485,8352,8477,2670580,20.0
2019-04-15,8466,8466,8248,8306,2785258,20.04
2019-04-16,8267,8381,8164,8335,2442508,20.09
2019-04-17,8334,8334,8183,8241,2562726,20.16
2019-04-18,8248,8352,8022,8051,3075994,20.17
2019-04-19,8070,8107,7919,7947,2946430,20.14
2019-04-22,7947,7956,7767,7854,3626869,20.19
2019-04-23,8258,8343,7843,7863,12206405,19.78
2019-04-24,7879,7890,7655,7693,6326991,19.86
2019-04-25,7739,7748,7644,7683,2633243,19.78
2019-04-26,7644,7834,7644,7806,2858740,19.84
2019-04-29,7862,7919,7739,7919,2315573,19.82
2019-04-30,7947,7956,7739,7759,4057026,19.69
2019-05-02,7730,8155,7607,8042,7489706,19.83
2019-05-03,8051,8164,7966,8061,4638283,19.91
2019-05-07,7787,7899,7664,7863,14111770,20.1
2019-05-08,7776,7909,7701,7778,4046730,20.1
2019-05-09,7787,7834,7569,7570,6045318,19.94
2019-05-10,7579,7701,7551,7655,3904726,19.87
2019-05-13,7635,7683,7361,7382,4437712,19.81
2019-05-14,7286,7475,7211,7372,3277861,19.84
2019-05-15,7409,7493,7352,7495,2979863,19.88
2019-05-16,7465,7484,7286,7334,2838161,19.83
2019-05-17,6984,7380,6937,7220,5465514,19.93
2019-05-20,7239,7315,7060,7127,2904263,19.98
2019-05-21,7135,7267,7097,7202,2602659,20.03
2019-05-22,7220,7267,7144,7192,1793898,20.05
2019-05-23,7173,7305,7088,7268,2807148,20.03
2019-05-24,7201,7276,7107,7174,1666696,20.04
2019-05-27,7173,7239,7107,7192,1487960,19.99
2019-05-28,7201,7229,7135,7174,2216047,19.92
2019-05-29,7164,7201,7003,7060,2141653,19.89
2019-05-30,7060,7164,7031,7127,1743546,19.85
2019-05-31,7116,7437,7050,7410,3929501,19.9
2019-06-03,7409,7409,7267,7363,1968759,19.93
2019-06-04,7409,7484,7333,7363,1931731,19.92
2019-06-05,7475,7484,7371,7382,1522225,19.82
2019-06-07,7371,7389,7173,7343,2666931,19.8
2019-06-10,7389,7419,7248,7363,2062390,19.87
2019-06-11,7361,7371,7296,7363,1472435,19.84
2019-06-12,7389,7522,7361,7495,2688229,19.89
2019-06-13,7484,7579,7437,7532,2564642,19.94
2019-06-14,7551,7579,7475,7532,1935824,19.96
2019-06-17,7532,7560,7475,7514,1471234,19.95
2019-06-18,7493,7579,7484,7504,1624036,19.89
2019-06-19,7551,7597,7522,7570,1899300,19.98
2019-06-20,7588,7616,7541,7589,1184662,20.02
2019-06-21,7644,7767,7635,7722,4534833,20.1
2019-06-24,7758,7767,7626,7664,1977054,20.1
2019-06-25,7720,7767,7673,7740,2420027,20.13
2019-06-26,7739,7834,7664,7693,2039944,20.12
2019-06-27,7683,7739,7644,7711,1505906,20.11
2019-06-28,7739,7787,7683,7702,1551663,20.13
2019-07-01,7730,7776,7673,7711,1686006,20.16
2019-07-02,7692,7767,7692,7759,1335591,20.15
2019-07-03,7767,7767,7503,7504,3144866,20.11
2019-07-04,7512,7607,7475,7589,1385165,20.17
2019-07-05,7588,7635,7522,7618,1053883,20.15
2019-07-08,7551,7635,7315,7315,2395684,20.1
2019-07-09,7286,7352,7144,7146,2403901,20.09
2019-07-10,7125,7211,7125,7174,1504897,20.07
2019-07-11,7192,7343,7192,7249,2418021,20.06
2019-07-12,7286,7380,7257,7334,1167991,20.0
2019-07-15,7352,7419,7248,7268,1430530,19.95
2019-07-16,7267,7352,7248,7249,1060069,19.93
2019-07-17,7220,7267,7153,7202,1198499,19.96
2019-07-18,7164,7229,7144,7164,1018353,19.95
2019-07-19,7107,7371,7107,7287,1507307,19.94
2019-07-22,7248,7315,7192,7192,1078282,19.91
2019-07-23,7220,7239,7144,7183,1356241,19.85
2019-07-24,7173,7239,7164,7183,1206545,19.81
2019-07-25,7153,7182,6644,6787,5783402,19.56
2019-07-26,6701,6824,6653,6692,1996222,19.69
2019-07-29,6692,6748,6456,6711,3733449,19.68
2019-07-30,6701,6738,6531,6560,2519841,19.64
2019-07-31,6531,6720,6531,6673,1724878,19.68
2019-08-01,6653,6852,6588,6692,2232079,19.7
2019-08-02,6616,6644,6484,6541,2435144,19.62
2019-08-05,6540,6578,6201,6305,3321400,19.67
2019-08-06,6021,6370,6021,6287,3843728,19.7
2019-08-07,6248,6342,6153,6154,2356122,19.63
2019-08-08,6210,6314,6191,6240,2153210,19.59
2019-08-09,6305,6437,6229,6343,2150529,19.6
2019-08-12,6389,6456,6333,6419,1512806,19.61
2019-08-13,6389,6446,6333,6390,1386770,19.6
2019-08-14,6484,6484,6370,6381,1158279,19.61
2019-08-16,6305,6437,6294,6400,1488400,19.66
2019-08-19,6427,6918,6427,6853,4942770,19.66
2019-08-20,6937,7248,6928,7174,6319121,19.79
2019-08-21,7116,7201,7060,7136,2647127,19.76
2019-08-22,7173,7182,6984,7032,2765450,19.74
2019-08-23,7003,7164,6975,7060,2697126,19.66
2019-08-26,6937,7003,6833,6947,2398789,19.74
2019-08-27,6993,7012,6767,6805,3111813,19.68
2019-08-28,6814,6871,6625,6731,3064285,19.52
2019-08-29,6757,6785,6663,6720,1642235,19.49
2019-08-30,6785,7333,6785,7315,6655384,19.67
2019-09-02,7257,7286,7144,7220,2616084,19.57
2019-09-03,7211,7389,7182,7211,2962581,19.43
2019-09-04,7211,7371,7135,7372,2975273,19.37
2019-09-05,7428,7465,7324,7363,3334991,19.31
2019-09-06,7437,7692,7428,7476,5104109,19.23
2019-09-09,7597,7673,7560,7618,3952780,19.29
2019-09-10,7616,7683,7588,7646,2105071,19.21
2019-09-11,7664,7711,7626,7683,3012938,19.2
2019-09-16,7834,7994,7824,7957,7026517,19.3
2019-09-17,7956,7956,7834,7957,2622550,19.38
2019-09-18,7956,7956,7711,7778,2971466,19.35
2019-09-19,7748,7871,7729,7768,1710441,19.35
2019-09-20,7758,7834,7739,7806,1761260,19.33
2019-09-23,7767,7909,7748,7901,1879619,19.37
2019-09-24,7834,7843,7588,7646,7075094,19.63
2019-09-25,7551,7616,7456,7514,3194408,19.71
2019-09-26,7626,7635,7465,7532,2123950,19.68
2019-09-27,7532,7532,7296,7353,2362470,19.67
2019-09-30,7296,7465,7296,7438,1863082,19.67
2019-10-01,7428,7569,7361,7466,2276571,19.62
2019-10-02,7371,7493,7315,7334,1416471,19.64
2019-10-04,7324,7333,7192,7211,1817059,19.62
2019-10-07,7257,7380,7153,7334,1770708,19.62
2019-10-08,7333,7626,7286,7542,3797837,19.54
2019-10-10,7569,7692,7447,7532,4161655,19.44
2019-10-11,7626,7739,7512,7514,2851723,19.53
2019-10-14,7644,7711,7616,7683,3721830,19.66
2019-10-15,7683,7683,7569,7608,2244276,19.75
2019-10-16,7683,7692,7569,7618,2010308,19.84
2019-10-17,7626,7626,7437,7476,3443023,19.92
2019-10-18,7465,7522,7343,7382,2002835,19.97
2019-10-21,7361,7409,7267,7278,1718008,19.87
2019-10-22,7315,7532,7296,7514,2409065,19.91
2019-10-23,7522,7522,7352,7400,1247934,19.9
2019-10-24,7380,7512,7371,7382,1448598,19.89
2019-10-25,7399,7437,7296,7353,1540784,19.9
2019-10-28,7333,7409,7305,7334,1613455,19.92
2019-10-29,7361,7409,7239,7268,2241381,19.95
2019-10-30,7324,7324,6701,6843,6163460,19.91
2019-10-31,6889,6908,6748,6843,3805959,19.84
2019-11-01,6824,6918,6776,6805,1795144,19.84
2019-11-04,6785,6871,6748,6872,3019056,19.62
2019-11-05,6871,7021,6852,6928,2489193,19.67
2019-11-06,6937,6946,6805,6815,2867489,19.57
2019-11-07,6776,6918,6767,6853,1887098,19.59
2019-11-08,6880,6908,6805,6863,2180935,19.6
2019-11-11,6814,6824,6578,6683,6197040,19.35
2019-11-12,6701,6757,6663,6720,2274261,19.42
2019-11-13,6710,6710,6625,6627,2403480,19.36
2019-11-14,6625,6701,6625,6636,2066283,19.3
2019-11-15,6634,6701,6569,6617,3319973,19.21
2019-11-18,6644,6644,6569,6579,2130143,19.17
2019-11-19,6578,6597,6446,6485,3968509,19.12
2019-11-20,6446,6474,6342,6400,3330393,19.04
2019-11-21,6389,6427,6257,6296,3579799,18.99
2019-11-22,6238,6285,6162,6249,3482828,18.8
2019-11-25,6201,6560,6191,6523,5791642,18.51
2019-11-26,6588,6729,6569,6588,4793784,18.5
2019-11-27,6644,6682,6550,6551,1782008,18.51
2019-11-28,6531,6644,6484,6645,2075590,18.5
2019-11-29,6701,6720,6531,6569,2041961,18.46
2019-12-02,6578,6606,6465,6494,2093996,18.44
2019-12-03,6380,6531,6380,6456,1841638,18.86
2019-12-04,6446,6456,6370,6409,1717676,18.7
2019-12-05,6408,6493,6294,6315,2675229,18.67
2019-12-06,6361,6560,6361,6541,2223739,18.69
2019-12-09,6540,6616,6512,6551,1804208,18.86
2019-12-10,6588,6597,6512,6569,1028407,18.85
2019-12-11,6616,6701,6597,6692,2238069,18.72
2019-12-12,6729,6748,6673,6720,2890101,18.69
2019-12-13,6757,6785,6682,6749,2088918,18.67
2019-12-16,6785,6785,6644,6740,2210411,18.75
2019-12-17,6738,6748,6673,6731,1654812,18.72
2019-12-18,6738,6824,6738,6759,1995153,18.74
2019-12-19,6738,6757,6701,6711,1607097,18.72
2019-12-20,6757,6767,6673,6731,2343053,18.73
2019-12-23,6748,6796,6729,6768,1719443,18.8
2019-12-24,6767,6776,6701,6711,1683581,18.76
2019-12-26,6720,6720,6616,6636,2087850,18.75
2019-12-27,6673,6785,6634,6787,2097343,18.8
2019-12-30,6796,6880,6776,6863,2229975,18.81
2020-01-02,6861,6871,6785,6815,1723307,18.77
2020-01-03,6871,6937,6814,6834,2649662,18.8
2020-01-06,6785,6861,6729,6768,2124672,18.82
2020-01-07,6796,6833,6767,6768,1381051,18.79
2020-01-08,6738,6748,6512,6541,4107815,18.8
2020-01-09,6663,6729,6625,6731,2403232,18.92
2020-01-10,6785,7069,6757,7032,6115570,19.09
2020-01-13,7078,7144,6993,7051,2714884,19.05
2020-01-14,7078,7097,6984,6995,2831867,19.06
2020-01-15,6993,7125,6937,7070,2569904,19.11
2020-01-16,7116,7125,6975,6985,2670373,18.98
2020-01-17,7021,7153,6975,6995,2946529,18.99
2020-01-20,7041,7078,6937,6938,2189773,18.96
2020-01-21,6946,6984,6842,6863,1834855,18.98
2020-01-22,6880,6928,6852,6909,1285297,18.98
2020-01-23,6852,6889,6748,6759,2379774,18.93
2020-01-28,6474,6578,6465,6513,4498409,18.74
2020-01-29,6531,6560,6465,6475,2669085,18.7
2020-01-30,6484,6560,6361,6409,2657672,18.62
2020-01-31,6408,6465,6276,6277,2803150,18.52
2020-02-03,6134,6238,6078,6211,3606409,18.58
2020-02-04,6210,6210,6097,6154,5407508,18.39
2020-02-05,6210,6210,6040,6060,4362755,18.41
2020-02-06,6116,6493,6106,6465,7406421,18.52
2020-02-07,6437,6550,6257,6305,4159674,18.5
2020-02-10,6257,6370,6201,6352,2584734,18.48
2020-02-11,6370,6437,6342,6381,2107565,18.46
2020-02-12,6437,6502,6361,6428,2995300,18.46
2020-02-13,6446,6456,6294,6305,3077646,18.43
2020-02-14,6314,6352,6257,6287,1865993,18.43
2020-02-17,6248,6333,6248,6268,1735780,18.42
2020-02-18,6257,6333,6257,6287,1598612,18.43
2020-02-19,6333,6352,6191,6211,1913543,18.43
2020-02-20,6257,6314,6173,6173,1960114,18.42
2020-02-21,6125,6153,6040,6041,2536264,18.4
2020-02-24,5833,5889,5682,5710,4586481,18.34
2020-02-25,5701,5823,5701,5814,3082860,18.37
2020-02-26,5701,5898,5682,5833,2652557,18.4
2020-02-27,5785,5833,5710,5749,2318359,18.36
2020-02-28,5662,5672,5474,5503,4615797,18.34
2020-03-02,5493,5597,5474,5569,3044507,18.33
2020-03-03,5701,5757,5559,5569,3080294,18.33
2020-03-04,5521,5710,5521,5664,3040969,18.31
2020-03-05,5738,5889,5682,5872,3122519,18.37
2020-03-06,5757,5823,5701,5758,2201565,18.39
2020-03-09,5549,5549,5002,5059,14600389,18.0
2020-03-10,4955,5275,4946,5116,7844768,18.4
2020-03-11,5153,5314,5058,5116,5696359,18.59
2020-03-12,5049,5068,4657,4701,9927230,18.31
2020-03-13,4143,4332,3841,4110,19171433,18.02
2020-03-16,4124,4233,3879,3884,8570919,18.08
2020-03-17,3576,3930,3571,3879,8319404,18.26
2020-03-18,3902,3949,3586,3596,7776510,18.16
2020-03-19,3643,3746,3034,3133,12826967,18.16
2020-03-20,3189,3317,3024,3285,12220719,18.1
2020-03-23,2948,3062,2897,2940,7840381,17.97
2020-03-24,3029,3189,2958,3191,8450378,17.99
2020-03-25,3312,3860,3307,3634,18869962,17.77
2020-03-26,3591,3714,3534,3606,12208764,17.56
2020-03-27,3793,3807,3416,3563,12042564,16.9
2020-03-30,3397,3633,3331,3573,6297755,16.85
2020-03-31,3643,3709,3576,3681,7568632,16.92
2020-04-01,3638,3930,3576,3615,10106396,16.91
2020-04-02,3614,3821,3501,3823,6515662,16.9
2020-04-03,4011,4096,3756,3823,10064151,16.66
2020-04-06,3864,4001,3817,3997,8038148,16.68
2020-04-07,4096,4133,3939,4040,7454210,16.62
2020-04-08,4011,4039,3949,3964,5665933,16.61
2020-04-09,4053,4110,4020,4106,6991219,16.6
2020-04-10,4105,4388,4048,4247,11160634,16.46
2020-04-13,4200,4247,4039,4040,7150572,16.33
2020-04-14,4067,4185,4048,4154,6412480,16.4
2020-04-16,4105,4110,3968,4031,7158913,16.26
2020-04-17,4091,4166,4077,4092,7189191,16.34
2020-04-20,4105,4138,4067,4078,5811112,16.24
2020-04-21,3987,4006,3821,3927,9069255,16.01
2020-04-22,3855,3973,3803,3960,7508476,15.99
2020-04-23,4053,4194,3997,4002,10912193,15.86
2020-04-24,4048,4077,3893,3936,5429723,15.81
2020-04-27,3992,4034,3939,3941,4856244,15.8
2020-04-28,3907,3921,3832,3860,6265971,15.66
2020-04-29,3874,4082,3869,4045,10651942,15.89
2020-05-04,3973,3992,3925,3932,4702831,15.67
2020-05-06,4020,4091,3978,4026,5788155,15.71
2020-05-07,4020,4053,3983,4021,2921582,15.66
2020-05-08,4048,4077,4011,4021,4510372,15.72
2020-05-11,4034,4043,3949,3964,4067192,15.67
2020-05-12,3944,3954,3841,3870,4031962,15.63
2020-05-13,3803,3874,3784,3874,2739608,15.68
2020-05-14,3841,3893,3784,3894,4003205,15.6
2020-05-15,3907,3911,3821,3879,3322243,15.71
2020-05-18,3897,3897,3807,3823,3040498,15.68
2020-05-19,3916,4048,3907,4011,7936356,16.05
2020-05-20,4011,4072,3959,4017,4692461,16.1
2020-05-21,4067,4087,4011,4064,4471747,16.16
2020-05-22,4077,4091,3897,3903,4717339,15.93
2020-05-25,4006,4171,3978,4096,9213982,16.11
2020-05-26,4190,4214,4110,4134,7302734,16.03
2020-05-27,4124,4756,4115,4611,49098399,15.99
2020-05-28,4690,4784,4337,4441,18054968,15.84
2020-05-29,4402,4662,4341,4545,12364622,15.93
2020-06-01,4497,4709,4497,4701,9714949,16.0
2020-06-02,5625,5993,5398,5560,68963471,15.55
2020-06-03,5833,6578,5785,6579,118886609,15.58
2020-06-04,6908,7484,6370,6513,96115343,15.33
2020-06-05,6540,6682,6097,6352,51269202,14.92
2020-06-08,6540,6757,6398,6598,57752635,14.97
2020-06-09,6625,6729,6342,6409,26726897,15.01
2020-06-10,6427,6682,6248,6485,37287286,15.0
2020-06-11,6653,6692,6398,6541,20842289,15.03
2020-06-12,6173,6398,6162,6333,15200853,15.08
2020-06-15,6266,6305,5682,5710,20909891,15.2
2020-06-16,5927,6116,5861,6050,13632525,15.25
2020-06-17,5946,6531,5937,6107,26404579,14.99
2020-06-18,6191,6361,6144,6164,13858093,15.09
2020-06-19,6276,6285,6050,6079,9268113,15.08
2020-06-22,6040,6069,5870,5918,8386150,15.12
2020-06-23,6002,6012,5701,5739,9563895,15.08
2020-06-24,5766,5805,5521,5758,10249145,15.2
2020-06-25,5568,5682,5502,5541,8028240,15.17
2020-06-26,5597,5672,5417,5474,7673866,15.21
2020-06-29,5351,5597,5294,5578,8648443,15.3
2020-06-30,5738,5747,5511,5616,8681788,15.12
2020-07-01,5719,5719,5474,5484,5802725,15.06
2020-07-02,5493,5587,5389,5560,4307826,15.11
2020-07-03,5587,5597,5464,5550,3045155,15.09
2020-07-06,5549,5568,5446,5541,4574910,15.12
2020-07-07,5578,5587,5379,5409,6716282,15.06
2020-07-08,5370,5436,5332,5399,4783781,15.16
2020-07-09,5446,5455,5361,5428,5001930,15.25
2020-07-10,5379,5417,5191,5210,5769004,15.22
2020-07-13,5210,5417,5153,5371,6291781,15.33
2020-07-14,5332,5351,5228,5295,3221411,15.35
2020-07-15,5379,5559,5361,5428,7960958,15.43
2020-07-16,5474,5483,5407,5437,3377274,15.46
2020-07-17,5436,5502,5361,5371,3382287,15.35
2020-07-20,5332,5407,5285,5324,3255588,15.39
2020-07-21,5323,5974,5314,5635,30121745,15.33
2020-07-22,5682,5701,5455,5456,8548623,15.22
2020-07-23,5446,5446,5323,5381,5507774,15.24
2020-07-24,5314,5370,5285,5305,4051028,15.22
2020-07-27,5275,5417,5266,5333,3489821,15.32
2020-07-28,5351,5426,5314,5361,3827748,15.3
2020-07-29,5332,5379,5294,5361,2879738,15.34
2020-07-30,5407,5417,5342,5352,3324683,15.38
2020-07-31,5398,5587,5370,5399,8947940,15.37
2020-08-03,5171,5228,4983,5069,10915171,15.29
2020-08-04,5068,5228,5068,5135,5394048,15.53
2020-08-05,5134,5153,5058,5087,3264490,15.57
2020-08-06,5171,5181,5106,5163,3661579,15.67
2020-08-07,5210,5219,5087,5135,3371150,15.65
2020-08-10,5087,5162,5020,5145,4033362,15.73
2020-08-11,5171,5398,5153,5371,10485869,15.87
2020-08-12,5370,5379,5210,5342,5140306,15.79
2020-08-13,5417,5446,5266,5333,5212411,15.78
2020-08-14,5332,5493,5294,5428,7840876,15.84
2020-08-18,5389,5426,5058,5087,6469863,15.73
2020-08-19,5181,5210,5096,5126,2494132,15.73
2020-08-20,5096,5106,4813,4814,6755911,15.69
2020-08-21,4870,4974,4794,4880,3073935,15.73
2020-08-24,4823,4916,4775,4880,2741833,15.7
2020-08-25,5002,5181,4916,5087,6337473,15.65
2020-08-26,5143,5238,5030,5106,5199583,15.66
2020-08-27,5134,5134,4907,4927,4330200,15.61
2020-08-28,4974,5039,4926,4955,3323271,15.63
2020-08-31,5039,5096,4870,4870,5821476,15.43
2020-09-01,4842,5049,4832,5003,4778804,15.42
2020-09-02,5011,5039,4907,4965,3244704,15.3
2020-09-03,4983,5020,4926,4974,4184467,15.38
2020-09-04,4832,4926,4832,4899,4020362,15.33
2020-09-07,4898,5238,4832,5182,12469512,15.61
2020-09-08,5351,5361,5096,5097,8183203,15.36
2020-09-09,4983,5039,4974,4974,4112236,15.24
2020-09-10,5049,5228,4992,5173,7058097,15.34
2020-09-11,5124,5266,5058,5249,5394520,15.33
2020-09-14,5266,5342,5219,5229,5475332,15.3
2020-09-15,5275,5275,5143,5229,3166264,15.21
2020-09-16,5275,5303,5191,5201,5517847,15.06
2020-09-17,5228,5257,5115,5116,3240559,14.99
2020-09-18,5134,5171,5058,5135,2207566,15.05
2020-09-21,5087,5181,5078,5116,3119603,15.1
2020-09-22,5096,5134,4916,4937,4278828,15.01
2020-09-23,4955,4983,4842,4909,2832343,14.95
2020-09-24,4813,4860,4766,4767,4185686,14.88
2020-09-25,4907,4955,4832,4861,3443019,15.54
2020-09-28,4870,4974,4851,4927,1831958,15.59
2020-09-29,4992,5058,4946,5031,2936608,15.67
2020-10-05,5030,5049,4946,4983,3300945,14.95
2020-10-06,5011,5011,4935,4937,2426895,14.88
2020-10-07,4926,5049,4879,5041,2490601,14.88
2020-10-08,5058,5106,4992,5031,2907145,14.94
2020-10-12,5078,5078,4992,5041,2151686,14.91
2020-10-13,5049,5058,4964,5003,2114610,14.91
2020-10-14,5011,5039,4926,4927,2257429,14.9
2020-10-15,4926,4946,4870,4890,1865289,14.88
2020-10-16,4898,4974,4860,4909,2265223,14.88
2020-10-19,4935,5002,4926,4927,1966914,14.88
2020-10-20,4888,4926,4860,4909,1644806,14.87
2020-10-21,4907,4935,4879,4927,1372784,14.87
2020-10-22,4907,4916,4870,4909,1443824,14.87
2020-10-23,4955,4955,4888,4909,1438318,14.86
2020-10-26,4870,4907,4860,4861,2067468,14.86
2020-10-27,4803,4851,4794,4814,2350538,14.86
2020-10-28,4784,4842,4775,4823,1667286,14.85
2020-10-29,4756,4784,4728,4767,2447683,14.81
2020-10-30,4756,4916,4728,4767,4149786,14.82
2020-11-02,4813,4832,4756,4776,1617721,14.79
2020-11-03,4775,4860,4775,4795,2241347,14.77
2020-11-04,4832,4907,4794,4861,3140991,14.85
2020-11-05,4888,4955,4823,4946,3365566,14.93
2020-11-06,5011,5020,4860,4880,2897019,14.85
2020-11-09,4898,5303,4898,5286,17661267,15.1
2020-11-10,5464,5615,5238,5550,24184173,15.19
2020-11-11,5568,5870,5474,5673,20947874,15.36
2020-11-12,5710,5766,5539,5682,11264748,15.39
2020-11-13,5625,5814,5568,5673,8352164,15.28
2020-11-16,5757,6040,5719,6004,17329835,15.45
2020-11-17,6116,6116,5775,5805,13189950,15.22
2020-11-18,5823,5833,5578,5692,11153900,15.24
2020-11-19,5643,5662,5379,5465,11774886,15.1
2020-11-20,5436,5682,5398,5654,7775692,15.2
2020-11-23,5719,6993,5625,6541,174590531,15.13
2020-11-24,6767,6899,6305,6362,64687455,14.99
2020-11-25,6437,6738,6380,6532,50031388,15.05
2020-11-26,6578,6597,6370,6456,13513617,14.94
2020-11-27,6456,6521,6323,6372,10188176,14.91
2020-11-30,6398,6748,6342,6447,28356749,14.71
2020-12-01,6474,6578,6465,6551,9456282,14.73
2020-12-02,6578,6588,6465,6494,6631104,14.72
2020-12-03,6512,6634,6389,6569,10096020,14.78
2020-12-04,6644,6861,6606,6711,26738410,14.87
2020-12-07,6710,6757,6493,6588,10880159,14.85
2020-12-08,6597,6701,6465,6569,9688818,14.87
2020-12-09,6560,6644,6502,6569,6978543,14.9
2020-12-10,6531,6729,6484,6579,10798817,14.9
2020-12-11,6653,6833,6644,6759,23698100,15.04
2020-12-14,6785,6824,6625,6645,10921712,14.68
2020-12-15,6653,6653,6512,6588,6777211,14.84
2020-12-16,6644,6701,6569,6579,5266502,14.88
2020-12-17,6597,6824,6531,6787,12475364,14.96
2020-12-18,6796,6842,6644,6683,8699274,14.95
2020-12-21,6692,6908,6625,6824,17581853,15.18
2020-12-22,6842,7050,6634,6645,24041844,15.26
2020-12-23,6729,6824,6446,6569,13733714,15.24
2020-12-24,6682,6692,6521,6541,8827020,15.26
2020-12-28,6560,6606,6474,6532,8098256,15.31
2020-12-29,6531,6634,6531,6579,6107521,15.32
2020-12-30,6588,6682,6531,6645,6936088,15.38
2021-01-04,6692,6889,6588,6891,19724311,15.77
2021-01-05,6889,7257,6785,7032,37343673,15.49
2021-01-06,7125,7192,6946,6966,16113357,15.55
2021-01-07,7050,7050,6908,6947,11021684,15.44
2021-01-08,6975,6975,6710,6843,15390397,15.46
2021-01-11,6805,6814,6521,6627,17101429,15.35
2021-01-12,6588,6663,6502,6608,8222919,15.32
2021-01-13,6644,6720,6560,6636,7005815,15.49
2021-01-14,6673,6871,6653,6731,10363280,15.61
2021-01-15,6757,6776,6540,6551,8381554,15.37
2021-01-18,6437,6484,6294,6372,8922376,15.28
2021-01-19,6370,6502,6305,6465,5056489,15.1
2021-01-20,6493,6502,6342,6428,4873226,15.02
2021-01-21,6446,6625,6446,6475,6271034,14.97
2021-01-22,6502,6512,6380,6390,4490032,15.08
2021-01-25,6417,6530,6389,6513,4632545,15.26
2021-01-26,6540,6540,6389,6390,4798636,15.16
2021-01-27,6446,6456,6305,6324,3983484,15.16
2021-01-28,6201,6238,6106,6126,5693636,15.09
2021-01-29,6173,6201,5814,5861,7140361,15.03
2021-02-01,5823,6153,5729,6136,5299848,15.18
2021-02-02,6134,6173,5993,6107,3880929,15.15
2021-02-03,6106,6116,5851,5909,9967715,15.06
2021-02-04,5908,5983,5805,5824,6682284,14.99
2021-02-05,5870,5898,5785,5872,4317106,15.01
2021-02-08,5870,6059,5861,5975,5918808,15.07
2021-02-09,6059,6059,5946,6022,3269776,15.08
2021-02-10,6050,6162,5983,6117,4561848,15.23
2021-02-15,6248,6361,6191,6296,6556354,15.24
2021-02-16,6370,6389,6229,6229,4300093,15.14
2021-02-17,6238,6248,6144,6173,3448477,15.15
2021-02-18,6173,6294,6144,6145,3450276,15.1
2021-02-19,6162,6257,6050,6192,3533662,15.12
2021-02-22,6229,6248,6153,6164,2861351,15.1
2021-02-23,6220,6493,6182,6372,14179278,15.31
2021-02-24,6427,6465,6144,6145,5845366,15.26
2021-02-25,6257,6352,6191,6324,4167738,15.27
2021-02-26,6173,6276,6144,6192,4466304,15.16
2021-03-02,6294,6333,6162,6192,3707031,15.14
2021-03-03,6144,6257,6144,6240,2844233,15.16
2021-03-04,6220,6238,6144,6173,2511970,15.12
2021-03-05,6144,6144,6002,6107,3619416,15.05
2021-03-08,6040,6266,6012,6013,7358652,15.06
2021-03-09,5965,6106,5927,6079,5911318,15.12
2021-03-10,6097,6116,5955,5994,3348098,15.08
2021-03-11,5974,6069,5965,5994,3092656,15.15
2021-03-12,6021,6106,6002,6079,3876590,15.13
2021-03-15,6069,6352,6012,6287,8452173,15.45
2021-03-16,6305,6352,6210,6229,3811955,15.31
2021-03-17,6248,6248,6106,6136,3395407,15.2
2021-03-18,6201,6229,6106,6117,3236965,15.2
2021-03-19,6059,6144,6021,6145,3536615,15.24
2021-03-22,6173,6173,6087,6164,2290035,15.24
2021-03-23,6153,6182,6097,6097,2399426,15.23
2021-03-24,6059,6521,6059,6456,19900899,15.65
2021-03-25,6540,6540,6305,6447,9745237,15.56
2021-03-26,6560,6937,6502,6834,52095837,15.82
2021-03-29,7248,7551,7003,7070,68050231,15.94
2021-03-30,7211,7220,6899,6966,18851059,15.9
2021-03-31,6937,7399,6871,7334,30218298,16.31
2021-04-01,7333,7343,7060,7098,13953802,15.92
2021-04-02,7116,7153,6824,6966,13794282,15.81
2021-04-05,7021,7305,7003,7174,18606978,15.92
2021-04-06,7229,7257,7041,7070,8002234,15.83
2021-04-07,7069,7153,7021,7051,6595610,15.85
2021-04-08,7050,7144,6975,7136,8630925,15.91
2021-04-09,7173,7173,7078,7098,4585934,15.89
2021-04-12,7107,7315,7012,7192,11555779,16.01
2021-04-13,7201,7324,7173,7183,8596672,16.03
2021-04-14,7220,7229,7078,7127,5933966,16.0
2021-04-15,7164,7164,7060,7060,5147769,16.0
2021-04-16,7031,7069,6946,6975,8450468,16.01
2021-04-19,6937,6956,6805,6834,11452804,15.96
2021-04-20,6814,6937,6805,6853,6229062,15.99
2021-04-21,6842,6842,6720,6731,6346687,15.97
2021-04-22,6785,6814,6729,6787,3888052,15.96
2021-04-23,6785,6785,6673,6720,3844807,15.97
2021-04-26,6757,7021,6738,7004,12353967,16.23
2021-04-27,7021,7031,6852,6891,6864770,16.05
2021-04-28,6918,7173,6908,6966,15395620,16.19
2021-04-29,7031,7153,6861,6995,13386669,16.27
2021-04-30,7097,7305,7041,7079,24570990,16.16
2021-05-03,7173,7343,6946,6995,18886522,15.96
2021-05-04,6946,6965,6729,6759,12141471,15.85
2021-05-06,5342,6059,5303,5664,91440709,15.8
2021-05-07,5757,5794,5530,5673,26813779,15.6
2021-05-10,5691,5719,5568,5692,17061767,15.35
2021-05-11,5653,5747,5625,5692,11642722,15.12
2021-05-12,5672,5682,5521,5560,14241451,15.01
2021-05-13,5493,5615,5407,5560,8661024,14.93
2021-05-14,5578,5615,5493,5513,5339156,14.89
2021-05-17,5521,5615,5493,5606,6171700,15.0
2021-05-18,5625,5672,5539,5635,4454099,14.88
2021-05-20,5578,5597,5530,5588,3936524,14.86
2021-05-21,5597,5615,5530,5531,3953389,14.76
2021-05-24,5511,5615,5493,5541,4865227,14.86
2021-05-25,5559,5587,5511,5560,3282109,14.77
2021-05-26,5559,5578,5511,5531,3716535,14.69
2021-05-27,5530,5530,5426,5446,6502292,14.48
2021-05-28,5455,5625,5446,5550,6328590,14.47
2021-05-31,5568,5785,5521,5710,14347342,14.41
2021-06-01,5719,6370,5710,6013,40086579,14.19
2021-06-02,6078,6097,5889,6060,12622896,14.13
2021-06-03,6078,6134,5946,6050,9167141,14.09
2021-06-04,6012,6852,5993,6636,65331560,14.23
2021-06-07,6682,7060,6569,6711,38531744,14.13
2021-06-08,6710,6880,6474,6731,21316160,14.41
2021-06-09,6663,6965,6634,6655,20373075,14.44
2021-06-10,6701,6805,6531,6598,13504117,14.51
2021-06-11,6616,6692,6521,6617,7456564,14.4
2021-06-14,6644,6644,6465,6494,7715622,14.41
2021-06-15,6493,6720,6484,6664,10487207,14.51
2021-06-16,6692,6757,6588,6588,9114646,14.52
2021-06-17,6588,6606,6502,6513,3890884,14.42
2021-06-18,6484,6493,6380,6390,7058143,14.39
2021-06-21,6361,6550,6248,6419,7946368,14.4
2021-06-22,6502,6512,6238,6324,7791845,14.32
2021-06-23,6276,6285,6134,6192,7723748,14.33
2021-06-24,6173,6446,6116,6258,7465970,14.46
2021-06-25,6294,6398,6229,6315,5011511,14.4
2021-06-28,6333,6352,6229,6287,3353597,14.42
2021-06-29,6333,6569,6333,6400,10086304,14.45
2021-06-30,6456,6474,6323,6333,5445734,14.22
2021-07-01,6342,6380,6229,6305,5370046,14.19
2021-07-02,6370,6634,6333,6598,17989856,14.8
2021-07-05,6653,6663,6465,6588,9407286,14.46
2021-07-06,6634,6644,6484,6513,6032091,14.28
2021-07-07,6465,6493,6389,6465,4576448,14.22
2021-07-08,6456,6550,6323,6324,6434871,14.09
2021-07-09,6276,6285,6134,6183,7319695,14.04
2021-07-12,6210,6446,6210,6287,5971768,14.1
2021-07-13,6266,6361,6257,6296,3148343,14.07
2021-07-14,6305,6305,6191,6220,3197280,13.98
2021-07-15,6248,6352,6238,6249,3924935,13.93
2021-07-16,6238,6238,6153,6211,3200671,13.91
2021-07-19,6144,6153,6059,6079,4192452,13.79
2021-07-20,5993,6040,5955,5994,4569211,13.7
2021-07-21,6030,6220,5983,6154,7213574,13.83
2021-07-22,6125,6342,6116,6173,9726502,13.79
2021-07-23,0,0,0,6173,0,13.78
2021-07-26,0,0,0,6173,0,13.79
2021-07-27,0,0,0,6173,0,13.79
2021-07-28,0,0,0,6173,0,13.79
2021-07-29,0,0,0,6173,0,13.79
2021-07-30,0,0,0,6173,0,13.79
2021-08-02,0,0,0,6173,0,13.79
2021-08-03,0,0,0,6173,0,13.79
2021-08-04,0,0,0,6173,0,13.79
2021-08-05,0,0,0,6173,0,13.79
2021-08-06,0,0,0,6173,0,13.79
2021-08-09,0,0,0,6173,0,13.79
2021-08-10,6173,6294,5892,6295,11386585,13.88
2021-08-11,6220,6294,6088,6117,4925200,13.84
2021-08-12,6145,6163,5938,5939,4928790,13.77
2021-08-13,5901,6023,5760,5780,5431794,13.84
2021-08-17,5732,5789,5489,5555,6328967,13.85
2021-08-18,5479,5714,5451,5658,3676835,13.72
2021-08-19,5620,5657,5395,5405,5423561,13.75
2021-08-20,5423,5498,5170,5227,5531852,13.59
2021-08-23,5255,5545,5227,5489,4686002,13.73
2021-08-24,5526,5742,5526,5695,3618655,13.8
2021-08-25,5751,5892,5723,5817,4036044,13.91
2021-08-26,5779,5826,5667,5742,2784814,13.96
2021-08-27,5742,5817,5714,5798,2398109,14.0
2021-08-30,5845,5854,5779,5845,2262384,13.98
2021-08-31,5826,5901,5751,5902,2935005,14.13
2021-09-01,5854,5957,5817,5911,2250774,14.08
2021-09-02,5910,5938,5789,5808,2810596,13.96
2021-09-03,5817,5882,5789,5873,2070198,14.04
2021-09-06,5826,5920,5807,5855,2392984,14.04
2021-09-07,5854,5864,5770,5845,2094727,14.05
2021-09-08,5807,5854,5770,5836,2343436,14.08
2021-09-09,5826,5864,5676,5714,3684570,14.01
2021-09-10,5760,6079,5742,6014,7702546,14.16
2021-09-13,6135,6135,5948,6061,6152447,14.23
2021-09-14,6079,6220,6070,6211,7300016,14.64
2021-09-15,6210,6257,6079,6220,6840686,14.71
2021-09-16,6350,6430,6160,6240,6502523,14.5
2021-09-17,6230,6240,6050,6150,5933970,13.96
2021-09-23,6140,6200,6050,6200,3293193,14.04
2021-09-24,6230,6230,6090,6140,2668770,14.01
2021-09-27,6070,6190,6070,6150,1918920,14.05
2021-09-28,6150,6260,6100,6230,2733469,14.16
2021-09-29,6190,6200,6050,6160,3323539,14.11
2021-09-30,6160,6280,6140,6200,2963176,14.05
2021-10-01,6200,6330,6120,6190,3564891,14.03
2021-10-05,6120,6190,6070,6150,2936211,14.02
2021-10-06,6160,6190,5900,5900,4506930,14.0
2021-10-07,5920,6160,5920,6160,2784931,14.13
2021-10-08,6110,6160,6020,6020,1983777,14.21
2021-10-12,6080,6190,6020,6100,2622006,14.27
2021-10-13,6100,6170,6060,6130,2372706,14.32
2021-10-14,6180,6180,5970,6060,5663246,13.99
2021-10-15,6100,6250,6070,6160,8036613,13.78
2021-10-18,6160,6270,5990,6080,7456299,13.72
2021-10-19,6120,6130,6020,6050,4299105,13.59
2021-10-20,6050,6070,5970,6010,3826808,13.64
2021-10-21,6030,6110,5990,5990,3640142,13.75
2021-10-22,6000,6010,5920,5950,2331675,13.79
2021-10-25,5940,6130,5940,6030,6822245,13.68
2021-10-26,6060,6100,5940,5950,6072977,13.48
2021-10-27,5960,6680,5960,6450,37901647,14.22
2021-10-28,6460,6540,6360,6380,9128575,14.24
2021-10-29,6460,6740,6330,6380,14131153,13.86
2021-11-01,6320,6440,6130,6160,7491795,13.79
2021-11-02,6200,6250,6100,6120,4064499,13.62
2021-11-03,6120,6160,5980,5990,4970120,13.55
2021-11-04,6030,6080,5950,5960,4680301,13.31
2021-11-05,5960,6000,5860,5900,4213071,13.2
2021-11-08,5980,6000,5860,5980,3603645,13.11
2021-11-09,6020,6130,5950,5950,3970141,12.97
2021-11-10,5960,5980,5850,5850,3761144,12.93
2021-11-11,5790,5810,5690,5710,5379197,12.81
2021-11-12,5710,5870,5710,5800,3188852,12.7
2021-11-15,5850,5890,5760,5840,2915635,12.77
2021-11-16,5850,5860,5770,5770,2972339,12.72
2021-11-17,5830,5840,5730,5730,2994348,12.64
2021-11-18,5780,5780,5590,5610,3893000,13.55
2021-11-19,5610,5890,5590,5700,7439487,13.55
2021-11-22,5650,5750,5600,5680,5678546,13.47
2021-11-23,5660,5740,5640,5660,3322273,13.45
2021-11-24,5660,5660,5530,5560,4663609,13.37
2021-11-25,5530,5650,5490,5580,4825168,13.38
2021-11-26,5550,5570,5390,5420,5437502,13.24
2021-11-29,5260,5380,5230,5260,5428596,13.18
2021-11-30,5300,5350,5070,5070,8044166,13.15
2021-12-01,5120,5320,5080,5260,5828163,13.14
2021-12-02,5190,5360,5160,5360,4015032,13.11
2021-12-03,5370,5400,5290,5370,2749513,13.06
2021-12-06,5370,5420,5300,5410,2604632,13.06
2021-12-07,5420,5590,5380,5590,4851370,13.05
2021-12-08,5630,5720,5550,5590,4571048,13.02
2021-12-09,5610,5680,5600,5660,3389690,13.07
2021-12-10,5660,5820,5620,5760,4536158,13.48
2021-12-13,5760,5840,5680,5760,2960963,13.52
2021-12-14,5750,5830,5700,5760,2653970,13.73
2021-12-15,5740,5800,5710,5770,1630851,13.77
2021-12-16,5810,5860,5750,5800,2355969,13.82
2021-12-17,5790,5830,5730,5750,3570538,13.85
2021-12-20,5730,5740,5570,5580,3609584,13.81
2021-12-21,5570,5680,5570,5630,2277087,13.91
2021-12-22,5630,5670,5580,5580,1655134,13.98
2021-12-23,5630,5630,5580,5630,2070590,14.38
2021-12-24,5630,5690,5600,5610,1975669,14.35
2021-12-27,5590,5610,5510,5510,2774883,14.35
2021-12-28,5540,5620,5450,5580,5074783,14.57
2021-12-29,5550,5820,5550,5710,4527712,14.69
2021-12-30,5680,5740,5640,5670,2752251,14.61
2022-01-03,5680,5780,5660,5680,2071932,14.61
2022-01-04,5660,5780,5610,5740,3030210,14.51
2022-01-05,5710,5900,5700,5780,5298749,14.18
2022-01-06,5720,5980,5710,5880,6885463,14.28
2022-01-07,5910,5920,5790,5880,3358943,14.47
2022-01-10,5850,5960,5840,5900,3117209,14.51
2022-01-11,5880,5930,5810,5870,3039570,14.42
2022-01-12,5850,5870,5750,5790,3821927,14.36
2022-01-13,5790,5820,5710,5740,3106913,14.39
2022-01-14,5700,5780,5640,5670,3635506,14.5
2022-01-17,5630,5690,5510,5530,2870736,14.46
2022-01-18,5540,5570,5400,5410,2627517,14.21
2022-01-19,5370,5510,5350,5450,2703315,14.21
2022-01-20,5440,5520,5420,5480,1635450,14.12
2022-01-21,5430,5570,5410,5520,2357300,14.18
2022-01-24,5520,5580,5370,5390,2711568,14.12
2022-01-25,5400,5430,5210,5230,3612502,14.15
2022-01-26,5200,5340,5200,5260,2651472,14.14
2022-01-27,5260,5280,5070,5080,4834899,13.6
2022-01-28,5100,5200,5020,5180,3380139,13.61
2022-02-03,5250,5370,5230,5310,2775958,13.68
2022-02-04,5300,5450,5300,5440,2529924,13.62
2022-02-07,5410,5500,5350,5460,2156916,13.62
2022-02-08,5490,5570,5400,5440,2250196,13.59
2022-02-09,5480,5520,5440,5500,1398591,13.64
2022-02-10,5510,5660,5500,5630,3858750,13.82
2022-02-11,5540,5570,5460,5470,2375239,13.79
2022-02-14,5320,5430,5320,5320,2053845,13.81
2022-02-15,5340,5380,5200,5220,2493073,13.74
2022-02-16,5350,5460,5320,5440,2220850,13.77
2022-02-17,5470,5550,5390,5490,2837861,13.82
2022-02-18,5420,5570,5410,5550,2309357,13.86
2022-02-21,5460,5590,5430,5560,1923054,13.9
2022-02-22,5440,5650,5420,5560,3606915,13.98
2022-02-23,5640,5930,5600,5930,13954911,14.34
2022-02-24,5950,5990,5720,5750,9810777,14.43
2022-02-25,5880,5940,5730,5750,6000733,14.42
2022-02-28,5610,5870,5600,5820,7549789,14.46
2022-03-02,5840,6180,5840,6050,13603643,14.57
2022-03-03,6100,6100,5950,5990,5911795,14.6
2022-03-04,5970,6070,5960,6020,4774921,14.7
2022-03-07,5940,6040,5880,5940,5216328,14.78
2022-03-08,5900,6040,5770,5770,6181155,14.78
2022-03-10,5820,5890,5720,5810,3613473,14.83
2022-03-11,5810,5880,5760,5860,2774008,14.87
2022-03-14,5670,5900,5660,5800,3596174,14.94
2022-03-15,5790,5800,5510,5530,5870356,14.57
2022-03-16,5580,5590,5500,5530,2822499,14.52
2022-03-17,5580,5650,5500,5510,5157506,14.49
2022-03-18,5530,5580,5510,5530,2496810,14.47
2022-03-21,5560,5630,5520,5530,2279858,14.42
2022-03-22,5550,5740,5550,5700,4842714,14.54
2022-03-23,5730,5730,5650,5690,2403611,14.51
2022-03-24,5650,5710,5610,5710,2341344,14.51
2022-03-25,5690,5730,5660,5690,1738400,14.52
2022-03-28,5700,5790,5690,5700,2944147,14.49
2022-03-29,5700,5740,5650,5680,2207544,14.46
2022-03-30,5730,5770,5680,5700,2419900,14.5
2022-03-31,5670,5770,5670,5680,2315716,14.48
2022-04-01,5650,5670,5590,5630,1901502,14.5
2022-04-04,5620,5690,5570,5670,1835565,14.51
2022-04-05,5660,5680,5630,5660,1468933,14.58
2022-04-06,5630,5650,5570,5570,1973820,14.55
2022-04-07,5540,5540,5410,5410,3319024,14.42
2022-04-08,5480,5550,5400,5450,2782771,14.35
2022-04-11,5430,5550,5410,5550,2120051,14.38
2022-04-12,5520,5690,5490,5550,3166430,14.39
2022-04-13,5600,6000,5590,5990,12459788,14.86
2022-04-14,5990,6300,5920,6140,16674819,15.16
2022-04-15,6110,6280,6060,6240,8985450,15.44
2022-04-18,6250,6310,6120,6190,4712257,15.16
2022-04-19,6180,6370,6110,6350,9223336,15.33
2022-04-20,6370,6380,6130,6210,5876578,15.32
2022-04-21,6210,6240,6050,6180,6555740,15.41
2022-04-22,6400,6450,6120,6150,13688889,14.95
2022-04-25,6020,6180,6010,6050,4635941,15.06
2022-04-26,6110,6130,6020,6070,3378550,15.07
2022-04-27,5970,6190,5960,6090,4734278,15.18
2022-04-28,6110,6210,6040,6150,3811757,15.18
2022-04-29,6160,6170,6040,6060,3035056,15.1
2022-05-02,6000,6090,5990,6030,2610092,15.12
2022-05-03,6020,6070,5900,5910,3403049,15.08
2022-05-04,5900,5940,5830,5850,3147679,15.11
2022-05-06,5790,5930,5780,5840,3127867,14.84
2022-05-09,5810,5820,5700,5720,2861204,14.77
2022-05-10,5660,5700,5570,5680,3014740,14.75
2022-05-11,5680,5690,5570,5580,2816511,14.61
2022-05-12,5550,5690,5540,5550,3674178,14.59
2022-05-13,5560,5680,5560,5660,3002663,14.52
2022-05-16,5670,5680,5600,5650,2053557,14.51
2022-05-17,5640,5720,5510,5610,4853880,14.48
2022-05-18,5630,5660,5530,5550,3356122,14.47
2022-05-19,5450,5520,5430,5460,4312141,14.39
2022-05-20,5480,5580,5470,5580,2203226,14.37
2022-05-23,5620,5620,5510,5590,1814510,14.37
2022-05-24,5560,5670,5550,5570,2537652,14.4
2022-05-25,5540,5590,5530,5580,2042272,14.4
2022-05-26,5550,5670,5540,5660,2959132,14.41
2022-05-27,5700,5790,5650,5770,3079230,14.49
2022-05-30,5830,5850,5760,5770,1923236,14.53
2022-05-31,5820,5930,5790,5930,6856798,14.69
2022-06-02,5930,5950,5820,5950,3819845,14.81
2022-06-03,5940,5960,5860,5930,1766048,14.77
2022-06-07,5930,6000,5880,5920,2377406,14.81
2022-06-08,5920,5990,5910,5980,2566234,14.77
2022-06-09,5960,6050,5920,6030,3624853,14.86
2022-06-10,5990,6070,5930,5970,2133547,14.88
2022-06-13,5870,5900,5750,5770,3318284,14.88
2022-06-14,5680,5790,5620,5720,3559272,14.88
2022-06-15,5680,5740,5450,5480,5120411,14.8
2022-06-16,5580,5720,5540,5560,3226682,14.83
2022-06-17,5470,5780,5400,5700,4249268,14.81
2022-06-20,5770,5790,5540,5570,2586411,14.77
2022-06-21,5650,5990,5570,5930,6019549,14.8
2022-06-22,5960,6230,5910,5930,18689762,15.03
2022-06-23,6040,6070,5750,5750,8148546,14.96
2022-06-24,5760,5900,5660,5810,4279876,14.92
2022-06-27,5860,6010,5850,5920,4055812,14.92
2022-06-28,5910,6010,5860,5940,3341812,14.94
2022-06-29,5890,6060,5860,5870,5565987,15.08
2022-06-30,5900,6150,5860,6070,11767916,15.35
2022-07-01,6080,6100,5870,5950,5854601,15.25
2022-07-04,5980,5980,5630,5730,6329681,15.19
2022-07-05,5770,5850,5700,5850,2644592,15.23
2022-07-06,5790,5800,5420,5430,9813913,14.93
2022-07-07,5490,5550,5430,5500,3765105,14.85
2022-07-08,5550,5630,5500,5500,4341690,14.82
2022-07-11,5540,5550,5400,5420,3460849,14.84
2022-07-12,5400,5440,5300,5340,4011137,14.78
2022-07-13,5320,5380,5230,5370,3736307,14.86
2022-07-14,5330,5330,5250,5280,3067649,14.87
2022-07-15,5320,5320,5180,5260,3178836,14.78
2022-07-18,5280,5470,5280,5440,3782119,14.89
2022-07-19,5410,5490,5380,5380,2192827,14.89
2022-07-20,5470,5480,5350,5370,2753609,15.11
2022-07-21,5370,5430,5360,5400,2088192,15.14
2022-07-22,5400,5480,5400,5410,2389310,15.2
2022-07-25,5420,5460,5400,5440,1953683,15.23
2022-07-26,5420,5470,5390,5420,1727109,15.23
2022-07-27,5410,5430,5370,5420,1504223,15.27
2022-07-28,5450,5520,5430,5500,3125750,15.4
2022-07-29,5520,5630,5510,5620,4093909,15.53
2022-08-01,5620,5840,5600,5820,6027578,15.83
2022-08-02,5820,5880,5700,5840,4233321,15.93
2022-08-03,5840,5990,5760,5840,4472607,15.93
2022-08-04,5880,5890,5710,5740,2733998,15.81
2022-08-05,5750,5810,5740,5790,1929729,15.87
2022-08-08,5750,5870,5730,5860,2360391,15.97
2022-08-09,5840,5880,5790,5830,1967989,15.86
2022-08-10,5850,6020,5850,5950,6923558,16.01
2022-08-11,6010,6030,5930,5990,3130817,16.04
2022-08-12,6000,6140,5950,6020,4210429,16.11
2022-08-16,6020,6050,5980,6010,2273768,16.05
2022-08-17,6000,6090,5980,5990,3561172,16.13
2022-08-18,5970,6020,5870,5990,2995427,16.2
2022-08-19,6010,6120,5990,6010,4156626,16.24
2022-08-22,5960,5980,5860,5900,3153488,16.25
2022-08-23,5850,6130,5840,6130,6484110,16.42
2022-08-24,6150,6240,6090,6210,7634435,16.54
2022-08-25,6240,6310,6090,6160,5903529,16.47
2022-08-26,6150,6190,6070,6150,3199397,16.47
2022-08-29,6010,6150,6000,6010,3816613,16.46
2022-08-30,6030,6070,5940,5970,2497232,16.41
2022-08-31,5950,5990,5770,5970,5619740,16.29
2022-09-01,5910,5940,5740,5740,4775480,16.21
2022-09-02,5780,5780,5660,5660,3742539,16.16
2022-09-05,5660,5800,5660,5730,2998307,16.15
2022-09-06,5740,5900,5740,5850,3550197,16.15
2022-09-07,5820,5820,5660,5690,3238704,16.0
2022-09-08,5750,5780,5650,5660,3247391,15.87
2022-09-13,5750,5780,5630,5680,2898522,15.72
2022-09-14,5560,5660,5510,5590,3416726,15.68
2022-09-15,5640,5760,5600,5670,3192771,15.66
2022-09-16,5690,5710,5560,5580,2863348,15.49
2022-09-19,5580,5610,5480,5490,2563705,15.44
2022-09-20,5540,5560,5480,5510,2153934,15.41
2022-09-21,5490,5890,5480,5780,7337267,15.58
2022-09-22,5730,5890,5710,5880,5183071,15.71
2022-09-23,5880,5940,5760,5800,3610814,15.76
2022-09-26,5760,5760,5560,5610,5178363,15.79
2022-09-27,5620,5730,5530,5610,4244387,15.74
2022-09-28,5580,5670,5290,5370,6323261,15.61
2022-09-29,5440,5480,5340,5340,3425240,15.64
2022-09-30,5310,5400,5260,5310,3349923,15.84
2022-10-04,5400,5450,5320,5430,2672719,15.67
2022-10-05,5520,5530,5350,5350,2869881,15.61
2022-10-06,5420,5510,5390,5470,2300142,15.62
2022-10-07,5410,5520,5390,5490,2945000,15.67
2022-10-11,5390,5470,5240,5270,3204936,15.7
2022-10-12,5260,5320,5200,5300,2738258,15.62
2022-10-13,5270,5290,5050,5050,4569567,15.53
2022-10-14,5220,5250,5130,5150,2567597,15.52
2022-10-17,5080,5180,5030,5150,2144815,15.48
2022-10-18,5210,5260,5110,5200,2163378,15.45
2022-10-19,5200,5270,5140,5140,1946137,15.43
2022-10-20,5170,5230,5120,5210,2694688,15.52
2022-10-21,5170,5180,5060,5080,2501798,15.43
2022-10-24,5160,5190,5080,5090,1826377,15.43
2022-10-25,5110,5120,5010,5040,2163013,15.73
2022-10-26,5080,5080,5000,5010,2265148,15.76
2022-10-27,5050,5190,5010,5190,2718567,15.55
2022-10-28,5180,5330,5160,5290,3864066,15.67
2022-10-31,5290,5300,5130,5150,2993885,15.57
2022-11-01,5150,5220,5100,5200,1750912,15.54
2022-11-02,5170,5250,5120,5210,2004237,15.6
2022-11-03,5140,5370,5110,5320,2978961,15.73
2022-11-04,5270,5410,5260,5330,2404865,15.74
2022-11-07,5300,5370,5260,5340,1836947,15.81
2022-11-08,5370,5410,5330,5370,1653549,15.82
2022-11-09,5390,5440,5370,5400,2129790,15.89
2022-11-10,5370,5440,5320,5320,2157644,15.91
2022-11-11,5470,5570,5410,5520,5006112,16.0
2022-11-14,5540,5560,5450,5480,2519351,16.08
2022-11-15,5500,5530,5390,5420,2067202,16.03
2022-11-16,5450,5530,5380,5510,2472210,16.06
2022-11-17,5510,5540,5390,5390,1526827,16.05
2022-11-18,5390,5460,5320,5330,3093033,16.08
2022-11-21,5170,5230,5070,5120,6592502,15.89
2022-11-22,5100,5170,5100,5160,4377856,16.05
2022-11-23,5170,5280,5120,5250,6940049,16.35
2022-11-24,5280,5280,5170,5190,3148238,16.27
2022-11-25,5220,5220,5160,5190,1848576,16.26
2022-11-28,5190,5190,5090,5110,2991288,16.19
2022-11-29,5100,5170,5080,5160,2130905,16.21
2022-11-30,5170,5210,5120,5210,3548111,16.32
2022-12-01,5250,5270,5190,5220,2861398,16.3
2022-12-02,5200,5200,5100,5100,2804415,16.16
2022-12-05,5110,5140,5080,5120,1614615,16.13
2022-12-06,5080,5170,5080,5130,2287143,16.15
2022-12-07,5120,5120,5070,5080,2045227,16.07
2022-12-08,5110,5110,5050,5090,2601468,16.05
2022-12-09,5090,5150,5080,5140,2073904,16.05
2022-12-12,5140,5160,5100,5120,1555430,15.97
2022-12-13,5140,5200,5130,5180,2273686,16.0
2022-12-14,5200,5210,5140,5190,1699666,16.01
2022-12-15,5180,5210,5140,5140,1813548,16.05
2022-12-16,5090,5180,5090,5160,2259478,16.06
2022-12-19,5140,5160,5120,5130,1119376,16.06
2022-12-20,5130,5150,5070,5090,1824965,16.07
2022-12-21,5120,5130,5080,5100,1261620,16.0
2022-12-22,5110,5200,5110,5200,4462327,16.12
2022-12-23,5160,5210,5130,5150,2749545,16.68
2022-12-26,5170,5190,5070,5090,2691233,16.65
2022-12-27,5120,5190,5090,5180,3124263,16.74
2022-12-28,5150,5250,5130,5220,4393677,16.91
2022-12-29,5200,5220,5090,5110,2683070,17.0
2023-01-02,5130,5170,5070,5080,2118816,16.93
2023-01-03,5080,5090,4860,4965,6984010,16.58
2023-01-04,4965,5060,4900,5050,3722335,16.61
2023-01-05,5060,5060,4915,4935,4558685,16.59
2023-01-06,4790,5010,4790,5000,4396649,16.69
2023-01-09,5040,5130,5020,5110,3626567,16.72
2023-01-10,5120,5130,5020,5060,3232296,16.57
2023-01-11,5100,5140,5040,5120,2477655,16.53
2023-01-12,5140,5170,5090,5090,2516384,16.53
2023-01-13,5110,5180,5100,5140,3489139,16.7
2023-01-16,5160,5160,5080,5100,2011407,16.65
2023-01-17,5100,5160,5090,5120,2091814,16.64
2023-01-18,5120,5150,5050,5110,1995870,16.6
2023-01-19,5070,5120,5060,5090,1252176,16.63
2023-01-20,5090,5150,5070,5130,1591799,16.7
2023-01-25,5160,5180,5140,5180,2858773,16.4
2023-01-26,5190,5190,5130,5170,1851224,16.45
2023-01-27,5170,5310,5150,5260,7217088,16.61
2023-01-30,5280,5340,5220,5240,4474591,16.58
2023-01-31,5290,5870,5270,5790,45725875,17.52
2023-02-01,5780,5910,5720,5870,16577365,17.64
2023-02-02,5880,5950,5730,5830,10818073,17.56
2023-02-03,5830,5870,5760,5840,4095674,17.38
2023-02-06,5830,5860,5670,5760,5094250,17.24
2023-02-07,5740,5840,5600,5630,6062804,17.25
2023-02-08,5670,5700,5490,5500,7994022,17.02
2023-02-09,5490,5610,5470,5570,5239573,16.97
2023-02-10,5530,5790,5410,5680,7903015,16.83
2023-02-13,5650,5910,5630,5840,10121828,16.8
2023-02-14,5840,5870,5780,5790,3778003,16.73
2023-02-15,5800,5890,5680,5710,4993463,16.75
2023-02-16,5760,5780,5680,5740,3465542,16.53
2023-02-17,5670,5810,5660,5760,3977870,16.57
2023-02-20,5760,5760,5640,5710,2326704,16.54
2023-02-21,5720,5890,5690,5840,4869502,16.65
2023-02-22,5770,5900,5760,5830,4178842,16.7
2023-02-23,5860,5860,5700,5750,4229140,16.6
2023-02-24,5780,5870,5730,5770,3570223,16.7
2023-02-27,5720,5730,5600,5650,4133235,16.75
2023-02-28,5650,5660,5500,5500,5409392,16.62
2023-03-02,5480,5600,5480,5550,3297057,16.65
2023-03-03,5570,5570,5390,5400,5156151,16.6
2023-03-06,5420,5450,5350,5380,4331704,16.55
2023-03-07,5390,5440,5290,5290,4260246,16.47
2023-03-08,5240,5250,5120,5140,7153009,16.28
2023-03-09,5140,5250,5090,5110,5177174,16.05
2023-03-10,5080,5100,5020,5040,4183314,15.89
2023-03-13,5000,5060,4970,5050,4588996,15.72
2023-03-14,5000,5030,4910,4915,5258767,15.5
2023-03-15,5000,5050,4975,5010,4289293,15.46
2023-03-16,4970,4975,4875,4895,5349026,15.18
2023-03-17,4945,5000,4910,4910,3559382,15.15
2023-03-20,4935,5080,4915,4920,4253862,15.15
2023-03-21,4935,5030,4935,5020,3318454,15.19
2023-03-22,5090,5090,4980,4990,3278858,15.1
2023-03-23,4980,4980,4920,4940,3499676,15.01
2023-03-24,4945,4950,4910,4935,2612524,14.94
2023-03-27,4940,4970,4875,4885,3555486,14.85
2023-03-28,4910,5070,4905,5050,5677095,14.94
2023-03-29,5080,5180,5000,5040,5114457,15.07
2023-03-30,5090,5130,5010,5090,3287156,15.12
2023-03-31,5120,5220,5110,5170,5042101,15.19
2023-04-03,5260,5270,5160,5180,4074994,15.17
2023-04-04,5200,5400,5180,5380,7078155,15.29
2023-04-05,5390,5420,5250,5280,4008586,15.18
2023-04-06,5300,5330,5220,5240,3405532,15.25
2023-04-07,5270,5290,5210,5240,2538048,15.29
2023-04-10,5230,5240,5130,5190,3720511,15.41
2023-04-11,5220,5260,5140,5250,3487763,15.39
2023-04-12,5270,5450,5270,5370,6530417,15.45
2023-04-13,5400,5470,5340,5470,5743060,15.49
2023-04-14,5530,5760,5470,5660,11186235,15.65
2023-04-17,5670,5780,5590,5660,6142330,15.66
2023-04-18,5680,5720,5610,5680,4655691,15.76
2023-04-19,5680,5840,5670,5760,7565270,15.82
2023-04-20,5750,5810,5700,5750,5169990,15.88
2023-04-21,5750,5760,5590,5710,5023455,16.07
2023-04-24,5700,5800,5680,5710,3219107,15.98
2023-04-25,5730,5770,5640,5680,4080030,16.1
2023-04-26,5600,5710,5560,5640,3286854,16.12
2023-04-27,5650,5730,5530,5700,4912882,16.14
2023-04-28,5820,5970,5660,5680,14219155,16.18
2023-05-02,5680,5690,5450,5530,6680564,16.06
2023-05-03,5480,5590,5360,5380,5077133,16.02
2023-05-04,5370,5450,5350,5350,2969413,15.96
2023-05-08,5390,5490,5360,5430,2899789,15.95
2023-05-09,5430,5720,5430,5610,6775294,16.03
2023-05-10,5630,5680,5560,5630,3183827,16.02
2023-05-11,5640,5700,5580,5600,2755988,15.99
2023-05-12,5580,5580,5440,5470,3407581,15.91
2023-05-15,5470,5590,5410,5530,2229958,15.91
2023-05-16,5520,5570,5450,5480,1979941,15.89
2023-05-17,5460,5510,5440,5490,1983153,15.89
2023-05-18,5520,5580,5490,5570,2417850,15.94
2023-05-19,5600,5750,5580,5680,3731494,15.98
2023-05-22,5710,5950,5710,5940,13930463,16.52
2023-05-23,5990,6080,5870,6040,10837813,16.91
2023-05-24,6020,6300,5990,6210,18347230,17.24
2023-05-25,6180,6260,6080,6140,6321557,17.29
2023-05-26,6110,6160,5970,6100,7592226,17.02
2023-05-30,6130,6300,6100,6180,7092032,17.02
2023-05-31,6190,6200,6080,6120,4437213,17.02
2023-06-01,6120,6180,6020,6050,4124593,17.08
2023-06-02,6090,6180,6040,6180,3991873,17.1
2023-06-05,6250,6450,6220,6450,14693270,17.37
2023-06-07,6500,6540,6410,6490,7328892,17.31
2023-06-08,6490,6620,6470,6570,10427281,17.24
2023-06-09,6570,6600,6450,6470,5129417,17.22
2023-06-12,6480,6550,6410,6530,4743100,17.27
2023-06-13,6550,6630,6460,6500,6070226,17.23
2023-06-14,6550,6640,6480,6570,6038543,17.21
2023-06-15,6570,6820,6570,6770,12414738,17.37
2023-06-16,6810,6960,6730,6890,11941781,17.37
2023-06-19,6920,6990,6750,6780,7124218,17.27
2023-06-20,6780,6970,6720,6880,7844283,17.22
2023-06-21,6910,6990,6810,6820,6826556,17.24
2023-06-22,6830,6850,6660,6740,5328965,17.32
2023-06-23,6700,6800,6570,6620,6341322,17.51
2023-06-26,6620,6680,6570,6620,3440406,17.44
2023-06-27,6620,6760,6570,6690,3997915,17.39
2023-06-28,6740,6750,6510,6560,4452051,17.39
2023-06-29,6520,6720,6510,6560,3529441,17.39
2023-06-30,6600,6730,6510,6670,4076756,17.43
2023-07-03,6730,6820,6600,6810,5431550,17.37
2023-07-04,6770,6990,6720,6940,8480495,17.38
2023-07-05,6960,7190,6870,7060,9223497,17.44
2023-07-06,7080,7110,7000,7050,6104172,17.31
2023-07-07,7000,7160,6960,7100,7268284,17.32
2023-07-10,7100,7360,7100,7200,8685330,17.32
2023-07-11,7240,7540,7180,7540,15613251,17.64
2023-07-12,7550,8500,7540,8170,49684273,18.5
2023-07-13,8250,8360,8050,8310,16240180,18.75
2023-07-14,8310,8390,8070,8310,14366312,18.93
2023-07-17,8320,8710,8230,8470,22244223,18.86
2023-07-18,8650,8660,8160,8200,15670212,18.86
2023-07-19,8200,8750,8200,8560,22670177,19.04
2023-07-20,8620,8640,8370,8530,9532547,18.97
2023-07-21,8530,8770,8480,8590,8886859,18.89
2023-07-24,8600,8670,8430,8480,9218625,18.92
2023-07-25,8400,8560,8290,8500,8474251,18.56
2023-07-26,8470,8490,8200,8370,12631727,18.73
2023-07-27,8490,8750,8100,8200,16275286,18.76
2023-07-28,8410,8950,8230,8890,31811488,19.2
2023-07-31,8940,9100,8780,9030,14112018,19.03
2023-08-01,9000,9150,8860,9100,9512587,19.09
2023-08-02,9090,9470,8920,9110,14675383,19.19
2023-08-03,9090,9090,8660,8810,11393563,18.91
2023-08-04,8810,9140,8800,8910,7979706,19.03
2023-08-07,8870,9020,8830,8890,6421512,19.09
2023-08-08,8960,9250,8950,9160,11259082,19.31
2023-08-09,9120,9190,8930,9130,5781641,19.29
2023-08-10,9090,9320,9090,9170,7918100,19.2
2023-08-11,9220,9230,9010,9160,5507403,19.25
2023-08-14,9080,9160,8570,8740,12173316,19.18
2023-08-16,8600,8820,8470,8510,9363695,19.48
2023-08-17,8500,8500,8150,8450,10869302,19.65
2023-08-18,8320,8430,8170,8310,5913620,19.65
2023-08-21,8300,8430,8170,8210,5608312,19.71
2023-08-22,8250,8380,8110,8290,6211656,19.81
2023-08-23,8230,8290,8110,8210,3920761,19.89
2023-08-24,8300,8300,8030,8210,6045915,20.0
2023-08-25,8130,8350,8130,8210,4591196,19.99
2023-08-28,8300,8640,8220,8610,7244029,19.97
2023-08-29,8650,8880,8550,8860,7215297,20.02
2023-08-30,8880,8880,8560,8600,6374271,19.88
2023-08-31,8610,8830,8560,8810,7314685,19.98
2023-09-01,8820,8880,8340,8340,8558425,19.78
2023-09-04,8310,8550,8310,8470,3338916,19.8
2023-09-05,8420,8460,8230,8310,4834612,19.78
2023-09-06,8300,8450,8240,8270,3835435,19.82
2023-09-07,8210,8260,8150,8210,2741705,19.87
2023-09-08,8240,8250,8140,8230,2401127,19.87
2023-09-11,8270,8430,8250,8400,3400912,19.87
2023-09-12,8430,8430,8260,8300,2412352,19.86
2023-09-13,8300,8380,8210,8340,2744335,19.87
2023-09-14,8330,8360,8220,8350,3100131,19.83
2023-09-15,8340,8620,8330,8540,5808030,19.91
2023-09-18,8550,8660,8460,8490,2645321,19.91
2023-09-19,8510,8680,8460,8470,2924774,19.89
2023-09-20,8450,8490,8300,8430,2850415,19.95
2023-09-21,8350,8390,8180,8200,3986416,20.18
2023-09-22,8040,8120,7820,8050,5301449,20.23
2023-09-25,8000,8130,7840,7900,4544676,20.72
2023-09-26,7930,8050,7800,7810,3172076,20.75
2023-09-27,7730,7860,7700,7840,2870436,20.74
2023-10-04,7750,7750,7420,7450,5853063,20.71
2023-10-05,7500,7560,7280,7280,5297838,20.79
2023-10-06,7280,7350,7040,7190,5841161,20.82
2023-10-10,7230,7530,7220,7290,5935527,20.76
2023-10-11,7410,7850,7400,7740,7041095,20.64
2023-10-12,7810,7870,7630,7760,4317802,20.53
2023-10-13,7680,7760,7580,7700,2737043,20.49
2023-10-16,7670,8100,7660,7820,5483662,20.27
2023-10-17,7850,7900,7790,7790,2972494,20.06
2023-10-18,7840,7870,7660,7670,3235835,20.18
2023-10-19,7560,7590,7380,7410,3528819,20.21
2023-10-20,7330,7480,7260,7360,3146667,20.2
2023-10-23,7300,7360,7180,7230,3078695,20.17
2023-10-24,7280,7370,7080,7350,3057650,20.15
2023-10-25,7380,7720,7370,7600,5215586,20.09
2023-10-26,7490,7650,7350,7360,4437143,20.13
2023-10-27,7360,7560,7150,7190,4795689,20.05
2023-10-30,7260,7410,7110,7220,4308158,20.03
2023-10-31,7310,7330,6810,6820,6740566,19.96
2023-11-01,6880,7040,6870,6910,3765965,20.01
2023-11-02,7050,7180,7020,7100,3479262,20.04
2023-11-03,7260,7270,7100,7260,2474122,20.06
2023-11-06,7390,7530,7290,7530,4803939,20.08
2023-11-07,7500,7500,7220,7370,3783980,20.0
2023-11-08,7400,7450,7180,7190,2778836,19.92
2023-11-09,7190,7210,6990,7160,3280364,20.01
2023-11-10,7080,7160,7040,7150,1881745,20.01
2023-11-13,7230,7260,7050,7080,2233514,20.05
2023-11-14,7170,7180,7100,7170,2621876,20.07
2023-11-15,7340,7580,7270,7530,6330063,20.11
2023-11-16,7540,7610,7340,7600,3875462,20.12
2023-11-17,7530,7570,7400,7400,2180590,20.08
2023-11-20,7430,7880,7400,7720,7165744,20.06
2023-11-21,7770,7780,7660,7710,3676185,20.03
2023-11-22,7710,8000,7680,7960,6619664,20.03
2023-11-23,7970,8060,7840,7890,3923585,20.0
2023-11-24,7850,7890,7610,7630,4619266,19.96
2023-11-27,7670,7880,7570,7840,3339491,19.96
2023-11-28,7870,8240,7840,8160,8956745,20.01
2023-11-29,8220,8300,7980,8020,5221415,19.98
2023-11-30,7990,8050,7890,7980,5325644,19.88
2023-12-01,8020,8180,7950,8130,4534094,19.92
2023-12-04,8220,8300,8120,8140,3702700,19.9
2023-12-05,8090,8260,8040,8080,2949049,19.94
2023-12-06,8100,8110,7880,7980,3552820,19.91
2023-12-07,7940,7980,7880,7900,2332405,19.92
2023-12-08,7970,7970,7870,7890,2333359,19.92
2023-12-11,7920,7930,7670,7860,3115959,19.89
2023-12-12,7900,8040,7830,8010,3059922,19.86
2023-12-13,7940,7970,7850,7860,2561723,19.85
2023-12-14,7960,8000,7820,7990,5474450,19.89
2023-12-15,8030,8040,7920,7960,3302420,19.92
2023-12-18,7900,7900,7260,7510,13795074,19.82
2023-12-19,7490,7630,7450,7560,4267795,19.95
2023-12-20,7570,7800,7570,7670,4478228,19.99
2023-12-21,7600,7690,7440,7520,4074312,19.93
2023-12-22,7550,7570,7440,7500,2773099,19.93
2023-12-26,7570,7570,7450,7500,2944403,19.89
2023-12-27,7450,7600,7450,7590,2453245,20.09
2023-12-28,7540,7750,7540,7750,3766471,20.37
2024-01-02,7750,7950,7680,7860,4594878,20.38
2024-01-03,7780,7790,7470,7480,6337057,20.34
2024-01-04,7490,7560,7450,7500,3136144,20.34
2024-01-05,7500,7540,7410,7450,2745258,20.36
2024-01-08,7420,7580,7390,7480,2752286,20.37
2024-01-09,7480,7560,7300,7310,4528971,20.36
2024-01-10,7310,7360,7240,7320,2392360,20.39
2024-01-11,7360,7380,7150,7160,4102374,20.37
2024-01-12,7180,7250,7150,7170,2226813,20.32
2024-01-15,7190,7370,7160,7350,2481415,20.3
2024-01-16,7300,7350,7150,7150,2536646,20.23
2024-01-17,7150,7200,7050,7050,3169094,20.18
2024-01-18,7050,7270,6980,7120,3068901,20.15
2024-01-19,7230,7530,7200,7520,5707748,20.37
2024-01-22,7610,7640,7520,7590,3772267,20.44
2024-01-23,7650,7720,7530,7570,3413165,20.47
2024-01-24,7560,7570,7360,7480,2441274,20.49
2024-01-25,7470,7590,7410,7570,2831283,20.57
2024-01-26,7570,7660,7570,7600,2813289,20.75
2024-01-29,7650,7650,7450,7450,2675457,20.73
2024-01-30,7480,7520,7130,7170,5291606,20.58
2024-01-31,7150,7350,7150,7310,3169802,20.71
2024-02-01,7270,7310,7100,7140,6361978,20.71
2024-02-02,7150,7280,7080,7250,3350285,20.71
2024-02-05,7240,7250,7080,7120,3876258,20.69
2024-02-06,7120,7340,7120,7210,3994954,20.64
2024-02-07,7330,7440,7210,7240,3371881,20.62
2024-02-08,7350,7400,7250,7330,4532219,20.61
2024-02-13,7390,7450,7290,7360,3291800,20.67
2024-02-14,7290,7310,7190,7220,3142516,20.61
2024-02-15,7290,7340,7200,7210,3624766,20.69
2024-02-16,7280,7340,7230,7300,2920733,20.87
2024-02-19,7300,7380,7240,7310,3467107,20.95
2024-02-20,7320,7360,7230,7250,2889239,20.98
2024-02-21,7280,7510,7260,7460,6155285,21.11
2024-02-22,7510,7600,7420,7490,4030870,21.14
2024-02-23,7540,7540,7370,7430,3004398,21.28
2024-02-26,7430,7460,7290,7410,3175821,21.78
2024-02-27,7470,7730,7390,7670,8177518,21.96
2024-02-28,7690,8070,7610,8020,12939422,22.39
2024-02-29,8050,8060,7850,7900,7120792,22.38
2024-03-04,7930,7950,7600,7620,7482701,22.44
2024-03-05,7620,7820,7600,7710,4246385,22.46
2024-03-06,7680,7840,7630,7730,3577807,22.46
2024-03-07,7730,7800,7660,7710,2848412,22.44
2024-03-08,7710,7780,7560,7660,4450867,22.49
2024-03-11,7640,8030,7630,8020,8881871,22.74
2024-03-12,8020,8230,7900,8070,6234864,22.8
2024-03-13,8120,8150,7920,7960,4729816,22.74
2024-03-14,7960,9210,7950,9010,59570843,23.8
2024-03-15,9200,9390,8810,8850,30802039,23.85
2024-03-18,9040,9090,8850,9000,13726975,23.89
2024-03-19,8980,8990,8570,8690,12559934,23.79
2024-03-20,8770,8960,8730,8810,8707754,23.88
2024-03-21,8890,8890,8710,8850,7200530,23.93
2024-03-22,8900,9120,8780,9080,10896492,24.09
2024-03-25,9110,9140,8910,8960,5580533,24.09
2024-03-26,9000,9110,8910,9060,6500262,24.08
2024-03-27,8980,9020,8590,8700,9932109,24.04
2024-03-28,8680,8840,8600,8620,5105794,24.05
2024-03-29,8680,8730,8500,8560,4174667,24.09
2024-04-01,8600,8630,8470,8560,4061087,24.11
2024-04-02,8530,8720,8290,8650,8074707,24.06
2024-04-03,8670,8850,8580,8710,7778210,23.97
2024-04-04,8770,8780,8560,8740,4825682,23.93
2024-04-05,8580,8840,8580,8660,3646034,23.93
2024-04-08,8660,8660,8460,8480,3865767,23.95
2024-04-09,8470,8860,8470,8670,6603342,24.12
2024-04-11,8530,8630,8380,8500,4276806,24.16
2024-04-12,8520,9000,8440,8910,10316966,24.4
2024-04-15,8850,9190,8800,9060,10496539,24.43
2024-04-16,8970,9120,8660,8760,7803410,24.26
2024-04-17,8800,8910,8670,8690,5218845,24.19
2024-04-18,8800,9710,8800,9540,39373854,25.51
2024-04-19,9580,9640,9220,9630,23296284,25.49
2024-04-22,9870,10120,9390,9480,22306091,25.29
2024-04-23,9560,9900,9520,9630,18586575,25.25
2024-04-24,9750,9940,9590,9640,14348406,25.27
2024-04-25,9570,9670,9330,9470,8137494,25.32
2024-04-26,9580,9940,9540,9850,17468877,25.53
2024-04-29,9800,9810,9460,9600,12204336,25.16
2024-04-30,9550,9670,9400,9450,9872037,25.36
2024-05-02,9410,9550,9400,9430,5154284,25.39
2024-05-03,9490,9510,9360,9390,4495093,25.45
2024-05-07,9420,9650,9400,9600,7176086,25.94
2024-05-08,9650,9860,9580,9670,8024055,26.4
2024-05-09,9710,9970,9690,9830,13759085,26.7
2024-05-10,9970,10050,9750,9890,8943032,26.87
2024-05-13,9980,10300,9940,10170,15617471,27.27
2024-05-14,10170,10230,10020,10130,7191374,27.3
2024-05-16,10220,10230,10040,10150,7611123,27.36
2024-05-17,10110,10140,9770,9920,8373818,27.3
2024-05-20,9910,10100,9830,9870,5878775,27.35
2024-05-21,9850,9910,9740,9800,4443642,27.39
2024-05-22,9800,9800,9270,9380,10965643,27.43
2024-05-23,9290,9580,9250,9500,5126388,27.48
2024-05-24,9380,9760,9360,9650,5020993,27.64
2024-05-27,9700,9720,9450,9570,3579749,27.61
2024-05-28,9570,9690,9500,9540,3041833,27.62
2024-05-29,9490,9520,9390,9400,3530764,27.66
2024-05-30,9400,9480,9270,9320,4522692,27.74
2024-05-31,9360,9380,9130,9160,6263725,27.63
2024-06-03,9220,10120,9130,9600,17818481,27.89
2024-06-04,9520,9700,9350,9400,8245620,27.75
2024-06-05,9460,9490,9210,9270,4979588,27.72
2024-06-07,9280,9520,9280,9360,4792938,27.77
2024-06-10,9310,9420,9250,9320,2704465,27.78
2024-06-11,9500,9500,9180,9220,4569574,27.65
2024-06-12,9170,9270,8950,9140,6272659,27.67
2024-06-13,8800,9080,8790,8910,12078697,27.89
2024-06-14,8900,9190,8840,9040,6984197,28.03
2024-06-17,9050,9090,8880,8890,4236357,27.95
2024-06-18,8980,8990,8850,8860,2922469,27.94
2024-06-19,8890,9080,8890,9050,5006873,27.95
2024-06-20,9060,9090,8920,8970,3859998,27.81
2024-06-21,9030,9170,8860,8890,6598905,27.79
2024-06-24,8850,9080,8800,8950,6017203,27.95
2024-06-25,9030,9630,8990,9290,17773640,28.49
2024-06-26,9290,9520,9200,9400,7311052,28.55
2024-06-27,9320,9450,9280,9430,4886765,28.63
2024-06-28,9430,9490,9220,9350,4799314,28.6
2024-07-01,9370,9870,9320,9680,11996745,28.78
2024-07-02,9690,9700,9450,9620,5270315,28.76
2024-07-03,9670,9680,9290,9440,5577928,28.65
2024-07-04,9410,9600,9340,9520,3899629,28.67
2024-07-05,9590,9640,9450,9560,4624967,28.7
2024-07-08,9560,9850,9540,9800,6538033,28.89
2024-07-09,9810,9840,9660,9700,3289800,28.83
2024-07-10,9670,9930,9650,9840,6564407,28.94
2024-07-11,9910,9920,9770,9830,3657611,28.94
2024-07-12,9810,9900,9710,9900,3775805,28.99
2024-07-15,9980,10100,9910,9940,6635356,29.11
2024-07-16,9990,10290,9900,10280,11737001,29.48
2024-07-17,10350,11000,10350,10930,29719406,30.18
2024-07-18,10930,11380,10840,11070,23326291,30.8
2024-07-19,11000,11140,10520,10550,9464533,30.76
2024-07-22,10520,10770,10380,10600,8304476,30.62
2024-07-23,10650,11000,10600,11000,9626178,30.76
2024-07-24,10910,11270,10850,11090,7271938,30.8
2024-07-25,10930,11260,10760,10950,11020100,30.92
2024-07-26,11190,12280,11100,11870,42712575,32.05
2024-07-29,11990,12120,11690,11830,11072238,31.97
2024-07-30,11760,11920,11470,11630,7768630,31.94
2024-07-31,11600,11990,11570,11710,9325409,31.89
2024-08-01,11630,11890,11520,11680,5812145,31.91
2024-08-02,11510,11670,11140,11300,9157050,32.03
2024-08-05,10960,11000,9540,10050,19668979,32.05
2024-08-06,10580,11090,10300,10710,17582157,32.08
2024-08-07,10780,10890,10530,10590,8283852,31.89
2024-08-08,10480,11020,10340,10920,9056376,31.88
2024-08-09,11060,11300,10920,10940,6466610,31.86
2024-08-12,11010,11280,10840,11130,5431821,31.94
2024-08-13,11050,11180,10720,10760,5350939,31.84
2024-08-14,10850,10880,10560,10740,5102175,31.87
2024-08-16,10920,11190,10780,10820,7671575,31.88
2024-08-19,10820,11080,10720,10800,4663765,31.84
2024-08-20,10900,11280,10760,11240,6740085,32.03
2024-08-21,11160,11390,11040,11140,4647832,32.01
2024-08-22,11150,11190,10490,10680,8310968,31.77
2024-08-23,10620,10690,10510,10560,3759018,31.67
2024-08-26,10560,10590,10130,10150,7180809,31.49
2024-08-27,10190,10390,10070,10280,4659883,31.46
2024-08-28,10320,10520,10230,10290,4389872,31.45
2024-08-29,10250,10320,10130,10150,2849714,31.42
2024-08-30,10260,10500,10210,10490,5664621,31.45
2024-09-02,10500,10510,10130,10170,4074018,31.4
2024-09-03,10190,10300,10130,10280,2960846,31.49
2024-09-04,9960,10150,9870,10000,5685023,31.51
2024-09-05,10070,10100,9670,9820,5636071,31.58
2024-09-06,9820,9910,9530,9610,5048487,31.65
2024-09-09,9330,9830,9330,9820,3393854,31.72
2024-09-10,9850,10090,9720,9970,3851491,31.8
2024-09-11,10090,10140,9720,9810,3478833,31.75
2024-09-12,9910,10040,9690,10040,3421771,31.8
2024-09-13,10010,10340,10000,10340,4359126,31.89
2024-09-19,10410,10540,10280,10500,4989167,31.97
2024-09-20,10650,10750,10510,10630,5826366,32.0
2024-09-23,10680,11000,10620,10920,7301358,32.29
2024-09-24,10920,10970,10680,10970,3841200,32.35
2024-09-25,11070,11160,10760,10790,4460871,32.38
2024-09-26,10790,10910,10740,10860,2676366,32.4
2024-09-27,10820,10870,10160,10180,9129264,32.11
2024-09-30,10150,10250,9990,10030,5152225,32.07
2024-10-02,9900,10240,9900,10050,3705826,32.12
2024-10-04,10070,10150,10010,10040,2816110,31.99
2024-10-07,9970,10020,9670,10010,5788466,31.9
2024-10-08,9900,10040,9840,9860,3544229,31.92
2024-10-10,9980,10310,9910,10180,5735546,32.04
2024-10-11,10210,10220,9840,9870,4212463,31.85
2024-10-14,9870,9940,9840,9880,2323172,31.79
2024-10-15,9940,10270,9930,10230,4932381,31.98
2024-10-16,10160,10200,10020,10060,2404247,31.9
2024-10-17,10090,10290,9980,10250,3246049,31.91
2024-10-18,10290,10290,10010,10050,2737975,31.85
2024-10-21,10050,10060,9950,10000,1880924,31.83
2024-10-22,9960,10040,9850,9990,2443596,31.79
2024-10-23,10000,10270,9870,10140,3920243,31.96
2024-10-24,10120,10180,10000,10050,2488059,31.94
2024-10-25,10150,10310,9870,9900,4728500,31.84
2024-10-28,9950,9960,9690,9720,4047598,31.75
2024-10-29,9710,9780,9640,9750,2735915,31.78
2024-10-30,9740,9750,9570,9590,2794366,31.73
2024-10-31,9600,9680,9420,9590,3789608,31.73
2024-11-01,9490,9550,9330,9470,2900544,31.74
2024-11-04,9470,9630,9450,9540,2213090,31.75
2024-11-05,9480,9710,9480,9620,2290598,31.76
2024-11-06,9670,10010,9520,9920,4675227,31.86
2024-11-07,9970,10980,9970,10830,24408089,32.63
2024-11-08,11020,11210,10680,11010,11381616,32.98
2024-11-11,11140,11940,11010,11820,24976740,33.38
2024-11-12,11840,11920,11450,11580,11702210,33.44
2024-11-13,11600,11650,11050,11230,9143856,33.52
2024-11-14,11400,11850,11320,11720,10977097,33.6
2024-11-15,11750,11900,11550,11890,8290149,33.78
2024-11-18,11740,11890,11410,11690,7581885,33.9
2024-11-19,11740,12200,11550,11750,11393023,34.02
2024-11-20,11680,11960,11510,11900,6592223,34.0
2024-11-21,11920,12030,11680,11810,4626802,33.99
2024-11-22,11900,12090,11730,12030,7082726,33.98
2024-11-25,12100,12290,11880,11910,11034315,33.73
2024-11-26,11940,11970,11560,11820,5361586,33.8
2024-11-27,11820,12180,11810,11900,6590705,33.77
2024-11-28,11900,12150,11730,11840,4034644,33.68
2024-11-29,11830,11840,11500,11620,5097128,33.64
2024-12-02,11650,11700,10810,10920,9914596,33.57
2024-12-03,10960,11280,10950,11110,4220808,33.52
2024-12-04,10810,11160,10600,11050,6956808,33.56
2024-12-05,11000,11250,10800,10870,3038570,33.55
2024-12-06,10870,10900,10370,10630,5739815,33.59
2024-12-09,10300,10390,9950,9990,9173616,33.59
2024-12-10,10110,10530,10040,10410,6239095,33.42
2024-12-11,10410,11150,10340,11100,6806428,33.48
2024-12-12,11110,11200,10970,11100,5740090,33.42
2024-12-13,11100,11420,11070,11350,4939835,33.27
2024-12-16,11440,11450,11070,11230,4311246,33.19
2024-12-17,11180,11300,11030,11070,2719917,33.16
2024-12-18,11100,11500,11050,11290,4780098,33.23
2024-12-19,11000,11420,10830,11290,4425104,33.26
2024-12-20,11350,11390,11090,11180,4154553,33.25
2024-12-23,11330,11570,11230,11490,6192894,33.37
2024-12-24,11550,11700,11330,11360,3839366,33.26
2024-12-26,11410,11790,11410,11600,7560053,33.42
2024-12-27,11600,11640,11270,11310,4341149,33.45
2024-12-30,11250,11450,11180,11300,3362236,33.49
2025-01-02,11260,11700,11220,11500,4162726,33.53
2025-01-03,11540,11750,11310,11410,4752240,33.48
2025-01-06,11430,11470,11230,11420,3183728,33.46
2025-01-07,11540,11830,11530,11830,8709620,33.65
2025-01-08,11880,12020,11760,12010,6610982,33.65
2025-01-09,12000,12100,11820,12030,6214840,33.65
2025-01-10,12000,12350,11720,12250,8987670,33.71
2025-01-13,12300,12310,11650,11700,10710382,33.3
2025-01-14,11760,12140,11760,11850,8239384,33.33
2025-01-15,11920,13350,11860,13000,39256225,33.97
2025-01-16,13010,13350,12850,13350,18099325,34.18
2025-01-17,13370,13670,13120,13540,12233920,34.17
2025-01-20,13590,13590,13130,13490,10569926,34.02
2025-01-21,13580,13860,13530,13670,14222288,33.75
2025-01-22,13670,13810,13230,13300,10818247,33.67
2025-01-23,13300,13340,12700,12730,12660592,33.55
2025-01-24,12790,13080,12700,12910,7043782,33.52
2025-01-31,13000,13270,12900,13010,7145165,33.37
2025-02-03,12800,13080,12750,12940,5261381,33.36
2025-02-04,13100,13450,12950,13350,9177720,33.45
2025-02-05,13540,13630,13100,13400,9529635,33.33
2025-02-06,13100,13340,12770,12950,16568228,33.11
2025-02-07,12910,12930,12630,12770,6918096,33.05
2025-02-10,12710,13190,12520,12590,9259813,33.08
2025-02-11,12690,12890,12470,12700,7522540,33.04
2025-02-12,12720,13490,12720,13460,18472865,33.28
2025-02-13,13600,13690,13190,13410,13407597,33.34
2025-02-14,13440,13440,12620,12710,15311815,32.83
2025-02-17,12720,12920,12620,12710,7181439,32.6
2025-02-18,12830,12980,12770,12930,10215821,32.53
2025-02-19,12950,15220,12870,14730,70378157,33.16
2025-02-20,14680,14680,13500,13590,31385870,32.83
2025-02-21,13290,13570,13150,13370,13079911,32.61
2025-02-24,13450,14400,13080,13910,37276349,32.71
2025-02-25,13970,15190,13720,15050,47508639,32.98
2025-02-26,15390,15620,14740,14950,27033764,32.5
2025-02-27,14920,15100,14450,15020,14547065,32.07
2025-02-28,14720,15000,13950,13950,21347885,31.25
2025-03-04,14120,14760,14030,14240,21833027,30.88
2025-03-05,14400,15150,14000,15000,33447308,30.85
2025-03-06,14990,15265,14660,14940,16372769,30.86
2025-03-07,14740,15090,14580,14860,11696479,30.88
2025-03-10,15010,15040,14240,14530,12163860,30.67
2025-03-11,14000,14280,13770,14220,13593507,30.6
2025-03-12,14740,15490,14220,14360,49016196,30.72
2025-03-13,14550,14850,14050,14080,19036020,30.31
2025-03-14,14160,14430,14090,14320,8537547,30.26
2025-03-17,14430,15140,14260,14790,20321168,30.5
2025-03-18,14970,15450,14860,15440,26324577,30.88
2025-03-19,15480,15840,15120,15210,17296217,30.77
2025-03-20,15330,15330,14530,14540,14987688,30.42
2025-03-21,14450,14690,14140,14580,10733577,30.32
2025-03-24,14600,14740,14480,14670,4698983,30.29
2025-03-25,14650,14740,13960,14000,8624345,30.27
2025-03-26,13910,14190,13850,14070,5526680,30.36
2025-03-27,14390,14400,13720,13770,8427365,30.33
2025-03-28,13760,13950,13560,13830,5394036,30.48
2025-03-31,13460,13810,13270,13480,6953048,30.69
2025-04-01,13710,14100,13690,14050,5701503,30.65
2025-04-02,14110,14160,13800,13880,4760760,30.41
2025-04-03,13600,14030,13550,14010,6798766,30.27
2025-04-04,13790,14230,13380,13720,9496140,30.02
2025-04-07,13170,13180,12650,12720,7764209,29.95
2025-04-08,13040,13350,12780,13220,7087137,29.97
2025-04-09,13530,13610,12930,13040,7249419,29.83
2025-04-10,13790,13990,13540,13950,8268063,29.94
2025-04-11,14150,14520,14090,14500,10701486,29.94
2025-04-14,14810,14820,14370,14450,6055197,29.95
2025-04-15,14550,14620,14400,14540,4038501,29.94
2025-04-16,14550,14830,14370,14490,5931178,30.0
2025-04-17,14570,14900,14560,14900,6465940,30.19
2025-04-18,15010,15150,14370,14520,7886520,30.02
2025-04-21,14520,14530,13920,13990,9035695,29.87
2025-04-22,13840,14180,13840,14100,4738010,29.98
2025-04-23,14210,14330,14070,14300,3820358,29.94
2025-04-24,14310,14600,14020,14590,6597321,29.85
2025-04-25,14500,14900,14270,14720,14117412,29.59
2025-04-28,14980,15720,14800,15150,24860498,30.06
2025-04-29,15150,15150,14640,14970,8316655,29.94
2025-04-30,15000,15060,14400,14570,7953329,29.74
2025-05-02,14510,14790,14510,14610,3540289,29.79
2025-05-07,14880,14980,14730,14880,4638207,29.91
2025-05-08,14860,14880,14700,14730,4469905,29.85
2025-05-09,14760,15020,14660,14840,4173954,29.92
2025-05-12,14970,15180,14400,14500,8029437,29.73
2025-05-13,14300,14490,14150,14260,6038035,29.67
2025-05-14,14340,14690,14320,14590,5736590,30.01
2025-05-15,14540,14580,14240,14420,4579454,29.87
2025-05-16,14460,14720,14430,14550,4091070,29.95
2025-05-19,14410,14590,14180,14300,4276119,29.85
2025-05-20,14400,14450,14030,14190,4618493,29.92
2025-05-21,14250,14970,14250,14890,11124325,30.49
2025-05-22,14740,14760,14490,14500,4322785,30.28
2025-05-23,14550,14580,14310,14430,3217358,30.15
2025-05-26,14430,15120,14370,15100,11213168,30.73
2025-05-27,15400,16380,15350,16350,29577904,31.89
2025-05-28,16540,16600,15590,15670,13597788,31.75
2025-05-29,15890,16330,15620,16140,9267571,31.91
2025-05-30,16420,17080,16290,16900,22615588,32.09
2025-06-02,17060,17290,16460,16790,8741868,31.83
2025-06-04,16940,16940,16100,16880,9351134,31.99
2025-06-05,16950,17160,16620,16750,7276443,31.49
2025-06-09,16760,16930,16310,16650,7235078,31.53
2025-06-10,16690,17250,16650,17250,10908337,31.83
2025-06-11,17520,17520,16890,17320,7526962,31.82
2025-06-12,17270,17930,17270,17580,10040856,32.03
2025-06-13,17700,17930,17390,17690,6763155,32.06
2025-06-16,17630,18090,17500,18070,7131780,32.11
2025-06-17,18200,18550,17570,17870,9768344,31.81
2025-06-18,17720,18000,17650,17850,5050898,31.94
2025-06-19,17590,17670,16970,17440,10001704,32.01
2025-06-20,17090,17100,16500,16870,13125958,31.9
2025-06-23,16700,17160,16500,16650,8517458,31.9
2025-06-24,17000,17310,16810,17060,8139059,31.83
2025-06-25,17190,17680,16470,16530,7951547,31.67
2025-06-26,16660,16660,16050,16320,6443565,31.7
2025-06-27,16460,16640,16100,16160,3841073,31.61
2025-06-30,16250,17030,16250,16760,8343891,31.59
2025-07-01,16880,17350,16640,16780,8032862,31.52
2025-07-02,16710,16890,16270,16540,4953727,31.45
2025-07-03,16580,16780,16210,16290,4760013,31.32
2025-07-04,16360,16440,15710,15720,5615357,31.19
2025-07-07,15610,16280,15610,16210,5176099,31.24
2025-07-08,16600,17550,16590,17320,17193421,31.67
2025-07-09,17350,17800,17120,17770,8466148,31.72
2025-07-10,17610,17910,17360,17880,6074481,31.87
2025-07-11,17880,17930,17460,17540,4543162,31.8
2025-07-14,17250,17520,17090,17440,3453112,31.87
2025-07-15,17400,18090,17310,18040,7887623,31.97
2025-07-16,18010,18170,17860,17900,5388398,31.82
2025-07-17,17960,19000,17700,18910,14421793,32.1
2025-07-18,18820,18860,18520,18790,4459262,31.99
2025-07-21,19000,19550,18880,19400,7802994,32.1
2025-07-22,19390,19780,19110,19570,7718383,32.15
2025-07-23,19540,19540,18980,19140,8099585,31.99
2025-07-24,19380,19730,19240,19450,6994488,32.05
2025-07-25,19270,19270,18580,18870,9927667,31.82
2025-07-28,19300,19400,18590,18630,10226567,31.44
2025-07-29,18850,18920,18280,18740,6860532,31.15
2025-07-30,18870,19230,18780,18950,6119296,31.23
2025-07-31,19510,19670,18780,19040,13757481,31.15
2025-08-01,19060,19240,18000,18580,8275504,31.14
2025-08-04,18660,18930,18300,18790,4664421,31.11
2025-08-05,19000,20200,19000,19750,15310217,31.44
2025-08-06,19590,19870,19450,19600,4162383,31.37
2025-08-07,19650,19790,19430,19590,5319173,31.21
2025-08-08,19590,19690,19280,19320,5064092,31.17
2025-08-11,19350,19420,19000,19120,4274535,31.23
2025-08-12,19060,19580,18790,18810,5759585,31.26
2025-08-13,19010,19420,18870,19030,5263310,31.32
2025-08-14,19010,19040,18640,18890,4235912,31.29
2025-08-18,18840,19530,18770,19290,8441758,31.4
2025-08-19,19460,19460,18600,18680,6691630,31.28
2025-08-20,18400,18990,18210,18930,5631299,31.22
2025-08-21,18980,19320,18920,19250,4466975,31.41
2025-08-22,19230,20100,19230,19850,10910604,31.69
2025-08-25,20250,20250,19610,20000,5634806,31.71
2025-08-26,20950,21450,19800,20600,17286480,31.77
2025-08-27,20800,22000,20700,22000,17154535,32.27
2025-08-28,21600,21750,21250,21400,5780730,32.19
2025-08-29,21450,21600,21050,21300,5273743,32.03
2025-09-01,21650,21650,20650,20800,4691083,31.92
2025-09-02,21100,21550,20700,21050,4828981,31.88
2025-09-03,21050,21350,20850,21050,3071506,31.83
2025-09-04,20950,21200,20700,20950,3658360,31.78
2025-09-05,20800,21400,20550,21100,4068688,31.87
2025-09-08,21200,21650,21000,21250,3793240,31.83
2025-09-09,21550,21550,20900,21050,3711621,31.73
2025-09-10,20800,21700,20700,21550,4851699,31.95
2025-09-11,22700,22800,22150,22350,8745363,31.89
2025-09-12,22600,22600,21750,22000,5479298,31.8
2025-09-15,21800,21900,21500,21600,3308425,31.81
2025-09-16,21750,21850,21450,21500,2558149,31.74
2025-09-17,21800,21850,21500,21550,2625089,31.72
2025-09-18,21550,21700,21150,21450,3531716,31.73
2025-09-19,21350,21500,21200,21450,3944709,31.77
2025-09-22,21400,21450,21100,21250,2866130,31.72
2025-09-23,21150,21450,20950,21300,2662062,31.76
2025-09-24,21450,21950,21400,21850,4334728,31.86
2025-09-25,22000,22400,21800,21950,4568312,31.91
2025-09-26,21850,21900,20700,20850,5081199,31.58
2025-09-29,20850,21400,20650,21350,2284914,31.69
2025-09-30,21300,22100,21150,21900,5027918,31.91
2025-10-01,22000,22050,21525,21850,3155674,31.93
2025-10-02,21900,22000,21450,21850,5048145,32.03
2025-10-10,21900,22450,21500,22400,5688788,32.01
2025-10-13,21950,22600,21850,22250,4166827,32.06
2025-10-14,22100,22400,20850,21200,6932951,31.86
2025-10-15,21300,21700,21100,21550,4269308,31.72
2025-10-16,21750,22750,21700,22300,5756241,31.91
2025-10-17,22450,22700,22200,22550,5457195,32.14
2025-10-20,22550,22700,22200,22600,3271374,32.08
2025-10-21,22750,23900,22700,23700,9297415,32.38
2025-10-22,24300,24350,23200,24100,7313032,32.21
2025-10-23,23700,24200,23450,23900,4843926,32.21
2025-10-24,24450,25450,24200,24800,12703691,32.33
2025-10-27,25900,29450,25750,29100,26228067,32.79
2025-10-28,30850,30900,29000,29950,19412962,32.32
2025-10-29,30200,30550,29250,30000,12108562,32.16
2025-10-30,32300,32500,29750,30300,12892031,31.82
2025-10-31,29150,30050,29150,29550,6072391,31.81
2025-11-03,29900,30200,28850,28950,7643998,31.71
2025-11-04,28750,29000,28300,28700,6496008,31.85
2025-11-05,28100,28200,26500,27450,7768023,31.84
2025-11-06,28000,28100,26050,26150,8090477,31.67
2025-11-07,25500,26800,25450,26300,7392826,31.5
2025-11-10,27050,27300,26550,27050,4105719,31.34
2025-11-11,27350,27700,26200,26400,4352613,31.22
2025-11-12,26700,27000,26100,26250,3838511,31.14
2025-11-13,26200,26750,25800,26500,4577984,31.13
2025-11-14,25850,26850,25750,26300,7153065,30.86
2025-11-17,26600,26600,25800,26200,2858273,30.81
2025-11-18,25800,26350,25200,25300,3454430,30.85
2025-11-19,25400,25600,24250,25350,4771489,30.9
2025-11-20,25800,26650,25600,26450,3959325,30.92
2025-11-21,25850,26000,25250,25350,2758376,30.83
2025-11-24,25600,25650,24400,25050,4497758,30.87
2025-11-25,25500,25800,24650,24800,2791063,30.94
2025-11-26,25000,25350,24600,25350,2545479,30.96
2025-11-27,25400,25700,25050,25300,2199577,30.93
2025-11-28,25250,25350,24450,24600,3088484,30.89
2025-12-01,24750,25000,24100,24200,2925839,30.92
2025-12-02,24350,24900,24200,24500,2592148,30.94
2025-12-03,24800,24900,24375,24700,2073087,30.89
2025-12-04,24750,24950,24450,24650,2087023,30.86
2025-12-05,24700,25450,24500,25450,3622933,30.94
2025-12-08,26150,26150,25300,25900,3685336,30.79
2025-12-09,25800,27350,25750,27050,8294235,30.73
2025-12-10,26850,26850,26100,26250,3433004,30.55
2025-12-11,26600,26650,25750,25800,3676341,30.58
2025-12-12,26050,26300,25850,26300,2055965,30.61
2025-12-15,25900,26050,25500,25700,2308471,30.61
2025-12-16,25600,25700,24800,24900,3177444,30.57
2025-12-17,25100,25100,24150,24450,3501244,30.48
2025-12-18,24050,24200,23700,23800,2880421,30.51
2025-12-19,24150,25400,24100,25400,5067006,30.67
2025-12-22,25700,25750,24650,24850,3949474,30.5
2025-12-23,25300,25400,24750,25150,3938965,30.49
2025-12-24,25500,25550,24450,24500,3542890,30.42
2025-12-26,24600,24650,23850,23950,3963711,30.5
2025-12-29,24050,24750,23900,24600,2736206,30.58
2025-12-30,24300,24350,24050,24100,2127669,30.57
2026-01-02,24200,24300,23700,24150,3718965,30.64
2026-01-05,24000,24600,23850,24450,4850792,30.7
2026-01-06,24600,24900,24250,24800,4174024,30.72
2026-01-07,24850,26250,24700,25350,9461120,30.92
2026-01-08,25500,26600,25300,26350,10106706,31.2
2026-01-09,26700,28650,26350,28650,17655455,31.83
2026-01-12,28500,28500,27700,28150,8383206,31.67
2026-01-13,28350,29100,28050,28950,7973542,31.82
2026-01-14,28800,29800,28100,28350,7752081,31.9
2026-01-15,28700,30350,28200,30150,14217617,32.27
2026-01-16,30350,30400,29350,29750,7707931,32.27
2026-01-19,30200,32000,30000,31850,13986259,32.86
2026-01-20,31400,31750,30450,30850,7879206,32.73
2026-01-21,29750,31050,29750,30550,6837329,32.71
2026-01-22,31200,31250,29850,30100,6333894,32.7
2026-01-23,30250,31000,30100,30400,5169454,32.7
2026-01-26,30650,30750,29850,29900,4473843,32.71
2026-01-27,30350,30650,29550,30300,5506371,32.81
2026-01-28,30250,30450,29700,30200,5186699,32.85
2026-01-29,30050,30050,29100,29800,5954094,32.8
2026-01-30,29950,30050,29300,29450,4581402,32.87
2026-02-02,29000,29050,27050,27400,7867505,32.78
2026-02-03,28250,28650,27550,28650,4349684,32.74
2026-02-04,28950,29400,28650,29250,3808979,32.74
2026-02-05,28950,29500,28000,28100,4561981,32.68
2026-02-06,27200,27800,26500,27500,4132311,32.65
2026-02-09,28450,28450,27550,27950,3048535,32.62
2026-02-10,28450,28750,27800,27850,3195433,32.63
2026-02-11,28050,28300,27500,28000,3056046,32.66
2026-02-12,28150,28200,27800,28150,3276405,32.64
2026-02-13,27750,28000,27450,27700,4016587,32.74
2026-02-19,28350,29050,28300,28900,4320725,32.83
2026-02-20,29250,29550,28650,29500,4746560,32.87
2026-02-23,29800,29850,29000,29250,3901161,32.96
2026-02-24,28950,29000,28350,29000,3285653,32.97
2026-02-25,29300,29300,28800,28950,3242793,33.01
2026-02-26,29000,29000,28300,28700,3985120,33.05
2026-02-27,28950,29500,28850,28950,5960960,33.24
2026-03-03,29000,29850,27800,28000,8079601,33.32
2026-03-04,26450,27000,23000,23500,9682363,33.5
2026-03-05,27000,27600,25850,27200,7460215,33.61
2026-03-06,26450,27800,26350,27600,4474681,33.61
2026-03-09,26600,29250,26300,28550,9475420,33.57
2026-03-10,29000,29100,27050,27850,6007838,33.38
2026-03-11,28400,29750,28300,28800,8783284,33.87
2026-03-12,28900,30950,28700,30850,16051728,34.6
2026-03-13,31200,31450,29950,30700,10586604,34.48
2026-03-16,30500,30500,28550,28750,7119239,34.14
2026-03-17,29300,30100,28600,29150,5136148,34.12
2026-03-18,29350,29600,28700,29100,4223905,34.05
2026-03-19,28700,28950,28500,28500,2252176,34.05
2026-03-20,28750,29950,28150,28550,5947337,33.98
2026-03-23,27600,27650,26000,26000,7716407,33.53
2026-03-24,27300,27350,25600,26400,3598063,33.45
2026-03-25,27100,27250,26250,26850,3901636,33.4
2026-03-26,27350,27500,26300,26350,2633814,33.35
2026-03-27,25700,26150,25000,26000,3215404,33.32
2026-03-30,24550,24900,24200,24500,6468387,33.18
2026-03-31,24650,25400,24200,24450,6237363,33.01
2026-04-01,25650,27400,25400,27000,6677308,33.06
2026-04-02,28750,28950,26550,26900,8177473,32.98
2026-04-03,27800,28350,27300,27900,4444306,32.97
2026-04-06,27700,28100,27000,27000,2511576,32.87
2026-04-07,27250,27550,26500,26800,2298734,32.89
2026-04-08,28050,28400,27800,28300,3725176,32.94
2026-04-09,28950,29000,28000,28150,4456036,32.91
2026-04-10,28650,29300,28450,28550,3057410,32.92
2026-04-13,27850,28000,27500,27600,3225328,32.81
2026-04-14,28100,28150,27650,27900,3450573,32.69
2026-04-15,28350,28800,28000,28100,3562619,32.65
2026-04-16,28400,29000,28150,28700,4104793,32.7
2026-04-17,28850,29250,28200,29050,3466991,32.67
2026-04-20,29150,29250,28550,28550,2830919,32.6
2026-04-21,28750,30450,28650,30200,7744560,32.76
2026-04-22,30350,32350,30050,31800,13693156,32.93
2026-04-23,32700,35350,31800,34000,24473941,33.1
2026-04-24,35050,35100,33550,34400,11182486,32.86
2026-04-27,34700,34750,33100,33450,8131764,32.51
2026-04-28,33050,33600,32650,33350,5172968,32.51
2026-04-29,32950,33700,32450,33000,4029344,32.47
2026-04-30,33350,33400,32200,32350,4422860,32.47
2026-05-04,33000,33100,31350,32250,8153424,32.19
2026-05-06,33000,33000,31600,31850,6287836,32.06
2026-05-07,32250,33750,31900,33700,10126534,32.22
2026-05-08,33600,33650,31700,31950,7842517,31.64
2026-05-11,32700,35350,32500,33950,15532322,31.99
2026-05-12,34050,34050,30650,31400,13967315,31.27
2026-05-13,32200,32200,30250,31050,7381743,31.05
2026-05-14,31250,31350,29900,30150,8383407,30.81
2026-05-15,30850,30850,28750,29300,8257612,30.59
2026-05-18,28950,30050,27800,29550,6497447,30.51
2026-05-19,29800,29950,28000,28550,4786989,30.31
2026-05-20,28650,28900,27200,27650,5243143,30.27
2026-05-21,28550,28900,28250,28650,3871343,30.17
2026-05-22,29150,29700,28800,29500,3959836,30.1
2026-05-26,30300,30950,29850,30450,5655369,30.03
2026-05-27,30050,30250,29350,29450,5494897,30.1
2026-05-28,29800,29950,27500,28400,4914422,30.16
2026-05-29,28850,28900,27350,27950,7575227,30.1
2026-06-01,27900,28700,27400,27550,5153277,30.13
2026-06-02,27300,28650,26050,27700,11983620,29.82
2026-06-04,29900,30150,28350,28400,9541471,29.47
2026-06-05,28150,28950,27300,27750,5511503,29.44
2026-06-08,25950,27050,25750,26100,4092220,29.39
2026-06-09,26350,26800,25550,25850,5590102,29.08
2026-06-10,25900,26500,25100,26000,5349329,28.87
2026-06-11,25150,25500,24550,25300,5283301,28.72
2026-06-12,26450,27600,26300,26900,4967296,28.79
2026-06-15,28200,28900,27650,28650,4610656,28.75
2026-06-16,28750,29400,28100,28100,4700796,28.73
2026-06-17,28450,29800,28150,28950,5929084,28.8
2026-06-18,28800,29050,27500,27700,3766273,28.73
2026-06-19,27900,28300,26500,27550,6326331,28.77
2026-06-22,27200,27550,26200,26200,3240196,28.71
2026-06-23,26700,27100,24200,24300,5128881,28.67
2026-06-24,24250,25150,23700,24600,3518694,28.71
2026-06-25,24850,25250,23800,23800,3505032,28.65
2026-06-26,23500,23700,22200,23000,6379087,28.95
2026-06-29,23000,24450,22700,24450,4245846,28.94
2026-06-30,24600,24800,23300,23300,4048562,28.76
