date,open,high,low,close,volume,foreign_ownership_ratio
2016-07-01,512000,519000,509000,516000,49917,18.21
2016-07-04,520000,541000,518000,531000,124181,18.57
2016-07-05,531000,534000,524000,533000,42580,18.62
2016-07-06,533000,533000,519000,526000,57676,18.58
2016-07-07,530000,539000,524000,537000,47276,18.69
2016-07-08,535000,542000,530000,534000,30064,18.79
2016-07-11,545000,549000,540000,547000,37160,18.9
2016-07-12,549000,560000,545000,559000,86659,19.14
2016-07-13,560000,565000,551000,559000,63272,19.32
2016-07-14,559000,560000,544000,551000,58031,19.44
2016-07-15,551000,553000,537000,542000,72738,19.72
2016-07-18,543000,547000,537000,544000,45968,19.91
2016-07-19,543000,546000,528000,533000,70711,20.03
2016-07-20,534000,535000,526000,535000,39055,20.13
2016-07-21,535000,537000,522000,527000,55398,20.3
2016-07-22,527000,530000,516000,518000,65800,20.4
2016-07-25,516000,520000,508000,518000,59449,20.48
2016-07-26,516000,523000,510000,519000,39833,20.55
2016-07-27,514000,517000,511000,512000,24116,20.55
2016-07-28,512000,519000,508000,517000,38850,20.56
2016-07-29,519000,519000,507000,509000,39020,20.6
2016-08-01,513000,530000,508000,526000,64307,20.69
2016-08-02,525000,531000,522000,529000,38257,20.71
2016-08-03,536000,539000,522000,522000,42072,20.71
2016-08-04,525000,526000,514000,521000,19601,20.74
2016-08-05,521000,525000,515000,523000,22775,20.78
2016-08-08,519000,524000,511000,513000,41066,20.83
2016-08-09,511000,519000,511000,518000,32128,20.88
2016-08-10,520000,522000,511000,514000,41582,20.93
2016-08-11,515000,519000,509000,519000,28947,20.99
2016-08-12,519000,521000,510000,511000,36329,21.0
2016-08-16,511000,515000,502000,505000,37884,20.99
2016-08-17,505000,507000,498000,507000,22764,20.97
2016-08-18,501000,503000,497000,497500,37796,20.98
2016-08-19,496000,505000,491000,505000,30789,21.03
2016-08-22,501000,501000,490000,495000,34243,21.02
2016-08-23,499500,510000,489500,510000,36272,21.06
2016-08-24,505000,510000,499000,500000,21173,21.05
2016-08-25,499000,499000,486000,486000,62192,20.95
2016-08-26,486000,492000,486000,490000,20910,20.97
2016-08-29,490000,490500,482000,490500,24696,20.97
2016-08-30,488000,499500,488000,494500,27662,20.97
2016-08-31,497000,497000,478500,478500,44115,20.87
2016-09-01,476500,482500,470500,479500,33945,20.84
2016-09-02,476500,492500,476500,491000,27102,20.86
2016-09-05,496500,508000,495000,499000,39088,20.9
2016-09-06,499000,503000,494500,503000,28608,20.95
2016-09-07,509000,510000,502000,508000,28546,20.96
2016-09-08,506000,507000,490000,490000,66575,20.92
2016-09-09,491000,500000,484000,499500,33949,20.93
2016-09-12,499500,500000,483500,483500,39178,20.89
2016-09-13,486000,487500,480000,480000,37184,20.92
2016-09-19,471000,485500,471000,483500,41474,20.93
2016-09-20,479000,485000,478500,484500,26636,20.93
2016-09-21,480500,481500,477000,479000,25946,20.92
2016-09-22,481000,485000,473000,473000,65895,20.95
2016-09-23,478000,479000,474000,477000,25591,20.99
2016-09-26,478000,481000,477000,480000,24669,21.03
2016-09-27,480000,486000,475500,486000,30742,21.04
2016-09-28,483000,488500,483000,484000,20182,21.04
2016-09-29,485500,491000,481500,488500,39277,21.09
2016-09-30,484000,487000,480500,481000,32823,21.07
2016-10-04,487500,487500,480000,481000,22557,21.06
2016-10-05,474500,475500,462000,466500,97683,20.78
2016-10-06,462000,466000,455500,462500,62789,20.77
2016-10-07,458500,461000,451500,452000,41180,20.81
2016-10-10,454500,462000,454500,458000,26017,20.84
2016-10-11,464000,464000,456500,458500,31763,20.84
2016-10-12,461000,464000,456500,461000,24150,20.82
2016-10-13,459000,459500,453000,455000,25551,20.85
2016-10-14,455000,460000,450500,451500,30506,20.83
2016-10-17,456500,456500,450500,451500,21593,20.85
2016-10-18,452000,469000,452000,467500,36591,20.84
2016-10-19,468000,469000,460500,465000,23407,20.83
2016-10-20,469500,470000,462500,464500,21167,20.82
2016-10-21,464500,467500,457500,464500,25332,20.79
2016-10-24,466500,471000,465500,470500,25101,20.78
2016-10-25,470000,471500,435500,443500,110352,20.83
2016-10-26,438000,453500,434000,444500,64340,20.79
2016-10-27,448500,459500,445500,458500,54123,20.85
2016-10-28,452000,457000,449000,451500,27033,20.85
2016-10-31,445000,455000,444000,455000,30409,20.86
2016-11-01,455500,459000,451500,456000,22915,20.84
2016-11-02,456500,476000,454500,473000,65832,20.78
2016-11-03,475000,480500,472000,477000,46751,20.75
2016-11-04,474000,479500,471500,473500,20449,20.72
2016-11-07,478000,478500,463500,468500,39833,20.68
2016-11-08,464500,480000,464000,477500,26792,20.69
2016-11-09,479500,487000,472500,482000,84000,20.71
2016-11-10,482000,493500,474000,490000,87742,20.61
2016-11-11,492000,506000,485500,490000,87401,20.69
2016-11-14,479500,489500,466000,468500,101756,20.62
2016-11-15,472500,483000,469000,478500,42441,20.63
2016-11-16,480000,482000,469500,470000,33449,20.58
2016-11-17,469000,477500,468000,475000,17838,20.62
2016-11-18,470500,472500,459500,460000,40996,20.56
2016-11-21,457000,466000,455500,461000,18109,20.57
2016-11-22,465500,476500,462500,474500,31718,20.55
2016-11-23,471000,484000,470000,480000,37856,20.53
2016-11-24,477000,486000,476500,478500,28440,20.55
2016-11-25,480000,484000,468500,471000,27743,20.5
2016-11-28,471000,480500,471000,476000,31947,20.52
2016-11-29,482000,485000,477000,485000,39930,20.49
2016-11-30,477000,481500,470500,472000,57328,20.52
2016-12-01,471000,472500,463000,470000,39308,20.52
2016-12-02,471000,471500,464500,469500,25211,20.49
2016-12-05,472000,495000,470000,491500,72929,20.6
2016-12-06,499000,509000,496000,507000,56669,20.65
2016-12-07,505000,509000,499000,509000,27694,20.7
2016-12-08,515000,515000,499500,507000,33484,20.68
2016-12-09,503000,510000,492000,494500,38116,20.71
2016-12-12,498000,502000,492000,497000,21723,20.73
2016-12-13,497500,502000,491000,498500,25396,20.71
2016-12-14,498000,498500,490500,490500,28739,20.71
2016-12-15,488000,494000,485000,489500,23189,20.57
2016-12-16,485500,486000,476500,482000,49606,20.47
2016-12-19,483000,484500,476000,480500,19175,20.46
2016-12-20,479500,480500,475000,477000,27166,20.44
2016-12-21,477000,480500,474500,475500,28794,20.43
2016-12-22,475500,479500,473500,479500,25914,20.42
2016-12-23,479000,479000,473500,479000,21920,20.39
2016-12-26,480500,480500,473000,473500,22080,20.36
2016-12-27,472000,478500,472000,473500,28025,20.47
2016-12-28,471500,476000,466000,467000,29011,20.49
2016-12-29,466500,475000,462000,475000,25518,20.49
2017-01-02,468000,487000,468000,484000,31418,20.46
2017-01-03,484500,484500,476500,476500,29690,20.41
2017-01-04,479500,482500,476500,478000,31757,20.4
2017-01-05,478000,482500,472000,480000,28669,20.41
2017-01-06,484000,495000,482000,482000,56018,20.42
2017-01-09,482000,491500,482000,489000,33232,20.39
2017-01-10,485000,488000,478500,479500,33806,20.3
2017-01-11,482500,510000,482500,508000,85089,20.46
2017-01-12,512000,520000,506000,510000,29650,20.47
2017-01-13,510000,517000,506000,516000,32237,20.51
2017-01-16,518000,519000,505000,508000,35738,20.5
2017-01-17,508000,515000,505000,511000,44477,20.48
2017-01-18,516000,518000,506000,512000,27639,20.49
2017-01-19,517000,519000,508000,515000,21983,20.53
2017-01-20,515000,515000,496500,503000,36354,20.54
2017-01-23,501000,509000,500000,504000,16893,20.56
2017-01-24,509000,510000,500000,506000,13149,20.57
2017-01-25,511000,511000,499000,507000,26637,20.59
2017-01-26,502000,505000,486500,491500,49044,20.6
2017-01-31,491000,496000,490000,490000,24274,20.6
2017-02-01,490000,504000,486000,500000,33848,20.61
2017-02-02,495500,497000,488000,488000,34019,20.62
2017-02-03,493000,494500,486500,493500,21062,20.63
2017-02-06,496000,496000,487000,487000,19795,20.64
2017-02-07,491000,491000,435000,435500,263301,20.36
2017-02-08,438500,442500,418000,427500,291920,20.17
2017-02-09,431000,434500,422500,425000,161903,20.14
2017-02-10,428500,428500,417500,417500,130435,19.98
2017-02-13,421000,437500,419500,430000,115233,19.91
2017-02-14,435000,436000,427000,427000,69544,19.81
2017-02-15,430500,433500,427500,431000,50492,19.73
2017-02-16,431000,434500,426000,429500,49542,19.64
2017-02-17,430000,433000,425000,426500,66881,19.67
2017-02-20,426500,428500,420000,422500,67212,19.68
2017-02-21,423500,433500,423500,430000,67830,19.66
2017-02-22,429500,438000,428500,428500,51039,19.62
2017-02-23,429000,429000,409500,416500,224307,19.53
2017-02-24,417000,419500,411000,415500,83214,19.56
2017-02-27,418000,418500,413500,415000,46789,19.57
2017-02-28,411500,424000,411500,416500,85736,19.51
2017-03-02,423000,427000,416500,424500,123179,19.37
2017-03-03,424000,427000,420000,420000,75654,19.28
2017-03-06,422000,422000,410000,410500,107914,18.94
2017-03-07,411500,413000,406500,409000,102896,18.75
2017-03-08,409000,411000,406000,409000,92591,18.58
2017-03-09,407000,415000,406000,406000,74647,18.48
2017-03-10,406500,408500,403000,406500,58795,18.39
2017-03-13,405500,406500,399000,399500,135860,18.28
2017-03-14,402500,404000,398000,399500,80677,18.23
2017-03-15,400000,401000,387500,392500,104178,18.15
2017-03-16,396500,409000,396500,408000,106703,18.2
2017-03-17,410000,420000,408500,418500,136451,18.25
2017-03-20,421500,422000,412000,417000,62211,18.18
2017-03-21,418500,420000,407000,414500,54546,18.19
2017-03-22,411500,414000,403000,403500,75052,18.18
2017-03-23,405000,418000,403500,417000,69632,18.15
2017-03-24,417500,418000,409000,413500,61569,18.03
2017-03-27,413500,422500,413500,418000,78100,18.01
2017-03-28,419500,423000,416000,418000,41098,17.96
2017-03-29,419500,420000,413000,419000,34174,17.96
2017-03-30,437500,441000,429000,434500,258079,18.3
2017-03-31,438500,438500,429000,432000,70100,18.31
2017-04-03,425000,427000,418000,418500,85550,18.28
2017-04-04,418000,421500,416500,418000,47165,18.26
2017-04-05,418000,421000,413000,417500,45321,18.28
2017-04-06,419000,422000,416500,416500,36417,18.28
2017-04-07,417500,425000,417000,420000,39630,18.3
2017-04-10,420000,420500,409000,410000,64140,18.25
2017-04-11,410500,414500,409500,409500,49182,18.23
2017-04-12,411500,420000,411500,414500,51754,18.33
2017-04-13,416500,416500,411500,413500,37250,18.36
2017-04-14,414500,418500,411500,412000,19395,18.36
2017-04-17,413000,418000,413000,414500,17741,18.38
2017-04-18,416000,417000,410500,411500,38476,18.39
2017-04-19,413000,427000,413000,417500,91194,18.52
2017-04-20,418000,419500,415500,418000,36250,18.55
2017-04-21,421500,422000,414000,415500,41250,18.53
2017-04-24,417500,419000,413500,414000,25399,18.54
2017-04-25,417000,432500,416000,430000,135128,18.72
2017-04-26,432000,432500,422500,423500,77075,18.71
2017-04-27,425500,431000,423500,425500,48318,18.78
2017-04-28,421500,425500,419500,425500,47120,18.83
2017-05-02,425500,426500,421000,424500,34402,18.87
2017-05-04,421000,425500,420500,422500,52289,18.91
2017-05-08,421500,424500,418500,424500,62898,18.97
2017-05-10,428500,428500,423000,425500,85289,19.0
2017-05-11,425500,428500,424000,428500,53529,19.01
2017-05-12,427500,429500,427000,427500,36345,19.02
2017-05-15,430000,432500,427500,429000,38180,19.03
2017-05-16,431000,431500,426000,427000,45465,19.09
2017-05-17,426000,428000,420500,423000,51328,19.14
2017-05-18,422500,429000,422500,425500,43946,19.16
2017-05-19,423000,427000,423000,426500,29824,19.19
2017-05-22,428500,431000,427500,429000,40704,19.24
2017-05-23,429500,434500,427500,432000,43280,19.26
2017-05-24,429500,434500,429500,432500,32245,19.25
2017-05-25,432500,437500,430500,434000,61730,19.24
2017-05-26,437500,439500,435000,438000,66380,19.23
2017-05-29,438000,441000,437500,438500,40379,19.26
2017-05-30,439500,440000,437000,439500,34743,19.28
2017-05-31,440000,440500,436000,438000,37296,19.29
2017-06-01,436000,447500,436000,443000,51150,19.32
2017-06-02,443500,448500,442500,448000,53229,19.44
2017-06-05,448500,450000,443500,447500,38014,19.47
2017-06-07,456500,456500,448000,451500,67366,19.55
2017-06-08,455000,459000,448500,453000,97115,19.77
2017-06-09,453500,455000,447000,448000,53489,19.82
2017-06-12,449500,450000,445000,447500,33834,19.86
2017-06-13,445500,449000,444000,449000,32804,19.88
2017-06-14,446500,449000,440500,444000,56079,19.95
2017-06-15,440500,442500,439000,440000,56930,20.03
2017-06-16,439500,441000,436000,437500,37673,20.06
2017-06-19,436000,436500,428000,429000,60264,20.09
2017-06-20,430000,433000,427500,433000,47468,20.19
2017-06-21,430000,435500,428000,433000,28530,20.21
2017-06-22,432000,437000,431000,437000,30046,20.21
2017-06-23,438000,439000,434500,439000,54045,20.32
2017-06-26,439500,441000,438500,440000,40932,20.3
2017-06-27,438000,438500,434000,434000,68795,20.32
2017-06-28,433500,447000,433000,444000,76290,20.37
2017-06-29,445000,453000,445000,450500,72492,20.43
2017-06-30,449500,456000,448500,456000,69860,20.59
2017-07-03,456000,467500,456000,463500,77188,20.61
2017-07-04,464500,465500,453500,455500,34498,20.59
2017-07-05,453000,460000,451500,454000,27836,20.61
2017-07-06,452500,459500,452000,457000,34740,20.66
2017-07-07,454000,461000,450500,458000,42576,20.67
2017-07-10,458000,460500,456000,460000,30627,20.67
2017-07-11,461000,462000,458500,460500,36001,20.69
2017-07-12,461000,461500,456500,458000,36977,20.7
2017-07-13,459000,469500,457000,466000,57383,20.82
2017-07-14,465000,465000,460000,462000,30578,20.82
2017-07-17,464500,464500,460500,463500,29240,20.83
2017-07-18,463500,464000,456500,457000,33506,20.81
2017-07-19,455500,458000,452000,454500,44725,20.83
2017-07-20,454500,455000,449500,453500,46166,20.86
2017-07-21,450000,454500,442500,445000,82821,20.78
2017-07-24,445000,454000,444000,446500,70959,20.65
2017-07-25,445500,468000,445000,467500,138557,20.67
2017-07-26,473000,487500,470500,483000,142733,20.81
2017-07-27,483000,495000,480000,491500,95812,21.01
2017-07-28,492500,493500,488000,492500,47911,21.09
2017-07-31,493000,498500,488500,493500,52656,21.15
2017-08-01,493500,495000,487000,493500,56042,21.21
2017-08-02,491500,491500,482000,486500,56524,21.26
2017-08-03,482000,488000,480500,487000,34947,21.32
2017-08-04,490000,497000,484500,491500,52005,21.4
2017-08-07,494000,496000,489000,495000,45056,21.46
2017-08-08,499000,503000,493500,496000,61591,21.52
2017-08-09,500000,503000,496500,498500,71677,21.58
2017-08-10,498500,501000,488000,488500,51607,21.56
2017-08-11,487500,490500,477500,479500,50037,21.56
2017-08-14,480500,485500,478500,482000,23840,21.58
2017-08-16,485000,486000,474500,477500,35646,21.64
2017-08-17,492000,504000,491500,500000,80097,21.76
2017-08-18,500000,503000,496000,501000,35413,21.79
2017-08-21,505000,505000,498000,501000,40447,21.82
2017-08-22,503000,509000,500000,501000,36795,21.82
2017-08-23,505000,505000,487500,491000,43363,21.83
2017-08-24,495500,504000,492500,500000,42409,21.86
2017-08-25,502000,502000,492500,494500,28535,21.84
2017-08-28,498500,504000,496000,503000,38300,21.85
2017-08-29,506000,515000,501000,512000,64990,21.93
2017-08-30,513000,520000,512000,516000,44075,21.96
2017-08-31,516000,516000,508000,516000,31134,21.98
2017-09-01,516000,517000,506000,510000,27349,22.01
2017-09-04,508000,515000,506000,510000,44909,22.04
2017-09-05,515000,519000,508000,517000,51866,22.07
2017-09-06,516000,519000,511000,517000,42645,22.08
2017-09-07,519000,520000,513000,520000,29206,22.12
2017-09-08,524000,524000,514000,524000,36464,22.16
2017-09-11,520000,522000,511000,511000,61205,22.17
2017-09-12,514000,523000,512000,523000,49062,22.22
2017-09-13,523000,525000,517000,519000,28287,22.22
2017-09-14,515000,518000,509000,515000,47935,22.21
2017-09-15,513000,515000,502000,504000,53952,22.29
2017-09-18,504000,506000,498000,503000,33197,22.34
2017-09-19,502000,508000,499000,504000,29857,22.37
2017-09-20,504000,510000,499500,502000,31653,22.38
2017-09-21,499500,502000,487500,490000,58210,22.46
2017-09-22,484000,488500,474000,482500,48356,22.49
2017-09-25,484000,486500,480000,481500,37181,22.52
2017-09-26,486000,493000,482500,490500,44505,22.32
2017-09-27,485000,488000,480500,484500,44337,22.32
2017-09-28,479500,490500,475000,490500,41721,22.38
2017-09-29,495500,495500,487000,495500,37475,22.4
2017-10-10,506000,522000,504000,520000,77152,22.59
2017-10-11,520000,536000,516000,530000,71783,22.76
2017-10-12,529000,535000,522000,534000,37745,22.82
2017-10-13,534000,540000,526000,532000,26513,22.85
2017-10-16,535000,549000,529000,545000,65347,22.95
2017-10-17,541000,548000,532000,546000,30442,22.92
2017-10-18,540000,547000,532000,534000,27856,22.95
2017-10-19,529000,545000,529000,536000,21409,22.98
2017-10-20,530000,543000,530000,541000,17906,23.02
2017-10-23,539000,544000,525000,526000,25581,23.08
2017-10-24,527000,535000,527000,535000,18454,23.1
2017-10-25,530000,532000,520000,522000,24570,23.13
2017-10-26,526000,526000,487000,490000,134369,23.19
2017-10-27,495000,528000,494000,524000,93355,23.35
2017-10-30,522000,526000,507000,526000,57250,23.46
2017-10-31,524000,525000,511000,512000,38483,23.48
2017-11-01,505000,515000,502000,512000,26341,23.51
2017-11-02,513000,520000,510000,515000,30592,23.54
2017-11-03,518000,519000,509000,514000,25196,23.58
2017-11-06,515000,517000,508000,517000,22828,23.61
2017-11-07,513000,522000,513000,521000,29749,23.63
2017-11-08,516000,523000,513000,519000,28379,23.67
2017-11-09,522000,522000,513000,520000,24874,23.69
2017-11-10,527000,527000,519000,521000,65043,23.8
2017-11-13,519000,522000,514000,517000,20318,23.81
2017-11-14,519000,522000,514000,517000,62014,24.03
2017-11-15,520000,521000,500000,503000,40099,24.1
2017-11-16,502000,508000,499000,500000,48466,24.14
2017-11-17,501000,506000,493500,498500,79498,24.18
2017-11-20,494000,496500,491500,492500,47285,24.2
2017-11-21,496500,498500,492000,494000,29109,24.22
2017-11-22,494000,502000,494000,498000,24975,24.21
2017-11-23,499000,503000,493000,493500,34900,24.22
2017-11-24,494000,499000,492500,494000,20124,24.22
2017-11-27,494000,497500,492000,497000,21569,24.22
2017-11-28,496000,499500,491000,496000,26996,24.24
2017-11-29,496000,496000,490000,490000,22392,24.21
2017-11-30,492500,493000,482000,486500,62956,24.21
2017-12-01,487500,487500,479000,480000,42333,24.24
2017-12-04,485000,486000,474500,479000,45131,24.32
2017-12-05,477000,492000,477000,485000,47938,24.38
2017-12-06,488000,488000,470500,470500,50718,24.34
2017-12-07,470500,471500,465000,470500,27261,24.35
2017-12-08,469000,471500,464000,464000,34651,24.35
2017-12-11,465000,469500,464500,469500,19796,24.36
2017-12-12,466000,471500,464000,470500,23330,24.33
2017-12-13,470500,478500,470500,475000,24986,24.31
2017-12-14,476500,480500,475500,476000,46943,24.35
2017-12-15,481500,488000,477500,482000,40000,24.36
2017-12-18,480000,485000,478000,485000,23390,24.33
2017-12-19,483000,486500,479000,481500,24376,24.34
2017-12-20,481500,492000,481500,490000,27140,24.38
2017-12-21,486500,492000,482000,487000,33988,24.38
2017-12-22,490000,490000,481000,483000,22770,24.4
2017-12-26,483000,493500,482500,489500,29658,24.41
2017-12-27,486000,490500,482000,489500,15947,24.41
2017-12-28,493000,493000,487500,493000,12157,24.44
2018-01-02,495500,502000,495500,499500,25009,24.47
2018-01-03,475000,496500,475000,487500,32678,24.48
2018-01-04,492000,492000,479000,481000,38146,24.54
2018-01-05,484000,493000,479500,489500,37821,24.53
2018-01-08,488000,499500,485500,499000,33562,24.59
2018-01-09,499500,530000,499500,529000,86740,24.74
2018-01-10,531000,539000,522000,537000,58357,24.74
2018-01-11,539000,539000,518000,521000,35141,24.71
2018-01-12,526000,533000,514000,526000,24087,24.73
2018-01-15,533000,534000,520000,521000,20071,24.75
2018-01-16,521000,523000,516000,521000,25115,24.79
2018-01-17,516000,521000,508000,516000,27694,24.84
2018-01-18,513000,521000,506000,509000,23991,24.85
2018-01-19,509000,515000,507000,515000,24513,24.88
2018-01-22,519000,520000,505000,511000,22887,24.89
2018-01-23,514000,514000,506000,511000,29060,24.88
2018-01-24,514000,522000,512000,519000,57960,24.96
2018-01-25,521000,529000,519000,522000,76937,25.05
2018-01-26,528000,530000,519000,523000,49055,25.13
2018-01-29,526000,531000,522000,529000,43673,25.24
2018-01-30,533000,540000,526000,530000,48725,25.39
2018-01-31,528000,528000,504000,515000,42418,25.38
2018-02-01,515000,527000,510000,514000,30671,25.45
2018-02-02,512000,515000,492000,494500,54992,25.51
2018-02-05,495000,498000,491000,496000,40744,25.5
2018-02-06,490000,499500,482500,496000,52269,25.41
2018-02-07,497000,513000,495500,495500,61067,25.39
2018-02-08,497000,507000,493500,499500,45812,25.33
2018-02-09,488500,495000,484000,491000,51916,25.22
2018-02-12,491500,504000,484000,494000,46560,25.14
2018-02-13,495000,501000,493500,493500,29704,25.11
2018-02-14,495000,507000,494000,505000,40535,25.08
2018-02-19,509000,519000,506000,511000,36092,25.07
2018-02-20,506000,527000,505000,520000,48442,25.11
2018-02-21,520000,527000,510000,525000,46029,25.11
2018-02-22,517000,523000,511000,520000,31942,25.1
2018-02-23,519000,527000,514000,518000,32328,25.07
2018-02-26,523000,523000,513000,516000,43728,25.06
2018-02-27,515000,524000,515000,517000,41083,25.03
2018-02-28,514000,516000,505000,512000,33917,25.03
2018-03-02,508000,508000,495500,501000,26741,24.99
2018-03-05,501000,508000,491500,491500,15622,24.97
2018-03-06,494500,497000,483000,491500,34690,24.9
2018-03-07,491500,510000,491500,507000,41164,24.94
2018-03-08,501000,507000,496000,500000,40975,24.91
2018-03-09,500000,503000,495500,497500,28733,24.88
2018-03-12,500000,503000,495500,495500,28509,24.87
2018-03-13,492000,493000,487500,489500,53167,24.85
2018-03-14,486500,487500,482500,485500,45073,24.81
2018-03-15,487500,487500,478500,484000,50644,24.77
2018-03-16,482000,485500,478500,480000,47478,24.81
2018-03-19,481000,487000,473500,476000,53219,24.82
2018-03-20,476500,481000,476000,478000,21572,24.82
2018-03-21,476500,486500,476500,486500,36071,24.88
2018-03-22,485000,489000,482000,488500,29499,24.86
2018-03-23,482000,484500,474500,477000,30448,24.83
2018-03-26,476000,480000,473000,475500,22825,24.79
2018-03-27,478000,484000,475500,483500,21788,24.8
2018-03-28,479500,483500,475500,481000,24930,24.8
2018-03-29,481500,483000,476000,482000,19780,24.8
2018-03-30,484000,484000,476000,479000,27794,24.79
2018-04-02,476500,481000,469000,471000,28129,24.77
2018-04-03,471500,472500,461000,462500,43885,24.82
2018-04-04,462500,469500,460000,461000,27416,24.84
2018-04-05,461000,468000,461000,463500,13860,24.84
2018-04-06,463000,463500,452500,455500,41993,24.87
2018-04-09,454000,457000,452000,454000,26108,24.9
2018-04-10,454500,463000,452500,458000,25224,24.91
2018-04-11,453000,457500,450500,452000,35182,24.92
2018-04-12,454500,461000,452500,461000,29253,24.97
2018-04-13,455000,459000,450500,451000,31007,24.97
2018-04-16,454500,455000,442500,444000,28415,24.99
2018-04-17,442500,446000,436000,437500,51229,25.04
2018-04-18,435500,439000,430000,431500,97868,25.12
2018-04-19,432000,436000,428000,429000,67612,25.18
2018-04-20,430000,441000,430000,441000,48027,25.26
2018-04-23,441500,443000,436000,440500,40266,25.32
2018-04-24,442000,445000,435500,442000,55690,25.36
2018-04-25,442500,442500,425500,427000,60663,25.31
2018-04-26,431500,436000,428500,431500,45488,25.37
2018-04-27,431500,434500,426000,428500,44346,25.38
2018-04-30,431500,437000,430000,433500,34369,25.39
2018-05-02,438500,443500,428000,430000,63920,25.36
2018-05-03,430500,436500,430000,434000,29994,25.33
2018-05-04,434000,449500,434000,443500,97275,25.34
2018-05-08,446000,446000,430000,433000,53733,25.28
2018-05-09,428500,434000,425500,429000,31314,25.27
2018-05-10,429500,436500,429500,435000,26418,25.32
2018-05-11,435500,438500,431000,437500,24462,25.34
2018-05-14,442000,455500,441000,455000,54470,25.38
2018-05-15,451000,453000,445500,449000,34635,25.34
2018-05-16,448500,450500,440500,446500,23841,25.37
2018-05-17,448000,452000,445500,446000,19822,25.35
2018-05-18,445500,446000,440000,443500,19837,25.34
2018-05-21,444000,448000,437000,438500,19982,25.33
2018-05-23,433000,434500,428000,429500,39409,25.32
2018-05-24,429000,437500,429000,431500,14009,25.34
2018-05-25,433500,436500,426500,429000,26710,25.32
2018-05-28,428000,433000,424500,426500,29396,25.32
2018-05-29,426500,427000,418000,418000,37870,25.29
2018-05-30,416000,416500,404000,405500,58345,25.23
2018-05-31,405000,412000,403000,405500,68686,25.22
2018-06-01,405000,420500,405000,418500,35879,25.23
2018-06-04,420000,426000,417000,421500,20903,25.24
2018-06-05,421000,422500,416000,416500,19040,25.25
2018-06-07,416000,431000,416000,431000,43425,25.33
2018-06-08,431000,433000,428000,428500,24468,25.35
2018-06-11,430500,430500,425500,428500,16864,25.32
2018-06-12,428500,431000,425500,428000,22130,25.31
2018-06-14,423000,424000,411500,411500,47622,25.19
2018-06-15,411500,414500,405000,407500,38369,25.11
2018-06-18,410000,411000,403000,405500,28821,25.07
2018-06-19,402000,403000,391000,393500,48169,25.02
2018-06-20,393500,397500,389500,390500,47413,24.97
2018-06-21,388000,390000,375000,376500,73749,24.92
2018-06-22,371000,380000,365000,378000,36928,24.92
2018-06-25,375000,393500,373500,392000,35261,24.91
2018-06-26,390500,391500,383000,388500,18146,24.89
2018-06-27,382500,386500,375000,375000,40549,24.82
2018-06-28,370000,382000,370000,374000,25647,24.78
2018-06-29,379000,389500,375000,386000,47744,24.75
2018-07-02,386000,389500,381000,381000,25050,24.71
2018-07-03,382500,383000,365000,367500,39988,24.62
2018-07-04,365000,372000,365000,371000,14162,24.62
2018-07-05,370500,374000,369000,372000,23683,24.6
2018-07-06,369000,371500,367000,370000,36865,24.54
2018-07-09,368000,379500,368000,371500,17712,24.55
2018-07-10,371500,389000,368500,387500,39414,24.53
2018-07-11,380500,384500,377000,381000,30460,24.46
2018-07-12,384000,389500,381500,389000,34228,24.43
2018-07-13,386500,389500,382500,383500,18432,24.42
2018-07-16,380000,385500,378000,378000,15784,24.42
2018-07-17,378000,383500,377500,379000,15913,24.42
2018-07-18,378500,386000,378000,378500,15287,24.42
2018-07-19,379500,382000,371000,372500,29313,24.41
2018-07-20,370500,377000,370500,374500,23086,24.4
2018-07-23,375000,378500,372500,374500,26584,24.4
2018-07-24,375000,395000,372500,393000,68441,24.37
2018-07-25,394000,400000,384500,386000,48024,24.38
2018-07-26,386500,400000,386000,397000,44622,24.31
2018-07-27,401000,407500,394500,396000,30260,24.27
2018-07-30,401500,407000,393500,404500,39500,24.23
2018-07-31,406500,415000,405000,412500,56259,24.12
2018-08-01,419000,421500,406000,407500,49889,24.13
2018-08-02,406500,406500,393500,395000,29238,24.14
2018-08-03,394500,406000,394500,396000,37426,24.09
2018-08-06,396000,403000,395500,400500,33321,23.99
2018-08-07,400500,409000,396000,406500,33461,23.95
2018-08-08,400500,405500,399000,403000,22241,23.9
2018-08-09,402500,403000,391500,397500,41533,23.86
2018-08-10,397000,405000,394500,401000,28157,23.82
2018-08-13,394000,398000,386500,389000,38402,23.77
2018-08-14,389000,394000,383500,386000,37735,23.73
2018-08-16,380000,384500,376000,380500,33828,23.7
2018-08-17,381500,386500,377500,379000,25995,23.67
2018-08-20,383000,395000,382500,391000,31227,23.67
2018-08-21,392000,402500,389000,392500,31854,23.65
2018-08-22,390500,395500,385000,392000,30126,23.61
2018-08-23,392000,392500,388500,389000,18222,23.59
2018-08-24,387000,396000,386000,395500,23574,23.59
2018-08-27,400000,415000,399000,411000,72068,23.56
2018-08-28,415500,421500,415500,418500,51367,23.52
2018-08-29,418500,420000,410000,418500,36096,23.44
2018-08-30,416500,417500,412500,417000,28510,23.41
2018-08-31,410000,412000,401500,405500,50079,23.34
2018-09-03,409000,412500,406000,411000,23898,23.38
2018-09-04,409500,409500,401000,403500,30437,23.36
2018-09-05,395500,401000,395500,396500,34434,23.34
2018-09-06,397000,416000,396500,406000,51649,23.3
2018-09-07,413000,414000,405000,410500,26683,23.3
2018-09-10,404000,409500,402000,406500,19126,23.28
2018-09-11,402000,405500,398500,400000,33160,23.2
2018-09-12,406000,406000,390000,397000,34607,23.18
2018-09-13,401500,414500,400500,413500,68033,23.17
2018-09-14,414000,422500,413500,416500,30235,23.16
2018-09-17,409500,412000,405000,407000,22583,23.13
2018-09-18,401000,412000,401000,409000,29751,23.08
2018-09-19,411000,427500,408000,424500,74063,23.13
2018-09-20,420500,426000,417000,422000,35855,22.97
2018-09-21,424500,431000,417000,425500,65717,22.93
2018-09-27,420000,441500,420000,439500,96670,22.9
2018-09-28,439000,440000,431500,436000,46629,22.87
2018-10-01,436000,440000,421000,432500,37985,22.81
2018-10-02,432500,433000,425000,425000,31887,22.77
2018-10-04,434500,435000,417500,421000,38028,22.75
2018-10-05,421500,427000,416000,422000,36180,22.73
2018-10-08,422500,425500,409000,411000,26033,22.66
2018-10-10,412500,415000,398000,407500,47358,22.7
2018-10-11,396000,407500,392500,392500,54239,22.71
2018-10-12,392500,394500,388000,394000,42547,22.67
2018-10-15,392500,395500,387500,388000,22053,22.66
2018-10-16,388000,396500,387000,392500,24879,22.64
2018-10-17,397000,398500,392000,398000,28080,22.62
2018-10-18,394000,396500,388000,391500,23675,22.59
2018-10-19,389000,392500,386000,389500,15907,22.56
2018-10-22,386500,392000,381500,392000,31593,22.51
2018-10-23,392000,396500,383000,390000,24006,22.52
2018-10-24,396500,404000,386000,393500,41442,22.46
2018-10-25,388500,397500,388000,397500,47932,22.44
2018-10-26,391500,402000,383000,385500,45760,22.36
2018-10-29,375500,400000,375500,390500,43652,22.37
2018-10-30,391000,400000,386500,386500,42147,22.35
2018-10-31,384500,389000,372500,379000,64547,22.35
2018-11-01,377500,379500,365500,374500,57661,22.27
2018-11-02,375000,396000,375000,395000,36350,22.3
2018-11-05,390000,393500,386000,389500,22346,22.31
2018-11-06,394500,396000,389500,396000,16467,22.33
2018-11-07,397000,403000,395500,396500,26092,22.31
2018-11-08,403000,409000,398500,401500,37104,22.33
2018-11-09,399000,407000,396500,404500,23185,22.32
2018-11-12,403500,412000,396500,409500,44515,22.29
2018-11-13,401000,427500,400500,426000,105853,22.24
2018-11-14,424000,434000,421000,431500,50558,22.21
2018-11-15,426500,435000,424000,434500,28281,22.24
2018-11-16,437000,437000,426500,434000,37057,22.29
2018-11-19,428500,437500,428500,436500,32358,22.36
2018-11-20,437500,439000,432500,438000,40783,22.4
2018-11-21,437500,442000,431500,442000,35088,22.42
2018-11-22,438500,442500,437500,440500,19323,22.44
2018-11-23,441000,443500,432500,439000,18924,22.44
2018-11-26,437500,442500,429000,431500,28600,22.47
2018-11-27,432500,436000,424000,433000,36660,22.54
2018-11-28,430000,433000,421500,424000,46282,22.58
2018-11-29,430000,441500,429000,433500,52362,22.57
2018-11-30,432000,437500,424000,425500,40769,22.54
2018-12-03,428000,439500,427000,432500,28730,22.53
2018-12-04,433000,441000,428000,439500,29511,22.53
2018-12-05,439500,444500,436000,438500,30414,22.51
2018-12-06,442000,442500,433500,437000,24261,22.32
2018-12-07,440000,441500,431000,433500,14269,22.32
2018-12-10,430500,447000,430500,443500,50264,22.3
2018-12-11,443500,449000,441500,442500,28343,22.28
2018-12-12,447500,448000,436000,442500,40700,22.23
2018-12-13,440000,453500,440000,453500,56621,22.24
2018-12-14,454000,460000,442000,448500,32170,22.26
2018-12-17,455000,457500,445500,445500,24095,22.27
2018-12-18,449000,453500,443500,449000,28941,22.25
2018-12-19,449000,454000,448000,451000,26726,22.24
2018-12-20,446000,449500,433000,449500,42162,22.28
2018-12-21,451500,451500,432500,437500,47769,22.23
2018-12-24,437000,449500,430000,448500,28234,22.2
2018-12-26,440500,451500,438000,443500,23505,22.18
2018-12-27,432000,444500,430000,443000,27634,22.15
2018-12-28,441500,442000,431500,432500,31179,22.14
2019-01-02,427500,432500,421500,424000,33226,22.17
2019-01-03,420500,442500,420500,441500,50422,22.24
2019-01-04,441500,462000,441500,453500,65433,22.35
2019-01-07,450000,450000,437000,441000,43992,22.36
2019-01-08,448000,450000,441000,444500,23747,22.35
2019-01-09,446000,448500,437500,442000,39717,22.36
2019-01-10,440000,447500,435500,447500,42187,22.32
2019-01-11,441500,448500,440500,448000,23886,22.31
2019-01-14,443000,445000,432000,434000,43935,22.29
2019-01-15,438000,438500,429500,434000,48089,22.33
2019-01-16,432000,437000,425000,429000,50460,22.37
2019-01-17,429000,434000,422000,425000,49725,22.38
2019-01-18,427000,430500,420500,424000,40318,22.41
2019-01-21,426000,436000,425500,431000,35157,22.41
2019-01-22,430000,434500,424500,429000,25769,22.44
2019-01-23,430500,431500,424000,431500,34089,22.43
2019-01-24,426500,431000,418500,421500,56817,22.43
2019-01-25,421000,428500,418500,427500,29081,22.49
2019-01-28,425000,429000,422000,425000,29269,22.51
2019-01-29,424000,432500,422500,432500,27981,22.54
2019-01-30,436000,436500,425500,436000,33543,22.53
2019-01-31,437000,445000,435000,440500,42331,22.56
2019-02-01,437500,445000,435500,438500,45773,22.58
2019-02-07,443500,448500,430000,448000,45693,22.6
2019-02-08,445000,446000,436000,443000,40667,22.56
2019-02-11,444000,444000,430000,433000,40812,22.57
2019-02-12,431000,441500,425000,435500,60816,22.53
2019-02-13,433500,438500,429000,431000,30010,22.56
2019-02-14,427500,435500,425500,435500,34407,22.57
2019-02-15,432000,435500,430000,433000,22775,22.62
2019-02-18,432000,435500,430000,434500,30677,22.65
2019-02-19,435500,439000,433500,435500,38845,22.74
2019-02-20,438500,452500,436500,446000,71644,22.86
2019-02-21,448500,452500,447500,451000,29197,22.88
2019-02-22,451000,454500,447000,454000,40852,23.0
2019-02-25,457000,461000,455000,460000,36460,23.07
2019-02-26,458500,467000,458000,467000,35745,23.11
2019-02-27,468500,470000,460500,464500,28705,23.19
2019-02-28,466500,466500,454500,456500,40446,23.2
2019-03-04,456500,461500,448000,458500,36562,23.21
2019-03-05,454000,458000,448500,451500,23373,23.23
2019-03-06,448500,455500,445000,452500,21769,23.29
2019-03-07,455000,455000,447500,452500,15099,23.32
2019-03-08,451000,451000,436000,437000,29692,23.35
2019-03-11,440500,442500,435000,442500,18768,23.38
2019-03-12,448000,448000,440500,443500,22672,23.41
2019-03-13,447500,452000,441500,451500,31589,23.42
2019-03-14,456000,461000,452000,456000,34053,23.44
2019-03-15,450500,463000,450500,460500,43656,23.44
2019-03-18,461500,462000,451500,462000,16871,23.45
2019-03-19,457500,461500,454500,455500,16565,23.47
2019-03-20,452000,463000,452000,461500,21495,23.47
2019-03-21,458500,468000,453000,459500,30586,23.55
2019-03-22,456500,461500,451500,461500,24306,23.6
2019-03-25,461000,464500,456500,462500,30650,23.61
2019-03-26,460000,462500,446500,454000,37167,23.64
2019-03-27,457500,458500,453000,456000,19610,23.66
2019-03-28,452500,460000,451000,459000,16878,23.7
2019-03-29,461500,465000,455500,465000,27682,23.76
2019-04-01,464000,474000,463500,469500,29916,23.79
2019-04-02,476500,491500,466000,473500,60878,23.82
2019-04-03,470000,486000,469500,485000,44605,23.9
2019-04-04,488000,492000,485500,489000,44488,23.97
2019-04-05,492000,492500,483000,486500,27943,24.05
2019-04-08,491000,491000,475000,480500,39455,24.17
2019-04-09,480500,484500,477500,480500,36881,24.26
2019-04-10,480000,483500,476500,482500,30481,24.27
2019-04-11,482000,489000,478000,481500,31405,24.29
2019-04-12,482000,482500,475000,477500,39780,24.34
2019-04-15,475500,481500,462500,466000,61577,24.39
2019-04-16,465500,471500,465500,471000,38844,24.54
2019-04-17,470500,470500,460500,464000,44483,24.61
2019-04-18,464500,464500,455500,457000,43129,24.67
2019-04-19,455500,460000,452000,457500,18258,24.66
2019-04-22,456000,458500,452000,453000,17655,24.67
2019-04-23,454500,455500,450500,450500,25441,24.69
2019-04-24,452500,459000,442500,447000,53388,24.71
2019-04-25,449000,453000,447500,450000,27855,24.72
2019-04-26,451500,455500,444500,445000,42256,24.68
2019-04-29,446500,454000,446500,452500,34664,24.58
2019-04-30,452500,454000,444500,452500,44114,24.6
2019-05-02,447000,451500,444500,447000,43324,24.58
2019-05-03,447000,447000,440000,441500,45790,24.6
2019-05-07,440500,440500,431500,437500,63201,24.59
2019-05-08,431500,437000,431000,435000,24882,24.56
2019-05-09,437500,439000,424500,424500,46440,24.54
2019-05-10,431000,436000,427000,433000,42160,24.51
2019-05-13,433000,433000,423500,427500,21532,24.51
2019-05-14,428500,434000,426000,431000,37469,24.46
2019-05-15,432500,437000,429000,435500,29302,24.46
2019-05-16,430000,430000,421500,422000,36803,24.43
2019-05-17,424000,432000,420500,421500,32027,24.44
2019-05-20,425000,428500,421500,424000,14537,24.44
2019-05-21,419000,428500,418500,424500,14681,24.43
2019-05-22,431000,436000,424500,433500,36759,24.43
2019-05-23,437500,438500,428000,435500,30680,24.41
2019-05-24,429500,440000,429500,438500,22250,24.41
2019-05-27,439000,440000,433500,439500,11067,24.41
2019-05-28,442000,446500,433000,435500,46121,24.42
2019-05-29,442000,443000,430500,434000,27934,24.47
2019-05-30,438000,440000,431500,438000,24434,24.49
2019-05-31,434000,437000,429000,437000,26869,24.5
2019-06-03,438500,452000,432000,451500,40362,24.54
2019-06-04,452000,452000,445500,448500,24534,24.56
2019-06-05,448000,451000,444000,447000,27259,24.58
2019-06-07,451500,454000,441000,449000,43080,24.61
2019-06-10,451000,458000,447500,457500,21308,24.62
2019-06-11,459000,463500,457000,462000,30935,24.67
2019-06-12,462000,464500,457000,461500,22201,24.71
2019-06-13,463000,472000,458000,469000,50506,24.76
2019-06-14,467000,474500,464500,473000,36823,24.78
2019-06-17,473000,475000,465500,470000,31505,24.76
2019-06-18,466500,471500,462500,467000,38620,24.79
2019-06-19,465500,473500,464000,468000,26354,24.87
2019-06-20,472000,472000,466500,472000,21319,24.92
2019-06-21,472000,475000,466500,474000,36444,24.98
2019-06-24,478500,478500,468500,469500,24158,25.01
2019-06-25,473500,479500,473000,479000,40238,25.13
2019-06-26,476000,481500,474000,481500,31223,25.2
2019-06-27,480000,480000,467500,470000,53797,25.26
2019-06-28,470000,477500,470000,476000,32667,25.34
2019-07-01,479000,479000,454000,455000,67563,25.44
2019-07-02,455500,462000,452500,457000,47674,25.57
2019-07-03,461000,462500,453500,458500,35424,25.64
2019-07-04,454000,459000,450500,456000,19011,25.64
2019-07-05,456500,459500,452500,454000,21768,25.67
2019-07-08,453000,453000,445500,447500,21002,25.69
2019-07-09,445500,448000,441000,442000,15608,25.72
2019-07-10,449000,449000,434500,439500,41883,25.8
2019-07-11,440000,449000,439500,443500,32307,25.85
2019-07-12,444500,449000,441500,447000,33636,25.91
2019-07-15,442500,445500,440000,443000,25453,25.96
2019-07-16,444000,451000,442500,451000,27591,25.98
2019-07-17,450000,454000,446500,454000,29218,26.03
2019-07-18,449500,456000,447000,451500,28353,26.05
2019-07-19,451500,459000,450500,459000,27279,26.02
2019-07-22,454500,464000,453500,463000,27411,26.01
2019-07-23,462000,469500,459000,463000,33129,26.04
2019-07-24,462500,468000,455000,460000,25356,26.07
2019-07-25,460500,463000,451500,458000,37003,26.14
2019-07-26,455500,458000,431000,439500,60945,26.19
2019-07-29,440500,446000,436000,437500,32691,26.21
2019-07-30,436500,440000,431000,436000,23397,26.21
2019-07-31,438000,447000,436000,442500,38660,26.21
2019-08-01,439000,441500,433500,436000,27516,26.22
2019-08-02,433000,436000,421500,430000,36940,26.2
2019-08-05,427000,431000,423500,430500,31232,26.17
2019-08-06,430000,430000,419500,423500,36986,26.1
2019-08-07,428500,429000,420000,425500,35916,26.11
2019-08-08,433500,447000,430500,447000,57033,26.1
2019-08-09,444000,449000,442000,444000,32186,26.13
2019-08-12,438500,444000,438000,440000,48180,26.16
2019-08-13,438500,447500,437500,442000,32376,26.17
2019-08-14,444500,445000,433500,438500,37778,26.23
2019-08-16,434000,441000,432500,440000,21893,26.24
2019-08-19,441000,443000,436500,442500,19355,26.28
2019-08-20,439500,444500,438500,444000,24778,26.31
2019-08-21,444000,445500,438000,442000,27640,26.37
2019-08-22,440000,441500,434000,437000,42822,26.46
2019-08-23,435000,437000,429500,432000,24862,26.5
2019-08-26,430000,432000,426000,427500,17137,26.49
2019-08-27,428500,435000,425500,428000,43274,26.51
2019-08-28,433000,433000,426500,431000,24994,26.54
2019-08-29,429000,434500,428000,434500,20156,26.57
2019-08-30,435500,438500,431500,435000,23799,26.61
2019-09-02,432000,441500,432000,441000,14585,26.62
2019-09-03,445500,445500,433500,437000,25810,26.63
2019-09-04,437000,444000,435500,444000,29273,26.63
2019-09-05,440500,450000,440000,445500,33284,26.63
2019-09-06,442500,444500,435000,437500,27814,26.64
2019-09-09,438000,442500,434500,439000,26040,26.69
2019-09-10,439000,441500,436000,438500,17549,26.7
2019-09-11,442000,447000,436500,443500,39453,26.68
2019-09-16,455500,456500,444000,450000,27579,26.71
2019-09-17,444000,447500,442000,443500,13802,26.73
2019-09-18,443000,447500,441000,444000,15329,26.76
2019-09-19,443000,444000,433500,435000,29595,26.77
2019-09-20,434000,439000,433500,439000,25420,26.79
2019-09-23,436500,438500,434500,435000,12767,26.84
2019-09-24,437500,443500,435500,441500,22701,26.85
2019-09-25,440000,450000,440000,446000,22554,26.86
2019-09-26,443000,449000,441500,445500,12054,26.86
2019-09-27,447000,448000,442000,443000,15464,26.86
2019-09-30,441500,448000,441000,448000,22541,26.88
2019-10-01,445000,448000,443500,446500,19016,26.88
2019-10-02,443000,443000,435000,435000,22603,26.86
2019-10-04,433500,440500,431500,435500,17152,26.85
2019-10-07,433500,435000,430000,431000,13857,26.82
2019-10-08,428500,437000,428500,433500,21477,26.79
2019-10-10,429000,440000,429000,433500,37529,26.78
2019-10-11,439500,445000,434500,443500,26009,26.74
2019-10-14,446500,448500,442500,447000,14557,26.73
2019-10-15,446500,448500,441500,442500,14055,26.73
2019-10-16,441000,446000,440000,445500,18269,26.72
2019-10-17,445000,447000,441000,443000,23494,26.69
2019-10-18,443500,446500,437000,437500,25159,26.67
2019-10-21,443000,443000,438000,442000,12356,26.67
2019-10-22,438500,450500,438500,450500,32772,26.68
2019-10-23,445500,450500,431000,433000,53278,26.67
2019-10-24,433000,440000,433000,439500,23663,26.71
2019-10-25,435500,443500,435500,443500,20450,26.75
2019-10-28,445500,447000,438000,439500,16441,26.8
2019-10-29,439500,443000,437000,439000,13732,26.8
2019-10-30,439000,444500,436000,438500,20696,26.83
2019-10-31,438000,438500,434000,434500,30839,26.81
2019-11-01,434500,435000,430500,432000,16944,26.78
2019-11-04,435000,439500,433000,438000,17696,26.79
2019-11-05,440500,442500,437000,442500,23866,26.84
2019-11-06,439500,442000,435000,435000,22474,26.84
2019-11-07,433000,437000,433000,434000,19418,26.85
2019-11-08,434000,437500,432000,434500,29495,26.83
2019-11-11,434500,437500,431000,432000,25547,26.86
2019-11-12,435500,436000,429000,433000,28744,26.89
2019-11-13,431000,431500,424000,426000,40351,26.89
2019-11-14,425000,426500,421500,425500,35927,26.86
2019-11-15,422000,427500,421500,427500,25403,26.9
2019-11-18,426500,426500,420500,424500,33498,26.89
2019-11-19,421500,424000,420500,424000,26235,26.9
2019-11-20,420500,421000,414000,415500,44981,26.86
2019-11-21,412000,416000,408500,415000,37173,26.83
2019-11-22,416000,416000,410000,413000,31222,26.8
2019-11-25,407500,414000,403500,413500,37458,26.79
2019-11-26,409500,414500,407000,414500,62739,26.78
2019-11-27,418500,419000,410000,413000,27465,26.79
2019-11-28,410500,413000,409000,412000,14205,26.78
2019-11-29,414000,414000,405000,406000,32508,26.74
2019-12-02,405500,410000,405500,409500,42330,26.73
2019-12-03,407000,407500,400500,404000,46796,26.72
2019-12-04,400500,412000,400500,411500,41727,26.73
2019-12-05,407000,412000,407000,411000,28699,26.7
2019-12-06,407000,413500,404000,407000,30796,26.67
2019-12-09,408500,408500,402000,404000,22215,26.67
2019-12-10,407000,408500,403500,406500,26659,26.68
2019-12-11,408500,418500,407000,417000,43578,26.67
2019-12-12,418000,428000,415000,423500,73669,26.63
2019-12-13,427500,429000,425500,428000,47407,26.64
2019-12-16,430000,432000,425500,430000,29188,26.62
2019-12-17,426000,433000,424000,431000,32657,26.54
2019-12-18,427000,431000,426000,427000,21705,26.53
2019-12-19,427000,430000,423000,425500,29218,26.56
2019-12-20,430000,431500,423500,430500,31545,26.57
2019-12-23,432500,432500,428000,429000,17785,26.53
2019-12-24,430000,431500,427500,429500,25741,26.44
2019-12-26,432000,432000,427000,427500,17149,26.4
2019-12-27,423500,429000,420000,425500,31047,26.41
2019-12-30,429500,430500,425000,425000,30722,26.37
2020-01-02,428000,428500,420500,424000,23211,26.44
2020-01-03,426000,426500,420500,425500,29362,26.51
2020-01-06,427000,428500,420500,421500,20916,26.52
2020-01-07,425000,430000,424500,428000,26831,26.53
2020-01-08,424000,436000,422500,435000,59568,26.59
2020-01-09,428500,434000,424500,427500,39016,26.57
2020-01-10,425500,427500,420000,421500,34422,26.6
2020-01-13,421000,422500,418000,422500,25925,26.64
2020-01-14,419000,423000,419000,422000,31511,26.67
2020-01-15,427500,427500,419500,423000,22663,26.69
2020-01-16,423000,424000,416500,419500,37349,26.7
2020-01-17,418500,421500,416000,416000,22990,26.7
2020-01-20,416500,420000,416500,418000,23156,26.71
2020-01-21,419000,419500,413000,414500,13259,26.71
2020-01-22,418000,418000,410500,411000,30359,26.66
2020-01-23,409000,410500,406500,407000,27786,26.65
2020-01-28,406500,411500,395000,395000,41506,26.57
2020-01-29,396000,399000,392500,396500,24577,26.56
2020-01-30,396500,397000,388500,389000,34811,26.54
2020-01-31,389000,391500,380000,380000,49497,26.47
2020-02-03,376500,379500,370000,376500,40315,26.45
2020-02-04,372000,387000,372000,382000,36541,26.45
2020-02-05,382500,388000,378500,387500,38180,26.47
2020-02-06,394000,420500,387500,420500,159287,26.25
2020-02-07,425000,437000,412500,433000,133505,26.17
2020-02-10,431000,441000,431000,437000,66292,26.1
2020-02-11,434000,437500,426500,431000,67241,26.03
2020-02-12,424000,431500,421000,423000,75998,26.01
2020-02-13,423000,427000,419500,422000,49622,25.97
2020-02-14,421000,434000,418500,430500,56123,25.88
2020-02-17,431500,448000,430500,443500,72789,25.82
2020-02-18,439500,446500,436000,437000,42204,25.74
2020-02-19,445500,463500,441000,461000,110265,25.64
2020-02-20,458000,461000,448000,448000,64515,25.52
2020-02-21,444500,451500,440000,440000,47327,25.48
2020-02-24,431000,440000,426000,426000,48775,25.44
2020-02-25,429000,431000,416000,427500,46681,25.38
2020-02-26,419000,433500,419000,427000,40463,25.32
2020-02-27,422500,434000,422500,428500,37011,25.28
2020-02-28,426000,430000,411500,414500,58215,25.22
2020-03-02,411500,419000,405500,410500,46993,25.15
2020-03-03,413500,421000,408000,408500,55143,25.06
2020-03-04,408500,424000,408000,413500,39740,25.0
2020-03-05,416000,424000,414000,418500,44991,24.94
2020-03-06,418000,418000,409500,409500,47685,24.84
2020-03-09,402500,404000,391000,392000,67829,24.69
2020-03-10,384000,396500,384000,393000,51889,24.61
2020-03-11,393500,398000,383000,384500,51264,24.56
2020-03-12,390000,390000,370000,379500,77744,24.42
2020-03-13,358500,383000,352000,374000,93055,24.21
2020-03-16,377000,382000,361000,362500,58656,24.14
2020-03-17,349500,360000,342500,353500,51935,24.07
2020-03-18,348500,353500,317000,317000,113397,23.92
2020-03-19,317000,325000,292000,293500,90482,23.86
2020-03-20,297500,306500,289500,295000,87185,23.76
2020-03-23,284000,301500,276500,295000,78311,23.76
2020-03-24,306000,340000,302000,337000,73129,23.71
2020-03-25,360000,365000,344000,358500,86495,23.7
2020-03-26,358500,366000,350000,360000,59655,23.71
2020-03-27,378000,378000,351500,361500,65147,23.69
2020-03-30,360500,370000,346000,360000,57957,23.64
2020-03-31,369000,369000,356000,356000,56848,23.64
2020-04-01,352000,362500,345500,345500,61131,23.51
2020-04-02,346000,367000,342000,365500,55880,23.45
2020-04-03,359000,376000,358000,371000,55214,23.37
2020-04-06,375000,379500,371500,374500,40665,23.33
2020-04-07,382500,394500,380000,386500,70064,23.31
2020-04-08,386500,398500,384500,386000,67128,23.28
2020-04-09,394000,399000,388000,390500,58937,23.27
2020-04-10,394000,397000,385000,385500,53149,23.24
2020-04-13,385500,390500,380000,382500,37402,23.19
2020-04-14,385000,399500,384500,390000,67588,23.18
2020-04-16,390000,412000,389500,412000,78432,23.28
2020-04-17,402000,412000,402000,404000,61886,23.28
2020-04-20,400000,406500,398500,399500,50695,23.35
2020-04-21,399500,401500,388500,396000,49721,23.39
2020-04-22,396000,396000,385000,395500,39150,23.4
2020-04-23,393000,400000,392000,392500,42363,23.37
2020-04-24,391500,396500,390000,390000,34271,23.35
2020-04-27,391500,399500,390000,395000,35950,23.33
2020-04-28,397500,399000,385500,386500,67373,23.29
2020-04-29,387000,389000,384500,386000,50073,23.27
2020-05-04,376000,380000,367000,368500,114221,23.09
2020-05-06,374500,375000,369000,371500,43037,23.06
2020-05-07,370500,374500,369000,373500,33136,23.08
2020-05-08,376000,380500,374000,374500,39783,23.09
2020-05-11,376000,376000,370500,372500,36810,23.12
2020-05-12,373000,374500,367500,369500,35759,23.12
2020-05-13,368000,372500,364500,372500,36742,23.12
2020-05-14,372000,372000,366000,369500,38598,23.12
2020-05-15,366500,370000,366000,368500,29722,23.1
2020-05-18,371000,376000,367500,374000,29442,23.09
2020-05-19,378000,387000,378000,385000,61730,23.14
2020-05-20,385500,387000,382000,386000,28213,23.17
2020-05-21,382500,386000,380500,381000,35875,23.14
2020-05-22,382000,386000,371000,374000,35120,23.12
2020-05-25,378500,378500,369000,372500,30691,23.11
2020-05-26,374000,383000,373500,382000,50070,23.16
2020-05-27,379000,381500,376500,380000,42874,23.15
2020-05-28,378000,379500,371000,374000,45676,23.13
2020-05-29,371500,378000,370500,378000,50282,23.16
2020-06-01,377500,378500,374000,378500,36615,23.16
2020-06-02,376500,386000,376500,379500,46737,23.2
2020-06-03,383000,395000,382000,388500,109127,23.32
2020-06-04,389000,395000,382000,393000,73250,23.3
2020-06-05,389000,392000,385500,386500,48740,23.28
2020-06-08,390500,391000,380500,382500,71723,23.29
2020-06-09,382500,384500,375500,378000,73783,23.22
2020-06-10,384000,384000,377000,380000,49028,23.22
2020-06-11,376500,379500,370500,373000,78466,23.18
2020-06-12,365500,370000,361500,366500,54542,23.17
2020-06-15,359000,361500,342000,342000,85127,23.02
2020-06-16,349500,366000,348000,366000,48490,23.01
2020-06-17,366000,368000,355500,359500,53775,23.01
2020-06-18,355500,359000,355000,355000,24470,23.0
2020-06-19,358500,359500,348000,355000,67338,22.92
2020-06-22,350500,355000,349500,349500,38142,22.89
2020-06-23,353500,356000,346000,346000,51247,22.87
2020-06-24,347000,352000,346000,351000,29762,22.89
2020-06-25,346000,348500,343000,343000,40235,22.88
2020-06-26,345500,346500,340000,346000,37475,22.9
2020-06-29,341000,343000,334000,334500,54631,22.9
2020-06-30,337000,339000,335000,335000,41684,22.87
2020-07-01,338500,354500,337000,353000,72220,22.9
2020-07-02,359000,368500,355500,360500,77713,22.86
2020-07-03,363000,365000,359000,364000,33955,22.92
2020-07-06,366000,371000,362500,370500,64100,23.04
2020-07-07,373000,373000,361000,366500,42621,23.05
2020-07-08,369000,371000,364000,370000,35707,23.07
2020-07-09,371000,378000,370500,378000,63986,23.14
2020-07-10,378000,378000,368000,373500,44186,23.12
2020-07-13,378000,378000,370500,375000,39119,23.08
2020-07-14,370500,376500,370500,376500,31622,23.08
2020-07-15,377500,379000,364000,369000,59663,23.03
2020-07-16,366000,371500,364000,364500,36953,23.04
2020-07-17,371000,376000,365500,368000,33778,23.07
2020-07-20,367000,371500,362000,363500,35690,23.08
2020-07-21,364000,371000,363500,369000,33128,23.1
2020-07-22,375500,404000,372500,398500,257220,23.45
2020-07-23,403500,411500,394500,403500,106159,23.49
2020-07-24,399500,403000,392000,395500,60595,23.43
2020-07-27,402500,431000,401500,430500,174593,23.53
2020-07-28,446000,458000,424500,433500,179845,23.46
2020-07-29,433500,442000,424000,433000,77581,23.49
2020-07-30,430500,433500,421500,421500,63530,23.48
2020-07-31,417500,425000,411500,414000,78207,23.5
2020-08-03,415000,423000,412500,413500,72486,23.46
2020-08-04,414000,420000,407500,410500,72806,23.5
2020-08-05,424000,433500,417000,427000,99434,23.5
2020-08-06,434500,450000,434000,450000,103885,23.6
2020-08-07,459000,467000,452000,454000,129264,23.61
2020-08-10,448000,450000,441500,450000,86497,23.78
2020-08-11,452000,465000,448500,450500,81894,23.84
2020-08-12,434000,443500,427500,432000,132334,24.01
2020-08-13,430500,438000,424000,429000,88524,24.09
2020-08-14,433500,434000,422000,429000,48893,24.14
2020-08-18,437000,437500,419000,419500,73382,24.1
2020-08-19,421000,426000,416500,418000,32772,24.15
2020-08-20,412000,421500,403500,405500,49256,24.19
2020-08-21,410500,418500,405000,411500,33257,24.24
2020-08-24,411000,411000,401000,403500,45652,24.25
2020-08-25,404000,412500,403500,410000,33957,24.28
2020-08-26,407500,412000,402000,404000,30694,24.27
2020-08-27,407000,407500,399000,400000,42411,24.29
2020-08-28,400500,403000,396000,398500,52231,24.27
2020-08-31,403000,412000,397500,398500,65620,24.26
2020-09-01,397000,403000,396000,402000,36204,24.25
2020-09-02,403000,406000,397000,403500,31641,24.23
2020-09-03,404500,406000,398500,402000,42133,24.24
2020-09-04,393500,399500,392000,398000,48719,24.29
2020-09-07,395500,410500,394500,404000,44931,24.34
2020-09-08,410000,415000,404500,406000,33165,24.35
2020-09-09,403000,408500,400500,401000,45823,24.39
2020-09-10,405000,407000,401000,403000,34945,24.4
2020-09-11,403000,404000,398500,400000,28237,24.41
2020-09-14,400500,405000,397000,405000,29870,24.41
2020-09-15,404000,404500,399000,401500,34493,24.37
2020-09-16,399500,404500,396500,397500,43470,24.33
2020-09-17,397000,399000,393500,394500,35590,24.32
2020-09-18,395000,397000,389500,392000,38737,24.31
2020-09-21,391500,392000,385500,388500,39323,24.31
2020-09-22,385500,385500,375500,377500,55399,24.25
2020-09-23,378500,379000,370000,374500,47480,24.21
2020-09-24,368500,371000,363000,363000,47760,24.14
2020-09-25,369000,371500,364500,364500,31807,24.05
2020-09-28,369000,384000,366500,380000,36852,24.01
2020-09-29,385000,385000,374500,376500,34372,23.97
2020-10-05,378000,386500,375000,382500,78833,23.94
2020-10-06,381500,389000,381500,388000,25431,23.95
2020-10-07,385000,387500,380500,387000,20562,23.93
2020-10-08,388500,390000,386000,386000,52889,23.96
2020-10-12,392000,392000,376000,377000,70494,23.81
2020-10-13,377500,380000,375000,378500,37896,23.79
2020-10-14,378500,380000,373000,374000,41656,23.73
2020-10-15,372500,379500,371000,375500,31099,23.72
2020-10-16,375000,378000,371000,373000,29149,23.7
2020-10-19,375000,379500,374000,374000,22125,23.67
2020-10-20,371500,377000,368000,370500,39286,23.56
2020-10-21,370500,372500,369500,370500,38134,23.52
2020-10-22,371500,391500,371000,386000,104078,23.65
2020-10-23,389000,389500,382500,389000,40817,23.6
2020-10-26,386500,387500,377500,378000,38943,23.54
2020-10-27,375500,391500,371000,378000,87785,23.45
2020-10-28,376500,380500,375000,380500,29795,23.44
2020-10-29,375000,381500,372500,381500,45565,23.48
2020-10-30,381500,382500,374000,382500,55754,23.5
2020-11-02,382000,384500,381000,384000,37264,23.58
2020-11-03,381500,389500,381500,389000,43022,23.66
2020-11-04,391500,391500,384000,387500,37055,23.69
2020-11-05,384500,388000,384000,388000,38506,23.7
2020-11-06,391000,395000,387500,394000,53305,23.77
2020-11-09,397000,400000,391500,394000,47955,23.77
2020-11-10,394000,395000,388500,390000,57989,23.86
2020-11-11,389500,394000,388500,392500,55241,23.93
2020-11-12,392500,394500,389500,392000,37422,23.97
2020-11-13,388000,389500,385000,385000,51421,23.89
2020-11-16,387500,388500,382000,386000,61597,23.9
2020-11-17,386000,391000,384000,385000,74141,23.84
2020-11-18,385000,387000,383000,385000,44132,23.83
2020-11-19,384000,385000,382000,383500,27420,23.81
2020-11-20,383000,388000,383000,388000,32147,23.83
2020-11-23,387000,393500,386500,393500,48692,23.93
2020-11-24,393500,400000,392500,394500,66985,24.0
2020-11-25,395500,399000,388000,392500,68761,23.99
2020-11-26,394000,394500,386500,390000,52958,23.97
2020-11-27,387500,389000,387000,388500,30050,23.94
2020-11-30,388500,389000,379000,379000,120792,23.74
2020-12-01,384000,390500,384000,390000,59453,23.8
2020-12-02,392500,393500,389000,392500,49462,23.8
2020-12-03,397500,397500,392000,392000,54522,23.85
2020-12-04,394500,399500,392000,398000,71559,23.96
2020-12-07,400000,401000,392500,397000,47087,24.0
2020-12-08,399500,399500,392000,392000,38051,23.97
2020-12-09,393000,395000,392000,395000,35342,23.98
2020-12-10,394000,394500,388000,389500,74553,23.86
2020-12-11,392500,394500,390000,392000,53013,23.8
2020-12-14,392000,396500,391500,394000,57887,23.76
2020-12-15,395500,398000,393000,398000,49153,23.79
2020-12-16,400000,400500,398500,399500,36470,23.78
2020-12-17,399500,407500,396500,407000,62061,23.8
2020-12-18,408500,411000,402500,405500,61889,23.73
2020-12-21,405500,423000,400000,423000,100060,23.82
2020-12-22,417000,420000,410000,413500,62437,23.77
2020-12-23,411000,414500,402000,412500,46222,23.75
2020-12-24,412500,414500,408500,413000,147733,23.7
2020-12-28,415500,416000,409500,416000,71771,23.67
2020-12-29,406000,407000,401500,403000,66995,23.63
2020-12-30,402500,403000,397000,401500,62337,23.63
2021-01-04,404000,404000,397000,401000,57810,23.65
2021-01-05,403000,454000,403000,452000,403605,23.93
2021-01-06,452500,455000,432000,439500,179734,23.83
2021-01-07,446000,449000,437000,442500,123722,23.69
2021-01-08,452000,452000,438000,439500,107911,23.63
2021-01-11,432000,433500,416000,421500,198304,23.7
2021-01-12,423000,423000,412000,418500,85062,23.66
2021-01-13,419000,425000,415000,423000,72260,23.65
2021-01-14,426000,427000,419500,420500,80513,23.52
2021-01-15,423000,425000,412500,412500,88594,23.44
2021-01-18,408500,415000,405500,407000,52583,23.38
2021-01-19,411000,420000,410500,418000,60695,23.35
2021-01-20,416500,420000,411000,420000,67117,23.3
2021-01-21,422500,437000,416500,435500,135895,23.24
2021-01-22,431000,438000,427000,427000,85216,23.19
2021-01-25,427000,432500,422500,428500,54619,23.17
2021-01-26,429000,429000,413500,413500,101968,23.08
2021-01-27,417000,418500,411000,411500,48300,23.03
2021-01-28,403000,408500,402000,404000,61306,22.93
2021-01-29,408500,413000,403000,406000,100957,22.88
2021-02-01,420500,434000,411000,433500,182305,23.08
2021-02-02,450000,450000,423000,427000,151149,23.08
2021-02-03,420000,425500,418000,420500,84315,23.04
2021-02-04,420500,421000,407500,409000,113326,22.83
2021-02-05,409500,415000,408500,414500,70392,22.85
2021-02-08,415500,419000,412500,412500,55277,22.83
2021-02-09,417000,419500,413500,415000,48831,22.81
2021-02-10,416500,417000,411000,413000,45924,22.8
2021-02-15,417500,417500,413500,415000,54550,22.8
2021-02-16,419000,431000,416000,421500,189695,22.81
2021-02-17,425000,425000,417500,422000,72028,22.81
2021-02-18,422000,422500,415000,415000,56478,22.75
2021-02-19,416000,421000,411000,413500,63604,22.73
2021-02-22,417500,434000,414000,428500,142559,22.92
2021-02-23,433500,438500,425500,433000,122437,23.03
2021-02-24,433500,434000,415000,415500,82728,22.96
2021-02-25,420000,423500,413500,416000,72277,22.84
2021-02-26,410500,411000,402500,403500,114464,22.58
2021-03-02,408500,412000,405500,407000,61635,22.5
2021-03-03,407000,412500,405500,412000,42352,22.49
2021-03-04,405500,412500,405000,408000,48889,22.49
2021-03-05,406500,408500,402000,407000,42589,22.47
2021-03-08,408500,410500,401500,403500,44896,22.43
2021-03-09,406000,406500,394500,397500,66019,22.34
2021-03-10,401000,403000,398000,402000,45413,22.39
2021-03-11,400000,405000,398500,402500,67077,22.44
2021-03-12,403000,405000,400000,403500,61597,22.48
2021-03-15,404000,405500,400500,403500,26375,22.49
2021-03-16,403500,407000,403500,404000,29978,22.46
2021-03-17,405000,413500,400000,412000,56484,22.46
2021-03-18,413000,413000,409000,411500,40741,22.48
2021-03-19,406000,407000,402000,402000,67989,22.37
2021-03-22,407000,408000,402000,404500,35056,22.37
2021-03-23,405000,408000,405000,406000,37572,22.36
2021-03-24,406000,408500,401000,402500,45201,22.34
2021-03-25,402000,404500,400500,401000,38119,22.27
2021-03-26,402000,408000,401500,405500,34773,22.27
2021-03-29,407000,409500,403500,409500,32702,22.31
2021-03-30,409500,410000,405500,406500,30618,22.31
2021-03-31,405000,410000,404000,408500,41692,22.38
2021-04-01,406500,409000,403500,405000,38593,22.38
2021-04-02,405000,408000,404500,405500,28676,22.41
2021-04-05,405500,407000,403000,406500,19213,22.41
2021-04-06,407000,410000,404500,404500,30925,22.41
2021-04-07,406500,415000,406500,413500,61954,22.47
2021-04-08,410500,415000,410000,411000,49716,22.44
2021-04-09,410000,414000,409500,412000,28987,22.47
2021-04-12,410500,413500,410500,413000,26759,22.41
2021-04-13,413000,417500,412500,417500,40017,22.38
2021-04-14,417500,417500,412500,413000,47518,22.3
2021-04-15,414500,418500,413000,418000,50291,22.3
2021-04-16,423000,424000,419000,421500,74919,22.29
2021-04-19,422000,424000,417000,420000,42742,22.3
2021-04-20,420000,420500,417000,418500,30871,22.26
2021-04-21,418000,425500,415500,418000,66092,22.23
2021-04-22,420000,438000,417500,437000,144277,22.31
2021-04-23,437000,441000,430500,439000,88849,22.3
2021-04-26,438500,439000,429500,438000,60090,22.24
2021-04-27,440500,441000,431000,434500,59398,22.17
2021-04-28,438000,438000,425000,427000,63979,22.15
2021-04-29,424000,464000,422500,454500,313326,22.21
2021-04-30,452000,465500,446000,446000,136918,22.11
2021-05-03,450000,457500,442000,442500,77265,22.02
2021-05-04,448500,450500,438500,443500,67084,21.97
2021-05-06,448000,467000,443000,464000,125707,21.84
2021-05-07,462000,465000,450500,455500,82547,21.83
2021-05-10,459500,479500,458500,474000,119166,21.96
2021-05-11,472000,491000,470000,481500,145398,22.08
2021-05-12,486500,490500,471500,478500,111929,22.12
2021-05-13,474000,486500,466000,469500,108507,22.22
2021-05-14,469000,476000,455500,459000,90025,22.3
2021-05-17,458500,463000,448000,455000,70185,22.23
2021-05-18,460000,477500,458500,477500,69019,22.19
2021-05-20,470000,474500,460500,468000,64478,22.13
2021-05-21,467000,469000,453500,464000,48890,22.11
2021-05-24,464000,466500,457000,461500,33266,22.09
2021-05-25,462000,469000,460000,464500,30504,22.04
2021-05-26,464500,467000,450000,453000,55747,22.04
2021-05-27,453500,457500,450500,451500,51516,22.02
2021-05-28,456000,463000,452000,461000,46582,21.99
2021-05-31,454000,460500,451500,451500,47993,21.96
2021-06-01,451500,455000,445000,447500,60587,21.94
2021-06-02,448000,451000,445000,445500,53776,21.93
2021-06-03,447500,448000,440500,441000,54651,21.91
2021-06-04,440500,441000,436500,440000,44726,21.89
2021-06-07,440500,443000,435500,436500,36736,21.88
2021-06-08,437000,437500,434000,436000,32118,21.83
2021-06-09,436000,436000,429000,430000,36419,21.8
2021-06-10,430000,436000,428000,435500,62439,21.71
2021-06-11,436000,438500,433000,436500,27139,21.67
2021-06-14,437500,440000,435000,437500,24220,21.63
2021-06-15,438500,444000,434000,441000,36290,21.61
2021-06-16,440500,443500,438500,439000,31092,21.57
2021-06-17,439000,439500,433500,434500,42184,21.52
2021-06-18,432500,438000,432000,434000,37286,21.49
2021-06-21,433000,433500,422000,423500,65637,21.44
2021-06-22,424500,431000,424500,430000,28598,21.45
2021-06-23,430500,432000,427000,430500,28247,21.44
2021-06-24,430000,436500,429500,435000,27426,21.44
2021-06-25,436000,445500,436000,445000,55614,21.47
2021-06-28,445000,446500,437000,440000,29309,21.42
2021-06-29,440000,444500,435500,436500,24715,21.42
2021-06-30,436000,436500,431500,431500,32490,21.4
2021-07-01,433000,433500,429500,430000,23831,21.36
2021-07-02,430500,434500,430000,431500,22535,21.33
2021-07-05,432500,437500,431500,434500,24303,21.29
2021-07-06,436500,438000,431000,436500,25820,21.24
2021-07-07,432500,436500,431000,436000,21300,21.21
2021-07-08,433500,442500,433000,434000,50482,21.19
2021-07-09,434000,434000,423000,426500,56007,21.07
2021-07-12,428500,433500,428000,429000,37423,20.99
2021-07-13,432500,433000,429000,430000,48717,20.95
2021-07-14,451000,486000,450000,477500,460271,20.9
2021-07-15,486000,497500,475500,495000,201802,21.05
2021-07-16,490000,500000,486000,489000,76391,21.13
2021-07-19,480000,485000,468000,473000,110544,21.1
2021-07-20,475500,493000,474000,478500,133485,20.92
2021-07-21,486000,512000,481500,510000,170657,20.86
2021-07-22,517000,531000,502000,510000,133925,20.73
2021-07-23,519000,550000,518000,539000,155324,20.62
2021-07-26,540000,555000,533000,541000,103067,20.55
2021-07-27,539000,552000,534000,538000,104190,20.45
2021-07-28,535000,542000,528000,533000,83191,20.44
2021-07-29,535000,544000,528000,538000,60459,20.46
2021-07-30,541000,556000,530000,547000,105605,20.33
2021-08-02,550000,555000,536000,540000,56872,20.28
2021-08-03,537000,542000,522000,530000,72060,20.3
2021-08-04,532000,537000,523000,530000,53223,20.31
2021-08-05,526000,533000,523000,525000,43405,20.32
2021-08-06,526000,533000,521000,527000,30035,20.33
2021-08-09,520000,531000,516000,522000,46985,20.31
2021-08-10,525000,532000,518000,521000,49165,20.26
2021-08-11,522000,527000,510000,515000,68471,20.24
2021-08-12,519000,540000,517000,532000,96155,20.22
2021-08-13,540000,545000,524000,525000,52759,20.15
2021-08-17,524000,531000,514000,517000,49476,20.18
2021-08-18,511000,517000,506000,513000,39645,20.18
2021-08-19,511000,511000,497000,499500,58059,20.19
2021-08-20,496000,501000,483000,486000,65279,20.21
2021-08-23,490000,502000,486000,492000,37975,20.21
2021-08-24,499000,518000,497000,508000,48360,20.17
2021-08-25,511000,520000,506000,516000,41526,20.15
2021-08-26,507000,516000,506000,508000,32025,20.12
2021-08-27,505000,510000,500000,507000,26779,20.1
2021-08-30,507000,511000,499500,506000,27819,20.11
2021-08-31,506000,536000,501000,532000,106707,20.13
2021-09-01,529000,529000,517000,521000,36680,20.06
2021-09-02,521000,532000,512000,517000,38160,20.08
2021-09-03,519000,521000,512000,517000,25256,20.08
2021-09-06,522000,526000,516000,518000,23387,20.06
2021-09-07,515000,521000,507000,512000,33092,20.03
2021-09-08,508000,516000,508000,511000,31513,20.02
2021-09-09,506000,510000,505000,506000,42831,20.01
2021-09-10,507000,516000,501000,508000,37984,20.0
2021-09-13,508000,535000,504000,528000,77901,19.97
2021-09-14,532000,532000,517000,521000,32052,19.93
2021-09-15,516000,524000,512000,519000,37956,19.87
2021-09-16,520000,534000,516000,524000,45001,19.81
2021-09-17,521000,527000,517000,518000,49443,19.7
2021-09-23,511000,520000,510000,510000,34281,19.64
2021-09-24,512000,517000,509000,512000,36687,19.59
2021-09-27,508000,519000,506000,511000,40393,19.54
2021-09-28,520000,529000,506000,507000,105593,19.5
2021-09-29,499000,505000,492000,502000,57809,19.49
2021-09-30,498500,508000,496500,503000,36770,19.48
2021-10-01,499000,507000,493500,499000,46296,19.49
2021-10-05,492500,513000,492500,505000,57724,19.43
2021-10-06,508000,525000,500000,503000,62067,19.35
2021-10-07,515000,525000,510000,512000,53056,19.26
2021-10-08,515000,539000,513000,531000,104378,19.15
2021-10-12,537000,573000,537000,552000,200061,18.8
2021-10-13,557000,568000,547000,564000,117313,18.62
2021-10-14,578000,599000,567000,574000,144951,18.6
2021-10-15,582000,593000,570000,590000,88801,18.62
2021-10-18,602000,624000,595000,607000,138489,18.66
2021-10-19,597000,619000,595000,607000,86605,18.73
2021-10-20,601000,601000,572000,578000,137063,18.78
2021-10-21,580000,590000,571000,576000,84007,18.86
2021-10-22,569000,588000,566000,571000,69384,18.89
2021-10-25,566000,578000,559000,572000,48384,18.83
2021-10-26,576000,577000,562000,565000,51076,18.8
2021-10-27,565000,574000,558000,560000,44035,18.8
2021-10-28,560000,560000,532000,532000,107156,18.7
2021-10-29,532000,539000,528000,537000,76092,18.64
2021-11-01,528000,536000,518000,528000,59746,18.65
2021-11-02,528000,533000,508000,512000,118475,18.73
2021-11-03,502000,517000,500000,512000,70511,18.74
2021-11-04,513000,518000,508000,510000,51399,18.68
2021-11-05,511000,512000,499500,505000,58594,18.63
2021-11-08,505000,505000,495000,500000,39350,18.61
2021-11-09,502000,510000,499000,501000,41094,18.55
2021-11-10,499500,499500,490500,490500,45659,18.55
2021-11-11,487000,495500,483000,487000,44251,18.55
2021-11-12,490000,513000,489000,505000,64925,18.46
2021-11-15,509000,510000,499000,504000,36883,18.41
2021-11-16,502000,510000,497000,505000,33742,18.42
2021-11-17,501000,503000,493500,493500,48038,18.4
2021-11-18,493500,497000,488000,490000,35101,18.37
2021-11-19,490500,497000,489500,490500,37298,18.36
2021-11-22,487500,489000,482000,486000,45437,18.37
2021-11-23,486500,508000,486000,503000,53811,18.39
2021-11-24,505000,512000,497500,502000,48300,18.36
2021-11-25,503000,508000,496500,499000,36617,18.3
2021-11-26,505000,528000,503000,520000,105978,18.29
2021-11-29,510000,523000,501000,503000,60403,18.23
2021-11-30,508000,508000,490000,493500,70992,18.24
2021-12-01,495500,498500,487000,490500,39320,18.23
2021-12-02,487000,497500,485000,497500,46722,18.27
2021-12-03,492000,497500,487000,493500,39736,18.21
2021-12-06,492500,504000,488500,500000,32203,18.21
2021-12-07,502000,503000,493000,494000,46236,18.13
2021-12-08,496500,508000,495500,500000,51462,18.12
2021-12-09,504000,509000,499000,504000,59198,18.12
2021-12-10,504000,517000,501000,513000,33747,18.12
2021-12-13,510000,516000,502000,506000,32073,18.09
2021-12-14,506000,517000,502000,513000,38756,18.15
2021-12-15,512000,517000,507000,509000,57937,18.15
2021-12-16,511000,514000,506000,513000,25053,18.18
2021-12-17,515000,530000,512000,524000,64231,18.2
2021-12-20,521000,524000,511000,520000,44571,18.21
2021-12-21,520000,521000,512000,516000,26857,18.16
2021-12-22,516000,525000,514000,524000,27309,18.17
2021-12-23,526000,548000,524000,542000,77531,18.19
2021-12-24,544000,547000,532000,535000,36279,18.18
2021-12-27,536000,542000,532000,533000,22728,18.2
2021-12-28,536000,537000,528000,532000,47849,18.19
2021-12-29,524000,529000,516000,523000,30497,18.23
2021-12-30,520000,525000,509000,511000,30929,18.27
2022-01-03,512000,516000,508000,510000,20258,18.29
2022-01-04,510000,518000,510000,511000,25524,18.31
2022-01-05,512000,512000,502000,503000,32447,18.33
2022-01-06,503000,515000,499000,509000,44441,18.35
2022-01-07,509000,514000,505000,514000,28995,18.38
2022-01-10,512000,519000,512000,514000,26067,18.35
2022-01-11,506000,519000,506000,517000,33490,18.36
2022-01-12,519000,539000,519000,535000,60316,18.37
2022-01-13,537000,555000,536000,551000,85494,18.4
2022-01-14,547000,555000,539000,546000,43026,18.39
2022-01-17,541000,555000,541000,548000,44586,18.35
2022-01-18,545000,555000,538000,550000,49187,18.28
2022-01-19,545000,582000,545000,555000,94680,18.3
2022-01-20,564000,572000,544000,548000,55493,18.3
2022-01-21,548000,561000,540000,557000,55707,18.3
2022-01-24,558000,564000,525000,528000,54495,18.21
2022-01-25,528000,531000,516000,517000,53693,18.21
2022-01-26,519000,524000,511000,521000,33212,18.23
2022-01-27,521000,524000,499000,500000,66877,18.16
2022-01-28,508000,513000,498500,509000,44793,18.2
2022-02-03,520000,529000,515000,522000,32857,18.23
2022-02-04,527000,543000,523000,538000,44645,18.2
2022-02-07,539000,545000,526000,537000,41519,18.17
2022-02-08,545000,549000,520000,523000,62777,18.17
2022-02-09,528000,544000,527000,536000,35060,18.22
2022-02-10,530000,540000,510000,530000,39755,18.3
2022-02-11,523000,542000,521000,531000,40977,18.35
2022-02-14,531000,537000,522000,532000,43238,18.31
2022-02-15,533000,535000,518000,519000,31892,18.28
2022-02-16,524000,531000,515000,529000,39933,18.35
2022-02-17,531000,537000,525000,526000,32224,18.34
2022-02-18,526000,539000,521000,535000,33959,18.35
2022-02-21,528000,536000,526000,530000,17735,18.33
2022-02-22,533000,533000,521000,526000,23119,18.32
2022-02-23,525000,530000,525000,529000,21681,18.32
2022-02-24,526000,529000,521000,526000,21795,18.35
2022-02-25,530000,530000,521000,528000,35233,18.34
2022-02-28,524000,550000,524000,550000,63704,18.42
2022-03-02,553000,578000,551000,569000,78952,18.53
2022-03-03,569000,571000,546000,552000,60525,18.58
2022-03-04,557000,573000,545000,570000,63730,18.62
2022-03-07,581000,583000,565000,577000,71756,18.64
2022-03-08,579000,581000,548000,552000,74908,18.64
2022-03-10,553000,573000,548000,573000,76429,18.79
2022-03-11,564000,571000,562000,569000,34102,18.84
2022-03-14,586000,608000,584000,590000,118458,19.09
2022-03-15,595000,595000,583000,583000,66616,19.21
2022-03-16,583000,586000,560000,572000,77900,19.31
2022-03-17,578000,585000,572000,572000,75224,19.43
2022-03-18,574000,578000,565000,569000,53251,19.49
2022-03-21,569000,575000,566000,569000,23290,19.49
2022-03-22,574000,587000,573000,575000,39628,19.51
2022-03-23,578000,590000,574000,588000,33205,19.54
2022-03-24,593000,598000,577000,590000,35137,19.53
2022-03-25,585000,594000,584000,592000,25040,19.57
2022-03-28,585000,592000,580000,589000,24381,19.59
2022-03-29,594000,595000,585000,593000,28751,19.58
2022-03-30,592000,592000,571000,576000,59085,19.59
2022-03-31,580000,588000,578000,585000,48274,19.65
2022-04-01,584000,592000,582000,590000,29794,19.73
2022-04-04,594000,602000,591000,602000,42141,19.75
2022-04-05,596000,605000,585000,605000,39347,19.73
2022-04-06,606000,634000,606000,631000,119300,19.88
2022-04-07,631000,640000,624000,630000,58485,19.88
2022-04-08,632000,634000,625000,628000,31951,19.9
2022-04-11,628000,631000,613000,619000,41695,19.96
2022-04-12,619000,621000,606000,617000,31924,20.0
2022-04-13,626000,631000,621000,625000,29496,20.01
2022-04-14,629000,638000,628000,634000,26878,20.0
2022-04-15,632000,634000,620000,626000,18840,20.02
2022-04-18,621000,649000,620000,638000,39836,20.06
2022-04-19,643000,657000,636000,657000,35219,20.09
2022-04-20,659000,661000,635000,650000,59385,20.12
2022-04-21,654000,654000,630000,630000,52143,20.12
2022-04-22,628000,629000,612000,621000,45108,20.13
2022-04-25,632000,632000,612000,621000,52960,20.06
2022-04-26,625000,625000,585000,590000,100556,20.05
2022-04-27,575000,593000,574000,592000,46421,20.04
2022-04-28,587000,603000,584000,592000,48939,20.11
2022-04-29,592000,593000,572000,576000,82337,20.12
2022-05-02,575000,581000,569000,577000,35070,20.15
2022-05-03,577000,578000,562000,568000,44194,20.16
2022-05-04,566000,569000,560000,564000,25895,20.15
2022-05-06,560000,564000,554000,554000,32131,20.14
2022-05-09,553000,557000,548000,552000,24226,20.12
2022-05-10,550000,553000,538000,551000,43229,20.11
2022-05-11,546000,546000,537000,538000,39173,20.09
2022-05-12,538000,556000,535000,540000,60070,20.05
2022-05-13,540000,545000,534000,544000,35583,19.99
2022-05-16,551000,554000,544000,552000,30480,19.98
2022-05-17,552000,556000,547000,552000,29530,19.95
2022-05-18,552000,567000,552000,557000,39722,20.0
2022-05-19,548000,569000,543000,561000,51488,19.99
2022-05-20,562000,575000,561000,573000,40966,19.98
2022-05-23,568000,579000,568000,576000,21359,19.98
2022-05-24,574000,578000,557000,564000,38386,19.99
2022-05-25,568000,573000,564000,567000,27123,19.96
2022-05-26,563000,576000,563000,576000,20559,19.96
2022-05-27,578000,584000,576000,576000,23812,19.96
2022-05-30,581000,583000,579000,581000,20560,19.98
2022-05-31,582000,595000,580000,595000,91556,20.09
2022-06-02,590000,594000,579000,585000,48746,20.18
2022-06-03,586000,588000,561000,572000,75005,20.26
2022-06-07,572000,579000,565000,577000,30949,20.33
2022-06-08,577000,580000,567000,570000,30127,20.35
2022-06-09,569000,570000,561000,565000,31678,20.39
2022-06-10,560000,560000,552000,557000,31567,20.45
2022-06-13,543000,554000,543000,546000,34880,20.49
2022-06-14,545000,549000,531000,535000,53650,20.5
2022-06-15,539000,543000,516000,517000,45396,20.48
2022-06-16,520000,532000,518000,525000,34033,20.48
2022-06-17,519000,531000,513000,530000,35290,20.44
2022-06-20,535000,535000,512000,515000,28782,20.42
2022-06-21,524000,526000,514000,520000,20853,20.41
2022-06-22,524000,524000,507000,509000,23860,20.43
2022-06-23,508000,509000,491000,494000,40872,20.4
2022-06-24,494000,499000,486500,493000,46276,20.4
2022-06-27,493000,502000,483000,500000,38614,20.45
2022-06-28,500000,506000,492000,499500,33143,20.47
2022-06-29,495000,501000,490500,494500,31309,20.44
2022-06-30,496000,500000,487500,487500,34722,20.42
2022-07-01,488000,493000,478000,481000,36303,20.46
2022-07-04,481000,487000,472000,481000,26579,20.48
2022-07-05,486500,496000,481500,490500,28665,20.48
2022-07-06,483000,484000,452000,452000,90078,20.44
2022-07-07,456000,464500,453000,459500,42329,20.45
2022-07-08,461000,471500,460500,463000,35500,20.46
2022-07-11,463500,466000,457000,463500,20774,20.47
2022-07-12,463500,463500,453000,453500,26706,20.41
2022-07-13,450000,457000,441000,454500,39294,20.4
2022-07-14,454000,456000,448000,452000,22931,20.44
2022-07-15,454000,455000,445000,450000,20009,20.4
2022-07-18,451000,460000,447500,460000,36699,20.42
2022-07-19,458500,463000,455000,456500,23273,20.42
2022-07-20,461000,461500,453000,457500,39108,20.46
2022-07-21,456000,461000,453500,459500,37387,20.51
2022-07-22,457000,465500,457000,463500,36613,20.45
2022-07-25,462500,469000,461500,468500,34336,20.4
2022-07-26,466000,473000,464500,471500,22854,20.37
2022-07-27,471000,473500,462500,467000,29138,20.37
2022-07-28,469500,474000,467500,472500,29431,20.38
2022-07-29,479500,483500,476000,477500,41110,20.38
2022-08-01,477000,493500,476500,487000,65539,20.34
2022-08-02,480000,483000,475500,479500,27877,20.32
2022-08-03,480500,482500,471000,478000,40180,20.33
2022-08-04,479000,482500,475500,481000,28529,20.28
2022-08-05,490000,516000,490000,516000,107743,20.25
2022-08-08,530000,560000,524000,553000,197036,20.22
2022-08-09,551000,576000,550000,562000,97837,20.15
2022-08-10,564000,571000,554000,563000,55920,20.12
2022-08-11,565000,589000,561000,586000,95491,20.07
2022-08-12,579000,600000,579000,588000,53603,19.96
2022-08-16,589000,607000,585000,596000,45446,19.93
2022-08-17,600000,619000,590000,597000,65742,19.94
2022-08-18,592000,598000,586000,589000,42007,19.99
2022-08-19,590000,596000,581000,587000,38105,20.01
2022-08-22,579000,591000,576000,581000,53111,20.05
2022-08-23,577000,578000,565000,571000,49135,20.06
2022-08-24,570000,582000,567000,580000,46199,19.98
2022-08-25,580000,591000,571000,586000,37132,19.94
2022-08-26,586000,595000,580000,585000,38558,19.91
2022-08-29,568000,620000,567000,618000,148167,19.79
2022-08-30,625000,665000,615000,619000,141784,19.64
2022-08-31,637000,683000,629000,672000,273478,19.49
2022-09-01,666000,680000,640000,644000,138681,19.33
2022-09-02,643000,644000,609000,618000,152988,19.23
2022-09-05,613000,624000,609000,612000,77276,19.22
2022-09-06,614000,640000,612000,627000,74103,19.2
2022-09-07,623000,633000,617000,627000,65330,18.12
2022-09-08,628000,629000,605000,615000,99978,18.05
2022-09-13,625000,629000,612000,620000,86081,18.0
2022-09-14,598000,626000,598000,624000,95539,17.9
2022-09-15,624000,647000,617000,634000,79284,17.78
2022-09-16,630000,640000,614000,618000,77499,17.61
2022-09-19,614000,615000,582000,588000,105885,17.63
2022-09-20,593000,604000,590000,601000,45203,17.62
2022-09-21,595000,603000,590000,600000,42513,17.66
2022-09-22,594000,609000,586000,604000,47164,17.65
2022-09-23,610000,634000,599000,614000,85266,17.5
2022-09-26,601000,611000,587000,591000,63831,17.39
2022-09-27,596000,597000,578000,591000,45118,17.34
2022-09-28,584000,588000,563000,569000,56342,17.33
2022-09-29,579000,594000,572000,581000,43782,17.29
2022-09-30,589000,599000,577000,595000,77106,17.16
2022-10-04,591000,604000,581000,597000,64021,22.03
2022-10-05,604000,626000,597000,621000,131922,21.86
2022-10-06,617000,638000,613000,621000,66305,21.8
2022-10-07,616000,625000,602000,610000,56291,21.8
2022-10-11,603000,616000,600000,609000,57871,21.83
2022-10-12,604000,611000,583000,608000,54399,21.79
2022-10-13,602000,615000,602000,604000,60364,21.75
2022-10-14,607000,622000,603000,613000,51910,21.74
2022-10-17,603000,620000,603000,616000,30635,21.72
2022-10-18,621000,622000,597000,605000,60642,21.74
2022-10-19,611000,634000,610000,618000,65951,21.79
2022-10-20,616000,617000,605000,613000,39438,21.76
2022-10-21,605000,605000,582000,587000,76178,21.67
2022-10-24,596000,609000,592000,602000,45430,21.72
2022-10-25,607000,609000,600000,607000,35590,21.75
2022-10-26,608000,618000,603000,608000,43960,21.78
2022-10-27,613000,629000,612000,627000,51403,21.81
2022-10-28,628000,632000,619000,622000,35156,21.81
2022-10-31,628000,640000,623000,640000,124367,21.9
2022-11-01,638000,638000,617000,626000,47460,21.81
2022-11-02,621000,625000,612000,621000,36058,21.84
2022-11-03,600000,600000,560000,586000,214254,21.56
2022-11-04,593000,594000,561000,579000,121256,21.36
2022-11-07,586000,604000,586000,595000,94032,21.34
2022-11-08,601000,611000,587000,589000,67018,21.27
2022-11-09,595000,625000,588000,620000,127108,21.28
2022-11-10,612000,621000,602000,610000,74563,21.31
2022-11-11,625000,631000,615000,622000,77814,21.3
2022-11-14,616000,648000,616000,631000,77517,21.3
2022-11-15,631000,642000,627000,634000,64300,21.2
2022-11-16,631000,645000,623000,639000,63982,21.22
2022-11-17,639000,645000,634000,642000,46827,21.16
2022-11-18,642000,660000,640000,648000,87093,21.01
2022-11-21,653000,653000,638000,648000,60111,20.94
2022-11-22,646000,658000,643000,656000,66695,20.9
2022-11-23,660000,685000,635000,658000,185498,20.78
2022-11-24,657000,657000,615000,617000,232559,20.72
2022-11-25,620000,658000,614000,657000,560803,22.96
2022-11-28,664000,679000,645000,646000,83413,22.92
2022-11-29,648000,648000,628000,633000,62377,22.87
2022-11-30,635000,636000,613000,630000,100737,22.9
2022-12-01,634000,635000,622000,627000,81276,22.9
2022-12-02,628000,628000,610000,611000,68968,22.97
2022-12-05,611000,614000,597000,603000,71232,23.02
2022-12-06,590000,606000,587000,599000,50897,22.98
2022-12-07,602000,612000,597000,605000,44196,22.93
2022-12-08,601000,611000,601000,604000,67100,22.91
2022-12-09,606000,610000,594000,602000,51328,22.97
2022-12-12,607000,612000,599000,609000,34210,22.89
2022-12-13,610000,612000,600000,608000,27461,22.88
2022-12-14,614000,617000,605000,608000,36225,22.89
2022-12-15,610000,610000,589000,591000,55474,22.91
2022-12-16,592000,607000,592000,596000,76786,22.9
2022-12-19,596000,596000,585000,587000,34081,22.9
2022-12-20,588000,588000,575000,580000,43145,22.92
2022-12-21,586000,587000,575000,578000,28694,22.82
2022-12-22,579000,581000,571000,580000,49030,22.8
2022-12-23,575000,579000,563000,571000,64435,22.75
2022-12-26,571000,572000,560000,564000,65509,22.79
2022-12-27,564000,570000,556000,565000,101555,22.89
2022-12-28,554000,584000,545000,575000,107613,22.79
2022-12-29,567000,575000,560000,564000,48740,22.7
2023-01-02,563000,563000,536000,539000,63376,22.73
2023-01-03,535000,539000,520000,526000,66752,22.93
2023-01-04,522000,531000,520000,522000,47819,23.0
2023-01-05,521000,523000,505000,518000,83237,23.14
2023-01-06,512000,531000,512000,522000,63028,23.19
2023-01-09,524000,548000,523000,546000,50171,23.2
2023-01-10,547000,552000,539000,547000,35360,23.2
2023-01-11,547000,548000,537000,547000,38360,23.23
2023-01-12,550000,561000,549000,550000,53804,23.28
2023-01-13,557000,569000,555000,559000,48241,23.28
2023-01-16,560000,563000,555000,559000,25805,23.29
2023-01-17,557000,557000,547000,550000,32033,23.27
2023-01-18,547000,556000,545000,547000,22074,23.27
2023-01-19,547000,562000,544000,555000,42747,23.34
2023-01-20,555000,566000,554000,566000,28155,23.33
2023-01-25,566000,571000,562000,564000,26596,23.34
2023-01-26,565000,574000,561000,573000,30583,23.37
2023-01-27,572000,576000,566000,570000,31584,23.36
2023-01-30,569000,574000,562000,564000,39673,23.4
2023-01-31,564000,564000,540000,541000,74805,23.36
2023-02-01,543000,550000,539000,550000,48584,23.41
2023-02-02,553000,558000,542000,544000,35496,23.42
2023-02-03,542000,544000,528000,537000,89837,23.52
2023-02-06,537000,545000,532000,533000,47154,23.52
2023-02-07,533000,535000,528000,531000,44967,23.48
2023-02-08,532000,538000,532000,536000,27051,23.49
2023-02-09,536000,543000,535000,535000,39178,23.51
2023-02-10,535000,543000,526000,542000,43568,23.53
2023-02-13,543000,547000,530000,536000,31726,23.52
2023-02-14,542000,542000,535000,538000,22178,23.51
2023-02-15,535000,563000,534000,551000,82439,23.56
2023-02-16,554000,557000,547000,553000,40409,23.48
2023-02-17,552000,570000,547000,561000,59557,23.45
2023-02-20,568000,582000,561000,579000,85040,23.37
2023-02-21,581000,614000,579000,610000,142333,23.16
2023-02-22,604000,618000,593000,609000,129625,22.98
2023-02-23,607000,612000,594000,596000,78527,22.94
2023-02-24,596000,601000,586000,588000,49105,22.86
2023-02-27,584000,599000,580000,596000,62765,22.75
2023-02-28,600000,602000,581000,584000,51415,22.71
2023-03-02,584000,598000,583000,592000,59919,22.66
2023-03-03,599000,601000,586000,591000,36223,22.68
2023-03-06,595000,595000,578000,583000,67570,22.65
2023-03-07,583000,592000,579000,586000,43317,22.65
2023-03-08,578000,584000,554000,554000,99234,22.58
2023-03-09,556000,559000,544000,544000,76774,22.53
2023-03-10,535000,540000,527000,532000,70330,22.5
2023-03-13,529000,547000,527000,545000,61391,22.37
2023-03-14,543000,547000,531000,534000,43267,22.34
2023-03-15,541000,550000,537000,542000,30106,22.26
2023-03-16,537000,540000,529000,535000,30929,22.19
2023-03-17,540000,541000,527000,527000,58640,22.14
2023-03-20,529000,533000,524000,526000,31771,22.13
2023-03-21,527000,539000,527000,534000,26431,22.1
2023-03-22,543000,543000,534000,536000,37916,22.04
2023-03-23,536000,545000,529000,540000,37889,22.03
2023-03-24,538000,539000,525000,527000,50967,21.98
2023-03-27,527000,533000,526000,527000,32778,21.99
2023-03-28,527000,536000,527000,534000,30046,22.0
2023-03-29,536000,541000,532000,533000,32617,21.97
2023-03-30,534000,536000,528000,533000,37620,22.0
2023-03-31,536000,564000,533000,553000,92133,22.0
2023-04-03,553000,558000,543000,555000,58113,21.97
2023-04-04,556000,561000,545000,548000,40836,21.97
2023-04-05,547000,547000,529000,537000,80396,21.97
2023-04-06,541000,541000,530000,531000,41532,21.95
2023-04-07,531000,534000,526000,528000,47257,21.87
2023-04-10,526000,548000,526000,535000,80366,21.9
2023-04-11,538000,543000,530000,540000,63097,21.88
2023-04-12,536000,554000,536000,544000,57795,21.9
2023-04-13,540000,543000,533000,535000,50562,21.89
2023-04-14,540000,552000,538000,547000,63881,21.93
2023-04-17,550000,565000,545000,556000,95022,21.86
2023-04-18,556000,556000,542000,546000,48556,21.85
2023-04-19,545000,562000,545000,554000,50918,21.84
2023-04-20,551000,552000,543000,548000,39996,21.85
2023-04-21,545000,550000,539000,545000,36243,21.83
2023-04-24,544000,545000,534000,537000,35450,21.78
2023-04-25,537000,538000,518000,524000,65584,21.68
2023-04-26,524000,524000,512000,518000,31056,21.65
2023-04-27,521000,521000,510000,517000,38266,21.64
2023-04-28,517000,521000,510000,513000,110420,21.61
2023-05-02,513000,527000,512000,521000,29444,21.63
2023-05-03,521000,523000,511000,512000,28437,21.66
2023-05-04,510000,514000,504000,508000,33640,21.63
2023-05-08,509000,515000,508000,509000,30153,21.6
2023-05-09,513000,514000,507000,509000,25769,21.61
2023-05-10,509000,509000,493500,494500,74235,21.53
2023-05-11,497000,504000,496500,497500,34969,21.57
2023-05-12,498500,498500,488500,491000,44524,21.49
2023-05-15,488000,492500,482500,490500,27510,21.48
2023-05-16,491500,495000,484500,487500,32575,21.48
2023-05-17,483500,486000,481000,484000,41334,21.48
2023-05-18,485000,493000,484000,491500,27348,21.48
2023-05-19,491500,495500,487500,490000,35084,21.4
2023-05-22,493000,498500,491500,497000,29234,21.4
2023-05-23,497000,497500,493500,494000,32644,21.4
2023-05-24,494000,496500,491500,492000,21120,21.38
2023-05-25,490000,491500,482000,482500,58702,21.33
2023-05-26,485500,487000,482000,484000,37570,21.33
2023-05-30,485500,486000,471000,475000,68237,21.28
2023-05-31,474500,484500,474500,480500,166181,21.3
2023-06-01,481000,485000,471500,471500,44538,21.17
2023-06-02,475000,484000,473000,483500,49193,21.27
2023-06-05,484500,490500,484000,487000,42861,21.29
2023-06-07,487500,491500,486500,488000,37230,21.21
2023-06-08,492000,504000,489000,495500,135138,21.1
2023-06-09,495500,498000,491500,496000,45314,21.02
2023-06-12,499000,502000,495000,496500,31931,20.98
2023-06-13,499000,499000,492000,492500,36786,20.94
2023-06-14,492500,516000,492000,503000,75007,20.96
2023-06-15,506000,506000,498500,504000,39521,20.96
2023-06-16,508000,515000,505000,507000,63319,20.98
2023-06-19,507000,510000,498000,501000,39207,21.03
2023-06-20,500000,500000,492000,495500,40999,21.03
2023-06-21,497500,497500,486000,489000,44067,21.03
2023-06-22,489000,491500,485000,491500,28297,21.03
2023-06-23,491000,493500,483000,486500,39845,20.98
2023-06-26,486500,496000,486500,493000,29114,20.97
2023-06-27,493000,498000,489500,494000,32519,20.95
2023-06-28,495000,497000,480000,483500,47063,20.91
2023-06-29,481500,488500,478500,478500,28974,20.88
2023-06-30,479000,489500,478500,487500,28542,20.85
2023-07-03,487000,495000,486500,490000,43695,20.81
2023-07-04,487500,489500,474500,475000,68259,20.78
2023-07-05,476500,477500,455000,465000,94223,20.79
2023-07-06,465500,467500,461000,463000,49469,20.82
2023-07-07,459000,459500,440000,444500,107938,20.71
2023-07-10,443000,456000,442500,451500,50320,20.79
2023-07-11,454000,456000,450000,455000,27780,20.82
2023-07-12,456500,459500,451000,453500,41795,20.84
2023-07-13,460000,470000,458500,462500,56643,20.91
2023-07-14,470000,473000,465000,472500,39282,20.8
2023-07-17,468000,472000,463500,464500,24520,20.83
2023-07-18,466500,470000,461500,464000,21012,20.83
2023-07-19,464000,468500,458500,462500,34059,20.82
2023-07-20,456500,471500,451000,469000,45321,20.85
2023-07-21,465000,467500,458000,466000,28305,20.84
2023-07-24,464500,478500,458500,469500,52367,20.85
2023-07-25,470500,541000,470500,538000,296152,20.89
2023-07-26,550000,555000,497500,499000,289277,20.86
2023-07-27,504000,513000,490000,491000,91565,20.91
2023-07-28,487500,494500,485000,490000,48477,20.94
2023-07-31,489500,495000,485000,494000,61701,20.9
2023-08-01,494000,502000,488000,496500,37702,20.93
2023-08-02,501000,520000,496000,497000,69067,21.01
2023-08-03,495000,514000,494000,501000,91613,21.04
2023-08-04,501000,505000,491500,494000,30980,21.04
2023-08-07,491000,496500,488000,490000,35380,21.09
2023-08-08,494500,509000,492000,505000,63064,21.21
2023-08-09,502000,505000,493000,504000,49417,21.21
2023-08-10,499500,506000,499000,500000,28698,21.19
2023-08-11,500000,505000,497000,501000,21746,21.17
2023-08-14,502000,503000,488000,488000,29478,21.11
2023-08-16,488000,488500,471000,472500,45180,21.11
2023-08-17,469500,474000,464000,472500,29224,21.09
2023-08-18,470000,471000,461500,465500,33098,20.98
2023-08-21,467500,474000,466500,468000,20092,20.96
2023-08-22,464000,475000,464000,473500,24243,20.93
2023-08-23,468500,475000,468500,470000,17533,20.9
2023-08-24,474000,481000,467000,479000,25221,20.88
2023-08-25,474500,506000,472500,499000,73581,20.84
2023-08-28,508000,528000,505000,520000,100670,20.76
2023-08-29,521000,523000,509000,515000,43173,20.75
2023-08-30,521000,546000,512000,545000,187242,20.57
2023-08-31,549000,549000,519000,527000,229904,20.42
2023-09-01,523000,525000,507000,519000,91767,20.41
2023-09-04,514000,548000,514000,541000,97303,20.45
2023-09-05,541000,563000,537000,543000,86970,20.4
2023-09-06,543000,548000,531000,544000,65814,20.38
2023-09-07,541000,546000,525000,534000,62435,20.34
2023-09-08,530000,548000,530000,540000,54395,20.34
2023-09-11,541000,542000,534000,538000,32133,20.31
2023-09-12,543000,543000,529000,534000,40758,20.3
2023-09-13,533000,550000,526000,544000,82186,20.25
2023-09-14,544000,546000,536000,542000,46505,20.2
2023-09-15,543000,564000,540000,557000,103703,20.23
2023-09-18,560000,564000,550000,552000,40503,20.19
2023-09-19,552000,557000,545000,546000,50312,20.19
2023-09-20,547000,552000,542000,546000,24233,20.16
2023-09-21,542000,543000,521000,522000,63671,20.19
2023-09-22,519000,527000,515000,523000,27126,20.23
2023-09-25,527000,527000,516000,521000,38333,20.2
2023-09-26,516000,518000,507000,515000,38388,20.19
2023-09-27,508000,514000,501000,506000,54024,20.13
2023-10-04,502000,502000,485000,487500,60871,20.11
2023-10-05,489000,495500,483500,492500,39095,19.06
2023-10-06,486500,492500,486000,488500,47356,19.02
2023-10-10,498000,502000,485500,487000,39955,18.98
2023-10-11,488500,490000,472000,482000,139960,18.84
2023-10-12,482000,489000,482000,483500,41431,18.83
2023-10-13,480000,486500,480000,484500,22290,18.83
2023-10-16,484500,488500,475500,479500,25216,18.81
2023-10-17,483000,488500,482000,487500,26009,18.81
2023-10-18,487500,494000,484500,491000,25553,18.77
2023-10-19,482500,491000,477000,483500,32669,18.77
2023-10-20,477000,480000,471500,476500,34760,18.75
2023-10-23,481000,481000,465500,467500,28174,18.7
2023-10-24,469000,475000,460000,473000,38585,18.7
2023-10-25,473000,483000,471000,476500,37310,18.69
2023-10-26,476500,476500,461000,463500,31070,18.63
2023-10-27,472000,472000,462000,466000,28801,18.63
2023-10-30,466000,494000,465500,490000,62167,18.69
2023-10-31,493000,493000,469000,469000,103176,18.62
2023-11-01,469000,469500,443500,457000,100035,18.49
2023-11-02,458500,473000,458000,465000,45441,18.52
2023-11-03,472000,474000,465000,470500,15541,18.52
2023-11-06,480000,493500,476000,493500,44536,18.57
2023-11-07,487500,494500,483000,490000,38827,18.59
2023-11-08,493500,494000,482000,487500,19627,18.57
2023-11-09,483500,484500,471000,480000,58719,18.56
2023-11-10,479000,482000,467000,479500,44606,18.49
2023-11-13,486500,487500,476500,480500,25288,18.5
2023-11-14,485000,485500,477500,480000,24687,18.46
2023-11-15,490000,490500,483000,489000,32065,18.49
2023-11-16,490500,492000,480500,483500,33083,18.47
2023-11-17,486000,493000,481500,488500,30005,18.47
2023-11-20,488500,499000,488000,496500,32818,18.47
2023-11-21,499500,499500,492500,495000,28094,18.46
2023-11-22,490500,497500,490000,497000,24860,18.48
2023-11-23,495000,496500,491000,491500,19209,18.47
2023-11-24,492000,495500,491000,491500,18409,18.45
2023-11-27,494500,495000,486500,489000,16670,18.44
2023-11-28,493500,494000,487000,494000,22088,18.44
2023-11-29,490500,494000,488000,493000,19638,18.3
2023-11-30,493000,495000,490000,491500,40313,18.28
2023-12-01,490000,507000,488000,497000,36917,18.29
2023-12-04,512000,536000,509000,518000,135724,18.29
2023-12-05,521000,534000,515000,526000,77431,18.19
2023-12-06,529000,541000,526000,530000,76595,18.16
2023-12-07,522000,534000,516000,522000,49622,18.13
2023-12-08,526000,528000,488500,498500,117712,18.13
2023-12-11,498500,499000,482500,484000,85899,17.92
2023-12-12,487500,493000,484500,485500,55503,17.91
2023-12-13,487500,491000,485000,485000,32796,17.89
2023-12-14,490000,492500,485500,487500,51684,17.9
2023-12-15,490000,502000,488000,495000,77231,17.96
2023-12-18,496000,503000,494000,497500,24146,17.96
2023-12-19,497500,499500,493000,495500,21654,17.94
2023-12-20,498500,501000,496500,501000,27297,17.96
2023-12-21,497000,500000,496500,500000,19943,17.93
2023-12-22,503000,503000,498500,501000,18099,17.98
2023-12-26,501000,504000,498500,500000,30693,17.97
2023-12-27,494500,496000,491500,495500,32568,18.03
2023-12-28,497500,498000,495000,498000,33799,18.08
2024-01-02,495500,496000,485000,486000,45613,18.02
2024-01-03,486000,486000,477000,477000,34714,18.03
2024-01-04,477000,486000,475000,484500,28314,18.05
2024-01-05,483500,490000,480000,487500,28269,18.07
2024-01-08,496000,496500,483000,487000,23482,18.06
2024-01-09,492500,492500,487000,487500,18741,18.07
2024-01-10,487500,490000,480500,480500,14801,18.06
2024-01-11,483500,484000,472500,472500,30504,18.04
2024-01-12,473500,475000,467500,470000,21778,18.04
2024-01-15,470500,473500,467500,470000,14006,18.04
2024-01-16,470000,470500,464000,464000,22231,18.0
2024-01-17,465500,465500,451500,451500,40446,17.94
2024-01-18,450000,458500,450000,450500,21743,17.91
2024-01-19,452500,461500,452000,458000,33744,17.88
2024-01-22,461000,462000,456500,457500,11937,17.88
2024-01-23,458000,460000,455000,460000,14230,17.87
2024-01-24,458000,463500,457000,460500,22656,17.91
2024-01-25,460000,461000,452000,460500,31543,17.92
2024-01-26,456500,464000,456500,462000,30625,17.95
2024-01-29,464000,472000,461000,467000,37892,18.03
2024-01-30,471000,476000,470000,470000,29075,18.06
2024-01-31,470000,473500,465000,473500,47562,18.1
2024-02-01,467500,477500,466000,475000,26449,18.13
2024-02-02,475000,478500,471000,475500,32668,18.16
2024-02-05,472500,474000,461000,471000,36209,18.16
2024-02-06,466500,473000,461500,462000,38871,18.11
2024-02-07,467000,475000,462000,471500,33936,18.16
2024-02-08,472000,473000,466500,466500,42194,18.12
2024-02-13,471000,474000,467000,473000,31850,18.14
2024-02-14,467000,470500,458500,460500,42875,18.06
2024-02-15,465000,465000,459500,461500,22052,18.07
2024-02-16,464500,467000,462000,464500,34540,18.13
2024-02-19,464500,469000,463000,468500,21905,18.06
2024-02-20,467500,468000,459000,460000,47945,17.99
2024-02-21,464000,475000,463000,467000,46560,18.03
2024-02-22,472000,472000,460000,461000,41962,17.94
2024-02-23,462000,466000,461000,463500,28725,17.93
2024-02-26,465500,465500,458500,459000,24209,17.91
2024-02-27,460000,460000,455000,457000,26910,17.88
2024-02-28,459000,460500,457000,458000,18869,17.93
2024-02-29,456000,459500,447500,447500,66052,17.84
2024-03-04,452000,452500,445500,445500,35213,17.8
2024-03-05,443500,448000,443500,443500,32511,17.79
2024-03-06,443500,443500,435000,436000,60208,17.72
2024-03-07,437000,446500,435000,444500,33912,17.73
2024-03-08,449500,457500,448000,457000,50275,17.76
2024-03-11,455000,456500,448000,451000,24653,17.72
2024-03-12,454000,455000,449000,454500,20019,17.71
2024-03-13,456500,456500,450000,450000,20244,17.7
2024-03-14,454500,462000,452000,454500,61813,17.77
2024-03-15,450000,453500,447500,450500,31683,17.76
2024-03-18,454000,457000,450500,452500,28837,17.85
2024-03-19,447500,452000,444000,448000,33604,17.85
2024-03-20,451500,451500,437000,439500,48666,17.9
2024-03-21,443500,446000,439500,441500,40778,17.88
2024-03-22,438000,443000,437500,440000,34873,17.92
2024-03-25,452000,474000,452000,456000,132867,18.02
2024-03-26,458000,460000,450000,450000,44288,17.97
2024-03-27,449500,466500,449000,460000,54622,18.0
2024-03-28,459000,459000,453500,454500,27768,17.97
2024-03-29,454500,456000,450000,452000,21866,17.94
2024-04-01,458000,458000,450000,451000,26228,17.93
2024-04-02,447500,452500,446500,446500,26251,17.93
2024-04-03,446000,446000,441000,444000,25399,17.94
2024-04-04,450500,463500,448000,463000,60679,18.03
2024-04-05,458000,460500,453000,460000,29469,18.02
2024-04-08,466000,466500,451000,461000,34242,18.02
2024-04-09,461500,471500,461000,469000,56063,18.07
2024-04-11,463000,474500,462000,472000,52019,18.11
2024-04-12,472000,474500,466500,470500,41851,18.12
2024-04-15,470000,486500,463000,485000,99807,18.21
2024-04-16,486000,497500,478500,480500,89420,18.08
2024-04-17,480500,485000,475000,477500,36445,18.07
2024-04-18,484500,488000,467000,472000,53649,18.09
2024-04-19,467000,474500,463500,472000,37022,18.11
2024-04-22,476500,477000,468000,471000,31964,18.1
2024-04-23,467500,471500,460500,461500,39719,18.07
2024-04-24,462500,464500,453000,455500,54268,17.99
2024-04-25,454500,456500,450500,452500,27363,17.99
2024-04-26,455500,456000,451500,454500,16392,18.0
2024-04-29,457500,467500,457000,466500,39978,18.05
2024-04-30,465500,468000,461000,463500,58892,17.99
2024-05-02,462000,465500,459500,460000,21072,17.97
2024-05-03,464000,465000,460000,463000,16896,17.98
2024-05-07,471500,482000,467000,473000,53299,17.99
2024-05-08,478500,493000,478500,493000,111917,18.07
2024-05-09,491500,499000,488500,495000,72617,18.06
2024-05-10,499500,500000,489000,496500,37092,18.03
2024-05-13,496500,499000,491500,494000,28340,18.06
2024-05-14,496500,497000,488500,489500,25335,18.06
2024-05-16,496500,515000,491000,514000,99305,18.21
2024-05-17,508000,518000,502000,512000,55049,18.19
2024-05-20,520000,535000,519000,528000,108569,18.21
2024-05-21,535000,546000,530000,537000,110663,18.28
2024-05-22,536000,538000,525000,529000,50869,18.31
2024-05-23,515000,520000,501000,514000,83726,18.37
2024-05-24,507000,518000,504000,514000,47369,18.4
2024-05-27,513000,521000,503000,520000,42071,18.39
2024-05-28,520000,524000,511000,511000,33423,18.37
2024-05-29,511000,527000,511000,522000,66917,18.42
2024-05-30,513000,524000,513000,517000,39333,18.44
2024-05-31,522000,527000,510000,527000,57047,18.47
2024-06-03,521000,521000,495000,498000,78559,18.41
2024-06-04,494000,504000,488000,502000,51969,18.4
2024-06-05,497000,501000,487500,489000,41943,18.4
2024-06-07,489000,501000,489000,499000,34937,18.62
2024-06-10,492500,497000,487500,488000,45829,18.58
2024-06-11,490000,504000,489000,498000,34609,18.65
2024-06-12,496500,500000,488500,491000,19361,18.63
2024-06-13,491500,498000,487500,487500,49707,18.66
2024-06-14,485500,489500,478500,479500,35740,18.64
2024-06-17,481000,485500,480500,482500,32092,18.6
2024-06-18,487000,494000,484500,488500,36716,18.57
2024-06-19,493000,497500,490500,496000,26658,18.56
2024-06-20,494000,500000,493000,496000,30078,18.55
2024-06-21,497500,504000,495500,498000,35373,18.55
2024-06-24,496500,504000,492000,492000,15181,18.56
2024-06-25,503000,517000,501000,510000,48623,18.54
2024-06-26,512000,528000,506000,525000,72118,18.51
2024-06-27,517000,522000,511000,518000,48998,18.53
2024-06-28,518000,518000,506000,515000,37509,18.4
2024-07-01,510000,515000,503000,511000,20207,18.41
2024-07-02,508000,532000,507000,522000,75038,18.39
2024-07-03,527000,532000,516000,518000,46231,18.38
2024-07-04,524000,535000,521000,534000,46937,18.39
2024-07-05,532000,538000,528000,532000,33160,18.38
2024-07-08,530000,538000,525000,530000,27214,18.4
2024-07-09,530000,537000,525000,532000,23848,18.39
2024-07-10,529000,533000,527000,530000,23621,18.38
2024-07-11,534000,539000,527000,539000,40288,18.36
2024-07-12,542000,543000,534000,541000,28966,18.37
2024-07-15,545000,549000,532000,533000,32335,18.48
2024-07-16,534000,539000,530000,533000,25001,18.51
2024-07-17,535000,537000,531000,537000,24493,18.52
2024-07-18,540000,540000,515000,518000,26690,18.54
2024-07-19,511000,523000,504000,520000,25056,18.55
2024-07-22,522000,522000,513000,514000,18131,18.56
2024-07-23,514000,518000,504000,505000,23059,18.55
2024-07-24,501000,503000,489000,490500,39077,18.54
2024-07-25,493500,494000,484500,488500,30020,18.53
2024-07-26,486500,499000,486500,495000,21787,18.52
2024-07-29,493000,499000,486500,495000,28747,18.51
2024-07-30,487500,493500,483000,485000,29759,18.48
2024-07-31,485000,491000,483000,484000,53040,18.46
2024-08-01,488500,506000,486500,489000,53024,18.53
2024-08-02,483000,487000,480000,482000,22693,18.49
2024-08-05,478000,478000,445000,454500,45968,18.44
2024-08-06,475000,478500,460000,467500,37870,18.49
2024-08-07,461000,510000,456000,508000,82476,18.49
2024-08-08,508000,522000,501000,515000,88941,18.4
2024-08-09,514000,521000,507000,514000,38910,18.37
2024-08-12,519000,522000,512000,518000,25981,18.36
2024-08-13,516000,520000,503000,510000,40307,18.31
2024-08-14,512000,516000,506000,512000,29548,18.3
2024-08-16,520000,521000,514000,519000,32779,18.32
2024-08-19,519000,533000,519000,526000,33583,18.34
2024-08-20,528000,534000,526000,532000,28667,18.35
2024-08-21,533000,538000,529000,533000,25182,18.35
2024-08-22,535000,537000,531000,535000,20717,18.34
2024-08-23,536000,539000,533000,534000,23430,18.32
2024-08-26,536000,545000,536000,542000,37039,18.35
2024-08-27,545000,550000,540000,545000,46150,18.35
2024-08-28,545000,557000,536000,539000,33335,18.34
2024-08-29,544000,551000,537000,547000,32828,18.33
2024-08-30,550000,552000,531000,535000,40374,18.29
2024-09-02,533000,544000,526000,542000,25359,18.29
2024-09-03,542000,555000,541000,548000,25807,18.32
2024-09-04,543000,547000,534000,535000,22540,18.3
2024-09-05,537000,545000,531000,539000,27951,18.26
2024-09-06,544000,551000,529000,531000,20376,18.26
2024-09-09,524000,534000,517000,529000,21950,18.24
2024-09-10,531000,540000,525000,535000,26124,18.25
2024-09-11,540000,555000,537000,548000,63819,18.23
2024-09-12,549000,556000,522000,556000,87429,18.23
2024-09-13,660000,690000,655000,666000,586718,18.21
2024-09-19,679000,720000,667000,707000,518279,18.12
2024-09-20,720000,753000,711000,735000,386546,17.94
2024-09-23,723000,737000,694000,723000,285986,17.93
2024-09-24,710000,715000,682000,699000,205327,17.81
2024-09-25,699000,719000,691000,704000,186765,17.73
2024-09-26,745000,747000,703000,713000,394552,17.56
2024-09-27,718000,723000,706000,711000,210122,17.67
2024-09-30,706000,712000,671000,688000,321148,17.41
2024-10-02,677000,740000,664000,713000,786261,17.23
2024-10-04,751000,791000,748000,776000,1230027,17.85
2024-10-07,777000,783000,777000,780000,153199,18.04
2024-10-08,778000,778000,752000,776000,116604,18.13
2024-10-10,761000,789000,761000,789000,182312,18.24
2024-10-11,797000,801000,769000,794000,350083,18.21
2024-10-14,800000,820000,779000,793000,392948,18.17
2024-10-15,803000,831000,797000,817000,254564,18.37
2024-10-16,820000,821000,803000,809000,138790,16.96
2024-10-17,814000,815000,783000,794000,179005,16.86
2024-10-18,799000,838000,798000,824000,266287,17.46
2024-10-21,827000,889000,761000,877000,638694,16.98
2024-10-22,868000,876000,852000,874000,104732,16.73
2024-10-23,870000,886000,869000,876000,105190,16.76
2024-10-24,857000,1138000,856000,1138000,140997,17.02
2024-10-25,1251000,1470000,1180000,1253000,344643,14.02
2024-10-28,1300000,1400000,1201000,1301000,123538,14.57
2024-10-29,1335000,1543000,1319000,1543000,119585,14.67
2024-10-30,1486000,1519000,1081000,1081000,225350,14.47
2024-10-31,864000,1084000,830000,998000,659633,13.8
2024-11-01,1009000,1070000,970000,1004000,149652,13.76
2024-11-04,1011000,1106000,991000,1085000,105027,13.82
2024-11-05,1099000,1293000,1099000,1257000,151402,13.94
2024-11-06,1280000,1327000,1156000,1230000,112650,13.91
2024-11-07,1194000,1288000,1194000,1246000,48284,13.9
2024-11-08,1258000,1266000,1023000,1146000,94253,13.86
2024-11-11,1070000,1167000,971000,1125000,69400,13.88
2024-11-12,1104000,1197000,1070000,1142000,59200,13.9
2024-11-13,1160000,1215000,935000,981000,123586,13.96
2024-11-14,951000,1070000,934000,1025000,179519,14.02
2024-11-15,1035000,1053000,999000,1033000,35889,14.0
2024-11-18,1020000,1024000,982000,1006000,33717,14.13
2024-11-19,997000,1017000,978000,1002000,31577,14.05
2024-11-20,990000,1012000,982000,1008000,19015,14.05
2024-11-21,988000,1003000,951000,957000,35899,14.03
2024-11-22,970000,970000,912000,946000,29699,14.08
2024-11-25,940000,940000,898000,903000,80832,14.08
2024-11-26,894000,944000,894000,941000,37844,14.09
2024-11-27,937000,1033000,937000,1019000,52667,14.03
2024-11-28,1029000,1205000,1029000,1143000,86833,14.01
2024-11-29,1154000,1218000,1149000,1180000,49097,13.98
2024-12-02,1235000,1534000,1228000,1411000,133739,13.99
2024-12-03,1450000,1642000,1420000,1542000,116463,13.96
2024-12-04,1604000,1720000,1580000,1671000,85292,13.96
2024-12-05,1731000,2000000,1711000,2000000,95215,13.96
2024-12-06,2124000,2407000,1736000,1813000,250745,13.87
2024-12-09,1845000,1930000,1475000,1535000,125038,13.81
2024-12-10,1511000,1664000,1446000,1532000,109717,13.6
2024-12-11,1534000,1565000,1400000,1402000,73976,13.59
2024-12-12,1370000,1397000,1283000,1361000,176712,13.7
2024-12-13,1345000,1372000,1222000,1225000,86832,13.6
2024-12-16,1221000,1260000,1165000,1166000,61990,13.58
2024-12-17,1167000,1195000,1100000,1112000,51803,13.7
2024-12-18,1123000,1136000,1066000,1066000,51163,13.71
2024-12-19,1055000,1107000,1020000,1066000,51230,13.68
2024-12-20,1020000,1024000,990000,991000,158689,13.55
2024-12-23,992000,1126000,982000,1102000,87083,13.43
2024-12-24,1128000,1155000,1044000,1134000,91935,13.28
2024-12-26,1139000,1260000,1138000,1219000,98562,13.25
2024-12-27,1220000,1228000,1027000,1027000,61976,13.16
2024-12-30,1025000,1095000,1002000,1006000,52413,13.13
2025-01-02,1019000,1030000,951000,957000,38685,13.07
2025-01-03,957000,981000,939000,948000,36677,13.04
2025-01-06,950000,959000,917000,931000,41820,13.02
2025-01-07,931000,946000,926000,932000,29194,13.0
2025-01-08,925000,927000,890000,902000,47658,12.93
2025-01-09,900000,929000,886000,927000,84336,12.92
2025-01-10,918000,924000,870000,875000,37499,12.88
2025-01-13,876000,881000,833000,843000,41320,12.9
2025-01-14,843000,845000,816000,837000,37257,12.91
2025-01-15,841000,843000,817000,829000,30666,12.93
2025-01-16,830000,834000,808000,817000,30081,12.91
2025-01-17,809000,863000,808000,840000,68053,12.87
2025-01-20,860000,927000,826000,830000,107580,12.73
2025-01-21,843000,851000,759000,759000,57771,12.72
2025-01-22,755000,779000,739000,759000,83884,12.76
2025-01-23,775000,780000,749000,757000,58612,12.72
2025-01-24,767000,862000,754000,845000,98923,12.7
2025-01-31,860000,861000,810000,824000,35526,12.66
2025-02-03,807000,808000,777000,789000,21922,12.67
2025-02-04,786000,812000,782000,799000,34134,12.65
2025-02-05,798000,811000,787000,795000,21145,12.63
2025-02-06,803000,811000,783000,790000,23450,12.61
2025-02-07,788000,797000,780000,784000,23523,12.62
2025-02-10,785000,785000,751000,760000,22697,12.6
2025-02-11,761000,800000,760000,789000,25561,12.61
2025-02-12,798000,825000,786000,790000,35715,12.56
2025-02-13,800000,800000,760000,778000,78016,12.44
2025-02-14,780000,804000,765000,796000,20623,12.42
2025-02-17,806000,836000,795000,813000,33415,12.46
2025-02-18,821000,832000,806000,814000,29635,12.45
2025-02-19,812000,849000,811000,840000,35828,12.51
2025-02-20,831000,842000,815000,840000,22223,12.48
2025-02-21,850000,850000,798000,816000,30336,12.42
2025-02-24,821000,825000,808000,817000,17193,12.43
2025-02-25,809000,809000,772000,775000,24858,12.37
2025-02-26,779000,784000,766000,782000,15604,12.37
2025-02-27,778000,782000,761000,774000,15206,12.38
2025-02-28,769000,769000,742000,743000,89630,12.33
2025-03-04,733000,755000,711000,739000,15249,12.33
2025-03-05,740000,748000,722000,727000,20488,12.34
2025-03-06,727000,728000,706000,720000,24579,12.37
2025-03-07,718000,733000,696000,726000,21638,12.37
2025-03-10,731000,856000,730000,829000,137345,12.33
2025-03-11,817000,899000,794000,845000,125763,12.25
2025-03-12,833000,1070000,810000,1065000,172603,12.23
2025-03-13,1059000,1090000,955000,955000,164139,12.16
2025-03-14,935000,991000,910000,913000,73364,12.13
2025-03-17,924000,948000,878000,893000,42153,12.14
2025-03-18,894000,910000,875000,882000,20798,12.14
2025-03-19,882000,891000,820000,827000,45865,12.13
2025-03-20,827000,870000,820000,847000,44889,12.17
2025-03-21,848000,855000,805000,848000,101574,12.24
2025-03-24,840000,848000,819000,819000,13716,12.25
2025-03-25,821000,830000,818000,824000,14056,12.26
2025-03-26,830000,869000,823000,849000,20260,12.27
2025-03-27,853000,871000,807000,839000,29255,12.26
2025-03-28,849000,900000,740000,766000,65745,12.28
2025-03-31,770000,791000,748000,778000,19946,12.29
2025-04-01,785000,791000,766000,772000,15174,12.27
2025-04-02,773000,779000,731000,742000,25576,12.26
2025-04-03,710000,725000,701000,711000,24323,12.24
2025-04-04,701000,709000,682000,705000,16832,12.24
2025-04-07,666000,692000,655000,673000,17115,12.22
2025-04-08,674000,691000,655000,666000,17415,12.21
2025-04-09,659000,673000,643000,653000,16913,12.22
2025-04-10,674000,700000,666000,700000,38375,12.24
2025-04-11,687000,687000,663000,683000,16425,12.27
2025-04-14,685000,738000,682000,682000,19448,12.27
2025-04-15,691000,698000,678000,694000,8649,12.28
2025-04-16,695000,698000,680000,691000,7088,12.27
2025-04-17,691000,698000,683000,690000,7972,12.27
2025-04-18,688000,690000,677000,679000,9254,12.25
2025-04-21,680000,688000,675000,684000,7275,12.25
2025-04-22,684000,713000,675000,712000,21301,12.26
2025-04-23,725000,741000,690000,706000,14436,12.25
2025-04-24,698000,724000,696000,721000,13628,12.25
2025-04-25,721000,734000,712000,714000,10879,12.24
2025-04-28,715000,791000,715000,772000,44378,12.28
2025-04-29,800000,800000,773000,786000,23178,12.28
2025-04-30,765000,809000,765000,798000,51452,12.25
2025-05-02,797000,802000,773000,783000,16028,12.22
2025-05-07,806000,808000,766000,771000,24904,12.19
2025-05-08,771000,799000,771000,791000,33467,12.21
2025-05-09,808000,883000,803000,848000,52765,12.22
2025-05-12,872000,880000,847000,858000,17236,12.19
2025-05-13,839000,840000,815000,818000,15563,12.18
2025-05-14,825000,840000,802000,839000,11602,12.19
2025-05-15,825000,834000,815000,815000,8695,12.17
2025-05-16,823000,825000,810000,821000,7841,12.16
2025-05-19,813000,822000,783000,794000,13147,12.15
2025-05-20,798000,807000,788000,796000,9532,12.14
2025-05-21,799000,816000,790000,797000,9676,12.14
2025-05-22,790000,796000,773000,780000,12170,12.12
2025-05-23,774000,780000,765000,778000,11378,12.11
2025-05-26,767000,784000,765000,776000,12703,12.11
2025-05-27,769000,769000,736000,743000,21940,12.08
2025-05-28,736000,752000,725000,748000,20546,12.07
2025-05-29,754000,760000,741000,750000,14172,12.07
2025-05-30,743000,748000,728000,731000,28870,12.03
2025-06-02,731000,739000,718000,730000,16607,12.0
2025-06-04,730000,775000,727000,770000,28116,12.04
2025-06-05,753000,770000,753000,758000,17348,12.02
2025-06-09,759000,778000,758000,770000,22599,12.04
2025-06-10,763000,770000,755000,765000,17839,12.05
2025-06-11,761000,774000,757000,761000,15543,12.06
2025-06-12,753000,783000,753000,783000,41648,12.08
2025-06-13,776000,793000,767000,788000,20653,12.1
2025-06-16,796000,797000,764000,794000,22924,12.07
2025-06-17,812000,870000,804000,836000,35024,12.09
2025-06-18,845000,854000,821000,836000,22302,12.07
2025-06-19,843000,851000,811000,833000,20348,12.07
2025-06-20,830000,830000,809000,816000,161186,12.05
2025-06-23,836000,848000,817000,818000,33411,12.01
2025-06-24,823000,828000,811000,819000,18255,11.98
2025-06-25,814000,815000,790000,790000,25148,11.95
2025-06-26,794000,798000,782000,793000,17555,11.93
2025-06-27,798000,909000,790000,844000,81564,12.37
2025-06-30,835000,844000,805000,819000,33087,12.31
2025-07-01,821000,846000,809000,809000,17438,12.29
2025-07-02,804000,821000,798000,820000,19863,12.27
2025-07-03,816000,828000,814000,821000,14493,12.27
2025-07-04,821000,824000,798000,799000,12266,12.24
2025-07-07,810000,833000,785000,826000,15009,12.25
2025-07-08,834000,889000,825000,879000,35979,12.31
2025-07-09,875000,885000,849000,853000,19196,12.28
2025-07-10,850000,858000,845000,849000,20352,12.27
2025-07-11,845000,866000,843000,854000,10727,12.27
2025-07-14,847000,856000,837000,853000,11964,12.28
2025-07-15,845000,855000,831000,840000,14431,12.29
2025-07-16,834000,843000,820000,820000,18924,12.27
2025-07-17,826000,826000,811000,825000,15276,12.24
2025-07-18,820000,830000,802000,809000,14536,12.21
2025-07-21,810000,835000,810000,834000,15884,12.24
2025-07-22,826000,838000,824000,834000,10827,12.23
2025-07-23,839000,843000,818000,826000,12124,12.23
2025-07-24,822000,830000,814000,816000,11770,12.22
2025-07-25,808000,825000,807000,817000,5677,12.23
2025-07-28,817000,832000,811000,815000,7890,12.22
2025-07-29,807000,811000,797000,800000,15832,12.22
2025-07-30,815000,865000,811000,833000,47615,12.23
2025-07-31,825000,825000,796000,800000,39770,12.1
2025-08-01,793000,800000,759000,759000,30162,12.03
2025-08-04,768000,768000,745000,759000,9837,12.02
2025-08-05,766000,791000,762000,763000,10756,12.01
2025-08-06,761000,776000,760000,767000,10379,12.01
2025-08-07,772000,821000,765000,815000,45731,12.04
2025-08-08,807000,807000,787000,790000,12622,12.01
2025-08-11,800000,800000,788000,796000,9431,12.01
2025-08-12,792000,804000,775000,775000,12401,11.99
2025-08-13,775000,795000,774000,795000,10529,12.0
2025-08-14,793000,807000,792000,807000,18932,12.01
2025-08-18,799000,805000,782000,782000,11537,11.97
2025-08-19,793000,793000,781000,786000,7087,11.96
2025-08-20,793000,793000,771000,786000,7963,11.95
2025-08-21,786000,807000,784000,788000,10745,11.95
2025-08-22,800000,844000,799000,811000,41408,12.0
2025-08-25,814000,820000,808000,817000,15127,11.99
2025-08-26,834000,857000,780000,792000,66805,11.89
2025-08-27,802000,814000,794000,809000,21125,11.91
2025-08-28,809000,819000,800000,804000,10328,11.9
2025-08-29,808000,832000,798000,821000,22715,11.91
2025-09-01,822000,827000,807000,816000,11084,11.88
2025-09-02,816000,836000,816000,824000,18679,11.91
2025-09-03,825000,900000,825000,900000,72546,12.08
2025-09-04,889000,910000,881000,902000,25561,12.07
2025-09-05,893000,903000,883000,901000,16261,12.04
2025-09-08,900000,903000,877000,891000,12796,12.03
2025-09-09,899000,899000,880000,891000,11992,12.03
2025-09-10,886000,899000,884000,893000,15629,12.01
2025-09-11,888000,930000,887000,914000,44933,12.03
2025-09-12,925000,1060000,916000,1042000,56037,12.01
2025-09-15,1095000,1104000,1028000,1053000,35289,11.97
2025-09-16,1043000,1049000,1021000,1027000,15715,11.96
2025-09-17,1027000,1033000,1005000,1013000,12934,11.97
2025-09-18,1006000,1010000,953000,970000,26583,11.94
2025-09-19,973000,980000,940000,940000,39844,11.91
2025-09-22,954000,960000,931000,943000,13980,11.88
2025-09-23,940000,967000,940000,942000,17324,11.88
2025-09-24,950000,955000,931000,935000,10384,11.86
2025-09-25,938000,949000,933000,943000,10909,11.85
2025-09-26,935000,943000,908000,916000,12373,11.82
2025-09-29,930000,932000,914000,917000,11384,12.24
2025-09-30,913000,935000,913000,921000,16084,12.25
2025-10-01,930000,931000,918000,919000,9103,12.24
2025-10-02,929000,953000,914000,919000,24004,12.25
2025-10-10,931000,985000,930000,965000,49618,12.23
2025-10-13,1091000,1212000,1019000,1153000,127599,12.12
2025-10-14,1205000,1478000,1173000,1386000,205548,11.94
2025-10-15,1535000,1580000,1300000,1386000,136729,11.78
2025-10-16,1333000,1341000,1261000,1290000,75819,11.71
2025-10-17,1243000,1270000,1206000,1223000,46006,11.73
2025-10-20,1236000,1275000,1195000,1224000,46180,11.67
2025-10-21,1224000,1242000,1196000,1207000,31278,11.67
2025-10-22,1187000,1191000,1147000,1184000,39625,11.68
2025-10-23,1209000,1212000,1173000,1175000,38645,11.66
2025-10-24,1184000,1186000,1161000,1166000,27556,11.67
2025-10-27,1146000,1148000,1090000,1109000,65682,11.61
2025-10-28,1100000,1114000,1070000,1075000,32219,11.6
2025-10-29,1100000,1174000,1100000,1140000,78812,11.67
2025-10-30,1167000,1167000,1061000,1071000,55737,11.58
2025-10-31,1083000,1095000,1033000,1033000,67226,11.47
2025-11-03,1037000,1061000,1031000,1043000,27341,11.47
2025-11-04,1033000,1055000,1009000,1011000,25715,11.47
2025-11-05,1008000,1016000,982000,1002000,26293,11.47
2025-11-06,1039000,1044000,996000,1001000,22446,11.46
2025-11-07,1026000,1034000,1003000,1024000,28915,11.44
2025-11-10,1037000,1050000,1005000,1026000,24725,11.47
2025-11-11,1017000,1056000,1017000,1042000,27357,11.48
2025-11-12,1046000,1137000,1046000,1114000,48627,11.48
2025-11-13,1147000,1200000,1080000,1200000,58754,11.46
2025-11-14,1168000,1185000,1125000,1135000,31539,11.44
2025-11-17,1141000,1149000,1098000,1103000,18926,11.44
2025-11-18,1104000,1105000,1067000,1070000,15292,11.43
2025-11-19,1083000,1140000,1075000,1140000,41029,11.44
2025-11-20,1129000,1150000,1121000,1125000,22106,11.42
2025-11-21,1118000,1142000,1090000,1128000,22254,11.41
2025-11-24,1139000,1139000,1078000,1078000,39867,11.36
2025-11-25,1091000,1148000,1091000,1138000,31685,11.4
2025-11-26,1152000,1168000,1142000,1160000,17028,11.39
2025-11-27,1163000,1344000,1163000,1325000,76263,11.42
2025-11-28,1297000,1383000,1278000,1342000,46985,11.43
2025-12-01,1355000,1383000,1290000,1368000,34872,11.43
2025-12-02,1374000,1374000,1290000,1319000,40466,11.4
2025-12-03,1317000,1340000,1293000,1311000,18114,11.4
2025-12-04,1307000,1337000,1281000,1298000,20832,11.39
2025-12-05,1300000,1372000,1299000,1359000,27145,11.44
2025-12-08,1382000,1449000,1372000,1411000,30234,11.45
2025-12-09,1405000,1489000,1400000,1477000,33090,11.48
2025-12-10,1502000,1510000,1465000,1480000,20094,11.47
2025-12-11,1502000,1553000,1476000,1536000,51780,11.43
2025-12-12,1557000,1558000,1488000,1518000,20454,11.42
2025-12-15,1910000,1914000,1559000,1592000,118686,11.36
2025-12-16,1699000,1699000,1367000,1370000,129775,11.21
2025-12-17,1397000,1430000,1355000,1385000,44344,11.14
2025-12-18,1346000,1363000,1306000,1306000,43056,11.16
2025-12-19,1307000,1328000,1285000,1310000,30645,11.19
2025-12-22,1333000,1408000,1317000,1383000,50852,11.19
2025-12-23,1409000,1409000,1331000,1356000,28527,11.15
2025-12-24,1365000,1424000,1291000,1316000,79669,11.47
2025-12-26,1321000,1324000,1279000,1288000,34258,11.47
2025-12-29,1276000,1390000,1275000,1372000,56516,11.58
2025-12-30,1345000,1345000,1310000,1316000,28141,11.55
2026-01-02,1326000,1327000,1270000,1287000,38628,11.54
2026-01-05,1288000,1307000,1271000,1307000,22885,11.55
2026-01-06,1310000,1327000,1191000,1192000,112680,11.4
2026-01-07,1213000,1239000,1212000,1239000,40915,11.52
2026-01-08,1215000,1226000,1164000,1203000,113621,10.08
2026-01-09,1173000,1190000,1131000,1142000,424569,9.9
2026-01-12,1159000,1256000,1149000,1208000,154699,9.85
2026-01-13,1247000,1350000,1200000,1330000,173625,9.82
2026-01-14,1370000,1378000,1261000,1290000,116849,9.63
2026-01-15,1329000,1450000,1320000,1438000,155057,9.67
2026-01-16,1501000,1597000,1456000,1585000,144252,9.62
2026-01-19,1637000,1686000,1517000,1584000,99395,9.54
2026-01-20,1552000,1668000,1542000,1621000,84096,9.59
2026-01-21,1640000,1676000,1601000,1657000,81817,9.51
2026-01-22,1640000,1640000,1531000,1555000,108070,9.44
2026-01-23,1554000,1607000,1533000,1580000,67427,9.52
2026-01-26,1620000,1877000,1617000,1807000,158349,9.64
2026-01-27,1784000,1840000,1725000,1831000,69021,9.6
2026-01-28,1836000,1860000,1781000,1801000,53842,9.59
2026-01-29,1786000,1980000,1786000,1959000,113532,9.67
2026-01-30,1940000,2034000,1884000,1884000,83505,9.66
2026-02-02,1710000,1732000,1630000,1650000,98503,9.66
2026-02-03,1719000,1725000,1659000,1716000,48365,9.64
2026-02-04,1767000,1867000,1738000,1829000,56308,9.66
2026-02-05,1780000,1787000,1687000,1709000,47268,9.61
2026-02-06,1636000,1643000,1558000,1641000,40461,9.56
2026-02-09,1723000,1727000,1679000,1709000,29494,9.54
2026-02-10,1739000,1742000,1690000,1701000,24834,9.52
2026-02-11,1712000,1735000,1672000,1678000,28883,9.52
2026-02-12,1698000,1732000,1692000,1732000,52778,9.53
2026-02-13,1683000,1690000,1642000,1670000,35396,9.5
2026-02-19,1680000,1690000,1647000,1669000,35941,9.48
2026-02-20,1674000,1682000,1660000,1663000,23905,9.47
2026-02-23,1676000,1749000,1668000,1723000,47842,9.55
2026-02-24,1738000,1887000,1738000,1871000,89666,9.72
2026-02-25,1860000,2188000,1850000,2115000,96133,9.85
2026-02-26,2076000,2108000,2003000,2055000,51820,9.84
2026-02-27,2075000,2095000,2017000,2030000,27633,9.86
2026-03-03,2085000,2093000,1948000,1983000,39472,9.86
2026-03-04,1850000,1879000,1621000,1632000,52732,9.84
2026-03-05,1790000,1840000,1752000,1759000,32605,9.85
2026-03-06,1738000,1806000,1717000,1752000,21869,9.87
2026-03-09,1657000,1658000,1560000,1596000,48063,9.79
2026-03-10,1703000,1703000,1605000,1625000,33419,9.75
2026-03-11,1683000,1736000,1656000,1666000,24546,9.75
2026-03-12,1680000,1725000,1642000,1674000,20975,9.7
2026-03-13,1630000,1698000,1614000,1628000,22703,9.68
2026-03-16,1640000,1640000,1592000,1600000,19945,9.66
2026-03-17,1647000,1662000,1600000,1612000,17390,9.63
2026-03-18,1630000,1699000,1618000,1695000,26895,9.65
2026-03-19,1652000,1652000,1612000,1612000,34466,9.54
2026-03-20,1627000,1634000,1580000,1587000,47993,9.52
2026-03-23,1551000,1563000,1448000,1486000,39467,9.5
2026-03-24,1551000,1563000,1488000,1543000,25418,9.52
2026-03-25,1586000,1606000,1560000,1593000,22294,9.51
2026-03-26,1593000,1593000,1521000,1546000,16078,9.5
2026-03-27,1490000,1490000,1415000,1483000,30379,9.48
2026-03-30,1407000,1480000,1395000,1478000,23994,9.48
2026-03-31,1430000,1448000,1401000,1422000,24293,9.48
2026-04-01,1509000,1528000,1471000,1517000,25155,9.48
2026-04-02,1545000,1571000,1449000,1468000,25464,9.51
2026-04-03,1495000,1501000,1465000,1484000,12292,9.51
2026-04-06,1490000,1537000,1472000,1481000,13757,9.5
2026-04-07,1483000,1493000,1456000,1473000,14551,9.51
2026-04-08,1548000,1596000,1525000,1585000,448456,7.53
2026-04-09,1589000,1615000,1520000,1526000,29220,7.54
2026-04-10,1549000,1610000,1549000,1581000,24245,7.56
2026-04-13,1552000,1688000,1546000,1663000,42837,7.63
2026-04-14,1703000,1709000,1649000,1649000,21545,7.57
2026-04-15,1695000,1727500,1647000,1660000,27127,7.53
2026-04-16,1685000,1735000,1680000,1694000,24490,7.54
2026-04-17,1716000,1718000,1667000,1679000,14431,7.52
2026-04-20,1697000,1697000,1665000,1665000,12809,7.5
2026-04-21,1680000,1692000,1661000,1670000,16046,7.5
2026-04-22,1670000,1700000,1654000,1698000,18683,7.51
2026-04-23,1717000,1749000,1628000,1674000,35681,7.47
2026-04-24,1663000,1664000,1624000,1642000,24407,7.44
2026-04-27,1643000,1651000,1610000,1642000,21682,28.6
2026-04-28,1645000,1657000,1619000,1627000,35736,28.58
2026-04-29,1631000,1631000,1561000,1604000,43157,28.5
2026-04-30,1587000,1605000,1537000,1579000,140026,28.31
2026-05-04,1600000,1642000,1600000,1629000,34582,28.39
2026-05-06,1635000,1786000,1605000,1747000,85850,28.6
2026-05-07,1745000,1745000,1537000,1560000,129113,28.12
2026-05-08,1585000,1586000,1540000,1559000,33313,28.07
2026-05-11,1575000,1575000,1520000,1528000,32979,28.02
2026-05-12,1547000,1596000,1491000,1512000,43035,28.05
2026-05-13,1531000,1536000,1480000,1501000,23599,28.03
2026-05-14,1519000,1547000,1475000,1511000,37056,28.01
2026-05-15,1513000,1514000,1400000,1426000,29341,27.98
2026-05-18,1430000,1430000,1366000,1420000,17672,27.96
2026-05-19,1438000,1438000,1337000,1374000,20734,27.93
2026-05-20,1390000,1409000,1298000,1314000,30852,27.95
2026-05-21,1351000,1425000,1346000,1405000,24601,27.95
2026-05-22,1446000,1446000,1405000,1430000,22460,27.95
2026-05-26,1466000,1490000,1432000,1444000,18785,27.96
2026-05-27,1445000,1445000,1387000,1396000,18941,27.97
2026-05-28,1396000,1409000,1310000,1365000,29702,28.01
2026-05-29,1385000,1405000,1342000,1373000,23296,28.02
2026-06-01,1355000,1409000,1331000,1375000,23180,28.05
2026-06-02,1352000,1368000,1302000,1322000,28263,28.09
2026-06-04,1323000,1333000,1290000,1316000,19633,28.1
2026-06-05,1319000,1319000,1223000,1265000,15191,28.1
2026-06-08,1148000,1178000,1131000,1149000,25052,28.09
2026-06-09,1159000,1222000,1159000,1212000,22270,28.09
2026-06-10,1169000,1200000,1140000,1186000,19145,28.09
2026-06-11,1131000,1165000,1085000,1164000,31622,28.09
2026-06-12,1220000,1250000,1193000,1201000,21267,28.12
2026-06-15,1240000,1272000,1222000,1253000,14445,28.13
2026-06-16,1299000,1323000,1262000,1293000,17990,28.14
2026-06-17,1330000,1330000,1248000,1261000,13193,28.13
2026-06-18,1255000,1268000,1204000,1209000,21129,28.13
2026-06-19,1220000,1230000,1169000,1192000,45909,28.14
2026-06-22,1191000,1193000,1144000,1147000,17172,28.14
2026-06-23,1145000,1156000,1080000,1084000,30016,28.18
2026-06-24,1070000,1125000,1064000,1098000,24566,28.19
2026-06-25,1110000,1157000,1102000,1110000,18084,28.19
2026-06-26,1121000,1121000,1021000,1056000,21702,28.19
2026-06-29,1066000,1133000,1043000,1125000,19117,28.17
2026-06-30,1125000,1125000,1072000,1080000,22208,28.14
