date,open,high,low,close,volume,foreign_ownership_ratio
2016-07-01,78800,80700,78800,80700,123105,15.03
2016-07-04,80700,81000,80000,81000,110428,14.99
2016-07-05,80500,80900,79100,79500,120769,14.87
2016-07-06,79100,79600,76500,77800,145227,14.63
2016-07-07,78700,78900,77100,78500,115216,14.63
2016-07-08,78500,79900,78000,79900,92338,14.64
2016-07-11,80500,80800,78400,79300,98350,14.44
2016-07-12,79100,83200,78500,83200,266211,14.47
2016-07-13,83600,84800,81700,82000,187606,14.36
2016-07-14,82700,89500,82700,89200,687116,15.35
2016-07-15,89100,91700,88400,91000,340467,15.6
2016-07-18,90700,91700,89500,91200,146369,15.76
2016-07-19,91200,91500,89700,89700,142311,15.67
2016-07-20,89500,91200,88500,90000,117620,15.72
2016-07-21,89700,93000,89100,92200,175842,15.9
2016-07-22,92200,92700,90500,91200,95482,15.94
2016-07-25,91200,92100,89600,90100,107827,15.97
2016-07-26,90300,92800,89800,92300,160179,16.07
2016-07-27,92400,93700,91300,92900,137510,16.01
2016-07-28,92900,92900,89700,90200,189492,16.08
2016-07-29,90200,90800,88200,89400,180494,16.31
2016-08-01,90500,93400,90200,93400,170002,16.2
2016-08-02,93400,93500,90600,91600,161631,16.21
2016-08-03,90700,92100,89900,90500,117210,16.31
2016-08-04,90900,91600,89600,91600,93934,16.1
2016-08-05,91600,94300,91200,93700,144933,16.04
2016-08-08,94100,95200,92600,93300,100296,16.11
2016-08-09,93500,93500,91000,92400,148182,16.09
2016-08-10,92000,92100,89400,90100,272976,16.33
2016-08-11,90100,90100,87500,87500,210243,16.39
2016-08-12,87900,88600,86900,87400,151264,16.48
2016-08-16,87900,88400,87200,88200,159120,16.64
2016-08-17,88200,88200,86300,87100,94889,16.68
2016-08-18,86500,87100,83600,84200,400775,16.66
2016-08-19,84200,87500,84200,87400,244891,16.78
2016-08-22,87400,88300,86300,86800,110940,16.74
2016-08-23,86800,87300,83300,85800,215844,16.43
2016-08-24,85700,86200,84200,84800,84341,16.41
2016-08-25,85400,86800,84600,86100,124690,16.47
2016-08-26,85600,86600,84600,85000,67706,16.39
2016-08-29,84500,84600,82200,82900,111360,16.27
2016-08-30,83600,85900,83300,83800,109026,16.37
2016-08-31,83300,83800,81800,82500,129135,16.32
2016-09-01,82400,82400,80800,81700,124910,16.35
2016-09-02,82500,82800,81700,82400,80902,16.29
2016-09-05,82900,87900,82900,86100,320500,16.41
2016-09-06,86700,86700,84700,85000,104199,16.17
2016-09-07,85000,86000,81900,82200,222638,15.99
2016-09-08,83700,83900,80200,81300,256833,15.92
2016-09-09,81300,81300,79200,79300,214881,15.86
2016-09-12,80200,81000,78000,78500,266085,15.46
2016-09-13,79200,79700,77300,78000,155606,15.36
2016-09-19,81400,84000,81300,83500,389751,15.56
2016-09-20,82600,82700,80300,81400,184477,15.44
2016-09-21,80800,81000,79500,80000,155328,15.5
2016-09-22,80900,81500,79100,79100,134383,15.48
2016-09-23,79900,80300,79000,79200,131879,15.4
2016-09-26,78900,78900,77400,77900,196853,15.23
2016-09-27,76700,79800,76700,79000,157199,15.16
2016-09-28,79200,79500,78200,78200,133366,15.0
2016-09-29,78500,79300,78400,79100,112648,15.0
2016-09-30,78600,78700,77800,78300,136399,15.05
2016-10-04,78100,79000,77500,77600,121697,14.94
2016-10-05,77500,77500,76000,76200,147445,14.7
2016-10-06,76200,76700,74400,74500,241129,14.59
2016-10-07,74500,75800,74100,75200,162062,14.53
2016-10-10,75900,78700,75500,78200,239458,14.52
2016-10-11,79400,80200,77700,78200,217847,14.26
2016-10-12,78800,80800,78300,80600,286877,14.79
2016-10-13,81500,81500,79400,80000,120806,14.81
2016-10-14,79800,80800,78400,79000,107301,14.89
2016-10-17,79200,79300,77500,78200,86053,14.9
2016-10-18,77900,78300,77000,77500,100544,14.92
2016-10-19,77700,78300,77300,77300,78195,14.95
2016-10-20,77400,77800,76100,76500,122770,15.01
2016-10-21,76700,78000,76700,77300,75437,15.03
2016-10-24,77600,79500,76700,79500,137728,15.17
2016-10-25,79200,79300,77800,77900,82761,15.22
2016-10-26,77000,79200,76100,79000,162309,15.25
2016-10-27,79100,80800,77300,77600,179389,15.01
2016-10-28,77600,78100,76200,78000,144073,15.09
2016-10-31,77200,78100,76700,78000,150083,15.22
2016-11-01,77100,77700,76300,77200,113932,15.29
2016-11-02,76600,77000,74800,75100,145298,15.15
2016-11-03,74600,76700,74600,76100,91485,15.12
2016-11-04,75300,78600,75300,77300,112231,15.24
2016-11-07,78200,79600,78100,79600,154529,15.52
2016-11-08,79700,79700,78700,79100,74538,15.46
2016-11-09,79800,80700,75900,78600,254941,15.77
2016-11-10,79700,80300,78800,79000,156913,15.78
2016-11-11,78500,78900,76600,76800,156513,15.72
2016-11-14,76300,77900,76300,77500,96078,15.81
2016-11-15,77000,78700,76800,76800,89089,15.77
2016-11-16,77200,79500,77200,78100,153739,15.87
2016-11-17,78200,79000,78200,78600,41221,15.97
2016-11-18,78600,79000,77300,77600,69415,15.95
2016-11-21,78000,78000,76300,76800,53500,15.87
2016-11-22,76700,77400,76600,77100,57505,15.86
2016-11-23,76700,77200,75900,76000,116320,15.76
2016-11-24,75200,76200,74700,74900,82253,15.68
2016-11-25,75100,76600,74900,76400,70011,15.8
2016-11-28,77200,80300,77100,80200,335834,16.58
2016-11-29,80100,83500,79900,83000,521605,17.81
2016-11-30,82500,82800,81100,81100,160498,17.63
2016-12-01,81200,82100,80500,81100,118570,17.54
2016-12-02,80800,80800,78600,79600,140347,17.33
2016-12-05,79400,81200,78500,80900,114347,17.39
2016-12-06,81300,83100,81000,82900,156276,17.57
2016-12-07,82500,83300,82200,82900,97668,17.67
2016-12-08,83500,84300,82200,82800,119683,17.69
2016-12-09,82900,85400,82900,83700,194870,17.93
2016-12-12,83600,84200,83400,83800,51295,17.91
2016-12-13,84000,84300,82400,83200,114124,17.78
2016-12-14,83200,84500,83200,83200,85282,17.8
2016-12-15,82700,84500,82500,84000,92274,17.85
2016-12-16,83700,85300,83300,84900,129429,17.96
2016-12-19,85700,85700,82500,82500,114767,17.96
2016-12-20,82600,83900,82600,83100,72093,18.11
2016-12-21,82800,84800,82800,84400,79643,18.22
2016-12-22,86300,87500,85000,87000,275946,18.16
2016-12-23,87400,87600,86500,87000,92536,18.14
2016-12-26,87000,87500,85400,86000,73392,17.89
2016-12-27,86000,88300,86000,87600,145578,17.96
2016-12-28,87400,88600,87100,88000,74914,17.91
2016-12-29,88000,88600,87100,88400,65485,17.97
2017-01-02,87400,87900,84700,85600,171299,17.91
2017-01-03,85700,87700,85700,87500,131408,18.03
2017-01-04,87500,88300,87200,87600,74226,18.1
2017-01-05,87600,90500,87600,89500,149276,18.31
2017-01-06,89200,91200,89200,90800,178458,18.52
2017-01-09,90800,91300,88700,90700,139019,18.45
2017-01-10,90100,90500,89100,89400,65620,18.41
2017-01-11,88700,91300,88700,91200,107932,18.65
2017-01-12,91200,91200,88800,89100,158406,18.42
2017-01-13,88800,90600,88800,89800,99864,18.44
2017-01-16,90100,90100,88200,88500,86494,18.4
2017-01-17,88300,89700,88300,89000,66666,18.44
2017-01-18,89700,90600,89100,89500,124192,18.43
2017-01-19,89800,90300,87200,88000,117857,18.41
2017-01-20,88000,89400,87100,89300,66500,18.51
2017-01-23,90100,91500,89600,90000,242353,18.4
2017-01-24,91300,92400,90600,91700,156888,18.57
2017-01-25,92500,100000,92500,99100,972100,19.59
2017-01-26,99500,101000,97200,99300,385033,19.66
2017-01-31,98800,99800,98000,99100,340659,19.69
2017-02-01,99800,102000,99200,100000,226690,19.71
2017-02-02,101000,103500,99800,102500,302935,19.92
2017-02-03,103000,104000,101000,104000,207942,20.04
2017-02-06,104500,105000,103000,104000,128140,20.15
2017-02-07,105000,106000,103500,106000,124969,20.34
2017-02-08,105000,106500,103000,105500,199144,20.43
2017-02-09,106500,110000,105500,108500,246241,20.45
2017-02-10,109500,109500,105500,105500,143035,20.54
2017-02-13,105500,107500,104000,105000,179517,20.61
2017-02-14,106000,108500,105000,107000,172043,20.72
2017-02-15,107000,108500,106500,108000,145675,20.97
2017-02-16,108500,108500,106000,108000,96329,21.0
2017-02-17,109000,110500,107000,110500,182632,21.32
2017-02-20,111000,115500,108500,114500,321280,21.68
2017-02-21,115000,118000,114000,117500,256305,22.01
2017-02-22,119500,120500,116500,120000,419467,22.54
2017-02-23,120500,125000,119500,125000,437588,22.92
2017-02-24,124500,124500,118000,120500,465200,23.13
2017-02-27,121000,123000,117000,122000,310805,23.35
2017-02-28,122000,122500,118500,120000,211656,23.59
2017-03-02,121500,124000,120500,122000,191236,23.84
2017-03-03,121000,125000,119500,125000,186984,23.89
2017-03-06,125000,127500,123500,125500,146288,24.03
2017-03-07,125500,126000,123000,124000,123768,23.98
2017-03-08,123500,126000,123000,126000,137240,24.24
2017-03-09,126500,129000,125500,129000,216067,24.44
2017-03-10,128500,129000,123000,126500,216907,24.65
2017-03-13,127000,129500,123500,129500,172956,24.94
2017-03-14,129000,130500,126500,127000,129957,25.0
2017-03-15,125500,129500,125500,129500,217822,25.5
2017-03-16,130000,130500,128000,130000,177341,25.86
2017-03-17,130000,133000,129500,132000,166557,26.06
2017-03-20,132500,133500,129000,130500,157747,25.97
2017-03-21,132000,140000,130000,138500,281795,26.44
2017-03-22,137000,141000,135000,137000,250178,26.29
2017-03-23,139000,144500,138000,142000,283864,26.45
2017-03-24,141000,145000,138500,139000,178818,26.43
2017-03-27,139500,142000,136000,138000,114698,26.48
2017-03-28,140000,141000,136500,138500,108459,26.54
2017-03-29,139000,141000,136500,139000,125389,26.47
2017-03-30,138000,140000,132500,139000,301598,26.75
2017-03-31,139500,141500,136500,136500,110435,26.73
2017-04-03,140000,140000,134500,135500,191409,26.82
2017-04-04,135500,137000,134000,135500,160545,26.9
2017-04-05,137000,137500,134000,136500,96535,26.88
2017-04-06,135500,136500,132000,132500,207423,27.17
2017-04-07,133500,138000,132500,136500,175417,27.3
2017-04-10,135000,136500,131000,131000,100811,27.31
2017-04-11,132000,134500,128500,130000,177405,27.34
2017-04-12,132000,135500,130000,134500,160573,27.6
2017-04-13,135500,139000,134000,136000,217527,27.71
2017-04-14,136000,137000,131500,132500,109959,27.68
2017-04-17,133000,134000,129000,131000,140163,27.61
2017-04-18,132000,134000,130500,133500,138796,27.9
2017-04-19,133000,135000,132500,135000,90569,28.14
2017-04-20,135000,136000,133500,134000,90079,28.41
2017-04-21,135500,143000,134500,143000,344564,29.27
2017-04-24,143000,143000,138000,139000,133923,28.95
2017-04-25,138500,141000,138000,140000,155959,29.0
2017-04-26,140000,140000,136000,137500,156897,29.07
2017-04-27,132000,133000,129000,130500,358207,29.08
2017-04-28,129500,133000,128000,131500,399190,29.05
2017-05-02,131000,132500,128000,128500,206236,29.08
2017-05-04,126000,130500,126000,129500,256099,29.23
2017-05-08,130500,131500,129000,130500,186446,29.16
2017-05-10,133000,137000,132000,134500,330724,29.23
2017-05-11,136000,137500,133500,135500,326482,29.06
2017-05-12,135000,135500,132500,133000,122519,29.17
2017-05-15,133000,133500,131000,133000,114594,29.26
2017-05-16,133500,135500,131000,131000,82055,29.36
2017-05-17,130500,131500,128000,130000,199546,29.47
2017-05-18,128500,131000,128000,128500,114967,29.55
2017-05-19,128500,130500,128000,129000,103305,29.48
2017-05-22,130000,130500,127000,128000,105476,29.47
2017-05-23,128000,132500,127500,130000,145904,29.55
2017-05-24,131500,134500,131000,133500,249702,29.49
2017-05-25,133500,134000,129000,130000,196889,29.33
2017-05-26,130500,134500,130000,133000,190223,29.34
2017-05-29,134000,139000,133000,138500,215983,29.35
2017-05-30,139500,142000,137000,138000,196513,29.13
2017-05-31,136500,137500,133000,134000,259111,28.94
2017-06-01,134500,135000,130500,131500,126848,28.91
2017-06-02,132000,135500,131500,135500,127561,28.96
2017-06-05,135500,139000,134000,135000,163086,36.17
2017-06-07,135500,141000,134000,141000,224086,36.03
2017-06-08,140000,152000,140000,151500,559166,35.99
2017-06-09,152500,159000,152000,155500,295970,36.03
2017-06-12,151000,151000,145000,147000,400911,35.74
2017-06-13,146000,154000,144500,150500,288778,35.68
2017-06-14,155000,159000,152500,154000,330246,35.63
2017-06-15,154000,161500,154000,157500,356160,35.25
2017-06-16,157500,162500,156000,157000,327854,34.98
2017-06-19,158000,163500,155000,163500,208984,34.96
2017-06-20,165000,165500,160500,161500,243381,34.81
2017-06-21,160500,164500,156500,164500,134599,34.9
2017-06-22,164500,165000,160000,161500,143603,34.83
2017-06-23,159000,162500,155500,162500,142281,34.79
2017-06-26,163500,176500,163000,175000,356493,34.91
2017-06-27,176500,177500,170500,172500,240959,34.67
2017-06-28,170500,172000,160000,161500,459122,34.06
2017-06-29,164500,165500,160000,161500,183273,34.06
2017-06-30,157500,165500,154500,165000,253514,33.94
2017-07-03,164000,164500,155500,159500,226468,33.91
2017-07-04,158500,162500,157000,157500,136616,33.83
2017-07-05,158500,163500,157500,161000,161561,33.77
2017-07-06,163500,164500,158500,159500,143851,33.8
2017-07-07,156500,160500,155500,156000,126599,33.86
2017-07-10,158000,158500,151000,157000,155554,34.07
2017-07-11,158500,160000,154000,159500,112999,34.16
2017-07-12,160000,161000,152000,153000,189951,34.2
2017-07-13,156000,163500,154000,157500,249549,34.36
2017-07-14,157500,158500,152000,153000,187435,34.51
2017-07-17,153500,159000,153500,158000,137975,34.61
2017-07-18,159000,161500,156000,160500,126490,34.57
2017-07-19,161000,164500,157000,159000,165005,34.55
2017-07-20,159500,160500,155500,158000,83950,34.63
2017-07-21,157000,162000,157000,161000,85538,34.72
2017-07-24,161000,168500,160000,167000,199829,34.78
2017-07-25,168000,169000,162000,162000,142646,34.68
2017-07-26,164000,164000,153500,157500,220657,34.53
2017-07-27,156500,166500,156000,161500,269232,34.47
2017-07-28,157500,159000,149000,150500,362399,34.36
2017-07-31,148000,152000,147000,150000,148782,34.24
2017-08-01,150000,151500,145500,149500,260794,34.06
2017-08-02,163000,165500,157000,165000,520279,34.2
2017-08-03,163500,166500,161000,162500,191514,34.15
2017-08-04,163000,165000,160000,162000,139209,34.02
2017-08-07,161000,164500,160000,160500,111340,33.9
2017-08-08,161500,164000,160500,162500,173374,33.82
2017-08-09,160000,162500,157500,159000,157114,33.68
2017-08-10,157000,164000,156500,164000,225604,33.51
2017-08-11,158500,164000,157500,161500,177345,33.57
2017-08-14,165500,166000,162000,165000,121652,33.56
2017-08-16,167000,171000,166500,168000,164781,33.6
2017-08-17,166500,169000,164500,167500,81188,33.57
2017-08-18,163000,170000,163000,170000,105161,33.65
2017-08-21,170000,174000,167000,167500,109336,33.58
2017-08-22,169500,173000,167500,172500,100307,33.54
2017-08-23,175500,180000,175000,177000,240942,33.48
2017-08-24,178500,181000,176000,177500,115229,33.43
2017-08-25,177500,179000,175500,177000,69890,33.41
2017-08-28,176000,178500,172000,172000,132620,33.25
2017-08-29,172000,179000,170000,179000,191035,33.28
2017-08-30,180500,184000,179000,184000,164708,33.23
2017-08-31,187000,188000,182000,184500,179459,33.12
2017-09-01,185000,185000,175000,178000,390118,32.74
2017-09-04,172000,180500,171500,178500,228956,32.94
2017-09-05,178500,180000,174500,176500,128390,32.81
2017-09-06,175500,178500,173000,174500,141759,32.66
2017-09-07,177000,177500,172500,173500,196709,32.44
2017-09-08,172500,176500,167500,169500,353820,31.86
2017-09-11,170500,174500,168500,171500,280892,31.68
2017-09-12,174500,176000,170000,171500,271669,31.63
2017-09-13,170000,171000,165500,168500,532881,31.04
2017-09-14,168500,176500,168500,173000,410290,30.86
2017-09-15,172000,172000,167500,169000,374587,30.25
2017-09-18,171000,173500,168500,172000,306070,30.12
2017-09-19,172500,173000,168000,169500,207770,29.96
2017-09-20,169500,171500,162000,163500,415116,29.72
2017-09-21,162500,162500,154500,155500,525518,29.2
2017-09-22,154000,155500,148000,149000,546461,28.69
2017-09-25,148000,152500,145500,150500,517988,28.19
2017-09-26,148500,154000,146500,152000,263768,28.14
2017-09-27,154000,159500,153000,155500,396540,27.85
2017-09-28,156500,157000,148000,148500,439301,27.9
2017-09-29,149000,154500,147500,154000,216046,28.07
2017-10-10,151000,157500,148000,155000,440152,27.81
2017-10-11,157500,166500,157000,166000,475518,27.9
2017-10-12,166000,168000,163000,164500,290460,27.54
2017-10-13,165500,171500,161500,163500,364068,27.44
2017-10-16,164500,165000,156000,157000,260771,27.27
2017-10-17,160000,163500,160000,162000,204213,27.33
2017-10-18,163500,163500,159000,162500,167134,27.33
2017-10-19,162500,162500,154500,155500,303579,27.11
2017-10-20,157000,161000,155500,157500,198625,27.01
2017-10-23,158500,170000,156000,168000,334260,27.09
2017-10-24,167500,169500,165000,167000,141397,27.03
2017-10-25,169000,172000,167000,168500,264325,27.0
2017-10-26,174500,182000,173000,175000,1069598,27.72
2017-10-27,175000,180500,172000,178000,295323,27.91
2017-10-30,184000,185000,175500,178000,259767,27.96
2017-10-31,180000,183000,170500,172000,405484,27.64
2017-11-01,174000,177500,170500,176500,293406,27.63
2017-11-02,176500,177500,172000,174000,173892,27.72
2017-11-03,180000,181000,170000,173000,450579,27.54
2017-11-06,174500,175000,169500,171000,178697,27.48
2017-11-07,170500,175500,170000,175000,173198,27.54
2017-11-08,173000,178000,173000,175000,137415,27.36
2017-11-09,176500,177000,169000,170000,363032,27.2
2017-11-10,168500,172000,164000,171000,265610,27.18
2017-11-13,170500,171000,160500,161000,530564,26.77
2017-11-14,161500,167000,159000,166500,275480,26.83
2017-11-15,166500,169000,163000,164500,194507,26.88
2017-11-16,164000,166500,162000,164000,216339,26.82
2017-11-17,167000,173000,166500,169500,346935,26.88
2017-11-20,172500,172500,166500,170000,196099,26.76
2017-11-21,170500,175500,168500,175500,264168,26.97
2017-11-22,178000,178000,174500,177000,207214,26.99
2017-11-23,176500,177000,171500,173000,139126,26.82
2017-11-24,173000,174000,170000,173000,128997,26.78
2017-11-27,173000,175500,167500,168000,211363,26.58
2017-11-28,170000,170500,165500,169000,168037,26.58
2017-11-29,168500,172000,165500,169500,269194,26.38
2017-11-30,166500,167000,160000,161000,499564,25.88
2017-12-01,162500,165500,161000,161500,300299,25.8
2017-12-04,162000,163000,151000,153000,855780,25.2
2017-12-05,153000,159500,152500,159000,376564,25.44
2017-12-06,159000,160000,146000,147000,772501,24.95
2017-12-07,151000,155000,148000,154500,598789,24.5
2017-12-08,156000,157000,152000,154000,175032,24.56
2017-12-11,154500,155500,148500,153000,366377,24.81
2017-12-12,153000,156500,147500,148500,360906,24.64
2017-12-13,147000,151000,147000,149500,286929,24.57
2017-12-14,148500,153500,147500,147500,420436,24.16
2017-12-15,149000,150000,147000,147000,163901,24.02
2017-12-18,149000,150500,146500,147000,282952,23.66
2017-12-19,150000,152000,147000,148500,326946,23.39
2017-12-20,149500,150000,147000,148000,201650,23.27
2017-12-21,147500,148000,139000,139000,575472,22.92
2017-12-22,140000,144500,136000,144000,286087,23.08
2017-12-26,142000,143500,136000,136500,504695,22.66
2017-12-27,135500,141000,135500,140500,239441,22.75
2017-12-28,140000,145000,138500,144000,190019,22.93
2018-01-02,147000,147000,142000,145000,270085,23.11
2018-01-03,146000,148000,143500,147000,254861,23.21
2018-01-04,148000,148500,144500,145000,186790,23.28
2018-01-05,146000,148000,143000,145500,236799,23.04
2018-01-08,148000,148500,139500,142000,471519,22.86
2018-01-09,153500,160500,149000,156500,1239506,24.19
2018-01-10,157000,157500,147500,149000,603263,23.22
2018-01-11,149500,150500,147000,150500,349462,22.93
2018-01-12,149500,150000,142000,146000,524718,22.44
2018-01-15,145000,146000,143000,144500,140423,22.4
2018-01-16,143000,147500,141000,146000,318389,22.38
2018-01-17,144500,147500,141500,143000,367226,22.51
2018-01-18,144500,145000,139500,140000,411860,22.5
2018-01-19,140000,140500,131000,132500,1096410,21.6
2018-01-22,128500,130000,126000,129000,600558,21.77
2018-01-23,129000,132500,126500,130500,601325,21.44
2018-01-24,127000,129500,126500,127000,699480,21.09
2018-01-25,125000,127000,123000,126500,642862,20.67
2018-01-26,126500,129000,126000,127000,412126,20.17
2018-01-29,128000,132000,127500,130500,484915,20.38
2018-01-30,130500,133500,129500,129500,469144,20.29
2018-01-31,128000,129500,125500,125500,442839,19.83
2018-02-01,126000,131000,125000,128500,487650,19.31
2018-02-02,131000,132500,126000,127500,463775,18.94
2018-02-05,124000,126000,123000,123500,247412,18.84
2018-02-06,118000,123000,117500,122500,397169,18.88
2018-02-07,125500,126500,121000,121000,302792,18.68
2018-02-08,121500,126500,121500,126500,249516,18.6
2018-02-09,122500,124000,120500,123000,184381,18.35
2018-02-12,125000,126000,122500,124500,162742,18.33
2018-02-13,126000,128000,122000,122000,260878,17.86
2018-02-14,123500,126000,122000,125500,197942,17.81
2018-02-19,128000,128500,124500,125000,223131,17.45
2018-02-20,125500,127000,124500,125500,130856,17.51
2018-02-21,126000,127500,123000,124500,196540,17.38
2018-02-22,125000,126500,123500,124500,152406,17.28
2018-02-23,125500,129000,124500,129000,288450,17.44
2018-02-26,131000,133000,130500,131000,331341,17.63
2018-02-27,133000,136000,132000,135500,455468,17.94
2018-02-28,135000,136500,130500,132000,314948,17.76
2018-03-02,129500,133000,129000,132000,159884,17.66
2018-03-05,132000,132000,127000,127000,204500,17.41
2018-03-06,128500,133500,127500,132500,205295,17.36
2018-03-07,132500,132500,127000,127000,211607,17.17
2018-03-08,129000,130000,128000,128500,158228,16.92
2018-03-09,130000,135000,129500,134000,299772,17.16
2018-03-12,137000,138500,136000,137500,386275,17.58
2018-03-13,136500,137000,133500,135500,452802,17.76
2018-03-14,135500,138000,133500,137500,198865,17.77
2018-03-15,137000,137500,133000,133500,283847,17.56
2018-03-16,132000,132500,128500,129500,347177,17.45
2018-03-19,129000,129500,127500,128000,155870,17.47
2018-03-20,127000,129500,126000,128500,158080,17.37
2018-03-21,128500,131000,128000,131000,101337,17.35
2018-03-22,131000,132000,125500,126500,352323,17.0
2018-03-23,122500,124000,119000,120000,503041,16.58
2018-03-26,119000,120500,117000,120000,260091,16.24
2018-03-27,122500,126500,121500,126000,223476,16.2
2018-03-28,124000,125000,122000,124000,221745,16.01
2018-03-29,124000,124000,122500,123500,133019,15.92
2018-03-30,125000,127500,123500,126000,166956,16.04
2018-04-02,126000,126500,122500,123500,130816,16.08
2018-04-03,120500,123000,120500,122500,169374,16.05
2018-04-04,122500,122500,116000,116500,345967,15.75
2018-04-05,117500,119500,115500,119500,200516,15.82
2018-04-06,118500,121000,118500,120000,128044,15.97
2018-04-09,119500,122000,119500,121000,69858,15.98
2018-04-10,120000,120500,117500,119000,92509,15.88
2018-04-11,119500,120500,118500,120000,98746,15.96
2018-04-12,120000,126500,119500,126500,451634,16.28
2018-04-13,127000,128000,123000,123000,252270,16.12
2018-04-16,122500,131000,122500,131000,494828,17.04
2018-04-17,131000,137500,129000,136500,702301,18.12
2018-04-18,137000,137000,133000,135000,239930,18.25
2018-04-19,133500,137000,131500,136500,234140,18.38
2018-04-20,134500,136000,130500,132500,318726,18.23
2018-04-23,133500,134000,130000,130500,191045,18.09
2018-04-24,131000,131000,124500,125000,385075,17.49
2018-04-25,120500,121500,117000,117500,626155,16.49
2018-04-26,118500,121000,116500,118000,457952,16.13
2018-04-27,119500,120500,116000,116500,273931,16.04
2018-04-30,116500,118500,116000,116500,235878,15.89
2018-05-02,119500,125000,119000,123500,498629,16.17
2018-05-03,123500,130500,122000,128500,448995,17.14
2018-05-04,127000,128000,124500,125000,202349,17.16
2018-05-08,131000,132500,129000,130500,352466,17.27
2018-05-09,130000,131500,128000,129500,148916,17.16
2018-05-10,129000,130000,127000,129500,263322,17.51
2018-05-11,130500,132000,128000,129000,145884,17.59
2018-05-14,129500,132500,129000,132500,153846,17.78
2018-05-15,132000,132000,128500,129000,104750,17.8
2018-05-16,129000,130500,127000,129000,84407,17.83
2018-05-17,129500,130500,127000,127000,106266,17.85
2018-05-18,127500,129500,126500,128500,134745,18.0
2018-05-21,128500,129500,126500,127000,164663,18.01
2018-05-23,126500,132000,126500,128000,218418,18.04
2018-05-24,130000,134000,129500,131000,204994,18.14
2018-05-25,130500,138500,130000,137000,624640,18.82
2018-05-28,136500,146000,136500,144500,736884,20.51
2018-05-29,145500,146000,142000,144000,275321,20.58
2018-05-30,143000,147000,142000,144500,304188,20.71
2018-05-31,147500,147500,142500,144000,263360,20.92
2018-06-01,144500,149500,141000,148000,333894,20.92
2018-06-04,150000,152500,148000,150500,238300,20.9
2018-06-05,149000,152000,147500,152000,218709,21.11
2018-06-07,152000,154500,149000,151000,203521,21.06
2018-06-08,150500,152000,147500,150500,188886,21.23
2018-06-11,145000,149000,144500,148000,418215,21.18
2018-06-12,149500,155000,149500,153000,328885,21.56
2018-06-14,155000,156000,152000,155500,262131,21.74
2018-06-15,155500,156500,152000,153500,189507,21.7
2018-06-18,154000,154500,145000,148500,364123,22.08
2018-06-19,147500,149000,141500,141500,273473,22.26
2018-06-20,142000,148000,141500,146500,177191,22.4
2018-06-21,146000,149000,145000,146000,157257,22.29
2018-06-22,144000,145500,137000,139000,439214,22.39
2018-06-25,138500,145000,135500,145000,220431,22.82
2018-06-26,141500,145000,139500,141000,160745,22.84
2018-06-27,140500,144000,139500,140000,112186,22.84
2018-06-28,140500,141000,138000,140500,121640,22.99
2018-06-29,140500,145000,140000,144500,160170,23.07
2018-07-02,145000,146500,141000,142000,113375,23.09
2018-07-03,143500,143500,136000,140500,109609,23.09
2018-07-04,138000,142000,137000,139500,81232,23.05
2018-07-05,142000,150000,142000,145500,363258,23.49
2018-07-06,147500,156000,147500,156000,564528,24.38
2018-07-09,156500,161000,156000,160500,325136,24.65
2018-07-10,159000,160500,155500,157500,107907,24.58
2018-07-11,156500,159500,153500,156000,132688,24.43
2018-07-12,158000,161000,156000,158500,218557,24.41
2018-07-13,158000,163500,157000,160000,168005,24.55
2018-07-16,160000,163500,160000,162000,96050,24.73
2018-07-17,163000,163500,157000,158000,121429,24.74
2018-07-18,160000,162500,159000,160000,125858,24.87
2018-07-19,161000,161500,156500,158000,94944,24.88
2018-07-20,159000,160500,156500,158500,124904,25.14
2018-07-23,157000,158500,150500,155000,234183,25.33
2018-07-24,155500,161500,155500,161000,142988,25.49
2018-07-25,163000,163000,160000,162500,170304,25.64
2018-07-26,163500,166500,157000,158500,288066,25.77
2018-07-27,159500,161500,157500,160500,115860,25.85
2018-07-30,161000,166500,161000,163000,261045,26.25
2018-07-31,162500,164000,160000,163000,136360,26.42
2018-08-01,166500,170000,159000,162500,322881,26.46
2018-08-02,164000,166000,160000,162500,198749,26.67
2018-08-03,165000,165500,160500,164000,153863,26.87
2018-08-06,163500,165000,156000,157500,201841,26.92
2018-08-07,157500,159500,154500,157000,140574,27.02
2018-08-08,157000,159000,152000,153000,156243,26.94
2018-08-09,153500,155500,151000,155500,126875,27.0
2018-08-10,155000,155500,147000,149000,205557,27.14
2018-08-13,146500,150000,143500,146500,162132,27.2
2018-08-14,147000,149000,139500,146000,238113,27.35
2018-08-16,145500,147000,141500,146500,212797,27.58
2018-08-17,148000,148500,142000,142500,149496,27.63
2018-08-20,142500,145500,138500,139000,189745,27.67
2018-08-21,139000,143500,136500,143000,241288,27.62
2018-08-22,144000,145500,139000,139500,193703,27.65
2018-08-23,140500,142500,138000,142000,150953,27.62
2018-08-24,143000,143000,133500,137000,782121,27.08
2018-08-27,139000,142500,137500,142000,262338,27.31
2018-08-28,145000,147000,142500,143000,349098,27.6
2018-08-29,143000,146000,142500,145000,145269,27.63
2018-08-30,146500,146500,143000,145000,142491,27.7
2018-08-31,145500,145500,142000,143500,123156,27.75
2018-09-03,144500,150000,144500,149000,268919,27.99
2018-09-04,149500,157000,148000,155500,377030,28.32
2018-09-05,155500,155500,149000,149000,229748,28.05
2018-09-06,148500,150000,145000,148000,219962,28.09
2018-09-07,148000,148500,145500,146500,210813,28.26
2018-09-10,145500,148000,140000,141000,370530,27.82
2018-09-11,141000,142500,136000,138000,375210,27.45
2018-09-12,138500,140000,136000,137000,333128,27.03
2018-09-13,137500,138000,130000,130500,852161,26.18
2018-09-14,133000,135000,132500,134500,317857,26.31
2018-09-17,134000,134000,130500,132000,279620,26.75
2018-09-18,129500,130500,128000,130000,352254,26.82
2018-09-19,131500,132500,130000,131500,230649,27.13
2018-09-20,133000,135000,131500,133000,273532,27.13
2018-09-21,133500,134000,128500,130500,397313,27.14
2018-09-27,131500,133000,130500,131500,227043,27.4
2018-09-28,132500,133000,130000,130500,253231,27.38
2018-10-01,131500,132000,129000,130000,95027,27.41
2018-10-02,131000,132500,130000,131500,129586,27.33
2018-10-04,133000,134500,130000,130000,140950,27.39
2018-10-05,130000,136500,126500,133000,457109,27.35
2018-10-08,132500,135000,130500,131000,122065,27.29
2018-10-10,131000,132000,123000,125000,275063,26.86
2018-10-11,118500,122000,117000,118000,342587,26.54
2018-10-12,116500,123500,116500,121500,247837,26.74
2018-10-15,122000,128500,122000,125000,238453,26.68
2018-10-16,125500,127500,123500,125000,101541,26.68
2018-10-17,128000,129500,126500,128000,135160,26.72
2018-10-18,128000,128500,122000,124000,173680,26.62
2018-10-19,121500,126500,120500,126500,150382,26.9
2018-10-22,125000,130000,125000,129000,123127,26.97
2018-10-23,130000,130500,122500,124500,175662,26.88
2018-10-24,127500,129000,120000,121500,287480,26.76
2018-10-25,119000,130500,117500,130000,449403,27.19
2018-10-26,130500,131000,123000,126000,173824,27.19
2018-10-29,126000,129500,123000,123000,133988,27.05
2018-10-30,122500,125000,119500,123500,147116,27.24
2018-10-31,125000,125500,119500,124000,129203,27.33
2018-11-01,125500,128500,125000,127000,209123,27.44
2018-11-02,123500,127500,117500,127000,718657,27.56
2018-11-05,125000,126000,123000,126000,154791,27.7
2018-11-06,125000,125000,117000,118000,552490,27.34
2018-11-07,118000,120000,111500,113000,477103,26.75
2018-11-08,116000,116000,108500,111500,512031,26.53
2018-11-09,112000,114500,110000,110500,281275,26.51
2018-11-12,111000,111500,108500,109500,174688,26.52
2018-11-13,100000,104000,99100,103500,786528,25.9
2018-11-14,102500,104500,100000,100000,440027,25.77
2018-11-15,99200,101500,99200,101000,408159,25.2
2018-11-16,103000,103500,100000,100000,390276,25.0
2018-11-19,101000,102000,100500,101000,288838,24.89
2018-11-20,98500,98900,96300,96500,545796,24.87
2018-11-21,93500,95800,92600,95300,484091,24.83
2018-11-22,95500,97500,94500,94700,198904,24.86
2018-11-23,95000,95600,93900,94000,154850,24.9
2018-11-26,94200,98700,94200,98700,327018,24.85
2018-11-27,99200,101000,96800,101000,338938,24.78
2018-11-28,101000,101500,99800,101000,142997,24.82
2018-11-29,104000,104000,100000,100500,236408,24.97
2018-11-30,101000,101500,99500,99800,167172,24.98
2018-12-03,102500,103500,101000,103000,287610,25.14
2018-12-04,103000,103000,99800,100500,268214,25.14
2018-12-05,97700,98200,96800,97200,257687,25.02
2018-12-06,96200,96800,92900,93600,425943,24.6
2018-12-07,94500,95800,94000,94300,163769,24.58
2018-12-10,92600,92800,91300,91700,187877,24.59
2018-12-11,91800,93200,90700,91600,128014,24.49
2018-12-12,92600,93400,91600,93400,124920,24.34
2018-12-13,93300,94200,92000,92200,224291,24.37
2018-12-14,93200,94100,91000,91700,133201,24.31
2018-12-17,90500,93000,90300,91600,132135,24.37
2018-12-18,90600,91200,89100,89400,176292,24.28
2018-12-19,89000,90300,89000,89500,140397,24.22
2018-12-20,88600,88700,85800,87200,228412,24.37
2018-12-21,86500,89000,86400,86700,172428,23.92
2018-12-24,86200,86800,85600,86800,121497,23.9
2018-12-26,85000,85400,83500,84000,175614,23.74
2018-12-27,85800,88300,84900,87700,291903,23.96
2018-12-28,87200,87900,86300,86400,99793,23.84
2019-01-02,87200,87700,83700,83700,155940,23.64
2019-01-03,82000,83800,80000,81700,375530,23.99
2019-01-04,80700,82000,80400,81300,133884,24.18
2019-01-07,82300,86200,82300,85600,226083,24.35
2019-01-08,85400,86200,83900,84000,74154,24.35
2019-01-09,84500,87000,84400,86600,105099,24.41
2019-01-10,86500,86800,84700,85700,165084,24.62
2019-01-11,86800,89800,86100,88800,224683,24.71
2019-01-14,88900,88900,86100,86500,196393,24.52
2019-01-15,87400,90900,86700,90100,232747,24.83
2019-01-16,90900,92800,90600,92500,249872,24.88
2019-01-17,92900,92900,91400,91700,168659,24.89
2019-01-18,92400,92400,91500,92400,123423,25.06
2019-01-21,92400,93000,90400,90900,201322,25.17
2019-01-22,90900,94100,90900,92200,160754,25.42
2019-01-23,91700,93300,91700,93000,109071,25.46
2019-01-24,93000,95400,92400,95400,161807,25.68
2019-01-25,95400,96900,95000,96100,220356,25.51
2019-01-28,95800,95800,91800,92800,398958,25.4
2019-01-29,92600,96000,92300,96000,316531,25.64
2019-01-30,98300,101000,98000,98200,582308,25.72
2019-01-31,101000,101000,96900,97500,265734,25.81
2019-02-01,98700,100500,98700,99500,238390,25.72
2019-02-07,100500,105000,100500,104500,363088,26.28
2019-02-08,103000,103500,101500,102000,159846,26.26
2019-02-11,102500,104500,101000,104500,202690,26.31
2019-02-12,104500,109000,104500,107000,373136,26.28
2019-02-13,109000,110500,106500,106500,242182,26.23
2019-02-14,108500,109000,103500,107500,233256,25.89
2019-02-15,106500,107000,103500,105000,138477,25.75
2019-02-18,106500,107500,105000,106500,155089,25.95
2019-02-19,106500,108500,106000,106500,82481,25.87
2019-02-20,107500,107500,106000,107000,88988,25.75
2019-02-21,106000,107000,101000,104000,240822,25.91
2019-02-22,103500,104000,100000,103500,228078,26.24
2019-02-25,104500,106500,103500,105500,131452,26.47
2019-02-26,104500,106000,103500,105500,63477,26.51
2019-02-27,106000,109500,105500,108500,199972,26.97
2019-02-28,109000,109000,107000,108000,207967,27.31
2019-03-04,108000,110000,106500,109000,195745,27.34
2019-03-05,109500,110000,108000,110000,126328,27.38
2019-03-06,110500,111000,107000,110000,118386,27.43
2019-03-07,110000,110000,107000,107500,104865,27.31
2019-03-08,107500,108500,107000,107000,102082,27.35
2019-03-11,107500,110500,107500,109000,95992,27.35
2019-03-12,110000,111500,105000,106000,159766,27.4
2019-03-13,105500,107500,105500,106500,69881,27.4
2019-03-14,107000,110000,106500,109000,235053,27.31
2019-03-15,109500,110000,104000,106000,216775,27.19
2019-03-18,105500,105500,99900,100000,319351,27.1
2019-03-19,99700,102000,99700,101000,139497,27.26
2019-03-20,100500,101000,97900,99500,208482,27.18
2019-03-21,99900,109000,99600,109000,485145,27.76
2019-03-22,110000,112500,107500,111000,241307,27.78
2019-03-25,108000,109500,106500,107500,77233,27.71
2019-03-26,108500,109500,107000,108000,61798,27.75
2019-03-27,109000,112000,107000,111500,171686,27.92
2019-03-28,111000,116500,109500,112500,358975,27.8
2019-03-29,114500,118000,113000,117500,367818,27.78
2019-04-01,117500,120500,117000,117500,158104,27.79
2019-04-02,117500,118000,115000,115000,129277,27.63
2019-04-03,115000,122000,115000,121500,352158,27.67
2019-04-04,121500,122500,119000,119500,155477,27.46
2019-04-05,120000,123000,120000,121500,211918,27.45
2019-04-08,121500,122000,116500,117000,147712,27.54
2019-04-09,116500,123000,116500,122500,215647,27.63
2019-04-10,122500,125500,120500,125500,197668,27.57
2019-04-11,125500,126500,124000,125000,129038,27.5
2019-04-12,124500,124500,120000,122000,193473,27.42
2019-04-15,122000,122000,119000,120500,121268,27.56
2019-04-16,121500,123500,119500,121500,70756,27.69
2019-04-17,121000,130500,120500,129500,472931,27.93
2019-04-18,129000,129000,125000,126500,129888,27.93
2019-04-19,126500,127000,124500,124500,71262,27.91
2019-04-22,125500,126000,117500,121000,252077,28.08
2019-04-23,121500,123500,117500,122000,141557,28.25
2019-04-24,125000,128000,119500,120500,365544,28.28
2019-04-25,120000,123000,119000,121000,122030,28.43
2019-04-26,119500,120500,118000,120000,147256,28.66
2019-04-29,120500,125000,119000,122000,174867,28.74
2019-04-30,122500,123500,120500,122500,103300,28.83
2019-05-02,126000,129000,125000,126000,314785,29.02
2019-05-03,126000,126000,121000,121000,185815,28.88
2019-05-07,118500,120000,117000,117500,107943,28.85
2019-05-08,115500,118000,114500,116000,125987,28.72
2019-05-09,115500,118000,111500,111500,203346,28.65
2019-05-10,112000,115500,110000,112500,119534,28.64
2019-05-13,111000,114500,109000,109500,93761,28.64
2019-05-14,107000,109500,105500,109000,214298,28.67
2019-05-15,109500,114000,109500,113000,101063,28.55
2019-05-16,111500,112500,106500,108000,139802,28.45
2019-05-17,108500,110500,106000,106000,100616,28.37
2019-05-20,106000,108000,103000,103000,162660,28.51
2019-05-21,101500,105000,101000,103000,173397,28.65
2019-05-22,104000,105500,102500,103500,84444,28.63
2019-05-23,104000,104500,96600,96600,364924,28.53
2019-05-24,95900,98400,95200,96300,131316,28.44
2019-05-27,95500,98000,95500,96900,84100,28.52
2019-05-28,96900,99300,96900,98700,168790,28.48
2019-05-29,98500,98500,96600,96800,81755,28.47
2019-05-30,96000,96200,91800,92800,353303,28.34
2019-05-31,92800,95500,92000,94700,172591,28.54
2019-06-03,93900,95300,92700,94800,117599,28.67
2019-06-04,95300,95300,92600,93800,124345,28.66
2019-06-05,96200,98400,94400,94800,200473,28.67
2019-06-07,95300,95400,93500,94200,79270,28.61
2019-06-10,94800,95700,94300,95700,89437,28.71
2019-06-11,95700,99100,95000,98500,179414,28.58
2019-06-12,98900,99400,97600,98500,108065,28.51
2019-06-13,98600,100500,96600,99700,124625,28.44
2019-06-14,101000,101000,97400,98100,162816,28.2
2019-06-17,98300,99400,97000,98100,72377,28.21
2019-06-18,99600,101500,99100,100500,213464,28.24
2019-06-19,104000,107000,103500,105500,443225,27.99
2019-06-20,106500,109500,105000,107500,200514,27.84
2019-06-21,108000,108500,103500,105000,133044,27.68
2019-06-24,104500,106000,102000,104500,98600,27.68
2019-06-25,105000,106500,103000,103500,120595,27.69
2019-06-26,102500,108000,102500,106500,148768,27.58
2019-06-27,106000,112500,106000,111000,253028,27.39
2019-06-28,111000,112000,107500,109000,136338,27.3
2019-07-01,113000,118500,112000,114000,262224,27.32
2019-07-02,113000,114500,111000,112500,89180,27.27
2019-07-03,113000,115000,110000,110000,122943,27.19
2019-07-04,112000,116000,112000,115500,164453,27.34
2019-07-05,115500,116000,111500,114000,155056,27.4
2019-07-08,113500,113500,108000,109500,189218,27.51
2019-07-09,107500,109500,104000,104500,252965,27.62
2019-07-10,105500,109000,105000,106500,132765,27.63
2019-07-11,107500,110000,107000,108000,201711,27.65
2019-07-12,108500,110500,106500,108500,67224,27.58
2019-07-15,109000,112000,109000,110000,104290,27.49
2019-07-16,111500,113500,111000,112000,124377,27.5
2019-07-17,111000,111000,107500,109000,89985,27.4
2019-07-18,109000,111000,108000,108000,59824,27.38
2019-07-19,110000,115000,110000,114500,185406,27.4
2019-07-22,114000,116000,113000,114500,82144,27.3
2019-07-23,116500,119000,114000,115000,171376,27.35
2019-07-24,117000,120000,115000,116000,296049,27.45
2019-07-25,116000,116500,112500,114000,95044,27.43
2019-07-26,114000,117500,112500,116500,124327,27.39
2019-07-29,116500,117000,111500,111500,90797,27.3
2019-07-30,111500,113000,108000,109000,140852,27.42
2019-07-31,109500,114000,109500,113000,177787,27.6
2019-08-01,111500,112000,108000,110500,113464,27.62
2019-08-02,106000,107000,100000,100000,445021,26.99
2019-08-05,100000,100500,96000,96000,201836,26.88
2019-08-06,91000,99800,90700,96500,214043,26.88
2019-08-07,95600,98400,94300,96400,124036,26.93
2019-08-08,98100,99700,95800,99700,165411,27.09
2019-08-09,100000,101000,98200,98200,118043,26.99
2019-08-12,98100,102500,97500,99300,108169,27.03
2019-08-13,98200,100000,98200,98900,71317,27.05
2019-08-14,108500,108500,104000,104500,366381,26.82
2019-08-16,104500,106500,103000,105500,140144,26.85
2019-08-19,106000,107000,104000,105500,72073,26.92
2019-08-20,106500,108000,102500,103500,159799,26.8
2019-08-21,103000,104500,102000,104000,62727,26.79
2019-08-22,104000,104500,99800,100000,158955,26.76
2019-08-23,99000,101500,98600,100500,139118,26.87
2019-08-26,96300,96500,92600,94400,418067,26.93
2019-08-27,96600,99400,96100,97800,236695,27.23
2019-08-28,98000,98700,96700,97300,109804,27.16
2019-08-29,97700,98400,94800,95300,162454,27.18
2019-08-30,97400,101000,96900,98500,294785,27.38
2019-09-02,98100,99900,97500,99100,84581,27.33
2019-09-03,99000,101000,97800,99900,131688,27.41
2019-09-04,99600,104500,99200,104500,188344,27.76
2019-09-05,105000,107000,103500,105000,196381,27.76
2019-09-06,107500,108000,102500,103000,161255,27.69
2019-09-09,104000,105000,98900,99000,329386,27.6
2019-09-10,99300,102500,99300,101000,226748,27.9
2019-09-11,101000,102000,100000,101000,220680,27.94
2019-09-16,101500,104000,101500,104000,139573,28.04
2019-09-17,104000,106000,103000,105500,158302,28.24
2019-09-18,106000,106000,102000,105000,152427,28.23
2019-09-19,105000,107500,104500,105000,169637,28.39
2019-09-20,105500,106500,104000,105500,84306,28.37
2019-09-23,105000,106000,104000,106000,97346,28.44
2019-09-24,106000,112500,105500,112000,259721,28.81
2019-09-25,112000,115000,110000,110000,247800,28.96
2019-09-26,112000,116000,111500,114000,233427,28.92
2019-09-27,115500,117000,113000,114500,158698,28.93
2019-09-30,114500,115000,111000,114000,132093,28.94
2019-10-01,115000,120000,114500,119500,284535,29.13
2019-10-02,118500,119000,116000,116000,129338,29.01
2019-10-04,115500,120000,113500,116500,213823,29.07
2019-10-07,118000,118500,113500,117000,124193,29.08
2019-10-08,117500,117500,113500,114000,205041,29.06
2019-10-10,114000,117500,113000,114000,191713,29.31
2019-10-11,116000,118000,115000,116000,151793,29.48
2019-10-14,118000,118500,115500,115500,104774,29.44
2019-10-15,116000,117500,115500,116500,78263,29.45
2019-10-16,118000,123000,117500,122000,283425,29.8
2019-10-17,123000,123500,119000,121500,140123,29.8
2019-10-18,122000,125000,122000,123000,174178,29.84
2019-10-21,123500,124500,121500,124500,96786,29.92
2019-10-22,124500,126500,122500,126000,134214,29.98
2019-10-23,127500,127500,124500,125500,167875,30.07
2019-10-24,125000,126000,123500,126000,96918,30.22
2019-10-25,126500,127500,125000,126500,86258,30.24
2019-10-28,127000,128000,126000,126000,104115,30.3
2019-10-29,127000,127500,126000,126500,84414,30.39
2019-10-30,127000,127500,119000,120000,464529,30.23
2019-10-31,121500,123000,120000,121000,143905,30.41
2019-11-01,121500,122000,120000,121500,105969,30.55
2019-11-04,122500,123500,121500,122500,69661,30.58
2019-11-05,122500,123500,121500,123000,102442,30.67
2019-11-06,123000,123000,121000,121000,96572,30.7
2019-11-07,120500,122500,120000,121000,84673,30.84
2019-11-08,122500,123000,121000,122500,75165,30.93
2019-11-11,122500,122500,118000,119000,115577,30.95
2019-11-12,119500,121000,118000,120500,60421,31.06
2019-11-13,120500,120500,118000,119000,65733,31.13
2019-11-14,119000,120500,118500,120000,98917,31.12
2019-11-15,119500,124000,119000,123500,113365,31.17
2019-11-18,123000,123500,120500,121000,78794,31.13
2019-11-19,120000,121500,118500,119500,86701,31.18
2019-11-20,119000,119000,116000,116500,123934,31.27
2019-11-21,117000,118500,115000,118000,142995,31.41
2019-11-22,118000,121000,117500,120500,121298,31.58
2019-11-25,120500,124500,120500,123500,180163,31.89
2019-11-26,124500,129500,124000,128000,331114,31.9
2019-11-27,128000,128500,125000,126000,91086,31.81
2019-11-28,125500,127000,124000,125000,82324,31.75
2019-11-29,125500,126500,121000,122000,131813,31.73
2019-12-02,122500,124000,122000,123000,74480,31.71
2019-12-03,121000,126500,120500,125000,148288,31.83
2019-12-04,123500,125500,121000,125500,153800,31.81
2019-12-05,126500,128000,123500,125000,118194,31.76
2019-12-06,125500,129500,125000,129000,182179,31.88
2019-12-09,130000,131000,129000,130500,113685,31.98
2019-12-10,130500,131500,128500,131000,117525,32.02
2019-12-11,130500,134000,130000,133500,183420,32.2
2019-12-12,134500,135500,133000,134500,240500,32.35
2019-12-13,135500,136500,132500,133000,151144,32.34
2019-12-16,133500,134500,131500,133000,116892,32.38
2019-12-17,132500,133500,129500,131500,169704,32.32
2019-12-18,131000,133000,129500,129500,131652,32.23
2019-12-19,131000,133500,130000,132000,161665,32.37
2019-12-20,132500,136500,132000,136000,172510,32.58
2019-12-23,137000,137000,133500,134500,93938,32.49
2019-12-24,134500,136000,133500,135500,69744,32.39
2019-12-26,135500,135500,132500,134500,76395,32.3
2019-12-27,134000,140000,132500,140000,164555,32.4
2019-12-30,140000,140000,138000,140000,68021,32.32
2020-01-02,140000,141500,138500,139000,102519,32.19
2020-01-03,141000,143000,138000,139500,111592,32.26
2020-01-06,138500,142500,136000,142000,110591,32.41
2020-01-07,142500,143000,139500,141000,144046,32.5
2020-01-08,139000,139500,135500,137500,239490,32.56
2020-01-09,139500,145500,139500,145500,293629,32.71
2020-01-10,146000,151000,145000,148500,195372,32.75
2020-01-13,148000,154000,147000,154000,201631,32.84
2020-01-14,154500,155000,150000,151000,171277,32.85
2020-01-15,150000,151500,146500,148000,220402,32.89
2020-01-16,147000,149000,146000,147500,123212,32.97
2020-01-17,149500,151000,147500,148500,115438,33.06
2020-01-20,149500,151500,147500,147500,124661,33.13
2020-01-21,148500,149500,147000,148000,89682,33.19
2020-01-22,148000,148500,145500,148000,110366,33.19
2020-01-23,147000,153500,146000,152500,173243,33.12
2020-01-28,147000,153000,146000,151500,234923,32.9
2020-01-29,154500,160000,154500,158000,388880,33.1
2020-01-30,160000,163500,154000,155500,360798,33.26
2020-01-31,156500,158500,151000,152000,245518,33.3
2020-02-03,149000,151000,142500,150500,353483,33.31
2020-02-04,148000,155000,147500,155000,350711,33.12
2020-02-05,156000,161000,151000,152000,311516,33.32
2020-02-06,154000,157500,151000,156000,218885,33.36
2020-02-07,153500,154500,150000,150500,218071,33.11
2020-02-10,148500,148500,144000,147000,259021,32.9
2020-02-11,149500,152500,148500,151000,216429,32.84
2020-02-12,151000,152000,149000,151000,142227,32.84
2020-02-13,153500,158000,152500,154000,331103,33.2
2020-02-14,156000,159000,153500,155000,187280,33.34
2020-02-17,155000,159000,153000,155500,151171,33.29
2020-02-18,154000,154000,148000,148500,365652,33.04
2020-02-19,149000,150500,145500,149500,220579,33.19
2020-02-20,151000,151500,146500,147000,212373,33.21
2020-02-21,144000,149500,143500,149000,143556,33.39
2020-02-24,145000,148000,143500,144000,164505,33.42
2020-02-25,143000,148000,142000,146500,220457,33.48
2020-02-26,142500,148500,140500,145000,168676,33.43
2020-02-27,143500,147500,142000,143500,157807,33.38
2020-02-28,139500,140500,128500,130000,551339,33.38
2020-03-02,130500,140500,129000,137500,358597,33.51
2020-03-03,143500,145000,136000,136000,321236,33.24
2020-03-04,132500,138500,132500,136000,204531,32.94
2020-03-05,140000,142500,138000,140000,313252,32.87
2020-03-06,138000,139000,135000,136000,154251,32.64
2020-03-09,132000,132500,124500,126000,368951,32.58
2020-03-10,123500,128500,122500,127500,489480,32.26
2020-03-11,127000,127000,120000,120500,314863,32.42
2020-03-12,117000,120000,111500,113000,468120,32.55
2020-03-13,105000,109500,100500,105500,783139,31.84
2020-03-16,106500,107000,96500,96500,546732,31.79
2020-03-17,92000,98500,90600,93700,469854,31.5
2020-03-18,94700,95300,83200,83200,579437,30.95
2020-03-19,86100,89400,75700,76300,485245,30.85
2020-03-20,80600,99100,78600,99100,847968,30.8
2020-03-23,92500,97000,86200,91300,656846,30.29
2020-03-24,95800,114500,94600,107500,1404434,29.42
2020-03-25,115000,126000,111000,113500,1082656,29.22
2020-03-26,113500,115000,107500,107500,614784,28.84
2020-03-27,114000,116000,103000,108500,656381,28.79
2020-03-30,104500,116000,104000,114000,433381,28.89
2020-03-31,117500,117500,111000,114000,403951,28.94
2020-04-01,114000,117500,108500,108500,421645,28.88
2020-04-02,111000,114500,107000,113000,371857,28.84
2020-04-03,115000,115000,109500,110000,270855,28.69
2020-04-06,112000,122500,111500,122000,575285,28.97
2020-04-07,126000,130000,123000,128500,573155,29.1
2020-04-08,129000,131500,126500,126500,330346,29.05
2020-04-09,129000,130000,123000,125000,343195,28.97
2020-04-10,124000,124000,119000,124000,335378,28.75
2020-04-13,123000,123000,117500,117500,276368,28.63
2020-04-14,120500,123500,120000,123000,253263,28.62
2020-04-16,121000,126000,120500,126000,248233,28.53
2020-04-17,129000,133500,128500,132500,526932,28.57
2020-04-20,129500,132000,128500,130000,275074,28.58
2020-04-21,130000,131000,125500,128000,255235,28.49
2020-04-22,126500,129500,123500,129500,252396,28.58
2020-04-23,130000,131500,128500,128500,192230,28.5
2020-04-24,128500,130500,126000,126000,151619,28.5
2020-04-27,127500,137500,127000,136000,462280,28.95
2020-04-28,136500,138500,134500,136500,309713,29.15
2020-04-29,136500,136500,131500,132000,382840,28.94
2020-05-04,128000,133000,127000,131500,211701,29.02
2020-05-06,133000,133000,129500,131500,226286,29.03
2020-05-07,130500,133500,130000,132500,174195,29.09
2020-05-08,134500,140500,133500,137500,463718,29.55
2020-05-11,139000,139500,136000,136000,201947,29.49
2020-05-12,136500,144000,136000,142000,379410,29.73
2020-05-13,139500,146000,139000,146000,246446,29.92
2020-05-14,145000,149000,143000,143000,369874,29.86
2020-05-15,145500,147500,142000,146000,175754,29.78
2020-05-18,145000,145000,136500,138500,444203,29.62
2020-05-19,142000,142500,138000,139500,227252,29.89
2020-05-20,139500,143500,139000,142000,215537,30.04
2020-05-21,143500,143500,139000,141000,191571,30.11
2020-05-22,141000,141000,136500,137500,187242,30.17
2020-05-25,138500,139000,134500,137500,122512,30.18
2020-05-26,138000,142000,138000,142000,232040,30.27
2020-05-27,141500,143000,139500,140500,199150,30.29
2020-05-28,141000,148500,140500,144000,465668,30.5
2020-05-29,145000,148000,143000,147500,342629,30.76
2020-06-01,147500,154000,146000,153000,319112,30.72
2020-06-02,152000,158000,150500,154000,279540,30.72
2020-06-03,157000,157000,152000,152000,208400,30.65
2020-06-04,153500,156000,151000,153000,186188,30.71
2020-06-05,153000,155500,151000,153500,173240,30.63
2020-06-08,156000,160000,154000,159500,233099,30.78
2020-06-09,160500,161500,155500,157500,145510,30.85
2020-06-10,159500,166000,159000,164500,339108,31.13
2020-06-11,165500,172000,164000,167000,460347,31.41
2020-06-12,159500,173000,158500,173000,335866,31.6
2020-06-15,171000,172500,159000,160000,272176,31.51
2020-06-16,166000,169500,163000,169500,217329,31.64
2020-06-17,172500,174500,164000,169500,245439,31.68
2020-06-18,167500,169500,165500,167000,102190,31.7
2020-06-19,169000,169000,162000,166500,172178,31.69
2020-06-22,163500,165500,161000,161000,192150,31.59
2020-06-23,164500,170000,162500,164000,281113,31.64
2020-06-24,166000,169500,163000,168000,214867,31.7
2020-06-25,165000,166500,162000,162500,152419,31.68
2020-06-26,165500,171500,162500,171500,296752,31.95
2020-06-29,168500,173000,166500,171500,195007,31.95
2020-06-30,174500,179000,173500,174500,333467,31.95
2020-07-01,176500,178500,173500,175000,143766,31.92
2020-07-02,176500,177000,172000,173000,100555,31.9
2020-07-03,172500,177500,172000,176000,109482,31.95
2020-07-06,177000,178500,172500,178500,137135,32.03
2020-07-07,180000,180000,175500,175500,131564,32.06
2020-07-08,175500,179000,173500,173500,185304,32.23
2020-07-09,174500,179500,173000,179500,171069,32.3
2020-07-10,180500,181000,174500,177000,126707,32.35
2020-07-13,179500,179500,172000,173500,214564,32.4
2020-07-14,173000,175000,171500,174000,131599,32.54
2020-07-15,174500,175000,168000,169000,219888,32.54
2020-07-16,168500,171000,161500,163500,246792,32.59
2020-07-17,164000,166000,163500,165000,126754,32.57
2020-07-20,167000,167000,159500,161000,234878,32.61
2020-07-21,162500,172000,161500,171000,440261,33.24
2020-07-22,171500,171500,163000,164500,326333,33.01
2020-07-23,167000,170000,159500,160500,510467,32.61
2020-07-24,158500,160500,155000,156000,287131,32.46
2020-07-27,156000,160000,156000,157000,182513,32.38
2020-07-28,159500,165000,159500,163000,292320,32.6
2020-07-29,162500,164500,160000,162000,149108,32.54
2020-07-30,164000,165000,162000,162000,114044,32.57
2020-07-31,165500,166500,161000,161000,165939,32.57
2020-08-03,161000,165500,161000,165000,210011,32.72
2020-08-04,167000,167000,163000,167000,192571,32.81
2020-08-05,167500,167500,162000,163000,253805,32.74
2020-08-06,163500,164500,161500,163000,182359,32.79
2020-08-07,164500,166500,163000,165000,264314,33.2
2020-08-10,165000,165000,158000,160500,321918,33.01
2020-08-11,161000,162500,157000,160000,195262,33.1
2020-08-12,159000,161500,158000,161500,192240,33.19
2020-08-13,163000,167500,162000,166000,438222,33.44
2020-08-14,166500,168000,161500,163500,169898,33.42
2020-08-18,162500,165000,151000,154500,418830,33.21
2020-08-19,154500,156000,152000,154500,153435,33.23
2020-08-20,153000,153500,143500,145000,325065,33.1
2020-08-21,148000,149000,143500,146500,171356,33.07
2020-08-24,148000,156000,145500,155000,228720,32.99
2020-08-25,156500,157000,149000,152000,267834,32.88
2020-08-26,151000,151000,147500,149500,177660,32.96
2020-08-27,149500,150000,146500,146500,114677,32.97
2020-08-28,147000,149000,146000,147000,101248,32.96
2020-08-31,147500,149000,144500,145000,128873,32.94
2020-09-01,145500,154500,141500,153500,322368,32.93
2020-09-02,158500,169000,158000,169000,818324,34.15
2020-09-03,168500,169000,162000,163000,269915,33.97
2020-09-04,155500,160500,155000,158000,270454,33.93
2020-09-07,160000,161000,156500,158500,116202,33.95
2020-09-08,160000,164500,160000,162000,194051,34.12
2020-09-09,161000,167500,160000,166000,333883,34.49
2020-09-10,169000,172500,165000,169500,481188,34.85
2020-09-11,168500,170000,166000,169500,173693,34.96
2020-09-14,171500,171500,168000,170000,111647,35.0
2020-09-15,171000,171000,166000,169500,174968,35.06
2020-09-16,171000,172000,167500,168500,127730,35.26
2020-09-17,167500,168000,161500,162000,210746,35.25
2020-09-18,161500,164500,160000,161500,287773,35.24
2020-09-21,160000,163000,156000,157500,166897,35.22
2020-09-22,159000,161000,154000,155000,157282,35.26
2020-09-23,156500,157500,152000,154500,155945,35.23
2020-09-24,152000,154000,146500,147500,175012,35.07
2020-09-25,149000,152000,146000,151500,121813,35.08
2020-09-28,154000,157500,153500,155500,106135,35.06
2020-09-29,158000,158500,153500,155000,118006,35.13
2020-10-05,155000,157000,153500,157000,90040,35.11
2020-10-06,158000,158500,156500,157000,107303,35.16
2020-10-07,157000,166500,155000,166000,261275,35.38
2020-10-08,167500,169000,164000,166000,230506,35.52
2020-10-12,167500,168000,161500,162000,117661,35.42
2020-10-13,166500,168500,162000,163000,195485,35.51
2020-10-14,166000,169000,162500,163000,224184,35.66
2020-10-15,163000,163500,156000,159500,127547,35.62
2020-10-16,158000,160000,155000,157000,90591,35.57
2020-10-19,158000,165000,157000,164000,195739,35.85
2020-10-20,162500,164500,160000,164500,107310,35.82
2020-10-21,165000,167000,162500,164000,127746,35.84
2020-10-22,163000,163000,157000,157500,144489,35.7
2020-10-23,160000,161000,156000,157500,88190,35.7
2020-10-26,157000,158500,152000,152500,119920,35.6
2020-10-27,152500,157500,150000,155000,113868,35.63
2020-10-28,155000,162500,154000,162000,159522,35.67
2020-10-29,158000,159500,155000,158000,120338,35.54
2020-10-30,157000,157000,152000,152000,144349,35.32
2020-11-02,152000,152000,148500,151000,97298,35.3
2020-11-03,152000,153000,150500,152000,98272,35.23
2020-11-04,154000,157500,152000,155500,170064,35.32
2020-11-05,156000,159000,155500,156000,134538,35.43
2020-11-06,157000,157000,151500,152500,121591,35.38
2020-11-09,154000,155500,153000,153500,96829,35.37
2020-11-10,154500,154500,150000,152000,159329,35.17
2020-11-11,151000,153000,150000,152500,124132,35.08
2020-11-12,153000,154000,151500,154000,134041,35.11
2020-11-13,153000,156000,151500,155500,137464,35.11
2020-11-16,157500,159500,156000,157500,186462,35.2
2020-11-17,156500,157000,153000,153000,180600,35.01
2020-11-18,153500,155500,152500,153500,113229,35.05
2020-11-19,155000,161500,154000,161000,360149,35.4
2020-11-20,161500,163500,159500,163000,186947,35.53
2020-11-23,164000,164000,161000,163000,164547,35.44
2020-11-24,162500,163000,160500,161500,193958,35.4
2020-11-25,162000,164000,158500,159000,213338,35.22
2020-11-26,160500,161000,157000,160000,94007,35.14
2020-11-27,158500,161000,158500,160500,140059,35.04
2020-11-30,161000,161500,155000,155000,313156,34.46
2020-12-01,156500,157500,154000,155000,193287,34.35
2020-12-02,157000,159500,155500,156500,215078,34.28
2020-12-03,158500,160500,156000,160500,195174,34.35
2020-12-04,164000,173000,162500,170500,829883,35.23
2020-12-07,172000,173000,163500,164000,385408,34.62
2020-12-08,164500,165500,162000,162500,209293,34.39
2020-12-09,164500,164500,161500,163500,157713,34.21
2020-12-10,163000,169000,161000,169000,273932,34.35
2020-12-11,167500,168500,163500,164500,264882,33.99
2020-12-14,165000,165000,161500,162500,133735,33.93
2020-12-15,163000,164000,161000,162500,133061,33.94
2020-12-16,169500,171500,166500,168000,423567,33.92
2020-12-17,166500,170500,166000,167000,233676,33.95
2020-12-18,168000,169000,165500,166000,138580,33.85
2020-12-21,167000,169500,164000,169500,173420,33.88
2020-12-22,170500,171000,164000,164000,167230,33.75
2020-12-23,166000,208500,161500,185000,3484070,34.04
2020-12-24,184500,185500,172000,174000,688721,33.82
2020-12-28,176500,186500,175500,180500,771237,33.81
2020-12-29,182000,190000,181000,183500,406603,33.53
2020-12-30,182500,183500,179500,182500,257042,33.45
2021-01-04,185500,196500,185000,192500,464216,33.31
2021-01-05,189500,191500,184000,188500,388129,33.02
2021-01-06,191500,192500,182000,182500,424225,32.94
2021-01-07,184000,191500,182500,188000,479823,33.02
2021-01-08,190000,198000,185000,193500,600020,33.05
2021-01-11,197000,201000,184000,188500,580791,32.91
2021-01-12,192000,192500,182000,187000,406147,32.73
2021-01-13,189500,193000,187000,189000,314286,32.47
2021-01-14,187500,191000,186000,189000,316009,32.19
2021-01-15,190000,191000,183500,185000,215907,32.12
2021-01-18,182000,185000,181000,182000,149560,32.11
2021-01-19,182000,189500,180000,188500,228725,32.26
2021-01-20,192000,205000,189000,205000,1109736,32.72
2021-01-21,205000,210000,199000,205500,711740,32.59
2021-01-22,207000,215000,200000,200000,496533,32.51
2021-01-25,203500,212000,202000,210500,461840,32.49
2021-01-26,221000,238000,219000,224500,1625867,32.64
2021-01-27,225500,227000,216000,220000,522506,32.3
2021-01-28,213500,214500,206000,209500,632490,31.93
2021-01-29,211500,213500,198500,200000,542741,31.78
2021-02-01,200000,207500,195500,207000,290111,31.69
2021-02-02,208000,211500,201500,202500,329292,31.49
2021-02-03,206000,215000,203500,214500,441969,31.51
2021-02-04,217500,218500,210000,212000,310813,31.34
2021-02-05,215000,216000,208000,211500,186972,31.2
2021-02-08,211000,212500,205000,207000,187887,31.16
2021-02-09,208000,211000,204000,204000,195818,31.03
2021-02-10,204500,214000,201000,212500,310647,31.19
2021-02-15,217500,218000,210000,211000,183852,31.03
2021-02-16,211000,213000,208000,211000,161047,30.96
2021-02-17,209500,217500,205000,217000,292302,30.89
2021-02-18,220000,222500,210500,212000,368998,30.77
2021-02-19,215000,230500,210000,230000,707031,31.07
2021-02-22,234500,235000,225000,225000,378942,30.91
2021-02-23,223500,229500,219000,220500,288361,30.93
2021-02-24,221000,223500,202000,204000,489849,30.91
2021-02-25,211500,214000,206000,208000,347498,30.85
2021-02-26,199500,203500,198000,199000,413677,30.43
2021-03-02,207000,207000,200500,203000,246761,30.46
2021-03-03,202500,210000,202000,209500,185300,30.63
2021-03-04,206000,212000,204500,211000,202665,30.58
2021-03-05,205000,209000,202000,207500,204028,30.5
2021-03-08,212000,217000,210000,210500,272992,30.5
2021-03-09,210500,211500,202000,206500,255952,30.42
2021-03-10,214000,220500,209500,210500,381872,30.46
2021-03-11,212000,215000,208500,211000,299731,30.46
2021-03-12,214500,222000,214000,218000,299513,30.57
2021-03-15,216500,221500,213500,217000,192660,30.48
2021-03-16,219500,225000,219000,221000,217323,30.5
2021-03-17,220000,220500,214000,217000,178665,30.43
2021-03-18,219000,220000,212500,213500,220459,30.36
2021-03-19,209000,213500,207000,211000,141441,30.42
2021-03-22,213000,214000,210000,211500,111425,30.41
2021-03-23,214000,216000,204500,205500,257086,30.4
2021-03-24,203000,207000,201500,203500,167205,30.31
2021-03-25,205500,208000,203000,204500,156215,30.2
2021-03-26,207500,208500,202500,205500,166262,30.14
2021-03-29,203500,204500,200000,200500,191280,30.13
2021-03-30,201000,210000,201000,205500,206592,30.19
2021-03-31,208000,212500,205500,205500,199471,30.05
2021-04-01,210500,210500,206500,209000,132923,30.05
2021-04-02,211500,211500,209000,210000,103217,30.04
2021-04-05,211000,211500,207500,209500,110654,30.01
2021-04-06,213500,216500,210500,212000,196372,30.16
2021-04-07,213000,216000,212000,213500,146766,30.12
2021-04-08,214000,214500,209000,209500,175623,30.06
2021-04-09,210000,213000,209000,210500,110037,30.1
2021-04-12,211000,211500,208000,208000,110220,30.01
2021-04-13,209000,216500,209000,212500,299509,30.08
2021-04-14,215500,218000,214500,217500,260996,30.31
2021-04-15,217000,219500,215000,218000,173767,30.3
2021-04-16,219500,219500,214500,217000,120072,30.27
2021-04-19,217000,219500,213500,216500,132684,30.24
2021-04-20,216000,218000,215500,217000,129606,30.29
2021-04-21,216500,220000,213500,215500,196322,30.32
2021-04-22,216500,216500,212000,212500,150293,30.21
2021-04-23,211000,214000,208500,212500,97586,30.23
2021-04-26,212000,217500,212000,217000,168870,30.31
2021-04-27,218000,218500,213000,214500,124041,30.24
2021-04-28,214000,214000,208500,211500,159534,30.24
2021-04-29,213000,214000,204000,206000,237301,30.15
2021-04-30,207000,207500,200000,201000,243581,30.05
2021-05-03,200500,202000,194500,194500,246810,29.98
2021-05-04,193500,196500,190000,195500,180690,29.82
2021-05-06,194000,197000,193000,195500,162571,29.65
2021-05-07,197000,204000,195500,201000,143824,29.71
2021-05-10,202500,204500,201000,201000,149281,29.61
2021-05-11,199000,199500,195500,197000,172171,29.58
2021-05-12,197500,198500,190000,191000,228707,29.56
2021-05-13,186500,192500,185500,189500,223880,29.7
2021-05-14,190000,197000,190000,195500,159213,29.77
2021-05-17,197500,198000,191000,192500,125233,29.7
2021-05-18,194000,195000,190500,193000,98797,29.65
2021-05-20,193500,193500,189000,190500,133217,29.56
2021-05-21,192500,197500,192500,193500,155141,29.54
2021-05-24,193500,194500,190000,190500,91169,29.5
2021-05-25,192000,196000,191000,196000,148116,29.56
2021-05-26,196000,198500,194000,198000,127152,29.6
2021-05-27,200500,204000,197000,202000,305506,29.69
2021-05-28,202500,204000,201500,201500,107501,29.55
2021-05-31,203500,204500,200000,204500,106813,29.73
2021-06-01,203500,204500,201500,203000,87600,29.68
2021-06-02,203000,206000,200000,202500,151717,29.77
2021-06-03,204000,211000,202500,210000,274241,30.0
2021-06-04,210000,215000,207500,213500,231251,30.16
2021-06-07,215500,217000,211000,213000,160184,30.19
2021-06-08,213500,214000,211000,213500,86000,30.23
2021-06-09,214000,216000,209000,209000,146244,30.26
2021-06-10,209000,211500,206500,210000,181524,30.42
2021-06-11,212000,215000,210500,211000,104583,30.37
2021-06-14,214500,220000,212000,219000,289796,30.61
2021-06-15,220000,228000,219500,224000,465740,31.08
2021-06-16,223000,224000,220000,220500,150799,30.9
2021-06-17,219000,227000,217000,225000,203262,30.96
2021-06-18,226500,233500,226500,227500,239868,31.02
2021-06-21,225500,230000,224000,226000,175111,31.0
2021-06-22,228500,229000,221500,225000,182776,31.08
2021-06-23,224000,224500,217000,220000,218947,31.14
2021-06-24,220500,232000,218000,231500,331091,31.48
2021-06-25,232000,232500,227000,227500,157581,31.48
2021-06-28,229000,229500,222500,225000,148828,31.46
2021-06-29,226000,226500,221500,222500,112233,31.48
2021-06-30,225000,229000,223000,223000,162586,31.46
2021-07-01,223500,229000,222500,226500,138502,31.47
2021-07-02,228000,228000,223000,223500,109638,31.35
2021-07-05,225000,229000,223000,229000,115707,31.37
2021-07-06,229500,231000,226500,227500,97446,31.34
2021-07-07,229000,235000,226500,232000,310213,31.37
2021-07-08,234000,239000,228500,228500,275938,31.3
2021-07-09,226500,229500,222500,227500,161949,31.29
2021-07-12,229000,229500,226000,228000,96166,31.21
2021-07-13,228500,229500,222000,223000,274210,31.04
2021-07-14,223000,227500,218500,223500,214307,31.15
2021-07-15,228000,242000,228000,240500,730449,31.73
2021-07-16,240500,244500,237000,241000,240091,31.69
2021-07-19,238000,245500,238000,240500,168245,31.64
2021-07-20,237000,242000,233500,235500,177715,31.55
2021-07-21,238000,241000,233000,234000,113058,31.48
2021-07-22,235500,236500,233000,234500,98349,31.47
2021-07-23,234500,236000,231000,233000,93681,31.41
2021-07-26,233000,235000,231000,231500,116659,31.47
2021-07-27,232000,236000,231000,231500,108355,31.36
2021-07-28,230500,232000,222500,225500,227191,31.14
2021-07-29,226000,231000,223500,229500,214980,31.09
2021-07-30,230000,230500,223500,227000,204387,31.08
2021-08-02,227500,229000,223000,224500,90042,31.12
2021-08-03,223500,227000,221000,223500,144390,31.15
2021-08-04,225500,229000,223000,226000,144247,31.09
2021-08-05,227000,228000,221500,223500,194866,30.88
2021-08-06,224000,224500,220500,222000,122533,30.83
2021-08-09,222500,222500,219500,220000,99794,30.78
2021-08-10,220500,221000,215500,217000,141514,30.74
2021-08-11,217000,217500,212500,213000,146517,30.71
2021-08-12,211500,214500,209000,209000,201746,30.78
2021-08-13,211000,217000,209000,213000,223834,30.77
2021-08-17,212500,213000,203000,204000,200336,30.68
2021-08-18,204000,212000,202500,210000,199086,30.59
2021-08-19,207000,211000,201000,201000,192847,30.38
2021-08-20,203000,204000,193500,195000,259678,30.15
2021-08-23,197000,200000,193000,195500,168458,30.02
2021-08-24,200000,210000,198500,208000,343713,29.84
2021-08-25,210000,210000,205000,207000,89070,29.7
2021-08-26,207500,211500,205500,206500,110853,29.63
2021-08-27,207500,208000,201500,204500,142321,29.47
2021-08-30,207000,210000,204500,208000,144073,29.35
2021-08-31,213000,216500,211000,215000,289730,29.19
2021-09-01,218500,221500,216000,217500,210023,29.11
2021-09-02,217500,217500,209500,212000,191905,28.89
2021-09-03,217500,241000,213000,225500,1236071,28.86
2021-09-06,228000,232000,223500,226500,371944,28.62
2021-09-07,228500,230500,225000,226500,211575,28.65
2021-09-08,227000,232500,226000,229500,250666,28.74
2021-09-09,228500,230500,218000,221500,365175,28.81
2021-09-10,223000,231000,222000,230000,369558,28.83
2021-09-13,229500,231000,224500,227000,202143,28.68
2021-09-14,231000,233000,226500,227500,195050,28.5
2021-09-15,225000,225500,215000,215500,455847,28.36
2021-09-16,217000,217500,208000,209000,328060,28.3
2021-09-17,212500,217000,209000,216000,318318,28.05
2021-09-23,214500,217000,211500,215500,184321,28.04
2021-09-24,219500,224000,216500,217000,309523,27.99
2021-09-27,218500,223000,215000,220500,232159,28.02
2021-09-28,220000,220500,210500,211500,327717,27.75
2021-09-29,205000,209000,203500,207500,241079,27.69
2021-09-30,206000,211500,202000,208500,221979,27.48
2021-10-01,207000,208500,202500,204000,122196,27.43
2021-10-05,199000,200000,193500,196000,224107,27.2
2021-10-06,198500,201000,190500,190500,214345,27.11
2021-10-07,196000,196000,189000,190500,390032,26.75
2021-10-08,195500,202500,194000,197000,382259,26.62
2021-10-12,196500,196500,192500,193000,178929,26.65
2021-10-13,187500,191000,181000,190500,476765,26.54
2021-10-14,191500,196000,190500,194000,256237,26.6
2021-10-15,202000,205500,200000,202000,286795,26.54
2021-10-18,204500,205000,199500,200500,141597,26.48
2021-10-19,202500,203500,195500,197000,244154,26.43
2021-10-20,199000,199500,194000,194000,176927,26.41
2021-10-21,195000,197000,193500,194500,168033,26.27
2021-10-22,193500,198000,193500,197000,170976,26.27
2021-10-25,197000,201000,195000,200500,160527,26.33
2021-10-26,201500,204500,200000,201500,130549,26.31
2021-10-27,202000,207000,200500,206000,202884,26.48
2021-10-28,207500,213000,206000,209500,298733,26.36
2021-10-29,213000,213000,204500,209500,348909,26.15
2021-11-01,210000,214000,207500,213500,211315,26.3
2021-11-02,215000,222000,214000,215000,297855,26.53
2021-11-03,217000,217000,211500,211500,159463,26.58
2021-11-04,213500,218500,213500,216500,144738,26.62
2021-11-05,217500,219500,211000,214500,143552,26.65
2021-11-08,215000,220000,211500,216500,151059,26.57
2021-11-09,216000,218500,212500,213500,126974,26.6
2021-11-10,212500,220500,211500,217000,213881,26.7
2021-11-11,216000,234000,215000,230500,560237,26.91
2021-11-12,234000,244000,231500,242000,460852,26.96
2021-11-15,245500,262500,244000,257000,655553,26.75
2021-11-16,257000,271000,255500,269000,620274,26.98
2021-11-17,273500,279500,267000,271000,496433,27.06
2021-11-18,267500,285000,266500,285000,509729,27.33
2021-11-19,290000,295000,280500,288000,416887,27.15
2021-11-22,293000,298500,282500,285500,490937,27.41
2021-11-23,281500,282000,270500,278000,484901,27.78
2021-11-24,280000,296000,279000,291000,547115,27.7
2021-11-25,296000,301500,288500,294000,307628,27.51
2021-11-26,296500,306000,290500,294500,407223,27.59
2021-11-29,286000,299500,286000,292500,360251,27.7
2021-11-30,297500,322500,297000,304500,880385,27.47
2021-12-01,318000,318500,295000,314000,674812,27.35
2021-12-02,307500,311500,274000,287500,1284149,26.76
2021-12-03,282500,302000,282000,294000,640103,27.29
2021-12-06,289500,298500,283500,294500,411357,27.36
2021-12-07,294500,294500,279500,283000,484398,27.01
2021-12-08,289000,296500,284500,288000,352129,27.25
2021-12-09,292000,306500,288500,300000,690032,27.1
2021-12-10,299500,313500,297500,305000,400308,26.82
2021-12-13,309000,319000,305000,313000,417699,26.6
2021-12-14,308000,309500,296000,302500,482455,26.36
2021-12-15,302000,332000,300000,331500,746368,26.41
2021-12-16,332000,336000,326500,332000,435245,26.17
2021-12-17,326500,330500,321000,326500,442173,26.05
2021-12-20,324000,333000,313500,317000,428041,26.2
2021-12-21,321000,342000,320500,335500,663620,26.38
2021-12-22,337500,340000,330000,335500,390432,26.2
2021-12-23,339500,363000,339500,361500,782791,26.52
2021-12-24,358000,364500,351000,361000,514428,26.34
2021-12-27,357500,360500,351000,356000,331645,26.29
2021-12-28,356000,368500,355500,359500,541714,26.31
2021-12-29,363000,375000,354000,368000,492025,26.34
2021-12-30,368000,371000,361000,364000,249963,26.29
2022-01-03,366000,373500,358000,370500,313306,26.48
2022-01-04,371000,374000,347000,349000,700324,26.0
2022-01-05,347000,350000,336500,347000,628438,26.11
2022-01-06,339500,353500,329500,329500,623536,26.11
2022-01-07,332000,349500,332000,337000,574851,26.3
2022-01-10,333500,334500,321500,331000,402745,26.42
2022-01-11,330000,335500,324500,326500,374126,26.25
2022-01-12,334500,350000,329000,344500,679621,25.88
2022-01-13,348000,365000,346500,352500,800469,25.49
2022-01-14,363500,398500,360000,384500,1731987,25.39
2022-01-17,375000,376500,355000,359000,1009998,24.58
2022-01-18,361500,371000,355500,358000,588591,24.49
2022-01-19,349000,374000,348500,371500,726924,24.53
2022-01-20,376000,384500,372500,375500,518997,24.13
2022-01-21,365500,376000,359000,363000,569231,24.19
2022-01-24,360000,369000,357500,360000,434619,24.12
2022-01-25,363500,365000,343000,349000,484678,24.02
2022-01-26,350000,352000,329000,330500,854777,23.7
2022-01-27,341500,347000,327000,331000,789909,23.32
2022-01-28,339000,358000,335000,353500,820861,23.33
2022-02-03,366000,367500,351000,351500,503268,22.8
2022-02-04,350000,356000,333000,348500,722911,22.61
2022-02-07,345000,348000,331000,335000,502242,22.75
2022-02-08,335000,340500,324500,326000,580204,22.73
2022-02-09,333000,342500,333000,336500,458911,22.8
2022-02-10,342000,342000,324000,326500,473361,22.8
2022-02-11,319500,325500,312000,321000,485837,23.1
2022-02-14,313500,322500,313500,315000,284827,23.2
2022-02-15,318500,321000,311000,313500,305520,23.21
2022-02-16,321500,322000,313500,317000,304597,22.98
2022-02-17,320500,333000,319000,325000,593979,23.22
2022-02-18,320000,331000,320000,325000,273608,23.17
2022-02-21,320500,320500,311000,319500,403175,23.15
2022-02-22,311000,318000,307000,315000,408789,23.25
2022-02-23,321500,335000,319000,335000,529272,23.31
2022-02-24,329000,335000,322000,323000,425622,22.98
2022-02-25,330000,337500,325000,327000,316697,22.83
2022-02-28,323000,327500,320000,327000,321008,22.93
2022-03-02,324500,325500,320000,320500,218457,22.82
2022-03-03,325500,346000,324000,345000,638212,22.88
2022-03-04,344000,348000,334000,337500,425168,22.63
2022-03-07,332000,341500,331500,338500,370066,22.65
2022-03-08,333500,356000,333000,346000,566024,22.85
2022-03-10,356000,359500,350000,353000,382742,22.81
2022-03-11,352500,356500,345500,351000,276636,23.14
2022-03-14,350000,351000,333000,339500,501686,23.37
2022-03-15,337000,346000,336000,341000,304294,23.45
2022-03-16,348000,363500,346000,362500,571641,23.81
2022-03-17,371000,374500,366000,370000,414725,24.11
2022-03-18,372500,384000,371000,382000,482944,24.57
2022-03-21,384500,408000,384500,405000,677205,25.32
2022-03-22,403000,413500,399000,411500,357711,25.55
2022-03-23,414500,414500,397000,398500,462203,25.63
2022-03-24,399500,406000,394000,406000,290581,25.85
2022-03-25,406000,410000,402000,403000,200568,25.91
2022-03-28,400000,409500,386000,391000,402101,26.18
2022-03-29,393500,396000,381000,391500,428695,26.2
2022-03-30,394500,397000,382000,387000,298409,26.29
2022-03-31,386500,389000,382000,387000,213422,26.29
2022-04-01,385500,392500,382500,384500,212220,26.24
2022-04-04,387000,387000,382500,385000,137776,26.17
2022-04-05,389500,396500,378000,378000,386099,25.71
2022-04-06,373000,380500,372000,374500,194368,25.74
2022-04-07,374000,386000,372500,376500,369821,25.76
2022-04-08,378500,385500,375500,381500,242753,25.61
2022-04-11,382000,384000,366000,368500,319718,25.7
2022-04-12,364500,372500,364000,369500,200780,25.8
2022-04-13,373500,380500,367000,373500,267342,25.69
2022-04-14,381000,405000,376500,399000,898018,26.16
2022-04-15,395500,401500,393500,398500,216595,26.07
2022-04-18,397000,398000,389000,393000,153967,25.85
2022-04-19,395500,399000,386500,391500,225743,25.71
2022-04-20,392500,395000,388000,391000,192804,25.72
2022-04-21,393000,395500,387000,388000,185792,25.8
2022-04-22,385000,391000,380000,389500,234461,25.95
2022-04-25,384500,384500,372000,372500,299253,25.89
2022-04-26,377500,379000,369000,370500,213575,25.78
2022-04-27,360500,369500,353500,368000,299492,25.76
2022-04-28,371500,372000,345000,350000,615972,25.22
2022-04-29,351500,355000,343000,349000,376307,25.19
2022-05-02,341500,348000,339500,346000,263283,25.25
2022-05-03,346500,348000,341000,344000,174589,25.14
2022-05-04,347500,351000,342500,343500,202752,25.07
2022-05-06,338500,342000,335000,336000,212528,25.16
2022-05-09,334500,338500,331500,332000,177629,25.22
2022-05-10,329000,341000,326000,338500,344966,25.09
2022-05-11,338500,341500,334500,341000,190519,24.89
2022-05-12,333500,337000,327000,328500,283293,24.89
2022-05-13,330000,338500,330000,335500,195492,24.9
2022-05-16,340500,350500,337500,340000,248550,24.87
2022-05-17,342500,343500,335500,343000,123255,24.82
2022-05-18,348500,353500,347000,352000,282730,24.94
2022-05-19,341000,344500,339000,340000,220503,24.74
2022-05-20,341500,347000,337000,345000,167471,24.76
2022-05-23,356000,369500,356000,367000,475579,24.94
2022-05-24,368000,368500,356000,357000,230514,24.98
2022-05-25,364500,383000,363500,379500,545845,25.38
2022-05-26,376500,380500,372500,373500,265606,25.4
2022-05-27,380000,381000,369000,371000,205435,25.33
2022-05-30,378000,383500,376000,377500,191463,25.48
2022-05-31,381000,385000,376000,385000,222888,25.73
2022-06-02,380500,393000,378500,389000,230437,25.88
2022-06-03,393500,393500,385500,388000,135396,25.94
2022-06-07,387500,390500,382000,390000,204710,26.26
2022-06-08,386500,387000,372000,377500,252217,26.31
2022-06-09,374500,381000,373000,376500,202570,26.52
2022-06-10,380500,392000,378000,378000,285552,26.57
2022-06-13,368500,380000,365500,372500,185547,26.58
2022-06-14,370000,376000,365500,375500,180668,26.59
2022-06-15,375000,378500,361500,364500,225647,26.58
2022-06-16,371000,384500,370000,371000,213233,26.75
2022-06-17,367500,373500,358500,370500,245182,26.55
2022-06-20,372500,372500,359000,361500,144938,26.46
2022-06-21,364000,367500,353000,363500,154341,26.44
2022-06-22,367000,371000,342000,342000,286451,26.39
2022-06-23,339000,345000,329500,331000,293759,26.49
2022-06-24,336500,349500,335500,345000,190571,26.49
2022-06-27,349500,352000,343000,348500,146419,26.36
2022-06-28,349000,355500,347500,354000,126770,26.29
2022-06-29,349000,359000,348500,356500,135874,26.36
2022-06-30,359500,359500,342500,342500,162503,26.4
2022-07-01,346000,353000,336500,341000,206458,26.46
2022-07-04,340500,341000,323000,328000,220652,26.67
2022-07-05,335000,355500,334500,351500,308557,26.72
2022-07-06,350500,354000,343500,344500,173609,26.62
2022-07-07,349500,359500,337000,340500,276815,26.52
2022-07-08,346000,346000,335500,338000,199666,26.41
2022-07-11,339000,346000,337000,338500,149843,26.43
2022-07-12,336000,337000,327000,328500,185674,26.33
2022-07-13,330000,340500,327500,337500,170746,26.39
2022-07-14,334000,341000,333000,339500,134285,26.39
2022-07-15,342500,346500,331500,341000,301214,26.17
2022-07-18,346000,349500,340500,345000,219395,26.1
2022-07-19,336000,336500,324500,328500,548007,25.45
2022-07-20,337000,340500,333500,337000,322923,25.84
2022-07-21,338500,342000,336000,341500,175830,25.98
2022-07-22,340000,350500,339000,343500,214342,26.08
2022-07-25,342500,346500,341000,344000,81878,26.03
2022-07-26,345500,351000,340500,350000,120557,26.08
2022-07-27,350500,353500,346000,352500,155794,26.13
2022-07-28,362500,371000,355500,356500,421684,26.42
2022-07-29,368500,371500,360500,363000,250525,26.59
2022-08-01,364500,364500,357000,357500,134772,26.52
2022-08-02,359500,362000,355000,360500,113237,26.62
2022-08-03,359500,362000,348500,354500,200200,26.5
2022-08-04,358500,359500,350500,352000,141643,26.44
2022-08-05,353000,356000,349500,350500,126756,26.3
2022-08-08,350000,350500,342500,349000,153021,26.26
2022-08-09,348500,349500,338500,341000,222487,26.04
2022-08-10,340500,343000,333000,333000,210793,25.85
2022-08-11,339000,344000,337500,340500,265723,25.66
2022-08-12,343000,352500,342000,351000,305926,25.78
2022-08-16,353500,355500,349500,351000,164044,25.87
2022-08-17,351500,353000,347000,349500,99457,25.89
2022-08-18,350000,354000,345000,347000,135878,25.89
2022-08-19,347000,347500,337500,338500,185526,25.81
2022-08-22,332000,335000,331500,333000,160655,25.62
2022-08-23,330000,333500,323000,324000,206602,25.38
2022-08-24,328000,330500,324000,326000,146755,25.23
2022-08-25,340500,344000,331000,341500,585147,24.98
2022-08-26,339000,354500,339000,343000,309713,25.26
2022-08-29,328000,332500,325500,326500,285650,24.97
2022-08-30,329500,336000,325500,335500,176459,24.88
2022-08-31,331500,346000,329500,344000,279146,24.98
2022-09-01,340000,347000,335500,336000,206970,24.9
2022-09-02,339000,349000,337500,345500,271088,25.22
2022-09-05,345000,346000,335000,338000,231809,25.1
2022-09-06,339500,340000,333000,336000,173716,24.83
2022-09-07,333500,334000,328500,332000,197612,24.87
2022-09-08,337500,344000,335000,337500,230500,24.99
2022-09-13,349500,365500,348000,364000,602202,25.64
2022-09-14,349500,351000,343000,348000,465642,25.14
2022-09-15,351000,356500,343500,344000,305198,24.97
2022-09-16,339500,340500,328500,332500,411837,24.39
2022-09-19,332500,340000,330500,334000,206218,24.58
2022-09-20,342000,350000,341500,343500,328944,24.82
2022-09-21,344000,346500,339000,343500,142270,24.71
2022-09-22,339000,355500,339000,355000,297636,25.13
2022-09-23,353000,358000,343500,344500,226076,25.06
2022-09-26,338500,340000,323000,324500,361562,24.55
2022-09-27,320000,320500,294500,309500,902496,24.39
2022-09-28,308500,313000,276500,277000,1053071,24.08
2022-09-29,284500,288000,275000,275000,560303,24.11
2022-09-30,263000,277000,262500,273500,488377,24.24
2022-10-04,280500,285000,276500,284000,324515,24.33
2022-10-05,294500,295000,280000,282500,348789,24.22
2022-10-06,287000,301500,284500,299000,364435,24.58
2022-10-07,294500,301500,292000,295500,322166,24.69
2022-10-11,287000,290500,283500,288000,205338,24.85
2022-10-12,286000,293500,279000,284000,247599,24.64
2022-10-13,285000,287500,280000,280000,289230,24.76
2022-10-14,288000,292500,286000,287000,211784,24.8
2022-10-17,280500,291000,280000,291000,171896,24.9
2022-10-18,298000,298500,285500,290500,260173,24.61
2022-10-19,289000,289500,273500,279000,418309,24.26
2022-10-20,281500,284000,276000,277000,245350,24.18
2022-10-21,277000,282500,277000,277500,157500,24.28
2022-10-24,283500,289000,283000,286000,254887,24.37
2022-10-25,288000,294500,287000,293000,203127,24.43
2022-10-26,295000,295500,285000,285500,210363,24.28
2022-10-27,291000,291500,281500,287000,351177,23.86
2022-10-28,283500,294500,283500,287500,352766,23.67
2022-10-31,298500,305000,293500,296500,556958,23.62
2022-11-01,293000,295500,285500,288000,391750,23.31
2022-11-02,285500,290000,284000,288000,211368,23.39
2022-11-03,281000,284500,278000,283000,246178,23.35
2022-11-04,278000,292500,268500,284000,680849,23.34
2022-11-07,279500,285500,273000,285000,317337,23.31
2022-11-08,288500,295000,287000,293000,365056,23.7
2022-11-09,295000,298000,291000,292000,276674,23.85
2022-11-10,287000,292500,286000,287500,202632,24.05
2022-11-11,303000,320000,299000,319500,717419,24.69
2022-11-14,320000,321500,315500,316000,265793,24.67
2022-11-15,318000,327000,317500,324000,247322,24.73
2022-11-16,325500,327500,315500,318000,235581,24.71
2022-11-17,314000,315000,307500,310500,167231,24.76
2022-11-18,312500,319500,307500,307500,192415,24.77
2022-11-21,310500,311500,305500,308500,157025,24.56
2022-11-22,304500,307500,300500,303000,139025,24.57
2022-11-23,306000,308500,300500,301500,152171,24.44
2022-11-24,302500,304000,297000,302500,174549,24.48
2022-11-25,302500,303000,298500,299500,153477,24.54
2022-11-28,300500,310000,299000,304500,276414,24.73
2022-11-29,301500,301500,293500,299000,280781,24.66
2022-11-30,301000,312500,295500,310500,507156,25.08
2022-12-01,318500,324500,313000,313500,287790,25.26
2022-12-02,312500,313000,308000,309500,201429,25.44
2022-12-05,308500,309000,296000,298000,380806,24.89
2022-12-06,294000,294500,283500,284500,364513,24.35
2022-12-07,285000,286000,279500,286000,219770,24.19
2022-12-08,281000,284000,276500,282000,287191,24.0
2022-12-09,283500,287000,281000,286500,218845,24.02
2022-12-12,284000,284000,278500,282000,136866,23.95
2022-12-13,283500,284500,278500,282000,155066,23.89
2022-12-14,283000,291500,282500,291500,173580,24.05
2022-12-15,288000,290500,285500,286500,90036,24.05
2022-12-16,279500,282000,278000,280500,213739,23.84
2022-12-19,281500,283000,278500,281000,87398,23.87
2022-12-20,279000,280000,275500,277500,115226,23.83
2022-12-21,278500,279000,272500,276500,140226,23.62
2022-12-22,278500,285000,277000,279500,246433,23.51
2022-12-23,275000,276500,272500,274000,150134,23.41
2022-12-26,279500,281500,272500,273000,277716,23.35
2022-12-27,273500,275000,269000,271000,227336,23.38
2022-12-28,269000,270000,262500,263500,232073,23.3
2022-12-29,259000,259500,249000,252500,308631,23.35
2023-01-02,252500,257000,252500,253000,111447,23.39
2023-01-03,254500,266500,249500,265500,246222,23.7
2023-01-04,256500,268500,253000,265500,254054,23.68
2023-01-05,267000,269000,262000,264000,161298,23.67
2023-01-06,263500,274000,262500,272000,216731,23.74
2023-01-09,276000,276000,268000,272000,313223,23.65
2023-01-10,271500,280000,269500,275500,222830,23.77
2023-01-11,276500,279000,274500,278000,197903,23.81
2023-01-12,279500,280000,276000,277500,189705,23.88
2023-01-13,277500,280000,273500,274500,165844,23.94
2023-01-16,275500,279000,274000,278000,150952,24.11
2023-01-17,277500,285000,275500,280000,235952,24.28
2023-01-18,279500,284500,276000,283500,174301,24.34
2023-01-19,279500,281000,275000,277000,201798,24.2
2023-01-20,275000,276000,270000,276000,206972,24.2
2023-01-25,278500,281500,273500,281000,282252,24.13
2023-01-26,278000,281000,274000,277500,352973,24.03
2023-01-27,279000,285000,277500,284000,247364,24.33
2023-01-30,284500,284500,275000,275500,240432,24.08
2023-01-31,274000,277500,270500,271500,210710,23.9
2023-02-01,272500,275000,271000,272000,151282,23.99
2023-02-02,276000,279500,275000,277500,272483,23.89
2023-02-03,276000,280500,274000,280000,168280,23.94
2023-02-06,281000,286000,278000,280000,208745,23.67
2023-02-07,278500,280000,274500,277500,191583,23.54
2023-02-08,280000,295000,279500,292000,460294,23.87
2023-02-09,288000,291500,285000,291500,271467,23.62
2023-02-10,288000,289000,283500,284500,219633,23.55
2023-02-13,282000,282000,276500,277500,172768,23.4
2023-02-14,280000,285000,279500,281000,146858,23.42
2023-02-15,283500,284000,275500,275500,164574,23.35
2023-02-16,277500,291000,277000,290000,303423,23.7
2023-02-17,285000,292000,285000,288500,140363,23.78
2023-02-20,288000,296000,285000,294500,229385,23.81
2023-02-21,294500,296000,291000,293500,163684,23.75
2023-02-22,287000,290000,283500,286000,204897,23.76
2023-02-23,289000,291500,287000,290500,146833,23.8
2023-02-24,289000,290500,281500,283000,220184,23.53
2023-02-27,278000,283500,277000,283500,115780,23.6
2023-02-28,284000,284000,277000,277000,216724,23.33
2023-03-02,277000,278000,271000,271500,275812,23.03
2023-03-03,274000,276000,269000,270500,205224,22.93
2023-03-06,274000,282500,271000,281500,353560,23.26
2023-03-07,281500,281500,276000,279000,173710,23.16
2023-03-08,275000,277000,272000,273500,167696,23.03
2023-03-09,275000,276500,272000,272500,259033,22.72
2023-03-10,269000,271500,263000,265500,214275,22.45
2023-03-13,264500,269500,263500,268000,147413,22.43
2023-03-14,268000,268000,256000,256000,234044,22.19
2023-03-15,262000,262000,251000,252000,237908,21.97
2023-03-16,251000,256500,248000,253000,181290,22.01
2023-03-17,257000,261000,253500,253500,203507,21.94
2023-03-20,253500,257000,253000,253500,107671,21.91
2023-03-21,255000,255500,249000,250000,208332,21.71
2023-03-22,252500,253000,249000,252500,169904,21.77
2023-03-23,250000,254500,248500,250000,274986,21.53
2023-03-24,249000,260000,248500,258000,328774,21.68
2023-03-27,261500,266500,255500,266000,293772,21.92
2023-03-28,264500,270000,262500,267500,211814,21.97
2023-03-29,268000,272500,266500,269000,136100,21.86
2023-03-30,272500,275000,270000,271000,231281,21.81
2023-03-31,272000,274000,269000,270500,161597,21.87
2023-04-03,273000,273000,267000,271500,215759,21.96
2023-04-04,272000,272000,264000,265000,173038,21.83
2023-04-05,264500,269000,264500,267000,126828,21.82
2023-04-06,265000,267000,254000,255000,306612,21.55
2023-04-07,257000,258000,253500,255500,259746,21.28
2023-04-10,257000,261500,255500,261000,193878,21.43
2023-04-11,260000,260500,256000,257000,276952,21.21
2023-04-12,257500,265500,255000,264500,272375,21.45
2023-04-13,261500,264500,260000,261500,183994,21.25
2023-04-14,266000,266500,261000,261500,167550,21.22
2023-04-17,261000,261500,258000,259000,141325,21.18
2023-04-18,258000,258500,253500,257000,176153,21.07
2023-04-19,259500,260500,255500,258500,123512,21.05
2023-04-20,257500,258500,254000,254500,133748,20.87
2023-04-21,255000,266500,251000,264500,290104,21.04
2023-04-24,263500,265000,259000,262000,193503,20.9
2023-04-25,262000,264500,254000,257500,196704,20.75
2023-04-26,256500,262500,254500,257500,141728,20.82
2023-04-27,258500,268000,258500,265500,393736,20.95
2023-04-28,266000,267000,262500,264500,146324,20.94
2023-05-02,263000,266500,261000,264000,100515,20.86
2023-05-03,261500,265000,259000,264000,126780,20.68
2023-05-04,261500,263500,256000,259500,155941,20.48
2023-05-08,264000,278000,264000,273500,553683,21.15
2023-05-09,273500,274000,267500,270500,182433,21.08
2023-05-10,268500,273000,266000,271500,144980,21.05
2023-05-11,273000,273500,268500,270500,151384,20.94
2023-05-12,271500,286000,269000,281000,487580,21.18
2023-05-15,281500,281500,276000,278000,169217,21.04
2023-05-16,278000,280500,267500,279000,318537,20.88
2023-05-17,279000,288000,277500,286500,269303,20.99
2023-05-18,287000,289500,284500,288000,147549,20.96
2023-05-19,289000,294500,289000,293000,228890,21.07
2023-05-22,291500,293500,288000,289000,129237,20.94
2023-05-23,289000,290000,284000,287500,98955,20.91
2023-05-24,284500,288000,282000,287500,94458,20.94
2023-05-25,288500,289500,286500,287000,96089,20.93
2023-05-26,288000,294000,288000,289000,130463,20.97
2023-05-30,293500,309000,293000,308500,457255,21.52
2023-05-31,310500,313500,305000,307000,257381,21.71
2023-06-01,304000,307500,301000,304000,147689,21.64
2023-06-02,309500,314500,307500,310500,211075,21.71
2023-06-05,313000,313500,307000,308000,173869,21.59
2023-06-07,303000,305500,296000,302000,269034,21.39
2023-06-08,302500,304500,298500,303000,175728,21.36
2023-06-09,305000,313000,303000,311000,233734,21.5
2023-06-12,311500,313000,307000,308500,125791,21.54
2023-06-13,312000,313500,307500,308000,126059,21.57
2023-06-14,309500,309500,301000,305500,161971,21.54
2023-06-15,307000,318000,305000,317000,243535,21.62
2023-06-16,319500,321000,311000,313500,157009,21.44
2023-06-19,313000,316500,310000,314500,100662,21.43
2023-06-20,313500,315000,307000,313000,98612,21.4
2023-06-21,313000,313000,306500,307000,84964,21.36
2023-06-22,306500,309500,304500,307000,100427,21.35
2023-06-23,309000,309000,303000,306500,85355,21.34
2023-06-26,306500,309000,304000,308000,71114,21.3
2023-06-27,311000,316500,305000,312500,177393,21.31
2023-06-28,313000,313500,302000,303000,148437,21.17
2023-06-29,302500,310000,302000,307000,105375,21.16
2023-06-30,309000,313000,307000,309500,125869,21.21
2023-07-03,314000,315000,309000,312500,121895,21.18
2023-07-04,312500,319500,310500,313000,140744,21.14
2023-07-05,314500,318000,313000,314500,102749,21.26
2023-07-06,314500,314500,306500,308000,131336,21.27
2023-07-07,306000,306500,293500,299000,197928,21.33
2023-07-10,298500,298500,289000,290000,146913,21.31
2023-07-11,292000,294500,289500,291500,106001,21.25
2023-07-12,292000,294000,289500,292500,95780,21.24
2023-07-13,294500,296500,291000,293000,161058,21.24
2023-07-14,296000,298500,292500,294000,194970,21.42
2023-07-17,293500,297500,292000,293500,174995,21.43
2023-07-18,295000,295500,286500,293500,145177,21.49
2023-07-19,298000,298500,285000,288000,208367,21.27
2023-07-20,288000,291000,285500,289000,120744,21.2
2023-07-21,285500,287500,282000,282500,145796,21.17
2023-07-24,280500,282000,275500,279000,174068,21.26
2023-07-25,280500,287000,278000,279000,187917,21.22
2023-07-26,279500,280000,268000,271500,240389,21.14
2023-07-27,268000,275000,265000,269500,268977,21.08
2023-07-28,270500,275500,266500,266500,188055,21.04
2023-07-31,270000,270000,261500,264000,239318,20.9
2023-08-01,264000,269500,261500,268500,179213,20.86
2023-08-02,268000,274000,262000,264000,282905,20.63
2023-08-03,264000,274500,262500,265500,237385,20.6
2023-08-04,265000,265000,255000,255500,326041,20.48
2023-08-07,258000,267500,253500,264500,320608,20.44
2023-08-08,266000,266500,255500,261500,211103,20.47
2023-08-09,262500,262500,258500,261000,105254,20.39
2023-08-10,260000,261000,256000,260000,220641,20.22
2023-08-11,262000,270500,261500,267000,185193,20.31
2023-08-14,267000,267000,258500,259500,139029,20.28
2023-08-16,258000,265500,251000,252000,283897,20.14
2023-08-17,251000,261000,251000,260500,177240,20.32
2023-08-18,256500,259000,254500,256000,102634,20.2
2023-08-21,257500,257500,252500,255000,99440,20.14
2023-08-22,258000,262000,256000,259000,144142,20.24
2023-08-23,256500,257500,251500,255500,121865,20.2
2023-08-24,258000,265000,256500,258000,244256,20.34
2023-08-25,253000,257000,252000,254500,134704,20.41
2023-08-28,257000,257500,254000,257000,85681,20.38
2023-08-29,259000,268000,258500,264500,269114,20.54
2023-08-30,270000,272000,264500,268000,197362,20.49
2023-08-31,272000,272000,267000,270000,157082,20.45
2023-09-01,269500,273000,266500,268500,120029,20.45
2023-09-04,270500,271500,266500,269000,89539,20.4
2023-09-05,272500,277500,271000,272000,265596,20.48
2023-09-06,271500,273000,268000,269000,94512,20.45
2023-09-07,259500,261500,251500,252500,509955,20.19
2023-09-08,248000,248000,239000,244500,411117,20.01
2023-09-11,245000,250000,245000,248500,135200,20.07
2023-09-12,250000,250500,243500,245500,148760,20.1
2023-09-13,243500,247000,239500,240500,246664,19.89
2023-09-14,239000,245000,239000,244500,156353,19.86
2023-09-15,245500,251000,243500,249500,165365,19.93
2023-09-18,254000,258000,250500,250500,240043,19.87
2023-09-19,253000,255500,248500,250500,101101,19.83
2023-09-20,248500,251000,245000,246500,100034,19.78
2023-09-21,246000,249000,243000,243000,113106,19.8
2023-09-22,242500,244000,239500,243000,122777,19.78
2023-09-25,243500,250500,242500,248000,94701,19.84
2023-09-26,249500,249500,241000,242000,107994,19.81
2023-09-27,239000,245500,239000,244500,106976,19.81
2023-10-04,241500,242500,236500,237000,170488,19.85
2023-10-05,238000,241000,236000,237000,83783,19.76
2023-10-06,237000,238500,227500,230000,202221,19.79
2023-10-10,232000,242000,232000,234500,185412,19.9
2023-10-11,237500,240500,236000,237000,147515,19.88
2023-10-12,238500,241500,237500,239500,109928,19.95
2023-10-13,238500,244000,238500,238500,75818,19.97
2023-10-16,238500,240000,231500,236000,97687,20.02
2023-10-17,236000,241000,236000,237000,103039,20.11
2023-10-18,236000,238000,227000,229000,287477,20.0
2023-10-19,226000,227000,217000,218000,347546,20.16
2023-10-20,215500,221500,213000,219000,170747,20.17
2023-10-23,219000,222500,218500,218500,112061,20.2
2023-10-24,221000,226000,219000,226000,152065,20.21
2023-10-25,227500,229000,223500,227500,150692,20.18
2023-10-26,222500,227000,217500,220000,199743,20.11
2023-10-27,220000,227500,220000,225500,166002,20.28
2023-10-30,224000,229000,223500,226500,82649,20.28
2023-10-31,228000,229500,221000,223000,109329,20.34
2023-11-01,223000,226500,218000,218500,126427,20.33
2023-11-02,222500,231000,222500,228500,203780,20.59
2023-11-03,229000,232500,218500,226500,249070,20.61
2023-11-06,233500,242000,229000,242000,216108,20.85
2023-11-07,240500,240500,231500,234500,104901,20.79
2023-11-08,237000,237500,230000,231500,100246,20.71
2023-11-09,235500,246000,235500,239500,292501,20.76
2023-11-10,237000,243000,234000,241500,89782,20.62
2023-11-13,244000,244500,239000,239500,73324,20.55
2023-11-14,241500,244500,239500,244500,84066,20.59
2023-11-15,249000,250000,246500,248000,100762,20.61
2023-11-16,249500,253000,248000,253000,126017,20.66
2023-11-17,253500,254000,248000,249000,80404,20.62
2023-11-20,247500,252500,247000,250500,76849,20.62
2023-11-21,252500,258500,250500,255000,145691,20.76
2023-11-22,252500,257000,251500,255500,61518,20.75
2023-11-23,253500,254000,242000,243000,253399,20.77
2023-11-24,244000,246500,242000,243500,76264,20.85
2023-11-27,242500,243500,234500,234500,151992,20.8
2023-11-28,237000,238500,234000,237500,130790,20.85
2023-11-29,239000,239000,235500,236500,80259,20.85
2023-11-30,236500,239500,236000,238000,111681,20.93
2023-12-01,238000,238500,234000,234000,85972,20.97
2023-12-04,235500,240500,235000,236000,90766,21.03
2023-12-05,236000,239000,234000,237000,71082,21.08
2023-12-06,239000,242500,238000,238500,106244,21.08
2023-12-07,236500,237500,234000,236500,81127,21.07
2023-12-08,238500,239500,235500,236500,101742,21.04
2023-12-11,239000,247000,238500,246000,197156,21.32
2023-12-12,247500,251500,245500,246000,124432,21.23
2023-12-13,247500,249000,246000,246500,69730,21.21
2023-12-14,250500,251000,246000,250000,208235,21.33
2023-12-15,238000,247500,234500,247000,461862,21.4
2023-12-18,249500,249500,241500,243500,119103,21.34
2023-12-19,242000,243000,235500,237000,209460,21.4
2023-12-20,239500,240000,234500,238000,169931,21.56
2023-12-21,236000,239000,235500,238500,102532,21.6
2023-12-22,240000,240000,236500,238500,101426,21.59
2023-12-26,238000,239000,227500,228000,298921,21.41
2023-12-27,228000,233500,227000,233000,123900,21.54
2023-12-28,234000,241000,233000,239500,187874,21.69
2024-01-02,237500,241500,236000,240500,84957,21.73
2024-01-03,235000,235500,227000,227000,270780,21.54
2024-01-04,227000,230000,224000,229000,79430,21.55
2024-01-05,228000,229000,224000,224500,119119,21.53
2024-01-08,224500,227000,222500,223000,68430,21.53
2024-01-09,226500,228500,226000,226000,78539,21.6
2024-01-10,227500,227500,224500,225000,62874,21.59
2024-01-11,226000,227500,223000,225500,110003,21.55
2024-01-12,225500,225500,219500,220500,96361,21.49
2024-01-15,221000,223000,218000,220000,68619,21.55
2024-01-16,218500,221000,216500,216500,71674,21.53
2024-01-17,215000,217000,204000,204500,215764,21.48
2024-01-18,204500,207000,200000,201500,134617,21.54
2024-01-19,206000,217500,206000,217000,189669,21.69
2024-01-22,221000,221500,213000,213000,91825,21.63
2024-01-23,216000,218000,212000,214500,60393,21.73
2024-01-24,215500,216000,212000,213500,71115,21.75
2024-01-25,213000,213000,205500,207000,141277,21.64
2024-01-26,205500,205500,198100,200000,326771,21.47
2024-01-29,200000,201000,198100,198500,188988,21.37
2024-01-30,198800,201000,198100,198800,175217,21.22
2024-01-31,196800,199400,190400,191000,233747,21.15
2024-02-01,190500,193600,189000,192900,144538,21.18
2024-02-02,192600,200000,192200,199500,151375,21.25
2024-02-05,199700,201000,195800,197000,118260,21.28
2024-02-06,197600,199900,196800,197900,87726,21.3
2024-02-07,199500,203000,199300,200500,88894,21.37
2024-02-08,202500,203500,199900,199900,113649,21.43
2024-02-13,201500,202500,200000,201000,93703,21.46
2024-02-14,197800,197900,194800,197500,100736,21.41
2024-02-15,199300,199300,193700,193900,159118,21.31
2024-02-16,195000,196400,194000,195200,111705,21.53
2024-02-19,194900,196000,194100,195400,74414,21.57
2024-02-20,196100,199300,195400,197300,125004,21.69
2024-02-21,199000,206500,198800,202000,206416,21.79
2024-02-22,204500,209500,202000,208000,201347,21.84
2024-02-23,210000,210000,204500,207500,118207,21.81
2024-02-26,209500,209500,205000,206500,86619,21.81
2024-02-27,206500,207000,202000,203500,99567,21.81
2024-02-28,201500,205500,201000,205000,82189,21.86
2024-02-29,203500,204000,200000,202000,123160,21.86
2024-03-04,204500,205500,201500,205000,100807,22.06
2024-03-05,202500,209000,202500,204500,80937,22.14
2024-03-06,201500,202500,186500,186500,659730,21.16
2024-03-07,187600,189300,186700,189100,175005,21.33
2024-03-08,189200,190300,188100,188800,181259,21.41
2024-03-11,188200,196000,188200,194900,197549,21.68
2024-03-12,195100,196900,191000,196500,129448,21.78
2024-03-13,197500,198300,194900,194900,89346,21.74
2024-03-14,194500,194600,191500,191900,152179,21.8
2024-03-15,192400,193600,188300,188300,158352,21.63
2024-03-18,189800,190500,188300,190300,70661,21.65
2024-03-19,190900,191400,188400,189700,120051,21.66
2024-03-20,191200,193100,189800,192300,139146,21.71
2024-03-21,193800,194300,191400,193900,142744,21.8
2024-03-22,190800,193500,189900,192400,136236,21.89
2024-03-25,192700,195500,190800,191300,116268,21.87
2024-03-26,192200,195300,191500,191600,131638,21.93
2024-03-27,191000,194800,190700,194800,91831,22.12
2024-03-28,196000,198800,194900,197500,147529,22.2
2024-03-29,197900,198300,194200,196700,87558,22.2
2024-04-01,198800,207500,198700,206000,244842,22.42
2024-04-02,205000,207500,203000,204500,115148,22.48
2024-04-03,202500,202500,198200,198300,119435,22.51
2024-04-04,201000,202500,196200,198500,127761,22.42
2024-04-05,195700,199500,192700,197400,112745,22.4
2024-04-08,199700,206500,195900,205000,182774,22.41
2024-04-09,205000,207000,197600,198100,149097,22.23
2024-04-11,194200,197700,191000,195600,144876,22.26
2024-04-12,199400,204000,196100,202000,192191,22.37
2024-04-15,200000,201500,196300,196700,110441,22.21
2024-04-16,193000,194000,188300,188700,171290,21.94
2024-04-17,188700,190500,184100,184100,133239,21.79
2024-04-18,184000,187700,184000,186600,112356,21.77
2024-04-19,184700,186400,179500,181300,134717,21.72
2024-04-22,182500,185000,182300,184500,69115,21.72
2024-04-23,184700,189100,184500,187200,80194,21.69
2024-04-24,188900,210000,188900,209000,515047,22.23
2024-04-25,207000,215500,205000,212500,413615,22.57
2024-04-26,213000,215000,210500,213500,145052,22.63
2024-04-29,215000,216500,211500,215000,107652,22.71
2024-04-30,218000,225000,217000,222000,408070,22.74
2024-05-02,222500,226000,221500,223500,140927,22.77
2024-05-03,229500,237500,229500,234500,508130,23.11
2024-05-07,237500,240000,234500,239500,284279,23.39
2024-05-08,235500,237000,232000,233500,143518,23.57
2024-05-09,234000,236500,230500,232500,191259,23.71
2024-05-10,237500,238000,231500,234000,115582,23.64
2024-05-13,235000,236500,232000,233500,90232,23.71
2024-05-14,235000,245000,233000,242500,262737,23.68
2024-05-16,247000,249000,242500,243500,164013,23.76
2024-05-17,244000,245000,237000,238500,118417,23.75
2024-05-20,241000,241500,233000,235500,137778,23.77
2024-05-21,237000,238000,233500,236000,120278,23.75
2024-05-22,236000,237000,233000,234500,117162,23.79
2024-05-23,234000,243500,232500,237000,196854,23.82
2024-05-24,233000,238500,230000,236500,119220,23.86
2024-05-27,238000,238500,234000,238000,104874,23.85
2024-05-28,235500,240000,233000,239500,136128,23.76
2024-05-29,244500,256000,239500,247500,425967,23.63
2024-05-30,248500,252500,242000,246000,192486,23.53
2024-05-31,250500,258000,248000,248000,345454,23.33
2024-06-03,253000,253500,246000,249000,143571,23.28
2024-06-04,250500,254000,242500,243000,143638,23.28
2024-06-05,243500,249000,239500,244000,129367,23.24
2024-06-07,244500,246000,239000,241000,144701,23.24
2024-06-10,243000,248500,240000,243000,161372,23.28
2024-06-11,236500,237000,220000,229500,487174,23.46
2024-06-12,255500,272000,251000,251000,1644960,24.03
2024-06-13,257500,257500,243500,245000,442866,23.81
2024-06-14,245500,264500,239500,264000,487478,23.99
2024-06-17,261500,266000,257000,261500,207474,24.05
2024-06-18,265000,270000,259500,263500,271868,24.13
2024-06-19,264500,270000,263500,265000,183966,24.26
2024-06-20,265000,267000,261000,261500,107752,24.34
2024-06-21,254500,261000,254000,255500,131786,24.33
2024-06-24,254000,266000,254000,262000,192355,24.42
2024-06-25,265000,269500,262000,265500,169003,24.48
2024-06-26,264000,274000,262500,273000,185144,24.59
2024-06-27,273000,273500,267500,272000,126508,24.6
2024-06-28,273500,273500,265500,272000,133144,24.56
2024-07-01,269000,273500,268000,270500,79728,24.64
2024-07-02,272000,278000,266500,269000,168675,24.67
2024-07-03,272500,272500,263000,265000,122769,24.66
2024-07-04,266000,269500,258500,268000,201393,24.57
2024-07-05,268000,272500,267000,268500,138334,24.57
2024-07-08,270000,276500,268500,275500,158890,24.68
2024-07-09,277500,278000,272500,275000,158055,24.68
2024-07-10,277500,289000,275500,287500,313836,24.93
2024-07-11,294500,297000,286500,286500,204355,24.96
2024-07-12,280500,288000,278500,287500,154434,25.0
2024-07-15,292000,298500,290000,294500,174319,25.07
2024-07-16,299000,305000,298000,302000,281238,25.32
2024-07-17,305000,305500,295500,297000,150478,25.44
2024-07-18,294000,300000,291000,298500,179290,25.7
2024-07-19,297500,298000,286000,297500,227052,25.97
2024-07-22,295500,295500,280500,284500,161070,25.9
2024-07-23,287000,290000,278000,280500,129573,25.93
2024-07-24,283000,285000,265500,274500,340577,25.86
2024-07-25,276000,277000,254500,258500,409177,25.62
2024-07-26,256000,261500,250500,259000,151158,25.66
2024-07-29,262000,264000,245500,247500,299454,25.63
2024-07-30,246500,250000,244000,245000,147943,25.66
2024-07-31,246500,256000,242500,256000,197299,25.82
2024-08-01,258000,261000,250000,256500,151570,25.81
2024-08-02,247500,251500,241500,243000,154353,25.79
2024-08-05,235500,237000,211000,217500,334018,26.01
2024-08-06,228000,236500,225000,231000,202749,26.06
2024-08-07,227000,247000,226000,241500,211807,26.11
2024-08-08,238500,246500,237000,243000,149122,26.18
2024-08-09,248500,250500,234500,235500,170355,26.19
2024-08-12,239500,252000,239500,250500,187804,26.43
2024-08-13,252000,255000,247000,251000,116109,26.47
2024-08-14,255000,256000,248000,250000,89822,26.5
2024-08-16,255000,255500,250500,252000,104110,26.55
2024-08-19,254000,257500,249500,250000,101307,26.62
2024-08-20,252500,254000,246500,248500,86525,26.61
2024-08-21,249000,257000,247000,252500,104656,26.8
2024-08-22,253500,254000,248500,254000,91175,26.94
2024-08-23,251000,255000,249500,254000,62917,26.93
2024-08-26,255500,257500,247000,248500,86959,26.93
2024-08-27,247000,257000,246500,256500,101783,27.02
2024-08-28,258500,260500,255000,259000,90717,27.14
2024-08-29,256000,269500,252000,269000,162615,27.28
2024-08-30,273000,279500,268000,278000,224792,27.29
2024-09-02,278000,281500,271500,280000,167401,27.39
2024-09-03,278000,278000,257500,258000,392556,27.21
2024-09-04,244500,252500,240500,242000,279450,27.18
2024-09-05,243500,250000,237000,238500,214960,27.28
2024-09-06,240000,243000,229000,231500,184530,27.31
2024-09-09,228500,239000,227500,237500,117088,27.32
2024-09-10,233500,234500,220000,223500,292234,27.33
2024-09-11,225500,226000,221000,222500,115797,27.38
2024-09-12,226500,229000,223000,228500,165577,27.32
2024-09-13,229000,235500,228000,231500,90970,27.4
2024-09-19,233000,236000,219500,228500,368062,27.47
2024-09-20,230500,232000,227500,230500,238729,27.53
2024-09-23,230500,232000,227500,231000,53665,27.53
2024-09-24,228500,229000,222000,226500,238479,27.55
2024-09-25,228500,230500,223500,223500,127497,27.5
2024-09-26,225500,229500,224500,229500,162957,27.66
2024-09-27,229000,229000,222000,222500,213713,27.45
2024-09-30,222500,223000,217500,218000,158108,27.55
2024-10-02,213500,214000,206500,208000,197274,27.6
2024-10-04,210000,214500,208500,213000,106561,27.68
2024-10-07,213500,214000,209500,211500,106138,27.73
2024-10-08,209000,210000,204000,204000,248140,27.85
2024-10-10,206500,208500,203000,204000,200718,27.77
2024-10-11,204500,206000,200500,201500,119981,27.79
2024-10-14,200500,203500,200500,203500,51508,27.79
2024-10-15,202500,204000,196000,197400,249853,27.47
2024-10-16,198300,204500,197000,199900,196855,27.33
2024-10-17,200000,201000,197800,199000,103141,27.31
2024-10-18,199900,199900,191500,193700,170857,27.15
2024-10-21,197200,205500,197100,199200,298206,27.13
2024-10-22,195600,203500,192800,199200,187058,27.1
2024-10-23,200000,202500,196500,199700,126822,27.16
2024-10-24,188000,188600,175700,176000,916587,26.23
2024-10-25,176200,176900,171200,172300,314251,26.28
2024-10-28,172400,177400,172400,176600,195924,26.59
2024-10-29,176200,177900,173600,177000,101227,26.57
2024-10-30,177300,178400,175000,176000,122335,26.53
2024-10-31,175700,178300,174600,177600,152993,26.56
2024-11-01,175800,176200,173300,174000,95831,26.46
2024-11-04,173900,175900,172700,175200,105849,26.47
2024-11-05,172700,176600,171500,176000,116552,26.44
2024-11-06,178200,178300,172200,173000,116971,26.46
2024-11-07,171700,174800,169100,174100,146621,26.5
2024-11-08,174900,177200,171500,172100,115399,26.43
2024-11-11,171300,171900,166200,166700,176582,26.53
2024-11-12,165600,171300,163800,166700,159714,26.71
2024-11-13,164700,170000,164000,165900,169736,26.88
2024-11-14,166600,168300,162100,162200,181092,26.83
2024-11-15,162900,164600,159000,162100,123993,26.85
2024-11-18,162400,167300,162000,163600,96158,26.8
2024-11-19,164200,169000,164200,165700,90054,26.73
2024-11-20,165800,168300,165300,165700,85306,26.64
2024-11-21,166000,169100,165000,165000,99303,26.57
2024-11-22,165800,167800,164600,164700,86808,26.52
2024-11-25,166300,173600,165800,172600,224459,26.58
2024-11-26,172200,174700,171000,173600,138546,26.47
2024-11-27,174300,174500,168800,168900,119621,26.36
2024-11-28,169900,170200,167200,169100,69104,26.35
2024-11-29,168400,168900,161900,161900,147225,26.14
2024-12-02,163300,166100,161500,163100,137683,26.22
2024-12-03,163500,165800,163500,165000,119140,26.26
2024-12-04,161900,164100,159900,162200,143241,26.21
2024-12-05,162500,166600,161600,162400,123609,26.26
2024-12-06,162400,164500,157000,159600,158269,26.07
2024-12-09,157400,157400,152500,152700,162855,26.09
2024-12-10,153800,156400,153100,155400,177875,26.05
2024-12-11,155400,166500,154500,165900,184961,26.27
2024-12-12,166700,169200,164300,167200,262987,26.46
2024-12-13,167600,172000,167600,171200,171712,26.45
2024-12-16,173800,173800,169200,169700,73082,26.39
2024-12-17,169000,169700,166500,168200,132756,26.2
2024-12-18,169800,174100,168500,173200,154126,26.19
2024-12-19,169100,170600,167200,167200,135437,26.06
2024-12-20,166600,166600,160100,160900,220231,25.54
2024-12-23,162200,166200,160400,164900,143871,25.53
2024-12-24,165200,167900,164000,164600,68086,25.55
2024-12-26,166000,168100,162300,166700,127213,25.56
2024-12-27,165800,169000,161500,162600,100359,25.49
2024-12-30,162100,164600,161700,162000,62292,25.47
2025-01-02,161800,162800,155900,157500,112176,25.36
2025-01-03,156500,162300,156500,160300,94971,25.43
2025-01-06,161900,172300,161900,168800,230780,25.62
2025-01-07,170500,171000,165400,165400,98672,25.52
2025-01-08,165100,174000,164000,171500,165087,25.64
2025-01-09,171500,173000,168000,168000,166095,25.63
2025-01-10,168600,172600,165500,165800,152994,25.49
2025-01-13,168900,171000,162100,162200,219415,25.04
2025-01-14,163100,164200,162100,162700,104764,24.93
2025-01-15,163900,166400,161600,162200,137730,24.8
2025-01-16,164400,164600,160100,161000,233464,24.47
2025-01-17,159500,160400,157000,158300,224095,24.37
2025-01-20,159000,161700,158100,160100,132000,24.34
2025-01-21,160600,163300,158000,161200,157911,24.33
2025-01-22,160100,162400,159000,161200,146724,24.47
2025-01-23,160600,160800,150000,150200,655107,23.33
2025-01-24,150200,150300,147800,148600,230296,23.38
2025-01-31,150000,150500,147200,148700,190020,23.28
2025-02-03,145400,145800,139700,139900,275677,23.1
2025-02-04,142300,144000,141500,142800,122835,23.25
2025-02-05,143500,147700,143500,147100,136572,23.37
2025-02-06,148100,150300,146300,150100,148206,23.43
2025-02-07,150100,151700,149200,150500,108458,23.46
2025-02-10,149200,153500,148300,153000,157498,23.55
2025-02-11,153600,164600,151700,161800,478043,23.72
2025-02-12,162600,167400,162100,164800,298398,23.69
2025-02-13,163200,166000,161800,163500,248357,23.61
2025-02-14,163200,165200,162700,163600,142955,23.66
2025-02-17,165200,168400,163800,164100,125336,23.75
2025-02-18,165400,166600,162600,165000,154572,23.84
2025-02-19,165000,169400,164800,168000,216997,23.97
2025-02-20,168600,169300,165000,167000,136713,23.96
2025-02-21,167000,167600,163500,165600,123991,23.93
2025-02-24,163500,164000,160700,164000,104251,23.89
2025-02-25,162900,165700,160100,160300,177607,23.75
2025-02-26,160100,162100,158200,161600,123256,23.78
2025-02-27,162200,169500,161000,168000,314234,23.76
2025-02-28,165600,168300,161600,162400,229809,23.56
2025-03-04,160800,161600,156000,160000,110974,23.56
2025-03-05,160800,163000,159300,162000,107910,23.52
2025-03-06,166900,178900,166000,177500,787438,24.23
2025-03-07,177500,178200,174800,175700,318109,24.16
2025-03-10,175700,176300,172000,172900,124835,24.16
2025-03-11,166000,172600,164300,171200,191187,24.03
2025-03-12,173400,173800,170400,171400,129113,23.94
2025-03-13,172000,172000,159700,159700,639456,23.2
2025-03-14,158400,160200,157800,158000,208157,23.05
2025-03-17,158000,161200,158000,158900,166247,23.13
2025-03-18,158600,160000,157700,158000,124546,23.08
2025-03-19,157100,160600,157100,159600,135502,23.33
2025-03-20,161100,162800,160900,161600,149177,23.54
2025-03-21,161600,163200,160400,163200,152670,23.66
2025-03-24,163200,163900,162000,163700,62809,23.67
2025-03-25,165400,168200,164600,167300,144904,23.74
2025-03-26,168400,176600,168200,174800,360303,24.09
2025-03-27,172300,174700,171200,171600,98359,24.07
2025-03-28,170200,170200,163200,165400,92565,23.85
2025-03-31,161700,162000,157200,159900,116732,23.73
2025-04-01,161700,162100,157200,158800,127867,23.59
2025-04-02,159900,160000,151100,152100,224252,23.15
2025-04-03,146300,147300,142100,142300,315372,22.92
2025-04-04,139600,144800,138000,141900,237564,22.92
2025-04-07,136300,136600,128600,130600,168454,22.94
2025-04-08,133800,134800,127000,127500,175343,22.8
2025-04-09,124000,126000,121000,122000,151394,22.72
2025-04-10,137400,139700,133000,134800,306317,23.1
2025-04-11,131300,137900,130200,137800,133656,23.11
2025-04-14,144600,150000,144500,145800,292797,23.14
2025-04-15,144500,146200,142400,143000,100716,23.04
2025-04-16,142800,143000,136500,137200,134427,22.9
2025-04-17,135500,138900,135300,137800,85484,22.85
2025-04-18,139300,140500,138100,139000,55356,22.84
2025-04-21,139100,142200,138800,140500,60657,22.81
2025-04-22,138900,140400,138400,138700,82717,22.81
2025-04-23,142000,145900,140500,145500,138530,22.86
2025-04-24,144600,144600,136600,139400,293980,22.61
2025-04-25,140300,142200,140300,141900,121197,22.88
2025-04-28,141400,142500,140400,141600,66345,22.92
2025-04-29,141700,142050,138200,141200,106933,22.83
2025-04-30,140500,142400,138400,139600,108811,22.79
2025-05-02,138000,139500,138000,138600,68390,22.8
2025-05-07,139600,140500,136900,137600,90912,22.72
2025-05-08,138000,140100,137500,138400,130795,22.9
2025-05-09,138600,138900,137200,138500,61959,22.91
2025-05-12,140200,149500,140000,149500,261045,23.38
2025-05-13,153900,154500,150900,153200,225285,23.42
2025-05-14,155000,156900,150200,151500,252694,23.31
2025-05-15,150200,152100,148400,149100,95085,23.36
2025-05-16,149600,149700,145900,147500,56843,23.35
2025-05-19,145100,145900,143100,143600,64509,23.33
2025-05-20,144400,145900,142100,142600,57507,23.27
2025-05-21,142600,145200,142600,144600,49758,23.29
2025-05-22,142200,142800,140000,140700,52902,23.23
2025-05-23,140500,141800,138900,139300,55297,23.13
2025-05-26,139000,143000,137200,143000,96262,23.21
2025-05-27,141600,142300,137700,138300,102534,23.07
2025-05-28,140000,148500,139900,147900,188593,23.49
2025-05-29,149800,150600,146700,149400,104165,23.47
2025-05-30,147800,147900,144800,144900,152120,23.39
2025-06-02,144700,145900,142000,142300,82998,23.41
2025-06-04,144100,145300,143000,143900,84779,23.36
2025-06-05,144100,150500,143500,149400,211520,23.52
2025-06-09,149600,150600,147600,148100,129752,23.4
2025-06-10,148200,149300,145800,148100,179488,23.31
2025-06-11,148800,151800,148700,149900,124310,23.38
2025-06-12,149300,150400,148300,150000,216872,23.05
2025-06-13,150000,150000,142600,144300,189681,22.88
2025-06-16,145100,145100,140100,143400,159448,22.94
2025-06-17,144100,147900,141700,143800,158405,23.02
2025-06-18,142600,156800,142200,153400,453432,23.13
2025-06-19,153700,154000,147300,148000,250691,22.76
2025-06-20,148500,149800,147200,149700,130392,22.81
2025-06-23,147100,147400,143500,146000,151240,22.9
2025-06-24,150000,155000,150000,151700,238286,23.23
2025-06-25,155000,155500,151700,153700,154094,23.19
2025-06-26,154800,156000,150600,152000,152914,23.06
2025-06-27,151100,151100,147000,147800,151294,22.81
2025-06-30,149200,151400,147100,147400,102450,22.77
2025-07-01,148900,153800,148600,150300,182077,22.94
2025-07-02,151300,153100,148500,152900,153007,23.06
2025-07-03,154000,156600,152400,156200,145188,23.22
2025-07-04,158800,158800,151700,152400,124653,23.06
2025-07-07,152500,152600,150100,150200,99443,22.96
2025-07-08,149900,152200,147400,148000,150418,22.87
2025-07-09,148200,148800,146800,148600,142217,22.91
2025-07-10,154600,164400,153300,157900,752770,23.47
2025-07-11,157900,158000,155700,157300,148293,23.32
2025-07-14,156000,157700,154200,155500,132656,23.21
2025-07-15,154600,156700,153800,155700,117397,23.17
2025-07-16,155400,156300,153700,154000,108896,23.23
2025-07-17,155100,155200,151100,154300,128769,23.22
2025-07-18,154700,156900,152900,154600,105698,23.26
2025-07-21,154800,155400,152700,154200,98590,23.15
2025-07-22,156300,158500,151300,151900,230818,22.88
2025-07-23,153100,154400,150700,154000,140816,22.84
2025-07-24,152000,156200,148500,155500,232165,23.18
2025-07-25,154800,154800,151800,153300,102333,23.11
2025-07-28,153700,157500,152800,154700,130163,23.22
2025-07-29,154100,156300,151650,155500,112415,23.27
2025-07-30,155700,161000,155200,159200,269224,23.55
2025-07-31,160600,160700,155000,156500,157734,23.33
2025-08-01,156600,158800,152500,152600,194567,23.32
2025-08-04,152600,154100,150700,153000,109366,23.28
2025-08-05,154500,158300,154200,156700,143109,23.46
2025-08-06,156000,158800,155300,156800,93743,23.47
2025-08-07,161000,161200,156900,157700,170755,23.38
2025-08-08,157000,160200,155900,159400,214801,23.53
2025-08-11,161400,170100,161400,164900,490150,24.33
2025-08-12,164600,167000,162600,162900,152387,24.43
2025-08-13,165100,170900,161700,169400,276386,24.53
2025-08-14,170000,170000,166300,166900,138355,24.26
2025-08-18,166400,166500,162800,164400,134976,24.13
2025-08-19,164200,165000,161600,162400,92810,24.13
2025-08-20,159900,163500,157600,159400,161021,23.99
2025-08-21,159500,161600,158100,158400,140675,23.88
2025-08-22,158900,161100,158000,158700,88574,23.85
2025-08-25,160000,163800,158100,158700,179505,23.72
2025-08-26,159300,163700,159200,160300,1553166,23.25
2025-08-27,162800,169300,161200,166600,343770,23.85
2025-08-28,167600,167900,164700,167000,105434,23.7
2025-08-29,166500,171200,165800,169100,179774,23.81
2025-09-01,167100,167200,162000,162500,147711,23.3
2025-09-02,162700,169400,161800,168500,166380,23.18
2025-09-03,167600,171900,167400,171800,213230,23.31
2025-09-04,172900,173800,170300,172500,175625,23.39
2025-09-05,171600,172200,169100,170500,121219,23.35
2025-09-08,169800,169800,166700,168000,133500,23.25
2025-09-09,168500,169700,167300,169700,114697,23.29
2025-09-10,168500,168500,159800,160800,581149,21.92
2025-09-11,161100,164500,160800,164000,418308,22.31
2025-09-12,164600,168200,162800,167800,270132,22.23
2025-09-15,167500,168400,166100,167900,124607,22.53
2025-09-16,167900,179900,167800,179900,476521,23.65
2025-09-17,176800,176800,173500,173900,199918,23.7
2025-09-18,176500,177300,173200,176700,183651,23.72
2025-09-19,176700,177500,174900,176500,154772,23.72
2025-09-22,184100,195500,183900,193100,696452,24.08
2025-09-23,199000,199300,193600,197100,343773,24.25
2025-09-24,193900,196900,191300,196900,195651,24.4
2025-09-25,195900,198500,193700,197500,202590,24.56
2025-09-26,200000,200000,188100,189300,216676,24.51
2025-09-29,190700,192100,188700,190600,101124,24.43
2025-09-30,191200,191300,186000,187800,164438,24.42
2025-10-01,188000,189500,186200,188500,89799,24.52
2025-10-02,191300,194800,188500,188500,170529,24.63
2025-10-10,189900,193600,189300,191800,218720,24.76
2025-10-13,189000,189000,183700,187200,156670,24.83
2025-10-14,187500,190200,182600,183600,186808,24.77
2025-10-15,186900,196400,186100,196200,280176,25.23
2025-10-16,196000,199000,193000,198000,165734,25.23
2025-10-17,196600,213000,196500,209500,306582,25.32
2025-10-20,211500,216500,207000,215000,189140,25.24
2025-10-21,224500,230500,221000,222500,303814,25.48
2025-10-22,222500,222500,214500,219000,169135,25.2
2025-10-23,213500,219500,211000,216000,159219,25.41
2025-10-24,214000,220000,214000,217000,98586,25.5
2025-10-27,218000,222500,216500,220500,147483,25.58
2025-10-28,222000,224500,217000,224500,180451,25.65
2025-10-29,229000,231500,224000,231000,162710,25.73
2025-10-30,230000,233000,224500,228500,185207,25.7
2025-10-31,231500,248500,231000,241000,412408,25.85
2025-11-03,244000,248000,235000,237000,220004,25.81
2025-11-04,241000,242500,235500,237000,185508,25.97
2025-11-05,237000,239000,223000,234500,206248,26.14
2025-11-06,243500,257000,242000,256000,475675,26.84
2025-11-07,248500,256000,246500,253500,353117,27.13
2025-11-10,256500,257000,242000,248500,201047,27.11
2025-11-11,250500,259500,248500,252000,188585,27.43
2025-11-12,258500,258500,250500,252000,122327,27.38
2025-11-13,252000,252000,243500,244500,199426,27.25
2025-11-14,240500,251250,239000,242500,154164,27.34
2025-11-17,247000,247000,239000,245000,92632,27.35
2025-11-18,241000,242000,236000,237000,165831,27.54
2025-11-19,239000,248000,229000,240500,197150,27.69
2025-11-20,249000,249000,239500,240500,167270,27.76
2025-11-21,236000,236000,228500,231000,134410,27.77
2025-11-24,235000,237000,230500,232000,151438,27.64
2025-11-25,238000,240000,233000,236000,135188,27.77
2025-11-26,240500,242500,236000,242500,89905,27.79
2025-11-27,246000,248500,239000,240500,82861,27.83
2025-11-28,242000,242000,235000,237000,86156,27.89
2025-12-01,238000,241000,231000,237500,94906,28.02
2025-12-02,237500,249500,235500,248000,158621,28.15
2025-12-03,249500,273500,247500,271000,392072,28.62
2025-12-04,270000,283000,268500,283000,266686,28.79
2025-12-05,282000,287000,279500,284500,173001,28.77
2025-12-08,288000,294500,281000,286500,149610,28.69
2025-12-09,288000,296500,286000,287500,145093,28.67
2025-12-10,289500,295500,287000,289000,130142,28.55
2025-12-11,294000,299500,290500,294500,186519,28.69
2025-12-12,296500,297000,291000,294500,106599,28.67
2025-12-15,286500,291500,283500,287500,137137,28.78
2025-12-16,287500,290500,278000,280000,136586,28.85
2025-12-17,285000,286000,279500,285000,78585,28.84
2025-12-18,276500,286000,270000,281000,148512,28.95
2025-12-19,284500,285000,271000,281000,172943,29.01
2025-12-22,284500,285000,275000,280500,97108,29.03
2025-12-23,279500,280000,273000,274500,98091,29.17
2025-12-24,275500,277500,272000,272500,52717,29.2
2025-12-26,274500,275500,271000,272500,71891,29.23
2025-12-29,268500,272500,265500,271500,97241,29.42
2025-12-30,275500,275500,267000,271000,102604,29.54
2026-01-02,272000,272500,261000,267500,139361,29.67
2026-01-05,271000,273500,265500,273000,133660,29.84
2026-01-06,274500,275000,253000,269000,217537,29.96
2026-01-07,267000,278000,265500,275000,191268,30.14
2026-01-08,276500,289500,273000,283000,276347,30.3
2026-01-09,284000,285000,260000,261500,298860,29.94
2026-01-12,267000,271500,262500,269000,170878,30.15
2026-01-13,271000,284000,268000,283000,222871,30.58
2026-01-14,283500,297000,275500,282500,168163,30.54
2026-01-15,279500,285000,276000,279500,123674,30.56
2026-01-16,281500,288000,275000,286000,165825,30.68
2026-01-19,284000,290000,280000,285500,155654,30.76
2026-01-20,286000,286000,274000,280000,149724,30.8
2026-01-21,272000,279500,270000,279000,147588,30.76
2026-01-22,278500,290000,277000,283000,186853,31.06
2026-01-23,287000,288000,274500,277000,182602,31.06
2026-01-26,275000,278500,270000,276000,168716,31.19
2026-01-27,276500,276500,255500,257500,632098,30.12
2026-01-28,260000,260500,255500,257500,274435,30.07
2026-01-29,257000,257500,245000,248000,558520,29.91
2026-01-30,251000,251500,243000,245000,335483,29.64
2026-02-02,239500,245500,236000,238000,266011,29.79
2026-02-03,244000,246500,240500,244500,199697,29.83
2026-02-04,244500,249500,244000,247000,154242,29.59
2026-02-05,244000,245000,234000,236000,213104,29.47
2026-02-06,230000,234000,226000,232500,164426,29.57
2026-02-09,239000,239000,233500,235500,153306,29.56
2026-02-10,252000,256500,242500,243500,362416,29.41
2026-02-11,246000,254500,242500,251000,348025,29.5
2026-02-12,253500,254000,248000,253500,210626,29.32
2026-02-13,247500,247500,241000,242500,219957,29.07
2026-02-19,246000,255500,246000,253000,208334,29.49
2026-02-20,252000,259000,251000,256000,190352,29.79
2026-02-23,260000,276500,260000,271000,392957,30.74
2026-02-24,269000,276500,265000,276500,184726,30.99
2026-02-25,280500,294500,275000,287500,326274,31.48
2026-02-26,294000,353500,292500,345000,1150873,32.47
2026-02-27,333000,333000,312000,319000,427958,31.83
2026-03-03,310500,313500,285000,285000,282899,31.78
2026-03-04,267500,278500,240500,246000,380687,31.99
2026-03-05,267500,273500,259500,263500,260846,31.85
2026-03-06,259500,273500,258000,270000,190301,31.8
2026-03-09,249000,254500,240000,250500,166051,31.76
2026-03-10,264000,264500,252500,258000,135821,31.75
2026-03-11,265500,272500,257000,261000,178492,31.77
2026-03-12,256500,260500,251500,254000,168505,31.88
2026-03-13,245500,252500,242500,250000,130060,31.81
2026-03-16,250000,258500,249500,254000,85820,31.85
2026-03-17,260000,264000,254500,255500,121338,31.74
2026-03-18,261000,269000,259500,268500,141335,31.95
2026-03-19,261000,293000,260000,286000,340684,32.17
2026-03-20,289000,299000,286000,296000,227695,32.37
2026-03-23,282500,304500,278000,290000,269547,32.43
2026-03-24,304000,304500,277500,292000,174670,32.38
2026-03-25,300000,318000,297500,313000,413296,32.61
2026-03-26,310000,323000,301500,303000,204502,32.43
2026-03-27,298000,322500,296500,320500,466427,32.15
2026-03-30,304000,314000,300500,308000,212428,31.98
2026-03-31,301500,310000,291500,293500,218739,31.92
2026-04-01,316000,348000,313500,343000,526365,32.23
2026-04-02,337000,345000,320000,328500,324960,32.24
2026-04-03,339000,347500,318500,324500,276917,32.23
2026-04-06,325000,342000,322500,336500,247174,32.16
2026-04-07,342000,345500,320000,325500,199722,31.99
2026-04-08,348500,356000,335500,347000,268614,32.05
2026-04-09,343500,353000,340000,341000,196722,32.2
2026-04-10,349500,383500,349000,380000,532942,32.24
2026-04-13,366000,377000,358000,361500,207578,32.13
2026-04-14,371500,373500,360000,370500,148905,32.08
2026-04-15,373000,389000,373000,383000,252722,32.01
2026-04-16,379500,384000,372000,379000,150011,31.87
2026-04-17,383000,398500,376500,394000,207442,31.87
2026-04-20,404000,417000,394500,409500,212030,31.65
2026-04-21,414500,429500,409000,425000,201193,31.35
2026-04-22,453000,505000,446500,500000,598835,30.97
2026-04-23,534000,535000,484500,500000,495857,30.29
2026-04-24,537000,568000,522000,542000,486132,30.06
2026-04-27,542000,549000,517000,536000,420637,29.63
2026-04-28,568000,596000,555000,577000,410687,29.24
2026-04-29,587000,596000,571000,592000,246944,29.07
2026-04-30,589000,600000,568000,573000,286326,29.16
2026-05-04,589000,605000,572000,595000,251351,29.21
2026-05-06,618000,640000,595000,632000,349979,29.57
2026-05-07,643000,649000,610000,637000,222412,29.46
2026-05-08,622000,635000,592000,624000,205522,29.49
2026-05-11,630000,705000,606000,688000,329035,29.54
2026-05-12,712000,730000,639000,696000,337149,29.25
2026-05-13,697000,757000,677000,753000,435688,28.67
2026-05-14,760000,777000,744000,760000,251180,28.32
2026-05-15,798000,818000,712000,732000,403497,28.16
2026-05-18,720000,773000,673000,760000,299595,27.97
2026-05-19,799000,829000,771000,793000,427309,27.57
2026-05-20,776000,776000,710000,760000,462168,27.45
2026-05-21,775000,848000,769000,838000,286368,27.5
2026-05-22,857000,874000,817000,864000,265163,27.2
2026-05-26,935000,1115000,933000,1068000,682399,26.73
2026-05-27,1266000,1295000,1034000,1044000,997730,25.54
2026-05-28,1029000,1170000,1011000,1134000,890116,24.92
2026-05-29,1193000,1474000,1145000,1458000,1402802,24.67
2026-06-01,1601000,1788000,1490000,1530000,1530691,23.42
2026-06-02,1381000,1381000,1150000,1252000,1113092,23.26
2026-06-04,1192000,1208000,1141000,1173000,517511,23.44
2026-06-05,1091000,1242000,1074000,1160000,889526,23.08
2026-06-08,985000,1188000,976000,1095000,504487,23.28
2026-06-09,1147000,1169000,986000,1137000,753937,23.02
2026-06-10,1090000,1164000,1039000,1090000,489470,23.0
2026-06-11,1023000,1098000,1009000,1072000,417320,23.03
2026-06-12,1163000,1192000,1013000,1036000,470779,23.09
2026-06-15,1091000,1226000,1090000,1209000,542578,23.23
2026-06-16,1290000,1301000,1210000,1236000,516339,22.81
2026-06-17,1207000,1305000,1202000,1248000,317100,22.69
2026-06-18,1230000,1320000,1200000,1283000,738271,22.5
2026-06-19,1293000,1295000,1122000,1145000,703406,22.16
2026-06-22,1144000,1182000,1115000,1130000,298767,22.44
2026-06-23,1121000,1132000,973000,991000,511102,22.83
2026-06-24,969000,1022000,936000,957000,404278,22.99
2026-06-25,1002000,1016000,943000,953000,282753,22.97
2026-06-26,923000,1005000,901000,931000,468089,22.95
2026-06-29,927000,928000,873000,915000,253374,23.15
2026-06-30,926000,984000,897000,981000,255297,23.33
