date,open,high,low,close,volume,foreign_ownership_ratio
2016-07-01,13290,13602,12755,12844,552355,7.41
2016-07-04,13156,13334,12665,12844,628720,7.4
2016-07-05,12844,12844,12086,12309,589863,7.41
2016-07-06,12086,12799,11729,12443,802486,7.43
2016-07-07,12621,12710,12219,12443,366305,7.55
2016-07-08,12398,12398,11863,11997,519313,7.55
2016-07-11,11996,12130,11461,11640,480647,7.56
2016-07-12,11818,13022,11461,11819,2132397,7.53
2016-07-13,12041,12175,11684,11685,622258,7.53
2016-07-14,11550,11684,11149,11462,804308,7.31
2016-07-15,13870,14182,11640,11774,4488531,7.25
2016-07-18,11417,11461,10971,11150,1003494,7.32
2016-07-19,10792,10971,10525,10882,855428,7.26
2016-07-20,10792,10837,9945,9990,1304129,7.14
2016-07-21,10123,10703,9945,10213,1423230,7.1
2016-07-22,10391,10614,10168,10213,437322,7.17
2016-07-25,10213,10302,10079,10124,261936,7.17
2016-07-26,10079,10079,9811,9945,338836,7.15
2016-07-27,9945,9945,9588,9678,353143,7.16
2016-07-28,9544,9990,9499,9678,264660,7.1
2016-07-29,9677,9722,9410,9455,361113,7.1
2016-08-01,9499,9722,9365,9410,306793,7.18
2016-08-02,9410,9588,9321,9455,416325,7.08
2016-08-03,6645,7510,6645,6815,27047568,0.0
2016-08-04,6868,6903,6109,6333,14197313,10.76
2016-08-05,6422,6814,6395,6583,11066578,10.88
2016-08-08,6645,6654,6324,6395,2855231,10.87
2016-08-09,6386,6484,6315,6378,1804960,10.91
2016-08-10,6404,6404,6234,6279,2189060,10.87
2016-08-11,6261,6288,6047,6101,2950131,10.89
2016-08-12,6101,6306,6092,6226,2074168,10.89
2016-08-16,6234,6243,6118,6155,1405366,10.87
2016-08-17,6154,6368,6101,6163,1614762,10.87
2016-08-18,6199,6261,6163,6181,871895,10.89
2016-08-19,6243,6243,6145,6190,733014,10.86
2016-08-22,6217,6306,6101,6172,1118667,10.9
2016-08-23,6225,6261,6109,6128,1038460,10.93
2016-08-24,6145,6172,6056,6065,857520,10.87
2016-08-25,6047,6065,5922,5932,1408275,10.85
2016-08-26,6002,6163,5726,6048,2460716,10.87
2016-08-29,6127,6350,6002,6163,2712226,10.84
2016-08-30,6225,7019,6163,6627,12888443,10.64
2016-08-31,7091,8491,6877,8322,51168100,10.83
2016-09-01,8518,8527,7884,8161,26123706,7.98
2016-09-02,7938,8518,7769,8420,22882214,7.76
2016-09-05,8500,8509,7929,8117,10696352,7.74
2016-09-06,7849,8018,7403,7626,10742393,7.76
2016-09-07,7777,8322,7697,8233,16856732,7.65
2016-09-08,7983,8322,7893,7930,8889344,7.62
2016-09-09,7965,8063,7528,7662,3926825,7.63
2016-09-12,7483,7519,6993,7136,4192507,7.63
2016-09-13,7153,7439,7001,7180,2694980,7.69
2016-09-19,7180,7180,6814,6886,2744034,7.75
2016-09-20,6841,6885,6609,6672,2536015,7.74
2016-09-21,6778,7751,6761,7225,9659520,7.64
2016-09-22,7055,7331,7010,7171,2938737,7.75
2016-09-23,7314,7474,7278,7323,2523254,7.74
2016-09-26,7911,8197,7724,7760,6447382,7.66
2016-09-27,7661,8045,7546,7823,7312343,7.65
2016-09-28,7795,7795,7590,7591,2234843,7.64
2016-09-29,7608,7706,7483,7493,1658427,7.62
2016-09-30,7492,7528,7207,7234,1907801,7.6
2016-10-04,7207,7385,7207,7252,980084,7.59
2016-10-05,7242,7260,7126,7145,865590,7.57
2016-10-06,7269,7287,7189,7207,770987,7.58
2016-10-07,7224,7224,7091,7127,1011203,7.59
2016-10-10,7162,7180,7010,7118,656280,7.6
2016-10-11,7117,7171,7073,7118,586974,7.6
2016-10-12,7135,7251,7135,7216,798450,7.62
2016-10-13,7224,7661,7162,7448,3050285,7.65
2016-10-14,7403,8473,7296,8233,14914079,7.6
2016-10-17,8072,8125,7786,7805,4395880,7.61
2016-10-18,7965,8161,7724,7769,3829284,7.56
2016-10-19,7742,7902,7626,7796,1726352,7.55
2016-10-20,8018,8027,7813,7831,1911024,7.52
2016-10-21,7893,7893,7724,7733,1204545,7.5
2016-10-24,7849,7947,7786,7840,1184158,7.5
2016-10-25,7822,7876,7688,7733,1205483,7.49
2016-10-26,7581,7590,7340,7501,1743191,7.47
2016-10-27,7439,7697,7403,7591,1041256,7.46
2016-10-28,7679,7965,7590,7787,2049033,7.44
2016-10-31,7840,8206,7644,7778,5526417,7.53
2016-11-01,7974,8161,7769,7778,2332887,7.52
2016-11-02,7849,7867,7492,7493,1503903,7.48
2016-11-03,7465,7626,7340,7457,1313394,7.49
2016-11-04,7813,7840,7546,7564,1661201,7.51
2016-11-07,7528,7608,7394,7501,877737,7.5
2016-11-08,7581,7644,7501,7528,811613,7.49
2016-11-09,7563,7608,6787,7118,3945399,7.39
2016-11-10,7269,7456,7224,7430,1573394,7.38
2016-11-11,7403,7519,7269,7439,1200202,7.38
2016-11-14,7403,7465,7224,7225,1188433,7.41
2016-11-15,6885,7064,6823,7029,2014347,7.37
2016-11-16,7010,7055,6966,7029,852737,7.33
2016-11-17,6975,7037,6752,6806,1289850,7.36
2016-11-18,6841,6948,6761,6806,706916,7.37
2016-11-21,6627,6662,6368,6440,1391735,7.41
2016-11-22,6350,6493,6101,6271,1837465,7.38
2016-11-23,6252,6466,6252,6422,950584,7.39
2016-11-24,6324,6377,6181,6199,860678,7.38
2016-11-25,6199,6805,6092,6378,2847474,7.36
2016-11-28,6431,6591,6413,6431,1005873,7.31
2016-11-29,6457,6475,6252,6297,619425,7.31
2016-11-30,6306,6529,6225,6422,635145,7.32
2016-12-01,6377,6377,5235,6065,6780951,7.29
2016-12-02,6109,6190,5985,6110,859933,7.25
2016-12-05,6092,6145,5815,6012,601054,7.27
2016-12-06,5976,6136,5976,6110,644483,7.25
2016-12-07,6332,6457,6199,6440,1445749,7.24
2016-12-08,6493,6636,6359,6547,1120693,7.23
2016-12-09,6109,6341,5788,6163,3737504,7.24
2016-12-12,6493,6493,6217,6235,1854236,7.25
2016-12-13,6172,6225,6038,6083,1505670,7.26
2016-12-14,6101,6261,6047,6110,916313,7.27
2016-12-15,6109,6315,6109,6253,983785,7.3
2016-12-16,6261,6261,6172,6199,635122,7.28
2016-12-19,6225,6225,6118,6146,425207,7.28
2016-12-20,6163,6243,6109,6163,519784,7.26
2016-12-21,6190,6324,6154,6181,884092,7.26
2016-12-22,6190,6208,6109,6110,505040,7.23
2016-12-23,6109,6109,6020,6065,610388,7.23
2016-12-26,5913,6020,5913,5923,711611,7.22
2016-12-27,5967,5976,5753,5753,1084976,7.23
2016-12-28,5753,5967,5726,5896,781578,7.27
2016-12-29,5904,6074,5895,6030,593864,7.29
2017-01-02,6074,6154,6038,6056,494276,7.36
2017-01-03,6038,6199,6011,6128,713762,7.39
2017-01-04,6181,7046,6172,6618,4620366,7.46
2017-01-05,6716,6823,6404,6547,2101828,7.41
2017-01-06,6555,6645,6493,6592,871274,7.41
2017-01-09,6520,6636,6520,6556,659958,7.42
2017-01-10,6555,6743,6484,6636,968645,7.46
2017-01-11,6654,6689,6573,6609,690277,7.46
2017-01-12,6600,7715,6547,7314,13654100,7.41
2017-01-13,7233,7617,6984,7038,5943799,7.39
2017-01-16,7073,7144,6743,6850,1773311,7.4
2017-01-17,6912,7385,6894,7154,3727756,7.31
2017-01-18,7046,7180,6957,7011,967968,7.36
2017-01-19,7117,7269,6993,7270,1197093,7.35
2017-01-20,7358,7376,7091,7162,1441032,7.29
2017-01-23,7162,7180,6966,6975,867420,7.26
2017-01-24,7135,7153,6912,6940,853836,7.26
2017-01-25,7064,7117,6912,6940,651567,7.25
2017-01-26,6957,6993,6877,6931,533766,7.24
2017-01-31,6975,6975,6823,6850,554413,7.23
2017-02-01,6850,7180,6823,7011,1640851,7.25
2017-02-02,6975,7519,6877,7216,4919930,7.25
2017-02-03,7314,7474,7153,7162,2421921,7.26
2017-02-06,7180,7331,7180,7216,912689,7.27
2017-02-07,7207,7269,7082,7127,830227,7.27
2017-02-08,7117,7242,7108,7136,666776,7.27
2017-02-09,7135,7251,7108,7162,679004,7.28
2017-02-10,7108,7305,7091,7207,1185697,7.29
2017-02-13,7260,7305,7207,7216,737676,7.29
2017-02-14,7233,7233,7010,7162,788402,7.29
2017-02-15,7189,7242,7162,7189,532212,7.29
2017-02-16,7233,7305,7189,7234,951369,7.31
2017-02-17,7358,7537,7331,7448,2392360,7.33
2017-02-20,7519,7563,7421,7448,1136137,7.33
2017-02-21,7456,7483,7376,7484,785607,7.34
2017-02-22,7492,7742,7447,7689,2253611,7.31
2017-02-23,7688,8063,7679,7796,2890541,7.24
2017-02-24,7804,7876,7661,7707,1481545,7.16
2017-02-27,7635,7670,7394,7501,1238416,7.19
2017-02-28,7519,7599,7340,7582,874763,7.19
2017-03-02,7572,7608,7421,7448,1324423,6.97
2017-03-03,7421,7421,7198,7332,1228846,6.97
2017-03-06,7394,7510,7349,7394,768285,6.89
2017-03-07,7421,7644,7403,7573,1360440,6.77
2017-03-08,7742,7804,7581,7600,924906,6.7
2017-03-09,7599,7617,7465,7493,784247,6.67
2017-03-10,7742,7849,7546,7769,2224476,6.7
2017-03-13,7804,8000,7795,7992,1645058,6.7
2017-03-14,8027,8054,7938,7992,1081234,6.67
2017-03-15,8018,8036,7911,8037,955804,6.69
2017-03-16,8152,8429,8099,8242,2266726,6.71
2017-03-17,8473,8643,8125,8126,4554491,6.43
2017-03-20,8027,8027,7786,7876,1539910,6.5
2017-03-21,7929,8054,7876,7983,862226,6.51
2017-03-22,7893,7938,7724,7733,1457855,6.52
2017-03-23,7760,7902,7760,7814,843680,6.53
2017-03-24,7884,7884,7590,7796,1303855,6.51
2017-03-27,7670,7760,7581,7591,1024947,6.4
2017-03-28,7599,7653,7394,7626,1158420,6.32
2017-03-29,7626,7644,7492,7501,589207,6.3
2017-03-30,7563,7563,7376,7421,836624,6.24
2017-03-31,7421,7492,7349,7359,749252,6.14
2017-04-03,7358,7385,7144,7180,1816150,7.03
2017-04-04,7251,7251,7037,7082,1483375,6.85
2017-04-05,7091,7224,7010,7091,1107725,6.67
2017-04-06,7100,7108,6948,6984,1040127,6.59
2017-04-07,7010,7162,6939,7100,951506,6.53
2017-04-10,7126,7126,6877,6886,1097642,6.46
2017-04-11,6859,6984,6734,6841,926145,6.47
2017-04-12,6841,7073,6823,7047,729536,6.47
2017-04-13,7046,7046,6912,6966,469551,6.42
2017-04-14,6957,7001,6903,6948,434114,6.42
2017-04-17,6993,7207,6993,7118,739365,6.39
2017-04-18,7135,7287,7073,7261,915788,6.44
2017-04-19,7260,7331,7144,7216,576266,6.41
2017-04-20,7224,7394,7171,7314,878562,6.36
2017-04-21,7349,7465,7314,7430,931658,6.43
2017-04-24,7519,7697,7510,7626,1608760,6.51
2017-04-25,7733,7733,7581,7644,848315,6.54
2017-04-26,7697,7697,7537,7635,838277,6.57
2017-04-27,7679,7679,7581,7617,598001,6.55
2017-04-28,7661,7813,7617,7716,1013960,6.59
2017-05-02,7786,7876,7679,7840,1230605,6.59
2017-05-04,7849,8090,7849,8054,2053577,6.78
2017-05-08,8116,8206,8027,8206,1917067,6.81
2017-05-10,8304,8482,8027,8206,3324342,6.62
2017-05-11,8161,8161,7867,8019,2027510,6.69
2017-05-12,8072,8161,7974,8161,1209156,6.74
2017-05-15,8161,8161,7858,7894,2083234,6.74
2017-05-16,7849,8027,7724,7912,1595757,6.62
2017-05-17,7884,7884,7554,7653,2520007,6.44
2017-05-18,7492,7554,7394,7457,1423152,6.39
2017-05-19,7519,7724,7501,7662,1011049,6.43
2017-05-22,7724,7804,7706,7751,887082,6.38
2017-05-23,7769,7947,7679,7885,1094071,6.44
2017-05-24,7911,7956,7813,7885,967465,6.38
2017-05-25,7867,7947,7831,7894,826954,6.4
2017-05-26,7974,8241,7965,8161,2726619,6.45
2017-05-29,8161,8161,8000,8028,1277597,6.44
2017-05-30,7983,8081,7911,8081,916515,6.42
2017-05-31,8143,8232,8099,8117,1369427,6.42
2017-06-01,8179,8197,8081,8170,967245,6.51
2017-06-02,8197,8206,8125,8135,852806,6.02
2017-06-05,8134,8161,8018,8090,997922,6.01
2017-06-07,7956,8107,7911,8037,925971,5.96
2017-06-08,8027,8107,7938,7939,994884,5.79
2017-06-09,7938,7938,7831,7930,1294072,5.84
2017-06-12,7858,7992,7858,7876,507779,5.81
2017-06-13,7893,8045,7893,7956,857649,5.83
2017-06-14,7983,8161,7920,8126,2078387,5.92
2017-06-15,8161,8170,7983,7992,922116,5.82
2017-06-16,8027,8045,7974,8037,547949,5.81
2017-06-19,8036,8081,7893,7947,757750,5.79
2017-06-20,7911,7911,7786,7805,1194960,5.78
2017-06-21,7795,7831,7688,7760,590069,5.76
2017-06-22,7724,7813,7661,7671,645318,5.77
2017-06-23,7670,7884,7635,7823,510062,5.8
2017-06-26,7822,7822,7706,7733,619806,5.76
2017-06-27,7804,7804,7715,7724,437522,5.74
2017-06-28,7697,7751,7653,7707,464044,5.73
2017-06-29,7715,7831,7679,7769,531674,5.7
2017-06-30,7760,7911,7742,7805,632923,5.76
2017-07-03,7893,8179,7858,7974,2005949,5.75
2017-07-04,8054,8063,7849,7903,731250,5.74
2017-07-05,7867,7938,7849,7912,377082,5.75
2017-07-06,7867,7992,7867,7876,397036,5.76
2017-07-07,7876,8009,7876,7921,583675,5.77
2017-07-10,7929,8000,7867,7867,487189,5.77
2017-07-11,7929,7929,7804,7805,517348,5.72
2017-07-12,7893,7893,7804,7814,445752,5.74
2017-07-13,7840,7911,7777,7840,399092,5.75
2017-07-14,7822,7822,7679,7751,785657,5.73
2017-07-17,7706,7911,7706,7849,702670,5.88
2017-07-18,7920,8054,7849,7912,1276137,5.87
2017-07-19,7920,7929,7769,7796,812380,5.78
2017-07-20,7786,7822,7742,7769,674954,5.84
2017-07-21,7769,7831,7760,7805,494189,5.68
2017-07-24,7822,7867,7653,7671,869968,5.62
2017-07-25,7670,7679,7510,7537,1135345,5.67
2017-07-26,7537,7537,7171,7225,2288568,5.53
2017-07-27,7180,7287,7144,7270,652274,5.59
2017-07-28,7269,7287,7073,7127,1006611,5.61
2017-07-31,7037,7055,6903,6948,820825,5.6
2017-08-01,6885,7162,6885,7162,506811,5.6
2017-08-02,7198,7242,7100,7154,416882,5.56
2017-08-03,7126,7135,6930,7064,726532,5.55
2017-08-04,7108,7189,7037,7136,407043,5.56
2017-08-07,7153,7367,7135,7332,670598,5.6
2017-08-08,7331,7376,7278,7314,327444,5.6
2017-08-09,7305,7305,7162,7198,318469,5.62
2017-08-10,7126,7242,7108,7136,352751,5.65
2017-08-11,7046,7117,6948,6975,690596,5.64
2017-08-14,7019,7135,7010,7136,363123,5.67
2017-08-16,7224,7305,7180,7296,541650,5.72
2017-08-17,7269,7430,7224,7394,535864,5.76
2017-08-18,7314,7412,7296,7385,300657,5.78
2017-08-21,7430,7546,7385,7466,633636,5.84
2017-08-22,7617,8072,7599,7724,3222180,5.78
2017-08-23,7769,7786,7635,7671,780342,5.79
2017-08-24,7670,7795,7626,7760,557444,5.87
2017-08-25,7769,7876,7697,7796,789978,5.94
2017-08-28,7867,7876,7760,7796,500871,6.02
2017-08-29,7679,7760,7644,7680,677261,6.05
2017-08-30,7697,7760,7661,7733,424427,6.02
2017-08-31,7777,7974,7769,7939,1976240,6.29
2017-09-01,8018,8099,7893,7992,1606253,6.42
2017-09-04,7661,8063,7644,7912,2015342,6.61
2017-09-05,8036,8072,7929,8028,1322399,6.7
2017-09-06,8027,8250,8027,8197,3229151,6.84
2017-09-07,8206,8313,7965,8072,2487818,6.68
2017-09-08,8081,8090,7777,7840,1887187,6.86
2017-09-11,7884,8081,7858,7965,1134632,6.96
2017-09-12,8027,8090,7929,8063,1076255,7.05
2017-09-13,8090,8161,8009,8081,918602,7.22
2017-09-14,8081,8116,7983,8081,766696,7.24
2017-09-15,8063,8143,7929,8001,3548897,7.48
2017-09-18,8018,8018,7777,7796,1414465,7.65
2017-09-19,7795,7858,7688,7760,947583,7.68
2017-09-20,7742,7849,7706,7724,604291,7.56
2017-09-21,7715,7751,7501,7671,759526,7.49
2017-09-22,7688,7688,7447,7475,870808,7.51
2017-09-25,7474,7474,7269,7314,777184,7.59
2017-09-26,7287,7501,7251,7493,658125,7.67
2017-09-27,7528,7554,7403,7448,328674,7.69
2017-09-28,7447,7474,7340,7350,334568,7.68
2017-09-29,7367,7430,7323,7359,315408,7.07
2017-10-10,7403,7519,7314,7323,607642,6.64
2017-10-11,7358,7430,7278,7430,629466,6.46
2017-10-12,7430,7439,7216,7243,857904,6.42
2017-10-13,7251,7376,7144,7171,766037,6.41
2017-10-16,5976,6297,5735,6137,4302237,6.43
2017-10-17,6092,6172,5958,6137,1229239,6.43
2017-10-18,6234,6350,6065,6155,1179396,6.29
2017-10-19,6154,6163,6083,6137,479004,6.33
2017-10-20,6145,6145,6047,6074,576633,6.34
2017-10-23,6127,6127,5976,5976,754386,6.36
2017-10-24,5958,6074,5842,5985,642053,6.34
2017-10-25,5994,6109,5967,6074,507656,6.34
2017-10-26,6109,6181,6047,6146,638735,6.4
2017-10-27,6136,6502,6109,6449,1362922,6.5
2017-10-30,6386,6662,6377,6645,1030511,6.56
2017-10-31,6555,6930,6555,6601,1339610,6.64
2017-11-01,6413,6555,6413,6440,1534798,6.7
2017-11-02,6700,6870,6610,6680,1320128,6.61
2017-11-03,6750,6750,6590,6740,589707,6.49
2017-11-06,6700,6780,6590,6730,603282,6.66
2017-11-07,6700,6740,6610,6700,454765,6.72
2017-11-08,6660,6700,6610,6630,716127,6.74
2017-11-09,6610,6620,6510,6520,1220834,6.83
2017-11-10,6500,6500,6220,6300,2143149,6.73
2017-11-13,6240,6240,6020,6050,2062288,6.51
2017-11-14,6060,6160,6030,6130,1545415,6.42
2017-11-15,6120,6120,6000,6000,1271604,6.35
2017-11-16,6010,6090,5940,6010,1028230,6.23
2017-11-17,6010,6140,5960,6040,1801704,6.14
2017-11-20,6040,6040,5910,5920,1493455,6.02
2017-11-21,5860,5870,5390,5480,4146677,5.53
2017-11-22,5460,5480,5360,5400,1652958,5.56
2017-11-23,5410,5460,5340,5380,1459038,5.51
2017-11-24,5380,5460,5370,5400,1183252,5.44
2017-11-27,5400,5500,5320,5320,1605053,5.43
2017-11-28,5390,5520,5360,5430,1972867,5.33
2017-11-29,5370,5420,5330,5370,862004,5.34
2017-11-30,5390,5850,5320,5850,5753422,5.94
2017-12-01,5800,5820,5500,5530,2380521,6.09
2017-12-04,5560,5570,5370,5370,2271889,6.14
2017-12-05,5390,5400,5260,5260,3326196,5.96
2017-12-06,5290,5330,5210,5310,1607154,5.89
2017-12-07,5300,5300,5180,5220,1726075,5.98
2017-12-08,5230,5290,5140,5170,1034967,5.98
2017-12-11,5170,5280,5160,5250,660458,5.97
2017-12-12,5230,5240,5120,5190,928514,5.76
2017-12-13,5200,5200,5100,5150,823412,5.77
2017-12-14,5190,5190,5100,5130,565223,5.78
2017-12-15,5120,5280,5110,5240,987990,5.8
2017-12-18,5240,5240,5120,5120,837715,5.81
2017-12-19,5110,5120,4995,5020,1257622,5.73
2017-12-20,5000,5020,4925,4930,1170848,5.72
2017-12-21,4920,4925,4720,4725,1705382,5.72
2017-12-22,4670,4825,4610,4720,2074099,5.88
2017-12-26,4720,4850,4710,4760,1158980,7.57
2017-12-27,4800,5010,4780,4970,4053766,7.84
2017-12-28,4970,5040,4955,5020,1371314,7.82
2018-01-02,5110,5190,5000,5010,34200664,17.1
2018-01-03,5030,5040,4730,4790,9789137,15.39
2018-01-04,4770,4770,4615,4625,7564802,14.05
2018-01-05,4635,4670,4550,4635,5455001,13.14
2018-01-08,4680,4685,4500,4520,5185456,12.54
2018-01-09,4540,4545,4335,4425,8108948,11.79
2018-01-10,4405,4605,4345,4585,5714907,11.44
2018-01-11,4575,4595,4480,4510,2256464,11.2
2018-01-12,4595,4665,4540,4660,3596327,10.87
2018-01-15,4690,4770,4620,4665,2563452,10.74
2018-01-16,4620,4690,4590,4620,656211,10.68
2018-01-17,0,0,0,4620,0,10.68
2018-01-18,0,0,0,4620,0,10.67
2018-01-19,0,0,0,4620,0,10.6
2018-01-22,0,0,0,4620,0,10.59
2018-01-23,0,0,0,4620,0,10.58
2018-01-24,0,0,0,4620,0,10.56
2018-01-25,0,0,0,4620,0,10.55
2018-01-26,0,0,0,4620,0,10.55
2018-01-29,0,0,0,4620,0,10.51
2018-01-30,0,0,0,4620,0,10.51
2018-01-31,0,0,0,4620,0,10.51
2018-02-01,0,0,0,4620,0,10.51
2018-02-02,4780,5040,4745,4800,13958231,9.66
2018-02-05,4730,4730,4500,4510,4672756,9.45
2018-02-06,4300,4350,4225,4350,4018346,9.2
2018-02-07,4400,4450,4235,4235,2396670,9.12
2018-02-08,4235,4300,4145,4200,2404295,9.12
2018-02-09,4070,4095,4010,4040,2873330,9.08
2018-02-12,4115,4160,4005,4080,2662687,8.65
2018-02-13,4100,4270,4070,4155,2145965,8.56
2018-02-14,4135,4365,4130,4300,2208771,8.47
2018-02-19,4350,4485,4325,4470,2288209,8.63
2018-02-20,4450,4545,4345,4365,1927429,8.66
2018-02-21,4350,4435,4350,4390,923917,8.69
2018-02-22,4390,4390,4260,4280,1251889,8.66
2018-02-23,4280,4370,4180,4365,1235911,8.73
2018-02-26,4420,4455,4360,4370,1154044,8.71
2018-02-27,4425,4425,4300,4300,857599,8.71
2018-02-28,4315,4365,4245,4365,761695,8.81
2018-03-02,4300,4305,4210,4215,1309044,8.72
2018-03-05,4240,4370,4160,4235,1441272,8.74
2018-03-06,4275,4360,4220,4355,1487589,8.75
2018-03-07,4655,4690,4375,4390,6103146,8.41
2018-03-08,4395,4415,4240,4275,2204603,8.39
2018-03-09,4350,4535,4290,4380,7678223,8.32
2018-03-12,4445,4475,4315,4380,2033013,8.45
2018-03-13,4380,4480,4355,4440,2233267,8.55
2018-03-14,4400,4460,4340,4355,1576017,8.47
2018-03-15,4320,4330,4240,4305,1616676,8.47
2018-03-16,4310,4425,4300,4335,2884779,8.45
2018-03-19,4340,4425,4265,4285,2651916,8.38
2018-03-20,4295,4415,4285,4390,1865037,8.54
2018-03-21,4415,4460,4340,4380,2130948,8.53
2018-03-22,4370,4455,4370,4425,2156127,8.63
2018-03-23,4360,4400,4250,4270,2357143,8.55
2018-03-26,4230,4335,4230,4310,1312871,8.67
2018-03-27,4320,4440,4295,4435,1804840,8.79
2018-03-28,4395,4485,4315,4320,3291904,8.54
2018-03-29,4300,4395,4300,4365,1327174,8.62
2018-03-30,4405,4405,4335,4375,1044668,8.63
2018-04-02,4375,4470,4375,4420,2311458,8.64
2018-04-03,4375,4490,4370,4450,2583588,8.49
2018-04-04,4470,4700,4405,4485,8690777,7.82
2018-04-05,4530,5650,4510,5150,71697983,8.86
2018-04-06,5300,5480,5010,5180,21018367,8.16
2018-04-09,5180,5180,4850,4875,9478692,7.67
2018-04-10,4835,4840,4640,4690,8126863,7.65
2018-04-11,4805,4825,4715,4780,4805445,7.55
2018-04-12,4805,4970,4775,4790,6367437,7.31
2018-04-13,4805,4825,4685,4740,3427677,7.37
2018-04-16,4715,4715,4535,4600,5261617,7.12
2018-04-17,4600,4675,4535,4575,3813199,6.97
2018-04-18,4620,4815,4600,4815,9082223,6.76
2018-04-19,4900,5040,4850,4955,15809005,6.52
2018-04-20,5020,5030,4805,4895,5667010,6.47
2018-04-23,5040,5340,4895,5190,28778966,6.11
2018-04-24,5220,5220,4980,5040,7477743,5.81
2018-04-25,5000,5030,4880,4900,5041518,5.62
2018-04-26,4905,5340,4905,5280,17980456,5.75
2018-04-27,5390,5420,5090,5260,15182607,5.45
2018-04-30,5300,6540,5140,6070,69084199,5.79
2018-05-02,6300,6620,5900,6100,31402922,5.55
2018-05-03,5930,5970,5680,5800,11688589,5.38
2018-05-04,5750,6080,5580,5910,10698098,5.24
2018-05-08,5730,5910,5570,5570,7503974,5.2
2018-05-09,5600,5750,5300,5670,7859274,5.23
2018-05-10,5750,5970,5670,5730,7128058,5.09
2018-05-11,5730,5800,5570,5780,4691935,5.15
2018-05-14,5950,6360,5890,6180,21392613,5.19
2018-05-15,6260,6650,6060,6440,23600217,5.18
2018-05-16,5900,6340,5900,6010,16784297,5.14
2018-05-17,5980,6230,5960,6050,8697091,5.14
2018-05-18,6050,6100,5840,6000,5581805,5.15
2018-05-21,6000,6060,5900,6000,3168281,5.16
2018-05-23,5870,6060,5710,5980,4953512,5.32
2018-05-24,6080,6090,5800,5870,3597501,5.31
2018-05-25,5220,5520,5190,5390,9794335,5.53
2018-05-28,6130,6840,6000,6600,46346415,6.25
2018-05-29,6580,6580,6090,6140,15179916,6.13
2018-05-30,6140,6250,5960,6070,6670692,6.09
2018-05-31,6080,6150,5760,5910,7924579,5.95
2018-06-01,5910,5970,5650,5670,5524909,5.93
2018-06-04,5810,5890,5600,5730,3724556,5.63
2018-06-05,5680,5810,5600,5810,2721019,5.74
2018-06-07,5810,5830,5720,5740,2186421,5.6
2018-06-08,5770,5780,5580,5660,3001757,5.5
2018-06-11,5660,5800,5640,5780,2449969,5.47
2018-06-12,5850,5860,5510,5620,4280194,5.48
2018-06-14,5430,5510,5250,5330,4592129,5.73
2018-06-15,5400,5660,5400,5470,3444263,5.75
2018-06-18,5580,5720,5360,5450,3726123,5.7
2018-06-19,5450,5590,5150,5160,3188721,5.56
2018-06-20,5160,5390,5050,5390,2357346,5.69
2018-06-21,5400,5410,5130,5160,1653062,5.67
2018-06-22,5200,5300,5130,5250,1725741,5.76
2018-06-25,5280,5330,5150,5280,1311471,5.77
2018-06-26,5200,5270,5110,5130,1602155,5.76
2018-06-27,5160,5180,4900,4930,3303044,5.66
2018-06-28,4860,5050,4825,4830,1625765,5.73
2018-06-29,4870,5030,4800,5030,1637367,5.84
2018-07-02,5000,5010,4750,4750,1819063,5.73
2018-07-03,4755,4825,4660,4790,1429719,5.68
2018-07-04,4755,4815,4705,4780,883069,5.67
2018-07-05,4780,4780,4610,4670,1274748,5.65
2018-07-06,4675,4765,4600,4730,1421833,5.68
2018-07-09,4600,4610,4475,4505,2153415,5.6
2018-07-10,4515,4610,4510,4580,1016145,5.65
2018-07-11,4580,4645,4525,4610,1060545,5.64
2018-07-12,4635,4670,4555,4570,1051809,5.61
2018-07-13,4610,4635,4565,4625,1059279,5.62
2018-07-16,4700,4700,4620,4625,626296,5.59
2018-07-17,4665,4825,4625,4695,1287547,5.62
2018-07-18,4710,4710,4510,4545,1072354,5.57
2018-07-19,4545,4570,4465,4485,1046460,5.56
2018-07-20,4500,4510,4385,4460,1126187,5.58
2018-07-23,4450,4450,4265,4285,1346301,5.61
2018-07-24,4310,4495,4310,4445,1291982,5.78
2018-07-25,4470,4510,4390,4410,862485,5.81
2018-07-26,4410,4630,4405,4590,1385551,5.92
2018-07-27,4595,4610,4505,4580,675518,5.91
2018-07-30,4580,4805,4565,4805,2061287,6.1
2018-07-31,4895,4895,4680,4785,1342839,6.02
2018-08-01,4820,4860,4740,4840,1019214,6.09
2018-08-02,4880,4900,4750,4850,899879,6.14
2018-08-03,4890,4895,4795,4850,766980,6.19
2018-08-06,4800,4850,4765,4775,748350,6.2
2018-08-07,4775,4860,4715,4820,734944,6.25
2018-08-08,4815,4990,4800,4905,1253328,6.37
2018-08-09,4950,4960,4790,4805,991927,6.36
2018-08-10,4895,4915,4780,4850,1136579,6.47
2018-08-13,4895,4900,4660,4660,1252948,6.47
2018-08-14,4665,4790,4665,4790,1036340,6.53
2018-08-16,4685,4845,4650,4820,1365180,6.28
2018-08-17,4820,4965,4820,4910,1331154,6.4
2018-08-20,4870,4950,4855,4905,819853,6.45
2018-08-21,4910,4940,4830,4845,911192,6.44
2018-08-22,4875,4965,4790,4950,1475546,6.55
2018-08-23,5200,5200,4915,4930,2701081,6.38
2018-08-24,4895,4930,4845,4890,1309689,6.36
2018-08-27,4730,4750,4655,4665,1651224,6.26
2018-08-28,4665,4725,4600,4655,1001589,6.28
2018-08-29,4630,4675,4610,4650,839427,6.3
2018-08-30,4620,4680,4620,4625,757720,6.34
2018-08-31,4605,4605,4520,4550,1124252,6.32
2018-09-03,4595,4595,4505,4525,828469,6.33
2018-09-04,4525,4575,4525,4575,607658,6.37
2018-09-05,4590,4685,4590,4650,1085245,6.45
2018-09-06,4655,4745,4605,4625,1083018,6.49
2018-09-07,4615,4710,4600,4695,1017487,6.6
2018-09-10,4750,4750,4645,4720,1211830,6.66
2018-09-11,4750,4775,4675,4695,998488,6.69
2018-09-12,4715,4725,4590,4650,1094096,6.61
2018-09-13,4610,4830,4605,4795,1989527,6.77
2018-09-14,4760,4825,4720,4775,901485,6.74
2018-09-17,4840,4865,4655,4690,1483123,6.69
2018-09-18,4695,4700,4600,4615,1208303,6.68
2018-09-19,4665,5470,4560,4935,20780887,6.45
2018-09-20,5100,5250,4910,4935,8140722,6.27
2018-09-21,5000,5060,4905,4990,2862334,6.32
2018-09-27,5020,5100,4835,4905,2704353,6.28
2018-09-28,4875,4970,4720,4920,2514545,6.22
2018-10-01,4970,4970,4810,4810,1196503,6.23
2018-10-02,4795,4860,4715,4735,1160280,6.23
2018-10-04,4800,4885,4760,4785,1466736,6.21
2018-10-05,4785,4975,4735,4880,2510152,6.2
2018-10-08,4940,4975,4780,4790,1327819,6.15
2018-10-10,4745,4865,4600,4650,1834511,6.26
2018-10-11,4410,4565,4375,4400,2130347,6.21
2018-10-12,4350,4500,4345,4465,1755091,6.36
2018-10-15,4700,4820,4540,4565,3051787,6.28
2018-10-16,4560,4590,4480,4535,970188,6.29
2018-10-17,4540,4585,4505,4510,889587,6.27
2018-10-18,4505,4570,4445,4465,1097706,6.22
2018-10-19,4430,4560,4360,4505,871088,6.29
2018-10-22,4500,4500,4385,4405,927014,6.29
2018-10-23,4400,4425,4250,4270,1429262,6.29
2018-10-24,4335,4390,4165,4195,1127277,6.32
2018-10-25,4080,4150,3995,4070,1583614,6.33
2018-10-26,4105,4105,3840,3860,2384896,6.38
2018-10-29,3850,3905,3625,3640,1764996,6.37
2018-10-30,3540,3700,3510,3695,1976549,6.49
2018-10-31,3760,3845,3635,3780,1047770,6.5
2018-11-01,3785,3850,3755,3810,1112674,6.48
2018-11-02,3875,4080,3855,4075,1362193,6.57
2018-11-05,4075,4190,3985,4170,1105885,6.69
2018-11-06,4185,4230,4090,4140,668026,6.69
2018-11-07,4160,4270,3905,4055,1036668,6.72
2018-11-08,4130,4150,4050,4110,590152,6.72
2018-11-09,4060,4125,4050,4090,458081,6.75
2018-11-12,4085,4100,3970,4015,549396,6.77
2018-11-13,3960,4000,3880,3975,892748,6.84
2018-11-14,4005,4010,3945,3950,580492,6.84
2018-11-15,3915,3995,3840,3990,681667,6.88
2018-11-16,3990,4115,3945,4000,762098,6.9
2018-11-19,4070,4200,4055,4185,1358652,7.0
2018-11-20,4125,4250,4095,4120,879538,7.0
2018-11-21,4055,4170,4055,4130,761250,7.03
2018-11-22,4130,4160,4035,4040,545970,6.87
2018-11-23,4060,4125,4000,4000,514052,6.87
2018-11-26,4045,4090,4035,4055,470114,6.89
2018-11-27,4015,4055,3980,4000,965084,6.98
2018-11-28,4000,4005,3610,3750,4099719,6.89
2018-11-29,3725,3815,3725,3765,1128431,7.08
2018-11-30,3820,3820,3760,3780,522357,7.05
2018-12-03,3805,3890,3795,3885,845764,7.1
2018-12-04,3900,3920,3845,3900,728560,7.19
2018-12-05,3805,3870,3805,3835,643879,7.09
2018-12-06,3835,3835,3680,3700,931802,7.13
2018-12-07,3710,3780,3680,3750,634015,7.15
2018-12-10,3720,3720,3585,3645,746477,7.26
2018-12-11,3650,3665,3505,3540,1174623,7.25
2018-12-12,3510,3620,3505,3530,975819,7.27
2018-12-13,3570,3640,3535,3615,949351,7.34
2018-12-14,3615,3645,3525,3560,774052,7.35
2018-12-17,3560,3570,3385,3455,1355610,7.35
2018-12-18,3600,3600,3445,3480,1127176,7.35
2018-12-19,3500,3560,3480,3545,660930,7.38
2018-12-20,3515,3545,3440,3480,733869,7.39
2018-12-21,3495,3510,3395,3510,1027258,7.43
2018-12-24,3500,3600,3455,3585,1043437,7.58
2018-12-26,3505,3565,3475,3495,806025,7.6
2018-12-27,3545,3715,3545,3615,1358937,7.77
2018-12-28,3620,3725,3620,3695,760694,7.84
2019-01-02,3745,3955,3685,3750,2548278,7.8
2019-01-03,3750,3770,3620,3670,1180558,7.66
2019-01-04,3635,3640,3560,3635,650604,7.89
2019-01-07,3660,3775,3655,3765,907623,7.92
2019-01-08,3780,3845,3760,3770,1261887,7.88
2019-01-09,3820,3820,3770,3795,721269,8.02
2019-01-10,3795,3835,3635,3750,1673341,8.05
2019-01-11,3765,3775,3680,3730,908069,8.11
2019-01-14,3790,3820,3730,3750,1547102,8.12
2019-01-15,3750,3780,3725,3765,1283681,8.19
2019-01-16,3790,3995,3780,3870,4218932,8.31
2019-01-17,3895,3905,3795,3810,1388814,8.16
2019-01-18,3805,3865,3740,3845,1091564,8.22
2019-01-21,3875,3890,3825,3855,820669,8.19
2019-01-22,3840,3875,3830,3865,646043,8.21
2019-01-23,3795,3935,3795,3930,976430,8.27
2019-01-24,3955,3960,3870,3900,878913,8.22
2019-01-25,3900,3980,3880,3925,961120,8.25
2019-01-28,3955,3985,3905,3950,1044269,8.28
2019-01-29,3980,4095,3960,4030,2009261,8.24
2019-01-30,4020,4065,4005,4035,1035183,8.24
2019-01-31,4075,4075,4000,4005,840810,8.24
2019-02-01,4010,4295,4010,4235,2831296,8.33
2019-02-07,4290,4590,4285,4445,5705243,8.16
2019-02-08,4400,4430,4320,4415,1676065,8.14
2019-02-11,4430,4510,4405,4410,1689145,8.13
2019-02-12,4410,4455,4240,4265,1697278,7.99
2019-02-13,4210,4325,4210,4285,1083218,8.06
2019-02-14,4350,4350,4220,4285,874309,8.06
2019-02-15,4260,4350,4240,4330,875418,8.07
2019-02-18,4400,4455,4345,4430,1235425,8.01
2019-02-19,4470,4595,4445,4515,2498629,7.95
2019-02-20,4565,4570,4450,4470,1319916,7.93
2019-02-21,4465,4480,4315,4400,1407388,7.96
2019-02-22,4450,4460,4345,4370,1360555,7.97
2019-02-25,4405,4480,4340,4350,1852724,8.01
2019-02-26,4370,4465,4365,4380,2849114,8.16
2019-02-27,4465,4465,4370,4410,2470923,8.18
2019-02-28,4455,4455,3610,4000,4179735,8.24
2019-03-04,3825,3970,3820,3900,3454100,8.25
2019-03-05,3910,3940,3850,3900,1480065,8.31
2019-03-06,3920,3930,3810,3845,1330890,8.23
2019-03-07,3805,3825,3720,3755,1490348,8.15
2019-03-08,3730,3750,3680,3725,1001868,8.32
2019-03-11,3725,3800,3635,3755,1015540,8.3
2019-03-12,3760,3835,3760,3820,652689,8.21
2019-03-13,3825,3830,3740,3765,607891,8.3
2019-03-14,3760,3785,3745,3785,543429,8.3
2019-03-15,3770,3785,3655,3735,1411263,8.31
2019-03-18,3735,3780,3730,3765,617607,8.35
2019-03-19,3775,3800,3750,3755,498803,8.34
2019-03-20,3750,3750,3675,3705,630570,8.33
2019-03-21,3660,3715,3650,3665,665460,8.34
2019-03-22,3665,3685,3645,3650,570410,8.37
2019-03-25,3600,3650,3585,3615,830949,8.38
2019-03-26,3605,3650,3600,3605,595056,8.4
2019-03-27,3580,3620,3560,3570,660128,8.36
2019-03-28,3565,3585,3520,3540,533786,8.39
2019-03-29,3505,3695,3505,3640,829947,8.39
2019-04-01,3660,3710,3650,3700,510883,8.4
2019-04-02,3740,3745,3620,3715,594426,8.41
2019-04-03,3720,3745,3680,3745,597703,8.46
2019-04-04,3745,3750,3705,3720,416251,8.52
2019-04-05,3720,3775,3705,3765,654653,8.48
2019-04-08,3780,3780,3730,3745,463501,8.39
2019-04-09,3745,3770,3720,3760,472757,8.43
2019-04-10,3765,3845,3730,3835,776792,8.46
2019-04-11,3800,3900,3800,3880,873863,8.47
2019-04-12,3820,3860,3775,3825,911504,8.52
2019-04-15,3830,3890,3790,3800,825925,8.68
2019-04-16,3800,3825,3715,3745,837304,8.57
2019-04-17,3750,3750,3675,3685,809905,8.47
2019-04-18,3690,3725,3650,3675,696949,8.47
2019-04-19,3690,3735,3650,3730,768321,8.45
2019-04-22,3730,4180,3725,4140,9097091,8.52
2019-04-23,4150,4200,3995,4200,3831197,8.65
2019-04-24,4205,4210,3980,4000,2014615,8.59
2019-04-25,3990,4000,3855,3920,1189497,8.66
2019-04-26,3905,4000,3855,3910,918479,8.66
2019-04-29,3910,3995,3870,3975,604237,8.72
2019-04-30,3975,4145,3975,4020,1435109,8.7
2019-05-02,3995,4015,3910,3945,859959,8.72
2019-05-03,3945,3990,3900,3935,518772,8.69
2019-05-07,3875,3875,3790,3820,838927,8.66
2019-05-08,3800,3865,3780,3805,524264,8.39
2019-05-09,3805,3810,3680,3690,1046777,8.35
2019-05-10,3690,3730,3620,3675,725218,8.3
2019-05-13,3670,3670,3590,3600,707139,8.28
2019-05-14,3520,3630,3500,3625,657491,8.54
2019-05-15,3610,3635,3575,3620,511228,8.5
2019-05-16,3685,3690,3560,3570,709235,8.46
2019-05-17,3595,3635,3575,3585,554922,8.43
2019-05-20,3585,3650,3515,3540,749226,8.41
2019-05-21,3535,3565,3515,3555,568830,8.38
2019-05-22,3550,3580,3510,3525,649455,8.36
2019-05-23,3505,3515,3405,3430,1158447,8.3
2019-05-24,3405,3460,3380,3395,835899,8.33
2019-05-27,3385,3440,3370,3375,603431,8.32
2019-05-28,3380,3415,3370,3370,540554,8.28
2019-05-29,3370,3385,3240,3310,1045968,8.24
2019-05-30,3340,3340,3245,3255,639603,8.23
2019-05-31,3270,3315,3245,3260,432771,8.22
2019-06-03,3230,3245,3180,3190,913860,8.16
2019-06-04,3160,3295,3160,3250,660934,8.21
2019-06-05,3270,3295,3260,3285,435728,8.21
2019-06-07,3305,3365,3290,3365,560924,8.24
2019-06-10,3385,3470,3385,3450,614371,8.23
2019-06-11,3445,3555,3440,3530,648254,8.32
2019-06-12,3545,3595,3500,3530,570336,8.27
2019-06-13,3510,3550,3480,3535,660672,8.29
2019-06-14,3530,3580,3530,3545,536942,8.27
2019-06-17,3545,3575,3500,3520,320725,8.26
2019-06-18,3520,3630,3495,3535,601675,8.25
2019-06-19,3590,3595,3545,3570,462884,8.24
2019-06-20,3595,3630,3540,3615,474736,8.22
2019-06-21,3645,3760,3615,3760,1529794,8.32
2019-06-24,3820,3865,3770,3780,964574,8.33
2019-06-25,3795,3815,3660,3660,869297,8.37
2019-06-26,3655,3660,3550,3660,578146,8.4
2019-06-27,3740,3780,3670,3690,831141,8.34
2019-06-28,3700,3800,3690,3705,534369,8.33
2019-07-01,3910,3920,3770,3845,1527519,8.32
2019-07-02,4000,4280,3735,3745,6352834,7.94
2019-07-03,3740,3790,3650,3685,1065045,8.18
2019-07-04,3705,3770,3635,3640,716319,8.1
2019-07-05,3725,3820,3680,3820,1458377,8.08
2019-07-08,3820,3850,3675,3685,885267,8.06
2019-07-09,3655,3765,3625,3635,690225,8.05
2019-07-10,3630,3700,3620,3645,523337,8.05
2019-07-11,3610,3670,3395,3670,2172395,8.11
2019-07-12,3675,3675,3590,3630,596798,8.11
2019-07-15,3605,3670,3550,3560,632556,8.13
2019-07-16,3540,3580,3495,3530,459327,8.11
2019-07-17,3510,3510,3400,3445,878919,8.13
2019-07-18,3410,3485,3410,3480,256668,8.12
2019-07-19,3500,3540,3450,3540,358062,8.11
2019-07-22,3540,3570,3455,3560,313544,8.14
2019-07-23,3585,3630,3505,3520,414878,8.14
2019-07-24,3500,3555,3480,3480,348464,8.18
2019-07-25,3450,3510,3445,3490,468218,8.21
2019-07-26,3455,3490,3425,3440,463055,8.24
2019-07-29,3450,3465,3305,3310,747059,8.26
2019-07-30,3300,3340,3300,3300,511285,8.26
2019-07-31,3275,3325,3195,3305,636784,8.18
2019-08-01,3250,3320,3190,3205,603022,8.12
2019-08-02,3165,3175,3060,3110,1112591,8.02
2019-08-05,3100,3140,2880,2880,1699191,7.96
2019-08-06,2795,2975,2640,2885,1800550,8.04
2019-08-07,2880,2970,2830,2905,776457,8.02
2019-08-08,2910,3080,2910,3080,731369,8.03
2019-08-09,3105,3155,3080,3150,499667,8.02
2019-08-12,3095,3250,3095,3220,450302,8.03
2019-08-13,3185,3240,3160,3220,416341,8.06
2019-08-14,3210,3300,3210,3255,337703,8.06
2019-08-16,3180,3240,3110,3235,536189,8.12
2019-08-19,3210,3350,3210,3300,578135,8.14
2019-08-20,3270,3360,3270,3355,348582,8.14
2019-08-21,3350,3390,3310,3390,351094,8.17
2019-08-22,3390,3455,3385,3385,710939,8.26
2019-08-23,3345,3385,3315,3315,477361,8.29
2019-08-26,3255,3280,3215,3260,583732,8.34
2019-08-27,3275,3330,3250,3255,401939,8.33
2019-08-28,3230,3295,3225,3290,353748,8.32
2019-08-29,3305,3340,3260,3300,347938,8.31
2019-08-30,3290,3410,3290,3395,701865,8.36
2019-09-02,3390,3480,3345,3465,587961,8.37
2019-09-03,3470,3555,3455,3530,744630,8.39
2019-09-04,3490,3545,3485,3535,406354,8.4
2019-09-05,3535,3680,3535,3615,783348,8.4
2019-09-06,3615,3645,3525,3550,528196,8.39
2019-09-09,3550,3610,3545,3590,395458,8.4
2019-09-10,3615,3690,3615,3690,873769,8.4
2019-09-11,3695,3750,3675,3690,490962,8.36
2019-09-16,3720,3755,3705,3740,664287,8.4
2019-09-17,3700,3740,3675,3690,539868,8.49
2019-09-18,3695,3755,3655,3740,654901,8.47
2019-09-19,3740,3760,3710,3740,319649,8.46
2019-09-20,3755,3840,3735,3835,981230,8.49
2019-09-23,3880,3885,3800,3820,605092,8.47
2019-09-24,3820,3845,3780,3825,556903,8.53
2019-09-25,3820,3820,3700,3700,753225,8.57
2019-09-26,3720,3790,3650,3770,620852,8.58
2019-09-27,3770,3785,3650,3670,551801,8.52
2019-09-30,3665,3670,3575,3625,403450,8.53
2019-10-01,3635,3670,3575,3660,353137,8.55
2019-10-02,3730,3730,3600,3650,461765,8.51
2019-10-04,3660,3660,3550,3565,414622,8.49
2019-10-07,3505,3540,3420,3480,676744,8.56
2019-10-08,3500,3510,3440,3460,521612,8.58
2019-10-10,3435,3460,3390,3395,607664,8.64
2019-10-11,3435,3435,3395,3425,389530,8.64
2019-10-14,3460,3505,3430,3500,412811,8.63
2019-10-15,3510,3510,3450,3470,342859,8.62
2019-10-16,3490,3535,3490,3500,399537,8.66
2019-10-17,3500,3520,3450,3470,398752,8.72
2019-10-18,3475,3520,3470,3475,432687,8.77
2019-10-21,3450,3475,3380,3400,625956,8.75
2019-10-22,3400,3420,3300,3340,797927,8.78
2019-10-23,3300,3465,3090,3395,1117165,8.81
2019-10-24,3380,3395,3320,3355,501942,8.83
2019-10-25,3360,3395,3280,3385,604308,8.86
2019-10-28,3360,3405,3330,3385,413972,8.89
2019-10-29,3410,3435,3335,3350,315935,8.93
2019-10-30,3355,3355,3290,3305,394867,8.97
2019-10-31,3300,3335,3280,3295,372665,9.0
2019-11-01,3285,3290,3260,3270,347204,9.01
2019-11-04,3275,3310,3255,3310,480220,9.03
2019-11-05,3345,3350,3315,3350,450447,9.07
2019-11-06,3360,3410,3325,3395,618613,9.09
2019-11-07,3395,3400,3345,3360,380552,9.08
2019-11-08,3370,3425,3370,3415,460668,9.09
2019-11-11,3415,3430,3350,3415,359652,9.09
2019-11-12,3410,3415,3355,3385,258347,9.12
2019-11-13,3380,3410,3365,3395,273726,9.12
2019-11-14,3370,3400,3350,3365,307494,9.12
2019-11-15,3450,3450,3390,3410,547764,9.11
2019-11-18,3430,3455,3420,3450,473947,9.13
2019-11-19,3450,3690,3415,3655,1855117,9.26
2019-11-20,3645,3650,3510,3640,1070389,9.21
2019-11-21,3655,3660,3565,3600,554419,9.22
2019-11-22,3575,3620,3560,3570,374627,9.15
2019-11-25,3585,3605,3540,3555,295612,9.06
2019-11-26,3550,3615,3525,3615,412588,8.97
2019-11-27,3615,3620,3540,3580,278936,9.01
2019-11-28,3580,3580,3550,3565,208436,9.0
2019-11-29,3570,3610,3525,3610,477451,9.04
2019-12-02,3565,3610,3560,3580,358184,9.06
2019-12-03,3570,3590,3525,3560,369327,9.06
2019-12-04,3520,3550,3460,3490,432685,9.04
2019-12-05,3490,3515,3400,3415,446812,9.06
2019-12-06,3450,3450,3365,3400,327580,9.05
2019-12-09,3400,3420,3315,3340,444097,9.04
2019-12-10,3395,3395,3320,3330,406972,9.04
2019-12-11,3330,3355,3270,3290,719949,8.93
2019-12-12,3290,3330,3285,3295,503910,8.91
2019-12-13,3340,3380,3315,3370,512507,8.95
2019-12-16,3390,3390,3355,3365,278036,9.15
2019-12-17,3375,3375,3330,3360,464345,9.15
2019-12-18,3330,3365,3325,3335,308440,9.16
2019-12-19,3335,3355,3310,3315,368169,9.1
2019-12-20,3315,3445,3305,3445,545135,9.3
2019-12-23,3420,3425,3325,3355,528729,9.28
2019-12-24,3355,3365,3320,3325,331804,9.28
2019-12-26,3325,3350,3315,3330,369900,9.29
2019-12-27,3340,3425,3320,3420,568254,9.34
2019-12-30,3420,3615,3405,3550,1557703,9.38
2020-01-02,3555,3770,3555,3750,1799891,9.46
2020-01-03,3765,3865,3745,3775,1567072,9.53
2020-01-06,3725,3840,3660,3835,1312388,9.55
2020-01-07,3840,3920,3810,3900,1300247,9.4
2020-01-08,3845,3960,3740,3765,1745074,9.35
2020-01-09,3900,3910,3800,3850,876535,9.36
2020-01-10,3850,3890,3750,3780,892735,9.24
2020-01-13,3790,3845,3755,3780,930436,9.19
2020-01-14,3795,3810,3725,3785,997094,9.24
2020-01-15,3795,3825,3740,3805,598888,9.2
2020-01-16,3805,3840,3740,3760,670170,9.17
2020-01-17,3825,3835,3740,3745,808336,9.12
2020-01-20,3715,3735,3645,3650,873145,9.08
2020-01-21,3685,3685,3545,3565,744621,9.1
2020-01-22,3560,3585,3470,3585,1104399,9.09
2020-01-23,3570,3675,3560,3635,561275,9.03
2020-01-28,3500,3545,3435,3475,1518192,9.03
2020-01-29,3525,3565,3495,3500,744188,9.08
2020-01-30,3520,3570,3480,3500,559778,9.07
2020-01-31,3455,3525,3455,3475,639462,9.05
2020-02-03,3435,3435,3340,3400,1032561,9.06
2020-02-04,3400,3530,3400,3475,574954,9.1
2020-02-05,3530,3545,3490,3520,396345,9.13
2020-02-06,3520,3580,3520,3530,582315,9.09
2020-02-07,3540,3555,3485,3525,416722,9.09
2020-02-10,3520,3720,3505,3710,1144368,9.16
2020-02-11,3710,3865,3710,3800,1925391,9.28
2020-02-12,3830,3850,3725,3820,957511,9.41
2020-02-13,3820,3830,3750,3815,602701,9.35
2020-02-14,3815,3850,3760,3825,907607,9.39
2020-02-17,3865,4020,3810,3980,2545266,9.57
2020-02-18,3960,3960,3835,3860,1255162,9.56
2020-02-19,3850,3850,3685,3710,1324618,9.48
2020-02-20,3680,3755,3590,3625,1253935,9.43
2020-02-21,3580,3620,3475,3500,1642334,9.23
2020-02-24,3385,3420,3335,3345,1838543,9.39
2020-02-25,3305,3415,3305,3395,1625635,9.34
2020-02-26,3360,3395,3325,3380,1165749,9.23
2020-02-27,3375,3445,3340,3340,1114852,9.11
2020-02-28,3330,3330,3215,3255,1538226,9.02
2020-03-02,3220,3320,3220,3320,1120832,9.0
2020-03-03,3385,3465,3375,3405,1169853,8.86
2020-03-04,3385,3535,3355,3525,883729,8.92
2020-03-05,3545,3745,3535,3730,1721638,9.1
2020-03-06,3670,3805,3605,3670,1564936,9.14
2020-03-09,3610,3635,3395,3450,1951088,9.18
2020-03-10,3395,3475,3335,3430,1904808,9.07
2020-03-11,3460,3555,3375,3430,1119481,8.82
2020-03-12,3310,3390,3260,3275,1790039,8.8
2020-03-13,2995,3120,2905,3060,3964328,8.79
2020-03-16,3145,3210,2975,2990,1815097,8.82
2020-03-17,2805,3030,2805,3000,1650696,8.82
2020-03-18,3040,3095,2825,2825,1617712,8.79
2020-03-19,2825,2890,2250,2325,4066380,8.68
2020-03-20,2360,2500,2245,2425,3836779,8.71
2020-03-23,2255,2285,2120,2190,2438506,8.48
2020-03-24,2210,2360,2210,2340,1740696,8.58
2020-03-25,2500,2705,2480,2600,2671935,8.69
2020-03-26,2605,2770,2510,2660,1772977,8.76
2020-03-27,2840,2850,2620,2665,1817584,8.72
2020-03-30,2555,2820,2515,2805,1631441,8.82
2020-03-31,2885,3170,2825,3100,3365384,8.93
2020-04-01,3120,3340,3015,3150,2783750,9.05
2020-04-02,3070,3270,3000,3270,2026781,9.23
2020-04-03,3335,3335,3165,3215,1679240,9.25
2020-04-06,3230,3260,3180,3240,1350717,9.37
2020-04-07,3335,3340,3180,3250,1474044,9.35
2020-04-08,3230,3320,3190,3260,1415468,9.43
2020-04-09,3320,3325,3265,3280,772143,9.43
2020-04-10,3300,3345,3235,3290,1351040,9.5
2020-04-13,3295,3475,3265,3460,2574276,9.62
2020-04-14,3425,3595,3425,3585,2766846,9.7
2020-04-16,3605,3765,3525,3705,3209617,9.92
2020-04-17,3725,3985,3635,3655,5135984,9.94
2020-04-20,3720,3810,3655,3750,2419972,10.07
2020-04-21,3755,3830,3455,3685,3768430,10.14
2020-04-22,3600,3650,3530,3650,1783288,10.15
2020-04-23,3750,3780,3660,3680,2102806,10.07
2020-04-24,3880,3910,3585,3710,5768258,10.0
2020-04-27,3700,3730,3655,3670,1292320,10.04
2020-04-28,3685,3700,3570,3600,1279489,10.09
2020-04-29,3570,3660,3570,3610,1024170,10.13
2020-05-04,3560,3590,3490,3505,1295648,10.07
2020-05-06,3515,3575,3475,3495,1222688,10.02
2020-05-07,3485,3650,3470,3600,1281810,10.05
2020-05-08,3600,3670,3595,3645,1058254,10.06
2020-05-11,3700,3845,3695,3765,3710016,10.25
2020-05-12,3770,3780,3655,3705,1236438,10.22
2020-05-13,3650,3710,3615,3680,970572,10.23
2020-05-14,3680,3745,3620,3695,1308450,10.3
2020-05-15,3725,3740,3685,3735,1452864,10.55
2020-05-18,3850,3870,3755,3760,1936810,10.55
2020-05-19,3810,3860,3790,3800,1898938,10.67
2020-05-20,3805,3820,3750,3795,1014561,10.73
2020-05-21,3850,3855,3800,3825,1152598,10.8
2020-05-22,3860,4270,3830,3995,12795608,10.87
2020-05-25,4065,4155,4020,4155,3007002,10.92
2020-05-26,4240,4490,4180,4465,7337191,11.16
2020-05-27,4575,5140,4570,4840,15837049,11.01
2020-05-28,4930,4930,4555,4685,6527606,10.98
2020-05-29,4585,4885,4525,4725,5255791,11.03
2020-06-01,4885,4970,4785,4845,3702570,10.94
2020-06-02,4925,4925,4720,4895,3199800,10.98
2020-06-03,4910,5080,4890,5020,5183013,11.25
2020-06-04,5150,5600,5100,5520,16221001,12.26
2020-06-05,5520,5530,5300,5410,5740875,11.77
2020-06-08,5440,5450,5110,5240,5561894,11.65
2020-06-09,5280,5380,5190,5280,3604268,11.8
2020-06-10,5280,5450,5230,5400,4593961,12.05
2020-06-11,5350,5680,5280,5570,13085521,10.73
2020-06-12,5040,5350,5040,5160,8613229,10.22
2020-06-15,5090,5190,4750,4750,6954895,10.33
2020-06-16,4900,5050,4830,4905,4470077,10.1
2020-06-17,4790,4880,4675,4780,3824085,10.17
2020-06-18,4780,4790,4630,4670,3073664,10.16
2020-06-19,4770,4785,4530,4655,3182172,10.04
2020-06-22,4640,4640,4450,4480,3162028,10.0
2020-06-23,4530,4660,4420,4450,3420436,10.01
2020-06-24,4505,4600,4475,4530,2216186,9.95
2020-06-25,4430,4450,4280,4320,3123364,9.98
2020-06-26,4400,4665,4325,4660,3049102,9.85
2020-06-29,4620,4830,4510,4720,3651108,9.71
2020-06-30,4800,4800,4655,4685,1962503,9.56
2020-07-01,4750,4770,4625,4650,1610729,9.55
2020-07-02,4690,4830,4675,4760,2123961,9.57
2020-07-03,4760,4950,4760,4925,2515313,9.57
2020-07-06,4935,4980,4865,4970,1606825,9.56
2020-07-07,4970,5080,4875,4940,2188130,9.43
2020-07-08,4905,4980,4835,4920,1561482,9.42
2020-07-09,4915,4915,4835,4840,1238219,9.44
2020-07-10,4770,4825,4670,4715,2115151,9.51
2020-07-13,4715,4870,4715,4815,1435549,9.5
2020-07-14,4790,5020,4740,4970,2511761,9.42
2020-07-15,5020,5080,4935,4995,2067856,9.37
2020-07-16,5020,5080,4980,5000,1576233,9.39
2020-07-17,5000,5050,4955,5020,1258451,9.39
2020-07-20,5070,5070,4905,4995,1445867,9.08
2020-07-21,5010,5240,5000,5220,4054260,9.29
2020-07-22,5250,5260,5100,5190,1971025,9.18
2020-07-23,5130,5230,5100,5200,1615306,9.15
2020-07-24,5130,5280,5120,5170,1568759,9.11
2020-07-27,5180,5250,5170,5200,1417325,9.13
2020-07-28,5220,5290,5160,5170,1407530,9.1
2020-07-29,5270,5540,5260,5490,5385525,9.22
2020-07-30,5540,5850,5520,5850,6111882,9.36
2020-07-31,5900,6080,5750,5880,5181841,9.27
2020-08-03,5920,6070,5870,6040,3318471,9.3
2020-08-04,6010,6070,5900,6030,2401602,9.27
2020-08-05,6000,6060,5930,6050,2255987,9.26
2020-08-06,6050,6760,6050,6430,12166054,9.7
2020-08-07,6500,6670,6400,6600,4507370,9.75
2020-08-10,6910,6950,6650,6700,6467108,9.03
2020-08-11,6760,6840,6470,6800,4014090,9.09
2020-08-12,6830,6910,6220,6380,7911865,8.96
2020-08-13,6630,6800,6390,6650,5754698,8.89
2020-08-14,6660,6670,6340,6410,3867272,8.7
2020-08-18,6300,6300,5670,5690,9674274,8.5
2020-08-19,5750,5940,5680,5860,4061936,8.47
2020-08-20,5800,5860,5490,5560,5282570,8.69
2020-08-21,5630,5740,5340,5600,4315059,8.71
2020-08-24,5590,5650,5400,5550,2784515,8.57
2020-08-25,5670,5790,5570,5700,3784098,8.15
2020-08-26,5700,5760,5480,5580,3893766,7.8
2020-08-27,5490,5520,5320,5340,4604481,7.88
2020-08-28,5340,5670,5340,5550,4475608,8.07
2020-08-31,5650,5960,5630,5760,4685573,7.81
2020-09-01,5760,5920,5760,5870,2129529,7.7
2020-09-02,5970,6170,5840,6170,3599181,7.7
2020-09-03,6270,6450,6250,6330,4159062,7.58
2020-09-04,6050,6380,6000,6360,4432769,7.56
2020-09-07,6470,6490,6260,6300,3189649,7.62
2020-09-08,6390,6390,6130,6220,2582681,7.61
2020-09-09,6070,6500,6070,6490,5515664,7.83
2020-09-10,6520,7380,6450,7080,24811048,8.24
2020-09-11,7200,7380,6910,7260,12116562,8.27
2020-09-14,7400,7680,7150,7230,11339747,7.64
2020-09-15,7270,7550,7070,7400,6961274,7.84
2020-09-16,7400,7650,7320,7450,5925687,7.64
2020-09-17,7430,7480,7230,7300,4280342,7.74
2020-09-18,7300,7390,7200,7260,3408752,7.86
2020-09-21,7320,7510,7270,7410,3904128,7.65
2020-09-22,7330,7400,7000,7100,5461917,7.6
2020-09-23,7230,7260,6840,7130,3797444,7.71
2020-09-24,6930,7080,6770,6860,4255171,7.67
2020-09-25,6910,6980,6750,6860,2123235,7.63
2020-09-28,7030,7280,6950,7280,3172491,7.75
2020-09-29,7410,7460,7160,7210,2684904,7.6
2020-10-05,7490,7490,7300,7380,3018599,7.35
2020-10-06,7390,7470,7300,7390,1960509,7.26
2020-10-07,7310,7470,7260,7440,2176410,7.29
2020-10-08,7500,7560,7390,7410,2469736,7.26
2020-10-12,7410,7450,7290,7340,2047170,7.13
2020-10-13,7400,7400,7170,7340,2704127,7.07
2020-10-14,7360,7380,7190,7190,2134084,6.98
2020-10-15,7130,7360,7040,7270,3157727,7.05
2020-10-16,7200,7300,6990,7090,3141702,7.06
2020-10-19,7180,7250,6980,7000,1919614,7.05
2020-10-20,6950,7070,6840,7050,2451745,7.18
2020-10-21,7200,7600,7110,7600,8678052,7.51
2020-10-22,7690,7800,7360,7640,6156065,7.08
2020-10-23,7620,8210,7530,8070,12431787,7.48
2020-10-26,8190,9100,8080,8820,23200669,7.55
2020-10-27,8880,9080,8460,8860,11026074,7.39
2020-10-28,8890,9530,8760,9450,15306046,8.11
2020-10-29,9270,9520,9200,9490,8544020,7.82
2020-10-30,9450,9480,8840,8970,12295144,7.31
2020-11-02,9000,9390,8950,9270,6189233,7.29
2020-11-03,9380,9430,9200,9300,5673674,7.41
2020-11-04,9430,9920,9270,9440,12840413,7.42
2020-11-05,9500,10350,9500,10150,16941269,8.29
2020-11-06,10300,10500,9870,10250,9120073,7.74
2020-11-09,10550,12350,10500,11900,28455967,7.79
2020-11-10,12950,13000,11900,12400,16861581,7.32
2020-11-11,12150,13200,11800,13000,17900430,7.31
2020-11-12,13200,15250,13150,14350,45128507,6.55
2020-11-13,14400,15000,13600,14400,21648978,6.29
2020-11-16,13750,14600,13650,14100,13869342,6.23
2020-11-17,13950,14450,12650,12950,22165115,6.28
2020-11-18,12650,13450,12450,13150,17437998,6.45
2020-11-19,13150,13300,12300,12550,11909306,6.47
2020-11-20,12150,12950,12050,12750,10401575,6.21
2020-11-23,13150,13700,13000,13400,11988135,6.04
2020-11-24,13450,13500,12850,13050,6019687,6.13
2020-11-25,13200,13250,12600,12800,6904769,6.18
2020-11-26,12800,13100,12600,12900,3852726,6.19
2020-11-27,12900,13000,12700,13000,3041683,6.24
2020-11-30,13450,13600,13200,13350,7136291,6.19
2020-12-01,13300,13550,13050,13400,4802583,6.24
2020-12-02,13500,13500,13150,13300,3537750,6.17
2020-12-03,13200,13200,12900,12950,4416506,6.11
2020-12-04,12900,12900,12350,12750,7301150,5.97
2020-12-07,12650,12700,12200,12300,5117758,6.22
2020-12-08,12300,13150,12050,12750,8270355,6.27
2020-12-09,12950,13150,12500,12900,4291905,6.23
2020-12-10,12950,14100,12700,13850,16972906,6.47
2020-12-11,14000,14200,13500,13800,6464434,6.1
2020-12-14,13800,13800,13200,13300,4659763,6.09
2020-12-15,13150,13850,12900,13600,7324107,6.55
2020-12-16,13800,13800,13350,13550,3405111,6.82
2020-12-17,13700,14600,13600,14350,18063126,7.47
2020-12-18,14400,14950,13750,13800,14245577,6.13
2020-12-21,13800,13900,13250,13600,5338614,6.31
2020-12-22,13550,13600,12900,13000,5611117,6.44
2020-12-23,12900,13300,12800,13050,4169006,6.44
2020-12-24,13050,13300,12700,12850,4262841,6.44
2020-12-28,12750,13300,12500,12900,7070951,6.79
2020-12-29,13350,14000,13300,13750,9298354,6.89
2020-12-30,13700,14100,13500,13950,6492773,7.0
2021-01-04,14900,16750,14250,16550,38614102,7.83
2021-01-05,16300,17000,15950,16500,21309175,7.46
2021-01-06,16500,16800,15800,15850,9328438,7.31
2021-01-07,16150,16750,15850,16150,8861417,7.35
2021-01-08,16350,16350,15250,15750,8834942,7.39
2021-01-11,15650,15700,14850,15200,10353133,7.52
2021-01-12,14900,15600,14400,14850,8445013,7.42
2021-01-13,14900,15200,14700,15050,5077946,7.36
2021-01-14,15050,15600,15000,15200,5199879,7.38
2021-01-15,15350,15450,14700,14800,3673211,7.38
2021-01-18,14550,14650,13800,14050,6546762,7.49
2021-01-19,14250,15000,14200,14950,6550934,7.72
2021-01-20,15250,15300,14600,14700,3906953,7.59
2021-01-21,14950,15300,14800,14950,5213430,7.56
2021-01-22,15050,15100,14600,14700,3111058,7.56
2021-01-25,14750,14800,14300,14450,4655517,7.36
2021-01-26,14300,14500,13800,14050,6461281,7.21
2021-01-27,13950,14200,13600,14100,5073285,7.12
2021-01-28,14600,15550,13900,14050,14998872,6.67
2021-01-29,14200,14250,13250,13650,5983385,6.54
2021-02-01,13350,14250,13150,14000,4390083,6.58
2021-02-02,14200,14250,13850,14050,2478159,6.62
2021-02-03,14150,14200,13800,13950,2389105,6.64
2021-02-04,14050,14050,13600,13700,2167607,6.62
2021-02-05,13800,14300,13650,14050,3290911,6.62
2021-02-08,14150,14450,13950,14400,4166903,6.68
2021-02-09,14500,14600,14100,14350,3449836,6.65
2021-02-10,15400,15450,14300,14500,11525634,6.68
2021-02-15,14850,15650,14400,15350,14405862,7.28
2021-02-16,15450,15500,15000,15100,5382177,7.05
2021-02-17,15300,16000,15050,15800,11989053,7.45
2021-02-18,15800,16150,15450,15800,6250429,7.34
2021-02-19,15700,16500,15550,16400,11848992,7.53
2021-02-22,16600,17650,16250,17300,19417433,8.09
2021-02-23,17100,17450,16700,17000,8596743,7.7
2021-02-24,17050,17900,16850,17000,12631894,8.25
2021-02-25,17500,18450,17200,18400,15246668,9.5
2021-02-26,17900,19000,17850,19000,17928022,9.53
2021-03-02,19750,19800,18650,18800,11059044,9.47
2021-03-03,18700,20750,18700,20400,20737131,10.81
2021-03-04,20150,20850,19650,20300,11174464,10.25
2021-03-05,20000,22450,19750,21950,22893847,10.54
2021-03-08,22200,22700,21750,22100,9040955,10.19
2021-03-09,22000,24050,19950,20150,32684736,10.46
2021-03-10,20750,21900,20400,21900,15519474,10.82
2021-03-11,21750,22250,20850,21200,10807890,10.69
2021-03-12,21300,22450,20600,21600,11735479,10.98
2021-03-15,21600,21900,21200,21450,5058110,10.78
2021-03-16,21550,22600,21450,22300,8509531,11.24
2021-03-17,22500,22800,21950,22400,5826891,11.11
2021-03-18,22600,23700,22500,23600,9731574,11.55
2021-03-19,23400,24450,23200,24450,13534303,11.62
2021-03-22,24800,27000,24550,26550,17226746,11.84
2021-03-23,27350,29600,27000,28450,26263232,11.53
2021-03-24,27950,29750,27500,29150,19852644,11.46
2021-03-25,29850,30000,28150,29450,12848857,11.38
2021-03-26,29600,35700,29600,34150,54130619,11.55
2021-03-29,32600,33550,29700,30950,41757002,11.0
2021-03-30,30000,30200,28000,28100,26785243,10.9
2021-03-31,28950,29900,28600,29000,15096798,10.72
2021-04-01,28400,28500,26550,27800,18982890,10.9
2021-04-02,29150,29250,28050,28050,8635764,10.81
2021-04-05,28050,29000,27400,28750,9383774,11.16
2021-04-06,29150,29800,28750,29150,6441442,11.04
2021-04-07,29250,30500,28850,30500,10760811,11.08
2021-04-08,30900,31200,30200,30500,7349524,10.9
2021-04-09,30500,30850,29800,29850,4893306,10.9
2021-04-12,30250,30500,29550,29900,4633875,10.95
2021-04-13,29150,30100,28900,29900,7991525,10.92
2021-04-14,29800,30500,29400,30100,4747564,10.93
2021-04-15,30100,30350,29650,29850,3680934,10.9
2021-04-16,30200,31800,30100,31150,10454456,11.11
2021-04-19,31750,33650,31550,33400,13334501,11.36
2021-04-20,33550,34200,32750,33550,8385794,11.29
2021-04-21,33250,33550,32800,33050,4505509,11.29
2021-04-22,33400,34500,33300,33750,9131672,11.46
2021-04-23,34000,34350,32350,32950,9067510,10.84
2021-04-26,34350,36700,33600,36150,21050328,11.6
2021-04-27,37000,37600,35800,36800,11256804,12.3
2021-04-28,36800,39950,36800,39300,19976442,12.45
2021-04-29,39600,40500,38200,39950,12154736,12.16
2021-04-30,40100,40600,38850,39200,11054067,12.22
2021-05-03,39850,39900,36300,36950,16483961,12.04
2021-05-04,36000,36550,34300,35650,19167271,12.13
2021-05-06,36250,39900,36100,39900,16629073,12.35
2021-05-07,40800,43450,39950,42600,20814694,12.4
2021-05-10,42900,44750,41250,44200,17701914,12.0
2021-05-11,43000,45000,42950,44400,9971250,11.73
2021-05-12,44150,48550,44100,47600,20954229,12.06
2021-05-13,47800,50000,43200,44450,28785777,11.6
2021-05-14,45900,47000,42700,43700,20548921,11.28
2021-05-17,45300,46500,41500,42850,19700199,11.18
2021-05-18,42200,43350,41450,42850,10179023,11.13
2021-05-20,43050,46150,42200,46050,14847741,11.56
2021-05-21,46400,47450,45350,46100,11961176,11.41
2021-05-24,46500,48500,46150,47750,12340850,11.85
2021-05-25,48650,49650,48450,49350,12076390,12.05
2021-05-26,49500,50200,48900,49400,9093070,12.16
2021-05-27,49100,50600,47550,50600,33509359,13.83
2021-05-28,50100,51100,49100,49650,10028270,13.59
2021-05-31,49850,50200,47500,47900,11407511,13.65
2021-06-01,47100,47900,46050,47650,10632345,13.21
2021-06-02,48250,49300,47250,47250,10235397,12.86
2021-06-03,47250,47700,46200,47350,6976878,12.95
2021-06-04,47100,47100,45300,45400,10709484,12.69
2021-06-07,45800,46350,42250,42350,20446778,12.47
2021-06-08,41750,46600,40400,45050,28909021,12.67
2021-06-09,45950,46500,43450,43750,9574504,12.56
2021-06-10,43450,44350,42000,43900,9174810,12.3
2021-06-11,43900,45500,43100,44850,7349890,12.39
2021-06-14,45700,46850,45000,46250,9209422,12.46
2021-06-15,43350,44800,43350,44550,11240804,12.1
2021-06-16,44450,46350,43950,45050,7245350,12.36
2021-06-17,45250,45700,44550,44650,4103000,12.37
2021-06-18,44700,45100,43850,44400,4103740,12.43
2021-06-21,43800,44250,43350,43400,4093844,12.53
2021-06-22,43700,44100,42800,43300,4896424,12.41
2021-06-23,43350,43500,42400,42700,5341069,12.39
2021-06-24,42250,42450,40850,41600,8198275,12.45
2021-06-25,42100,44150,42000,43050,8404200,12.65
2021-06-28,43750,45550,43600,44300,9976325,12.78
2021-06-29,45000,45150,43350,43600,3943256,12.77
2021-06-30,44700,45250,43900,43900,4715748,12.78
2021-07-01,44000,44750,43400,44200,3213240,12.56
2021-07-02,44450,45800,44000,44800,6193831,12.98
2021-07-05,45600,48200,45100,48100,15236029,13.85
2021-07-06,48300,48850,46550,47150,8142622,13.19
2021-07-07,47600,47750,46200,47200,4708074,13.16
2021-07-08,47200,47200,45600,45650,4818314,13.06
2021-07-09,44700,46300,44100,44650,7471361,12.9
2021-07-12,44750,45050,43350,43800,4799185,12.68
2021-07-13,43950,44450,43500,43500,3882630,12.51
2021-07-14,43500,43600,42250,42900,6571005,12.19
2021-07-15,42900,43850,42300,43100,5864670,10.11
2021-07-16,43350,44600,42900,43950,5285474,10.1
2021-07-19,44000,44700,43800,43900,3260462,10.02
2021-07-20,42750,43300,42350,42350,4905776,9.88
2021-07-21,42750,42950,40850,41800,6261922,9.78
2021-07-22,42000,42500,41050,41900,4682578,9.71
2021-07-23,41950,42150,41300,41900,2820670,9.66
2021-07-26,42300,42300,40600,40600,3716746,9.48
2021-07-27,40650,42650,40200,41450,6313340,9.49
2021-07-28,40900,42400,40500,41900,4391411,9.6
2021-07-29,42150,42350,40800,40800,3232947,9.4
2021-07-30,40700,40800,39200,40000,7263308,9.37
2021-08-02,39800,39800,38500,38650,5647561,9.4
2021-08-03,38400,39100,37250,37600,7344471,9.5
2021-08-04,37000,40000,36550,39500,11844208,9.46
2021-08-05,39650,40150,38900,39500,3402658,9.4
2021-08-06,39550,41100,39500,39950,4346848,9.32
2021-08-09,40050,40600,39300,39650,2863882,9.35
2021-08-10,39650,39750,38650,38800,2936459,9.29
2021-08-11,38350,40500,38200,40150,4417580,9.47
2021-08-12,39650,40650,38850,40650,4552345,9.5
2021-08-13,41250,41800,39100,39150,5819721,9.09
2021-08-17,39150,39550,38450,38550,3753754,9.19
2021-08-18,38350,41250,38200,40850,7791614,9.73
2021-08-19,40350,40400,37850,38000,8440888,9.02
2021-08-20,38450,39050,37700,38200,4360505,9.21
2021-08-23,37750,38750,36700,37350,5576653,8.9
2021-08-24,37750,39850,37550,39300,6276753,9.45
2021-08-25,38950,40450,38650,39650,4132592,9.56
2021-08-26,39950,41200,39900,40650,4006516,9.75
2021-08-27,40950,41300,40400,40950,3060729,9.81
2021-08-30,41550,41600,40850,41000,2277733,9.84
2021-08-31,40950,42000,40200,42000,4248085,9.88
2021-09-01,41850,42700,41400,42000,3699042,9.57
2021-09-02,43600,43850,40250,40300,7238325,9.84
2021-09-03,41050,41300,39050,39300,5958674,9.63
2021-09-06,38900,39800,38400,38650,3891472,9.68
2021-09-07,38350,39000,38350,38450,2720697,9.74
2021-09-08,38350,39550,38350,38600,3665572,9.67
2021-09-09,38800,39000,37700,38000,3413300,9.54
2021-09-10,37900,38650,37500,38250,2817680,9.55
2021-09-13,37900,38550,37850,38250,1710658,9.6
2021-09-14,38250,38800,38050,38350,2566010,9.61
2021-09-15,38200,38600,38100,38400,2068975,9.75
2021-09-16,38600,39300,37850,37950,3085336,9.51
2021-09-17,38000,38550,37500,38550,5550458,9.63
2021-09-23,38050,38250,37600,37850,2175612,9.76
2021-09-24,38050,38450,37750,38050,2112017,9.71
2021-09-27,38100,39100,37950,38400,3089068,9.88
2021-09-28,38850,38900,38050,38150,1818195,9.96
2021-09-29,37800,37900,36150,36800,4575600,9.77
2021-09-30,36500,36700,33600,33700,9109475,9.63
2021-10-01,32500,34350,31250,31800,12590270,10.11
2021-10-05,30900,31100,29500,30300,11217687,10.21
2021-10-06,30450,30950,28750,29050,7671175,10.57
2021-10-07,29600,31550,29400,31500,8407452,10.72
2021-10-08,32050,32050,28900,29050,10014881,10.22
2021-10-12,28900,29950,28400,28950,4887028,10.21
2021-10-13,29000,29650,28850,29300,3087269,10.29
2021-10-14,30200,31050,29400,29900,7597299,9.98
2021-10-15,30400,31250,29900,30000,5453731,9.94
2021-10-18,30100,30150,28900,29100,3695159,9.88
2021-10-19,29250,30350,29250,30000,4328663,10.03
2021-10-20,30350,30350,29150,29200,3508550,9.69
2021-10-21,29400,29900,29250,29400,2494422,9.83
2021-10-22,29400,29500,28750,28950,2609333,9.7
2021-10-25,29000,29650,28700,29500,2924186,9.96
2021-10-26,29600,29650,29050,29400,2632093,10.02
2021-10-27,27400,27750,26000,26900,20253787,9.87
2021-10-28,26400,27200,26300,26650,6312791,10.21
2021-10-29,26700,27150,26500,26650,3682478,10.23
2021-11-01,26650,27150,26450,26750,3004920,10.41
2021-11-02,26950,28150,26800,27400,5772143,10.73
2021-11-03,28000,28000,26700,26750,3516384,10.63
2021-11-04,26950,27650,26850,27000,2772909,10.77
2021-11-05,27000,27200,26400,26700,2349352,10.83
2021-11-08,27050,27150,26650,26900,2197196,10.88
2021-11-09,26850,27350,26600,26700,2136641,10.84
2021-11-10,26550,27700,26300,26700,4612042,10.91
2021-11-11,26850,27500,26800,27450,4046607,11.22
2021-11-12,27650,30250,27200,27300,12906813,10.76
2021-11-15,27400,27800,27250,27500,4081515,9.09
2021-11-16,27500,27500,26550,26850,4048488,9.0
2021-11-17,26850,26900,25600,25850,5573705,9.08
2021-11-18,25850,26150,24650,25850,4779979,9.33
2021-11-19,25500,26000,25150,25600,2998615,9.39
2021-11-22,25500,26350,25400,25750,2940451,9.46
2021-11-23,25750,26050,25050,25100,3188923,9.45
2021-11-24,25050,25300,24400,25000,3683016,9.69
2021-11-25,25050,25400,24650,24850,1835835,9.59
2021-11-26,24900,25350,24050,24450,3437153,9.7
2021-11-29,23500,25350,23400,24750,5287452,9.89
2021-11-30,25400,25450,23250,23600,4134454,9.79
2021-12-01,23700,25300,23400,24850,5974541,10.19
2021-12-02,24500,26600,24400,26400,7577808,10.2
2021-12-03,27150,27500,26050,26800,6085215,10.18
2021-12-06,26800,27800,26550,27150,4534653,10.12
2021-12-07,27300,27950,26650,27850,3642734,10.13
2021-12-08,28050,28250,27300,27400,2976593,10.11
2021-12-09,27500,27900,27000,27650,2098100,10.12
2021-12-10,27400,27800,27300,27350,1319837,10.13
2021-12-13,27650,28950,27650,28250,4837597,10.29
2021-12-14,28600,28850,27950,28400,2633341,10.23
2021-12-15,28300,28350,26900,27050,3906787,9.82
2021-12-16,27100,28100,27000,28100,3170773,10.07
2021-12-17,28000,29050,27900,28800,4958057,10.24
2021-12-20,28800,29000,27650,28000,2871710,10.09
2021-12-21,28000,28800,27950,28400,2453863,10.28
2021-12-22,28550,28650,27300,27850,2376087,10.35
2021-12-23,27850,28500,27750,28150,2246656,10.53
2021-12-24,28250,28400,27650,27650,1589299,10.47
2021-12-27,27800,27800,26300,26500,2956549,10.44
2021-12-28,26450,26800,25200,25500,6618850,10.58
2021-12-29,26200,27650,26050,27600,5332646,10.87
2021-12-30,27600,27600,26700,26900,2187686,10.67
2022-01-03,27150,27650,26600,27300,1832655,10.7
2022-01-04,27250,27600,26900,27300,1215935,10.51
2022-01-05,27300,28350,27050,27450,3298920,10.58
2022-01-06,27000,27400,26200,26300,2358598,10.47
2022-01-07,26250,26500,25850,26400,1489092,10.65
2022-01-10,26150,26500,25900,26200,1470458,10.66
2022-01-11,25950,26450,25500,25750,1472434,10.69
2022-01-12,25750,26450,25750,26350,1286258,10.74
2022-01-13,26500,26750,26000,26250,1336667,10.44
2022-01-14,26000,26050,25000,25200,2718361,10.31
2022-01-17,25250,26200,25000,25050,2819887,10.28
2022-01-18,25050,25300,24600,24700,1536216,10.32
2022-01-19,24250,24900,24100,24350,1464531,10.34
2022-01-20,24300,25050,24050,24400,1376154,10.3
2022-01-21,24350,24800,24200,24650,1798166,10.39
2022-01-24,24650,24800,23450,23800,2743341,10.38
2022-01-25,23850,23950,22100,22150,4036255,10.35
2022-01-26,22000,23350,21900,22750,3436960,10.53
2022-01-27,22800,23200,21900,21900,2740061,10.46
2022-01-28,21950,22300,21100,21900,3075846,10.47
2022-02-03,22400,23100,22300,22950,3034754,10.38
2022-02-04,22700,23250,22400,23200,1414297,10.32
2022-02-07,23300,23300,22300,23200,2415889,10.36
2022-02-08,23650,24650,23500,24400,4150951,10.64
2022-02-09,24800,25150,24350,24450,1784104,10.6
2022-02-10,24700,25050,24050,24650,2399578,10.63
2022-02-11,24200,24700,23850,24350,1452809,10.58
2022-02-14,24750,25550,24050,25000,4203112,10.61
2022-02-15,25800,27850,25250,25250,14360070,10.49
2022-02-16,26050,26250,25200,25250,4684836,10.28
2022-02-17,25500,28100,25500,27800,23023534,10.95
2022-02-18,27350,29800,27150,29600,21056162,11.08
2022-02-21,29550,30700,29350,30100,12412495,11.01
2022-02-22,29600,32200,29500,30750,20910236,10.88
2022-02-23,31350,32200,30350,30750,11710334,10.78
2022-02-24,30900,31550,30250,30550,9962246,10.9
2022-02-25,31050,31500,29250,29900,10706138,10.91
2022-02-28,29450,30100,28400,28850,8087679,11.11
2022-03-02,28800,29850,28650,29100,5277280,11.27
2022-03-03,29400,31100,29250,31000,8387135,11.56
2022-03-04,31350,37650,31050,35400,54417778,12.79
2022-03-07,35800,36850,33550,33800,19672240,12.45
2022-03-08,33400,34800,32750,33950,16646077,12.48
2022-03-10,34650,34700,32700,32900,7638431,12.36
2022-03-11,33150,34100,32500,33000,6384798,12.31
2022-03-14,32700,34900,32650,34500,11311309,12.44
2022-03-15,34700,34750,31700,31800,10074949,11.95
2022-03-16,32400,33050,31850,32000,5764481,11.98
2022-03-17,32650,33400,32350,32550,5096992,12.02
2022-03-18,32800,34200,32650,33950,10611192,12.26
2022-03-21,34000,34000,32600,32600,5197077,12.08
2022-03-22,32700,32900,31050,31150,7494777,11.88
2022-03-23,31650,31900,31050,31200,4710071,11.82
2022-03-24,31100,31600,30500,31150,3928721,11.85
2022-03-25,31300,31400,30100,30200,4692749,11.65
2022-03-28,30050,30600,29300,29650,4642964,11.64
2022-03-29,29800,29950,29050,29150,3186058,11.51
2022-03-30,29350,30200,29050,29300,4736090,11.35
2022-03-31,29400,29900,29000,29150,3614580,11.24
2022-04-01,29150,29350,28300,28900,4815394,11.2
2022-04-04,28700,29150,28250,28550,2686922,11.21
2022-04-05,28700,28850,28400,28500,2430619,11.11
2022-04-06,28300,28450,27450,27650,4598999,11.07
2022-04-07,27100,27200,25550,25800,7999885,10.82
2022-04-08,25550,26300,25550,25950,3916365,10.7
2022-04-11,25950,27150,25950,26550,4487752,10.48
2022-04-12,26800,27150,26350,26600,3535102,10.27
2022-04-13,26450,27050,26400,26750,2501526,10.33
2022-04-14,27100,27650,26800,27000,3125577,10.21
2022-04-15,26800,26900,26400,26700,1751737,10.34
2022-04-18,26400,26700,26100,26400,1817537,10.42
2022-04-19,26650,27650,26600,27550,3783792,10.41
2022-04-20,28100,28650,27300,27400,4726480,10.21
2022-04-21,27650,28300,27550,27900,3507992,10.22
2022-04-22,27700,27750,26900,27400,3115991,10.13
2022-04-25,26600,26900,26450,26750,2688093,9.98
2022-04-26,26850,27150,26400,27150,2242768,9.97
2022-04-27,26300,26850,26250,26850,2239743,9.82
2022-04-28,27100,28500,26950,28500,5584595,9.88
2022-04-29,28700,28750,27900,28400,3595636,9.79
2022-05-02,27750,29000,27700,28950,3406043,9.75
2022-05-03,29250,29450,28850,28900,2519124,9.74
2022-05-04,29350,29400,28300,29200,2661654,9.74
2022-05-06,28750,29600,28550,29450,3151619,9.72
2022-05-09,29250,29400,28750,29400,2438194,9.69
2022-05-10,28650,29050,28450,28650,3250120,9.6
2022-05-11,28650,29850,28400,29700,4957968,9.66
2022-05-12,29600,31350,29500,30800,9454746,9.85
2022-05-13,31250,31500,30100,31100,5719123,9.75
2022-05-16,31150,31200,29750,30200,4797540,9.69
2022-05-17,30000,30600,29200,29350,3366121,9.69
2022-05-18,29550,30150,29400,29500,2585458,9.7
2022-05-19,28700,29250,28200,29250,3960034,9.66
2022-05-20,29250,30200,28950,30150,2608633,9.77
2022-05-23,30700,31700,30400,31650,5740540,10.04
2022-05-24,32200,33150,32000,32250,7375202,10.13
2022-05-25,32650,32800,31850,32300,3479975,10.15
2022-05-26,32500,32900,32100,32600,2849389,10.27
2022-05-27,33200,33950,32800,33750,5245802,10.44
2022-05-30,34000,34050,31650,31950,7824229,10.26
2022-05-31,31950,32500,31250,32450,7351423,10.42
2022-06-02,32150,32200,30800,30850,4677005,10.2
2022-06-03,30950,31400,30850,31250,1965290,10.19
2022-06-07,31000,31400,30350,30800,2263801,10.24
2022-06-08,30650,30900,29850,30450,2468400,10.24
2022-06-09,29750,29900,29150,29450,3890341,10.07
2022-06-10,28750,29700,28750,29450,2295031,10.01
2022-06-13,29050,29450,28300,28300,2309349,9.94
2022-06-14,27650,28800,27400,28500,3129413,9.86
2022-06-15,28700,28900,27250,27650,2928922,9.77
2022-06-16,28250,28500,27300,27850,1963484,9.75
2022-06-17,26950,27400,26700,26900,3066997,9.63
2022-06-20,27000,27050,25100,25250,4682501,9.63
2022-06-21,25300,26400,25150,26100,2766214,9.6
2022-06-22,26550,27250,25400,25400,3735995,9.41
2022-06-23,24900,25250,23500,24000,6962828,9.34
2022-06-24,24000,24450,23400,24100,3826604,9.23
2022-06-27,24150,25600,24150,25500,3397972,9.19
2022-06-28,25300,26500,25100,26000,2549618,9.1
2022-06-29,25650,25700,24950,25250,2124542,9.04
2022-06-30,25250,25450,24550,24600,2497846,8.98
2022-07-01,25000,25650,23750,24000,2733631,8.98
2022-07-04,24150,24350,23150,23650,2052977,8.99
2022-07-05,23800,24850,23650,24750,2132434,9.07
2022-07-06,24750,24800,23850,23850,1812772,9.07
2022-07-07,24300,25200,24150,24800,2219083,9.13
2022-07-08,25200,25600,25000,25100,2356848,9.08
2022-07-11,25200,25250,24250,24300,1542179,8.99
2022-07-12,24000,24100,23300,23550,1950727,8.96
2022-07-13,23200,23850,23200,23600,1367907,8.95
2022-07-14,23600,23650,22450,23500,2883047,8.94
2022-07-15,23500,23500,22400,22500,3100455,8.77
2022-07-18,22750,23300,22600,23150,2314545,8.95
2022-07-19,23050,23850,22900,23650,1944572,9.02
2022-07-20,24100,24400,23950,24200,1825600,9.13
2022-07-21,24500,24550,24050,24300,1473850,9.16
2022-07-22,24250,24500,23900,24100,1564244,9.16
2022-07-25,23850,24600,23750,24250,1587003,9.22
2022-07-26,24450,24550,24100,24250,962923,9.19
2022-07-27,24250,24350,24050,24300,951798,9.21
2022-07-28,24550,25200,24050,24050,1753752,9.15
2022-07-29,24400,24950,24300,24850,1983738,9.3
2022-08-01,25050,25450,24650,25200,1571916,9.3
2022-08-02,25300,25500,24800,24850,1100760,9.32
2022-08-03,24950,25000,24450,24900,1096795,9.34
2022-08-04,25200,25500,24900,25350,1282247,9.43
2022-08-05,25400,26150,25350,26000,1888075,9.47
2022-08-08,26000,26250,25000,25050,2059021,9.36
2022-08-09,25200,25450,25050,25150,961323,9.38
2022-08-10,25150,25250,24550,24950,1216713,9.41
2022-08-11,25350,25900,25100,25300,2134263,9.41
2022-08-12,25950,26050,24200,24400,5442936,9.03
2022-08-16,24400,24400,23700,23800,3726910,8.85
2022-08-17,23850,24000,23350,23450,1760929,8.82
2022-08-18,23400,23850,23300,23550,1696146,8.81
2022-08-19,23650,23700,23200,23250,1253616,8.77
2022-08-22,23000,23050,22550,22600,1881648,8.71
2022-08-23,22250,22550,22000,22050,2396981,8.63
2022-08-24,22050,22400,21900,22050,1756943,8.56
2022-08-25,22100,23700,22100,23400,5025204,8.65
2022-08-26,23650,23700,22950,23200,1930417,8.64
2022-08-29,22200,22400,22000,22100,2456318,8.51
2022-08-30,22100,22250,21600,21800,3355429,8.28
2022-08-31,21600,22500,21550,22250,3037465,8.39
2022-09-01,22050,22200,21600,21600,2003799,8.3
2022-09-02,21850,21900,21150,21350,2355222,8.22
2022-09-05,21000,21500,20400,20600,3238898,8.26
2022-09-06,20500,20800,20150,20400,2637910,8.34
2022-09-07,20200,20300,19600,19650,3263689,8.42
2022-09-08,19750,20100,19700,20000,2929449,8.47
2022-09-13,20300,21400,20300,21050,3527633,8.55
2022-09-14,20200,21400,19950,20750,3000775,8.57
2022-09-15,20950,21450,20650,21050,2031433,8.55
2022-09-16,20750,20850,20000,20600,8699632,8.65
2022-09-19,20200,20400,19850,19850,2087492,8.7
2022-09-20,20150,20550,20050,20100,1660245,8.77
2022-09-21,20050,20800,20000,20400,1773317,8.82
2022-09-22,20050,20200,19700,19850,2035424,8.74
2022-09-23,19750,19800,18850,18850,3736509,8.67
2022-09-26,18400,18800,18050,18150,3455841,8.88
2022-09-27,18250,20350,18250,19550,8388569,9.02
2022-09-28,19350,19600,18450,19350,2953508,9.05
2022-09-29,19500,19650,18500,18600,3136968,8.97
2022-09-30,18200,19100,18200,18500,2257332,9.07
2022-10-04,18650,19150,18600,18700,2486379,9.05
2022-10-05,19000,19050,18050,18100,2436789,9.07
2022-10-06,18200,18700,17750,18350,3082633,9.15
2022-10-07,18150,18350,17950,18200,1832720,9.19
2022-10-11,17600,17950,17150,17800,2803625,9.25
2022-10-12,17500,17900,17000,17800,2572376,9.26
2022-10-13,17800,18450,17650,18150,3182619,9.44
2022-10-14,18450,19000,18450,18650,2039220,9.5
2022-10-17,18400,19200,18250,19050,1644104,9.47
2022-10-18,19450,19800,19200,19250,1474066,9.48
2022-10-19,19550,19650,19250,19300,1217366,9.41
2022-10-20,19400,19600,18850,19100,1243702,9.46
2022-10-21,19050,19200,18850,19000,975268,9.43
2022-10-24,19250,19600,18950,19150,1214409,9.44
2022-10-25,19300,19350,18700,18800,1031175,9.4
2022-10-26,19000,19050,18400,18500,1376304,9.42
2022-10-27,18850,19150,18700,18950,1283490,9.57
2022-10-28,18850,19100,18300,18600,1912137,9.55
2022-10-31,18850,19100,18800,19100,1841709,9.63
2022-11-01,19100,19200,18800,19000,1430639,9.69
2022-11-02,18900,19050,18650,19000,1229867,9.65
2022-11-03,18700,18750,18300,18300,2416428,9.57
2022-11-04,18300,18900,18000,18900,1547386,9.66
2022-11-07,18950,19900,18800,19700,2819524,9.8
2022-11-08,19900,20800,19900,20650,3144591,9.89
2022-11-09,20750,20900,20500,20500,1513822,9.96
2022-11-10,20500,21350,20250,20250,2799767,9.83
2022-11-11,21050,21400,20650,20850,2336104,9.8
2022-11-14,21250,21650,21100,21300,2718580,9.78
2022-11-15,21400,21800,21200,21600,1532615,9.8
2022-11-16,21600,21650,20900,21000,1437965,9.77
2022-11-17,20900,21150,20550,20550,1009351,9.79
2022-11-18,20500,21050,20300,20400,1031657,9.85
2022-11-21,20450,20700,20000,20250,1098769,9.85
2022-11-22,19900,20700,19900,20550,886703,9.88
2022-11-23,21250,23350,21000,22300,9376222,9.8
2022-11-24,22400,22600,21450,21800,2445325,9.73
2022-11-25,21800,22150,21650,21650,1180757,9.7
2022-11-28,21450,21850,21050,21350,1166319,9.72
2022-11-29,21350,21850,21350,21850,1245532,9.71
2022-11-30,21900,22300,21600,22300,2542699,9.84
2022-12-01,22550,22650,21600,21700,2193584,9.67
2022-12-02,21700,21950,21350,21400,1073570,9.43
2022-12-05,21200,22100,21100,21800,1373286,9.58
2022-12-06,21750,21800,21000,21100,1272076,9.51
2022-12-07,21100,21250,20800,20850,1012033,9.52
2022-12-08,20950,21200,20550,20850,1437355,9.53
2022-12-09,20850,22250,20850,22050,2301061,9.59
2022-12-12,21750,22050,21600,21700,841442,9.55
2022-12-13,21800,22050,21600,21950,930521,9.48
2022-12-14,22200,22300,21750,21900,1408625,9.51
2022-12-15,21900,22100,21500,21500,877983,9.5
2022-12-16,21100,21800,21050,21800,1212779,9.39
2022-12-19,21850,23000,21800,22550,4326363,9.51
2022-12-20,22550,22650,21500,21650,1830910,9.41
2022-12-21,21900,21900,21250,21500,1196902,9.42
2022-12-22,21800,22450,21750,22450,1885052,9.46
2022-12-23,22100,22350,21650,21700,1674213,9.17
2022-12-26,21900,21950,21350,21750,1483746,9.17
2022-12-27,21900,22300,21750,21850,2845219,9.22
2022-12-28,20900,20950,19750,20100,4633683,9.08
2022-12-29,19900,20000,19500,19550,1774831,9.17
2023-01-02,19350,20100,19300,19350,1221954,9.39
2023-01-03,19200,19500,18700,19050,1628308,9.79
2023-01-04,19000,19450,18950,19250,1295311,9.96
2023-01-05,19550,20000,19300,19550,1467939,9.99
2023-01-06,19350,20000,19200,19900,1304187,10.02
2023-01-09,20150,20200,19750,19950,1302463,10.01
2023-01-10,19950,20400,19900,20050,1296447,10.07
2023-01-11,20250,20400,20150,20350,1037491,10.09
2023-01-12,20450,20450,19950,19950,1199938,10.07
2023-01-13,20100,21450,20100,21350,3060978,10.29
2023-01-16,21400,21700,21050,21400,986614,10.32
2023-01-17,21400,21700,21200,21550,999484,10.37
2023-01-18,21550,21600,21050,21500,855162,10.41
2023-01-19,21150,21550,21150,21350,644071,10.46
2023-01-20,21350,21500,20950,21350,1058066,10.49
2023-01-25,21450,22200,21450,22150,2170717,10.56
2023-01-26,21950,21950,21450,21800,1545217,10.48
2023-01-27,22300,24250,22200,23300,12028994,10.56
2023-01-30,23050,23200,22050,22100,3410725,10.39
2023-01-31,22100,22350,21750,21750,2179607,10.36
2023-02-01,21900,22650,21750,22500,2219428,10.4
2023-02-02,22850,22950,22300,22400,1714888,10.38
2023-02-03,22700,22700,22050,22600,1472496,10.43
2023-02-06,22600,22600,21850,21850,1366824,10.38
2023-02-07,21750,22050,21650,21950,1143188,10.41
2023-02-08,22100,22200,21950,22050,849722,10.43
2023-02-09,21850,22000,21700,21700,1136894,10.44
2023-02-10,21750,22150,21400,21950,1216493,10.49
2023-02-13,21800,21800,21050,21400,1649974,10.45
2023-02-14,21800,22400,21800,22150,2090855,10.5
2023-02-15,22250,22450,21950,22000,1606859,10.48
2023-02-16,22100,22200,21800,22200,1460805,10.46
2023-02-17,21950,22450,21800,22150,924786,10.52
2023-02-20,21900,22050,21450,21700,1366186,10.54
2023-02-21,21700,22100,21700,22000,1168170,10.6
2023-02-22,21600,22100,21600,21950,1445516,10.65
2023-02-23,22700,23450,22400,22800,5763386,10.72
2023-02-24,22900,23400,22850,23050,2347926,10.79
2023-02-27,23050,23050,22450,22650,1524681,10.79
2023-02-28,22700,23150,22500,22550,1999832,10.79
2023-03-02,22550,22950,22300,22450,1494238,10.84
2023-03-03,22800,22850,22200,22450,1524268,10.81
2023-03-06,22200,22400,21650,22050,1789766,10.74
2023-03-07,22100,22100,21450,21500,1899931,10.63
2023-03-08,21300,21300,20800,21100,1881516,10.63
2023-03-09,21200,21250,20600,20600,1480527,10.58
2023-03-10,20250,20650,20150,20650,1105664,10.51
2023-03-13,20600,20700,20200,20350,1125095,10.55
2023-03-14,20100,20350,19940,19950,1538381,10.5
2023-03-15,20150,20500,20050,20150,898103,10.5
2023-03-16,19970,20450,19910,20300,1110133,10.55
2023-03-17,20350,20400,19950,20400,1778167,10.57
2023-03-20,20400,20550,20100,20100,770141,10.53
2023-03-21,20250,20650,20250,20400,1007446,10.57
2023-03-22,20550,20550,20300,20300,777795,10.57
2023-03-23,20300,20400,20050,20150,1005449,10.57
2023-03-24,20150,20200,19990,20200,1011106,10.58
2023-03-27,20200,20250,19700,19740,1355214,10.54
2023-03-28,19810,20100,19800,20050,877604,10.56
2023-03-29,20100,20200,19860,19910,892056,10.59
2023-03-30,20000,20150,19760,20000,1202765,10.62
2023-03-31,20050,20650,19940,20350,1684387,10.71
2023-04-03,20400,20400,19960,20000,1325238,10.63
2023-04-04,20050,20100,19980,20100,765937,10.62
2023-04-05,20150,20350,20050,20100,976321,10.64
2023-04-06,20150,20200,19530,19530,1766245,10.53
2023-04-07,19610,19860,19510,19710,1098386,10.57
2023-04-10,19710,20150,19500,19770,1258126,10.62
2023-04-11,19960,20200,19910,20050,1260893,10.72
2023-04-12,20200,20450,20050,20300,1504719,10.83
2023-04-13,20250,21500,20200,20600,3907407,10.88
2023-04-14,20550,20800,20400,20600,1281965,10.94
2023-04-17,20700,21350,20500,21350,2786435,11.09
2023-04-18,21350,21700,21150,21600,2330319,11.15
2023-04-19,21650,21800,21450,21650,1499965,11.15
2023-04-20,21600,22150,21500,21850,2223297,11.24
2023-04-21,21750,21750,21050,21700,1684304,11.25
2023-04-24,21600,21800,21050,21150,1146286,11.28
2023-04-25,21150,21350,20700,20800,1035411,11.31
2023-04-26,20650,20750,20200,20300,1141474,11.25
2023-04-27,20250,20250,19970,20000,1117904,11.24
2023-04-28,20150,21000,20000,20400,1598388,11.24
2023-05-02,20250,20300,19950,20100,1348933,11.2
2023-05-03,19950,20250,19950,19990,784846,11.2
2023-05-04,19960,20200,19960,20050,890642,11.17
2023-05-08,20050,20350,20000,20050,988266,11.17
2023-05-09,20100,20100,19950,19980,821001,11.19
2023-05-10,19940,20050,19520,19690,1341246,11.13
2023-05-11,19710,19990,19660,19680,1099557,11.25
2023-05-12,19840,19850,19310,19680,1018686,11.25
2023-05-15,19510,19700,19180,19180,1248811,11.17
2023-05-16,19180,19330,18760,18800,1530846,11.1
2023-05-17,18700,18750,18180,18300,2840406,10.97
2023-05-18,18380,18440,18110,18280,1929286,10.96
2023-05-19,18300,18520,18290,18360,1343235,10.91
2023-05-22,18380,18960,18380,18890,1922031,10.93
2023-05-23,18900,19080,18600,18770,1464055,10.88
2023-05-24,18750,18970,18650,18650,1074634,10.84
2023-05-25,18560,18620,18200,18200,1648282,10.78
2023-05-26,18160,18200,17470,17620,3216396,10.72
2023-05-30,17720,17720,17130,17500,2253469,10.72
2023-05-31,17510,17840,17490,17750,4370815,10.72
2023-06-01,17540,17720,17500,17550,1249697,10.63
2023-06-02,17730,17740,17460,17560,1102031,10.5
2023-06-05,17800,18110,17660,17910,1311168,10.5
2023-06-07,18110,19100,18070,19100,4502133,10.48
2023-06-08,19110,19870,19110,19610,4411957,10.47
2023-06-09,19780,19780,19450,19730,1897354,10.58
2023-06-12,19680,19800,18830,19190,2471094,10.59
2023-06-13,19130,19290,18870,18960,1531247,10.46
2023-06-14,19040,19220,18860,18880,1184273,10.48
2023-06-15,19050,19340,18970,19150,1369376,10.51
2023-06-16,19260,19300,18970,19250,1488202,10.54
2023-06-19,19190,19200,18820,18850,856884,10.49
2023-06-20,18830,19990,18800,19090,2649584,10.47
2023-06-21,19210,19280,18570,18660,1550558,10.42
2023-06-22,18660,18910,18560,18750,885707,10.46
2023-06-23,18750,18790,18400,18570,932887,10.5
2023-06-26,18350,18920,18350,18610,805514,10.51
2023-06-27,18610,19140,18600,19120,1297802,10.57
2023-06-28,19200,19390,18820,18840,1118985,10.56
2023-06-29,18810,18980,18680,18720,819331,10.57
2023-06-30,18720,19070,18720,18850,767996,10.61
2023-07-03,18880,19240,18870,19130,1091713,10.67
2023-07-04,19130,19280,18930,19150,807415,10.69
2023-07-05,19100,19350,18960,18970,1028383,10.72
2023-07-06,18910,18990,18530,18680,1505701,10.73
2023-07-07,18560,18650,18360,18500,950124,10.78
2023-07-10,18500,18900,18220,18310,912399,10.81
2023-07-11,18310,18450,17810,18100,1345025,10.77
2023-07-12,18130,19150,18130,18890,2077136,10.92
2023-07-13,19000,19450,18970,19250,1837631,10.98
2023-07-14,19380,19440,18970,19400,1146478,11.0
2023-07-17,18900,19280,18880,19200,1120020,11.08
2023-07-18,19240,19540,18850,18930,1264218,11.1
2023-07-19,19000,19500,18910,19020,1592997,11.19
2023-07-20,19230,21000,19000,20300,11834639,11.59
2023-07-21,21050,21250,19000,19100,10333218,11.31
2023-07-24,18590,18590,17600,17650,6366200,11.15
2023-07-25,17560,17570,16080,16300,9697111,11.06
2023-07-26,16300,17580,16300,17270,9151241,11.11
2023-07-27,16980,17760,16700,17480,3437457,11.05
2023-07-28,17610,17920,17060,17610,2610438,11.11
2023-07-31,17540,17720,17400,17490,1568635,11.12
2023-08-01,17360,18260,17120,18120,2737386,11.23
2023-08-02,18000,18080,17660,17840,1447535,11.24
2023-08-03,17840,18140,17800,17980,1416092,11.29
2023-08-04,17980,18500,17850,17940,2205074,11.41
2023-08-07,17900,17910,17250,17410,1147075,11.41
2023-08-08,17560,17650,17200,17300,999036,11.43
2023-08-09,17200,17440,17110,17300,820664,11.44
2023-08-10,17250,17680,17240,17680,1035169,11.46
2023-08-11,17670,17680,17320,17600,900517,11.47
2023-08-14,17580,17580,17000,17100,1173627,11.39
2023-08-16,16990,17280,16720,17220,1269594,11.46
2023-08-17,17050,17920,17030,17740,2042711,11.56
2023-08-18,18190,19320,17500,17560,6116699,11.44
2023-08-21,17650,18800,17640,17990,3073881,11.49
2023-08-22,17790,17790,17050,17200,2672736,11.47
2023-08-23,17000,17590,17000,17160,1202474,11.51
2023-08-24,17160,17320,17060,17110,1021095,11.5
2023-08-25,17030,17190,17000,17000,915307,11.49
2023-08-28,17140,17380,17030,17150,1396865,11.57
2023-08-29,17190,17560,17110,17500,1244515,11.67
2023-08-30,17420,17420,17030,17030,1890751,11.53
2023-08-31,17080,17080,16660,16660,2175352,11.42
2023-09-01,16660,16760,16420,16600,1306852,11.42
2023-09-04,16500,16860,16500,16800,894850,11.47
2023-09-05,16790,16880,16670,16730,787122,11.49
2023-09-06,16670,16820,16580,16580,896778,11.49
2023-09-07,16500,16670,16500,16600,1103390,11.52
2023-09-08,16600,16810,16550,16810,841102,11.55
2023-09-11,16760,16840,16600,16640,828561,11.57
2023-09-12,16650,16730,16380,16390,1266966,11.54
2023-09-13,16300,16390,15560,15580,2500992,11.42
2023-09-14,15730,16250,15680,16230,2072242,11.52
2023-09-15,15900,16890,15900,16830,2704071,11.73
2023-09-18,16780,16900,16650,16870,851174,11.77
2023-09-19,16760,16900,16540,16620,598438,11.78
2023-09-20,16670,17380,16670,17210,2792528,11.96
2023-09-21,17100,17490,17040,17260,1592160,12.01
2023-09-22,17060,17080,16430,16580,1259124,11.98
2023-09-25,16550,16900,16380,16440,926550,12.02
2023-09-26,16280,16610,16280,16460,708889,12.11
2023-09-27,16300,16360,16150,16260,912070,12.1
2023-10-04,16220,16360,15650,15690,1471654,12.05
2023-10-05,15870,15990,15550,15590,993272,12.05
2023-10-06,15460,15640,15350,15430,805651,12.03
2023-10-10,15610,15690,14810,14960,1505373,12.02
2023-10-11,15040,15280,14980,15030,1188940,11.99
2023-10-12,15180,15230,14980,15040,948656,11.98
2023-10-13,14890,14980,14270,14390,1453932,11.95
2023-10-16,14400,14800,14390,14710,1754012,12.03
2023-10-17,14710,14800,14560,14650,789592,12.04
2023-10-18,14670,15270,14670,14970,1350498,12.07
2023-10-19,14800,15160,14600,14900,1337738,12.08
2023-10-20,14760,15030,13830,14060,1757399,12.17
2023-10-23,13970,14320,13620,13950,1226236,12.27
2023-10-24,13980,14510,13820,14460,1415441,12.3
2023-10-25,14520,14950,14500,14850,1015772,12.32
2023-10-26,14860,14900,14230,14420,1792122,12.44
2023-10-27,14550,14960,14510,14810,907308,12.5
2023-10-30,14780,14960,14490,14830,837853,12.52
2023-10-31,14990,15270,14460,14570,1122723,12.5
2023-11-01,14600,14930,14600,14860,772826,12.54
2023-11-02,15010,15090,14780,14850,771959,12.53
2023-11-03,15030,15100,14870,15030,689214,12.57
2023-11-06,15500,16750,15260,16750,2194857,12.72
2023-11-07,16700,16710,15470,15790,1628369,12.66
2023-11-08,15790,16760,15640,16400,2316177,12.74
2023-11-09,16200,16940,16200,16390,1732410,9.03
2023-11-10,16220,16590,15800,16550,825978,9.01
2023-11-13,16500,16590,16180,16370,772417,9.05
2023-11-14,16530,16530,15620,15630,1711570,9.0
2023-11-15,15880,15990,15740,15870,1303051,8.97
2023-11-16,15810,15870,15550,15610,652990,9.03
2023-11-17,15610,15790,15360,15500,765809,9.03
2023-11-20,15660,15970,15550,15910,696711,9.05
2023-11-21,15830,16090,15810,16090,748116,9.07
2023-11-22,16000,16340,15840,16190,783247,9.07
2023-11-23,16350,16420,15890,16330,927172,9.07
2023-11-24,16280,16280,15590,15670,1501203,9.03
2023-11-27,15680,15800,15260,15350,1077546,9.03
2023-11-28,15470,15670,15370,15470,866727,9.04
2023-11-29,15410,15550,15320,15450,767821,9.03
2023-11-30,15450,15900,15210,15490,2614245,9.0
2023-12-01,15550,15980,15550,15870,1418170,9.04
2023-12-04,16090,17390,15910,16780,4624400,9.08
2023-12-05,17000,17010,16060,16080,2045649,8.98
2023-12-06,16300,16420,16050,16140,1132102,8.74
2023-12-07,16050,16140,15570,15650,1130949,8.73
2023-12-08,15670,15880,15590,15750,708901,8.73
2023-12-11,15760,15820,15630,15700,679360,8.76
2023-12-12,15790,16180,15660,15940,908132,8.77
2023-12-13,16010,16100,15650,15680,719233,8.75
2023-12-14,15950,16440,15780,16330,1593268,8.78
2023-12-15,16330,16380,15340,15370,2894674,8.71
2023-12-18,15800,17850,15800,17540,11002402,8.78
2023-12-19,16680,19220,16550,18430,24244550,9.13
2023-12-20,18440,23300,18000,22100,56598976,9.26
2023-12-21,22700,23100,19290,19530,26356884,9.28
2023-12-22,19430,21250,18420,20200,20236912,9.39
2023-12-26,19610,20500,19230,19380,7875995,9.41
2023-12-27,19000,19950,18620,19520,5215225,9.53
2023-12-28,19350,19640,19060,19580,2980158,9.53
2024-01-02,20350,21200,20100,20600,7036113,9.6
2024-01-03,20850,21050,19800,19920,3726809,9.55
2024-01-04,20550,21600,20200,20500,10458014,9.62
2024-01-05,20750,20950,19500,20550,4017702,9.7
2024-01-08,20650,20950,20200,20700,2537661,9.76
2024-01-09,20400,20650,19580,19710,3895959,9.72
2024-01-10,19630,19890,19050,19080,2577117,9.72
2024-01-11,19110,19860,19110,19590,2503832,9.76
2024-01-12,20400,21200,19900,20650,8556986,9.78
2024-01-15,21100,21150,20150,20600,3900651,9.76
2024-01-16,20450,21000,20050,20700,2724515,9.81
2024-01-17,20700,21050,20050,20300,4280225,9.76
2024-01-18,20350,20400,19450,19590,2872035,9.8
2024-01-19,19510,19650,19090,19220,2322203,9.84
2024-01-22,19010,19400,18650,18750,1827870,9.87
2024-01-23,19020,20450,18990,19800,4524241,9.97
2024-01-24,19700,20600,19460,20000,6896073,10.33
2024-01-25,20000,20150,19450,20000,1859212,10.31
2024-01-26,20100,20200,19360,19680,1823327,10.3
2024-01-29,19640,19850,19350,19440,1438594,10.3
2024-01-30,19660,19780,19220,19280,1243440,10.29
2024-01-31,19190,19340,18960,19290,1155040,10.3
2024-02-01,19230,19230,18920,19030,1242433,10.31
2024-02-02,18980,19860,18940,19660,6697509,10.68
2024-02-05,19960,19960,19000,19110,2206831,10.64
2024-02-06,19050,19510,19000,19160,1304800,10.65
2024-02-07,19030,20200,17500,19080,5677567,10.55
2024-02-08,18900,19200,18350,18380,3452564,10.48
2024-02-13,18510,18690,17810,17820,3654689,10.46
2024-02-14,17610,17830,17430,17750,1980653,10.5
2024-02-15,17940,18020,17470,17490,1778133,10.59
2024-02-16,17580,18080,17550,17830,2345133,10.74
2024-02-19,18070,18680,18050,18680,3121103,10.88
2024-02-20,18700,18750,18230,18620,1643541,10.91
2024-02-21,18690,19240,18490,19060,2632144,10.95
2024-02-22,19080,19190,18720,19110,1403091,11.02
2024-02-23,19250,19420,19050,19060,1753507,11.17
2024-02-26,19150,19400,19060,19170,1638350,11.24
2024-02-27,19250,19360,18340,18370,2046464,11.19
2024-02-28,18370,18690,18260,18370,1260284,11.19
2024-02-29,18310,18630,18260,18270,1775348,11.2
2024-03-04,18450,18460,17890,17890,1488235,11.19
2024-03-05,17800,18150,17650,17680,1270998,11.21
2024-03-06,17570,17780,17170,17200,1799871,11.16
2024-03-07,17200,17450,16940,17010,1400703,11.17
2024-03-08,17020,17260,16900,16950,1411684,11.14
2024-03-11,16900,16980,16610,16620,1507907,11.14
2024-03-12,16760,16770,16420,16500,1425108,11.12
2024-03-13,16630,16630,16060,16250,2379262,11.07
2024-03-14,16370,16770,16170,16580,2755578,11.16
2024-03-15,16780,17040,15960,15960,3086893,10.98
2024-03-18,16110,16400,16000,16050,1740214,11.05
2024-03-19,16020,16100,15660,15680,1740018,10.99
2024-03-20,15790,15970,15680,15700,1021410,11.03
2024-03-21,15850,16040,15790,15890,1166320,11.0
2024-03-22,15890,15900,15560,15560,1619702,10.92
2024-03-25,15630,15680,15570,15610,1096058,10.93
2024-03-26,15670,15670,15400,15430,1770352,10.84
2024-03-27,15430,15910,15420,15510,1990143,10.76
2024-03-28,15580,15820,15460,15750,1410553,10.77
2024-03-29,16030,16060,15640,15720,1492248,10.72
2024-04-01,15900,15980,15680,15870,1482762,10.69
2024-04-02,15770,15880,15600,15700,1557356,10.66
2024-04-03,15710,16250,15700,15950,4216127,10.63
2024-04-04,16100,16160,15600,15670,1886436,10.57
2024-04-05,15460,15650,15370,15380,1565394,10.55
2024-04-08,15390,15460,15010,15050,1660792,10.57
2024-04-09,15080,15980,15080,15800,2603058,10.58
2024-04-11,15510,15880,15330,15600,1762890,10.61
2024-04-12,15610,15720,15210,15380,1463944,10.57
2024-04-15,15330,15680,15150,15480,1216711,10.54
2024-04-16,15350,15470,14520,14550,2382717,10.42
2024-04-17,14580,14910,14530,14700,1402107,10.41
2024-04-18,14700,14860,14500,14660,1342539,10.42
2024-04-19,14540,15660,14250,15500,4212700,10.48
2024-04-22,15650,16180,15150,16120,3985580,10.5
2024-04-23,16030,16120,14910,14910,4053403,10.34
2024-04-24,15050,15060,14900,14950,1703066,10.34
2024-04-25,14810,15080,14670,14850,1467795,10.35
2024-04-26,14870,15160,14770,15080,1226288,10.38
2024-04-29,15290,16100,15150,16020,3793248,10.49
2024-04-30,15850,16090,15660,15850,1321253,10.48
2024-05-02,15600,15950,15520,15600,854863,10.47
2024-05-03,15620,15750,15230,15310,1681130,10.46
2024-05-07,15480,15830,15480,15800,1621133,10.52
2024-05-08,15910,16570,15850,16270,3188841,10.57
2024-05-09,16400,17630,16310,17300,7256919,10.7
2024-05-10,17600,18730,17590,18340,8446319,10.71
2024-05-13,18700,18910,17870,18560,4790346,10.67
2024-05-14,18560,18910,17120,18010,5163491,10.67
2024-05-16,18030,18290,16510,16520,7336929,10.5
2024-05-17,16460,16640,16110,16180,3064009,10.47
2024-05-20,16630,18280,16600,17550,11217606,10.6
2024-05-21,17120,17390,16720,17010,2453722,10.6
2024-05-22,17320,17450,16740,16800,2689977,10.58
2024-05-23,16640,16950,16580,16600,1549150,10.59
2024-05-24,16440,16960,16120,16780,2383668,10.6
2024-05-27,17560,18130,17400,17550,4627511,10.65
2024-05-28,17890,18150,17740,18010,2847063,10.69
2024-05-29,17990,18260,17550,18180,2344311,10.74
2024-05-30,18000,18280,17940,18180,1611780,10.77
2024-05-31,18420,18540,17870,18000,3622592,10.7
2024-06-03,18980,19440,18690,19130,8479182,10.79
2024-06-04,18940,19310,18510,19000,2966892,10.78
2024-06-05,19230,19500,18950,19090,2942135,10.81
2024-06-07,19150,19720,19010,19500,3978760,10.9
2024-06-10,19330,19500,18160,18410,3807339,10.52
2024-06-11,18490,18790,17390,17500,4220525,10.46
2024-06-12,17490,17630,17020,17100,2488083,10.46
2024-06-13,17120,17430,17030,17030,2710262,10.43
2024-06-14,17100,18100,17100,18050,4096729,10.52
2024-06-17,18410,18410,17410,17540,2627826,10.39
2024-06-18,17680,18440,17650,17930,2961650,10.44
2024-06-19,18010,18540,17870,18510,2937385,10.48
2024-06-20,18600,19750,18590,19150,6692038,10.54
2024-06-21,19300,19550,18820,19140,3286561,10.5
2024-06-24,18710,19280,18640,18980,2436868,10.61
2024-06-25,19490,19960,18970,19180,7331023,10.57
2024-06-26,19090,19630,18910,19140,2920252,10.63
2024-06-27,19140,19360,19000,19010,1570099,10.64
2024-06-28,19070,19880,19070,19630,6239235,10.79
2024-07-01,19980,20450,19610,19690,3958665,10.76
2024-07-02,19560,20400,19310,19970,4234398,10.75
2024-07-03,20100,20800,19880,19900,5984097,10.76
2024-07-04,20000,20450,19170,19780,3816114,10.72
2024-07-05,19950,20250,19360,19370,3583767,10.69
2024-07-08,19150,19150,18280,18340,4682077,10.61
2024-07-09,18240,18390,17950,18050,3562605,10.55
2024-07-10,18140,18420,18060,18120,1772114,10.55
2024-07-11,18130,18290,17940,17980,2221235,10.6
2024-07-12,17830,18060,17360,17560,3281979,10.07
2024-07-15,17660,17890,17460,17610,1903631,10.06
2024-07-16,17740,18270,17700,18100,2743750,10.11
2024-07-17,18200,18240,17850,17950,1814773,10.07
2024-07-18,17980,18050,17650,18000,1297197,10.09
2024-07-19,17850,18040,17180,17250,2077387,10.03
2024-07-22,17190,17350,16880,17030,1314697,10.06
2024-07-23,17170,17300,16900,16900,1208833,10.05
2024-07-24,16770,17060,16700,16970,1226039,10.08
2024-07-25,16970,17090,16710,16940,1186222,10.1
2024-07-26,16800,17300,16800,17090,1067622,10.12
2024-07-29,17190,17540,17060,17230,1504136,10.12
2024-07-30,17230,17810,17220,17550,2169270,10.17
2024-07-31,17600,18200,17360,18200,2087875,10.27
2024-08-01,18200,18390,17850,18290,1769832,10.3
2024-08-02,18080,18280,17650,18210,1947461,10.32
2024-08-05,18290,18540,15800,16280,3835937,10.24
2024-08-06,16440,17680,16440,17230,2634787,10.33
2024-08-07,17260,17670,17060,17160,1715297,10.32
2024-08-08,17030,17480,16960,17310,1506102,10.35
2024-08-09,17370,17590,17260,17370,997880,10.34
2024-08-12,17530,17700,17400,17570,1065617,10.35
2024-08-13,17570,17980,17190,17500,2294941,10.4
2024-08-14,17900,17900,17090,17630,2030911,10.41
2024-08-16,17900,18070,17770,17940,1305044,10.47
2024-08-19,18070,18280,17820,17920,1470607,10.48
2024-08-20,18120,18330,17680,17800,1655306,10.49
2024-08-21,17780,17920,17650,17820,734098,10.51
2024-08-22,17820,17990,17760,17970,892672,10.52
2024-08-23,17870,17960,17450,17630,948573,10.49
2024-08-26,17630,17780,17570,17700,753354,10.51
2024-08-27,17840,17850,17300,17360,1025978,10.49
2024-08-28,17370,17520,17210,17380,848363,10.51
2024-08-29,17380,17440,17040,17100,955488,10.54
2024-08-30,17200,17300,16970,16970,2827509,10.59
2024-09-02,16970,17030,16660,16710,1273429,10.62
2024-09-03,16710,16930,16710,16900,585079,10.63
2024-09-04,16500,16700,16210,16370,1386472,10.62
2024-09-05,16420,16800,16410,16800,895262,10.64
2024-09-06,16710,16870,16220,16270,761044,10.62
2024-09-09,15990,16270,15880,16270,784291,10.64
2024-09-10,16310,16830,16310,16530,862248,10.65
2024-09-11,16860,16980,16330,16490,886287,10.62
2024-09-12,16600,16650,16450,16550,1163090,10.63
2024-09-13,16690,17040,16630,16860,978328,10.67
2024-09-19,17150,17310,16960,17310,1377146,10.73
2024-09-20,17370,17630,17170,17630,1612983,10.79
2024-09-23,17730,17870,17470,17730,1046019,10.84
2024-09-24,17850,18220,17690,18220,1795826,10.91
2024-09-25,18400,18700,18350,18460,2290894,11.04
2024-09-26,18460,18680,18110,18680,1797256,11.07
2024-09-27,18700,18920,18450,18860,1917143,11.17
2024-09-30,18970,19430,18530,18530,2297036,11.18
2024-10-02,18850,18890,17810,17990,1819617,11.16
2024-10-04,17540,17710,16800,17100,2587163,11.08
2024-10-07,16980,17190,16930,17040,1159105,11.07
2024-10-08,16960,17160,16960,17060,1133597,11.08
2024-10-10,17180,17190,16870,16870,1617334,11.08
2024-10-11,17030,17100,16850,16870,582198,11.07
2024-10-14,17110,17260,16940,17240,1007693,11.08
2024-10-15,17340,17340,16980,17040,1061494,11.06
2024-10-16,16970,17460,16840,17360,1082946,11.07
2024-10-17,17360,17610,17280,17450,1065982,11.1
2024-10-18,17490,17490,17110,17180,777839,11.1
2024-10-21,17230,17580,17190,17450,806301,11.14
2024-10-22,17400,17440,16950,17160,903829,11.14
2024-10-23,17150,17160,16870,17050,644649,11.14
2024-10-24,17050,17160,16860,17050,665449,11.16
2024-10-25,16960,17130,16700,16830,751295,11.15
2024-10-28,16900,17300,16850,17290,891680,11.18
2024-10-29,17140,17360,17100,17360,568175,11.18
2024-10-30,17360,17360,17060,17270,505355,11.17
2024-10-31,17350,17350,16910,17120,968190,11.11
2024-11-01,17060,17340,16880,17070,617357,11.12
2024-11-04,17110,17860,17000,17860,1421648,11.2
2024-11-05,17620,17840,17360,17840,762715,11.2
2024-11-06,17840,17840,17010,17080,1134303,11.14
2024-11-07,17050,17210,16860,17100,857173,11.12
2024-11-08,17200,17440,16940,17050,848496,11.12
2024-11-11,16910,16950,15750,15750,2825377,10.98
2024-11-12,15580,16330,15570,16020,2136117,9.32
2024-11-13,15830,17030,15830,17020,3172583,9.32
2024-11-14,17190,18500,16680,17620,5563674,9.43
2024-11-15,17670,18400,17620,18240,3189617,9.53
2024-11-18,18310,18590,17700,18060,1921161,9.52
2024-11-19,17940,18540,17940,18320,1909139,9.56
2024-11-20,18150,18460,18040,18320,968001,9.57
2024-11-21,18390,18800,18300,18700,2190816,9.59
2024-11-22,18540,18810,18460,18590,1709951,9.59
2024-11-25,18650,19090,18450,18880,2304574,9.64
2024-11-26,18700,18750,18260,18500,1516379,9.63
2024-11-27,18500,18800,18350,18520,1298176,9.61
2024-11-28,18600,18810,18400,18620,1403971,9.59
2024-11-29,18680,18680,17950,17960,1436014,9.55
2024-12-02,18110,18150,17650,17650,829475,9.54
2024-12-03,17800,18400,17620,18150,1128212,9.54
2024-12-04,17980,18050,17660,17820,895514,9.49
2024-12-05,17950,18370,17790,18210,1153278,9.46
2024-12-06,18220,18500,17750,18000,1158312,9.43
2024-12-09,17850,17930,17400,17800,1097019,9.4
2024-12-10,17800,18440,17800,18360,1000915,9.4
2024-12-11,18360,18800,18250,18770,1263455,9.41
2024-12-12,18860,18870,18550,18630,1833042,9.43
2024-12-13,18680,18800,18370,18800,1133438,9.38
2024-12-16,18860,18870,18250,18490,1144732,9.35
2024-12-17,18470,18470,17810,18300,1030742,9.34
2024-12-18,18340,18420,18040,18210,752351,9.33
2024-12-19,17990,18120,17760,17970,906440,9.29
2024-12-20,17890,18640,17890,18400,2135651,9.29
2024-12-23,18400,18410,17770,17970,1084305,9.25
2024-12-24,18090,18370,18010,18170,771341,9.25
2024-12-26,18250,18260,18010,18020,611163,9.24
2024-12-27,17840,17900,17500,17530,886708,9.21
2024-12-30,17540,17880,17260,17660,645625,9.21
2025-01-02,17660,17830,17460,17700,524128,9.21
2025-01-03,17800,18490,17790,18370,1879525,9.26
2025-01-06,18500,19000,18210,18900,2068487,9.28
2025-01-07,18890,19200,18670,18870,1108266,9.29
2025-01-08,18760,19360,18760,19050,1672205,9.3
2025-01-09,19250,19880,18890,18910,3470021,9.32
2025-01-10,18850,19170,18820,18900,1162228,9.32
2025-01-13,18920,18940,18520,18580,1189406,9.3
2025-01-14,18600,18880,18450,18610,1025132,9.3
2025-01-15,18740,19890,18700,19800,4866843,9.4
2025-01-16,19920,19930,19430,19820,2260451,9.45
2025-01-17,19810,19810,19300,19430,1754617,9.39
2025-01-20,19700,19710,18000,18000,3805240,9.23
2025-01-21,18000,18280,18000,18050,1482535,9.2
2025-01-22,18240,19800,18090,19170,5410262,9.2
2025-01-23,19050,19340,18710,18810,2107084,9.23
2025-01-24,19030,19170,18510,18640,1369271,9.22
2025-01-31,18800,19050,18590,19040,2315366,9.28
2025-02-03,18660,18660,18100,18370,1308273,9.25
2025-02-04,18470,18680,18340,18460,1076572,9.25
2025-02-05,18490,18750,18420,18420,1175783,9.28
2025-02-06,18580,18780,18480,18700,838485,9.34
2025-02-07,18650,18950,18540,18580,873383,9.33
2025-02-10,18440,18770,18210,18240,1109965,9.32
2025-02-11,18260,19000,18230,18410,1829464,9.31
2025-02-12,18600,19000,18290,18360,1910796,9.31
2025-02-13,18350,18360,18050,18110,1850313,9.29
2025-02-14,18310,18340,17950,18320,1419919,9.28
2025-02-17,18370,18370,18060,18100,1148596,9.23
2025-02-18,18090,18250,18010,18180,966490,9.23
2025-02-19,18100,18410,18070,18300,1417477,9.26
2025-02-20,18200,18750,18190,18730,2105088,9.26
2025-02-21,18790,19000,18350,18670,1438535,9.27
2025-02-24,19620,21650,19420,20000,28312869,9.51
2025-02-25,19670,21450,19100,20900,17234939,9.66
2025-02-26,21200,21350,20200,20500,4591291,9.63
2025-02-27,20450,20750,20000,20500,2855080,9.65
2025-02-28,20200,20600,19210,19590,4980633,9.69
2025-03-04,19500,21200,19280,20650,6118697,9.76
2025-03-05,20850,21850,20750,21500,6923107,9.76
2025-03-06,21750,21750,20900,21450,2669828,9.81
2025-03-07,21350,22000,21000,21650,3248426,9.79
2025-03-10,21750,22650,21150,22150,4804741,9.77
2025-03-11,21400,21900,21000,21250,2997429,9.8
2025-03-12,21300,21500,20750,20950,2175055,9.79
2025-03-13,20900,21100,20500,20600,2710209,9.9
2025-03-14,20750,21150,20250,20700,1976062,9.88
2025-03-17,20650,20900,20550,20850,1346575,9.88
2025-03-18,20950,21150,20700,20800,1527052,9.87
2025-03-19,20850,20900,20000,20000,2390038,9.85
2025-03-20,20150,20350,19740,20050,1899891,9.87
2025-03-21,19830,20150,19440,19840,2008944,9.84
2025-03-24,19830,20550,19740,20350,2362012,9.78
2025-03-25,20350,21000,20350,20550,1784934,9.81
2025-03-26,20550,20800,20200,20500,1074723,9.75
2025-03-27,20150,20300,19980,20050,955729,9.78
2025-03-28,20150,20200,19500,19670,904795,9.78
2025-03-31,19400,19840,19130,19560,1622658,9.73
2025-04-01,19750,20750,19730,20550,1848065,9.73
2025-04-02,20700,20800,20200,20550,1232283,9.7
2025-04-03,19930,20100,19660,19750,1514820,9.63
2025-04-04,19330,19890,19170,19600,1366835,9.56
2025-04-07,19000,19100,18010,18250,2153008,9.58
2025-04-08,18650,19180,17960,17990,1784291,9.66
2025-04-09,17880,18120,17560,17690,1501952,9.55
2025-04-10,18900,19170,18590,19110,1965062,9.56
2025-04-11,18700,19500,18500,19320,1990121,9.52
2025-04-14,19320,19500,18910,19220,1244978,9.49
2025-04-15,19230,19350,19100,19220,586483,9.49
2025-04-16,19260,19540,18930,19440,952778,9.47
2025-04-17,19430,19520,19140,19270,675651,9.46
2025-04-18,20850,20850,19320,19350,4330697,9.35
2025-04-21,19380,19400,18810,18960,2019719,9.37
2025-04-22,19110,19550,18970,19010,1690132,9.35
2025-04-23,19160,19260,19020,19070,1367125,9.35
2025-04-24,19080,19170,18880,18940,1126509,9.33
2025-04-25,19030,19030,18590,18820,1776211,9.31
2025-04-28,18770,18800,18610,18660,1110071,9.27
2025-04-29,18600,18630,18200,18250,2031119,9.27
2025-04-30,18300,18360,18010,18260,1455242,9.28
2025-05-02,18180,18300,18060,18250,1027760,9.26
2025-05-07,18300,18610,18210,18530,1381648,9.29
2025-05-08,18450,18460,18090,18110,1987659,9.24
2025-05-09,18200,18350,18150,18160,1053125,9.23
2025-05-12,18310,19340,18290,19280,4412644,7.88
2025-05-13,19510,20800,19500,20400,5925521,7.96
2025-05-14,20300,21100,20100,20800,3358604,7.93
2025-05-15,22300,23000,21800,22150,6123797,7.92
2025-05-16,22250,23200,21500,22950,3865416,8.01
2025-05-19,22600,23100,22350,22550,1788049,8.03
2025-05-20,23000,23200,21850,22100,1950025,8.0
2025-05-21,22100,22650,21900,22350,1397616,8.02
2025-05-22,22300,22400,21900,22200,1166866,8.01
2025-05-23,22000,22450,21700,22200,1002424,8.02
2025-05-26,22100,23000,21950,22200,1428353,8.0
2025-05-27,22050,22450,21300,21750,1380640,8.0
2025-05-28,22000,22250,21450,21700,1424962,7.95
2025-05-29,21900,21950,21550,21800,1399538,7.93
2025-05-30,21650,21750,21050,21300,2553909,7.88
2025-06-02,22350,22600,21950,22300,2418245,7.79
2025-06-04,23300,23650,22250,22550,2651013,7.71
2025-06-05,22650,22950,21550,21600,3020941,7.63
2025-06-09,21950,22200,21650,22150,2557621,7.62
2025-06-10,22150,22700,21700,22350,2285665,7.61
2025-06-11,22450,22550,22000,22500,1452670,7.56
2025-06-12,22550,23350,22250,23000,2912115,7.51
2025-06-13,23550,25000,22800,24200,10270590,7.24
2025-06-16,25000,25350,23550,24300,5246933,7.11
2025-06-17,23650,23650,22750,23000,4484756,7.05
2025-06-18,23050,23300,22900,22950,2079323,7.06
2025-06-19,23100,23150,22500,22750,1703760,7.08
2025-06-20,22400,23150,22400,23000,2803690,7.11
2025-06-23,24550,24600,23150,23550,4624142,6.95
2025-06-24,22600,23200,22450,22800,3052164,7.02
2025-06-25,23100,23150,22700,22850,1816170,7.0
2025-06-26,23000,23700,22850,23100,2592527,6.97
2025-06-27,23100,23150,22250,22400,1562326,6.96
2025-06-30,22600,22850,22500,22500,987748,6.95
2025-07-01,22850,23700,22800,23300,1900273,6.98
2025-07-02,23650,23750,23000,23350,1528215,6.94
2025-07-03,23400,24100,23250,23900,2045683,6.97
2025-07-04,24400,25300,24100,24300,4092417,6.95
2025-07-07,24550,24600,23500,24000,1456575,6.92
2025-07-08,23750,24450,23600,24050,1612845,6.94
2025-07-09,24050,24900,23850,24750,2142199,6.99
2025-07-10,24800,24800,24300,24700,1815817,7.0
2025-07-11,24700,25750,24600,25450,3099390,7.02
2025-07-14,25500,26200,25000,25500,2088112,6.97
2025-07-15,25950,26250,25550,25950,2028883,6.92
2025-07-16,25650,25700,25100,25200,1597797,6.91
2025-07-17,25150,25400,24800,25250,1437024,6.95
2025-07-18,25150,25300,24700,25000,974570,6.94
2025-07-21,24750,24900,24150,24400,1789266,6.96
2025-07-22,24350,24700,24150,24350,1054254,6.96
2025-07-23,24600,25100,24500,24700,1372846,6.94
2025-07-24,24800,25000,24500,24600,945010,6.92
2025-07-25,24400,24950,24400,24600,754531,6.96
2025-07-28,24300,24750,23600,23950,1449849,6.98
2025-07-29,23650,23750,23350,23650,1024346,7.0
2025-07-30,23500,23750,23400,23650,879686,7.02
2025-07-31,24150,24300,23400,23450,1188005,7.01
2025-08-01,23400,23700,22850,23000,1103275,7.01
2025-08-04,22600,23150,22600,23000,837977,7.02
2025-08-05,23200,23300,22600,23050,1141560,7.03
2025-08-06,22900,23250,22750,23050,655158,7.04
2025-08-07,23500,23550,23050,23200,697335,7.04
2025-08-08,23200,23200,22900,23000,5473234,7.04
2025-08-11,22900,23000,22500,22550,659051,7.03
2025-08-12,22450,22800,22350,22450,734822,7.03
2025-08-13,22600,22650,22300,22550,926142,7.03
2025-08-14,22600,22700,21450,22100,2472780,6.96
2025-08-18,24400,24500,23500,23650,5425175,6.86
2025-08-19,23500,23550,22800,22950,2345848,6.86
2025-08-20,22500,23200,22450,23000,2083910,6.89
2025-08-21,22800,22950,22500,22600,1925830,6.87
2025-08-22,22700,22900,22450,22600,855733,6.86
2025-08-25,22700,22800,22400,22450,1036714,6.77
2025-08-26,22500,22550,21900,22000,2415351,6.77
2025-08-27,22200,22250,21850,21900,1023995,6.44
2025-08-28,21900,22000,21800,21850,1345367,6.41
2025-08-29,21950,22600,21700,22100,1296230,6.44
2025-09-01,22400,22600,22050,22400,969669,6.4
2025-09-02,22350,22600,22100,22350,912075,6.4
2025-09-03,22300,22450,22100,22250,831062,6.4
2025-09-04,22150,22600,22150,22500,1126537,6.34
2025-09-05,24100,24100,22750,22950,5127767,6.23
2025-09-08,23000,23100,22600,23050,1440410,6.23
2025-09-09,23150,23250,22900,23050,1737477,6.19
2025-09-10,23000,23800,23000,23750,2239788,6.22
2025-09-11,23700,23900,23200,23900,1948243,6.16
2025-09-12,23800,24650,23650,24300,2364519,6.22
2025-09-15,23950,23950,23300,23450,1088519,6.22
2025-09-16,23450,23875,23300,23700,974019,6.16
2025-09-17,23550,23900,23400,23500,1321926,6.73
2025-09-18,23550,23550,22900,23000,2435127,6.73
2025-09-19,23050,23050,22450,22450,2382968,6.73
2025-09-22,22600,22650,21800,21900,2655834,6.7
2025-09-23,22000,22100,21100,21250,3238314,6.64
2025-09-24,21550,21600,21200,21300,1676252,6.56
2025-09-25,21450,21500,21000,21050,1503486,6.52
2025-09-26,21000,21000,20425,20550,1456625,6.58
2025-09-29,20950,21150,20550,20600,1305154,6.56
2025-09-30,20600,20650,19990,20050,2611458,6.48
2025-10-01,20050,20250,19950,20000,1304689,6.41
2025-10-02,20100,20550,20100,20400,2130538,6.41
2025-10-10,20200,20450,19810,19870,2751819,6.32
2025-10-13,19550,20100,19470,20050,1341072,6.32
2025-10-14,20000,20800,19950,20400,2657751,6.31
2025-10-15,20500,20600,20250,20350,1051718,6.31
2025-10-16,20650,21350,20550,20950,2357189,6.3
2025-10-17,21300,21300,20700,20800,1431564,6.28
2025-10-20,20900,20900,20400,20450,1688157,6.22
2025-10-21,20550,20600,20200,20200,2057218,6.78
2025-10-22,20400,20850,20300,20850,1754055,6.8
2025-10-23,20750,21150,20600,20750,1137374,6.81
2025-10-24,20800,20800,20250,20550,1938070,6.81
2025-10-27,20550,21600,20500,21200,2482267,6.81
2025-10-28,21200,21200,20750,21000,967668,6.77
2025-10-29,21100,21150,20550,20650,1442559,6.73
2025-10-30,21000,21450,20650,20750,1574965,6.72
2025-10-31,20600,20850,20450,20550,1405454,6.74
2025-11-03,20450,20500,20100,20250,1361996,6.73
2025-11-04,20150,20400,20050,20200,1168772,6.75
2025-11-05,20250,20250,19430,19800,2281476,6.69
2025-11-06,20000,20200,19810,20050,1054234,6.7
2025-11-07,19900,20050,19600,19820,1293166,6.66
2025-11-10,19820,20200,19700,20200,876894,6.72
2025-11-11,20050,20300,19800,19910,1151056,6.7
2025-11-12,19950,20250,19750,20200,793634,6.73
2025-11-13,20000,20200,19860,20000,1510829,6.73
2025-11-14,19990,19990,19400,19420,1637011,6.63
2025-11-17,19440,19490,19060,19240,1185437,6.66
2025-11-18,19020,19200,18740,18750,1132039,6.65
2025-11-19,18930,19300,18930,19050,1119880,6.67
2025-11-20,19090,19450,19050,19230,791032,6.69
2025-11-21,19050,19170,18940,19150,811115,6.71
2025-11-24,19250,19290,18660,18660,1792050,6.67
2025-11-25,18850,18950,18660,18710,699300,6.69
2025-11-26,18890,19070,18830,19010,891017,6.67
2025-11-27,19010,19090,18950,19000,804634,6.67
2025-11-28,19030,19290,18960,19140,926144,6.66
2025-12-01,19470,20600,19460,19980,2761859,6.68
2025-12-02,19980,20300,19750,20150,1183634,6.69
2025-12-03,20350,20400,19970,20150,914819,6.68
2025-12-04,20050,20500,19960,20100,1011957,6.67
2025-12-05,20100,20650,20000,20550,1882949,6.75
2025-12-08,20600,20650,20200,20500,1461790,6.78
2025-12-09,20550,20950,20400,20600,1212593,6.77
2025-12-10,20600,20650,20050,20150,944858,6.77
2025-12-11,20250,20650,20100,20400,1603017,6.82
2025-12-12,20500,20800,20500,20750,1048310,6.83
2025-12-15,20500,20950,20350,20700,1178042,6.85
2025-12-16,20900,21100,20600,20800,1887128,6.85
2025-12-17,21050,21100,20550,20750,988746,6.8
2025-12-18,20500,20650,20300,20500,787596,6.83
2025-12-19,20700,20700,20200,20550,2678229,6.84
2025-12-22,20700,20800,20400,20550,779923,6.81
2025-12-23,20600,20750,20450,20500,673012,6.82
2025-12-24,20550,20800,20500,20650,825840,6.85
2025-12-26,20650,20700,20200,20300,833715,6.85
2025-12-29,20250,20400,20050,20350,984614,6.87
2025-12-30,20300,20600,20250,20500,675599,6.88
2026-01-02,20600,20600,20000,20200,1345331,6.86
2026-01-05,20100,20150,19760,19850,1927746,6.8
2026-01-06,19880,19940,19770,19920,1639208,6.81
2026-01-07,19800,20000,19640,19930,1857534,6.82
2026-01-08,19830,20250,19790,19960,1562627,6.86
2026-01-09,20100,20200,19910,20000,1057976,6.88
2026-01-12,20000,20300,19880,20250,1563578,6.96
2026-01-13,20350,20900,20250,20900,2072943,6.94
2026-01-14,21150,21150,20500,20750,1419392,6.92
2026-01-15,20650,20900,20200,20250,1722186,6.9
2026-01-16,20350,20400,20000,20000,1976574,6.84
2026-01-19,20000,20050,19580,19890,2090777,6.84
2026-01-20,19850,21100,19850,20950,4472716,7.04
2026-01-21,20550,20600,20000,20100,1970284,6.97
2026-01-22,20150,20800,20050,20550,2453202,7.05
2026-01-23,20600,20600,20200,20350,1759967,7.02
2026-01-26,20350,20400,20050,20100,1698162,7.01
2026-01-27,20100,20200,20000,20150,1322878,7.0
2026-01-28,20150,20200,19970,20000,2004303,7.01
2026-01-29,19930,20450,19760,20400,2961282,7.07
2026-01-30,20250,20500,19950,20000,1769729,7.06
2026-02-02,19980,20050,19390,19530,2113019,7.01
2026-02-03,19760,20200,19750,20100,1680757,7.14
2026-02-04,20000,20550,19990,20500,2337562,7.31
2026-02-05,20400,20750,20200,20300,1469694,7.42
2026-02-06,20000,20100,19640,20100,1775393,7.38
2026-02-09,20350,20600,20150,20400,1919629,7.46
2026-02-10,20500,21550,20450,21200,5028284,7.52
2026-02-11,21600,21650,20850,21050,2579066,7.48
2026-02-12,21200,21450,21050,21350,2174641,7.49
2026-02-13,21150,21850,20950,21450,2828722,7.48
2026-02-19,22650,23000,22150,22700,4026952,7.43
2026-02-20,23250,23300,22700,23150,2619449,7.33
2026-02-23,23200,23250,22600,22950,1810316,7.25
2026-02-24,23000,23050,22600,22950,1564676,7.18
2026-02-25,22950,23900,22800,23450,3221427,7.25
2026-02-26,23200,23200,22150,22300,2945822,7.04
2026-02-27,22500,22600,21350,21350,4005360,7.0
2026-03-03,24650,24950,23300,24500,15527327,6.98
2026-03-04,23100,23150,19660,20500,8383381,6.96
2026-03-05,21200,21650,20700,21250,5207570,7.02
2026-03-06,21850,22050,20800,21150,2914661,7.01
2026-03-09,20800,21600,20400,20650,2525375,7.09
2026-03-10,20950,21200,20700,20900,1669635,7.14
2026-03-11,20950,21550,20950,21000,2900100,7.21
2026-03-12,21050,21650,20950,21650,2458718,7.28
2026-03-13,21300,21400,21000,21050,1906186,7.29
2026-03-16,21250,21800,20900,20950,2198294,7.24
2026-03-17,21050,21100,20700,20850,1025325,7.24
2026-03-18,21000,21200,20850,21100,1164348,7.27
2026-03-19,21200,21250,20800,20850,1013546,7.33
2026-03-20,20850,21400,20800,21250,1715802,7.44
2026-03-23,20750,20800,19810,19810,1927151,7.35
2026-03-24,20100,20200,19440,19930,1926055,7.3
2026-03-25,20000,20200,19880,19930,1979504,7.31
2026-03-26,20050,20150,19650,19810,2230269,7.27
2026-03-27,19590,19710,19110,19660,1462587,7.3
2026-03-30,19220,19570,19110,19550,997600,7.27
2026-03-31,19220,19670,19150,19570,1754901,7.26
2026-04-01,20100,20500,19620,20350,1699870,7.31
2026-04-02,20500,20700,19890,20150,1492831,7.37
2026-04-03,20250,20300,20050,20050,555280,7.39
2026-04-06,20200,20350,20050,20100,668571,7.39
2026-04-07,20100,20250,20000,20150,616400,7.41
2026-04-08,20650,20900,20350,20650,1531581,7.42
2026-04-09,20700,20900,20500,20850,1351181,7.41
2026-04-10,20750,21900,20650,21650,2583258,7.51
2026-04-13,21500,21600,20900,21150,1409154,7.49
2026-04-14,21250,21300,20850,21000,983620,7.49
2026-04-15,21250,21300,20900,21100,1272556,7.48
2026-04-16,21100,21450,21050,21200,1339723,7.51
2026-04-17,21150,21200,20900,21100,836927,7.48
2026-04-20,21200,21350,21000,21000,1102110,7.49
2026-04-21,21050,21200,20900,21100,821520,7.51
2026-04-22,21050,21100,20650,20850,1117187,7.51
2026-04-23,20850,21000,20450,20750,1227356,7.51
2026-04-24,20650,21300,20600,21100,1373810,7.59
2026-04-27,21200,21250,20850,20950,853387,7.57
2026-04-28,20900,21050,20650,20750,903590,7.56
2026-04-29,20750,20800,20500,20750,670706,7.56
2026-04-30,20650,20750,20300,20500,1013500,7.53
2026-05-04,22050,22050,21050,21150,2366415,7.42
2026-05-06,20850,20900,20550,20550,1687422,7.41
2026-05-07,20700,21100,20650,20950,1446250,7.48
2026-05-08,20750,21000,20500,20600,1058706,7.46
2026-05-11,20400,20400,19990,20050,1462624,7.45
2026-05-12,20050,20050,19370,19800,1806276,7.42
2026-05-13,20000,20250,19530,19830,1149268,7.38
2026-05-14,19680,20100,19340,20100,1817808,7.33
2026-05-15,20150,20400,19590,19890,1771846,7.39
2026-05-18,19730,20150,19250,19960,1714572,7.43
2026-05-19,20050,20250,19510,19820,1279956,7.49
2026-05-20,19940,19950,19330,19670,1266333,7.52
2026-05-21,19940,20450,19930,20250,1586080,7.61
2026-05-22,20350,20850,20250,20500,1448051,7.7
2026-05-26,20800,20800,20150,20200,979554,7.68
2026-05-27,20150,20450,19660,19740,1567558,7.63
2026-05-28,19970,19990,19250,19610,1849835,7.62
2026-05-29,19650,19710,19170,19560,4878532,7.59
2026-06-01,19560,20150,19490,19770,1869134,7.66
2026-06-02,19630,19640,19190,19510,1663134,7.66
2026-06-04,19700,20300,19500,19620,1712067,7.69
2026-06-05,19670,19750,19200,19450,1254965,7.72
2026-06-08,18500,19200,18500,18650,1381984,7.73
2026-06-09,18630,19270,18600,19030,1307905,7.76
2026-06-10,18850,19000,18020,18380,1532018,7.69
2026-06-11,18100,18850,18000,18850,1514045,7.66
2026-06-12,19230,20150,19010,20050,1884795,7.71
2026-06-15,20800,22050,20350,21300,3112754,7.78
2026-06-16,21050,22200,20600,22150,2870572,7.87
2026-06-17,21900,23200,21700,22100,2899739,7.89
2026-06-18,21900,21900,20450,20450,1606593,7.83
2026-06-19,20450,20500,19410,20150,2617721,7.81
2026-06-22,19660,19940,19500,19550,1250720,7.81
2026-06-23,19400,19670,18540,18590,1305362,7.78
2026-06-24,18380,19280,18240,18940,1287314,7.78
2026-06-25,19010,19440,18660,18660,903622,7.77
2026-06-26,18670,18770,17910,18310,1323756,7.74
2026-06-29,18320,19340,18040,19220,1067053,7.73
2026-06-30,19180,19190,18610,18610,948016,7.69
