date,open,high,low,close,volume,foreign_ownership_ratio
2016-07-01,253000,260500,251000,258500,219529,49.83
2016-07-04,257000,260500,253500,259500,154259,49.83
2016-07-05,257500,259000,254000,255000,96112,49.81
2016-07-06,255000,255000,246000,247500,185484,49.77
2016-07-07,248500,254000,248000,252500,106236,49.8
2016-07-08,252500,254000,247500,249500,119802,49.81
2016-07-11,251500,257000,251000,256500,120511,49.84
2016-07-12,258000,264000,257000,262000,189122,49.91
2016-07-13,265000,267500,258500,261000,144119,49.95
2016-07-14,263500,266000,261500,265000,163342,50.0
2016-07-15,263500,266000,261000,265500,110468,50.04
2016-07-18,264000,264000,256000,259500,136630,50.04
2016-07-19,258500,260500,254000,260500,114174,50.06
2016-07-20,258500,261500,256000,261500,70752,50.07
2016-07-21,262500,263000,256500,259000,77231,50.07
2016-07-22,261500,263500,259500,263000,97916,50.1
2016-07-25,265000,266000,259000,266000,126032,50.11
2016-07-26,267000,267000,261000,263500,94665,50.09
2016-07-27,264500,266500,263500,266000,70649,50.12
2016-07-28,265000,268500,261500,268500,153679,50.11
2016-07-29,265000,266500,255000,255000,249259,50.01
2016-08-01,256000,264500,256000,262000,186080,50.08
2016-08-02,260500,263500,255500,258000,138671,50.08
2016-08-03,255000,257000,250500,251500,147844,50.04
2016-08-04,253000,257000,250500,250500,120124,50.04
2016-08-05,253000,257500,251500,255500,132703,50.07
2016-08-08,254000,257500,253000,256500,92275,50.06
2016-08-09,257000,261500,255500,260000,129947,50.06
2016-08-10,259000,264000,258000,258000,142859,50.06
2016-08-11,258000,260500,257500,260000,105397,50.04
2016-08-12,261000,262000,258500,260000,105763,50.02
2016-08-16,262000,262500,257000,258000,153811,50.02
2016-08-17,257500,260000,257000,258500,73826,50.01
2016-08-18,258500,260500,253000,254000,105806,50.0
2016-08-19,254000,259000,252000,258000,111930,50.03
2016-08-22,255500,257500,253000,257500,81223,50.03
2016-08-23,255000,255000,252000,252000,132225,49.98
2016-08-24,248500,253000,242500,250000,227910,49.93
2016-08-25,252000,257500,250000,253500,265531,49.85
2016-08-26,254500,260000,254000,258500,184285,49.8
2016-08-29,255000,260000,255000,259000,105183,49.79
2016-08-30,259000,260500,257500,260000,63108,49.77
2016-08-31,256500,261000,256000,260500,188763,49.77
2016-09-01,258000,267500,257000,266500,157333,49.79
2016-09-02,265000,267000,259000,263500,151828,49.77
2016-09-05,267000,281000,265500,274000,255127,49.73
2016-09-06,273000,289000,272000,287000,297211,49.72
2016-09-07,284000,284500,278500,280500,219523,49.62
2016-09-08,280500,284500,279000,283000,257141,49.6
2016-09-09,279000,280500,273500,279500,185622,49.53
2016-09-12,279500,285500,275500,279500,196180,49.45
2016-09-13,283000,284500,276000,280000,215114,49.43
2016-09-19,280500,291000,277500,287000,251227,49.37
2016-09-20,283000,289000,278000,286500,275935,49.3
2016-09-21,283500,286500,280500,281500,146490,49.27
2016-09-22,283500,293500,283500,286000,202410,49.27
2016-09-23,285000,290500,285000,288000,146640,49.22
2016-09-26,288000,288000,281000,284000,126334,49.2
2016-09-27,285000,290500,282000,288000,128186,49.17
2016-09-28,288000,290000,284000,284000,119807,49.16
2016-09-29,284500,286500,280000,282000,127961,49.18
2016-09-30,278000,281500,273500,275000,219789,49.12
2016-10-04,280500,283000,278000,280000,178068,49.1
2016-10-05,276000,280000,274500,276500,132036,49.11
2016-10-06,274500,276500,270500,272500,156142,49.08
2016-10-07,270500,278500,268500,278000,218941,49.04
2016-10-10,279000,284000,273000,279000,159792,48.99
2016-10-11,284000,284000,270000,274500,219521,48.94
2016-10-12,276000,276000,272000,273500,152021,48.89
2016-10-13,272500,274500,269500,270500,137629,48.9
2016-10-14,270000,271500,265500,266500,148236,48.84
2016-10-17,267500,269000,264000,265500,126014,48.83
2016-10-18,267500,267500,263000,263500,195082,48.78
2016-10-19,263500,265500,258000,258500,211502,48.78
2016-10-20,259500,262500,257000,260000,178385,48.76
2016-10-21,259500,262500,259500,260500,130847,48.71
2016-10-24,262000,263500,260500,261500,180534,48.66
2016-10-25,261500,269000,261500,267000,390390,48.47
2016-10-26,265500,265500,257500,259500,192923,48.37
2016-10-27,260500,262000,254500,259000,179813,48.32
2016-10-28,256000,269000,256000,264500,375998,48.22
2016-10-31,264000,277000,263000,274000,494509,48.12
2016-11-01,273000,273500,269000,270000,292111,48.02
2016-11-02,269000,271500,265500,269000,135666,47.99
2016-11-03,270000,271500,265000,267000,180117,47.94
2016-11-04,267000,268000,264000,265000,116780,47.91
2016-11-07,268500,270500,265500,265500,131748,47.9
2016-11-08,267000,269500,264000,268000,100347,47.91
2016-11-09,268500,271000,259000,263500,222903,47.92
2016-11-10,264000,264500,244500,248000,547023,47.83
2016-11-11,249500,251500,244500,245000,360853,47.79
2016-11-14,246500,249500,242000,243000,219759,47.78
2016-11-15,241500,244500,237500,242500,219492,47.79
2016-11-16,244000,247000,242000,242500,209789,47.8
2016-11-17,241500,242500,239500,241500,186740,47.8
2016-11-18,240500,243500,238500,239500,147146,47.81
2016-11-21,239500,246000,239500,243500,174008,47.79
2016-11-22,244000,245000,239500,242000,144570,47.74
2016-11-23,241000,250500,240500,248000,244578,47.69
2016-11-24,250000,254000,247000,250000,161960,47.66
2016-11-25,253000,254500,251000,251500,106043,47.65
2016-11-28,251500,253500,249500,251500,111123,47.65
2016-11-29,251500,253000,247000,247000,126312,47.61
2016-11-30,248000,251000,245000,249000,176792,47.61
2016-12-01,251000,256000,249500,254000,170745,47.62
2016-12-02,253000,257000,248000,251000,100460,47.61
2016-12-05,248500,253000,246500,250500,82502,47.58
2016-12-06,253500,255500,249000,255000,148953,47.52
2016-12-07,253500,256000,250500,250500,122216,47.5
2016-12-08,254000,260500,252000,260500,232958,47.43
2016-12-09,262000,264000,258500,259000,168881,47.39
2016-12-12,263500,264000,259500,261500,95088,47.38
2016-12-13,264000,264500,260000,262000,85908,47.35
2016-12-14,262500,266000,262000,264500,102725,47.37
2016-12-15,262000,265500,260000,263500,107251,47.37
2016-12-16,261500,263000,255000,258000,186397,47.35
2016-12-19,257000,261500,256500,257500,88795,47.34
2016-12-20,257000,261000,257000,259000,80345,47.35
2016-12-21,261500,266000,260500,265000,156799,47.4
2016-12-22,263000,270500,262000,267000,182733,47.42
2016-12-23,269000,269500,265500,266500,101992,47.41
2016-12-26,266500,270000,264000,264000,71134,47.4
2016-12-27,264000,267500,264000,267500,77194,47.35
2016-12-28,261500,264000,258500,259000,195921,47.34
2016-12-29,258000,264000,258000,264000,148242,47.32
2017-01-02,264000,274000,261500,271500,123659,47.31
2017-01-03,271500,277000,269500,275500,152387,47.3
2017-01-04,273500,280500,273000,276000,206423,47.28
2017-01-05,272500,281000,272500,280500,121425,47.28
2017-01-06,277000,279000,272000,272500,101234,47.29
2017-01-09,272500,277000,272000,275000,121475,47.32
2017-01-10,271500,277000,270500,276500,95607,47.34
2017-01-11,273500,278000,271500,274500,128816,47.33
2017-01-12,275000,280500,274000,279000,118084,47.33
2017-01-13,278500,282500,275500,279500,108452,47.32
2017-01-16,279500,282000,274000,279500,118380,47.29
2017-01-17,281000,282500,278500,280000,101769,47.28
2017-01-18,279500,283500,277000,282500,95988,47.31
2017-01-19,280000,282000,274000,277000,120716,47.31
2017-01-20,277500,280500,275000,278500,83237,47.31
2017-01-23,276000,282000,271500,272500,131043,47.33
2017-01-24,271500,273000,267500,272000,137112,47.35
2017-01-25,272000,272000,263000,265000,231571,47.35
2017-01-26,263000,267500,262000,266000,198930,47.34
2017-01-31,253500,257000,242000,242000,815329,47.1
2017-02-01,244000,247500,243000,245000,350179,47.11
2017-02-02,244500,246500,240000,241000,282151,47.12
2017-02-03,241500,246500,241500,242500,140761,47.1
2017-02-06,246000,246500,239500,241000,126575,47.11
2017-02-07,242000,244500,241500,243500,112660,47.08
2017-02-08,242500,243500,239000,242000,250943,47.0
2017-02-09,242500,243000,239500,239500,173981,47.0
2017-02-10,241000,244500,240000,241000,156892,46.97
2017-02-13,244500,245000,242000,243000,147600,46.97
2017-02-14,244500,248000,243000,248000,194602,46.92
2017-02-15,249000,255000,247000,251000,295158,46.9
2017-02-16,253000,255000,251000,254500,280064,46.94
2017-02-17,253000,260000,251000,259500,230870,46.99
2017-02-20,258000,261000,255500,261000,149207,47.03
2017-02-21,262000,262500,258000,260000,139249,47.04
2017-02-22,259500,261000,257500,259500,185255,47.11
2017-02-23,259000,261500,254500,258000,333293,47.17
2017-02-24,256000,260500,255500,259500,156173,47.21
2017-02-27,260000,261500,257500,259000,101199,47.13
2017-02-28,257000,259000,253000,255000,196024,47.17
2017-03-02,258000,258000,247000,250500,354606,47.32
2017-03-03,248500,250000,240500,241500,313990,47.4
2017-03-06,241000,241500,235500,241500,200294,47.53
2017-03-07,241000,244000,238500,244000,144187,47.53
2017-03-08,242500,244000,239500,240500,160321,47.55
2017-03-09,239000,243500,239000,243500,255939,47.63
2017-03-10,243500,245500,242000,244000,156922,47.69
2017-03-13,245500,245500,241500,242500,130509,47.73
2017-03-14,243000,247000,242500,246000,227676,47.82
2017-03-15,245000,245500,241500,242500,177903,47.89
2017-03-16,245000,245500,240500,242500,169864,47.9
2017-03-17,243500,244000,240500,242500,177460,47.93
2017-03-20,242000,246000,241000,246000,132564,47.94
2017-03-21,243000,258000,243000,253500,520792,47.93
2017-03-22,255500,258000,251000,255500,304619,47.98
2017-03-23,256000,256500,251000,253000,264231,48.06
2017-03-24,251500,254000,244500,247500,287374,48.08
2017-03-27,245000,245500,241000,243000,279851,48.08
2017-03-28,243500,244000,241500,243000,184710,48.1
2017-03-29,243000,243000,235000,236000,412879,48.05
2017-03-30,234500,238000,234000,235000,176530,48.1
2017-03-31,237000,240500,236500,240500,267786,48.18
2017-04-03,242000,242500,237000,239500,209863,48.2
2017-04-04,237500,238000,233500,235500,266221,48.23
2017-04-05,235000,235500,227500,229000,354556,48.22
2017-04-06,228500,229000,223500,224000,311965,48.25
2017-04-07,225500,228000,223000,224000,213034,48.25
2017-04-10,224000,225000,221000,222000,144923,48.26
2017-04-11,222500,223500,216500,218500,291325,48.34
2017-04-12,220000,222000,219500,222000,162484,48.4
2017-04-13,224500,225000,220000,222000,294135,48.47
2017-04-14,222500,224500,222500,223000,79554,48.48
2017-04-17,222000,223000,219500,220500,152776,48.46
2017-04-18,221000,222000,217500,219000,182943,48.47
2017-04-19,217500,218500,212000,215000,360852,48.5
2017-04-20,215000,221500,215000,220500,237352,48.55
2017-04-21,222000,224000,220500,221500,165494,48.55
2017-04-24,222500,225500,220500,225500,168869,48.6
2017-04-25,224000,231000,224000,229000,372842,48.68
2017-04-26,229500,232500,227000,230000,300496,48.69
2017-04-27,228500,229000,223500,227000,265058,48.71
2017-04-28,222500,225000,221500,222000,173887,48.69
2017-05-02,222000,230500,222000,230000,297272,48.77
2017-05-04,226000,230500,226000,228500,168857,48.77
2017-05-08,233000,247500,231000,246500,793349,49.12
2017-05-10,247000,250000,243500,245500,497549,49.24
2017-05-11,248000,250000,245000,250000,319229,49.29
2017-05-12,249500,250000,246000,247000,183203,49.33
2017-05-15,245500,248500,244500,247000,157798,49.35
2017-05-16,249000,250000,247000,249500,281177,49.37
2017-05-17,248000,252500,246000,252500,236426,49.41
2017-05-18,252500,262000,252000,260000,546969,49.43
2017-05-19,262000,274000,256000,273000,591545,49.56
2017-05-22,277000,277500,270500,274500,368121,49.56
2017-05-23,272000,283500,271000,280000,410193,49.58
2017-05-24,274500,278000,274500,278000,445449,49.56
2017-05-25,278000,283000,276500,283000,245235,49.58
2017-05-26,289500,289500,280000,281500,309017,49.59
2017-05-29,280000,284000,277500,281000,215958,49.6
2017-05-30,279000,283000,278000,281000,132024,49.63
2017-05-31,277000,277500,272000,274500,377263,49.6
2017-06-01,273000,278500,273000,273000,183593,49.55
2017-06-02,272000,274000,267500,270500,239051,49.58
2017-06-05,273000,278500,272000,275500,159102,49.62
2017-06-07,268000,270000,264000,265000,425508,49.57
2017-06-08,264500,266000,261000,264500,390301,49.69
2017-06-09,264500,266000,263000,264500,242192,49.64
2017-06-12,261000,265000,261000,263000,184353,49.64
2017-06-13,263000,265500,261000,263500,174411,49.62
2017-06-14,263000,266500,262500,266000,243175,49.6
2017-06-15,266500,267000,261000,264500,155617,49.62
2017-06-16,264000,264500,261500,263000,158324,49.62
2017-06-19,261500,261500,256000,261000,146033,49.57
2017-06-20,258000,261500,256000,257000,170066,49.6
2017-06-21,254000,255500,251500,254500,242511,49.59
2017-06-22,254000,259500,253500,258000,165701,49.58
2017-06-23,256500,258000,255000,257000,138106,49.53
2017-06-26,256000,256500,253000,255500,99697,49.63
2017-06-27,254000,256000,253000,253500,133877,49.64
2017-06-28,255000,256500,252500,254500,116545,49.6
2017-06-29,254000,256000,252500,255000,133853,49.6
2017-06-30,254500,254500,247000,250000,342058,49.57
2017-07-03,251000,258500,250500,258500,146246,49.62
2017-07-04,256000,258000,250000,250500,127626,49.59
2017-07-05,248500,250500,246500,248000,315301,49.67
2017-07-06,248500,249500,247000,248500,142638,49.69
2017-07-07,247500,248000,243000,245500,220580,49.72
2017-07-10,243000,246000,240500,243000,216055,49.75
2017-07-11,242000,245000,242000,243500,121879,49.8
2017-07-12,244000,248500,243000,244500,188971,49.76
2017-07-13,245000,249500,242000,245000,177017,49.77
2017-07-14,248000,252500,244500,250500,112849,49.76
2017-07-17,251500,251500,247500,249500,101201,49.76
2017-07-18,249000,250000,246500,249000,97274,49.74
2017-07-19,251500,253500,246500,247500,174343,49.75
2017-07-20,248000,248500,244500,246000,137262,49.78
2017-07-21,245000,248000,242500,243500,191267,49.77
2017-07-24,244500,244500,242500,244000,117465,49.76
2017-07-25,244000,247500,243500,245500,144558,49.71
2017-07-26,247500,251500,246000,248000,213688,49.63
2017-07-27,248000,249000,244000,247000,158118,49.6
2017-07-28,245500,257000,245500,255500,283619,49.6
2017-07-31,252500,255000,245000,246000,247468,49.49
2017-08-01,245000,248000,244500,245500,131614,49.45
2017-08-02,246500,249500,246000,247000,152031,49.43
2017-08-03,246000,251500,244500,250500,188549,49.38
2017-08-04,247000,256500,247000,255000,160624,49.37
2017-08-07,253000,256000,253000,253500,95146,49.38
2017-08-08,253500,253500,248500,250000,156530,49.42
2017-08-09,247500,255000,247500,253000,120145,49.41
2017-08-10,251000,259000,251000,257500,228752,49.39
2017-08-11,255000,257500,252500,255000,136557,49.36
2017-08-14,255000,257000,251500,252500,92648,49.35
2017-08-16,250000,250000,245500,247000,215121,49.31
2017-08-17,245000,247000,238000,245000,220480,49.29
2017-08-18,243000,247000,243000,246000,67219,49.3
2017-08-21,246000,253500,245500,252500,104269,49.32
2017-08-22,249500,253000,247000,251000,101963,49.3
2017-08-23,249000,253000,248000,250500,70446,49.31
2017-08-24,249000,255500,249000,252000,90116,49.3
2017-08-25,253000,255500,250000,252500,74021,49.27
2017-08-28,253000,254000,249500,251000,72308,49.25
2017-08-29,249000,251000,243000,245000,173692,49.2
2017-08-30,243500,246500,240000,244500,172741,49.22
2017-08-31,242500,245000,236000,236000,206547,49.23
2017-09-01,236000,247000,236000,241000,223020,49.24
2017-09-04,240000,245000,238000,238500,105529,49.15
2017-09-05,240000,242500,237500,238500,122999,49.12
2017-09-06,237000,238500,233000,235000,204805,49.13
2017-09-07,235000,238000,234500,236000,162425,49.12
2017-09-08,233500,235000,220500,225000,522430,49.23
2017-09-11,220500,224000,215000,217000,420323,49.2
2017-09-12,218000,221500,218000,219000,322408,49.22
2017-09-13,219000,219500,214500,215000,246787,49.24
2017-09-14,214000,216500,212500,213500,380939,49.18
2017-09-15,212000,217000,212000,216000,248462,49.15
2017-09-18,216000,218000,215000,216500,172797,49.15
2017-09-19,215500,220500,215500,217500,236454,49.1
2017-09-20,219000,222000,218500,219000,327052,49.02
2017-09-21,217500,219000,214500,216000,292128,49.0
2017-09-22,215000,219500,215000,218000,247649,48.95
2017-09-25,221000,222500,218500,220000,196439,48.93
2017-09-26,223500,234500,223000,231500,437839,48.8
2017-09-27,229500,232500,228500,231500,235304,48.74
2017-09-28,228500,234000,228000,232500,156941,48.74
2017-09-29,235500,240000,233000,240000,293117,48.92
2017-10-10,235000,241500,232500,241500,513282,49.02
2017-10-11,237500,243500,237000,242000,185367,48.93
2017-10-12,239000,241000,237500,238000,196461,48.96
2017-10-13,240000,244500,236000,243500,191252,49.01
2017-10-16,242500,246000,239500,241000,123053,48.99
2017-10-17,240000,240500,234500,236000,150581,49.01
2017-10-18,235000,241000,234500,240000,116811,48.99
2017-10-19,243000,251000,241000,249000,336056,49.07
2017-10-20,247000,249500,245500,248000,90703,49.11
2017-10-23,244500,247000,243000,245500,128288,49.13
2017-10-24,243500,245500,242500,244000,83928,49.13
2017-10-25,243000,244000,238500,239000,145299,49.12
2017-10-26,239000,258000,238500,256000,311911,49.11
2017-10-27,252500,258000,250000,255500,261155,49.06
2017-10-30,255000,255500,246000,254000,246690,49.07
2017-10-31,254000,270000,253000,266500,464930,49.08
2017-11-01,262500,271000,262500,265000,185874,49.06
2017-11-02,262500,270500,262500,266000,196725,49.0
2017-11-03,266000,275000,266000,271000,176620,48.97
2017-11-06,268000,276500,268000,272500,208592,48.95
2017-11-07,268000,271500,262000,266000,282873,48.96
2017-11-08,262000,268000,260000,265000,151779,48.96
2017-11-09,266000,272000,264000,268500,207345,48.96
2017-11-10,266500,273000,265000,268500,117052,48.94
2017-11-13,273000,277000,267000,273000,155226,48.9
2017-11-14,271500,273000,266500,268000,106575,48.89
2017-11-15,265000,273000,264000,266500,132157,48.84
2017-11-16,271000,271000,261500,263500,157184,48.85
2017-11-17,260000,261000,255000,255500,262451,48.88
2017-11-20,252000,258000,250000,255500,223447,48.87
2017-11-21,253500,257500,252500,254000,112175,48.86
2017-11-22,253500,257500,252500,253000,116254,48.84
2017-11-23,255000,259000,254000,255000,130304,48.8
2017-11-24,253500,255500,252000,255500,75644,48.79
2017-11-27,253500,257500,253000,254000,117179,48.77
2017-11-28,257500,269000,255500,260000,247161,48.69
2017-11-29,261000,265500,257000,263500,193750,48.6
2017-11-30,269500,283000,268500,273500,571152,48.55
2017-12-01,271000,277000,267500,269000,191422,48.5
2017-12-04,269500,271500,266000,268500,133272,48.47
2017-12-05,266000,275000,266000,268500,142313,48.46
2017-12-06,269000,274000,263500,263500,171276,48.42
2017-12-07,266000,269500,262500,263000,130195,48.36
2017-12-08,262500,265000,257500,262000,128962,48.33
2017-12-11,263500,265000,253000,257000,218065,48.3
2017-12-12,253500,257000,252500,256000,199849,48.29
2017-12-13,255500,262000,255500,259500,171317,48.25
2017-12-14,260000,263500,257000,257000,334336,48.25
2017-12-15,261000,268500,256000,267000,265788,48.19
2017-12-18,263500,269500,261500,267000,140586,48.11
2017-12-19,266500,268500,261000,268000,156223,48.11
2017-12-20,265000,266500,259500,264500,217296,48.06
2017-12-21,263000,265500,258000,259000,157491,48.04
2017-12-22,262500,262500,258000,260000,144166,48.05
2017-12-26,260000,262500,258500,261000,150400,48.0
2017-12-27,258000,273000,257000,268000,223273,47.98
2017-12-28,265500,267500,259000,263000,185069,47.94
2018-01-02,262500,263500,256000,257000,181417,47.96
2018-01-03,254500,259000,254500,256500,175705,48.02
2018-01-04,255000,256500,245500,246500,458789,48.03
2018-01-05,243500,248000,243500,246500,214959,48.05
2018-01-08,246500,248500,245500,247500,193889,48.05
2018-01-09,246000,252000,246000,249500,154294,48.04
2018-01-10,250500,257000,250500,255000,211615,48.08
2018-01-11,255000,255000,249500,251000,174609,48.12
2018-01-12,251500,254000,246500,247500,127169,48.11
2018-01-15,249500,251000,244500,247000,112046,48.12
2018-01-16,246500,256500,246500,253000,161403,48.1
2018-01-17,251000,257000,251000,256500,130436,48.1
2018-01-18,258000,259000,252500,255000,138823,48.11
2018-01-19,253500,268000,253500,267000,241714,48.09
2018-01-22,267500,272000,261000,269500,370941,47.98
2018-01-23,268000,275500,266000,268000,252175,47.98
2018-01-24,265500,272500,265000,270000,200153,47.97
2018-01-25,268500,276500,264000,268000,298618,47.93
2018-01-26,252000,255000,241500,246000,1337931,47.89
2018-01-29,243000,249500,242000,249500,351592,47.94
2018-01-30,247000,248500,244000,245500,331364,47.89
2018-01-31,245000,247500,242000,247500,391535,47.89
2018-02-01,248000,249000,246000,246000,157759,47.92
2018-02-02,246500,256500,246500,255000,437624,48.05
2018-02-05,254000,255000,248000,248500,244874,48.02
2018-02-06,248000,248000,242000,245000,277099,48.04
2018-02-07,245500,256000,242500,243000,323645,48.05
2018-02-08,244000,249000,241000,245000,473762,47.99
2018-02-09,240000,240500,234500,236500,314830,47.92
2018-02-12,236500,238500,234000,234000,289273,47.94
2018-02-13,234000,236000,223500,224500,469496,47.96
2018-02-14,225500,228000,222000,224500,399960,47.99
2018-02-19,228000,229500,222000,223500,314804,47.94
2018-02-20,223500,227000,222000,223000,151464,47.92
2018-02-21,222500,224500,221000,222500,326193,47.85
2018-02-22,222500,227500,222500,224000,281409,47.84
2018-02-23,225000,229000,221500,228000,289337,47.86
2018-02-26,230000,234000,227500,231500,262655,47.83
2018-02-27,232000,234500,230000,230000,149866,47.83
2018-02-28,230000,232500,226500,228000,181780,47.82
2018-03-02,227000,228000,219500,220500,248597,47.79
2018-03-05,220000,223500,220000,221500,125684,47.82
2018-03-06,222500,224000,217500,219500,303314,47.84
2018-03-07,218500,219000,214500,214500,377344,47.91
2018-03-08,218000,219000,215000,218000,270399,47.96
2018-03-09,217500,222000,216500,221500,231252,47.99
2018-03-12,227000,227000,223000,224500,235422,48.0
2018-03-13,221500,224500,220500,224000,173751,47.99
2018-03-14,222000,233000,222000,229000,357603,47.89
2018-03-15,230000,231500,225000,229000,202773,47.85
2018-03-16,230000,237500,229500,231500,347714,47.83
2018-03-19,227000,227000,219000,226000,297880,47.75
2018-03-20,222000,235000,221500,233500,353851,47.73
2018-03-21,232000,237500,232000,236500,186908,47.75
2018-03-22,237000,239000,232000,236000,203437,47.83
2018-03-23,232000,235500,231500,233000,284903,47.84
2018-03-26,230500,234000,228000,232500,182367,47.86
2018-03-27,236000,247000,235500,245000,586844,47.84
2018-03-28,249500,264000,245000,261500,1530584,47.75
2018-03-29,248000,260000,240500,254000,1386658,47.88
2018-03-30,251500,252500,237000,239500,744205,47.95
2018-04-02,239500,246000,239000,244500,1040185,48.01
2018-04-03,244500,258500,241000,255500,596146,48.14
2018-04-04,264000,271000,261000,264500,741979,48.25
2018-04-05,270000,270000,258500,262500,251627,48.3
2018-04-06,263000,264500,260000,262000,270168,48.39
2018-04-09,262000,262500,257500,260500,266775,48.52
2018-04-10,260000,264500,258500,263000,299354,48.57
2018-04-11,261500,264000,261000,262000,173875,48.62
2018-04-12,260500,261500,251500,251500,364527,48.57
2018-04-13,251500,253000,249500,250000,133074,48.57
2018-04-16,253000,253000,242500,245500,234745,48.54
2018-04-17,243500,252000,243500,248500,304530,48.49
2018-04-18,249000,251000,245500,248500,193627,48.44
2018-04-19,248500,248500,241500,243000,258837,48.44
2018-04-20,241000,246000,241000,243500,112551,48.39
2018-04-23,243500,245000,240500,243500,125683,48.34
2018-04-24,247500,250000,243500,245000,253726,48.14
2018-04-25,243000,247000,241000,244000,159692,48.07
2018-04-26,243500,249000,241000,241000,240291,47.86
2018-04-27,241500,249500,241000,246500,255100,47.81
2018-04-30,248000,249500,243000,248000,163901,47.8
2018-05-02,245000,255500,243000,243500,329216,47.77
2018-05-03,247000,248000,238500,240000,287847,47.8
2018-05-04,238000,239500,234000,235000,237103,47.81
2018-05-08,236500,240000,234000,235000,204230,47.81
2018-05-09,238500,238500,234500,235000,169553,47.8
2018-05-10,235000,237000,229000,231500,260513,47.77
2018-05-11,232500,238000,232000,237000,160885,47.75
2018-05-14,238000,242000,236000,240000,185015,47.72
2018-05-15,237500,241000,237500,238500,142993,47.72
2018-05-16,238000,239000,234500,237000,261360,47.73
2018-05-17,238000,239000,235000,237500,148274,47.7
2018-05-18,236000,239500,231500,239000,112260,47.71
2018-05-21,241000,244000,237500,241500,160148,47.7
2018-05-23,248500,250000,244000,247000,523019,47.88
2018-05-24,244500,245000,237000,239000,230720,47.95
2018-05-25,237500,237500,232500,234500,252405,48.0
2018-05-28,234500,234500,230000,231500,150006,47.99
2018-05-29,230000,231500,224000,225500,233787,47.93
2018-05-30,223000,224500,218500,220500,276826,48.0
2018-05-31,221000,221500,217000,218000,496730,47.97
2018-06-01,219500,227500,219000,226500,196650,48.0
2018-06-04,225000,233000,223500,231000,160646,48.01
2018-06-05,228000,229500,226000,227500,121218,48.01
2018-06-07,229500,232000,228000,231500,117781,48.02
2018-06-08,230000,231500,228000,230000,142218,48.06
2018-06-11,231000,232000,224500,226000,277130,48.14
2018-06-12,225000,227000,224000,226500,183802,48.16
2018-06-14,224000,225000,221000,223000,370143,48.17
2018-06-15,222500,222500,219000,219000,539275,48.21
2018-06-18,220500,221500,219000,220500,207317,48.23
2018-06-19,218500,222000,218000,221000,265262,48.25
2018-06-20,220500,220500,218000,219000,266410,48.33
2018-06-21,218000,220000,215500,217000,242401,48.38
2018-06-22,215500,218500,215000,217000,182137,48.41
2018-06-25,220000,220500,215000,216000,276167,48.39
2018-06-26,216500,218000,214500,218000,266685,48.39
2018-06-27,216000,218000,215000,215500,156627,48.36
2018-06-28,215500,216000,213000,214000,131608,48.32
2018-06-29,214500,215500,208000,212000,177310,48.34
2018-07-02,210500,212000,203500,205500,203404,48.4
2018-07-03,207000,208000,203000,205000,122216,48.44
2018-07-04,203000,205000,197500,198500,227267,48.46
2018-07-05,197000,201000,197000,200000,130579,48.45
2018-07-06,200500,209500,200500,205500,184527,48.44
2018-07-09,207500,208500,204500,206000,99131,48.44
2018-07-10,204000,206500,203000,205000,128623,48.45
2018-07-11,200500,204500,200500,202000,149249,48.47
2018-07-12,203500,209500,203000,208000,302165,48.49
2018-07-13,206500,216500,206000,215500,279643,48.5
2018-07-16,213000,224500,213000,222500,340854,48.52
2018-07-17,221500,225500,220500,223500,153034,48.51
2018-07-18,223500,224000,219000,221000,142083,48.55
2018-07-19,218500,223000,218500,222000,103903,48.54
2018-07-20,222000,228000,219000,227000,165713,48.54
2018-07-23,228500,231500,227000,229500,140170,48.55
2018-07-24,227500,227500,221500,226000,174760,48.56
2018-07-25,224000,229000,224000,226000,127419,48.55
2018-07-26,224000,227500,220500,223000,245872,48.53
2018-07-27,225500,231500,225500,228000,248302,48.56
2018-07-30,228500,230000,226000,229500,112845,48.58
2018-07-31,231000,231000,227500,228000,98193,48.59
2018-08-01,229000,231000,226500,228500,90169,48.63
2018-08-02,226500,229000,221500,223500,136823,48.66
2018-08-03,222500,226000,222000,224500,87520,48.67
2018-08-06,223500,230000,223500,227500,79586,48.67
2018-08-07,228000,228000,223000,224500,90197,48.63
2018-08-08,235000,240500,230000,231000,528047,48.61
2018-08-09,230000,233000,228000,233000,165783,48.58
2018-08-10,232500,234000,229000,231500,108892,48.54
2018-08-13,231500,234500,227000,231000,91229,48.53
2018-08-14,231500,233000,228000,230000,93989,48.53
2018-08-16,228000,232500,226000,232500,143166,48.55
2018-08-17,229500,232500,226500,232000,81940,48.58
2018-08-20,234000,235000,232000,235000,105324,48.6
2018-08-21,233000,235000,230000,231000,142076,48.62
2018-08-22,230500,232000,228000,229500,135387,48.66
2018-08-23,231000,231000,228000,230000,136096,48.7
2018-08-24,230000,232500,228000,232000,164608,48.72
2018-08-27,231000,232500,229000,230000,132308,48.74
2018-08-28,231000,232500,229000,231000,137576,48.71
2018-08-29,231000,231000,224500,226500,119997,48.73
2018-08-30,226500,227000,222000,223000,119006,48.74
2018-08-31,225000,226500,222000,224000,137691,48.73
2018-09-03,223500,228000,223500,226500,92301,48.72
2018-09-04,225000,228000,223000,226500,103520,48.7
2018-09-05,226500,229500,224000,226500,156231,48.7
2018-09-06,225000,233000,225000,231500,191522,48.69
2018-09-07,234500,240000,233500,237000,336510,48.66
2018-09-10,232500,237000,226000,227000,172142,48.62
2018-09-11,225000,226000,221500,222500,169946,48.57
2018-09-12,223000,223000,220500,222000,135920,48.54
2018-09-13,222500,223500,220000,221000,189480,48.51
2018-09-14,220500,226500,220500,226500,114740,48.52
2018-09-17,224000,224500,221000,222500,108966,48.52
2018-09-18,220500,221000,217000,220000,199384,48.54
2018-09-19,219000,221000,217500,221000,91988,48.58
2018-09-20,219500,226500,219500,224500,112037,48.59
2018-09-21,227000,227500,221000,223000,158571,48.57
2018-09-27,227500,228500,224500,227500,289050,48.61
2018-09-28,227000,229500,226000,228000,193492,48.6
2018-10-01,225000,226000,220000,221000,160689,48.63
2018-10-02,220000,223000,217500,218000,141137,48.61
2018-10-04,216000,218000,203500,209500,325337,48.61
2018-10-05,208500,209500,206000,208500,142461,48.57
2018-10-08,208000,212000,205000,208000,131297,48.55
2018-10-10,211000,211000,201500,205500,181623,48.56
2018-10-11,199000,202000,195000,195500,358876,48.62
2018-10-12,197000,197500,191500,195500,244661,48.69
2018-10-15,195500,197000,188000,190500,304782,48.68
2018-10-16,190500,195500,189000,191500,256210,48.61
2018-10-17,194000,198500,192500,198500,206485,48.58
2018-10-18,195000,196500,188500,191000,291817,48.6
2018-10-19,189500,194000,188500,193000,165407,48.59
2018-10-22,193000,197000,192000,195500,233922,48.54
2018-10-23,193000,195000,185500,187500,436598,48.53
2018-10-24,189500,192500,187500,191000,348405,48.39
2018-10-25,187000,190000,172500,182500,500682,48.39
2018-10-26,182000,192500,182000,188000,475642,48.36
2018-10-29,188000,194000,187000,189000,285393,48.24
2018-10-30,190000,195500,189500,191500,269327,48.14
2018-10-31,187500,192000,183500,190000,287841,48.14
2018-11-01,187000,191500,185000,187500,328587,48.11
2018-11-02,186000,190000,186000,188500,424064,48.08
2018-11-05,187000,191500,186500,188500,191947,48.12
2018-11-06,189500,196500,189000,195500,215540,48.17
2018-11-07,194500,199000,192000,193000,203610,48.14
2018-11-08,197000,198000,193000,193000,199959,48.17
2018-11-09,192000,198500,192000,193000,141838,48.14
2018-11-12,192000,192500,185000,186000,146973,48.1
2018-11-13,182000,188000,179000,186500,190077,48.05
2018-11-14,187500,192000,187000,190000,157205,48.04
2018-11-15,188000,193000,185500,191500,112223,48.03
2018-11-16,192000,194500,190500,193500,101143,48.02
2018-11-19,190500,192500,187500,191000,142024,47.98
2018-11-20,191500,192500,181000,184500,235831,47.95
2018-11-21,180500,186000,178000,185000,172473,47.91
2018-11-22,185000,185000,167000,169000,705244,47.96
2018-11-23,168500,170000,165000,167000,326300,47.93
2018-11-26,166000,169000,165500,167000,302321,47.89
2018-11-27,168000,175500,167500,174500,396585,47.91
2018-11-28,175000,177500,173000,176000,183892,47.92
2018-11-29,178000,179500,172500,173500,156706,47.94
2018-11-30,175500,184500,174000,180500,435192,47.93
2018-12-03,183000,185000,180000,181500,137431,47.91
2018-12-04,183000,183500,177000,179500,187512,47.9
2018-12-05,177500,179500,176000,177000,135384,47.93
2018-12-06,177500,180500,174000,179000,153458,47.93
2018-12-07,180000,182000,177500,181000,130643,47.92
2018-12-10,177000,181000,175500,180000,181255,47.9
2018-12-11,178000,180000,174500,177500,156828,47.87
2018-12-12,180000,195000,179000,193500,485527,47.95
2018-12-13,194000,203500,192000,201000,592157,47.98
2018-12-14,201000,201000,196500,199000,230837,47.94
2018-12-17,203000,203500,194500,201000,191113,47.89
2018-12-18,201000,201500,198500,200000,176452,47.81
2018-12-19,201500,207000,198500,205500,238458,47.69
2018-12-20,200000,202500,196500,200000,354985,47.68
2018-12-21,194000,196500,193000,195000,309481,47.61
2018-12-24,195000,198500,194000,197000,134838,47.61
2018-12-26,193500,194000,185500,190000,260543,47.5
2018-12-27,189000,193000,186500,188500,146869,47.54
2018-12-28,188500,192500,188500,190000,143178,47.49
2019-01-02,190500,191500,183000,185000,215479,47.52
2019-01-03,187000,194000,184000,192000,236692,47.54
2019-01-04,191000,202000,191000,199500,352671,47.44
2019-01-07,200000,200500,196000,198500,144186,47.43
2019-01-08,200500,201000,192000,193000,112903,47.41
2019-01-09,192500,204500,191500,202500,277391,47.44
2019-01-10,199000,200000,195500,196000,239761,47.44
2019-01-11,196000,198500,195000,196500,138285,47.44
2019-01-14,195500,197500,193000,195000,130372,47.47
2019-01-15,199000,203000,195500,202000,211778,47.49
2019-01-16,200000,203000,198000,200000,131657,47.45
2019-01-17,199500,211500,198000,207000,373169,47.39
2019-01-18,207000,212500,206000,210000,356368,47.29
2019-01-21,208500,211500,203500,205000,190077,47.23
2019-01-22,205000,206500,203500,205500,143839,47.21
2019-01-23,205500,215500,204000,215000,321733,47.16
2019-01-24,211000,215500,208000,214500,292037,47.11
2019-01-25,210500,214000,208500,208500,264026,47.08
2019-01-28,220500,220500,215000,217500,460844,46.96
2019-01-29,215000,222500,212500,221000,353140,46.87
2019-01-30,222500,224500,218500,224500,241733,46.85
2019-01-31,226000,226500,219500,225000,263647,46.87
2019-02-01,225500,227000,222500,224000,158081,46.88
2019-02-07,223500,224000,219500,221000,175558,46.9
2019-02-08,213000,220000,213000,218000,143844,46.93
2019-02-11,218000,223500,216500,219500,180612,46.92
2019-02-12,220000,225000,219500,222000,211222,46.88
2019-02-13,222000,223000,217500,218500,162454,46.83
2019-02-14,215500,218000,210500,218000,343277,46.92
2019-02-15,216500,217000,212000,214000,177426,46.93
2019-02-18,213000,213500,208000,210000,272761,46.9
2019-02-19,209500,210500,208500,209000,140054,46.87
2019-02-20,209500,213500,209000,210000,313845,46.87
2019-02-21,212500,216500,211000,214500,322897,46.85
2019-02-22,212000,217000,211500,213000,237777,46.77
2019-02-25,215000,217500,213000,214000,188208,46.78
2019-02-26,213500,218500,211500,213000,510196,46.59
2019-02-27,220000,222000,217000,221000,591208,46.53
2019-02-28,221000,224500,219000,220500,407384,46.49
2019-03-04,216500,217500,208500,212500,422495,46.37
2019-03-05,209500,210500,207000,210000,271580,46.36
2019-03-06,210500,214000,207500,213000,234174,46.37
2019-03-07,215000,217000,208500,210000,204990,46.37
2019-03-08,209000,209000,203000,204000,157539,46.38
2019-03-11,203500,206500,201000,205500,119911,46.39
2019-03-12,206500,209500,206500,208000,123978,46.42
2019-03-13,211000,211000,202000,207000,137139,46.47
2019-03-14,211000,211000,197500,200000,410472,46.5
2019-03-15,201500,209500,200500,207000,376469,46.55
2019-03-18,209500,214500,206500,213000,156581,46.57
2019-03-19,214000,215000,209000,213000,209318,46.58
2019-03-20,207500,215000,207000,215000,202400,46.58
2019-03-21,214500,216000,210500,213500,153710,46.63
2019-03-22,213500,216000,211000,214500,232552,46.68
2019-03-25,212000,212000,208000,208000,135415,46.72
2019-03-26,208000,211000,207000,210500,155296,46.75
2019-03-27,209000,210000,206500,208000,136094,46.75
2019-03-28,205500,209500,204500,209000,125651,46.79
2019-03-29,209500,211000,204500,208500,245770,46.8
2019-04-01,210000,211000,208500,211000,117275,46.81
2019-04-02,209000,210000,206000,207500,176075,46.87
2019-04-03,206000,215500,206000,215500,243849,46.93
2019-04-04,215000,219500,214500,218500,149577,47.02
2019-04-05,219500,225500,217500,225000,220957,47.07
2019-04-08,223000,227000,221500,223500,199073,47.19
2019-04-09,221500,225500,220000,224500,147330,47.22
2019-04-10,223000,226000,221000,226000,156979,47.23
2019-04-11,225000,226500,223000,226500,207467,47.26
2019-04-12,226000,226500,222500,223000,194785,47.29
2019-04-15,221500,224500,216000,217500,221694,47.3
2019-04-16,217500,225500,217000,225000,313202,47.34
2019-04-17,225500,229500,222000,229500,189138,47.36
2019-04-18,230000,240000,229500,233000,379164,47.37
2019-04-19,233500,234000,229000,229000,86128,47.4
2019-04-22,227000,230500,226000,229000,101227,47.42
2019-04-23,231000,234500,228000,234000,182821,47.41
2019-04-24,234000,235500,229000,232500,323852,47.41
2019-04-25,231000,232000,226500,228000,192626,47.46
2019-04-26,228500,228500,222500,226000,200629,47.52
2019-04-29,226500,236000,226000,234500,260452,47.47
2019-04-30,232500,234500,231000,232500,202907,47.51
2019-05-02,232000,240000,230000,237000,305273,47.58
2019-05-03,235500,237500,231500,233000,225747,47.66
2019-05-07,229000,238000,229000,233500,239384,47.72
2019-05-08,228500,232500,228500,230000,137471,47.72
2019-05-09,227500,230500,219500,219500,287796,47.81
2019-05-10,223500,225000,215000,219000,186765,47.81
2019-05-13,215000,218500,212500,214500,185969,47.83
2019-05-14,215000,217500,210500,212500,196877,48.88
2019-05-15,211000,215500,208000,213000,156237,48.88
2019-05-16,221000,223500,212000,212500,269750,48.81
2019-05-17,213500,215500,211000,212000,130038,48.82
2019-05-20,214500,218000,214000,217000,194202,48.77
2019-05-21,214000,215500,211500,212000,146671,48.75
2019-05-22,212000,213000,209500,211000,154425,48.74
2019-05-23,212500,214000,210000,212000,154302,48.78
2019-05-24,212000,215500,210500,214000,177470,48.74
2019-05-27,215500,221500,215000,219000,244020,48.64
2019-05-28,219500,220000,215500,217000,367016,48.56
2019-05-29,218500,221500,216500,217500,204658,48.58
2019-05-30,213500,222000,213000,221000,183125,48.51
2019-05-31,218000,220000,212500,217000,303658,48.51
2019-06-03,214000,220000,214000,217000,178661,48.53
2019-06-04,214000,223500,214000,217500,164214,48.51
2019-06-05,218500,222000,216000,220500,199646,48.43
2019-06-07,220000,224500,217500,220000,189024,48.43
2019-06-10,223000,226500,220500,225500,176237,48.41
2019-06-11,225000,228000,224000,225500,112516,48.38
2019-06-12,226500,228000,221500,223000,123904,48.41
2019-06-13,221500,224000,214500,216000,382356,48.39
2019-06-14,218000,221500,216000,220500,218962,48.36
2019-06-17,221500,224500,220500,220500,155634,48.34
2019-06-18,222000,224000,221000,223500,110784,48.29
2019-06-19,225000,225500,222500,223500,116054,48.08
2019-06-20,223500,224500,222000,224000,121384,48.07
2019-06-21,223000,227000,222000,226000,204380,48.08
2019-06-24,228500,232500,227500,229000,177873,48.04
2019-06-25,230500,233000,228000,232000,143019,47.89
2019-06-26,232000,234500,229000,233000,179265,47.86
2019-06-27,229000,236000,228000,235500,206434,47.89
2019-06-28,233500,237000,232000,235500,159416,47.9
2019-07-01,239000,239500,234500,235000,168621,47.94
2019-07-02,233000,234000,230500,232000,166913,48.19
2019-07-03,231500,236500,228500,229500,165374,48.22
2019-07-04,230000,233500,227500,232000,196409,48.21
2019-07-05,231500,235000,231000,233500,151166,48.21
2019-07-08,230500,233500,229500,231500,84638,48.22
2019-07-09,232000,234500,230500,231000,135090,48.25
2019-07-10,234500,234500,229000,231500,135087,48.29
2019-07-11,229000,233000,228000,231500,224580,48.38
2019-07-12,230500,237000,229000,235500,118485,48.4
2019-07-15,234500,235500,232500,235500,103816,48.45
2019-07-16,236000,236500,229500,231500,176995,48.53
2019-07-17,232000,234500,230500,234500,142711,48.61
2019-07-18,231500,233000,229500,231000,140916,48.64
2019-07-19,233500,234000,229500,233500,134565,48.68
2019-07-22,231500,233000,226000,227500,194960,48.69
2019-07-23,230000,233000,226500,233000,150346,48.76
2019-07-24,232000,235500,231500,232500,111346,48.78
2019-07-25,240000,246500,237000,245500,495994,48.97
2019-07-26,245500,250000,245000,245500,270999,49.0
2019-07-29,245500,245500,237500,242500,169686,49.08
2019-07-30,245500,247000,241000,244000,161770,49.11
2019-07-31,243000,246000,241000,241000,217830,49.11
2019-08-01,246000,246000,240000,243500,150923,49.13
2019-08-02,240000,246500,237000,246000,247574,49.12
2019-08-05,242000,246000,240500,242500,205206,49.07
2019-08-06,240000,242500,228500,237000,347171,49.09
2019-08-07,240500,240500,234000,238000,204498,49.11
2019-08-08,238500,240500,235000,236500,309661,49.09
2019-08-09,239500,245000,237000,243500,204921,49.12
2019-08-12,241000,244500,238500,238500,146465,49.13
2019-08-13,235500,237500,234000,235000,122224,49.12
2019-08-14,237000,242500,236000,240000,193575,49.14
2019-08-16,245000,245000,235000,239500,190339,49.14
2019-08-19,243500,243500,239000,242000,138957,49.15
2019-08-20,240000,245000,239000,244500,254168,49.2
2019-08-21,245500,247500,241500,245000,246941,49.25
2019-08-22,245000,245000,240500,240500,164628,49.27
2019-08-23,239000,243500,238500,241500,158730,49.31
2019-08-26,234500,241500,234500,239000,161530,49.34
2019-08-27,241000,243000,238000,240500,353866,49.3
2019-08-28,244500,249000,243500,247000,206614,49.29
2019-08-29,249000,249000,243000,244000,138049,49.26
2019-08-30,245000,248500,244000,248500,176218,49.33
2019-09-02,248500,253000,246500,252500,105730,49.36
2019-09-03,250500,251500,246500,249000,152013,49.36
2019-09-04,252000,252000,247000,250500,170597,49.32
2019-09-05,247000,249500,245500,246500,178743,49.34
2019-09-06,246000,249000,245500,249000,132574,49.39
2019-09-09,249000,251500,247500,251000,155187,49.43
2019-09-10,249500,251000,247500,249000,168845,49.41
2019-09-11,251000,251000,244000,247500,399458,49.41
2019-09-16,248500,249500,242500,244500,273827,49.44
2019-09-17,244500,248000,243000,248000,196257,49.5
2019-09-18,246500,249500,246000,249500,177141,49.49
2019-09-19,247500,247500,244000,245500,169654,49.51
2019-09-20,246500,249000,245000,248500,275425,49.47
2019-09-23,248500,253500,248500,251500,193970,49.48
2019-09-24,258500,263500,253500,259500,414058,49.5
2019-09-25,254500,257500,253000,255000,280649,49.54
2019-09-26,255000,255000,247000,249500,251912,49.5
2019-09-27,252000,252000,246000,249000,130769,49.44
2019-09-30,249500,253000,248000,252000,191365,49.43
2019-10-01,251500,252000,247000,247500,192354,49.38
2019-10-02,245500,247500,243000,245500,211452,49.42
2019-10-04,243000,245500,239000,242500,206930,49.38
2019-10-07,241500,245500,241000,244000,120836,49.36
2019-10-08,243000,245500,241500,243500,170518,49.27
2019-10-10,243500,248000,237500,245500,329544,49.24
2019-10-11,248000,249000,242000,244000,201697,49.21
2019-10-14,247500,247500,239500,240500,189019,49.18
2019-10-15,242000,246500,241500,245500,200929,49.18
2019-10-16,245000,245500,242000,244000,153355,49.15
2019-10-17,245000,245000,239000,240500,164578,49.11
2019-10-18,243500,243500,238500,241000,239026,49.09
2019-10-21,241500,241500,235500,238500,130342,49.07
2019-10-22,236500,242500,236500,241000,176620,49.04
2019-10-23,239500,241500,238500,240000,132086,49.03
2019-10-24,238500,243500,238500,241000,183751,48.99
2019-10-25,240000,240000,236500,237000,383310,48.91
2019-10-28,238000,240000,236500,237000,597923,48.87
2019-10-29,237500,239500,236500,237500,187239,48.85
2019-10-30,239000,240000,237000,238000,180426,48.88
2019-10-31,237500,240500,235000,238000,226345,48.86
2019-11-01,237000,244000,236500,243000,180495,48.88
2019-11-04,241000,244000,240000,242500,208980,48.86
2019-11-05,242500,246500,242000,246500,202980,48.88
2019-11-06,247000,248000,244500,244500,150854,48.88
2019-11-07,246500,249000,244500,247000,169598,48.85
2019-11-08,245000,246000,241500,242000,176210,48.8
2019-11-11,241000,244500,241000,241500,109303,48.79
2019-11-12,242000,246000,241000,244500,237741,48.76
2019-11-13,243500,245500,241000,241500,128720,48.76
2019-11-14,243500,246000,241500,246000,196138,48.73
2019-11-15,248000,258500,246500,257500,295646,48.8
2019-11-18,254000,258500,252000,255500,240022,48.76
2019-11-19,256000,260000,256000,257000,290124,48.81
2019-11-20,255500,259000,254500,256000,270526,48.8
2019-11-21,256000,258500,251000,253000,385166,48.8
2019-11-22,251000,256500,251000,255500,257086,48.78
2019-11-25,253000,258500,253000,257000,304028,48.76
2019-11-26,253000,257000,247000,247000,630562,48.69
2019-11-27,247000,254000,247000,252500,308263,48.71
2019-11-28,251000,253000,249000,251000,225680,48.68
2019-11-29,252500,253500,244000,245000,257744,48.65
2019-12-02,245000,248500,244500,246500,242207,48.21
2019-12-03,247500,249500,244500,248000,262440,47.99
2019-12-04,248000,250500,246000,249500,345433,47.95
2019-12-05,248000,251000,244000,245000,298932,47.82
2019-12-06,246500,247500,244500,246500,200593,47.76
2019-12-09,246500,252500,246000,252000,244462,47.74
2019-12-10,250000,257500,250000,257000,287466,47.73
2019-12-11,254000,256500,253000,256000,278919,47.69
2019-12-12,256000,260000,254000,259500,409684,47.67
2019-12-13,261000,263000,258000,260500,243561,47.62
2019-12-16,263000,263000,259500,260500,234196,47.57
2019-12-17,267000,267000,261000,263500,540074,47.52
2019-12-18,259500,268500,259000,267000,317144,47.55
2019-12-19,265000,266000,257000,261000,250200,47.51
2019-12-20,261500,262500,258500,262000,242192,47.51
2019-12-23,263000,263000,258000,260000,204087,47.46
2019-12-24,258500,261000,256500,257500,161771,47.31
2019-12-26,259500,261500,257000,261000,126392,47.31
2019-12-27,258000,262000,255000,257500,106529,47.27
2019-12-30,260500,260500,256000,256000,106749,47.23
2020-01-02,254500,256000,247500,247500,214585,47.28
2020-01-03,249000,250500,244500,250000,255475,47.39
2020-01-06,250000,252000,248000,249500,130109,47.48
2020-01-07,252000,255000,249000,252500,251361,47.51
2020-01-08,248000,256500,244000,245000,317886,47.54
2020-01-09,245000,248500,243000,245000,283999,47.56
2020-01-10,245500,247500,244000,244500,208838,47.56
2020-01-13,243500,245500,241500,242000,199412,47.55
2020-01-14,243500,246000,242500,244000,192654,47.61
2020-01-15,244000,245500,243000,245000,176379,47.63
2020-01-16,246000,250000,243000,249500,291549,47.61
2020-01-17,250500,251500,247000,248000,162761,47.64
2020-01-20,247500,249500,246000,246000,150631,47.66
2020-01-21,244500,244500,240000,241000,252264,47.66
2020-01-22,243000,246000,241000,245500,283895,47.6
2020-01-23,248500,253000,246500,251500,472880,47.59
2020-01-28,246500,248500,245000,245000,283811,47.59
2020-01-29,243000,244500,236000,239500,310470,47.65
2020-01-30,240000,240000,235000,237000,393045,47.62
2020-01-31,237000,239500,229500,229500,238669,47.61
2020-02-03,227500,228500,220000,228000,332333,47.62
2020-02-04,229000,231000,227500,229500,376956,47.6
2020-02-05,229000,230500,226000,227000,255446,47.67
2020-02-06,229500,235000,227500,234000,311850,47.59
2020-02-07,231000,231500,228000,231000,232094,47.62
2020-02-10,227500,230000,225000,228500,183144,47.61
2020-02-11,229000,240500,228500,237500,302565,47.57
2020-02-12,238000,243500,237500,242500,268281,47.44
2020-02-13,241000,242500,237500,239000,252113,47.44
2020-02-14,234500,240500,234000,237000,186275,47.42
2020-02-17,240000,240500,235500,239000,119699,47.42
2020-02-18,237500,239000,235000,235500,126287,47.43
2020-02-19,239000,239500,234000,235500,158389,47.42
2020-02-20,235500,237000,230000,231000,183854,47.46
2020-02-21,228000,231000,227000,228500,143419,47.49
2020-02-24,224000,226000,219000,219000,247956,47.47
2020-02-25,216000,224000,216000,220000,249318,47.44
2020-02-26,216500,222500,216000,220000,234909,47.45
2020-02-27,219000,222500,218500,219000,162109,47.43
2020-02-28,217000,218000,208500,210000,317745,47.51
2020-03-02,204500,210000,199500,207000,558902,47.46
2020-03-03,209000,211000,204000,204500,302640,47.45
2020-03-04,207000,210500,205500,209000,249704,47.47
2020-03-05,210000,211500,208000,210500,244377,47.47
2020-03-06,208000,210000,203000,203000,248997,47.44
2020-03-09,200000,200500,193500,194000,237798,47.42
2020-03-10,194500,197000,189000,189000,392442,47.31
2020-03-11,189500,192000,185000,187500,288950,47.34
2020-03-12,190000,191500,178500,180000,458209,47.37
2020-03-13,162000,174000,162000,171500,623997,47.23
2020-03-16,172500,176000,161500,161500,329732,47.23
2020-03-17,156500,159000,152000,152500,433323,47.14
2020-03-18,152500,154000,140500,141000,438595,47.11
2020-03-19,142000,145000,126000,129000,577742,47.01
2020-03-20,130000,142000,126500,140500,567440,47.01
2020-03-23,128000,139000,127000,133500,522677,46.95
2020-03-24,140500,145500,137000,144500,464543,46.75
2020-03-25,159500,173000,156000,169500,810541,46.58
2020-03-26,167000,179500,164000,167000,658075,46.45
2020-03-27,179500,179500,165500,170000,576106,46.46
2020-03-30,164000,168000,160500,164500,446277,46.31
2020-03-31,166500,171500,164500,169500,409687,46.29
2020-04-01,166500,171000,165500,166500,362016,46.27
2020-04-02,168500,169000,162000,167000,396835,46.25
2020-04-03,164500,167000,163000,165000,307022,46.26
2020-04-06,165500,169500,164500,169500,301214,46.22
2020-04-07,173000,174500,168000,172500,600590,46.15
2020-04-08,170000,174500,169000,170000,444216,46.07
2020-04-09,173000,179500,171000,178000,607783,45.95
2020-04-10,178500,184000,175500,181000,368237,45.93
2020-04-13,178000,179000,174000,174000,243078,45.94
2020-04-14,175000,178000,173000,176500,256468,45.93
2020-04-16,173000,177000,171000,174500,402536,45.88
2020-04-17,175500,181500,175500,179500,315155,45.86
2020-04-20,179000,181000,178000,179500,402353,45.9
2020-04-21,178500,179000,173000,176500,387624,45.93
2020-04-22,171500,176500,169000,176500,425251,46.0
2020-04-23,175500,180000,175000,177000,278640,45.95
2020-04-24,175500,175500,167500,169000,440277,45.99
2020-04-27,168000,169500,167000,167500,401696,45.84
2020-04-28,167000,169500,166000,167500,351935,45.77
2020-04-29,168500,172000,167500,172000,330932,45.83
2020-05-04,168500,172000,167000,169500,393505,45.86
2020-05-06,171000,173000,169500,173000,284330,45.87
2020-05-07,170500,172000,169500,170000,260282,45.87
2020-05-08,171500,177500,171500,176000,359076,45.91
2020-05-11,175000,178500,172000,172500,441460,45.88
2020-05-12,172000,172500,168500,170000,260081,45.89
2020-05-13,167000,170500,167000,170500,231167,45.86
2020-05-14,170000,170000,168000,169500,291779,45.88
2020-05-15,171000,172500,169000,172500,211529,45.89
2020-05-18,174500,174500,170000,173000,224848,45.87
2020-05-19,179000,187000,178000,186500,632454,45.89
2020-05-20,184000,187000,182000,185000,251354,45.88
2020-05-21,187500,189500,185000,187000,288325,45.89
2020-05-22,188000,188500,182500,184000,255149,45.95
2020-05-25,187000,187000,181500,186500,166801,46.0
2020-05-26,188500,196500,187500,195000,353343,45.97
2020-05-27,193500,196000,192000,193000,285130,45.95
2020-05-28,193000,193500,190000,190500,287260,45.96
2020-05-29,190500,200500,188500,198000,389868,46.0
2020-06-01,196000,206500,196000,206000,260640,46.02
2020-06-02,203000,219000,202500,214000,430198,46.02
2020-06-03,218500,230000,217000,224000,515118,45.99
2020-06-04,225000,229500,217000,217500,408294,45.94
2020-06-05,215000,221000,213000,219000,287283,45.92
2020-06-08,225000,225500,216500,217500,285589,45.96
2020-06-09,216500,221000,212500,214500,244881,45.95
2020-06-10,212000,213000,209000,211000,338548,45.83
2020-06-11,208500,211000,203500,206000,624141,45.94
2020-06-12,193500,206000,193000,206000,440380,45.9
2020-06-15,198500,199500,187000,187000,594810,45.76
2020-06-16,190000,196500,190000,195000,322656,45.77
2020-06-17,193000,194000,188500,190000,316584,45.77
2020-06-18,187500,193000,185500,188000,282466,45.71
2020-06-19,190000,191500,185500,185500,319737,45.63
2020-06-22,185000,187000,183500,184000,204828,45.61
2020-06-23,187000,196000,186500,193000,579311,45.53
2020-06-24,195500,212500,195500,205000,734730,45.48
2020-06-25,200500,202500,194000,194000,392726,45.46
2020-06-26,197000,201000,196500,198500,295836,45.46
2020-06-29,193000,195000,191500,192000,212889,45.42
2020-06-30,195000,197500,192000,192000,253317,45.39
2020-07-01,194500,198000,193000,194000,173150,45.38
2020-07-02,192000,196000,192000,194500,253093,45.34
2020-07-03,196000,199500,194500,195500,165056,45.3
2020-07-06,197000,206000,194500,204500,336074,45.31
2020-07-07,205500,206000,199000,201000,352141,45.27
2020-07-08,200000,203500,199000,199000,271449,45.2
2020-07-09,201000,201000,197500,197500,299020,45.16
2020-07-10,195500,196500,191000,192500,280706,45.12
2020-07-13,194500,205500,193500,204500,416475,45.16
2020-07-14,203500,211500,200000,210000,549007,45.15
2020-07-15,213500,223000,213000,215500,815163,45.12
2020-07-16,216500,220000,213000,213000,402205,45.11
2020-07-17,213000,221000,212500,220500,436200,45.12
2020-07-20,222000,227500,219000,224000,434885,45.09
2020-07-21,221500,224000,216000,217000,558469,44.94
2020-07-22,217000,219500,211000,211000,386754,44.88
2020-07-23,209500,214000,206500,211500,511415,44.81
2020-07-24,207000,214000,203500,203500,566590,44.73
2020-07-27,203500,210000,202000,203500,394211,44.71
2020-07-28,204500,206000,202500,204000,333839,44.71
2020-07-29,202000,212000,200500,212000,557688,44.67
2020-07-30,212500,217500,212000,213000,399720,44.65
2020-07-31,211500,213000,205000,205500,386250,44.6
2020-08-03,208000,208500,203000,206000,292704,44.56
2020-08-04,206500,212000,206500,208000,371368,44.49
2020-08-05,207000,213000,206000,212500,435388,44.48
2020-08-06,213000,223500,212500,222500,831406,44.53
2020-08-07,222500,227500,216000,223500,635205,44.48
2020-08-10,226500,245000,226000,238000,1265411,44.45
2020-08-11,239000,241000,230000,239000,626321,44.35
2020-08-12,232500,235500,227500,229500,604103,44.27
2020-08-13,231500,240000,225000,228000,983401,44.19
2020-08-14,228500,230000,218500,224000,462365,44.12
2020-08-18,220000,224500,213000,214500,535693,44.09
2020-08-19,214000,218000,213500,217000,369044,44.02
2020-08-20,213000,215000,203500,204500,519337,43.94
2020-08-21,210000,214000,205000,211000,392349,44.0
2020-08-24,212500,218000,208500,217000,295989,44.04
2020-08-25,221000,226000,219000,219500,377235,44.07
2020-08-26,220000,224000,216000,223500,345505,44.12
2020-08-27,224500,225000,217000,217000,322599,44.07
2020-08-28,217500,230000,217500,226000,778178,44.04
2020-08-31,232500,236000,224000,224000,805029,43.81
2020-09-01,225000,241000,225000,238500,915042,43.83
2020-09-02,239000,240500,232500,235500,564954,43.73
2020-09-03,238000,238000,232000,233500,425972,43.68
2020-09-04,224000,231000,224000,230000,442319,43.72
2020-09-07,228000,228500,224500,225500,272841,43.66
2020-09-08,227500,231000,224000,225500,279719,43.59
2020-09-09,223000,227500,222000,223500,260718,43.61
2020-09-10,225500,226000,223500,224000,335130,43.61
2020-09-11,221500,226500,221000,226000,236329,43.57
2020-09-14,227000,235000,227000,232500,417530,43.6
2020-09-15,235000,235500,231500,234000,306934,43.64
2020-09-16,233000,242500,231000,242500,658710,43.79
2020-09-17,242500,247000,240500,242000,592993,43.83
2020-09-18,241000,242000,235000,240000,465237,43.88
2020-09-21,241000,247500,239500,242500,425049,43.9
2020-09-22,241500,242000,232500,234000,408883,43.95
2020-09-23,235500,235500,223500,228000,411626,43.92
2020-09-24,223500,224000,219500,221000,481274,43.9
2020-09-25,224000,228500,219500,222000,340801,43.9
2020-09-28,225500,227500,223500,225000,197119,43.91
2020-09-29,229500,230500,226000,230000,421193,43.81
2020-10-05,229500,238000,229500,236000,471265,43.74
2020-10-06,236500,237500,233000,233500,309606,43.76
2020-10-07,230000,235500,228500,235000,257835,43.77
2020-10-08,235500,237000,228000,229000,499234,43.76
2020-10-12,226000,230000,225000,227000,343564,43.69
2020-10-13,228000,237000,227000,235500,433346,43.7
2020-10-14,236000,240000,231000,231500,402918,43.72
2020-10-15,229500,237500,228500,234500,602103,43.68
2020-10-16,234000,235000,229000,229000,446765,43.57
2020-10-19,230000,232000,221500,222500,524241,43.44
2020-10-20,216000,237500,214000,237500,1301084,43.32
2020-10-21,236500,236500,228500,231500,476527,43.25
2020-10-22,228000,234500,226000,234000,372056,43.23
2020-10-23,233500,237000,231500,234500,372397,43.19
2020-10-26,233500,247000,231500,243500,788372,43.26
2020-10-27,242000,254000,241500,244500,796662,43.23
2020-10-28,241500,255000,237000,252500,487858,43.17
2020-10-29,246500,247000,237000,238000,696270,42.99
2020-10-30,235500,236000,223500,225500,888786,42.74
2020-11-02,227000,231500,225500,226500,428586,42.68
2020-11-03,228000,229000,224500,226000,453788,42.63
2020-11-04,229000,233000,225000,226500,481871,42.63
2020-11-05,229500,233500,227500,233000,381030,42.7
2020-11-06,233500,236500,229000,229500,428049,42.71
2020-11-09,232000,236500,231500,232500,332444,42.7
2020-11-10,236000,243000,233000,241000,544843,42.87
2020-11-11,239500,246000,239500,243000,423677,42.96
2020-11-12,242000,242500,238500,239500,484809,43.05
2020-11-13,239500,242000,235500,240000,449637,43.02
2020-11-16,242500,245500,240000,245000,393851,43.03
2020-11-17,241500,248500,240000,242500,379403,43.08
2020-11-18,241500,245000,240000,245000,373564,43.18
2020-11-19,243500,244500,240500,243000,306874,43.18
2020-11-20,241000,243500,238000,240500,302075,43.17
2020-11-23,239500,248000,238500,247500,409071,43.31
2020-11-24,248500,249500,243500,246500,342235,43.33
2020-11-25,248000,252000,244500,247500,420753,43.4
2020-11-26,245000,247500,242500,245500,321082,43.42
2020-11-27,243500,249000,243500,248500,316778,43.48
2020-11-30,247500,252000,244000,244000,644162,43.41
2020-12-01,247500,248000,241500,242500,407207,43.36
2020-12-02,242500,243500,239000,240500,489035,43.4
2020-12-03,240000,245500,238500,245500,521119,43.4
2020-12-04,247500,249000,244500,246500,452558,43.43
2020-12-07,247000,247000,241000,242500,327885,43.44
2020-12-08,243000,244500,240000,242000,303416,43.43
2020-12-09,241000,245000,240500,241500,352182,43.39
2020-12-10,241500,245500,239000,243500,580464,43.37
2020-12-11,246000,246000,242000,243000,344237,43.34
2020-12-14,245000,262000,243000,258000,1235681,43.53
2020-12-15,260000,263000,255000,259000,572032,43.49
2020-12-16,261500,261500,253000,255000,427858,43.31
2020-12-17,254000,254000,248500,249000,451424,43.18
2020-12-18,250500,252000,248500,250000,239415,43.16
2020-12-21,250000,250500,245500,249000,237998,43.17
2020-12-22,247500,248500,244000,244000,243658,43.18
2020-12-23,245000,253000,244000,251000,360412,43.15
2020-12-24,252000,254000,248500,251000,286108,43.08
2020-12-28,250500,252500,248500,250000,331309,43.09
2020-12-29,252000,252000,247000,251000,320314,43.12
2020-12-30,252000,261000,251000,255500,470909,43.1
2021-01-04,260500,308500,260000,287000,1811364,43.1
2021-01-05,287000,295500,284000,291000,768375,43.03
2021-01-06,288500,295000,282000,283500,691832,42.97
2021-01-07,286000,314500,285500,304500,1402113,42.98
2021-01-08,358500,395500,332000,359500,5326204,42.82
2021-01-11,368500,405000,345000,352500,3173553,42.55
2021-01-12,344000,349000,324500,332000,1874045,42.42
2021-01-13,329500,346500,321500,339500,1385910,42.37
2021-01-14,328500,334500,324500,327000,977707,42.28
2021-01-15,330000,334000,320500,321500,766017,42.24
2021-01-18,318000,331000,316500,323500,817889,42.22
2021-01-19,328000,345000,328000,345000,1090041,42.28
2021-01-20,365000,365500,338000,342000,1288158,42.15
2021-01-21,345000,368000,340000,361000,1347421,41.97
2021-01-22,357500,364500,350000,350000,765256,41.82
2021-01-25,343000,352000,339500,347500,1085560,41.51
2021-01-26,350500,355000,336500,338000,913545,41.35
2021-01-27,338000,341000,328500,328500,890561,41.17
2021-01-28,319000,335000,318000,331000,775863,41.18
2021-01-29,335000,337000,316000,317500,905941,41.03
2021-02-01,314500,336000,314500,335500,664246,41.01
2021-02-02,337000,343000,330000,334500,610498,41.01
2021-02-03,360000,365000,342000,347500,1500522,41.02
2021-02-04,357500,359000,346500,358000,1172227,41.06
2021-02-05,359500,359500,347000,352500,916535,40.9
2021-02-08,334500,336000,320000,322000,1747047,40.58
2021-02-09,322500,330000,318500,325500,658089,40.57
2021-02-10,329000,332500,322000,331500,599774,40.48
2021-02-15,332500,338000,332000,333000,440514,40.47
2021-02-16,333500,335000,330000,334000,342356,40.47
2021-02-17,330500,331000,325500,325500,383823,40.42
2021-02-18,322500,327000,318000,318000,520541,40.36
2021-02-19,323000,328500,318000,321500,658569,40.21
2021-02-22,326000,330000,322000,323000,536234,40.25
2021-02-23,321000,328000,314000,325000,575345,40.26
2021-02-24,325000,326000,306000,310000,707003,40.21
2021-02-25,313500,315500,308000,314500,469117,40.22
2021-02-26,305500,321500,302000,303000,774532,40.19
2021-03-02,308500,316000,303500,308500,582415,40.17
2021-03-03,309000,313500,306000,313500,293770,40.15
2021-03-04,306000,311500,305000,310500,401051,40.2
2021-03-05,304000,309000,300000,305000,425644,40.16
2021-03-08,308500,310500,300500,301500,299025,40.15
2021-03-09,299500,301000,289000,296500,522711,40.12
2021-03-10,302000,302000,289000,290000,396091,40.15
2021-03-11,290000,299000,289500,294000,458085,40.18
2021-03-12,298000,305000,296500,303500,328406,40.19
2021-03-15,303000,308000,299000,302000,390170,40.15
2021-03-16,303000,307000,302000,303500,361641,40.11
2021-03-17,302000,303000,296000,296000,311682,40.03
2021-03-18,301000,305000,298500,298500,422731,40.0
2021-03-19,295500,304000,294000,300000,527826,40.02
2021-03-22,300000,300500,291500,292000,472483,39.84
2021-03-23,294000,295500,286000,286500,488259,39.78
2021-03-24,284000,285000,278000,283000,486233,39.78
2021-03-25,283000,287500,280000,284500,369242,39.78
2021-03-26,287000,288000,282000,283500,354580,39.68
2021-03-29,284000,288000,282000,284000,292517,39.68
2021-03-30,287000,299500,285000,298500,522238,39.73
2021-03-31,298500,299000,291500,292000,361851,39.58
2021-04-01,295000,298500,293000,294500,402330,39.48
2021-04-02,297500,311500,297000,306000,803465,39.45
2021-04-05,307000,308000,301000,304000,261541,39.42
2021-04-06,305000,305500,297000,297000,336943,39.36
2021-04-07,297000,304000,295500,300500,339598,39.38
2021-04-08,302500,321000,299000,317500,1037853,39.53
2021-04-09,313000,313500,305000,305500,595420,39.39
2021-04-12,306000,306000,301000,302500,377148,39.29
2021-04-13,302500,305000,301000,301500,340158,39.22
2021-04-14,304000,313500,303500,310000,633672,39.27
2021-04-15,311500,316000,307500,308500,419360,39.25
2021-04-16,308500,311000,305500,306000,352352,39.15
2021-04-19,305500,307000,302000,305000,301095,39.13
2021-04-20,304000,308000,303500,304500,311335,39.06
2021-04-21,303500,304000,298000,298500,478314,38.89
2021-04-22,299000,301000,298000,298000,300937,38.81
2021-04-23,293500,295500,289000,290500,746419,38.73
2021-04-26,290500,290500,284000,285000,834275,38.48
2021-04-27,285000,285500,276000,278000,987898,38.23
2021-04-28,279000,282500,277500,277500,430974,38.15
2021-04-29,276000,277000,269500,270000,697034,37.95
2021-04-30,270000,274500,267000,270000,494025,37.82
2021-05-03,271500,279000,271000,272500,533637,37.66
2021-05-04,274500,276500,270000,276500,426081,37.5
2021-05-06,277000,278500,273500,274500,376652,37.46
2021-05-07,275500,280500,274500,277500,306400,37.44
2021-05-10,279500,284000,279000,283500,383333,37.43
2021-05-11,282000,282500,277000,277500,387869,37.34
2021-05-12,277500,284500,274000,278500,447873,37.33
2021-05-13,272500,278000,272000,277000,417809,37.28
2021-05-14,279000,280500,273500,275000,332608,37.22
2021-05-17,278000,278500,274500,276500,323015,37.15
2021-05-18,278000,282500,276500,278000,317873,37.09
2021-05-20,276000,278000,274500,278000,282918,37.12
2021-05-21,279000,285000,277500,280000,448017,37.12
2021-05-24,278500,283000,277500,279000,224296,37.1
2021-05-25,279500,280500,275500,277000,338113,37.02
2021-05-26,276000,277500,274000,275500,309009,36.96
2021-05-27,274500,275000,270000,271500,520710,36.87
2021-05-28,272000,280000,272000,278500,558619,36.89
2021-05-31,280500,282000,276000,280000,357839,36.88
2021-06-01,280500,281000,278000,280500,325406,36.83
2021-06-02,281000,285500,278000,280000,544546,36.72
2021-06-03,280000,281000,277000,279000,454692,36.63
2021-06-04,280500,289500,279000,288000,710883,36.72
2021-06-07,291000,293500,285000,285500,623906,36.55
2021-06-08,286000,290000,284000,288000,391218,36.48
2021-06-09,288000,292000,284500,287500,470628,36.55
2021-06-10,287500,289500,285500,287000,480856,36.6
2021-06-11,288000,296000,287000,287000,593377,36.63
2021-06-14,288000,288500,284000,288000,258108,36.56
2021-06-15,289500,292000,288000,289000,299475,36.57
2021-06-16,289000,291000,287500,289500,236682,36.55
2021-06-17,288000,290500,286500,287500,206038,36.55
2021-06-18,287500,289000,287000,287000,263652,36.53
2021-06-21,285500,288000,283500,284500,295502,36.54
2021-06-22,286000,294000,285500,294000,541199,36.8
2021-06-23,294500,295000,290000,292500,328073,36.72
2021-06-24,292500,297500,289000,290500,579494,36.61
2021-06-25,292000,293500,289000,292500,287066,36.67
2021-06-28,292500,293500,289500,290500,193786,36.63
2021-06-29,291000,291000,287500,289500,322171,36.6
2021-06-30,288000,293000,287500,292000,306830,36.71
2021-07-01,290500,291000,286000,287000,461892,36.51
2021-07-02,285500,286000,283500,283500,356686,36.5
2021-07-05,283500,285000,280500,282000,301478,36.44
2021-07-06,284500,287000,282500,283500,212487,36.43
2021-07-07,281500,283000,280500,282500,260173,36.45
2021-07-08,282500,284500,280500,281500,279771,36.47
2021-07-09,278500,279500,275000,276500,459337,36.41
2021-07-12,278500,282000,278000,281000,163508,36.41
2021-07-13,281000,285500,281000,284000,211385,36.44
2021-07-14,283000,283500,280500,282500,152578,36.44
2021-07-15,283500,287000,282500,286500,283326,36.5
2021-07-16,284000,285000,283000,284500,120287,36.5
2021-07-19,281000,282500,280000,280000,164387,36.47
2021-07-20,276500,281000,276000,279000,154622,36.45
2021-07-21,281000,282000,279000,279000,132950,36.45
2021-07-22,280000,282000,279000,282000,165323,36.3
2021-07-23,283000,283000,276000,279500,455101,36.08
2021-07-26,279500,279500,271000,271500,764890,35.75
2021-07-27,273000,273500,271500,271500,279678,35.71
2021-07-28,272000,273000,271000,272500,230618,35.72
2021-07-29,273500,275000,272500,273000,200468,35.73
2021-07-30,271500,272500,266500,266500,390531,35.6
2021-08-02,268000,271000,266500,271000,178732,35.61
2021-08-03,272000,276000,271000,276000,299662,35.62
2021-08-04,278000,279000,276000,278000,249333,35.64
2021-08-05,277000,278000,276000,276500,165339,35.62
2021-08-06,277000,278500,276000,276500,149400,35.62
2021-08-09,275000,275500,272000,274500,172932,35.62
2021-08-10,273000,273500,270000,271000,184133,35.6
2021-08-11,270000,272000,270000,272000,157722,35.6
2021-08-12,274000,278000,270000,270500,298846,35.64
2021-08-13,273500,273500,266000,268500,232470,35.61
2021-08-17,268500,271500,265500,266000,235016,35.63
2021-08-18,266000,270000,264500,267000,164228,35.63
2021-08-19,265500,266000,257500,257500,307362,35.56
2021-08-20,257500,259500,249000,251500,367806,35.53
2021-08-23,254000,264000,254000,260000,327404,35.54
2021-08-24,264000,266000,261500,262500,228095,35.52
2021-08-25,261500,266500,261500,263000,165808,35.5
2021-08-26,263500,270000,262500,267000,285108,35.49
2021-08-27,266000,271500,264500,271000,236067,35.42
2021-08-30,276000,278000,272500,272500,271568,35.38
2021-08-31,274000,277500,271500,277500,285091,35.42
2021-09-01,277500,280500,276500,277500,195132,35.43
2021-09-02,277500,279500,274000,275500,221808,35.47
2021-09-03,277500,279500,276000,278000,173692,35.52
2021-09-06,279000,281000,277500,280000,170846,35.54
2021-09-07,280000,281000,277000,279000,146301,35.55
2021-09-08,277000,279000,274000,278000,239940,35.58
2021-09-09,275000,281500,270500,277000,464523,35.48
2021-09-10,276000,276500,265500,268000,400770,35.34
2021-09-13,266000,267500,262500,265500,249354,35.32
2021-09-14,266000,273000,266000,269500,218881,35.33
2021-09-15,267500,271500,267500,269000,171726,35.32
2021-09-16,270000,271500,266000,270500,194381,35.32
2021-09-17,268000,270500,267000,267500,280818,35.26
2021-09-23,263000,266000,262000,263000,277787,35.19
2021-09-24,264000,264500,259500,260000,250476,35.15
2021-09-27,256500,259500,256000,259000,259777,35.1
2021-09-28,257000,257500,252500,253000,345462,35.05
2021-09-29,247000,255000,247000,253500,301222,35.07
2021-09-30,251000,255000,250500,253000,213967,35.02
2021-10-01,253000,255500,249000,249500,243304,34.97
2021-10-05,246000,254500,244500,251500,363541,34.93
2021-10-06,254000,255500,249500,250000,309193,34.91
2021-10-07,251000,261500,251000,260500,321867,34.94
2021-10-08,267000,270000,265000,266000,472057,34.97
2021-10-12,265000,267000,259500,260500,314517,34.94
2021-10-13,262000,271500,261500,271000,381911,34.98
2021-10-14,273000,275000,269500,273000,296661,34.97
2021-10-15,273500,274500,270000,271000,263032,34.94
2021-10-18,270000,273500,267500,270500,190330,34.98
2021-10-19,273000,274000,269000,272000,158633,34.98
2021-10-20,272000,273000,268000,268000,172245,34.98
2021-10-21,268500,271000,266000,267500,160697,35.02
2021-10-22,265500,268000,262500,264500,161400,35.0
2021-10-25,264500,269500,262500,268500,150737,34.98
2021-10-26,270000,271000,267000,270500,163730,34.94
2021-10-27,271000,272500,267000,267000,155728,34.97
2021-10-28,268000,270000,263500,263500,227318,34.95
2021-10-29,264000,264500,251000,252000,562004,34.8
2021-11-01,252500,254000,250500,253000,208009,34.75
2021-11-02,254000,258000,253500,255500,203780,34.75
2021-11-03,255500,256500,250500,252500,170410,34.75
2021-11-04,254500,257500,251000,252000,239820,34.7
2021-11-05,254000,255000,250000,252500,199092,34.69
2021-11-08,252000,253500,247500,252000,210681,34.7
2021-11-09,251500,254500,247500,248500,236952,34.65
2021-11-10,246500,248000,244000,245000,191621,34.66
2021-11-11,241500,243500,239000,241500,322147,34.63
2021-11-12,241000,245500,241000,243000,162244,34.62
2021-11-15,245500,249500,243000,247500,207398,34.6
2021-11-16,245000,245500,241500,242500,243270,34.54
2021-11-17,243000,243000,239000,241000,271163,34.56
2021-11-18,240000,240500,236500,236500,242387,34.5
2021-11-19,239500,243000,237500,238000,246026,34.49
2021-11-22,238000,250000,236500,248000,404226,34.45
2021-11-23,245000,246500,242500,244000,208227,34.43
2021-11-24,244500,246000,241500,243000,144142,34.43
2021-11-25,244500,245000,240000,240500,138368,34.41
2021-11-26,240500,240500,231500,233000,313527,34.36
2021-11-29,226500,231500,225500,227000,293021,34.45
2021-11-30,228500,230000,220000,220500,454213,34.48
2021-12-01,221500,231500,221500,230000,273788,34.52
2021-12-02,226000,240000,224500,239500,355837,34.53
2021-12-03,241500,241500,235500,238500,223529,34.51
2021-12-06,237000,240000,234000,239000,181383,34.53
2021-12-07,238500,243000,238000,243000,163107,34.55
2021-12-08,244000,245500,241000,241000,225756,34.48
2021-12-09,242000,245500,238500,241500,415387,34.45
2021-12-10,240000,245000,238500,244500,208832,34.44
2021-12-13,246500,251000,245500,247000,274773,34.43
2021-12-14,244000,248000,242500,244000,133730,34.42
2021-12-15,243500,244000,241000,242000,89445,34.41
2021-12-16,243500,245000,240500,245000,157715,34.41
2021-12-17,244500,250000,242000,246000,326446,34.41
2021-12-20,245000,245500,240500,241000,159279,34.39
2021-12-21,241500,243500,240000,241500,123707,34.38
2021-12-22,242500,251000,242000,250500,308386,34.39
2021-12-23,252000,258000,250500,256500,393860,34.32
2021-12-24,257500,264000,257500,263000,354349,34.24
2021-12-27,264000,265000,260000,261500,168539,34.19
2021-12-28,262500,265500,258000,265500,298320,34.22
2021-12-29,261500,263000,257000,261000,249291,34.17
2021-12-30,258500,260500,254000,254500,229776,34.17
2022-01-03,255500,257500,253500,256500,127149,34.2
2022-01-04,256500,258000,253000,255500,153588,34.21
2022-01-05,257500,262000,255500,257000,381180,34.19
2022-01-06,261500,272500,258500,269500,1164570,34.3
2022-01-07,272500,278000,267000,269500,599618,34.35
2022-01-10,268000,273000,260000,262000,309752,34.37
2022-01-11,261500,263000,255000,257000,266461,34.38
2022-01-12,258500,262500,256000,262000,214625,34.34
2022-01-13,260000,262500,254000,255000,328802,34.33
2022-01-14,254000,258500,252500,255500,189471,34.35
2022-01-17,255000,256000,247500,250500,206788,34.32
2022-01-18,252000,252000,243500,245000,239386,34.3
2022-01-19,241500,245500,238000,240000,299322,34.29
2022-01-20,238500,243000,237000,241500,275471,34.28
2022-01-21,239000,241000,235000,238000,356847,34.3
2022-01-24,236500,237500,231000,235000,257757,34.35
2022-01-25,234000,235500,228000,233000,299876,34.36
2022-01-26,234000,235000,228500,229000,226479,34.3
2022-01-27,227000,235000,225500,227000,321633,34.33
2022-01-28,227000,232500,222000,232000,318834,34.29
2022-02-03,233000,236500,229500,230000,237884,34.25
2022-02-04,229500,232500,228000,230500,165495,34.23
2022-02-07,229500,231500,225000,230000,187279,34.26
2022-02-08,231500,235000,226500,227000,225896,34.24
2022-02-09,229500,232000,228500,232000,177816,34.27
2022-02-10,232500,234000,230000,231500,203842,34.31
2022-02-11,230000,232500,227500,231000,153154,34.34
2022-02-14,226500,228500,223000,223000,217404,34.29
2022-02-15,223000,228000,223000,227000,197363,34.3
2022-02-16,231000,231500,228000,230500,160887,34.29
2022-02-17,230000,233000,227000,228500,200339,34.28
2022-02-18,227000,230500,225000,228500,129929,34.28
2022-02-21,224500,229000,222500,228500,158115,34.27
2022-02-22,224500,227000,223500,226500,179069,34.32
2022-02-23,228000,229500,225500,229000,139325,34.34
2022-02-24,229000,229500,220000,222500,330264,34.38
2022-02-25,224500,226000,222000,225000,201654,34.39
2022-02-28,221500,225000,219000,224000,315019,34.4
2022-03-02,222500,227000,221500,224000,208564,34.43
2022-03-03,224500,229000,224500,227000,145825,34.41
2022-03-04,227500,228000,225000,225000,104867,34.42
2022-03-07,221000,223000,219500,221000,196674,34.43
2022-03-08,220000,222500,218000,219000,177857,34.43
2022-03-10,222000,224000,218500,219500,330153,34.4
2022-03-11,219500,219500,208500,209500,476726,34.19
2022-03-14,208500,209000,203000,205500,395372,34.26
2022-03-15,203500,206000,201500,204500,202829,34.27
2022-03-16,206500,208000,203500,208000,203846,34.27
2022-03-17,212000,214000,210000,210000,218073,34.27
2022-03-18,211500,212000,207500,210500,332688,34.22
2022-03-21,211000,211500,205500,206000,212151,34.14
2022-03-22,207500,211000,207000,210000,173032,34.17
2022-03-23,210500,214000,209500,213000,200972,34.14
2022-03-24,210500,211500,209000,210000,170493,34.12
2022-03-25,210500,211500,209000,210500,178444,34.16
2022-03-28,208500,211000,206000,211000,164933,34.19
2022-03-29,212000,216000,211000,213000,244913,34.17
2022-03-30,216000,219000,213500,215000,246314,34.15
2022-03-31,215000,216000,213000,215000,188806,34.12
2022-04-01,211500,217000,211500,217000,229124,34.21
2022-04-04,215500,216000,213500,215000,120131,34.21
2022-04-05,214500,217000,213500,217000,126721,34.25
2022-04-06,215000,218500,212000,216000,228659,34.21
2022-04-07,214000,216000,212000,212000,247679,34.17
2022-04-08,212500,213000,208000,209000,207505,34.13
2022-04-11,209000,211000,207000,208000,217181,34.09
2022-04-12,205000,207500,205000,206500,264401,34.09
2022-04-13,208500,210000,206500,210000,148984,34.11
2022-04-14,210000,211000,207500,207500,215671,34.11
2022-04-15,206500,207500,204500,206000,199984,34.18
2022-04-18,206000,212000,206000,211500,154424,34.21
2022-04-19,212500,215000,210500,211000,164421,34.18
2022-04-20,211500,213500,209000,213000,215470,34.22
2022-04-21,214500,214500,211000,212000,226118,34.2
2022-04-22,210000,214000,207000,213000,287840,34.2
2022-04-25,208000,209000,203000,203500,435686,34.11
2022-04-26,204500,211000,204000,205000,383432,34.12
2022-04-27,199000,204500,199000,204000,292501,34.14
2022-04-28,205000,209500,202500,209500,204966,34.17
2022-04-29,207500,210000,206000,207500,199674,34.16
2022-05-02,205000,209000,205000,208500,151323,34.17
2022-05-03,206500,208000,205500,206500,160449,34.19
2022-05-04,208000,208000,206000,207000,121123,34.2
2022-05-06,203500,205000,201500,202500,218439,34.16
2022-05-09,200500,202500,198500,201000,223681,34.12
2022-05-10,198500,199500,195500,199000,362234,34.08
2022-05-11,197000,199500,196000,198500,255841,34.11
2022-05-12,195500,197000,193500,194000,397645,34.1
2022-05-13,195000,200000,195000,199500,544323,34.02
2022-05-16,201000,202500,199000,199500,178851,33.96
2022-05-17,199500,201000,197000,199500,254237,33.97
2022-05-18,200500,201500,198000,201500,197991,34.07
2022-05-19,196500,197000,194500,195000,238789,34.03
2022-05-20,196500,202500,196000,202500,216156,34.1
2022-05-23,204000,204500,201000,203000,132530,34.1
2022-05-24,201000,201500,198500,198500,122968,34.04
2022-05-25,201000,203000,198000,202500,181262,34.07
2022-05-26,201000,204500,199000,201000,213867,34.08
2022-05-27,203000,203500,200500,202000,145760,34.07
2022-05-30,203500,206500,203000,206000,159768,34.11
2022-05-31,206000,218500,205000,218500,1115755,34.35
2022-06-02,215500,218000,214000,215500,206512,34.33
2022-06-03,216500,217000,213000,215000,192437,34.27
2022-06-07,215000,218000,213500,216500,223206,34.3
2022-06-08,216500,219000,214500,215500,169374,34.25
2022-06-09,216000,222500,215500,222000,416974,34.24
2022-06-10,219000,220500,216000,217500,286198,34.24
2022-06-13,211500,214000,209000,210000,219684,34.23
2022-06-14,205000,207500,202000,205500,284390,34.18
2022-06-15,207000,210000,204000,205500,231348,34.18
2022-06-16,208500,210000,203500,204000,209865,34.16
2022-06-17,197500,203000,197000,202000,336646,34.11
2022-06-20,202000,202500,197000,199500,140531,34.11
2022-06-21,200000,203000,197500,201000,136810,34.1
2022-06-22,202000,203500,198000,198000,162448,34.09
2022-06-23,198000,201000,196000,196500,212579,34.04
2022-06-24,195000,199500,193000,197500,243568,34.04
2022-06-27,199000,205500,197000,203500,234301,34.06
2022-06-28,203500,208500,203500,206500,157273,33.99
2022-06-29,200500,203000,197000,199000,231422,33.92
2022-06-30,200000,203500,198000,199000,182095,33.92
2022-07-01,202000,206500,199500,201500,218330,33.91
2022-07-04,201500,204500,198500,201500,162294,33.92
2022-07-05,201500,203500,197500,201000,133394,34.05
2022-07-06,198500,200000,192000,192500,247034,34.03
2022-07-07,195000,195500,190000,193500,251387,33.99
2022-07-08,195500,206000,195000,204500,343204,34.15
2022-07-11,205000,205500,200500,201000,130805,34.14
2022-07-12,201000,204500,200000,204000,156307,34.12
2022-07-13,205000,214000,204000,210000,336188,34.1
2022-07-14,209500,215000,208000,211500,307724,34.08
2022-07-15,211000,213500,207000,211500,206303,34.03
2022-07-18,213000,216500,210000,214500,176807,34.03
2022-07-19,214000,220000,213500,219500,287694,34.09
2022-07-20,222000,223500,218000,219000,257727,34.14
2022-07-21,218000,223500,216500,219500,235230,34.17
2022-07-22,217500,222000,215000,218500,186665,34.17
2022-07-25,217000,227000,217000,226000,317480,34.22
2022-07-26,224500,228000,223000,227000,210872,34.23
2022-07-27,225500,228000,225000,227000,189847,34.23
2022-07-28,228000,229500,226000,229000,232775,34.25
2022-07-29,229500,231000,227000,228500,201623,34.26
2022-08-01,226500,229500,224500,227000,174862,34.27
2022-08-02,226000,228000,224000,226000,179051,34.34
2022-08-03,226000,231000,226000,230500,263401,34.44
2022-08-04,231000,231500,227000,229000,201987,34.51
2022-08-05,229000,230000,223500,224500,174899,34.53
2022-08-08,223000,226500,221500,226000,123962,34.57
2022-08-09,226000,226000,221000,223500,171293,34.6
2022-08-10,224500,226000,222500,223500,126949,34.65
2022-08-11,225500,226000,223500,225000,154221,34.65
2022-08-12,224000,227500,222000,226500,192019,34.61
2022-08-16,224000,225500,212500,218500,735668,34.73
2022-08-17,219000,221000,216000,217500,318592,34.8
2022-08-18,214500,215000,206500,211000,360781,34.87
2022-08-19,212500,215500,210500,214500,177926,34.91
2022-08-22,213000,214000,209500,212000,211631,34.98
2022-08-23,209000,212000,209000,211000,170047,35.02
2022-08-24,210500,212000,204500,209000,225534,35.06
2022-08-25,209500,212500,209000,212000,127740,35.09
2022-08-26,213000,213500,211000,212500,137666,35.11
2022-08-29,208000,208500,205000,206500,122938,35.14
2022-08-30,208000,214000,207000,213500,173532,35.16
2022-08-31,210000,216000,209500,215000,234184,35.2
2022-09-01,211500,215000,208500,212000,189273,35.21
2022-09-02,214500,218500,211000,214000,147960,35.33
2022-09-05,214000,219000,213500,214500,154966,35.34
2022-09-06,216000,217500,213000,217000,90906,35.35
2022-09-07,215000,219000,213500,217000,156070,35.34
2022-09-08,220000,220000,215000,219500,241530,35.29
2022-09-13,219500,222000,214000,217000,271277,35.15
2022-09-14,212000,215500,211500,214000,174762,35.18
2022-09-15,214000,215000,207500,209000,209817,35.17
2022-09-16,209000,212500,208000,210000,282375,35.22
2022-09-19,211000,211500,206500,209000,87139,35.23
2022-09-20,212500,216500,211000,215500,237659,35.3
2022-09-21,213000,214500,210500,212000,111281,35.3
2022-09-22,209500,211000,206500,209500,228773,35.29
2022-09-23,209500,209500,206000,206500,103465,35.3
2022-09-26,204000,204500,198500,200000,220007,35.35
2022-09-27,202500,202500,195500,199500,199611,35.38
2022-09-28,194000,199000,192000,194500,217720,35.41
2022-09-29,196000,200500,195000,197500,215794,35.47
2022-09-30,199000,200000,189500,191000,248779,35.45
2022-10-04,193500,198500,191500,198000,185920,35.49
2022-10-05,207500,208000,199000,202500,262626,35.58
2022-10-06,206000,207000,199000,201000,161924,35.61
2022-10-07,200500,202000,198000,202000,194651,35.66
2022-10-11,199000,202000,195000,201500,240214,35.72
2022-10-12,198500,201500,194500,195500,222138,35.7
2022-10-13,196500,200000,194000,195500,169208,35.69
2022-10-14,196500,198000,194000,195000,227762,35.63
2022-10-17,194500,196500,192000,195000,166916,35.62
2022-10-18,198000,205500,197000,204000,261123,35.85
2022-10-19,205000,209000,204500,207500,190909,35.9
2022-10-20,206500,208000,203500,206000,169785,35.94
2022-10-21,203500,205500,201500,204000,123894,35.91
2022-10-24,203500,204500,195000,198000,254317,36.0
2022-10-25,198000,200500,196500,199000,175414,36.03
2022-10-26,198500,200000,196000,198000,135353,36.06
2022-10-27,199000,205000,198000,204000,157807,36.05
2022-10-28,205000,221000,204500,219000,596595,36.14
2022-10-31,221500,223500,215500,219000,265174,36.18
2022-11-01,219500,220000,216000,217000,160931,36.22
2022-11-02,218000,220000,214000,219000,189012,36.28
2022-11-03,216500,221500,215500,218500,309645,36.39
2022-11-04,217500,219500,214500,219000,152954,36.42
2022-11-07,220500,223000,218000,221000,128071,36.43
2022-11-08,222500,223000,217000,217500,149641,36.38
2022-11-09,219500,223000,218500,220500,225804,36.4
2022-11-10,220500,222500,218500,220500,240223,36.38
2022-11-11,226000,226000,218500,219500,298000,36.38
2022-11-14,220000,223500,218000,219000,266514,36.36
2022-11-15,220000,221000,217000,220500,166944,36.38
2022-11-16,219000,220500,214500,216000,176446,36.39
2022-11-17,216000,217500,211000,211000,102975,36.38
2022-11-18,213000,216500,211000,216000,162380,36.4
2022-11-21,217000,217000,212000,215500,128603,36.38
2022-11-22,214000,214000,209500,210500,141260,36.35
2022-11-23,212000,212000,209500,211000,83693,36.34
2022-11-24,212000,212500,208000,209000,114099,36.34
2022-11-25,210000,211000,208000,209500,73832,36.32
2022-11-28,208000,209000,203000,208500,169646,36.34
2022-11-29,210500,211000,205000,208500,145060,36.35
2022-11-30,209000,214000,207000,213000,317729,36.39
2022-12-01,215000,216500,212000,213500,190377,36.4
2022-12-02,213500,216000,211500,213500,151042,36.42
2022-12-05,213500,214000,208000,209000,185440,36.42
2022-12-06,207500,208000,205000,206000,159198,36.42
2022-12-07,208000,210000,204500,207500,128718,36.44
2022-12-08,210000,210000,204000,206000,235806,36.4
2022-12-09,209500,210000,205500,208500,170385,36.37
2022-12-12,208500,210000,207000,208000,115647,36.34
2022-12-13,208000,208500,200000,200500,231580,36.23
2022-12-14,202000,208500,199500,206500,220378,36.17
2022-12-15,205000,208500,205000,206000,122121,36.08
2022-12-16,205000,209000,204500,206500,176039,36.14
2022-12-19,205500,206000,200000,203000,163715,36.05
2022-12-20,202500,204000,199000,202000,162664,36.05
2022-12-21,203500,204500,200500,203000,101356,36.03
2022-12-22,203000,208000,202500,208000,157746,36.0
2022-12-23,206000,209000,204500,206500,152145,35.83
2022-12-26,206000,211500,205500,209500,158374,35.79
2022-12-27,210000,211500,208500,210000,193510,35.72
2022-12-28,206500,209500,204000,207000,187895,35.68
2022-12-29,205000,205500,200000,200500,215394,35.62
2023-01-02,201000,206500,201000,202500,148736,35.61
2023-01-03,201500,205500,197500,202000,201008,35.71
2023-01-04,201500,205500,200000,203000,159891,35.68
2023-01-05,202000,209000,202000,207000,207296,35.67
2023-01-06,204000,216500,204000,214000,313496,35.66
2023-01-09,217500,218000,213500,216500,210384,35.6
2023-01-10,217000,219000,216000,217500,194802,35.56
2023-01-11,218500,221000,215000,217500,217774,35.58
2023-01-12,218000,219500,213500,213500,265267,35.55
2023-01-13,213500,218500,213500,216500,191835,35.55
2023-01-16,217000,217500,214000,215000,159178,35.57
2023-01-17,215500,218500,213500,215500,188237,35.58
2023-01-18,214500,215500,207500,209000,254893,35.54
2023-01-19,208000,209000,206000,208000,178213,35.58
2023-01-20,207000,210000,207000,209500,130609,35.6
2023-01-25,210000,213500,209500,212500,116882,35.57
2023-01-26,213000,220500,213000,219500,175759,35.63
2023-01-27,220500,222000,213500,214500,335267,35.64
2023-01-30,215500,216500,206000,206500,465685,35.61
2023-01-31,207000,208000,205500,205500,316221,35.57
2023-02-01,206500,208500,205500,208000,245677,35.62
2023-02-02,209000,210000,206000,206000,284424,35.6
2023-02-03,206500,210500,205000,208500,270694,35.68
2023-02-06,208500,208500,205000,205500,151542,35.68
2023-02-07,207000,208500,205500,206500,219229,35.7
2023-02-08,207000,208500,206500,207500,134260,35.74
2023-02-09,207000,209500,206500,206500,218180,35.79
2023-02-10,206000,208000,205500,208000,150239,35.84
2023-02-13,207500,209500,205000,207500,163679,35.92
2023-02-14,209500,217500,208000,213000,436812,36.05
2023-02-15,213500,216000,210500,211500,175771,36.1
2023-02-16,213000,216000,212500,215000,193256,36.1
2023-02-17,213500,216000,212500,213000,163978,36.12
2023-02-20,213500,214000,210000,213500,106659,36.12
2023-02-21,214000,217000,212000,215000,155284,36.17
2023-02-22,213000,215500,212000,214000,174133,36.22
2023-02-23,215000,221000,215000,217500,253734,36.27
2023-02-24,217500,220500,217000,219000,202078,36.28
2023-02-27,216500,217000,210000,214000,176957,36.25
2023-02-28,214000,218000,212500,212500,300780,36.23
2023-03-02,213000,219500,213000,217000,286515,36.34
2023-03-03,218500,219500,216000,216500,132114,36.37
2023-03-06,218000,220000,216500,219000,189047,36.37
2023-03-07,219500,220000,217000,218000,157129,36.37
2023-03-08,216000,217000,214000,215500,159118,36.39
2023-03-09,216000,222000,215000,220000,343810,36.39
2023-03-10,217000,218500,215000,216500,140681,36.38
2023-03-13,217000,219500,215500,218500,152414,36.37
2023-03-14,216500,217500,211500,213500,173600,36.36
2023-03-15,215500,220500,214000,219000,166384,36.37
2023-03-16,217000,218500,214000,214500,133922,36.34
2023-03-17,216000,219000,215000,217500,169457,36.36
2023-03-20,217500,217500,212500,212500,134586,36.3
2023-03-21,214000,216500,213000,215000,122138,36.33
2023-03-22,216000,216500,214000,216000,105777,36.33
2023-03-23,215000,219500,214500,217500,215428,36.37
2023-03-24,216000,216000,210000,210500,231455,36.28
2023-03-27,212000,213500,210500,211500,160040,36.32
2023-03-28,212000,214000,211000,213500,111625,36.34
2023-03-29,214000,215500,213000,215500,137789,36.35
2023-03-30,213500,215000,211000,213000,210772,36.36
2023-03-31,215000,218000,214500,216000,180317,36.41
2023-04-03,216500,217000,213000,214000,183488,36.46
2023-04-04,215500,217000,214000,215000,146996,36.47
2023-04-05,215500,218500,215000,218000,132562,36.52
2023-04-06,218000,219500,215500,216000,176930,36.53
2023-04-07,215500,215500,213000,213500,168018,36.49
2023-04-10,213000,216000,212500,213500,180948,36.5
2023-04-11,213500,221000,212000,221000,379485,36.56
2023-04-12,224500,233500,223500,232000,648158,36.71
2023-04-13,230500,232500,227000,231500,288445,36.64
2023-04-14,232000,233500,229000,231000,193161,36.68
2023-04-17,230000,231000,226500,228000,183679,36.75
2023-04-18,228000,229500,223000,225000,222353,36.85
2023-04-19,225000,228500,225000,227000,140122,36.88
2023-04-20,227500,230000,225500,228000,195478,36.91
2023-04-21,226500,230500,225500,230000,259924,37.0
2023-04-24,232000,237500,229500,232000,299770,37.03
2023-04-25,234500,239500,231500,237500,473965,37.06
2023-04-26,237000,237500,218000,222000,824054,37.03
2023-04-27,220000,225000,218500,221500,232525,37.12
2023-04-28,221500,222000,216500,217500,296733,37.2
2023-05-02,218500,223000,218000,223000,252610,37.24
2023-05-03,221500,224000,219500,221000,133544,37.27
2023-05-04,220000,220500,217500,218000,152334,37.27
2023-05-08,219000,223000,219000,221500,140545,37.29
2023-05-09,221000,225000,219000,224000,168218,37.3
2023-05-10,224000,229000,223500,226500,161476,37.32
2023-05-11,228500,230500,226500,230000,207207,37.32
2023-05-12,228000,229000,224000,225000,169401,37.3
2023-05-15,224500,226000,221500,225000,183199,37.32
2023-05-16,222500,223500,219000,220500,143897,37.31
2023-05-17,220000,224500,220000,223000,128404,37.32
2023-05-18,225000,230000,223500,229000,304794,37.33
2023-05-19,227000,229000,225000,226500,172196,37.28
2023-05-22,227500,231000,225500,229000,192786,37.25
2023-05-23,229500,230500,227000,228500,121656,37.24
2023-05-24,227500,230500,226500,230000,179569,37.25
2023-05-25,227500,229000,226000,227000,169977,37.29
2023-05-26,225500,227500,223000,227000,149084,37.31
2023-05-30,228000,228500,223000,223500,170434,37.28
2023-05-31,223500,229000,223000,223000,318428,37.23
2023-06-01,225000,226000,221000,221500,186142,37.23
2023-06-02,223000,224500,220000,223000,244575,37.19
2023-06-05,224000,228500,224000,227500,157552,37.19
2023-06-07,229000,229000,219500,219500,284225,37.08
2023-06-08,221000,221000,218000,220000,267986,37.06
2023-06-09,220000,223000,219500,222500,190616,37.07
2023-06-12,223000,224000,220500,222000,114388,37.06
2023-06-13,221500,225000,220500,223000,159755,37.06
2023-06-14,223000,224000,222000,222500,147897,37.07
2023-06-15,223500,225000,222000,223000,138017,37.1
2023-06-16,224000,225000,220500,221500,175890,37.1
2023-06-19,221000,223000,219500,222000,116679,37.09
2023-06-20,221000,221500,218000,219000,101931,37.01
2023-06-21,219000,222000,217000,222000,163835,37.04
2023-06-22,221000,222000,220000,222000,93024,37.03
2023-06-23,222000,222000,217000,217000,149523,37.04
2023-06-26,217500,221500,217000,221000,102693,37.08
2023-06-27,221000,231500,220500,230000,334329,37.21
2023-06-28,230000,232500,228000,231000,197070,37.12
2023-06-29,228000,230000,226000,226000,135735,37.07
2023-06-30,228500,234500,228500,232500,255746,37.11
2023-07-03,233500,234000,230000,232000,181963,37.09
2023-07-04,230500,234000,229000,230500,131340,37.08
2023-07-05,232000,233500,230500,232000,153622,37.16
2023-07-06,232500,236000,231000,233000,256131,37.18
2023-07-07,232000,234000,229000,232500,162036,37.2
2023-07-10,230500,233500,228500,232500,116371,37.22
2023-07-11,234000,234000,231000,234000,109942,37.25
2023-07-12,233000,233500,229000,232500,139888,37.26
2023-07-13,233000,235500,232000,233000,218859,37.28
2023-07-14,236000,248500,235000,248500,595291,37.44
2023-07-17,248500,250000,243500,244500,224628,37.42
2023-07-18,244500,246000,239000,239000,173698,37.41
2023-07-19,241000,246500,240500,244000,221329,37.42
2023-07-20,244000,244500,240500,242500,171207,37.45
2023-07-21,240500,243500,237500,243000,137306,37.47
2023-07-24,244000,245000,237500,240000,166738,37.52
2023-07-25,242500,243500,238500,241000,175351,37.55
2023-07-26,239000,239500,229500,235000,364644,37.64
2023-07-27,237000,238000,228000,234000,273624,37.61
2023-07-28,232000,237000,231000,232500,192050,37.64
2023-07-31,234000,234500,230000,233000,179847,37.7
2023-08-01,234000,236500,231500,236000,199324,37.73
2023-08-02,234500,235000,227000,227500,254571,37.69
2023-08-03,228500,232000,226000,230000,209484,37.76
2023-08-04,230500,231500,227500,230000,116685,37.77
2023-08-07,228000,230000,225500,226500,224735,37.87
2023-08-08,228500,232000,226500,227500,256637,37.92
2023-08-09,227000,235500,226000,234000,348882,37.85
2023-08-10,234000,234000,225500,228500,370946,37.85
2023-08-11,229500,237000,229000,233000,267492,37.93
2023-08-14,235000,235500,232000,233000,155039,37.97
2023-08-16,230000,232500,227500,229000,144436,37.98
2023-08-17,227000,231000,226500,230500,160525,38.01
2023-08-18,228500,230000,226500,229500,134444,37.99
2023-08-21,231000,231000,227000,229500,123375,38.0
2023-08-22,230500,233000,229000,230000,129699,38.04
2023-08-23,228000,229000,226500,227000,96397,38.01
2023-08-24,229000,229000,226000,227500,94781,38.02
2023-08-25,225500,228000,225000,227000,94078,38.02
2023-08-28,229000,229500,223000,228500,100632,38.03
2023-08-29,229500,231500,228000,230500,119510,38.04
2023-08-30,232500,234500,231000,232000,93158,38.05
2023-08-31,231000,233000,230000,231000,183874,38.09
2023-09-01,230000,235000,230000,232500,105499,38.11
2023-09-04,230500,236000,230500,236000,99223,38.1
2023-09-05,234000,237500,233000,237000,115006,38.1
2023-09-06,235500,240000,234500,237500,156729,38.13
2023-09-07,235500,237500,234500,237000,159738,38.22
2023-09-08,237500,237500,233000,235500,195922,38.22
2023-09-11,236000,236000,230500,230500,109581,38.21
2023-09-12,231000,234000,230000,232000,136057,38.19
2023-09-13,231000,237000,231000,234500,142316,38.19
2023-09-14,236000,236500,233500,235000,199185,38.13
2023-09-15,236000,240000,234000,238000,239654,38.12
2023-09-18,237500,238500,234500,235000,112004,38.11
2023-09-19,234000,238500,233500,237000,127883,38.13
2023-09-20,238500,244500,237500,242500,212146,38.16
2023-09-21,240500,242500,238000,238000,122608,38.17
2023-09-22,235500,241000,235500,239500,104585,38.18
2023-09-25,239500,247000,238000,246500,254531,38.24
2023-09-26,243500,245000,241500,242000,146582,38.23
2023-09-27,238500,242500,238000,240500,135533,38.14
2023-10-04,232000,234500,227000,233000,230281,38.09
2023-10-05,233500,236000,231000,232000,133795,38.09
2023-10-06,231500,232500,230000,232000,104000,38.07
2023-10-10,236000,237000,230500,232500,144617,38.06
2023-10-11,232500,236500,232500,233000,148328,38.01
2023-10-12,234500,235000,231000,234000,157562,38.01
2023-10-13,230500,234000,230000,232500,72554,38.03
2023-10-16,232000,234000,227500,228500,115520,38.02
2023-10-17,229500,230000,223500,224000,172979,38.01
2023-10-18,226000,228500,223500,227500,130743,38.03
2023-10-19,224000,227500,224000,225000,109143,38.04
2023-10-20,223500,224500,217500,218000,157434,38.04
2023-10-23,220000,222000,217500,218000,87895,38.03
2023-10-24,219500,219500,212000,217500,124597,38.05
2023-10-25,218500,223000,218000,221000,120687,38.07
2023-10-26,222000,222000,215500,216000,187926,38.07
2023-10-27,219500,225000,218500,220000,195233,38.15
2023-10-30,220000,221500,210000,211500,214875,38.19
2023-10-31,213500,216000,207500,208500,178889,38.19
2023-11-01,210000,214500,209500,212500,164290,38.21
2023-11-02,217000,223000,216500,218500,211056,38.28
2023-11-03,222000,222500,215500,218000,120898,38.24
2023-11-06,220000,228000,218500,228000,190927,38.26
2023-11-07,225500,226000,220500,224000,172965,38.27
2023-11-08,227000,227500,221500,222500,105091,38.26
2023-11-09,225500,227000,222500,224000,134909,38.3
2023-11-10,222000,224000,220500,223000,51705,38.31
2023-11-13,224000,224500,220500,221500,59259,38.31
2023-11-14,224000,224500,222500,222500,90909,38.29
2023-11-15,227500,229500,226000,228000,171564,38.28
2023-11-16,228000,232000,227000,230500,113899,38.59
2023-11-17,231000,231000,226000,229500,76943,38.58
2023-11-20,226000,228500,223000,225500,160966,38.54
2023-11-21,228000,232000,226500,231500,103110,38.6
2023-11-22,227500,231000,227000,229500,80745,38.6
2023-11-23,229500,234500,229500,233000,85826,38.62
2023-11-24,232000,234000,230500,232500,40335,38.64
2023-11-27,233500,233500,230000,232000,57610,38.63
2023-11-28,234000,234000,230500,233500,102930,38.63
2023-11-29,231500,233500,229500,230500,102655,38.63
2023-11-30,227500,232000,226500,229000,242068,38.62
2023-12-01,227000,228500,226000,227000,106387,38.67
2023-12-04,229000,229000,225500,225500,79364,38.67
2023-12-05,225500,226500,224000,225000,66315,38.67
2023-12-06,225000,227500,223500,223500,91993,38.66
2023-12-07,223000,226000,220500,224500,137154,38.68
2023-12-08,226000,227500,224500,226500,88701,38.68
2023-12-11,228000,228000,225000,227000,81874,38.68
2023-12-12,228500,229500,226500,227500,137220,38.65
2023-12-13,228000,230000,226500,227000,127328,38.65
2023-12-14,229000,229000,220000,221000,387973,38.58
2023-12-15,222500,226500,222000,224500,266470,38.62
2023-12-18,223000,225000,222000,224000,96024,38.63
2023-12-19,222500,225000,221500,223500,99285,38.65
2023-12-20,224500,229500,224500,229000,188130,38.69
2023-12-21,227500,233500,227000,230500,130410,38.78
2023-12-22,231000,232000,230000,231000,81481,38.78
2023-12-26,233000,233000,228000,230500,95309,38.74
2023-12-27,228500,230500,228000,230000,74888,38.76
2023-12-28,231000,237000,230000,237000,155608,38.8
2024-01-02,235000,238000,233500,236000,98770,38.79
2024-01-03,234000,234500,227500,227500,122990,38.94
2024-01-04,226000,226500,220500,222500,174122,38.95
2024-01-05,221500,222500,220000,221500,111781,39.05
2024-01-08,222500,223500,218500,218500,89481,39.03
2024-01-09,220500,221000,216500,216500,220245,39.0
2024-01-10,216000,219000,216000,217000,83831,39.03
2024-01-11,218000,218500,216000,216000,123793,39.05
2024-01-12,216000,216000,213000,214500,123785,39.05
2024-01-15,215000,217500,214500,216500,84744,39.1
2024-01-16,214500,216000,211000,213000,119474,39.11
2024-01-17,212500,213000,205000,205500,208667,39.06
2024-01-18,205000,206500,199900,200000,295022,39.08
2024-01-19,202000,203000,198000,199600,207560,39.05
2024-01-22,200000,201000,198300,199000,113921,39.02
2024-01-23,200500,205000,199700,205000,124301,39.03
2024-01-24,204000,205500,200500,204500,126294,39.05
2024-01-25,204000,210000,201500,209500,161730,39.04
2024-01-26,210000,210500,204000,204000,232475,39.06
2024-01-29,203000,204500,201500,202500,377103,39.05
2024-01-30,205500,211000,205500,206500,321357,39.09
2024-01-31,206500,211000,206000,210000,200335,39.1
2024-02-01,208000,222500,208000,219500,598932,39.02
2024-02-02,222000,232500,220000,232000,644138,39.12
2024-02-05,237000,237500,224000,231500,526386,39.18
2024-02-06,229000,231000,219000,219500,428854,39.17
2024-02-07,222500,233500,222500,229000,355065,39.19
2024-02-08,230000,232000,226500,230500,289854,39.19
2024-02-13,233000,238000,232000,233500,316471,39.22
2024-02-14,229500,231000,227500,228500,187972,39.24
2024-02-15,232000,232500,226000,227000,165496,39.28
2024-02-16,230000,230500,225000,230500,245685,39.34
2024-02-19,234500,244500,234500,244000,517969,39.44
2024-02-20,244000,246000,236500,240000,316708,39.48
2024-02-21,242500,242500,234500,240500,187271,39.48
2024-02-22,241000,246000,237500,244500,191554,39.43
2024-02-23,243000,250000,242500,247000,312190,39.55
2024-02-26,247000,247000,235500,241000,210199,39.57
2024-02-27,234500,238000,233000,233500,282830,39.52
2024-02-28,232500,243000,230000,242000,282388,39.51
2024-02-29,239500,248000,238000,242500,386359,39.48
2024-03-04,244500,253000,244000,252000,343794,39.49
2024-03-05,252000,257000,250500,253000,276135,39.51
2024-03-06,249500,255500,248000,254000,303063,39.5
2024-03-07,255500,258000,251500,253000,221468,39.47
2024-03-08,256500,257500,252000,253000,204348,39.45
2024-03-11,251500,255000,249000,250000,163621,39.5
2024-03-12,250500,251000,246500,250500,232180,39.48
2024-03-13,252500,254500,249000,253500,180760,39.51
2024-03-14,252000,268000,251500,265000,640155,39.7
2024-03-15,265000,269000,263500,269000,587592,39.93
2024-03-18,269500,270000,265500,268000,202563,39.97
2024-03-19,265000,265500,253500,253500,392572,40.0
2024-03-20,257500,259000,249000,253000,376506,40.02
2024-03-21,257000,267000,256500,266000,321963,40.01
2024-03-22,264500,267000,260000,262000,300132,40.03
2024-03-25,259500,264000,257000,258000,183402,40.02
2024-03-26,259000,267000,257000,264500,278347,40.02
2024-03-27,260000,266000,260000,264500,160180,40.01
2024-03-28,263000,264500,258000,261500,199500,40.06
2024-03-29,261500,262500,254500,255000,148181,40.08
2024-04-01,257500,259000,249000,251000,201785,40.1
2024-04-02,248000,251000,245000,247500,193887,40.17
2024-04-03,246500,249500,238500,240500,263093,40.19
2024-04-04,243500,245500,238500,244000,158989,40.16
2024-04-05,240000,245000,239000,242500,129340,40.16
2024-04-08,240500,247500,240500,243000,146813,40.11
2024-04-09,247500,251500,243000,243000,130378,40.06
2024-04-11,234500,253500,234000,251000,290007,40.09
2024-04-12,246000,248500,240500,240500,199565,39.99
2024-04-15,239500,243000,236000,242500,120501,39.99
2024-04-16,239500,240500,234000,238000,187172,39.98
2024-04-17,239000,239000,233000,234500,132408,39.94
2024-04-18,239000,240000,233000,235000,175371,39.95
2024-04-19,231000,235000,229000,234500,181634,39.98
2024-04-22,239000,239500,235000,239000,155158,39.98
2024-04-23,238000,243000,236500,238500,134543,39.98
2024-04-24,240000,244500,237500,243500,131348,39.96
2024-04-25,241500,248500,241000,244000,158635,39.98
2024-04-26,245500,247000,239500,240500,147522,39.97
2024-04-29,239500,242500,229000,229500,455640,39.9
2024-04-30,230500,232500,228000,228500,260074,39.9
2024-05-02,226000,228000,225000,226000,207204,39.87
2024-05-03,227500,229000,226000,226000,147544,39.88
2024-05-07,228500,229500,227500,228500,178015,39.88
2024-05-08,228500,232500,228500,232000,168185,39.94
2024-05-09,232000,232000,225000,226000,235106,39.86
2024-05-10,228000,228000,226000,227000,111031,39.85
2024-05-13,227000,230000,225500,227000,141987,39.86
2024-05-14,226000,227000,224000,224500,167796,39.78
2024-05-16,227000,229000,226000,227000,168980,39.81
2024-05-17,228000,228500,226500,227000,100694,39.82
2024-05-20,226500,230000,226000,227500,144822,39.8
2024-05-21,225500,226500,223000,223500,166506,39.76
2024-05-22,222500,231500,221500,230000,203632,39.75
2024-05-23,227500,230500,227000,227500,161706,39.72
2024-05-24,224500,225500,221000,221500,182786,39.69
2024-05-27,221500,223500,220000,221000,167702,39.68
2024-05-28,220500,221500,218000,219000,176418,39.67
2024-05-29,217500,219000,213500,217500,266959,39.63
2024-05-30,214500,216000,212000,215000,202252,39.65
2024-05-31,217500,218000,213500,214500,291527,39.58
2024-06-03,216000,222000,216000,220000,224992,39.61
2024-06-04,220000,222000,218500,220000,202441,39.65
2024-06-05,220500,224000,219000,222000,246551,39.68
2024-06-07,224000,227000,222000,223000,206377,39.69
2024-06-10,221000,224500,219000,221500,182446,39.72
2024-06-11,221000,223000,218000,219000,233642,39.69
2024-06-12,219000,221000,218500,221000,105623,39.71
2024-06-13,222500,225000,221000,221500,374303,39.71
2024-06-14,220500,253500,220000,238000,1763305,39.9
2024-06-17,238000,242500,232500,235000,393848,39.87
2024-06-18,237000,240500,233500,235500,323533,39.89
2024-06-19,235000,246500,234000,242000,402946,39.92
2024-06-20,238500,241500,236500,238500,208360,39.92
2024-06-21,239500,239500,233000,237500,251784,40.02
2024-06-24,235500,241500,234000,238000,167704,40.05
2024-06-25,240500,253000,239500,250500,532626,40.09
2024-06-26,247000,253500,247000,252500,267317,39.98
2024-06-27,249000,254500,248000,250500,261650,40.0
2024-06-28,252500,257500,248500,251500,286548,39.98
2024-07-01,250000,252500,243500,247500,168879,40.05
2024-07-02,244000,245500,235000,235500,336255,40.05
2024-07-03,237500,240500,236500,238500,163749,40.06
2024-07-04,240000,243000,238000,241000,111039,40.03
2024-07-05,241000,244500,239000,242000,181925,40.03
2024-07-08,240500,241000,235500,237500,166934,40.06
2024-07-09,238000,238000,230500,233500,246272,40.04
2024-07-10,232500,235500,232000,233500,105724,40.06
2024-07-11,235500,236500,233500,235500,158774,40.08
2024-07-12,234000,235000,231500,234500,109546,40.06
2024-07-15,235500,236500,231500,232000,88471,40.09
2024-07-16,233000,233500,230500,231000,118210,40.07
2024-07-17,231500,232000,227000,229000,153396,40.04
2024-07-18,229000,229000,222000,224000,178580,40.03
2024-07-19,223000,224000,221000,223500,145318,40.05
2024-07-22,223500,223500,220000,221500,93950,40.06
2024-07-23,223500,227500,222500,222500,128614,40.09
2024-07-24,222500,227000,220500,224500,144068,40.1
2024-07-25,223000,227500,223000,225500,211847,40.14
2024-07-26,227500,230500,221000,225500,313091,40.21
2024-07-29,226000,230500,225500,228000,192060,40.29
2024-07-30,225500,227500,222000,222000,147006,40.33
2024-07-31,222500,224000,219500,220500,240062,40.33
2024-08-01,220500,222500,219500,219500,156454,40.31
2024-08-02,218000,219500,216500,217500,158538,40.33
2024-08-05,215000,215500,200500,204000,316073,40.3
2024-08-06,211500,216500,209500,213000,228803,40.4
2024-08-07,208500,213500,207000,212000,153684,40.37
2024-08-08,210000,214000,207500,214000,206961,40.38
2024-08-09,215500,217000,212000,212500,157882,40.36
2024-08-12,213500,220000,212500,218500,148949,40.36
2024-08-13,216500,220000,216500,216500,111010,40.36
2024-08-14,218000,219000,216000,218000,97843,40.37
2024-08-16,220000,224500,220000,220000,154796,40.37
2024-08-19,220500,222500,219500,220500,101032,40.37
2024-08-20,222500,223500,219000,219000,100000,40.37
2024-08-21,220500,222000,219000,220000,85086,40.38
2024-08-22,220500,221000,218500,219000,102571,40.38
2024-08-23,219000,221500,218500,219500,134548,40.37
2024-08-26,220500,222500,218500,221500,85447,40.35
2024-08-27,222500,223000,219000,222000,86857,40.34
2024-08-28,221000,226000,219500,224000,161114,40.32
2024-08-29,226500,227500,219500,219500,201534,40.32
2024-08-30,221500,223000,217500,217500,353464,40.31
2024-09-02,218000,220000,211500,214000,162284,40.32
2024-09-03,214500,215500,210500,211000,189400,40.31
2024-09-04,209500,210500,207000,207000,217407,40.3
2024-09-05,207500,213000,207500,211500,132903,40.29
2024-09-06,213000,218500,212000,214000,191717,40.29
2024-09-09,210500,215000,210500,212500,85628,40.28
2024-09-10,211500,212500,208000,211500,144653,40.27
2024-09-11,211500,212500,207000,208500,101821,40.24
2024-09-12,209500,213500,209000,213500,257747,40.27
2024-09-13,215500,224500,214500,223500,267522,40.27
2024-09-19,228500,228500,222000,223000,186572,40.24
2024-09-20,225000,226500,222000,223500,214301,40.24
2024-09-23,225500,226000,219000,223500,88398,40.24
2024-09-24,224500,226000,221500,225500,111101,40.23
2024-09-25,227500,228500,222000,223000,151212,40.2
2024-09-26,222500,227000,220500,227000,171774,40.2
2024-09-27,226000,226500,221500,221500,129908,40.24
2024-09-30,222500,224000,217500,217500,140514,40.24
2024-10-02,214500,217000,212000,214500,128535,40.28
2024-10-04,217000,219500,213000,217000,128571,40.31
2024-10-07,217500,219000,214500,216000,93395,40.32
2024-10-08,214500,218000,213500,217000,113840,40.35
2024-10-10,227500,227500,221000,221500,204692,40.42
2024-10-11,225000,226500,222500,224500,145064,40.43
2024-10-14,223500,225000,220500,223500,91463,40.4
2024-10-15,224000,226500,222000,224000,120670,40.39
2024-10-16,223000,242500,223000,241500,624192,40.47
2024-10-17,240000,243500,237500,242000,395985,40.4
2024-10-18,244000,246000,241500,244500,218631,40.4
2024-10-21,245500,247000,240500,244000,142405,40.38
2024-10-22,241000,249500,240000,247500,271792,40.42
2024-10-23,249000,250000,246000,246500,146519,40.44
2024-10-24,247500,252000,245000,250000,330967,40.47
2024-10-25,249500,267000,248000,256500,823915,40.56
2024-10-28,258500,261000,249000,253000,253856,40.63
2024-10-29,250500,251000,243000,247500,246769,40.68
2024-10-30,247500,250500,243500,248500,180057,40.72
2024-10-31,246000,249500,242000,249500,231029,40.75
2024-11-01,248500,252500,245000,248500,164016,40.82
2024-11-04,248500,248500,243000,248500,140918,40.84
2024-11-05,246500,248000,241500,245500,161446,40.86
2024-11-06,246000,247500,241000,242500,128055,40.89
2024-11-07,239000,242500,235000,239500,200752,40.94
2024-11-08,244000,246500,241000,244500,146578,40.92
2024-11-11,242000,258000,242000,254500,284905,40.97
2024-11-12,254500,263500,254000,255500,365772,40.97
2024-11-13,255500,257500,251000,253000,213941,41.02
2024-11-14,255000,260500,251500,255500,340074,41.12
2024-11-15,259500,260500,249000,251500,195549,41.12
2024-11-18,250000,261000,249500,258500,241106,41.12
2024-11-19,258500,261000,249000,250500,360926,41.15
2024-11-20,251500,260000,246500,255000,300972,41.23
2024-11-21,257000,260000,254000,254000,184627,41.25
2024-11-22,256500,257000,251500,254000,114974,41.26
2024-11-25,256000,256500,246500,246500,394158,41.29
2024-11-26,247000,249500,243000,249000,149204,41.32
2024-11-27,245500,250000,243500,246000,151646,41.32
2024-11-28,244000,247500,240500,245500,104136,41.28
2024-11-29,246000,246500,237000,239500,151105,41.25
2024-12-02,244000,251000,241500,245500,134852,41.28
2024-12-03,250000,250000,240000,242000,180439,41.31
2024-12-04,238500,239500,234000,238000,180887,41.29
2024-12-05,236000,238000,232000,236500,167928,41.23
2024-12-06,238500,242000,235000,237000,161793,41.21
2024-12-09,239000,244000,235500,243000,280707,41.22
2024-12-10,246000,252000,243000,248500,191480,41.22
2024-12-11,246500,250500,243000,249500,124618,41.22
2024-12-12,248500,250000,244000,246500,277092,41.21
2024-12-13,247500,249500,242000,244000,266223,41.33
2024-12-16,244500,245500,236000,237500,170497,41.32
2024-12-17,237000,239500,235500,239500,175405,41.33
2024-12-18,241500,252500,241500,252000,191753,41.38
2024-12-19,248000,256000,247500,250000,251708,41.35
2024-12-20,247000,250000,244000,244000,498832,41.32
2024-12-23,245500,245500,241000,244000,130390,41.31
2024-12-24,244000,246000,239500,243000,131161,41.35
2024-12-26,242000,244000,239500,242000,94291,41.39
2024-12-27,240500,243000,234500,236500,186396,41.33
2024-12-30,236000,240000,235500,236500,72518,41.32
2025-01-02,238000,253500,237500,249000,256370,41.35
2025-01-03,245500,251000,245500,246500,110801,41.32
2025-01-06,245500,248500,238000,244500,146101,41.31
2025-01-07,244000,251500,244000,249000,160434,41.35
2025-01-08,247000,254500,245000,251000,168941,41.34
2025-01-09,251000,261500,250500,253000,241446,41.37
2025-01-10,251000,259000,251000,257500,215004,41.39
2025-01-13,255000,257000,250500,254000,163787,41.38
2025-01-14,252000,253500,248500,253500,136292,41.4
2025-01-15,254000,258000,250500,253500,186326,41.44
2025-01-16,254000,254500,249500,252500,184625,41.46
2025-01-17,250000,253000,247500,252500,170954,41.52
2025-01-20,252000,252500,243500,244000,127000,41.52
2025-01-21,245000,252500,245000,250000,151404,41.55
2025-01-22,252000,254000,248000,253000,180573,41.59
2025-01-23,253500,257500,251500,252000,289693,41.62
2025-01-24,259000,265000,259000,263500,569055,41.73
2025-01-31,266000,268500,259500,263500,288546,41.73
2025-02-03,258500,261000,253500,257000,273890,41.74
2025-02-04,264500,264500,252500,252500,185193,41.71
2025-02-05,252500,254500,248000,251500,198039,41.68
2025-02-06,251500,254500,249000,251500,195482,41.68
2025-02-07,248500,250000,245500,247000,172737,41.67
2025-02-10,244000,249500,243000,246500,191841,41.68
2025-02-11,247000,252000,245000,248500,173078,41.66
2025-02-12,249000,249500,241000,242500,123531,41.66
2025-02-13,244000,247500,243000,243000,243167,41.68
2025-02-14,247000,252500,247000,249500,161821,41.7
2025-02-17,250000,250000,243000,245500,155375,41.65
2025-02-18,245000,249500,245000,248000,150895,41.66
2025-02-19,246000,258500,245500,255500,191123,41.7
2025-02-20,252000,255500,249500,255500,159566,41.68
2025-02-21,260500,269000,254000,254500,243582,41.68
2025-02-24,254500,257500,252500,256500,99865,41.68
2025-02-25,254000,259000,254000,255000,122768,41.72
2025-02-26,254000,258000,251000,256500,135287,41.7
2025-02-27,256500,260500,255000,260500,157654,41.73
2025-02-28,257500,260000,245000,245500,283138,41.69
2025-03-04,248500,256500,246500,250000,149579,41.72
2025-03-05,252500,254000,245500,251000,156230,41.7
2025-03-06,253000,259000,252500,257000,122205,41.7
2025-03-07,257000,259000,255000,256000,104329,41.69
2025-03-10,255000,261000,255000,258500,113858,41.69
2025-03-11,251000,253000,245000,248000,226218,41.61
2025-03-12,245000,248000,240500,248000,173718,41.58
2025-03-13,248000,256000,247500,256000,219828,41.56
2025-03-14,253500,256500,250000,255500,216811,41.55
2025-03-17,255000,259500,254000,259500,159986,41.54
2025-03-18,259500,265500,258500,264000,222834,41.6
2025-03-19,264000,272000,263500,270000,342647,41.63
2025-03-20,269500,275000,269500,270500,330007,41.66
2025-03-21,266500,272000,263500,266500,259174,41.76
2025-03-24,268500,281000,266500,279500,377410,41.78
2025-03-25,288000,289000,279500,281500,358202,41.89
2025-03-26,285000,286000,281500,285500,189924,42.0
2025-03-27,276500,283000,274000,279500,330838,42.12
2025-03-28,276000,276500,264500,267500,212911,42.2
2025-03-31,264000,265500,258500,260500,179462,42.21
2025-04-01,262500,264000,258000,261500,164973,42.16
2025-04-02,260500,268500,258500,265000,144936,42.17
2025-04-03,253500,260000,252500,260000,243145,42.08
2025-04-04,258500,263000,255500,259000,154827,42.0
2025-04-07,248500,251500,243000,248500,170953,41.93
2025-04-08,250500,251000,235500,236500,236443,41.89
2025-04-09,237500,239500,233500,235000,154384,41.87
2025-04-10,247500,249000,241500,243500,192769,41.99
2025-04-11,238500,239500,233000,234500,195165,41.99
2025-04-14,233500,237000,232000,235000,131869,41.96
2025-04-15,246000,249000,240500,241500,192501,41.91
2025-04-16,241500,243000,238500,239500,82988,41.86
2025-04-17,238000,241500,235000,238500,103479,41.83
2025-04-18,239000,245500,237500,243500,98734,41.81
2025-04-21,244000,247000,241500,244000,100447,41.76
2025-04-22,244000,245000,240000,241000,119924,41.77
2025-04-23,244500,253500,243000,252000,171554,41.74
2025-04-24,252000,254500,249000,252500,142931,41.71
2025-04-25,255500,258000,247000,250000,161180,41.68
2025-04-28,248500,252000,248500,251000,100735,41.68
2025-04-29,254500,259000,253000,256500,172236,41.66
2025-04-30,259000,267500,255000,267500,190763,41.71
2025-05-02,265000,266000,256000,256500,138585,41.7
2025-05-07,257000,258500,252000,258000,158435,41.71
2025-05-08,256000,260000,256000,259000,126993,41.7
2025-05-09,260500,262000,254500,255500,100524,41.72
2025-05-12,255500,261000,253000,261000,114403,41.73
2025-05-13,258500,262500,256500,257000,204302,41.8
2025-05-14,258000,260500,255500,258000,100296,41.81
2025-05-15,255000,258500,254000,255000,77969,41.82
2025-05-16,254500,256000,250000,255000,91545,41.85
2025-05-19,252500,253500,247000,249500,89127,41.83
2025-05-20,250000,252000,246500,248000,102238,41.85
2025-05-21,248000,249000,246500,247500,85462,41.86
2025-05-22,247000,248000,242500,246000,114299,41.91
2025-05-23,245500,247000,241000,242000,103469,41.94
2025-05-26,243000,245000,240000,244000,146391,41.94
2025-05-27,242000,246000,240000,243000,146086,41.95
2025-05-28,242500,256500,242500,254000,275785,41.94
2025-05-29,255000,265000,255000,263000,299714,41.93
2025-05-30,259500,260500,252000,253000,253174,41.92
2025-06-02,250500,253000,245000,246500,141969,41.86
2025-06-04,249500,252000,247500,250000,229704,41.95
2025-06-05,249000,257500,249000,254000,178381,41.87
2025-06-09,266500,285000,257500,279500,537125,41.98
2025-06-10,281500,282500,274000,275000,254661,41.95
2025-06-11,280000,290000,279000,288500,395396,42.0
2025-06-12,284500,290500,282500,284500,328418,42.02
2025-06-13,284500,288500,278500,282000,283397,42.1
2025-06-16,286500,288000,278500,285500,198580,42.7
2025-06-17,286500,291000,283000,286000,227695,42.73
2025-06-18,282500,302000,277500,299500,542226,42.86
2025-06-19,297000,299000,290500,293000,232025,42.86
2025-06-20,295000,296500,289500,291500,274485,42.92
2025-06-23,285000,285500,278000,280500,238590,42.99
2025-06-24,286500,289500,282750,285000,191281,43.01
2025-06-25,285500,298500,285500,297500,397717,42.97
2025-06-26,294500,297500,290500,294500,203323,43.01
2025-06-27,292000,292000,285500,289500,138407,43.0
2025-06-30,291000,292000,284500,287000,150016,43.02
2025-07-01,287500,296500,287500,288000,230402,43.06
2025-07-02,285000,300000,284500,297000,329310,43.06
2025-07-03,298500,303000,295000,299500,244228,43.09
2025-07-04,300500,305000,294500,295500,146856,43.12
2025-07-07,291000,296500,288000,294500,149244,43.1
2025-07-08,294000,309500,293000,305000,357902,43.12
2025-07-09,304500,310500,300500,309500,323611,43.17
2025-07-10,313500,318000,305500,313500,253511,43.23
2025-07-11,311500,312000,304000,306500,186798,43.26
2025-07-14,304500,316000,304500,314500,196909,43.31
2025-07-15,311500,312000,304000,306500,212226,43.33
2025-07-16,309500,312000,305000,305500,126689,43.33
2025-07-17,306500,310000,302500,307500,157347,43.36
2025-07-18,306500,309500,299000,303000,159995,43.38
2025-07-21,301000,306000,296500,299000,167353,43.45
2025-07-22,296500,301500,291000,293000,156817,43.5
2025-07-23,298500,304500,297500,299000,315829,43.48
2025-07-24,299500,307000,293500,296000,157675,43.53
2025-07-25,292500,306500,289000,297500,181789,43.56
2025-07-28,300000,303000,292500,300500,182968,43.55
2025-07-29,297500,300500,295000,297500,155692,43.56
2025-07-30,296500,308500,296500,306500,207698,43.62
2025-07-31,311000,312500,285500,294500,353101,43.64
2025-08-01,289500,292000,281500,283500,226073,43.66
2025-08-04,281000,287000,279000,285000,103176,43.69
2025-08-05,286500,290000,282000,286000,134961,43.75
2025-08-06,283500,289000,283000,286000,146201,43.76
2025-08-07,289000,296000,288500,295000,174355,43.74
2025-08-08,293500,296000,289500,296000,126782,43.54
2025-08-11,296500,298000,292000,293500,91433,43.53
2025-08-12,292500,299500,292500,295500,185221,43.57
2025-08-13,296500,300500,295000,299000,136786,43.64
2025-08-14,301000,304000,295500,296500,125528,43.62
2025-08-18,294000,296000,290000,292000,93609,43.63
2025-08-19,296000,302000,292000,302000,150346,43.7
2025-08-20,303000,303000,296000,301500,130049,43.7
2025-08-21,301500,304000,297500,297500,82366,43.71
2025-08-22,298000,304000,297500,299500,78081,43.74
2025-08-25,300000,300000,293000,299000,152610,43.75
2025-08-26,297000,302500,296000,299500,222025,43.76
2025-08-27,302000,304000,299000,302500,133201,43.81
2025-08-28,304500,310000,301500,302500,199023,43.8
2025-08-29,308000,322500,306000,318500,552076,43.97
2025-09-01,320000,326000,317500,321500,268038,44.06
2025-09-02,321500,324000,319500,323500,176539,44.09
2025-09-03,322500,326000,318000,324500,145348,44.14
2025-09-04,321500,325500,317500,320500,210607,44.16
2025-09-05,318500,323500,318500,323000,149648,44.21
2025-09-08,323500,324000,318000,323000,185042,44.26
2025-09-09,324000,327000,312000,315500,212611,44.25
2025-09-10,313500,325500,313500,319000,216004,44.33
2025-09-11,319000,324500,314000,316000,275234,44.42
2025-09-12,318000,321000,311000,313500,197547,44.39
2025-09-15,310500,313000,306500,309500,145731,44.43
2025-09-16,308500,310000,304500,309000,150505,44.45
2025-09-17,310500,313000,308500,311000,103522,44.47
2025-09-18,310000,317000,307500,317000,167612,44.51
2025-09-19,313500,314000,303000,308000,383684,44.52
2025-09-22,308000,312500,307000,312500,130228,44.57
2025-09-23,309000,312500,308500,312000,92973,44.59
2025-09-24,312000,313500,308000,308000,81257,44.6
2025-09-25,307000,308500,300500,301000,247888,44.57
2025-09-26,299000,300000,292500,295000,231752,44.56
2025-09-29,297500,297750,294000,296000,175732,44.53
2025-09-30,295500,300500,295000,298500,164694,44.61
2025-10-01,298500,299500,293500,295500,130029,44.62
2025-10-02,297000,301000,295500,297000,241778,44.67
2025-10-10,308000,308000,296500,298000,236742,44.7
2025-10-13,299000,299000,288000,289000,238724,44.65
2025-10-14,286500,300500,285500,299500,217693,44.73
2025-10-15,300500,302500,297500,300500,162540,44.77
2025-10-16,307500,312500,303500,309000,234256,44.74
2025-10-17,306000,310500,304000,308000,130462,44.75
2025-10-20,310000,312000,303500,308500,124554,44.75
2025-10-21,309500,317500,306000,308500,276383,44.76
2025-10-22,311500,315000,305000,314500,148850,44.74
2025-10-23,309500,313500,305500,306000,143817,44.79
2025-10-24,308000,309500,303000,307000,164856,44.81
2025-10-27,305000,309000,304500,305000,166002,44.83
2025-10-28,305000,305000,300500,304500,177830,44.85
2025-10-29,306500,307000,301500,306500,148178,44.86
2025-10-30,320500,321500,304500,307000,313371,44.85
2025-10-31,308000,322000,306000,316000,400660,44.85
2025-11-03,313000,314000,297500,299500,534250,44.6
2025-11-04,299500,301000,294000,296000,200106,44.66
2025-11-05,295500,295500,283000,288000,311849,44.64
2025-11-06,292000,297500,290500,294500,216280,44.68
2025-11-07,294000,295500,287000,290000,127187,44.66
2025-11-10,293500,302000,292500,300500,181548,44.75
2025-11-11,299000,302000,297000,298500,163489,44.76
2025-11-12,297000,300500,295000,300000,175934,44.76
2025-11-13,297000,301500,296000,300000,167662,44.79
2025-11-14,298500,303500,296500,298000,156922,44.81
2025-11-17,298500,298500,292000,294000,132443,44.8
2025-11-18,291500,296000,288000,288500,100219,45.34
2025-11-19,293000,297500,289500,295500,149235,45.4
2025-11-20,295500,299000,294500,296000,141245,45.43
2025-11-21,296000,297000,290000,296000,135555,45.41
2025-11-24,298500,299500,293000,293500,200935,45.42
2025-11-25,296000,297500,291500,293500,104305,45.44
2025-11-26,298000,299000,295000,298000,132670,45.46
2025-11-27,297500,307000,297500,304500,229815,45.52
2025-11-28,304500,315000,302000,309500,273800,45.56
2025-12-01,307500,310000,302000,303500,158359,45.54
2025-12-02,307000,317000,305000,317000,290243,45.66
2025-12-03,314500,322000,312500,319500,211198,45.74
2025-12-04,325000,351000,322500,347500,822306,45.79
2025-12-05,347500,364000,345000,362500,621180,45.69
2025-12-08,370000,371500,354000,362500,372145,45.6
2025-12-09,359500,369000,351500,359000,343286,45.67
2025-12-10,359000,372500,352000,362000,303696,45.66
2025-12-11,370000,374500,360000,360500,378606,45.69
2025-12-12,362000,383000,360500,377500,374301,45.6
2025-12-15,368000,374000,364500,364500,371575,45.54
2025-12-16,366000,370000,354500,357000,316642,45.52
2025-12-17,357500,365000,354000,362000,221241,45.46
2025-12-18,354000,363000,349500,352000,186783,45.5
2025-12-19,355500,372000,347000,366500,474382,45.41
2025-12-22,367000,367000,358500,363000,175735,45.38
2025-12-23,363500,376000,360000,363000,218163,45.35
2025-12-24,365500,376000,362000,365000,167819,45.32
2025-12-26,369000,369000,356000,358000,135892,45.35
2025-12-29,353000,370000,351000,366500,231713,45.33
2025-12-30,363500,375000,363500,373000,200312,45.27
2026-01-02,374000,385000,365000,369000,230839,45.21
2026-01-05,371000,382500,367000,372000,239154,45.21
2026-01-06,380500,390000,363000,366000,614394,45.2
2026-01-07,368000,403500,367000,392500,983557,45.1
2026-01-08,404500,404500,390000,391000,470773,44.93
2026-01-09,399500,402500,382500,399500,517573,44.67
2026-01-12,418000,418000,389500,394000,585772,44.49
2026-01-13,402500,468500,402000,451000,1659185,44.46
2026-01-14,448000,453000,433000,450000,672126,44.26
2026-01-15,444000,459000,440500,450500,606056,44.12
2026-01-16,449000,449500,428500,431000,648235,43.96
2026-01-19,431500,462500,430000,457500,761480,43.95
2026-01-20,461000,474000,439000,451000,531236,43.89
2026-01-21,435500,491000,434500,487500,1202269,43.76
2026-01-22,497000,499500,451500,453500,1272206,43.39
2026-01-23,447000,466500,444000,457500,637298,43.57
2026-01-26,460500,476000,456000,465500,523224,43.61
2026-01-27,441500,467000,439000,460000,529631,43.65
2026-01-28,466000,468250,446000,447000,586775,43.55
2026-01-29,450500,460500,446500,457000,677223,43.5
2026-01-30,450500,456000,443500,449000,389855,43.52
2026-02-02,440000,455500,432000,436000,404323,43.59
2026-02-03,435000,447000,429500,444500,361268,43.49
2026-02-04,447000,455000,442000,448500,287368,43.44
2026-02-05,436500,447000,426000,433500,326087,43.52
2026-02-06,417500,426000,406000,426000,365979,43.54
2026-02-09,437000,438000,428000,435000,244335,43.5
2026-02-10,446000,448000,434000,437000,219665,43.5
2026-02-11,438500,447500,434500,446000,312230,43.48
2026-02-12,443000,446000,436000,446000,314889,43.47
2026-02-13,440000,445500,434000,435000,274054,43.44
2026-02-19,437000,445500,433000,440500,297467,43.45
2026-02-20,441000,446500,439500,443000,223694,43.47
2026-02-23,447000,455500,441500,445500,277449,43.48
2026-02-24,446000,453000,441500,453000,297925,43.49
2026-02-25,457000,475000,452500,469500,712489,43.41
2026-02-26,488000,531000,481500,529000,908063,43.57
2026-02-27,507000,531000,492500,517000,1070764,43.23
2026-03-03,512000,520000,467000,468500,568767,43.22
2026-03-04,437500,450500,387500,399000,595147,43.26
2026-03-05,439500,441500,422500,432000,474443,43.25
2026-03-06,423500,451000,422500,444000,449828,43.27
2026-03-09,402500,412000,393500,409000,421928,43.27
2026-03-10,431000,435000,414000,423000,277816,43.19
2026-03-11,443000,447000,419500,423000,326398,43.1
2026-03-12,415000,419500,403500,414500,389077,43.0
2026-03-13,399000,412500,398500,404000,267460,42.96
2026-03-16,400500,405000,392000,401000,177548,42.98
2026-03-17,413500,420000,410500,412500,166536,42.97
2026-03-18,420500,431000,419000,430000,210557,42.91
2026-03-19,414000,419500,411000,413000,177528,42.86
2026-03-20,414500,415000,400500,400500,357334,42.75
2026-03-23,379500,387000,372000,381000,295324,42.82
2026-03-24,397500,397500,382500,392500,236563,42.81
2026-03-25,400000,403000,395500,402000,226151,42.79
2026-03-26,402000,402000,393500,398500,198857,42.8
2026-03-27,388000,411000,385500,408500,298310,42.88
2026-03-30,383500,400000,380000,398000,198668,42.9
2026-03-31,387500,391500,376500,378000,334294,42.89
2026-04-01,397000,410000,389500,409000,305094,42.9
2026-04-02,413500,414000,384000,389500,194342,42.95
2026-04-03,395000,400500,385000,388500,163868,43.0
2026-04-06,388500,395500,383500,388500,157756,43.03
2026-04-07,389000,391000,384000,390000,190610,43.1
2026-04-08,409000,411000,397000,407000,333379,43.1
2026-04-09,408000,414500,398500,401500,270996,43.16
2026-04-10,406500,408000,398500,402500,255234,43.22
2026-04-13,391500,392500,386500,391500,222824,43.25
2026-04-14,403000,410000,400500,405000,166665,43.3
2026-04-15,422000,424000,410500,415500,284353,43.34
2026-04-16,427000,432000,423500,427000,266959,43.35
2026-04-17,433500,433500,422500,427000,174151,43.35
2026-04-20,426500,428000,418500,420000,198799,43.38
2026-04-21,427000,452000,424500,447000,330317,43.44
2026-04-22,447500,457500,443000,456500,300701,43.45
2026-04-23,472000,472000,441000,442500,407394,43.38
2026-04-24,442500,443000,419000,422500,436579,43.25
2026-04-27,426500,438500,422500,432500,326092,43.29
2026-04-28,439500,456500,434500,447000,316712,43.32
2026-04-29,447500,451500,437000,439000,229251,43.24
2026-04-30,438500,443000,425000,425000,317288,43.16
2026-05-04,431500,435000,428000,431500,211193,43.21
2026-05-06,431500,441500,427000,432500,379661,43.24
2026-05-07,449000,459000,436500,441500,376034,43.23
2026-05-08,458500,547000,447000,509000,1579602,43.23
2026-05-11,535000,588000,520000,553000,1085217,42.93
2026-05-12,595000,607000,525000,548000,1301498,42.48
2026-05-13,564000,677000,555000,649000,1750264,42.23
2026-05-14,680000,687000,644000,650000,1177293,41.58
2026-05-15,671000,685000,610000,629000,1010628,41.41
2026-05-18,612000,620000,562000,571000,947011,41.12
2026-05-19,572000,575000,509000,525000,908666,41.05
2026-05-20,532000,561000,515000,535000,964849,40.65
2026-05-21,571000,680000,565000,670000,1334364,40.48
2026-05-22,654000,663000,619000,646000,991976,39.98
2026-05-26,675000,688000,640000,664000,870942,39.63
2026-05-27,661000,712000,648000,688000,1501583,39.14
2026-05-28,739000,749000,653000,686000,1660889,38.38
2026-05-29,712000,795000,706000,768000,1963281,38.16
2026-06-01,770000,822000,742000,761000,1822258,37.54
2026-06-02,763000,775000,698000,759000,1212449,37.38
2026-06-04,721000,778000,713000,748000,788548,37.22
2026-06-05,708000,723000,665000,697000,935096,37.05
2026-06-08,605000,642000,602000,612000,773309,37.06
2026-06-09,630000,636000,560000,595000,1196958,36.88
2026-06-10,586000,620000,545000,570000,748496,36.92
2026-06-11,542000,583000,534000,576000,590857,36.79
2026-06-12,615000,648000,605000,607000,936211,36.8
2026-06-15,637000,647000,621000,640000,515561,36.68
2026-06-16,654000,686000,635000,660000,501325,36.63
2026-06-17,651000,651000,626000,631000,308035,36.59
2026-06-18,624000,627000,599000,603000,421462,36.66
2026-06-19,603000,659000,592000,612000,902462,36.72
2026-06-22,599000,600000,568000,569000,438282,36.67
2026-06-23,572000,572000,509000,510000,655186,36.81
2026-06-24,520000,522000,496000,509000,522174,36.84
2026-06-25,529000,533000,508000,513000,406638,36.88
2026-06-26,501000,510000,463000,486500,494414,36.97
2026-06-29,480000,508000,462500,502000,499087,36.93
2026-06-30,516000,516000,493500,500000,317486,36.87
