date,open,high,low,close,volume,foreign_ownership_ratio
2016-07-01,49557,50168,48487,48539,429950,13.5
2016-07-04,49046,49912,48894,49862,480737,13.82
2016-07-05,50116,52357,49352,52256,1047519,14.55
2016-07-06,51951,53479,51543,53174,749977,14.88
2016-07-07,53580,54191,52867,53479,391113,15.13
2016-07-08,53376,53988,52969,53683,305699,15.2
2016-07-11,54700,57043,54598,55821,698595,15.45
2016-07-12,55924,55924,54599,55924,410943,15.6
2016-07-13,56025,56126,54599,54803,387586,15.7
2016-07-14,55108,56126,55006,55924,245372,15.73
2016-07-15,55821,55821,54599,54803,257426,15.74
2016-07-18,54599,54599,53479,53887,324275,15.79
2016-07-19,53885,54598,53580,53784,143966,15.84
2016-07-20,53681,55718,53172,55312,281654,15.9
2016-07-21,55311,55820,54802,55414,207474,15.87
2016-07-22,55108,55312,54292,54803,218238,15.8
2016-07-25,54497,55209,54293,54497,115040,15.8
2016-07-26,54191,55617,54089,55007,183899,15.76
2016-07-27,55107,55311,54293,54701,165054,15.65
2016-07-28,55515,55617,54395,54803,268752,15.66
2016-07-29,54905,55414,53682,55109,252745,15.7
2016-08-01,56942,60100,56433,59082,1052567,15.9
2016-08-02,59284,59589,58367,59183,452398,16.0
2016-08-03,58673,60813,58368,60508,420332,16.17
2016-08-04,59997,61526,59284,60304,664499,16.5
2016-08-05,60608,62951,60302,62646,636420,16.96
2016-08-08,63155,64174,61729,63462,493107,17.14
2016-08-09,63563,63563,62442,62749,372834,17.37
2016-08-10,62442,63257,61219,61526,465031,17.65
2016-08-11,61729,62443,60812,62443,310530,17.76
2016-08-12,62339,62339,61321,62137,276762,17.92
2016-08-16,62238,62340,60711,60915,314448,17.97
2016-08-17,60506,61321,59487,61322,281894,18.09
2016-08-18,61221,61526,59997,61221,254008,18.16
2016-08-19,61016,61118,59387,59591,434022,18.18
2016-08-22,59895,61321,59895,60915,303640,18.33
2016-08-23,61322,61322,59590,60304,247275,18.34
2016-08-24,60304,60711,58674,59999,254432,18.41
2016-08-25,60506,60609,59284,59387,151935,18.43
2016-08-26,59080,59284,57043,57757,485046,18.55
2016-08-29,57552,60403,56940,60201,406168,18.79
2016-08-30,60099,62645,59997,62239,519832,19.02
2016-08-31,62341,62850,61729,62749,326115,19.07
2016-09-01,62747,63256,61423,62850,316374,19.13
2016-09-02,63257,64683,62442,63971,387716,19.31
2016-09-05,64377,65498,64377,64888,340560,19.44
2016-09-06,64480,65193,63664,63971,300240,19.56
2016-09-07,63970,64072,61729,62341,422645,19.64
2016-09-08,62646,63155,61628,62036,271530,19.73
2016-09-09,61831,62849,60404,61322,391919,19.84
2016-09-12,60201,61627,59997,60405,189715,19.8
2016-09-13,61831,62544,60710,61526,271494,19.83
2016-09-19,62035,63665,61730,62953,405066,20.06
2016-09-20,63054,63155,61118,62749,318505,20.09
2016-09-21,62339,62848,61626,62646,178437,20.11
2016-09-22,63054,63460,62238,63054,287813,20.14
2016-09-23,64582,66109,64275,64582,522729,20.17
2016-09-26,64785,65193,63664,63971,201908,20.15
2016-09-27,63563,64684,62951,64684,287431,20.34
2016-09-28,64684,64684,63664,64175,160230,20.33
2016-09-29,64377,64682,63664,64276,187702,20.28
2016-09-30,64174,65192,63665,64786,240859,20.4
2016-10-04,65091,66620,63155,66620,448914,20.78
2016-10-05,66721,67127,65702,66925,261055,20.83
2016-10-06,66416,67129,66110,66824,176076,20.92
2016-10-07,66618,66720,65192,66008,285098,21.02
2016-10-10,65600,67332,65600,66620,199860,21.09
2016-10-11,66925,67129,65804,66620,197356,21.21
2016-10-12,66618,67127,66109,66925,260242,21.29
2016-10-13,66721,66823,64989,65092,285996,21.29
2016-10-14,65601,67129,64684,66824,330306,21.51
2016-10-17,67230,67230,65498,66925,342416,21.69
2016-10-18,66415,68555,66109,68555,451684,22.04
2016-10-19,69063,69879,68146,68657,305103,22.08
2016-10-20,68758,69471,68248,68962,199516,22.16
2016-10-21,68554,69165,68146,68453,152881,22.24
2016-10-24,67841,68350,65192,65703,471879,22.36
2016-10-25,66109,67229,64988,65804,435895,22.57
2016-10-26,66212,67128,65192,66212,321769,22.73
2016-10-27,66211,66619,64989,65092,300181,22.81
2016-10-28,65192,66517,64377,65295,226232,22.93
2016-10-31,65192,66008,64582,64990,210761,22.97
2016-11-01,62646,62748,50677,51238,3990085,22.76
2016-11-02,51033,51033,46755,49404,3288521,22.74
2016-11-03,49302,51441,48538,50729,1072652,22.69
2016-11-04,50524,51339,47570,49099,958065,22.63
2016-11-07,49402,50064,48537,48945,544955,22.64
2016-11-08,49149,49352,46959,47418,1058471,22.74
2016-11-09,47569,55922,46551,49404,5648626,22.39
2016-11-10,50524,53172,49709,51849,1709595,22.71
2016-11-11,53069,53477,50931,52867,958674,22.87
2016-11-14,51849,55413,51645,55007,932117,23.11
2016-11-15,55311,57246,53885,54599,1154222,23.19
2016-11-16,55311,56738,55006,56229,745432,23.36
2016-11-17,56635,57043,55413,56433,490398,23.4
2016-11-18,56533,56636,54700,56331,684168,23.66
2016-11-21,55719,56636,54700,54803,362497,23.72
2016-11-22,55005,55617,53478,54803,491646,23.85
2016-11-23,54904,55107,53172,53988,449292,23.94
2016-11-24,53478,53988,50422,51442,942292,24.35
2016-11-25,51135,53580,51135,53071,510311,24.74
2016-11-28,53681,53783,51950,53071,440534,24.85
2016-11-29,53070,53172,50727,51645,647966,24.95
2016-11-30,51644,51746,48384,48742,4260186,24.48
2016-12-01,49097,49148,46397,46908,945380,24.66
2016-12-02,46755,46805,42934,43445,1976628,24.13
2016-12-05,42884,43903,41407,42427,1152355,23.88
2016-12-06,42579,43750,42579,43191,820682,23.68
2016-12-07,42883,43546,42527,43241,394025,23.6
2016-12-08,43800,43851,42731,43139,640198,23.48
2016-12-09,43291,43495,42833,43394,358863,23.52
2016-12-12,43852,45583,43342,45533,872608,23.39
2016-12-13,45531,45838,44207,44565,699507,22.79
2016-12-14,44972,46092,44768,45533,677894,22.65
2016-12-15,46143,47008,45583,46551,720300,22.48
2016-12-16,46857,47162,45940,46348,615598,22.17
2016-12-19,46653,46653,45024,45228,427085,22.05
2016-12-20,45482,46654,45329,45381,516455,21.83
2016-12-21,45533,45939,45481,45737,244614,22.02
2016-12-22,45481,45736,44106,44158,482254,21.81
2016-12-23,44156,44971,43851,44514,237773,21.88
2016-12-26,45125,45125,43495,43547,347745,21.84
2016-12-27,43190,44056,43037,43751,278609,21.9
2016-12-28,43698,44513,43545,43801,265671,21.81
2016-12-29,44157,44412,43546,44260,194511,21.83
2017-01-02,44666,45685,44564,45584,327715,21.87
2017-01-03,45481,48435,45431,47825,959511,21.91
2017-01-04,48130,49404,47468,47571,783097,22.34
2017-01-05,48080,48130,47112,48080,337289,22.43
2017-01-06,47824,49301,47518,49149,437386,22.63
2017-01-09,49148,49250,47518,47825,386399,22.54
2017-01-10,47417,47621,46194,47265,363976,22.52
2017-01-11,47569,48690,47518,48385,311775,22.64
2017-01-12,48385,49199,48282,48385,329528,22.71
2017-01-13,48130,48741,47417,48029,316745,22.72
2017-01-16,48028,48232,46959,46959,257950,22.62
2017-01-17,46754,46805,45277,45329,757905,22.13
2017-01-18,45635,46041,45328,45635,279532,22.23
2017-01-19,45328,45991,44870,44922,305218,22.14
2017-01-20,44514,44768,43801,44209,396722,22.16
2017-01-23,44412,45277,44310,44871,188833,22.11
2017-01-24,44718,44870,43801,43904,265348,21.97
2017-01-25,44208,44208,42425,42477,450497,21.81
2017-01-26,42629,43087,41967,42681,259571,21.76
2017-01-31,42527,43087,42069,42477,290287,21.68
2017-02-01,42476,44514,42476,44514,538856,21.8
2017-02-02,45074,45074,43546,43700,340307,21.7
2017-02-03,43750,43750,42273,42427,526930,21.52
2017-02-06,42578,43138,42578,43037,323767,21.58
2017-02-07,42833,43750,42120,43700,318069,21.66
2017-02-08,43800,43851,42477,42477,311059,21.49
2017-02-09,42476,42781,42068,42120,342271,21.43
2017-02-10,42273,42477,40643,40746,746956,21.12
2017-02-13,40745,41866,39930,41510,503989,21.16
2017-02-14,41559,42221,40999,41815,465384,20.9
2017-02-15,42221,42884,42068,42579,370482,20.74
2017-02-16,42323,42476,41662,41866,282932,20.6
2017-02-17,41813,42577,41558,41916,291039,20.53
2017-02-20,43292,43445,42171,42223,570610,20.23
2017-02-21,42375,43037,41916,42427,395083,20.28
2017-02-22,42375,44820,42375,44820,1035077,20.73
2017-02-23,44921,46245,44106,45686,818348,20.75
2017-02-24,45685,45737,44616,45737,505692,20.77
2017-02-27,45736,45838,44666,45177,321003,20.66
2017-02-28,45227,45328,44259,44718,460597,20.49
2017-03-02,44820,45788,44412,45788,538956,20.66
2017-03-03,46296,46296,44616,44820,538494,20.53
2017-03-06,45125,45329,44565,44973,305928,20.57
2017-03-07,44768,46296,44565,46246,485715,20.8
2017-03-08,46500,47111,45379,45686,432504,20.63
2017-03-09,45634,45838,45226,45329,309704,20.79
2017-03-10,45430,46193,44411,45074,434870,20.83
2017-03-13,45226,46856,45124,46755,612120,21.29
2017-03-14,46653,46755,45787,45839,351217,21.17
2017-03-15,45685,45787,44920,45431,231658,21.04
2017-03-16,45940,46755,45431,46603,571225,21.02
2017-03-17,46856,47569,46551,47163,451567,21.11
2017-03-20,47366,47672,46347,46654,358789,21.02
2017-03-21,46907,47009,46245,46297,361272,20.97
2017-03-22,46246,47417,46246,46858,627795,21.12
2017-03-23,47060,49301,46551,49149,1044752,21.29
2017-03-24,49505,50372,48691,49099,697566,21.15
2017-03-27,48894,48945,47570,48029,515744,21.06
2017-03-28,48333,48843,48028,48589,362065,21.12
2017-03-29,48588,48639,47162,47723,591488,21.03
2017-03-30,47570,47876,46908,47622,339896,20.97
2017-03-31,47671,48996,47671,47978,409814,21.08
2017-04-03,49504,50218,48741,48945,621083,20.97
2017-04-04,48639,49352,48028,48793,318738,20.91
2017-04-05,48995,48995,47672,47876,488230,20.92
2017-04-06,47569,49199,47518,48385,465061,21.17
2017-04-07,47977,48638,47977,48436,272136,21.3
2017-04-10,48791,50014,48588,49709,708942,21.47
2017-04-11,49811,49811,48435,49506,486618,21.47
2017-04-12,49555,49759,48537,48589,339285,21.41
2017-04-13,48436,48640,48131,48539,397285,21.4
2017-04-14,48690,49351,48333,48385,323367,21.45
2017-04-17,48181,48333,47518,47876,325224,21.37
2017-04-18,47875,48741,47569,48589,330823,21.41
2017-04-19,48639,50371,48436,50117,950416,22.06
2017-04-20,50372,51441,49913,50372,640568,22.21
2017-04-21,50828,50828,49504,49862,430899,22.21
2017-04-24,49913,52153,49913,51034,995280,22.72
2017-04-25,51033,51746,50727,51645,429441,22.89
2017-04-26,51542,52561,51236,52256,457479,23.02
2017-04-27,52255,54700,51848,54090,1154663,23.23
2017-04-28,54395,54395,52256,52970,575627,23.27
2017-05-02,52867,52968,51237,51645,400541,23.32
2017-05-04,51441,52561,51441,51849,276872,23.32
2017-05-08,51950,52562,51542,52562,378025,23.57
2017-05-10,52764,53783,51644,51645,495383,23.51
2017-05-11,52052,52662,51644,52256,334949,23.54
2017-05-12,51848,52662,51644,52460,183725,23.58
2017-05-15,52765,52866,51848,52256,137762,23.58
2017-05-16,52052,52154,50728,51442,339780,23.63
2017-05-17,51033,51135,48486,49404,853490,23.49
2017-05-18,48792,50014,48690,49404,288981,23.48
2017-05-19,49505,50626,49301,50321,286179,23.62
2017-05-22,50676,50779,49403,49557,266271,23.6
2017-05-23,49760,49811,48588,48742,452235,23.47
2017-05-24,48945,49607,48741,48844,373082,23.37
2017-05-25,49250,50218,48996,50168,492178,23.43
2017-05-26,50371,51848,49607,51747,527745,23.64
2017-05-29,52255,52255,50422,50626,331553,23.57
2017-05-30,51032,51541,50574,51339,225131,23.61
2017-05-31,50931,51338,50677,50881,261567,23.57
2017-06-01,50523,51033,49759,50117,294438,23.55
2017-06-02,49963,50167,49403,50117,396271,23.71
2017-06-05,50320,50626,49506,50474,285847,23.93
2017-06-07,49964,50117,49556,49608,311419,23.95
2017-06-08,49912,49912,48741,49149,492723,24.14
2017-06-09,49200,49301,47519,47622,863310,24.16
2017-06-12,47926,47926,46245,47010,732870,24.35
2017-06-13,47009,48231,46957,47468,463069,24.4
2017-06-14,47467,47875,46907,47010,359029,24.48
2017-06-15,47061,47061,45380,45839,473836,24.49
2017-06-16,46041,46500,45735,45991,231921,24.36
2017-06-19,46042,46296,45023,45126,322538,24.55
2017-06-20,45023,45329,43801,43904,456695,24.54
2017-06-21,43698,46042,43698,45533,528351,24.66
2017-06-22,45685,45685,44411,45329,277547,24.64
2017-06-23,45125,46296,45125,46246,242353,24.72
2017-06-26,46296,46347,45226,45737,192674,24.74
2017-06-27,45838,47060,45533,46654,303032,24.61
2017-06-28,46652,46703,45888,46246,148922,24.55
2017-06-29,46754,46754,46143,46297,155379,24.6
2017-06-30,46245,46245,45175,45329,224975,24.62
2017-07-03,45787,45787,44819,45431,140172,24.62
2017-07-04,45430,45786,44309,44361,361919,24.55
2017-07-05,44361,45380,44361,45126,279237,24.7
2017-07-06,45431,46041,45176,45635,235304,24.76
2017-07-07,45379,45481,44616,44820,219885,24.7
2017-07-10,44921,45533,44157,44260,183836,24.66
2017-07-11,44005,44361,43393,43904,256924,24.72
2017-07-12,43852,44565,43292,43496,221943,24.7
2017-07-13,43495,44056,43444,43751,189023,24.81
2017-07-14,43596,43953,40235,40949,828604,24.67
2017-07-17,40033,40745,38912,40033,793385,24.76
2017-07-18,39827,40490,39369,39421,469158,24.58
2017-07-19,39930,40846,39878,40389,596741,24.29
2017-07-20,40643,41152,39980,40134,422278,23.99
2017-07-21,40185,40541,39777,40389,345607,23.9
2017-07-24,40540,40591,40031,40439,229557,23.71
2017-07-25,40643,41000,40592,40746,293276,23.53
2017-07-26,41151,41610,40438,40694,506864,23.17
2017-07-27,40999,41203,40541,41153,247579,23.04
2017-07-28,40796,41152,40542,40542,313596,22.93
2017-07-31,41049,41406,40336,40643,277479,22.8
2017-08-01,40642,40846,40387,40694,229898,22.69
2017-08-02,40795,40898,38605,39116,637943,22.44
2017-08-03,39115,39369,36211,36569,1409777,22.23
2017-08-04,36619,38606,36467,38352,827765,22.34
2017-08-07,38606,40287,38606,39778,540868,22.29
2017-08-08,39827,40132,38859,39726,443106,22.28
2017-08-09,39930,40235,39217,40033,400204,22.05
2017-08-10,40286,40948,39624,40338,564759,21.74
2017-08-11,40337,40948,39318,39625,403433,21.56
2017-08-14,39318,39674,37790,38708,439269,21.41
2017-08-16,39574,40898,39574,40237,622711,21.36
2017-08-17,39778,40083,39319,39778,336973,21.3
2017-08-18,40235,42272,40082,41611,1042738,21.34
2017-08-21,40185,41152,38911,39269,1267020,20.96
2017-08-22,39624,39777,38911,39676,342142,20.9
2017-08-23,39879,40439,39370,40033,329764,21.09
2017-08-24,39726,39930,39217,39320,306797,21.09
2017-08-25,38299,39166,37892,38810,580754,21.06
2017-08-28,39216,39980,39012,39930,313851,21.16
2017-08-29,40388,40591,39421,39625,376245,21.08
2017-08-30,39726,40285,39623,39726,250672,21.17
2017-08-31,39725,39929,39523,39523,277502,21.28
2017-09-01,39522,40235,39267,39370,244503,21.27
2017-09-04,39878,40337,38708,38708,457580,21.06
2017-09-05,39115,39115,38198,38606,239178,21.03
2017-09-06,38554,38757,37280,37536,437502,20.92
2017-09-07,37485,38504,37435,38403,287735,20.9
2017-09-08,38249,38758,38097,38556,222146,20.98
2017-09-11,38605,39318,38605,38912,248930,21.0
2017-09-12,39013,39216,38300,38759,182788,21.0
2017-09-13,38504,38656,37943,38199,239677,21.07
2017-09-14,38299,38657,38198,38657,190415,21.06
2017-09-15,38810,39115,38198,38301,222208,21.01
2017-09-18,38199,38352,37740,37843,234511,21.07
2017-09-19,37841,38300,37790,38148,214975,21.18
2017-09-20,37892,38147,37179,37333,355674,21.22
2017-09-21,36924,37994,36466,36518,426127,21.35
2017-09-22,36568,36670,34480,34634,797605,20.98
2017-09-25,34938,34989,33308,33360,571533,20.94
2017-09-26,32798,34327,32798,33818,330293,21.05
2017-09-27,33614,33919,33103,33614,265534,20.93
2017-09-28,33360,33665,33002,33360,240096,20.9
2017-09-29,33359,34377,33307,33818,291558,20.96
2017-10-10,34275,34938,33614,34786,412324,20.82
2017-10-11,34887,35244,34225,34990,358514,20.9
2017-10-12,35039,35192,34174,34582,454196,20.62
2017-10-13,34225,34327,33461,33768,401758,20.52
2017-10-16,33513,34073,33513,33972,229327,20.46
2017-10-17,33919,34275,33817,34073,242500,20.34
2017-10-18,34073,35091,33971,34685,372154,20.21
2017-10-19,35601,38809,35498,38759,1434794,20.49
2017-10-20,38758,38809,37689,37893,664672,20.37
2017-10-23,38147,38147,36466,36722,459419,20.28
2017-10-24,36926,37231,36263,36926,358572,20.18
2017-10-25,37026,37638,36262,37333,359587,19.9
2017-10-26,37179,38503,37179,37893,402600,19.85
2017-10-27,37944,40491,37944,39982,1147281,20.55
2017-10-30,39267,39675,38911,39370,448654,20.52
2017-10-31,39116,40439,38962,39116,540881,20.67
2017-11-01,39419,40184,39165,39930,572463,21.0
2017-11-02,39930,39930,39268,39676,257297,21.07
2017-11-03,39625,40134,39318,39829,378667,21.35
2017-11-06,39114,40999,38962,40898,933785,21.48
2017-11-07,40898,41152,40184,40898,508711,21.43
2017-11-08,41661,42425,40948,41255,750609,21.35
2017-11-09,41712,42272,40847,40847,439075,21.45
2017-11-10,40542,40542,38657,39269,725552,21.16
2017-11-13,39319,39319,37790,38097,508969,20.86
2017-11-14,37995,38197,37077,37995,586912,20.83
2017-11-15,38199,38249,36823,36926,438721,20.73
2017-11-16,37433,37943,37178,37689,312789,20.66
2017-11-17,37994,37994,37077,37485,323858,20.51
2017-11-20,38198,38657,37587,37639,422380,20.22
2017-11-21,37688,37943,36466,36518,476174,20.05
2017-11-22,36620,37026,35906,36620,346828,20.06
2017-11-23,36670,37129,36620,36824,178295,20.08
2017-11-24,37078,37129,36568,36824,198737,20.05
2017-11-27,36620,37180,36263,36366,249902,19.98
2017-11-28,36467,36517,35855,35958,296274,19.84
2017-11-29,36415,36415,35805,35805,171228,19.78
2017-11-30,35957,35957,35499,35907,301593,19.77
2017-12-01,35907,35907,34633,34685,632430,19.42
2017-12-04,34785,34837,34326,34837,242700,19.34
2017-12-05,34836,35447,34428,35295,346100,19.1
2017-12-06,35295,35448,34633,34685,411514,18.57
2017-12-07,34888,34939,34175,34634,295359,18.39
2017-12-08,34632,34734,34123,34175,225186,18.28
2017-12-11,34022,35295,34022,34889,222868,18.3
2017-12-12,34785,36822,34785,36263,733968,18.62
2017-12-13,36670,36874,36161,36620,293370,18.72
2017-12-14,36517,36670,35958,35958,335542,18.71
2017-12-15,36110,36568,35907,36366,295602,18.79
2017-12-18,36366,36568,35907,36366,216362,18.78
2017-12-19,36364,36671,35142,35398,303421,18.68
2017-12-20,35447,36109,35294,35550,219466,18.71
2017-12-21,36109,36823,35651,35907,373501,18.69
2017-12-22,36007,36110,34734,34837,309891,18.46
2017-12-26,35091,35091,34633,34889,212468,18.41
2017-12-27,34735,34889,34226,34889,180102,17.91
2017-12-28,34887,36414,34887,36212,362892,18.04
2018-01-02,36669,37230,36262,37180,348810,18.3
2018-01-03,37281,37382,36772,37180,283907,18.28
2018-01-04,37281,37281,36771,37129,231499,18.48
2018-01-05,37383,37892,36262,36518,334857,18.41
2018-01-08,36517,36721,35549,35703,351020,18.29
2018-01-09,35752,36414,35447,36008,353267,18.35
2018-01-10,36109,36466,35498,35550,498520,18.22
2018-01-11,35652,35753,35091,35347,377604,18.41
2018-01-12,35295,35652,34378,34430,722833,18.14
2018-01-15,34326,34734,33665,33869,544838,17.82
2018-01-16,33613,34124,33206,34124,672499,17.33
2018-01-17,33970,34174,33564,33768,489727,17.09
2018-01-18,33716,34429,33716,34328,422024,17.02
2018-01-19,34327,34428,33818,34022,275547,17.04
2018-01-22,34225,34225,33512,33666,495677,16.77
2018-01-23,33766,34123,33614,34022,327844,16.77
2018-01-24,33664,34123,33614,34022,378253,16.59
2018-01-25,33970,33970,33564,33768,448153,16.29
2018-01-26,33817,34937,33767,34735,781054,16.36
2018-01-29,35142,35193,34734,34837,473988,16.2
2018-01-30,34938,35243,34428,34582,460029,16.04
2018-01-31,34633,34887,34021,34277,450384,15.74
2018-02-01,34378,34531,33919,34277,271130,15.73
2018-02-02,34225,35243,33461,33564,1198253,15.31
2018-02-05,33104,33207,31985,31985,1008856,14.65
2018-02-06,30761,31271,30354,30915,762872,14.3
2018-02-07,31271,31525,30406,30406,499952,14.15
2018-02-08,30405,30812,29692,29846,592006,13.94
2018-02-09,29031,29286,28674,28777,563498,13.84
2018-02-12,28673,28826,27298,27910,1039059,13.97
2018-02-13,28011,28775,27654,27757,537932,14.02
2018-02-14,27757,28215,27654,28165,291020,14.0
2018-02-19,28470,29438,28470,29337,371217,14.09
2018-02-20,29335,29488,28775,28878,247597,14.06
2018-02-21,29182,29182,28572,28980,185153,13.92
2018-02-22,28928,29437,28470,28674,305835,13.95
2018-02-23,28929,29183,28674,28777,233040,13.87
2018-02-26,29284,30710,29182,30100,798979,13.92
2018-02-27,30354,30354,29284,29438,505367,13.62
2018-02-28,29234,30150,29030,29693,371423,13.6
2018-03-02,29539,29539,28216,28420,621997,13.12
2018-03-05,28368,28775,27960,28012,225201,13.13
2018-03-06,28266,28367,27858,28266,232046,13.0
2018-03-07,28214,28622,27654,28470,485869,12.83
2018-03-08,28470,29132,28470,29082,439055,12.72
2018-03-09,28979,29437,28571,28827,349991,12.76
2018-03-12,29081,30048,28674,29846,462337,12.97
2018-03-13,29844,30252,29437,30151,356337,12.91
2018-03-14,29947,29998,29489,29693,238864,12.92
2018-03-15,29540,30201,29081,29999,230431,12.89
2018-03-16,30049,30252,29641,29795,216682,12.82
2018-03-19,29794,29998,29336,29744,221531,12.92
2018-03-20,29284,29743,29284,29591,272321,12.82
2018-03-21,29335,31169,29335,30864,725421,13.26
2018-03-22,30915,30966,30202,30610,357204,13.14
2018-03-23,29947,30405,29539,29591,381629,13.08
2018-03-26,29539,29947,28928,29082,202785,13.04
2018-03-27,29284,30201,29183,29642,375783,12.86
2018-03-28,29131,29539,29131,29234,227401,12.93
2018-03-29,29131,29539,28927,29438,236014,12.83
2018-03-30,29488,30201,29386,30151,201874,12.99
2018-04-02,29997,30353,29029,29183,362483,12.87
2018-04-03,28827,29540,28724,29031,273349,12.89
2018-04-04,29182,29233,27909,28012,506635,12.86
2018-04-05,28215,28470,28011,28114,195482,12.82
2018-04-06,28114,28419,27960,28114,181133,12.83
2018-04-09,28011,28571,28011,28165,176959,12.82
2018-04-10,28062,28113,27247,27401,374928,12.67
2018-04-11,27451,27807,27349,27401,285962,12.71
2018-04-12,27451,27809,27298,27809,377735,12.76
2018-04-13,27706,27961,27400,27452,220076,12.66
2018-04-16,27654,27807,26839,26993,366342,12.72
2018-04-17,26993,27248,26840,26943,206497,12.7
2018-04-18,26942,27400,26942,27146,288810,12.76
2018-04-19,27044,27096,26128,26587,610595,12.67
2018-04-20,26330,26840,25974,26688,368192,12.67
2018-04-23,26483,26635,25617,25669,589200,12.5
2018-04-24,25617,25923,25057,25873,449266,12.72
2018-04-25,25718,26025,25413,25516,307981,12.75
2018-04-26,25566,26839,25362,26637,459336,12.93
2018-04-27,26688,26943,26280,26587,370190,12.89
2018-04-30,26228,26280,24395,24549,1100821,12.82
2018-05-02,24294,24294,23377,23785,829774,12.79
2018-05-03,23682,24650,23631,24345,550511,12.73
2018-05-04,24242,26483,23885,26433,1414389,13.05
2018-05-08,26484,28979,26484,28165,1650274,13.54
2018-05-09,27756,29896,26890,29591,1482228,13.52
2018-05-10,29285,31016,28979,30050,1230361,13.87
2018-05-11,30048,30507,29335,29642,662593,13.88
2018-05-14,29640,29997,29131,29234,384503,13.77
2018-05-15,29132,29641,28316,28623,904637,13.82
2018-05-16,28877,29539,28164,28623,556074,13.87
2018-05-17,28470,29080,28214,28470,341354,14.11
2018-05-18,28775,29845,28674,29795,521532,14.25
2018-05-21,30100,30100,28827,29031,381078,14.29
2018-05-23,28775,29234,27910,28878,328510,14.32
2018-05-24,28724,29437,28317,29438,380514,14.2
2018-05-25,30812,31373,28419,29133,1561106,13.34
2018-05-28,28368,30202,28062,29897,744083,13.24
2018-05-29,29896,33919,29642,33513,2872294,14.71
2018-05-30,33156,33768,32443,32495,959743,14.39
2018-05-31,32493,34786,32188,33768,4642517,13.4
2018-06-01,34174,34225,32952,34073,861912,13.06
2018-06-04,33867,34734,32901,32901,771824,12.76
2018-06-05,32952,33410,31883,32087,495621,12.77
2018-06-07,32240,33563,31730,32444,607929,12.55
2018-06-08,32595,33359,32188,32647,432274,12.44
2018-06-11,32494,32698,30967,30967,546343,12.35
2018-06-12,31271,31984,31067,31374,365668,12.43
2018-06-14,32035,32035,29999,29999,596697,12.49
2018-06-15,29743,31627,29743,31170,437907,12.43
2018-06-18,31271,31424,29133,29337,427646,12.31
2018-06-19,29335,29844,28878,28878,225003,12.49
2018-06-20,28623,29132,27655,27809,477871,12.35
2018-06-21,27808,28012,26228,26739,545364,12.38
2018-06-22,26330,26890,25617,26076,392854,12.57
2018-06-25,26381,26686,25617,26076,355536,12.42
2018-06-26,25719,26280,25413,25771,239593,12.14
2018-06-27,25566,26075,24700,24752,511428,12.11
2018-06-28,24547,24700,23682,23886,685026,11.73
2018-06-29,23987,24140,23478,23886,309266,11.87
2018-07-02,24192,24192,22460,22919,489637,11.67
2018-07-03,22918,23529,22510,22868,275366,11.96
2018-07-04,22817,23427,22613,23021,150026,12.0
2018-07-05,22816,22918,21644,22002,620486,11.78
2018-07-06,22051,22562,21899,22562,295597,11.71
2018-07-09,22765,23580,22511,23479,334618,11.64
2018-07-10,23631,23682,23223,23530,218006,11.54
2018-07-11,23631,24243,23122,23225,353050,11.4
2018-07-12,23427,23580,22612,22664,424298,11.27
2018-07-13,22765,23274,22409,22817,348359,11.36
2018-07-16,22816,23733,22816,23479,328325,11.39
2018-07-17,23529,24140,23224,23683,285529,11.32
2018-07-18,23326,24191,23274,23530,359791,11.07
2018-07-19,23581,23631,22409,22512,333653,10.93
2018-07-20,22204,24496,22102,23835,601862,11.04
2018-07-23,23988,24956,23275,23429,538687,11.04
2018-07-24,23529,23835,23173,23581,256077,11.07
2018-07-25,23631,23734,23021,23225,189006,11.09
2018-07-26,23427,23427,22816,22868,237634,11.01
2018-07-27,23071,23071,22306,22817,286097,10.95
2018-07-30,22714,23477,22663,23275,204224,11.06
2018-07-31,23275,23326,22612,22970,306864,10.92
2018-08-01,23173,23835,22918,23785,347466,11.11
2018-08-02,23733,23733,22918,23021,229760,11.01
2018-08-03,23122,23682,23071,23683,231404,10.99
2018-08-06,23631,23886,23020,23174,269521,10.93
2018-08-07,23020,23173,22765,23072,126712,10.91
2018-08-08,22968,23324,22918,23122,157558,10.94
2018-08-09,22917,23071,22612,22715,248247,10.92
2018-08-10,22765,22969,22612,22919,122902,10.99
2018-08-13,23223,24039,22766,22766,431333,10.93
2018-08-14,22817,23988,22817,23938,363974,11.06
2018-08-16,23681,23988,23172,23479,278458,11.04
2018-08-17,23529,23885,23427,23479,156121,11.13
2018-08-20,23783,24802,23732,24090,456027,11.09
2018-08-21,24191,24548,23987,24498,222954,11.18
2018-08-22,24396,25466,24243,25110,423208,11.28
2018-08-23,25108,25260,24191,24294,277971,11.19
2018-08-24,24345,25007,23988,24906,267432,11.29
2018-08-27,24955,25210,24497,24549,183544,11.31
2018-08-28,24650,25923,24598,25873,516183,11.56
2018-08-29,26025,26891,25771,26332,453744,11.55
2018-08-30,26433,26840,25975,26383,309382,11.69
2018-08-31,26382,26382,25363,25466,363640,11.54
2018-09-03,25515,26228,25260,26076,312492,11.48
2018-09-04,26076,26330,25617,25924,215305,11.39
2018-09-05,25771,26229,25465,25619,264234,11.41
2018-09-06,25668,26229,25516,25975,257195,11.35
2018-09-07,26280,27451,25974,27401,552636,11.62
2018-09-10,27503,28012,27044,27503,357354,11.52
2018-09-11,27400,27756,26840,27554,252422,11.57
2018-09-12,27502,27604,26687,26943,289033,11.68
2018-09-13,26941,27246,26788,27044,194789,11.7
2018-09-14,27350,27553,26993,27096,170642,11.67
2018-09-17,27094,27654,26687,27452,206004,11.69
2018-09-18,27298,27654,27043,27197,159089,11.66
2018-09-19,27043,27399,25922,26280,303516,11.68
2018-09-20,26228,27195,25922,26993,281527,11.78
2018-09-21,27248,27451,26739,26739,245916,11.7
2018-09-27,27145,29386,27094,29234,917982,12.0
2018-09-28,26992,27502,25414,25873,1449252,11.57
2018-10-01,25922,26126,25413,25516,275213,11.39
2018-10-02,25514,26991,25514,26789,588413,11.53
2018-10-04,26993,28522,26789,28522,607148,11.68
2018-10-05,28062,29590,27909,29489,651250,11.77
2018-10-08,29437,29998,29030,29489,428906,11.78
2018-10-10,29640,30099,28571,29234,345306,11.97
2018-10-11,28062,29335,27604,28165,446673,11.97
2018-10-12,27706,28928,27654,28165,411275,11.86
2018-10-15,27909,29641,27909,28623,512551,11.9
2018-10-16,28928,29335,28571,28878,275704,11.76
2018-10-17,29183,29489,28776,29337,221679,11.68
2018-10-18,29183,30813,28775,29031,704431,11.63
2018-10-19,28775,29845,28724,29591,239636,11.68
2018-10-22,29539,30050,28775,30050,302345,11.8
2018-10-23,30048,30252,29233,29591,320052,11.71
2018-10-24,29844,30965,29692,30355,587859,11.93
2018-10-25,29793,30965,29335,30864,530531,11.87
2018-10-26,31068,31118,29795,29999,375964,11.86
2018-10-29,30200,31016,29131,29234,463335,12.15
2018-10-30,28622,29539,27603,28878,525209,12.45
2018-10-31,28928,29386,28164,28980,377234,12.47
2018-11-01,29080,29131,27195,27706,608886,12.55
2018-11-02,27960,29641,27756,29387,347904,12.74
2018-11-05,29335,30965,28979,30864,437264,12.68
2018-11-06,31068,32596,31016,32291,673484,12.89
2018-11-07,32391,33003,30914,31272,518398,13.06
2018-11-08,31780,32443,31628,32087,381240,13.11
2018-11-09,31830,32849,31830,32137,313420,13.22
2018-11-12,32340,33054,32035,32698,253947,13.2
2018-11-13,32392,33462,31985,33412,452825,13.33
2018-11-14,33105,35448,33105,35347,1104758,14.07
2018-11-15,35344,35344,32697,32901,974220,13.88
2018-11-16,33053,33970,32951,33309,376594,14.06
2018-11-19,33308,34276,33054,34226,298094,14.17
2018-11-20,33766,34531,33511,34531,302566,14.16
2018-11-21,34021,34327,33512,34277,212071,14.07
2018-11-22,34276,34531,32392,33513,401740,14.03
2018-11-23,33309,33512,32341,32800,276506,14.14
2018-11-26,32901,34836,32901,34634,338388,14.1
2018-11-27,34633,34785,33308,33360,314575,14.05
2018-11-28,33716,35040,33716,34328,565412,14.39
2018-11-29,34683,34734,33206,33258,371603,14.33
2018-11-30,33359,33817,32798,33054,242937,14.41
2018-12-03,33104,33410,32136,32392,407167,14.44
2018-12-04,32391,33104,32391,32698,200702,14.44
2018-12-05,32391,33054,32086,32749,139106,14.46
2018-12-06,32595,33868,32595,33666,440602,14.39
2018-12-07,33665,33919,32341,32800,253722,14.25
2018-12-10,32188,33105,32137,32240,164949,14.4
2018-12-11,32238,32850,31780,32341,136005,14.46
2018-12-12,32392,32545,31984,32291,183666,14.35
2018-12-13,32289,33002,32086,32545,294217,14.39
2018-12-14,32594,32849,31984,32392,149372,14.47
2018-12-17,32442,32798,32034,32341,155173,14.47
2018-12-18,32493,34632,32493,33614,522576,14.53
2018-12-19,33869,33869,32799,33157,237339,14.44
2018-12-20,33206,34276,32646,33717,211452,14.43
2018-12-21,33818,34022,32901,34022,245456,14.26
2018-12-24,33716,34072,33308,33360,159556,14.31
2018-12-26,32952,33359,31424,32189,339540,14.25
2018-12-27,32594,33257,32238,33105,174365,14.55
2018-12-28,33155,33715,32901,33105,165519,14.42
2019-01-02,33003,33716,33003,33564,138142,14.41
2019-01-03,33307,35192,33257,34582,621625,14.8
2019-01-04,34836,35855,34072,35703,573130,14.95
2019-01-07,35601,35601,34022,34889,451466,14.86
2019-01-08,35091,35295,34327,34481,194118,14.81
2019-01-09,34531,34938,34021,34277,239222,14.85
2019-01-10,34022,34226,33717,33717,270295,14.77
2019-01-11,33666,33818,32545,33412,340739,14.69
2019-01-14,33512,33512,32646,32749,212288,14.6
2019-01-15,32493,33716,32493,33360,214388,14.62
2019-01-16,33308,34123,33257,33869,169709,14.56
2019-01-17,33766,33920,32647,32647,239030,14.53
2019-01-18,32799,33003,30659,31170,723361,14.61
2019-01-21,31271,32137,31169,32036,262950,14.72
2019-01-22,31984,32188,31372,31679,137204,14.65
2019-01-23,31780,32646,31780,32545,226767,14.72
2019-01-24,33053,33053,31576,31628,243050,14.66
2019-01-25,31474,32341,31474,31832,187122,14.69
2019-01-28,31780,31830,31270,31628,193223,14.65
2019-01-29,31628,31781,31169,31476,149951,14.63
2019-01-30,31882,31882,31220,31832,147437,14.85
2019-01-31,32035,32290,31627,31985,183200,14.84
2019-02-01,31832,31984,31271,31323,213651,14.69
2019-02-07,31373,32239,31220,32087,194987,14.68
2019-02-08,32137,32442,31627,32341,164656,14.74
2019-02-11,32392,33207,32341,32953,186751,14.71
2019-02-12,33003,33003,31933,32291,208403,14.64
2019-02-13,32646,33155,32442,33105,170607,14.67
2019-02-14,33309,33309,32697,33004,168746,14.63
2019-02-15,32901,33512,32646,32953,162879,14.55
2019-02-18,33156,33768,33105,33768,192840,14.65
2019-02-19,33869,33970,33461,33513,122179,14.62
2019-02-20,33512,33767,32697,33258,160859,14.66
2019-02-21,33971,35040,33309,33921,517805,14.67
2019-02-22,33716,34531,33716,33972,246277,14.58
2019-02-25,33970,34428,33817,33869,158687,14.58
2019-02-26,33766,34275,33664,33818,134125,14.58
2019-02-27,33970,34633,33563,34277,224250,14.64
2019-02-28,34480,34480,33308,33564,190732,14.62
2019-03-04,33869,34837,33869,33972,214251,14.69
2019-03-05,33715,34989,33715,34735,308775,14.83
2019-03-06,34734,34734,33715,34073,206178,14.82
2019-03-07,34174,34581,33817,34124,136689,14.82
2019-03-08,34021,34021,32849,33105,186726,14.76
2019-03-11,33002,33562,32392,33360,150815,14.82
2019-03-12,33563,33614,33003,33157,116851,14.81
2019-03-13,33105,33461,32951,33105,112513,14.77
2019-03-14,33155,33307,32747,33105,228103,14.78
2019-03-15,33104,34429,33054,34379,356843,14.94
2019-03-18,34531,35804,34174,35754,565485,15.27
2019-03-19,35958,36059,35142,35449,198288,15.27
2019-03-20,35192,35293,34530,35091,189807,15.22
2019-03-21,34938,35346,33768,33768,298414,15.16
2019-03-22,33817,34938,33410,34582,240847,15.24
2019-03-25,34481,35550,34124,34889,277966,15.23
2019-03-26,35142,35804,34836,34990,196089,15.28
2019-03-27,35345,35345,34428,34786,137709,15.29
2019-03-28,34784,34938,34021,34582,154170,15.33
2019-03-29,34582,35702,34582,35041,187511,15.3
2019-04-01,35448,35957,35091,35856,244363,15.38
2019-04-02,35854,35854,35141,35295,139293,15.38
2019-04-03,35040,35244,34430,34634,253274,15.4
2019-04-04,34633,35041,34022,34685,174143,15.33
2019-04-05,34785,35040,34124,34328,158092,15.23
2019-04-08,34633,34633,33869,33921,137220,15.23
2019-04-09,33767,34175,33512,33666,131075,15.19
2019-04-10,33817,33868,32085,32392,568245,15.06
2019-04-11,32544,32544,31883,32087,395129,14.95
2019-04-12,32240,32240,31628,31731,286771,14.79
2019-04-15,31678,32035,31423,31781,293056,14.7
2019-04-16,31883,31984,31372,31883,196109,14.66
2019-04-17,31933,31933,31423,31577,185077,14.58
2019-04-18,31627,31882,31373,31577,220709,14.46
2019-04-19,31626,31678,31372,31424,129423,14.41
2019-04-22,31933,32341,31475,31527,193521,14.36
2019-04-23,31527,31628,31068,31527,189380,14.37
2019-04-24,31527,32086,31169,31527,245477,14.31
2019-04-25,31424,31679,31169,31323,98643,14.32
2019-04-26,31017,31476,30763,30967,147289,14.39
2019-04-29,30915,31373,30915,31323,110765,14.41
2019-04-30,31476,31781,31118,31476,138662,14.4
2019-05-02,31220,31882,30914,31781,154767,14.43
2019-05-03,31474,31729,31372,31424,132248,14.47
2019-05-07,31526,31781,30813,30967,193885,14.5
2019-05-08,30456,31780,30405,31628,190475,14.52
2019-05-09,31781,32086,31272,31272,354615,14.54
2019-05-10,31373,31730,30863,31221,220918,14.5
2019-05-13,31272,31577,30609,30967,121231,14.46
2019-05-14,30557,31373,30507,31068,176895,14.46
2019-05-15,30863,31424,30404,30915,208810,14.52
2019-05-16,30660,30965,30507,30763,129010,14.48
2019-05-17,30761,31169,30252,30355,195956,14.46
2019-05-20,30456,30660,30099,30406,102344,14.46
2019-05-21,30354,30608,29081,30202,176385,14.37
2019-05-22,30304,32494,29591,32240,428110,14.28
2019-05-23,32240,32800,31679,32444,293928,14.3
2019-05-24,32391,32748,31730,31934,193609,14.3
2019-05-27,31933,32238,31424,31628,118733,14.31
2019-05-28,31476,31832,31272,31476,136670,14.33
2019-05-29,31576,31627,30557,30864,149872,14.34
2019-05-30,30761,31526,30201,30304,234690,14.55
2019-05-31,30405,30609,30099,30457,104378,14.56
2019-06-03,30558,31322,30099,31170,144547,14.57
2019-06-04,31372,31729,31067,31628,114580,14.56
2019-06-05,31526,32137,31322,31985,111863,14.73
2019-06-07,32187,32187,31526,31985,112129,14.76
2019-06-10,32545,33462,32240,33208,320849,14.8
2019-06-11,33410,33461,32493,33105,154773,14.8
2019-06-12,32800,33105,32697,32800,102760,14.82
2019-06-13,32849,33360,32799,33360,211776,14.86
2019-06-14,33410,33664,32849,32901,155313,14.9
2019-06-17,33155,33664,32646,32698,222159,14.93
2019-06-18,32749,33513,32087,33412,166592,14.96
2019-06-19,33512,33614,32646,32749,166772,14.91
2019-06-20,32850,33105,32239,32291,139520,14.93
2019-06-21,32290,33105,32239,33004,196537,14.91
2019-06-24,32749,33360,32545,33208,89681,14.92
2019-06-25,33257,33410,32697,32800,106649,14.87
2019-06-26,32800,32953,32290,32444,118185,14.92
2019-06-27,32340,33156,32340,32851,122655,14.92
2019-06-28,33104,34428,32951,33869,419154,15.06
2019-07-01,33869,34022,32697,32800,163080,14.97
2019-07-02,32799,33512,32493,33258,117675,14.95
2019-07-03,33359,33460,32900,33258,109939,14.88
2019-07-04,33256,34071,32900,33614,150311,14.86
2019-07-05,33869,33971,33054,33157,104892,14.84
2019-07-08,32951,33053,31780,31832,139135,14.83
2019-07-09,31882,31933,31118,31272,85100,14.82
2019-07-10,31322,31882,30762,31170,122429,14.84
2019-07-11,31169,31780,31067,31221,189874,14.87
2019-07-12,31271,32087,31271,32087,69833,14.86
2019-07-15,31933,32291,31780,32291,91931,14.83
2019-07-16,32340,33053,31831,32596,136748,14.83
2019-07-17,32238,32951,32238,32749,91766,14.9
2019-07-18,32646,33767,32442,33513,250496,14.9
2019-07-19,33767,34123,33410,33717,112578,14.97
2019-07-22,33664,33919,33460,33614,88491,15.04
2019-07-23,33614,34174,33614,34022,141564,15.15
2019-07-24,34174,34327,33511,34022,135023,15.15
2019-07-25,33970,34020,32900,33054,189754,15.17
2019-07-26,32748,33563,32748,33309,85072,15.2
2019-07-29,33818,33818,32187,32545,123772,15.19
2019-07-30,32392,33207,31373,32291,194009,15.24
2019-07-31,32596,32800,31933,32800,124147,15.23
2019-08-01,32544,32901,31627,31985,116087,15.22
2019-08-02,31424,32391,31016,31272,168775,15.1
2019-08-05,31118,31627,29845,30508,231843,15.11
2019-08-06,30099,31576,29132,30355,244246,15.08
2019-08-07,30049,30762,29132,29286,182347,15.02
2019-08-08,29539,30201,29335,29947,182132,15.0
2019-08-09,30151,31169,29795,30967,159330,14.97
2019-08-12,30864,31882,30864,31272,164718,14.94
2019-08-13,34022,36772,33869,36467,2816795,15.89
2019-08-14,36261,37942,36211,37536,1113040,16.47
2019-08-16,37382,38605,37077,37893,720223,16.89
2019-08-19,38198,39166,37231,39116,697153,17.5
2019-08-20,39166,39625,38758,39116,448518,17.88
2019-08-21,39115,40032,39013,39676,380007,18.24
2019-08-22,39674,39726,38197,38453,462578,18.39
2019-08-23,38910,39573,38146,39217,317427,18.52
2019-08-26,38504,39879,38504,39320,306883,18.58
2019-08-27,40184,40184,39013,39421,274047,18.55
2019-08-28,39624,39981,39217,39880,284495,18.59
2019-08-29,39878,40082,39572,39726,115703,18.65
2019-08-30,39879,40286,39369,39625,286562,18.86
2019-09-02,39268,39981,39064,39676,160099,18.95
2019-09-03,39573,41305,39573,41204,475917,19.0
2019-09-04,41457,43393,40999,43292,729646,19.32
2019-09-05,43239,43443,41864,42120,502049,19.41
2019-09-06,42324,43953,42221,43496,483829,19.63
2019-09-09,43954,44361,42987,43191,460879,19.88
2019-09-10,43545,43699,42985,43343,310723,20.14
2019-09-11,43699,43750,42019,42987,617001,20.26
2019-09-16,42578,42934,40948,41968,650611,20.72
2019-09-17,41967,42985,41763,42375,340698,20.86
2019-09-18,42323,43189,41967,42375,268447,20.9
2019-09-19,42679,43189,42272,43037,270076,21.12
2019-09-20,43037,43291,42273,42681,339875,21.25
2019-09-23,42680,43597,42528,42987,207817,21.32
2019-09-24,42781,43698,42781,43597,308182,21.5
2019-09-25,43698,43800,42985,43088,244735,21.58
2019-09-26,43597,45635,43190,43649,579515,21.85
2019-09-27,44056,44056,41611,41714,343559,21.84
2019-09-30,41661,43088,41255,42936,297868,22.09
2019-10-01,43292,43852,42833,43496,216546,22.13
2019-10-02,43088,43903,42783,43191,211865,22.13
2019-10-04,43698,43749,42883,43597,183367,22.22
2019-10-07,43902,43954,40948,41255,493432,22.15
2019-10-08,40999,43393,40336,43088,474696,22.63
2019-10-10,44004,44412,42578,43139,328049,22.68
2019-10-11,43597,43648,41866,42070,215748,22.68
2019-10-14,42323,42985,42017,42375,181745,22.74
2019-10-15,42731,42731,41611,42070,227329,22.84
2019-10-16,42171,42782,41559,42070,224217,22.89
2019-10-17,42272,43342,42120,42579,308010,22.91
2019-10-18,43037,43037,42223,42427,186715,22.9
2019-10-21,42680,42680,41049,41407,314393,22.83
2019-10-22,41356,41712,40948,41255,200454,22.76
2019-10-23,41152,41356,40185,40593,324599,22.81
2019-10-24,40184,41253,40184,40643,142016,22.87
2019-10-25,40643,40999,40031,40389,130362,22.86
2019-10-28,40134,41356,40134,40593,202681,22.76
2019-10-29,40235,40897,39318,39676,269248,22.72
2019-10-30,39675,39981,38096,38352,310723,22.79
2019-10-31,38452,39013,38197,38504,181720,22.77
2019-11-01,38503,38655,37331,37485,286927,22.76
2019-11-04,37842,39217,37740,38403,262741,22.74
2019-11-05,38402,38860,37842,38046,219852,22.79
2019-11-06,38147,39064,37790,38708,369657,22.68
2019-11-07,41764,41815,37638,37792,1073133,22.0
2019-11-08,37841,38147,37332,37384,257189,22.0
2019-11-11,37332,37791,36415,36926,312088,22.06
2019-11-12,38300,38708,36874,38403,727635,21.93
2019-11-13,38402,38912,37791,38556,368022,21.93
2019-11-14,38708,38860,38300,38708,275289,22.01
2019-11-15,39012,39216,38503,38962,234443,22.07
2019-11-18,39726,39726,38809,39625,237001,22.03
2019-11-19,39827,40490,39216,40134,331305,22.02
2019-11-20,39980,40183,38961,39217,227645,21.93
2019-11-21,39420,40235,38859,39166,327633,21.88
2019-11-22,39216,40184,39216,40134,288235,21.86
2019-11-25,39981,40032,38962,39880,189153,21.81
2019-11-26,39878,40490,39828,40389,187549,21.87
2019-11-27,40694,41101,40134,40542,200014,21.91
2019-11-28,40134,40287,39217,39269,191275,21.85
2019-11-29,39572,39878,38808,39166,173698,21.91
2019-12-02,39013,39471,38555,38759,111465,22.06
2019-12-03,38146,39063,37790,38657,140460,22.06
2019-12-04,38401,39573,38300,38708,227662,22.09
2019-12-05,38758,39217,38402,39116,203995,22.15
2019-12-06,38962,39318,38402,38606,143589,22.15
2019-12-09,38810,38810,37740,37792,204732,22.13
2019-12-10,37688,38350,37536,37944,132674,22.18
2019-12-11,38097,38097,37536,37792,134918,22.19
2019-12-12,37944,38249,37740,37843,296153,22.17
2019-12-13,38045,38452,37485,37689,309927,22.18
2019-12-16,37891,37891,36364,36772,393295,21.99
2019-12-17,36874,37281,36365,36824,202557,22.03
2019-12-18,36823,36924,35754,35958,332322,21.9
2019-12-19,35957,36059,35549,35703,151607,21.9
2019-12-20,35701,36058,35497,36008,180554,21.94
2019-12-23,36109,36109,35498,35652,162168,21.9
2019-12-24,35499,35804,34990,35398,205517,21.92
2019-12-26,35397,35651,34887,35041,153911,21.9
2019-12-27,34938,35804,34785,35550,173178,21.89
2019-12-30,35499,36109,35040,35703,225706,21.82
2020-01-02,35957,35957,35295,35347,160338,21.76
2020-01-03,35345,35701,35091,35499,203103,21.79
2020-01-06,35651,36670,35498,35805,368994,21.73
2020-01-07,35854,35905,35091,35295,160179,21.63
2020-01-08,35549,37127,34174,34735,1072377,21.48
2020-01-09,34225,34989,34225,34939,292877,21.55
2020-01-10,34683,35039,34429,34837,237963,21.68
2020-01-13,34582,35549,34582,34990,184963,21.69
2020-01-14,34990,36263,34990,36162,369542,21.9
2020-01-15,36160,36210,35600,36008,256572,21.96
2020-01-16,36263,36364,35651,35754,140676,22.0
2020-01-17,35906,36314,35449,35449,160863,22.01
2020-01-20,35448,36416,35448,35602,173016,21.98
2020-01-21,35905,36669,35702,36263,325389,22.05
2020-01-22,36619,36874,35651,35958,197838,22.02
2020-01-23,35753,36314,35549,35805,155931,22.07
2020-01-28,34784,35548,33511,33614,290169,21.99
2020-01-29,33716,34582,33716,34328,157163,22.04
2020-01-30,34378,34837,33410,33768,161014,22.05
2020-01-31,33715,34174,32951,33105,149880,22.06
2020-02-03,32493,33767,32290,33004,236026,22.15
2020-02-04,32748,33868,32748,33309,157417,22.17
2020-02-05,33359,34276,33308,33666,163242,22.21
2020-02-06,33971,35091,33971,34889,164280,22.23
2020-02-07,34581,35090,34224,34531,122800,22.24
2020-02-10,34479,34683,34071,34582,95571,22.23
2020-02-11,34734,35193,34225,34328,145470,22.22
2020-02-12,33970,34633,33970,34481,127978,22.27
2020-02-13,34480,34632,33919,34175,193652,22.32
2020-02-14,33921,34378,33513,33921,157376,22.34
2020-02-17,33767,34022,33258,33717,115312,22.38
2020-02-18,33564,33767,33105,33208,149580,22.36
2020-02-19,33614,33869,32799,33360,171672,22.26
2020-02-20,33105,33563,32748,32749,153159,22.42
2020-02-21,32442,33307,31881,32901,308238,22.43
2020-02-24,32290,32391,29386,29744,668064,22.14
2020-02-25,29234,30761,29183,30559,319923,22.18
2020-02-26,29998,30354,29590,29744,259066,22.16
2020-02-27,29794,30507,29590,29642,191017,22.12
2020-02-28,29030,29590,27756,28012,489843,21.9
2020-03-02,27705,28571,27705,28266,252795,21.75
2020-03-03,28622,29080,28062,28266,237146,21.63
2020-03-04,28011,29285,27961,28929,200365,21.59
2020-03-05,29081,29895,28978,29489,217831,21.44
2020-03-06,29182,29437,28469,28725,211960,21.3
2020-03-09,28062,28214,26992,27248,351988,21.11
2020-03-10,26738,27706,26585,26841,313436,20.94
2020-03-11,26840,27094,25872,25975,254846,20.81
2020-03-12,25668,25872,23987,24294,467940,20.66
2020-03-13,21543,23020,20830,22461,783102,20.86
2020-03-16,22664,23325,21391,21391,320403,20.75
2020-03-17,19709,21542,19709,20576,371371,20.77
2020-03-18,20525,20881,18794,18794,362916,20.73
2020-03-19,18843,19301,15736,15992,693242,21.16
2020-03-20,15990,17061,15329,17061,703989,21.15
2020-03-23,15380,15889,15125,15279,454448,21.09
2020-03-24,15584,16960,15380,16960,457388,21.07
2020-03-25,18181,19455,17876,18539,642292,20.78
2020-03-26,19097,20269,18333,19608,649940,20.46
2020-03-27,20880,21186,19148,20168,526463,20.28
2020-03-30,19149,20525,18996,20525,333661,20.26
2020-03-31,20880,21441,20574,20932,361023,20.12
2020-04-01,20523,21186,20065,20321,349900,20.07
2020-04-02,19963,20422,19607,20321,291754,20.04
2020-04-03,20269,20269,19607,19863,284531,19.97
2020-04-06,19964,20575,19760,20525,255180,19.98
2020-04-07,21543,23937,21186,22715,822293,20.24
2020-04-08,22663,24191,22001,23377,495629,20.08
2020-04-09,23937,24497,23427,23785,363825,19.87
2020-04-10,23835,24140,23325,23683,257549,19.85
2020-04-13,23681,23834,22358,22358,293706,19.81
2020-04-14,22561,23377,22510,23377,311408,19.7
2020-04-16,22663,23020,22256,22970,263945,19.62
2020-04-17,23377,23886,23173,23581,297411,19.67
2020-04-20,23783,24547,23477,23835,306481,19.63
2020-04-21,23835,30050,22919,25110,5800417,19.06
2020-04-22,24649,25209,23834,24599,1184674,18.75
2020-04-23,24599,24956,24446,24702,596499,18.73
2020-04-24,25108,27604,25058,26179,2808492,18.61
2020-04-27,25872,26992,25668,26535,951685,18.56
2020-04-28,26635,28979,26126,27910,2683851,18.44
2020-04-29,27757,28419,27043,27401,788352,18.23
2020-05-04,25515,26024,24803,24803,776795,18.05
2020-05-06,24955,25312,24904,25058,372936,18.15
2020-05-07,24854,25720,24803,25619,295798,18.27
2020-05-08,25720,25872,25363,25466,266081,18.2
2020-05-11,25465,25669,24905,24906,379337,18.01
2020-05-12,25159,25209,23834,24090,468900,17.93
2020-05-13,24089,24954,24089,24752,377417,18.05
2020-05-14,24649,24649,23529,23683,485983,17.86
2020-05-15,23732,24038,23427,23886,339576,17.79
2020-05-18,24140,24140,23326,23530,216823,17.76
2020-05-19,23988,24394,23834,24192,394340,17.7
2020-05-20,24089,24344,23885,24243,237936,17.61
2020-05-21,24345,24802,24089,24345,337469,17.54
2020-05-22,24446,24446,23376,23632,408037,17.45
2020-05-25,23936,23936,23275,23479,269707,17.4
2020-05-26,23427,24140,23427,23938,324033,17.57
2020-05-27,23936,25057,23936,24956,630926,17.73
2020-05-28,25210,25720,24191,24447,775527,17.59
2020-05-29,24752,24904,24241,24752,439136,17.59
2020-06-01,25261,25312,24649,24956,347643,17.58
2020-06-02,24700,25057,24548,24956,296702,17.68
2020-06-03,25108,26076,24956,25619,703171,17.95
2020-06-04,26737,26737,25413,25771,763730,17.64
2020-06-05,25668,25923,25210,25924,311866,17.74
2020-06-08,26228,26280,25668,25771,466094,17.69
2020-06-09,26331,27145,25668,25975,1078241,17.37
2020-06-10,26075,26126,25260,25516,386073,17.39
2020-06-11,25567,25619,24956,25619,485074,17.69
2020-06-12,24548,25158,24344,24956,467328,17.79
2020-06-15,25516,28724,25465,26637,3676839,18.26
2020-06-16,26178,27095,25516,26739,1945763,17.94
2020-06-17,29234,31679,27248,30406,11506508,17.54
2020-06-18,29641,31271,28928,29744,4751108,17.47
2020-06-19,29793,30201,27043,27146,3688726,17.21
2020-06-22,26637,27807,26076,26841,1115808,17.18
2020-06-23,26841,27605,26433,26587,802292,17.15
2020-06-24,25567,25975,24956,25110,1038584,17.17
2020-06-25,25108,25108,24549,24549,393261,17.09
2020-06-26,24752,25924,24701,25619,553900,17.2
2020-06-29,25923,25923,24854,25058,308569,17.18
2020-06-30,25923,25923,25058,25058,406712,17.15
2020-07-01,25160,25617,24956,25160,313362,17.2
2020-07-02,25160,25466,25007,25110,256222,17.13
2020-07-03,25108,25160,24650,24906,279789,17.12
2020-07-06,24956,25211,24803,25110,224104,17.2
2020-07-07,25260,25362,24803,24803,318159,17.03
2020-07-08,24752,24954,24445,24752,278148,16.96
2020-07-09,24955,24955,24498,24498,289089,16.89
2020-07-10,24547,24547,23783,23835,326517,16.84
2020-07-13,24039,24497,23936,24243,195583,16.88
2020-07-14,24038,24396,23937,24396,171415,16.88
2020-07-15,24496,24904,24445,24803,250409,16.86
2020-07-16,24650,25058,24446,24549,211023,16.82
2020-07-17,24294,24599,24294,24294,179734,16.75
2020-07-20,24649,24701,24344,24447,179720,16.75
2020-07-21,24395,24853,24395,24651,253333,16.89
2020-07-22,24497,25260,24497,25058,339693,16.9
2020-07-23,25057,25158,24548,24752,205169,16.9
2020-07-24,24446,24650,24345,24345,237653,16.92
2020-07-27,26331,27145,25210,25466,1326987,16.56
2020-07-28,25464,26482,24955,26076,870728,16.64
2020-07-29,27757,29030,26383,26383,2097142,16.39
2020-07-30,26381,26433,25312,25415,721464,16.07
2020-07-31,25362,25464,24752,24752,475876,15.91
2020-08-03,24649,25261,24598,24956,296210,15.85
2020-08-04,24955,25770,24955,25669,311575,15.91
2020-08-05,25719,26381,25362,26280,603980,15.88
2020-08-06,26279,26636,25873,25873,410884,15.82
2020-08-07,25822,26026,25414,26026,395619,15.79
2020-08-10,26025,27655,25617,27350,1177933,15.9
2020-08-11,27756,28112,27094,27910,728476,15.84
2020-08-12,28266,28266,26738,27452,1053243,15.6
2020-08-13,27706,27859,26891,27605,751671,15.46
2020-08-14,27605,28317,27349,27605,678519,15.5
2020-08-18,27705,27960,26177,26229,647711,15.7
2020-08-19,26433,26636,25821,26179,379585,15.68
2020-08-20,26331,26585,25108,25262,784436,15.93
2020-08-21,26127,26738,25618,26179,762469,16.01
2020-08-24,25973,26432,25362,26076,298646,16.07
2020-08-25,26228,26941,26177,26789,377014,16.28
2020-08-26,27094,27298,26533,26789,385713,16.33
2020-08-27,26840,26891,25974,25975,349379,16.26
2020-08-28,25769,26432,25769,26076,260448,16.3
2020-08-31,26126,26585,26076,26280,292248,16.35
2020-09-01,26076,27451,26076,27197,601379,16.64
2020-09-02,27501,27553,26992,27299,342756,16.67
2020-09-03,28164,30151,27604,29795,2671311,17.24
2020-09-04,29030,31576,28877,29693,2079259,16.71
2020-09-07,30049,30762,29183,29337,975554,16.64
2020-09-08,29946,30303,29590,29744,667064,16.59
2020-09-09,29539,29997,28674,28674,669525,16.64
2020-09-10,28826,29080,28266,28878,470228,16.7
2020-09-11,28724,28724,27858,28114,380287,16.58
2020-09-14,27909,28674,27756,28674,376344,16.63
2020-09-15,28724,28724,27858,28114,481735,16.32
2020-09-16,28928,29132,27502,27605,966383,15.7
2020-09-17,27553,27553,26738,27197,466301,15.83
2020-09-18,27196,27503,26942,27503,276690,15.89
2020-09-21,27195,27399,26737,26789,352473,15.87
2020-09-22,26483,26585,25719,25822,454418,15.81
2020-09-23,25973,26228,25311,26076,257330,15.93
2020-09-24,25465,26789,25414,26026,425260,15.95
2020-09-25,26432,26432,25210,25466,317938,15.93
2020-09-28,25668,25770,25413,25516,203423,15.87
2020-09-29,25770,25974,25515,25873,194021,15.88
2020-10-05,26127,26993,25924,26892,242663,15.93
2020-10-06,26789,27146,26585,26841,173549,15.93
2020-10-07,26992,27502,26534,27350,242075,15.98
2020-10-08,27502,27502,26993,26993,214520,16.0
2020-10-12,26993,27451,26738,27401,228925,16.07
2020-10-13,27501,27501,26992,27299,229124,16.12
2020-10-14,27400,27451,26739,26739,181043,16.13
2020-10-15,26686,26890,26126,26229,181379,16.15
2020-10-16,26382,26433,25974,26332,146402,16.18
2020-10-19,26585,27094,26432,26484,284560,16.21
2020-10-20,26431,26686,25973,26229,212615,16.23
2020-10-21,26228,26840,26228,26739,185441,16.35
2020-10-22,26738,26890,26381,26433,132653,16.28
2020-10-23,26687,27655,26585,27605,575038,16.51
2020-10-26,27605,28012,26892,27096,365596,16.43
2020-10-27,26687,26789,26279,26433,294253,16.38
2020-10-28,26178,26637,26076,26637,186181,16.38
2020-10-29,26076,26228,25769,26076,287027,16.29
2020-10-30,25973,26024,25464,25567,231416,16.27
2020-11-02,25566,25923,25465,25873,106749,16.29
2020-11-03,25821,26279,25821,26229,119938,16.3
2020-11-04,26382,26636,25822,26026,260005,16.25
2020-11-05,26229,26587,26026,26587,267615,16.37
2020-11-06,26534,26636,26228,26280,144013,16.4
2020-11-09,26585,26993,26483,26841,270793,16.49
2020-11-10,27451,28214,27044,28012,775222,16.77
2020-11-11,28164,29031,27604,29031,865369,17.15
2020-11-12,29131,29131,27807,27910,817330,16.75
2020-11-13,27910,28317,27350,27554,324520,16.74
2020-11-16,27910,28419,27655,28114,423681,16.92
2020-11-17,28266,28418,27553,27961,323779,16.86
2020-11-18,27960,28164,27400,27554,317822,16.82
2020-11-19,27502,27654,27043,27197,242437,16.77
2020-11-20,27094,27451,26992,27350,246233,16.77
2020-11-23,27349,28164,27196,27910,382559,16.91
2020-11-24,28011,28165,27451,27809,462582,16.86
2020-11-25,28114,28266,27349,27605,487530,17.0
2020-11-26,27450,27757,27196,27757,280918,16.96
2020-11-27,27502,27706,27349,27401,182117,16.91
2020-11-30,27502,27553,26840,26892,369514,16.73
2020-12-01,27247,27247,26841,26841,231215,16.61
2020-12-02,26941,27094,26737,27044,259405,16.56
2020-12-03,27043,27502,26738,27350,262918,16.59
2020-12-04,27553,27603,27197,27401,258784,16.63
2020-12-07,27451,27502,26585,26688,388221,16.43
2020-12-08,26635,26789,26330,26433,395125,16.29
2020-12-09,26585,26942,26280,26943,344728,16.38
2020-12-10,26840,27604,26534,27554,507560,16.68
2020-12-11,27553,28317,27553,27656,547983,16.9
2020-12-14,27656,27706,27400,27656,259669,17.05
2020-12-15,27961,28674,27859,28573,868040,17.66
2020-12-16,28724,29642,28521,29642,940017,18.2
2020-12-17,29642,29692,28622,29133,577641,18.09
2020-12-18,29030,29947,29030,29591,563753,18.13
2020-12-21,29691,29743,28775,29234,320984,18.13
2020-12-22,28826,28979,28011,28165,443250,18.13
2020-12-23,28368,28572,27400,28216,393998,18.19
2020-12-24,28266,28928,28114,28522,294067,18.22
2020-12-28,28571,29285,28418,28929,427473,18.28
2020-12-29,28979,29284,28521,28725,299274,18.23
2020-12-30,28724,29233,28470,29031,314491,18.31
2021-01-04,29437,30456,29030,30355,892111,18.56
2021-01-05,30354,31373,29692,31272,878924,18.67
2021-01-06,31729,31933,30711,30915,766858,18.6
2021-01-07,31271,31424,30915,31374,542753,18.62
2021-01-08,31627,34326,31220,33360,2028436,18.77
2021-01-11,33562,34378,31271,32392,1591410,18.83
2021-01-12,32086,34531,31220,34175,2210438,18.67
2021-01-13,34939,34939,33359,33666,1201773,18.63
2021-01-14,33715,34021,32544,33105,518136,18.65
2021-01-15,33462,36925,33258,36620,3354696,19.0
2021-01-18,36873,40439,35906,39421,4274518,18.95
2021-01-19,40490,40745,38199,39880,1821216,18.82
2021-01-20,40185,42782,39165,41866,2780511,18.96
2021-01-21,42577,44258,41049,42884,2396094,18.65
2021-01-22,43189,43189,40540,40643,1276271,18.59
2021-01-25,40642,44564,40387,43852,1764683,18.65
2021-01-26,44208,47518,42985,45431,2029811,18.27
2021-01-27,46245,47518,43036,43394,1336546,18.31
2021-01-28,42120,43139,41203,41306,1161049,18.32
2021-01-29,41763,43494,39674,41407,2077172,18.38
2021-02-01,40999,42018,39726,41662,951271,18.27
2021-02-02,43291,45023,41763,42477,1541189,18.16
2021-02-03,42577,43138,41865,43088,655237,18.19
2021-02-04,43443,46550,42272,45074,2592617,18.29
2021-02-05,45022,45531,43443,44361,928500,17.94
2021-02-08,44310,44820,43088,43191,591945,17.94
2021-02-09,43494,43953,41457,41611,797210,17.97
2021-02-10,42069,44717,41712,44107,1327151,18.41
2021-02-15,45228,45991,44107,45228,894423,18.24
2021-02-16,45431,45482,43444,43700,631760,18.07
2021-02-17,43494,43494,42171,42375,619759,18.01
2021-02-18,42476,44920,42476,43241,911136,17.94
2021-02-19,43800,44666,41509,42630,784033,17.9
2021-02-22,42985,44106,41865,42324,492199,17.88
2021-02-23,41814,42272,41101,41153,429083,17.91
2021-02-24,41152,41509,38656,38810,992442,18.33
2021-02-25,39675,39981,39013,39625,473062,18.49
2021-02-26,38198,38300,36772,37588,995293,18.62
2021-03-02,39471,40032,37740,38301,727404,18.25
2021-03-03,38198,39574,37790,39065,544172,18.3
2021-03-04,38605,39318,38095,38453,359221,18.19
2021-03-05,37891,37994,37026,37689,460995,18.16
2021-03-08,38503,39675,37994,38097,711670,17.96
2021-03-09,38300,38707,36670,37588,392392,17.91
2021-03-10,38503,38859,37382,37740,333473,17.89
2021-03-11,38045,42935,37944,42019,1904798,18.35
2021-03-12,42069,42528,41254,42019,749619,18.29
2021-03-15,41967,42579,41458,42070,461599,18.23
2021-03-16,42477,42578,41356,41459,452442,18.13
2021-03-17,41560,42120,40439,42019,553064,18.12
2021-03-18,42476,43139,41865,42630,590845,18.07
2021-03-19,41764,42884,41203,42427,525095,17.98
2021-03-22,42629,42782,41457,41560,436199,17.91
2021-03-23,41968,42273,39624,39982,658594,17.74
2021-03-24,39982,40338,39319,39982,332411,17.91
2021-03-25,40083,40439,39522,39829,357243,17.66
2021-03-26,39879,42019,39879,40746,853003,17.72
2021-03-29,41253,42577,40846,41611,909999,17.77
2021-03-30,42475,42730,39674,40439,1114493,17.58
2021-03-31,40439,42425,39981,41662,916407,17.84
2021-04-01,41661,42018,40744,41000,358622,17.68
2021-04-02,41152,41355,40591,40643,288058,17.68
2021-04-05,40746,42070,40643,41714,463436,17.91
2021-04-06,41814,42069,40643,41051,289598,17.74
2021-04-07,41049,41457,40591,40643,297744,17.7
2021-04-08,40998,41049,40439,40439,352492,17.69
2021-04-09,40745,41102,40643,40797,286150,17.65
2021-04-12,40999,41152,40439,40643,372815,17.77
2021-04-13,40745,41153,40541,41153,348713,17.79
2021-04-14,42070,43444,41509,42070,1382674,18.03
2021-04-15,42069,42120,41356,41459,298985,18.05
2021-04-16,41610,41763,40897,41204,312817,18.05
2021-04-19,41050,41304,40694,41102,380684,18.06
2021-04-20,41203,41509,41051,41459,294010,18.17
2021-04-21,41458,41559,40031,40185,687389,17.98
2021-04-22,40439,40847,40236,40797,344758,18.11
2021-04-23,40795,40897,40235,40643,387416,18.23
2021-04-26,40693,40896,40387,40439,245391,18.27
2021-04-27,40439,40439,39370,39574,470682,18.18
2021-04-28,39573,40387,38708,38708,415156,18.12
2021-04-29,38911,39420,38249,38657,204617,18.15
2021-04-30,38708,39676,38606,39320,195343,18.21
2021-05-03,39471,39522,37892,38148,316952,18.11
2021-05-04,38096,38096,36873,37944,384405,18.2
2021-05-06,37740,40236,37485,39880,531058,18.21
2021-05-07,40337,41356,39828,41000,546364,18.55
2021-05-10,41509,41764,40897,41255,417013,18.57
2021-05-11,41101,41712,40439,41153,828915,18.62
2021-05-12,41764,42528,40389,41510,1179975,18.68
2021-05-13,40693,43800,40439,43037,1883928,19.66
2021-05-14,43495,44565,42476,44056,1054604,19.84
2021-05-17,44514,44870,42987,43191,691176,19.84
2021-05-18,43596,45532,43291,44871,1103752,20.12
2021-05-20,44513,44513,42884,43343,524898,19.93
2021-05-21,43801,44412,42782,43496,482064,19.93
2021-05-24,45838,46144,43699,44311,1592016,19.36
2021-05-25,44716,50218,44310,49862,5806488,20.45
2021-05-26,50116,50676,48588,49964,1781968,20.37
2021-05-27,49964,50320,48079,48131,977699,20.24
2021-05-28,48434,49351,47976,48232,709710,19.97
2021-05-31,48282,49046,47060,47672,696991,19.91
2021-06-01,47417,49759,47009,49557,1060642,19.89
2021-06-02,49556,49556,48180,48487,704180,19.74
2021-06-03,48537,48639,47213,47774,472187,19.69
2021-06-04,47519,48028,46755,47418,467172,19.7
2021-06-07,47875,48996,47416,48487,664359,19.59
2021-06-08,48894,52255,48691,50372,2065002,19.41
2021-06-09,50575,51746,49505,51034,731176,19.42
2021-06-10,51440,51643,49657,49709,719604,19.29
2021-06-11,49505,50319,49046,49913,411565,19.29
2021-06-14,50015,50575,48895,49099,358652,19.27
2021-06-15,49147,49759,48638,48945,310404,19.24
2021-06-16,48792,49658,48588,48844,328621,19.24
2021-06-17,48690,48843,46856,47214,788441,19.25
2021-06-18,47417,49811,47162,49506,833164,19.61
2021-06-21,48995,49403,47467,47825,526051,19.42
2021-06-22,48385,49149,48028,48335,283336,19.48
2021-06-23,48436,48589,47009,47367,471054,19.45
2021-06-24,47620,48231,47416,47672,256543,19.55
2021-06-25,47773,47875,47162,47316,382265,19.39
2021-06-28,47927,49607,47366,47418,615690,19.33
2021-06-29,47467,48689,47212,48232,405490,19.54
2021-06-30,48333,48385,47417,47876,324360,19.45
2021-07-01,47773,48741,47315,48029,386951,19.45
2021-07-02,48792,50676,48792,49353,786854,19.64
2021-07-05,49810,55515,49505,54497,3163621,20.78
2021-07-06,54496,56330,53885,55312,1257670,20.9
2021-07-07,55005,56228,54395,55516,756859,20.93
2021-07-08,55515,56126,51747,51747,1309625,20.83
2021-07-09,51949,53375,51338,52256,870984,20.68
2021-07-12,53172,53681,51950,52154,547983,20.44
2021-07-13,51440,52460,50880,52460,471271,20.38
2021-07-14,51949,52153,51032,51339,331506,20.33
2021-07-15,51644,52764,51441,51645,432555,20.08
2021-07-16,51949,53478,51644,52460,515410,19.9
2021-07-19,53478,54089,51950,52562,602782,19.6
2021-07-20,51542,53172,51441,52562,385245,19.64
2021-07-21,53376,53376,51645,51849,490405,19.59
2021-07-22,52053,53784,51645,53174,464576,19.76
2021-07-23,53275,53988,52562,52766,351858,19.65
2021-07-26,53071,53071,51849,51849,296431,19.67
2021-07-27,51950,53172,51542,51849,284850,19.66
2021-07-28,51746,52153,50422,51034,351207,19.67
2021-07-29,51746,53681,51644,52562,640698,19.89
2021-07-30,52663,52766,51848,52766,288183,19.82
2021-08-02,52969,55923,52562,55007,1024629,19.91
2021-08-03,55108,55617,53682,55007,629541,19.62
2021-08-04,54803,57655,54497,56128,880388,19.67
2021-08-05,56228,56839,53885,54497,683706,19.64
2021-08-06,54700,54904,52764,53275,901554,19.55
2021-08-09,53172,53274,52358,52562,419323,19.51
2021-08-10,52766,53071,52052,52970,294283,19.55
2021-08-11,52765,54089,51135,51442,874924,19.35
2021-08-12,51543,53682,51033,52664,756283,19.59
2021-08-13,53070,53070,51440,52358,379134,19.65
2021-08-17,52663,52866,50829,50932,438923,19.58
2021-08-18,50778,52051,50676,51339,357459,19.55
2021-08-19,50931,51033,48690,48742,720120,19.48
2021-08-20,48741,49555,47874,48232,442858,19.61
2021-08-23,48283,49556,48079,48691,348386,19.59
2021-08-24,48893,49709,48792,49200,280162,19.52
2021-08-25,49301,49912,48995,49353,242102,19.44
2021-08-26,49353,49658,48436,48844,319905,19.51
2021-08-27,48792,49505,48384,49200,226427,19.46
2021-08-30,49913,51645,49556,51136,538389,19.48
2021-08-31,51542,52154,50728,51849,388246,19.4
2021-09-01,51644,52255,51135,51339,214954,19.3
2021-09-02,51543,53478,51237,52664,555371,19.38
2021-09-03,52663,52867,51441,51849,344735,19.22
2021-09-06,51950,52255,51440,52154,179238,19.26
2021-09-07,51949,52663,51440,51747,167421,19.26
2021-09-08,51543,52153,51236,51747,199084,19.3
2021-09-09,51440,52255,50625,50677,349685,19.29
2021-09-10,50881,51441,49913,50729,230445,19.3
2021-09-13,51033,51542,50014,50168,208918,19.28
2021-09-14,50422,51543,50321,51442,212748,19.36
2021-09-15,51032,51543,50575,51543,186250,19.36
2021-09-16,51645,51950,50880,51136,198817,19.34
2021-09-17,51135,52459,50677,52053,484968,19.37
2021-09-23,51542,52968,51134,52867,534037,19.44
2021-09-24,53172,53681,52051,52562,419705,19.36
2021-09-27,52560,52867,51644,52358,311801,19.39
2021-09-28,52662,53274,51236,51543,437840,19.39
2021-09-29,50524,51033,48741,49302,813931,19.0
2021-09-30,48996,51338,48996,51136,492671,19.02
2021-10-01,50830,54293,50830,52970,1061835,19.37
2021-10-05,52562,53479,51849,53174,620283,19.21
2021-10-06,53682,53885,48894,49048,1116664,18.5
2021-10-07,50115,51032,49097,50626,459731,18.53
2021-10-08,50675,50930,49351,49709,344438,18.51
2021-10-12,49708,52255,49708,51543,492435,18.63
2021-10-13,51847,52663,51134,51645,307131,18.56
2021-10-14,51950,52357,50779,51238,433347,18.42
2021-10-15,51644,51950,50422,51034,518504,18.45
2021-10-18,51746,52358,50931,52358,562164,18.52
2021-10-19,52968,53071,51441,51849,574199,18.4
2021-10-20,52152,52152,48944,48996,1588474,17.64
2021-10-21,49557,51034,49302,50220,1968617,17.71
2021-10-22,50116,50116,47671,47978,1916798,17.65
2021-10-25,47671,48231,47263,47519,495218,17.67
2021-10-26,47519,47824,46958,47265,454282,17.73
2021-10-27,47315,47570,45533,45737,790850,17.56
2021-10-28,45736,47417,45481,46195,507361,17.68
2021-10-29,46245,46500,45125,45839,312315,17.63
2021-11-01,45634,46042,44668,44668,373996,17.64
2021-11-02,44717,45380,44667,44871,193476,17.59
2021-11-03,44921,45022,43545,43852,423381,17.67
2021-11-04,44207,44361,42832,43088,644490,17.93
2021-11-05,43190,43445,42375,42936,343516,18.04
2021-11-08,42680,43443,42170,43241,282586,18.07
2021-11-09,43189,43800,43189,43343,232117,17.91
2021-11-10,42935,43138,41662,41662,436594,17.76
2021-11-11,41050,41661,40897,41204,436686,17.92
2021-11-12,41101,42171,41101,41815,317920,17.89
2021-11-15,42018,42934,41712,42732,393710,17.95
2021-11-16,42425,43749,42375,42783,480405,17.88
2021-11-17,42934,44054,42221,43597,472995,17.72
2021-11-18,44208,46093,44106,44260,803144,17.39
2021-11-19,44259,45074,44056,44617,305947,17.33
2021-11-22,44616,44666,43393,43700,372079,17.35
2021-11-23,43597,45226,43189,45024,318105,17.47
2021-11-24,45481,45481,44004,44718,314658,17.3
2021-11-25,44870,45685,44667,45228,272103,17.3
2021-11-26,45226,45430,43596,43852,289302,17.17
2021-11-29,42272,43851,42170,43088,282670,17.19
2021-11-30,43138,44003,40948,41407,400513,17.13
2021-12-01,41254,42884,41050,42630,263075,17.09
2021-12-02,42018,44258,41712,44056,290673,17.06
2021-12-03,44056,44565,43648,44056,198894,17.04
2021-12-06,43902,45278,43241,44922,313957,17.07
2021-12-07,45176,45736,44717,45635,302810,17.1
2021-12-08,45940,46602,45023,45177,396588,17.02
2021-12-09,45430,48385,45379,48131,903936,17.23
2021-12-10,48180,50167,47366,47774,909171,16.96
2021-12-13,48232,49811,47825,48284,1099284,16.83
2021-12-14,48893,48945,47162,47214,526257,16.7
2021-12-15,47162,47722,46347,46908,302607,16.71
2021-12-16,47213,47876,46296,46603,342936,16.63
2021-12-17,46245,48029,46245,48029,396104,16.76
2021-12-20,47824,47824,46857,46858,233022,16.72
2021-12-21,47009,47365,46296,46755,189773,16.7
2021-12-22,47010,47163,46398,46654,166641,16.65
2021-12-23,46755,47213,46347,46959,215113,16.58
2021-12-24,47010,47876,47010,47622,255853,16.54
2021-12-27,47467,48486,47467,47825,278533,16.57
2021-12-28,48078,48130,47264,47876,277076,16.57
2021-12-29,47874,49606,47264,49149,552859,16.65
2021-12-30,49251,49454,48232,48895,352782,16.6
2022-01-03,49200,50779,48792,50525,567626,16.61
2022-01-04,50880,51848,50421,51339,620463,16.52
2022-01-05,51237,52154,50829,51849,656743,16.5
2022-01-06,50880,52154,50321,50321,545618,16.56
2022-01-07,50422,51746,50116,51034,352951,16.67
2022-01-10,51441,52663,51033,52053,554097,16.55
2022-01-11,52459,52663,50778,51136,406193,16.56
2022-01-12,51236,52153,51236,51339,231181,16.59
2022-01-13,51746,54191,51543,53479,1045981,17.02
2022-01-14,53376,54192,52766,53887,456718,16.91
2022-01-17,55006,55108,53071,53479,751890,16.68
2022-01-18,53682,54599,52358,52970,510250,16.77
2022-01-19,51949,53885,51746,52460,385208,16.82
2022-01-20,53172,55515,52968,54803,859339,17.01
2022-01-21,54089,55006,52968,54497,557652,17.11
2022-01-24,53275,53784,49048,49252,1480105,16.97
2022-01-25,49250,50269,48690,49404,650802,17.07
2022-01-26,49148,50472,49148,49506,420178,17.1
2022-01-27,49963,50116,47264,47723,509962,17.19
2022-01-28,47723,49352,47111,48691,493674,17.12
2022-02-03,51847,52051,48384,48436,1071994,16.76
2022-02-04,48385,49250,47927,49048,373734,16.84
2022-02-07,49912,52662,49658,51339,1057699,17.14
2022-02-08,51440,51950,50422,51034,389262,17.14
2022-02-09,51440,51644,49912,50066,310712,17.12
2022-02-10,50268,50421,48791,49709,308883,17.17
2022-02-11,49403,49708,48537,48589,295103,17.17
2022-02-14,48588,49403,46551,47265,433234,17.14
2022-02-15,47060,47722,45939,46246,285553,17.16
2022-02-16,46755,47264,46399,46807,230119,17.12
2022-02-17,47061,48639,46806,48182,444869,17.27
2022-02-18,47672,48385,47315,48131,230080,17.35
2022-02-21,48029,48385,46908,48029,207093,17.32
2022-02-22,47723,47774,45889,46145,446619,17.19
2022-02-23,46652,47519,46449,47163,211128,17.32
2022-02-24,46959,47416,46143,46450,324841,17.31
2022-02-25,47111,50117,46857,49812,623915,17.62
2022-02-28,51034,55108,50473,52970,2021128,18.25
2022-03-02,54293,56432,53987,55516,1576055,18.81
2022-03-03,54598,55719,53274,54905,765287,19.04
2022-03-04,54598,57859,54192,57350,1277718,19.45
2022-03-07,58775,59591,55821,56128,1201391,19.56
2022-03-08,56839,57043,53885,54293,811048,19.81
2022-03-10,54598,55210,51747,54905,798870,19.7
2022-03-11,54598,56330,54496,55821,525342,19.73
2022-03-14,56330,57247,55413,55720,470113,19.79
2022-03-15,55413,55515,52663,53071,528818,19.86
2022-03-16,53275,53479,51951,53174,539043,20.03
2022-03-17,52255,52968,50472,51543,1179181,19.89
2022-03-18,51542,52459,50727,52358,693302,19.81
2022-03-21,52663,53784,52255,52766,488726,19.81
2022-03-22,52866,56330,52663,54701,1129856,20.31
2022-03-23,54801,55311,53885,54599,410539,20.48
2022-03-24,54700,55923,53987,55414,360736,20.62
2022-03-25,56023,57246,55718,56534,772874,20.91
2022-03-28,56940,57450,56126,56534,356284,20.93
2022-03-29,56637,56637,52459,52970,893422,20.81
2022-03-30,52460,54598,52154,54396,439870,20.97
2022-03-31,55108,55516,52970,53174,472830,21.01
2022-04-01,53376,54090,52562,53174,387324,21.15
2022-04-04,53275,53988,52562,53683,187353,21.17
2022-04-05,53783,53783,51848,52256,488144,21.1
2022-04-06,51847,53172,51746,52867,429045,21.34
2022-04-07,52255,52764,51032,51339,386998,21.41
2022-04-08,51950,52459,51134,51645,218874,21.38
2022-04-11,51747,52561,51644,51951,161673,21.28
2022-04-12,51440,52357,51236,51747,167975,21.26
2022-04-13,51848,53681,51848,53479,443089,21.28
2022-04-14,53580,53886,52867,52970,217875,21.21
2022-04-15,52765,54802,52154,54192,429757,21.23
2022-04-18,54292,55412,54190,55210,335838,21.19
2022-04-19,55209,55312,54191,55007,241787,21.17
2022-04-20,54598,54598,53273,53784,280326,21.14
2022-04-21,53784,54394,53477,53988,173933,21.24
2022-04-22,53273,53681,53069,53376,192829,21.35
2022-04-25,52153,53682,52052,52664,238852,21.38
2022-04-26,53172,53988,52561,53479,263396,21.49
2022-04-27,52356,53681,52153,53376,296286,21.5
2022-04-28,53681,53988,52663,53988,263027,21.52
2022-04-29,53986,54394,53273,54293,363885,21.44
2022-05-02,53885,56941,53885,55516,827292,21.66
2022-05-03,55923,57450,55209,57044,630553,21.99
2022-05-04,57349,58673,56534,58063,619953,22.25
2022-05-06,57349,58572,57043,58063,341512,22.34
2022-05-09,58062,58571,56738,57146,384188,22.39
2022-05-10,56025,56942,54802,56433,422588,22.33
2022-05-11,56431,56431,53580,53580,491269,22.06
2022-05-12,53376,54396,53071,53174,335244,22.05
2022-05-13,53376,53988,52766,53887,184046,22.02
2022-05-16,54598,54700,53172,53275,236431,21.89
2022-05-17,53275,53987,52663,53275,205422,21.8
2022-05-18,53681,53681,52459,52562,258709,21.71
2022-05-19,51339,52052,51236,51747,271122,21.57
2022-05-20,51950,52663,51643,52154,246319,21.47
2022-05-23,53273,53885,52459,53071,245193,21.36
2022-05-24,52969,53478,51747,51951,214437,21.3
2022-05-25,52358,53172,51950,52562,309246,21.23
2022-05-26,53172,54598,52765,54192,425751,21.35
2022-05-27,54598,54700,53172,53275,244629,21.17
2022-05-30,53783,55312,53682,54803,304271,21.26
2022-05-31,54802,54905,54293,54905,228694,21.25
2022-06-02,55209,57247,54904,56942,671446,21.44
2022-06-03,57146,57348,55923,57146,314682,21.42
2022-06-07,57349,58877,57247,58063,669519,21.59
2022-06-08,58776,58776,56636,58267,391393,21.65
2022-06-09,58062,60506,57552,60304,867765,21.8
2022-06-10,59894,61932,59589,60201,845196,21.91
2022-06-13,59386,60609,58673,58776,672837,21.95
2022-06-14,57961,58470,56330,57961,598129,22.16
2022-06-15,58469,58774,54089,54497,837309,21.95
2022-06-16,53376,54801,52356,53376,806427,22.06
2022-06-17,51950,52968,51542,52154,541921,22.01
2022-06-20,54089,54190,51135,52256,637923,21.58
2022-06-21,52561,53070,50270,52664,893869,21.17
2022-06-22,53172,53273,47672,47672,1198161,20.83
2022-06-23,47468,48537,45634,45737,769688,21.04
2022-06-24,45634,48486,45634,47825,605153,20.99
2022-06-27,48435,49250,47824,48691,330762,20.92
2022-06-28,48690,50472,48690,50270,385444,20.75
2022-06-29,49555,51949,49147,50422,433876,20.59
2022-06-30,50473,51237,49608,49608,275851,20.5
2022-07-01,50472,52561,50371,51339,545254,20.53
2022-07-04,51542,51644,47009,47825,539703,20.44
2022-07-05,47824,47824,44616,46858,757305,20.42
2022-07-06,46296,47366,44819,44871,542892,20.47
2022-07-07,45175,45583,44055,45431,318878,20.55
2022-07-08,46092,46245,45073,45431,313056,20.41
2022-07-11,45583,45634,44615,44922,254445,20.36
2022-07-12,44666,44768,42832,43139,356871,20.35
2022-07-13,42783,43190,41611,42427,424562,20.34
2022-07-14,41814,44564,41712,44107,488777,20.24
2022-07-15,44615,44666,42833,44056,382769,20.02
2022-07-18,44208,45532,44208,45126,315559,19.99
2022-07-19,46195,47621,45685,46603,688155,19.85
2022-07-20,47773,47773,45379,46654,503331,19.76
2022-07-21,46703,47060,46194,46501,230950,19.74
2022-07-22,46959,51135,46959,50830,1286104,19.78
2022-07-25,51033,53478,50422,52664,1049729,19.62
2022-07-26,52662,54394,52153,52460,622077,19.67
2022-07-27,53071,53784,51034,53174,575714,19.54
2022-07-28,53274,56024,52968,54701,955457,19.6
2022-07-29,55107,67739,54802,65601,10426643,20.19
2022-08-01,64989,66822,64785,65703,2512463,20.54
2022-08-02,65804,69878,64786,64786,4074325,20.42
2022-08-03,64785,67026,63359,63971,1823271,20.35
2022-08-04,64887,65295,62442,62953,1438366,20.56
2022-08-05,63257,65906,61628,64990,1852705,20.61
2022-08-08,66008,71916,65192,70898,3948345,20.22
2022-08-09,70489,75174,69470,71305,2991931,20.02
2022-08-10,70387,73851,70285,72018,1422749,19.94
2022-08-11,72730,72934,70489,72018,1106799,20.03
2022-08-12,71611,73647,71203,71611,898201,19.91
2022-08-16,72018,75378,71406,72018,1365268,19.82
2022-08-17,72018,72425,69370,70491,1136339,20.0
2022-08-18,70999,73851,69980,72732,1408313,20.16
2022-08-19,73036,74055,71917,71917,703052,20.15
2022-08-22,71407,73647,71203,71611,845461,20.18
2022-08-23,72323,76601,71915,73750,2068389,20.13
2022-08-24,74768,78944,73748,77213,2969640,19.64
2022-08-25,77213,77213,74361,75686,1404034,19.09
2022-08-26,77314,80064,75481,79862,2313564,19.49
2022-08-29,78842,81694,78740,81084,2114375,19.18
2022-08-30,81694,82407,77620,78334,1424114,18.85
2022-08-31,78435,83528,76602,82918,2667745,18.89
2022-09-01,83732,85973,81084,81288,2147404,18.5
2022-09-02,82000,83426,79250,82103,1372776,18.77
2022-09-05,82714,86687,81288,85669,2026692,18.8
2022-09-06,86278,88010,85259,86992,1366736,18.36
2022-09-07,86381,88418,82204,83937,2075734,18.13
2022-09-08,84343,84750,80369,83121,1928290,18.31
2022-09-13,83426,83528,75176,79047,3430110,18.61
2022-09-14,76907,80880,75889,79964,1739194,18.48
2022-09-15,80369,83426,78638,80167,1745935,18.52
2022-09-16,79147,80472,75583,75787,1942107,19.06
2022-09-19,76194,77722,73953,75176,1395026,19.62
2022-09-20,75480,77213,74870,75991,1096451,19.85
2022-09-21,75685,76092,73036,75176,1190618,20.29
2022-09-22,76704,78639,73546,77825,1958186,20.5
2022-09-23,78232,79046,74971,75482,1092158,20.37
2022-09-26,74667,75583,66822,67333,3814789,22.33
2022-09-27,67535,68452,64479,66212,2633227,23.22
2022-09-28,66313,68961,63359,63767,2136725,23.25
2022-09-29,64684,66517,62953,62953,1564852,23.4
2022-09-30,62135,64682,60608,62646,1582828,23.61
2022-10-04,63868,66211,61525,63971,2235241,23.47
2022-10-05,65396,65498,61627,63156,1334432,23.65
2022-10-06,63155,63562,61932,62850,808609,23.5
2022-10-07,62137,62544,58775,60508,2239703,23.46
2022-10-11,61322,61729,58265,58776,1410749,23.54
2022-10-12,58368,59488,56432,58572,1298744,23.77
2022-10-13,57552,57857,53580,53580,1906668,24.52
2022-10-14,55108,58979,54802,57757,1729375,24.55
2022-10-17,58164,59590,54802,58267,1688378,23.82
2022-10-18,59590,61627,58979,60508,1516126,23.01
2022-10-19,61627,62442,59794,60508,1621986,22.45
2022-10-20,62035,62850,60609,61221,1659139,21.93
2022-10-21,61219,61525,59589,60100,698171,21.97
2022-10-24,61219,64071,61219,62646,1437936,22.14
2022-10-25,63359,63766,61626,62137,876731,21.86
2022-10-26,62442,63766,62136,62850,860862,22.1
2022-10-27,62951,63869,62748,63869,879691,22.33
2022-10-28,63970,66415,63461,64990,1135540,22.41
2022-10-31,66008,68249,61526,67537,1783659,22.09
2022-11-01,67738,69877,66719,69471,1026551,21.81
2022-11-02,69471,73546,68962,71917,1775363,22.36
2022-11-03,71712,73953,70897,73241,1056198,22.57
2022-11-04,73241,77111,73241,76399,1406294,22.7
2022-11-07,79454,80676,71712,72324,2735132,22.46
2022-11-08,72730,75481,71814,75176,1176669,22.58
2022-11-09,75888,76194,73749,74463,794447,22.58
2022-11-10,73342,75481,73342,74463,705853,22.65
2022-11-11,75379,76397,73443,74463,1051471,22.56
2022-11-14,74156,74156,71304,72222,896351,22.97
2022-11-15,72730,72730,70489,72018,703411,23.08
2022-11-16,73545,74055,70591,71305,1026489,22.99
2022-11-17,71407,72018,69267,69574,795466,22.76
2022-11-18,69675,73750,67943,72732,1393037,22.73
2022-11-21,73037,75379,72120,73445,1169702,22.39
2022-11-22,73546,74667,73138,74158,679694,22.5
2022-11-23,74258,74360,71508,72324,799293,22.36
2022-11-24,72629,73546,72018,73445,520673,22.55
2022-11-25,73647,73749,72322,72833,413614,22.6
2022-11-28,73952,75583,72629,72833,844359,22.34
2022-11-29,72629,75991,72120,74769,1038446,22.61
2022-11-30,75379,75379,73138,73954,695971,22.25
2022-12-01,74564,74768,72832,73546,513897,22.12
2022-12-02,73851,74767,72119,73342,783180,22.33
2022-12-05,73443,73952,69165,69879,999000,21.81
2022-12-06,68859,70388,68758,69370,531078,22.03
2022-12-07,68860,69470,67535,68351,506624,21.95
2022-12-08,67841,68249,66211,67740,568951,22.11
2022-12-09,67739,68249,66517,67537,525120,22.37
2022-12-12,67535,69879,67026,69370,549139,22.37
2022-12-13,69675,71304,69675,70898,492016,22.43
2022-12-14,70998,71610,70184,71305,289474,22.43
2022-12-15,71406,73952,71304,72629,620580,22.63
2022-12-16,71916,73851,71407,71815,488231,22.58
2022-12-19,72017,73443,71508,73037,428316,22.89
2022-12-20,73037,74768,72935,73649,672179,23.17
2022-12-21,74158,74361,72935,73649,381238,23.22
2022-12-22,73851,74055,72017,73037,474689,23.23
2022-12-23,72221,73443,71202,71509,529267,23.36
2022-12-26,71508,73342,70489,73241,480441,23.35
2022-12-27,73240,76296,72833,76195,928141,23.82
2022-12-28,75582,76397,73545,74259,692299,23.85
2022-12-29,73952,75888,73545,74972,581093,23.84
2023-01-02,75378,77416,73851,74972,678381,23.62
2023-01-03,74972,75787,71305,72732,835625,23.69
2023-01-04,72935,73444,70490,73139,545197,23.72
2023-01-05,73240,73750,66823,68046,1488670,23.06
2023-01-06,67229,69471,67026,68249,518811,23.34
2023-01-09,68961,69980,68350,69268,515392,23.33
2023-01-10,69573,70795,68452,69268,499677,23.2
2023-01-11,70081,75174,69980,74972,1614920,23.82
2023-01-12,75582,80167,74971,80167,1750588,24.07
2023-01-13,80167,81898,79148,81696,1238266,24.44
2023-01-16,81491,83834,79963,82307,1218041,25.04
2023-01-17,82205,84751,81491,82409,1084615,25.38
2023-01-18,82204,82713,78028,78640,1074535,25.01
2023-01-19,78027,79454,76500,76908,751190,25.23
2023-01-20,76907,78028,75786,77519,710428,25.25
2023-01-25,78129,78638,75480,75991,833472,25.22
2023-01-26,75990,79657,75685,79047,888082,25.42
2023-01-27,79250,79657,77925,78945,617044,25.58
2023-01-30,78944,82714,77213,78538,1117910,25.49
2023-01-31,78537,82305,77925,81899,960514,25.84
2023-02-01,82713,83426,81491,82307,756845,25.84
2023-02-02,82611,83120,80981,82001,622358,25.94
2023-02-03,81695,83834,81083,82918,685833,26.22
2023-02-06,81797,85973,80472,84955,1047985,26.36
2023-02-07,85565,86584,83935,84955,762631,26.35
2023-02-08,85667,86381,84649,85465,436732,26.45
2023-02-09,85362,87196,85057,86178,665326,26.6
2023-02-10,85261,90659,85261,89540,1224175,27.0
2023-02-13,89844,90965,88520,89132,675364,27.2
2023-02-14,89232,91881,88723,90659,761205,27.27
2023-02-15,90760,91474,87603,88724,635938,27.55
2023-02-16,88622,90558,87705,89336,570376,27.72
2023-02-17,88316,90761,86687,89845,454776,27.92
2023-02-20,90149,91474,88010,89030,530364,28.03
2023-02-21,88723,90149,88112,89437,450245,28.31
2023-02-22,88724,93002,87704,88215,1043667,28.3
2023-02-23,88621,91065,87806,90659,493955,28.55
2023-02-24,90659,94225,90455,93920,941718,28.78
2023-02-27,94732,94732,88723,90659,1201665,28.2
2023-02-28,91067,93613,90150,91679,680803,28.37
2023-03-02,92084,93205,89946,92595,571142,28.63
2023-03-03,92900,95650,92391,95448,723345,28.89
2023-03-06,95956,99725,95854,98198,714412,28.89
2023-03-07,98197,99929,97688,99115,475484,29.05
2023-03-08,97892,100336,97382,98096,467240,29.09
2023-03-09,98401,99419,96975,99013,469572,29.1
2023-03-10,98197,99623,96465,97383,435307,29.17
2023-03-13,96363,97688,93409,97383,597954,29.37
2023-03-14,97789,99418,95955,96771,591656,29.47
2023-03-15,98503,101864,97586,101152,728402,29.78
2023-03-16,101151,101559,95752,97587,780609,29.51
2023-03-17,98401,100947,96160,96874,813805,29.61
2023-03-20,96465,100235,96364,97485,530331,29.86
2023-03-21,98604,99826,98196,99216,484366,30.12
2023-03-22,99725,99725,90455,92595,2113019,30.03
2023-03-23,92594,95039,91677,93817,859789,30.62
2023-03-24,94225,94836,92188,93411,618642,30.74
2023-03-27,93512,95243,92798,94633,580056,31.08
2023-03-28,94225,98503,94225,97078,681310,31.71
2023-03-29,97382,97484,95039,96568,378633,31.74
2023-03-30,96975,99420,96364,98402,610725,32.01
2023-03-31,98095,101864,97993,101050,729625,32.35
2023-04-03,101761,105632,101660,104513,635888,32.62
2023-04-04,105939,112051,105836,109505,1012692,32.72
2023-04-05,110727,117043,110014,114089,1303167,32.84
2023-04-06,115108,116126,112968,115312,622334,33.01
2023-04-07,114802,114802,110931,112969,619007,33.07
2023-04-10,113273,121015,111745,119488,908666,33.28
2023-04-11,121830,122340,112153,114599,1224442,32.99
2023-04-12,114597,118773,113579,114700,766037,33.03
2023-04-13,114700,115005,111746,113886,711685,32.97
2023-04-14,113884,114292,108486,109811,1035279,33.12
2023-04-17,110624,113273,110522,112357,643694,33.35
2023-04-18,112357,112866,109301,110932,559445,33.38
2023-04-19,111542,112662,108995,110320,536556,33.49
2023-04-20,111134,114292,108995,109709,1036683,33.3
2023-04-21,110421,110523,105532,108487,614883,33.26
2023-04-24,109912,115820,107365,108283,1693728,33.28
2023-04-25,109606,115107,107670,112561,1748255,33.09
2023-04-26,113272,113272,103493,109912,1477755,32.72
2023-04-27,107364,116634,104512,113070,1958575,32.82
2023-04-28,114088,116126,103291,104616,1896604,31.99
2023-05-02,103901,111032,103291,109607,1146618,32.93
2023-05-03,109300,113375,108383,108894,721049,33.05
2023-05-04,108079,109912,105226,107061,567904,33.08
2023-05-08,108994,109402,106142,106958,433088,33.18
2023-05-09,107773,107773,103495,103903,574291,33.17
2023-05-10,105532,106957,104512,105023,423641,33.37
2023-05-11,105634,109097,104412,108487,811044,33.61
2023-05-12,109097,110115,103596,104921,878863,33.23
2023-05-15,104920,106041,103392,105532,378928,33.33
2023-05-16,105531,106244,104309,105430,339535,33.54
2023-05-17,102883,106346,102883,106041,505039,33.77
2023-05-18,106652,108485,105226,105838,522394,33.7
2023-05-19,106142,108995,105939,108894,636256,33.89
2023-05-22,110828,114903,110624,113070,978826,34.19
2023-05-23,114292,114394,110014,112969,613237,34.22
2023-05-24,113274,114088,111032,112765,524460,34.18
2023-05-25,111542,112459,109403,110015,485602,34.03
2023-05-26,111847,112968,107569,108487,644844,34.09
2023-05-30,109912,111033,106958,107570,598948,33.93
2023-05-31,107568,109810,106041,108079,3723125,34.07
2023-06-01,108180,112866,108180,110015,724710,34.43
2023-06-02,110828,113272,110013,112866,636594,34.7
2023-06-05,113273,114496,110726,111237,366885,34.57
2023-06-07,111644,112967,109708,109811,506033,34.19
2023-06-08,110320,111441,109301,110219,453165,34.14
2023-06-09,110217,110320,108995,109098,413499,34.1
2023-06-12,110015,112459,109607,110219,625901,34.09
2023-06-13,110727,112458,107671,112052,848981,34.52
2023-06-14,112051,113884,111440,112765,547587,34.55
2023-06-15,112357,115922,111236,113478,710441,34.74
2023-06-16,114394,120201,114292,118979,1131819,34.99
2023-06-19,120505,141388,120404,139861,3386670,35.73
2023-06-20,139860,146889,138333,145158,2123477,35.94
2023-06-21,146583,150148,140471,141389,1550788,35.92
2023-06-22,142102,144648,137925,140269,935182,36.05
2023-06-23,139962,140063,135786,136907,645094,36.1
2023-06-26,135276,135887,131099,134054,679216,36.07
2023-06-27,133953,135889,131406,132935,445664,35.92
2023-06-28,133952,134461,129164,130082,493707,35.9
2023-06-29,129470,130999,126312,127536,682025,35.72
2023-06-30,128248,131304,127025,129777,606395,35.71
2023-07-03,130387,133239,127127,132527,537636,35.71
2023-07-04,133443,134767,130488,134157,509980,35.58
2023-07-05,134461,136294,132831,135175,426893,35.56
2023-07-06,135276,136294,132933,134054,392366,35.58
2023-07-07,133545,134563,131507,133953,349810,35.53
2023-07-10,138026,138128,133035,134258,545109,35.35
2023-07-11,134461,146584,132628,143834,1082921,35.41
2023-07-12,145260,145361,138944,139760,556428,35.22
2023-07-13,140981,144648,139045,143834,571105,35.36
2023-07-14,144037,144342,137619,138333,606942,35.19
2023-07-17,137416,137416,133137,133444,567196,35.19
2023-07-18,133444,133850,129776,130694,478847,35.17
2023-07-19,130998,132730,129165,130286,377642,35.24
2023-07-20,129063,131813,128248,130286,311424,35.28
2023-07-21,130286,131304,128350,130694,279574,35.33
2023-07-24,130387,134258,129368,131508,558608,35.3
2023-07-25,131507,136600,131406,135481,638960,35.4
2023-07-26,137109,137211,127840,129165,863968,35.23
2023-07-27,142102,153816,125396,126619,3591339,34.51
2023-07-28,128043,128145,117450,117654,1471169,33.81
2023-07-31,119588,128146,119487,124479,1208611,34.22
2023-08-01,124682,125497,121422,123766,543826,34.1
2023-08-02,123459,128858,121524,123053,731339,33.85
2023-08-03,123053,125293,120812,121220,469073,33.77
2023-08-04,121219,123460,120811,121831,309739,33.84
2023-08-07,123765,126414,121422,123155,459258,33.88
2023-08-08,122645,123052,119589,120914,462493,33.9
2023-08-09,120403,121015,117959,120201,338256,33.91
2023-08-10,119691,120099,116636,116840,439706,33.83
2023-08-11,116838,118875,116227,118673,307534,33.85
2023-08-14,118977,119181,114903,115821,332217,33.81
2023-08-16,114597,115922,111237,111237,505875,33.87
2023-08-17,109912,111949,108078,110116,568029,33.93
2023-08-18,109300,113477,109096,109607,452583,34.09
2023-08-21,109912,112561,109607,110932,295523,34.08
2023-08-22,110421,112459,105736,110932,437749,34.13
2023-08-23,111542,115311,111338,114395,428228,34.21
2023-08-24,114496,115921,110421,112765,488470,34.07
2023-08-25,112561,113579,111644,112052,261832,33.98
2023-08-28,113070,115515,112866,115210,259551,34.02
2023-08-29,115819,116329,113069,115413,279623,33.94
2023-08-30,117145,118061,114700,117349,340541,33.97
2023-08-31,117959,117959,115310,116330,450644,33.78
2023-09-01,116533,119792,116430,116737,370577,33.74
2023-09-04,117959,118876,116533,116636,228244,33.6
2023-09-05,117042,117959,115005,116840,224992,33.61
2023-09-06,116737,120506,115922,119794,421687,33.61
2023-09-07,119283,120608,114598,116127,514167,33.27
2023-09-08,115922,120506,115718,119488,470114,33.45
2023-09-11,120098,124784,119997,124072,612122,33.49
2023-09-12,124988,125802,119385,119488,627379,33.29
2023-09-13,119486,119486,113680,114292,521223,33.0
2023-09-14,114496,115515,112765,113173,436969,33.06
2023-09-15,115513,117143,113579,113579,432150,33.07
2023-09-18,113884,114801,113070,113070,211812,33.03
2023-09-19,113069,113272,109809,111338,334568,33.01
2023-09-20,110523,111746,109606,111441,182891,33.1
2023-09-21,111338,113070,110829,111237,304801,33.2
2023-09-22,110014,110625,105939,107774,512633,33.14
2023-09-25,107773,109504,106245,106348,318325,33.23
2023-09-26,106449,108894,105736,106144,326895,33.26
2023-09-27,105531,106856,104716,106551,229426,33.29
2023-10-04,106245,106245,103291,104107,343535,33.38
2023-10-05,103596,104717,100133,100541,413627,33.49
2023-10-06,100335,101660,99724,100642,249066,33.56
2023-10-10,108485,109402,101966,102884,1160128,33.61
2023-10-11,103188,106244,100234,105532,444090,33.73
2023-10-12,106447,109198,105938,106958,376794,33.76
2023-10-13,105939,108282,104920,107977,251221,33.74
2023-10-16,107976,110522,103087,103291,537471,33.6
2023-10-17,103800,105327,101864,102171,350505,33.62
2023-10-18,102578,104921,100337,101662,458931,33.53
2023-10-19,100337,101151,98299,99115,329437,33.57
2023-10-20,98604,100540,94733,95753,405962,33.64
2023-10-23,91881,103087,91881,102171,670534,33.79
2023-10-24,102884,103800,98809,101662,393426,33.69
2023-10-25,102577,107976,101966,102884,521800,33.62
2023-10-26,101559,103596,99929,101458,344216,33.56
2023-10-27,101456,102170,99317,99420,278845,33.48
2023-10-30,99725,106651,99622,103596,530442,33.58
2023-10-31,103902,105124,100438,102884,573303,33.35
2023-11-01,105327,116227,104513,115617,1415587,33.55
2023-11-02,117553,118876,113783,117553,739186,33.52
2023-11-03,117551,123256,117449,122238,784547,33.91
2023-11-06,124376,124580,120913,123970,607995,34.1
2023-11-07,123663,127229,123562,126211,534438,34.3
2023-11-08,126822,126923,122136,124072,309228,34.3
2023-11-09,123664,128146,123461,126619,362186,34.27
2023-11-10,125701,128044,124580,127128,282007,34.25
2023-11-13,127126,130080,126413,127433,296124,34.23
2023-11-14,128349,130896,127840,130184,307100,34.23
2023-11-15,130897,132119,128961,130897,360056,34.18
2023-11-16,129878,129979,121830,122748,758628,33.97
2023-11-17,122542,124172,118875,123562,427915,33.95
2023-11-20,123154,124274,121320,123562,233929,33.91
2023-11-21,123460,124580,122034,122238,230758,33.86
2023-11-22,122034,123969,121219,123155,228313,33.92
2023-11-23,124275,125192,122441,124174,220067,33.88
2023-11-24,124274,124580,122237,122340,153636,33.85
2023-11-27,123255,123459,120505,120608,188365,33.86
2023-11-28,121015,122135,120098,121729,257751,33.79
2023-11-29,122135,129063,120404,125396,880067,33.28
2023-11-30,124071,129674,124071,128249,922405,32.92
2023-12-01,128247,140981,128146,138537,1828327,33.21
2023-12-04,138739,143119,137007,140879,1131953,33.08
2023-12-05,139860,142712,136804,137620,595680,33.1
2023-12-06,136499,139860,134563,138435,680892,32.78
2023-12-07,138536,141593,134666,135889,574387,32.71
2023-12-08,132831,136804,129368,133749,843282,32.64
2023-12-11,136905,140267,128552,131100,1088082,32.43
2023-12-12,127330,132118,125802,131100,667775,32.78
2023-12-13,130082,131202,126414,127332,412782,32.72
2023-12-14,125293,130183,125293,127433,465272,32.53
2023-12-15,127942,128554,126313,128249,357868,32.56
2023-12-18,128554,130285,127127,128045,238068,32.45
2023-12-19,128045,128350,126414,128249,173873,32.46
2023-12-20,128859,129572,127331,129471,273658,32.5
2023-12-21,129266,129368,127636,127739,174478,32.38
2023-12-22,127943,131508,127229,129981,306403,32.55
2023-12-26,129877,130081,125089,125192,257580,32.48
2023-12-27,125192,126823,125090,126823,166936,32.51
2023-12-28,127535,127535,125803,126823,182070,32.49
2024-01-02,127025,132119,126821,132119,339918,32.53
2024-01-03,131508,136703,129776,135787,553646,32.65
2024-01-04,136601,138740,132526,134768,413158,32.64
2024-01-05,135479,144851,131914,133545,1103488,32.49
2024-01-08,133545,136092,130693,131407,268367,32.45
2024-01-09,133341,133341,131303,131610,245098,32.37
2024-01-10,132934,141999,132628,138843,1076482,32.75
2024-01-11,139453,146991,138842,144649,1194839,32.54
2024-01-12,145259,152288,142611,143936,983234,32.14
2024-01-15,145871,148214,141694,143427,471298,31.98
2024-01-16,142916,143934,140471,141287,269539,32.01
2024-01-17,140982,142000,135990,137519,388987,31.95
2024-01-18,137721,144953,137618,144037,679931,32.06
2024-01-19,145158,149640,142713,147298,639476,32.16
2024-01-22,148620,151778,145768,150862,531644,32.15
2024-01-23,151473,151983,145972,146279,442927,31.91
2024-01-24,144546,148112,142611,144344,282351,31.82
2024-01-25,144546,148315,142713,143121,352589,31.79
2024-01-26,142203,145973,141898,143223,270319,31.86
2024-01-29,144546,146889,138028,138028,473162,31.81
2024-01-30,138028,139759,133341,134361,417737,31.9
2024-01-31,135583,141083,134971,140677,489521,32.05
2024-02-01,138129,141899,133953,135074,436106,31.94
2024-02-02,135072,136906,133443,134666,325230,31.87
2024-02-05,134564,135481,132424,132935,245099,31.83
2024-02-06,132322,134971,129571,134462,340558,31.87
2024-02-07,136499,137925,134156,135481,273694,31.84
2024-02-08,137111,140574,136804,137315,408233,31.94
2024-02-13,139860,140777,137924,138435,267854,31.95
2024-02-14,138434,157890,136601,149029,1317406,32.31
2024-02-15,149232,150250,147195,147603,394908,32.24
2024-02-16,147704,149436,143629,143936,393417,32.31
2024-02-19,144750,155343,144546,154733,806280,32.72
2024-02-20,155242,162984,154122,156771,1261030,32.89
2024-02-21,158095,161966,153409,157281,577393,32.73
2024-02-22,159827,162271,156669,160948,692284,32.77
2024-02-23,161455,161557,153612,156974,672528,32.67
2024-02-26,158910,171235,158706,169301,1604755,32.92
2024-02-27,170216,192830,170114,182441,4043917,33.73
2024-02-28,183458,199553,183458,198128,2845354,34.42
2024-02-29,199656,206786,189673,190998,1582971,34.52
2024-03-04,193543,196599,188653,191099,774754,34.62
2024-03-05,189571,195479,187432,188757,655930,34.64
2024-03-06,188960,209333,188960,207806,2254393,34.84
2024-03-07,210861,213916,199452,203731,999957,34.85
2024-03-08,206786,209332,200878,203731,573398,34.78
2024-03-11,202712,205768,195887,196601,628276,34.7
2024-03-12,196294,197516,186413,188757,936015,34.83
2024-03-13,189266,191506,182542,186516,829911,34.82
2024-03-14,188247,192118,185191,186007,745321,34.8
2024-03-15,187024,190487,183256,183460,490465,34.79
2024-03-18,185293,188247,183969,186618,502555,34.83
2024-03-19,192729,196498,190284,194054,1089336,34.95
2024-03-20,196804,198638,192219,194971,579382,34.88
2024-03-21,196396,198026,193645,197314,384478,34.94
2024-03-22,199554,221048,199350,205769,1911554,35.38
2024-03-25,211370,218501,205259,207297,873606,35.34
2024-03-26,211370,223085,210861,220030,1153768,35.88
2024-03-27,227160,229196,217991,227160,820076,36.06
2024-03-28,223595,224105,210352,211372,777512,35.85
2024-03-29,212388,217482,207295,208315,447258,35.88
2024-04-01,210861,215954,208314,212899,314822,35.92
2024-04-02,215445,249570,204240,245497,3084215,35.99
2024-04-03,245496,246005,220029,232254,2069323,35.32
2024-04-04,229197,242949,224613,240403,1075114,35.31
2024-04-05,229706,238873,213916,216464,1343425,35.15
2024-04-08,215955,225122,213917,215955,665077,35.15
2024-04-09,213408,218500,209333,212899,557572,35.16
2024-04-11,210861,220539,210861,217993,516717,35.35
2024-04-12,220028,226140,217482,221048,462573,35.33
2024-04-15,225122,226651,213918,213918,489026,35.2
2024-04-16,214936,224612,210861,214936,838454,35.23
2024-04-17,216464,228688,211370,224105,802609,35.55
2024-04-18,225632,230726,222576,230217,487450,35.7
2024-04-19,233780,244986,230215,238365,1827263,35.79
2024-04-22,240911,241931,223085,224105,692009,35.65
2024-04-23,228178,240913,227160,240913,916151,35.93
2024-04-24,239383,250589,235819,246006,863489,36.1
2024-04-25,243968,249061,239384,245497,587900,36.11
2024-04-26,247532,254153,236327,239384,684477,36.0
2024-04-29,239384,240402,232254,236329,452761,36.01
2024-04-30,235818,236837,215446,215446,1193549,36.11
2024-05-02,215954,229197,213917,224614,778650,36.42
2024-05-03,226651,228179,219010,219521,329045,36.27
2024-05-07,221048,223086,215445,222577,349474,36.26
2024-05-08,222577,223086,216974,222577,287287,36.23
2024-05-09,223085,223085,216973,217993,291777,36.12
2024-05-10,221556,226650,221556,222067,313749,36.24
2024-05-13,222066,227159,220029,225632,235632,36.34
2024-05-14,225631,225631,220028,221048,222871,36.2
2024-05-16,223084,225122,217991,219011,319110,36.22
2024-05-17,219011,221048,211370,211881,294380,36.17
2024-05-20,211370,215954,204240,214427,374718,36.19
2024-05-21,214427,215955,209843,211372,224620,36.14
2024-05-22,211371,213408,204750,204750,358033,36.16
2024-05-23,204748,207295,197618,205259,316208,36.19
2024-05-24,201999,209842,199146,207806,315995,36.22
2024-05-27,208313,215954,208313,214936,326834,36.26
2024-05-28,219519,229196,214935,227160,624000,36.4
2024-05-29,227668,229706,219519,222067,472746,36.37
2024-05-30,221557,224612,207295,207806,448313,36.13
2024-05-31,212388,214425,207804,208824,406208,36.07
2024-06-03,216973,248041,213407,227160,3114709,36.11
2024-06-04,224103,225631,213407,214936,888797,35.92
2024-06-05,214425,216463,209841,210352,419057,35.98
2024-06-07,214427,218501,212898,213409,383796,36.11
2024-06-10,211370,218502,210352,217993,287374,36.27
2024-06-11,220029,221557,212898,213918,275739,36.18
2024-06-12,214426,216973,212898,215955,273543,36.21
2024-06-13,217482,230216,215445,229198,853552,36.76
2024-06-14,229706,238874,226140,232763,695838,36.72
2024-06-17,236327,246005,232253,242950,675122,36.81
2024-06-18,243459,243459,234290,236838,447449,36.71
2024-06-19,238875,260775,237346,255683,1668036,36.95
2024-06-20,258228,260266,246514,252627,734631,36.78
2024-06-21,253135,258738,238365,240403,667713,36.52
2024-06-24,240912,246004,239383,240403,265493,36.51
2024-06-25,242439,244477,235309,236838,319944,36.43
2024-06-26,236327,237345,230724,233781,267147,36.41
2024-06-27,231743,240911,231234,239384,388053,36.49
2024-06-28,240911,254664,235309,254155,779411,36.73
2024-07-01,252116,256191,247023,248043,382828,36.58
2024-07-02,249060,250079,234290,239384,517912,36.37
2024-07-03,240402,242439,234290,237347,287585,36.27
2024-07-04,237346,248042,235818,246515,325833,36.39
2024-07-05,246515,248552,241421,246006,236316,36.42
2024-07-08,246005,257719,245495,256192,535603,36.64
2024-07-09,256190,259247,250078,256701,374826,36.53
2024-07-10,262303,278601,260265,261285,1205925,36.74
2024-07-11,263321,268924,259756,261285,463007,36.76
2024-07-12,264851,265869,255682,258230,334884,36.66
2024-07-15,269433,276565,263321,269944,890402,36.74
2024-07-16,273000,287262,271981,274529,980198,36.77
2024-07-17,279111,290316,276565,280131,777624,36.98
2024-07-18,278093,293883,274528,276566,1152390,37.24
2024-07-19,275546,288788,268415,286752,633239,37.46
2024-07-22,288789,293373,278602,280131,568366,37.21
2024-07-23,279111,293373,275037,292355,613470,37.36
2024-07-24,291335,313237,289808,304070,941781,37.51
2024-07-25,305087,318330,295410,298976,1220050,37.55
2024-07-26,303559,308143,295410,304070,584229,37.52
2024-07-29,310180,330044,302540,328517,818064,37.52
2024-07-30,329025,336156,315782,324442,1037579,36.91
2024-07-31,317821,329536,290826,293374,1474953,36.72
2024-08-01,295410,311709,292355,309163,993651,37.07
2024-08-02,304577,311709,294392,294392,752368,37.07
2024-08-05,290316,298465,251607,271981,1263965,36.92
2024-08-06,277584,284205,266888,268926,1317323,36.52
2024-08-07,269943,289806,267906,284205,914842,36.55
2024-08-08,284714,300503,276056,298976,864193,36.71
2024-08-09,306106,314255,304578,309163,575171,36.91
2024-08-12,310689,315273,305086,311709,407661,36.99
2024-08-13,312217,323422,308143,313746,519371,37.03
2024-08-14,317819,318329,310180,313746,316677,37.07
2024-08-16,316802,317821,310691,310691,321065,37.16
2024-08-19,311708,320366,304577,305597,387266,37.2
2024-08-20,305597,306106,289298,292864,726705,36.98
2024-08-21,291844,292354,281148,289808,564603,36.92
2024-08-22,291335,292863,280639,283187,342556,36.92
2024-08-23,280130,290317,280130,280641,334434,36.85
2024-08-26,282677,283186,275036,282677,324155,36.75
2024-08-27,283696,291845,276564,289299,458970,36.61
2024-08-28,293373,302032,288279,295411,882602,36.65
2024-08-29,0,0,0,295411,0,36.66
2024-08-30,0,0,0,295411,0,36.66
2024-09-02,0,0,0,295411,0,36.66
2024-09-03,0,0,0,295411,0,36.66
2024-09-04,0,0,0,295411,0,36.66
2024-09-05,0,0,0,295411,0,36.66
2024-09-06,0,0,0,295411,0,36.66
2024-09-09,0,0,0,295411,0,36.66
2024-09-10,0,0,0,295411,0,36.66
2024-09-11,0,0,0,295411,0,36.66
2024-09-12,0,0,0,295411,0,36.66
2024-09-13,0,0,0,295411,0,36.66
2024-09-19,0,0,0,295411,0,36.66
2024-09-20,0,0,0,295411,0,36.66
2024-09-23,0,0,0,295411,0,36.66
2024-09-24,0,0,0,295411,0,36.66
2024-09-25,0,0,0,295411,0,36.66
2024-09-26,0,0,0,295411,0,40.96
2024-09-27,295411,316089,295411,312151,1578065,41.29
2024-09-30,312151,312643,292457,292457,591733,40.89
2024-10-02,299350,304766,293441,304766,662828,41.34
2024-10-04,312643,336276,310182,332338,1090627,42.41
2024-10-07,335292,355971,334799,346124,834206,42.67
2024-10-08,346123,358925,343662,358925,615146,43.02
2024-10-10,362863,362863,344646,345139,574149,42.95
2024-10-11,348585,354001,345631,351047,242439,43.0
2024-10-14,357447,358432,345631,351047,230292,42.97
2024-10-15,354494,369264,347601,368280,449492,43.21
2024-10-16,368772,386497,363356,376650,473433,43.29
2024-10-17,379603,388958,375664,386989,455670,43.33
2024-10-18,384527,386496,372710,381573,390247,43.21
2024-10-21,384035,386004,374680,375665,263644,43.04
2024-10-22,377634,380096,365325,379604,358685,42.95
2024-10-23,379111,382065,363848,367295,310610,42.87
2024-10-24,362371,373695,362371,368280,284818,42.86
2024-10-25,369263,379110,362863,372218,284383,42.8
2024-10-28,373695,380096,371233,371726,184604,42.85
2024-10-29,371725,382064,371725,375172,232699,42.9
2024-10-30,376649,378619,366802,369757,211843,42.83
2024-10-31,367786,374679,355970,362371,415492,42.67
2024-11-01,362371,379111,348093,372711,489009,42.91
2024-11-04,373203,376157,359417,361387,364015,42.64
2024-11-05,358924,363355,353016,356463,239479,42.64
2024-11-06,358432,388958,353016,381573,840763,43.11
2024-11-07,388957,399297,383542,398805,713614,43.35
2024-11-08,398805,400774,388958,397328,343384,43.32
2024-11-11,399789,411606,393881,409637,342235,43.35
2024-11-12,411606,418499,404713,407175,417557,43.32
2024-11-13,407175,412590,392404,395851,303605,43.32
2024-11-14,397328,408159,396343,397328,331186,43.36
2024-11-15,401759,415053,397820,400775,266780,43.35
2024-11-18,400775,400775,384527,386497,268418,43.18
2024-11-19,386496,389450,371725,375172,316025,43.07
2024-11-20,376157,380588,364340,374188,289893,42.99
2024-11-21,367786,373202,343169,351047,485267,43.0
2024-11-22,355478,374187,354493,373695,483060,43.22
2024-11-25,371233,372218,344154,353509,811911,43.02
2024-11-26,350062,350062,313628,314613,939780,42.98
2024-11-27,314120,323967,313628,317567,374640,43.09
2024-11-28,317567,326429,308212,320029,352911,43.04
2024-11-29,322982,334307,307720,307720,503897,42.99
2024-12-02,309689,318551,308212,316090,311434,43.1
2024-12-03,324459,336276,321997,333322,340321,43.18
2024-12-04,323475,337261,323475,329876,487122,43.14
2024-12-05,329876,330860,299350,303289,850662,43.52
2024-12-06,309689,312643,281625,293442,953223,43.61
2024-12-09,279163,283594,272762,274732,740401,44.05
2024-12-10,274732,287533,265870,286549,768700,43.92
2024-12-11,286549,299842,282610,293442,324632,43.81
2024-12-12,295410,309689,290979,306735,561255,43.81
2024-12-13,311167,319044,305258,318060,402152,43.8
2024-12-16,327413,327906,308212,315105,429866,43.4
2024-12-17,311658,315597,299349,300827,397381,43.39
2024-12-18,300334,306735,297872,300827,224925,43.37
2024-12-19,292949,310182,292949,304274,295144,43.34
2024-12-20,304273,304766,298365,300335,224574,43.33
2024-12-23,301812,323475,301812,321014,341897,43.49
2024-12-24,323967,324952,315597,319044,182363,43.39
2024-12-26,319044,321998,311659,318552,189170,43.44
2024-12-27,316582,322491,313136,314121,199259,43.49
2024-12-30,312151,324952,312151,321506,207787,43.59
2025-01-02,325444,358432,325444,357940,552514,43.95
2025-01-03,356463,362371,350062,356463,264647,43.92
2025-01-06,356955,370249,354986,360402,305207,43.98
2025-01-07,363847,378618,361386,375172,342500,44.28
2025-01-08,373203,380588,367294,377142,296581,44.36
2025-01-09,373202,386004,357447,386004,464607,44.53
2025-01-10,382558,384527,369264,372711,348501,44.41
2025-01-13,375172,392405,375172,389451,426902,44.71
2025-01-14,386004,395851,385512,389451,194688,44.67
2025-01-15,393389,394373,387480,388958,174479,44.88
2025-01-16,392897,393389,381081,387974,217363,44.89
2025-01-17,386004,386497,372218,376650,313706,44.82
2025-01-20,386988,386988,368771,371726,232227,44.77
2025-01-21,372217,386003,372217,383542,286124,44.88
2025-01-22,386004,393389,380588,383050,238314,44.85
2025-01-23,384526,387973,375664,377634,130952,44.72
2025-01-24,377634,407667,377634,405206,491306,45.1
2025-01-31,408160,408652,390927,393882,426183,44.89
2025-02-03,386004,393389,378619,386497,241023,44.82
2025-02-04,388957,407667,388957,400282,281798,44.92
2025-02-05,402744,404221,393389,396344,184592,44.89
2025-02-06,398312,417514,386988,414068,462241,45.02
2025-02-07,415053,432285,405698,411607,516124,44.91
2025-02-10,417022,418991,404713,406683,299083,44.83
2025-02-11,447056,490875,435731,490383,2638591,45.14
2025-02-12,495307,515985,492352,512047,1084114,45.24
2025-02-13,501215,517955,487429,508108,713620,45.24
2025-02-14,508108,530756,495306,524848,659636,45.21
2025-02-17,524847,580976,519924,568175,1037426,45.28
2025-02-18,590822,648920,589838,633165,1265118,45.35
2025-02-19,629227,632181,609532,629227,535385,45.21
2025-02-20,617410,653844,598700,635135,903867,45.25
2025-02-21,625287,657782,605593,649905,571510,45.37
2025-02-24,647936,663691,642028,655814,392672,45.55
2025-02-25,647936,684370,646951,669600,455655,45.55
2025-02-26,678462,690278,652859,661722,356957,45.52
2025-02-27,652859,665661,623318,639074,494054,45.54
2025-02-28,633165,641043,582945,584915,775132,45.47
2025-03-04,623318,690278,617409,690278,1276936,45.75
2025-03-05,677477,698155,659752,684370,790217,45.48
2025-03-06,703079,703079,660737,667630,591764,45.12
2025-03-07,669600,728682,653844,719820,966856,45.73
2025-03-10,720804,733605,683385,691263,586490,45.38
2025-03-11,664675,681415,664675,667630,415030,45.31
2025-03-12,672553,693232,635134,654829,736945,45.41
2025-03-13,660737,703079,660737,696187,641185,45.65
2025-03-14,689293,703079,685354,694217,299519,45.82
2025-03-17,703079,745421,698155,741483,676451,46.14
2025-03-18,752315,769055,734590,752315,476280,46.18
2025-03-19,759207,762161,734590,744437,396364,46.1
2025-03-20,738528,742467,708987,710957,431223,46.1
2025-03-21,617410,644982,598700,618395,1841838,46.32
2025-03-24,627257,673538,626272,664676,737364,47.06
2025-03-25,677476,681415,640058,643997,354896,47.06
2025-03-26,644981,664675,622333,656798,342537,46.97
2025-03-27,662707,668615,649905,652860,218449,46.96
2025-03-28,664675,666645,619379,620364,309365,46.83
2025-03-31,595746,628241,593777,617410,310032,46.83
2025-04-01,633165,671569,630211,662707,348356,47.17
2025-04-02,674523,683385,649905,652860,302544,47.15
2025-04-03,642028,699141,640058,686340,433811,47.29
2025-04-04,694217,708987,664675,691263,429311,47.37
2025-04-07,672553,673538,626272,632181,419208,47.09
2025-04-08,675507,694216,659752,687324,566838,47.25
2025-04-09,706033,706033,662706,680431,417558,47.06
2025-04-10,715880,728682,696186,728682,416930,47.28
2025-04-11,718834,769054,715880,767085,385452,47.39
2025-04-14,785795,791703,768070,779887,274879,47.3
2025-04-15,783825,784810,746406,759208,257346,47.09
2025-04-16,759208,785795,750345,775948,261193,47.17
2025-04-17,777917,803520,769055,803520,330290,47.25
2025-04-18,801550,848816,795641,815336,356766,47.44
2025-04-21,836999,836999,800565,817305,201338,47.31
2025-04-22,816320,830106,810412,817305,153519,47.29
2025-04-23,824198,827152,792687,801550,194175,47.17
2025-04-24,804504,820259,792687,811397,167510,47.24
2025-04-25,815335,819274,797611,811397,245851,47.12
2025-04-28,812381,832075,794656,814351,336411,46.96
2025-04-29,809428,809428,782841,796627,274319,46.89
2025-04-30,798595,819274,739513,784810,516970,46.82
2025-05-02,784810,809427,775947,805489,272443,46.97
2025-05-07,819275,876387,814351,876388,475710,47.26
2025-05-08,873433,885250,847831,869495,329382,47.25
2025-05-09,874418,884265,859647,864571,374107,47.09
2025-05-12,862601,863586,801549,807458,289656,46.9
2025-05-13,783825,812381,768070,791703,366566,46.81
2025-05-14,800565,821243,794656,807458,280252,45.01
2025-05-15,811397,815336,798596,809428,167490,44.99
2025-05-16,810412,832075,810412,828137,162843,45.08
2025-05-19,819275,840938,812382,826168,111228,45.08
2025-05-20,834045,836015,796626,802535,184182,45.0
2025-05-21,807458,840938,806474,837000,244780,45.2
2025-05-22,837000,843000,822000,833000,152390,45.17
2025-05-23,833000,836000,813000,830000,136055,45.1
2025-05-26,799000,833000,798000,833000,169509,45.07
2025-05-27,842000,889000,834000,887000,369030,45.42
2025-05-28,884000,893000,827000,832000,320783,45.22
2025-05-29,848000,872000,833000,857000,234459,45.31
2025-05-30,851000,852000,811000,811000,436671,44.89
2025-06-02,822000,839000,821000,835000,156208,45.06
2025-06-04,838000,845000,811000,845000,213653,45.12
2025-06-05,848000,925000,844000,905000,512018,45.65
2025-06-09,891000,895000,862000,880000,284593,45.52
2025-06-10,904000,950000,883000,936000,337596,45.73
2025-06-11,936000,942000,901000,905000,414770,45.43
2025-06-12,919000,958000,906000,953000,442140,45.73
2025-06-13,944000,982000,928000,945000,493711,45.38
2025-06-16,963000,987000,938000,970000,326298,45.4
2025-06-17,954000,964000,940000,954000,270383,45.19
2025-06-18,964000,969000,927000,927000,257813,45.05
2025-06-19,926000,938000,911000,934000,198303,45.03
2025-06-20,924000,965000,917000,938000,419837,45.14
2025-06-23,947000,953000,918000,919000,243428,44.98
2025-06-24,905000,913000,872000,895000,281041,44.87
2025-06-25,897000,900000,856000,856000,313167,44.82
2025-06-26,871000,885000,841000,878000,322082,44.8
2025-06-27,898000,926000,878000,890000,334673,44.71
2025-06-30,877000,877000,848000,848000,260471,44.52
2025-07-01,853000,867000,836000,839000,185116,44.53
2025-07-02,833000,838000,785000,819000,326459,44.55
2025-07-03,846000,861000,813000,817000,274396,44.6
2025-07-04,810000,818000,775000,779000,297249,44.66
2025-07-07,762000,814000,760000,805000,273998,44.75
2025-07-08,820000,827000,796000,815000,265811,44.74
2025-07-09,842000,858000,838000,850000,273305,44.79
2025-07-10,851000,858000,836000,853000,298241,44.69
2025-07-11,847000,847000,802000,806000,255773,44.46
2025-07-14,808000,819000,791000,807000,183007,44.41
2025-07-15,802000,848000,802000,848000,235902,44.62
2025-07-16,840000,854000,830000,854000,165528,44.71
2025-07-17,855000,912000,847000,896000,463424,44.87
2025-07-18,905000,910000,885000,896000,176796,43.73
2025-07-21,891000,926000,881000,919000,224163,43.9
2025-07-22,916000,923000,905000,922000,207213,43.97
2025-07-23,924000,931000,898000,910000,213391,43.95
2025-07-24,911000,946000,909000,941000,263357,44.11
2025-07-25,933000,951000,933000,945000,126974,44.16
2025-07-28,947000,959000,935000,953000,122549,44.19
2025-07-29,951000,998000,947000,998000,324999,44.28
2025-07-30,998000,998000,963000,977000,292494,44.14
2025-07-31,972000,1035000,951000,996000,602496,44.28
2025-08-01,987000,989000,910000,939000,419450,44.14
2025-08-04,930000,945000,922000,938000,118975,44.14
2025-08-05,942000,973000,932000,961000,187035,44.15
2025-08-06,952000,953000,925000,936000,184646,44.02
2025-08-07,939000,942000,923000,932000,155826,44.03
2025-08-08,906000,910000,875000,881000,330808,44.0
2025-08-11,875000,896000,875000,880000,157243,44.01
2025-08-12,885000,890000,849000,851000,307287,43.88
2025-08-13,854000,883000,809000,878000,394063,43.86
2025-08-14,880000,895000,875000,883000,241011,43.84
2025-08-18,879000,906000,869000,888000,236731,43.82
2025-08-19,886000,888000,827000,827000,256827,43.72
2025-08-20,809000,829000,801000,816000,322736,43.65
2025-08-21,834000,848000,827000,834000,128018,43.67
2025-08-22,849000,895000,846000,891000,255134,43.85
2025-08-25,900000,908000,888000,903000,127028,43.88
2025-08-26,896000,904000,880000,900000,246639,43.9
2025-08-27,899000,912000,889000,907000,112708,43.94
2025-08-28,901000,932000,898000,908000,146074,43.91
2025-08-29,917000,920000,884000,884000,183497,43.79
2025-09-01,895000,927000,893000,916000,185557,43.93
2025-09-02,933000,943000,916000,933000,129384,44.01
2025-09-03,938000,950000,932000,941000,152150,44.09
2025-09-04,932000,946000,926000,931000,147466,44.09
2025-09-05,938000,946000,910000,920000,193204,44.1
2025-09-08,924000,952000,921000,951000,176069,44.27
2025-09-09,954000,955000,937000,945000,164915,44.26
2025-09-10,945000,978000,945000,967000,229210,44.37
2025-09-11,973000,1005000,973000,1005000,298028,44.63
2025-09-12,1000000,1011000,993000,1002000,169241,44.61
2025-09-15,998000,1008000,980000,986000,143445,44.61
2025-09-16,994000,1041000,994000,1041000,226446,44.79
2025-09-17,1027000,1038000,1015000,1030000,202933,44.83
2025-09-18,1043000,1052000,999000,1023000,209665,44.76
2025-09-19,1010000,1041000,1005000,1022000,363904,44.77
2025-09-22,1028000,1034000,1001000,1022000,137450,44.76
2025-09-23,1005000,1024000,999000,1004000,148757,44.74
2025-09-24,1020000,1063000,1005000,1058000,295040,44.93
2025-09-25,1062000,1094000,1043000,1048000,209497,44.98
2025-09-26,1052000,1070000,1025000,1044000,192038,45.03
2025-09-29,1058000,1065000,1044000,1059000,124076,45.05
2025-09-30,1059000,1127000,1057000,1107000,291287,45.21
2025-10-01,1100000,1113000,1081000,1099000,158652,45.22
2025-10-02,1103000,1118000,1079000,1097000,189175,45.24
2025-10-10,1069000,1079000,1027000,1042000,290169,45.09
2025-10-13,1040000,1045000,991000,993000,183941,44.99
2025-10-14,994000,1009000,924000,933000,318501,44.88
2025-10-15,947000,956000,923000,954000,329226,44.64
2025-10-16,955000,969000,931000,936000,184356,44.54
2025-10-17,931000,947000,912000,912000,184363,44.52
2025-10-20,929000,956000,926000,953000,196306,44.52
2025-10-21,984000,986000,960000,974000,247903,44.45
2025-10-22,994000,1014000,991000,1007000,256790,44.5
2025-10-23,1008000,1063000,1000000,1049000,284405,44.65
2025-10-24,1043000,1043000,1002000,1013000,189996,44.6
2025-10-27,1010000,1042000,1005000,1039000,222929,44.66
2025-10-28,1037000,1039000,992000,996000,183625,44.54
2025-10-29,1017000,1018000,980000,993000,126098,44.48
2025-10-30,1000000,1014000,994000,994000,150339,44.47
2025-10-31,976000,1007000,976000,979000,123048,44.42
2025-11-03,987000,1056000,987000,1042000,330523,44.63
2025-11-04,1038000,1038000,1005000,1010000,180841,44.62
2025-11-05,1008000,1009000,923000,950000,302267,44.42
2025-11-06,978000,998000,958000,970000,142073,44.37
2025-11-07,950000,962000,902000,923000,255527,44.25
2025-11-10,935000,984000,927000,965000,150467,44.26
2025-11-11,975000,980000,944000,948000,118730,44.25
2025-11-12,959000,979000,951000,960000,167363,44.27
2025-11-13,964000,971000,953000,956000,118138,44.3
2025-11-14,951000,989000,938000,955000,211727,44.33
2025-11-17,965000,980000,950000,979000,151162,44.34
2025-11-18,985000,1003000,921000,921000,209914,44.2
2025-11-19,939000,949000,887000,905000,309855,44.05
2025-11-20,910000,944000,907000,916000,183622,44.09
2025-11-21,889000,896000,861000,869000,256581,43.98
2025-11-24,882000,886000,813000,855000,301258,44.08
2025-11-25,868000,877000,850000,859000,121366,44.09
2025-11-26,874000,887000,863000,871000,125169,44.06
2025-11-27,901000,902000,862000,863000,198637,43.88
2025-11-28,866000,866000,836000,852000,195233,43.74
2025-12-01,842000,843000,805000,813000,318566,43.74
2025-12-02,796000,827000,791000,824000,300231,43.75
2025-12-03,836000,879000,834000,866000,315675,43.87
2025-12-04,874000,883000,845000,855000,110369,43.84
2025-12-05,855000,895000,852000,895000,192198,43.9
2025-12-08,907000,943000,899000,937000,231159,44.0
2025-12-09,941000,963000,938000,960000,231353,44.1
2025-12-10,945000,955000,919000,923000,155708,44.06
2025-12-11,932000,935000,900000,904000,242560,44.2
2025-12-12,925000,962000,917000,961000,268675,44.33
2025-12-15,943000,943000,852000,908000,144644,44.26
2025-12-16,899000,904000,864000,875000,207445,44.12
2025-12-17,875000,893000,860000,870000,94698,44.1
2025-12-18,870000,885000,838000,851000,115140,44.07
2025-12-19,865000,907000,865000,884000,208385,44.06
2025-12-22,900000,906000,883000,886000,107353,44.01
2025-12-23,891000,906000,887000,900000,88326,44.03
2025-12-24,900000,903000,870000,878000,103248,44.05
2025-12-26,879000,893000,864000,870000,102783,44.0
2025-12-29,901000,956000,891000,949000,339928,44.15
2025-12-30,963000,964000,918000,941000,187387,44.1
2026-01-02,953000,981000,938000,946000,144603,44.04
2026-01-05,969000,1015000,968000,1012000,327727,44.37
2026-01-06,997000,1030000,981000,1022000,279979,44.39
2026-01-07,1033000,1049000,988000,1010000,269662,44.41
2026-01-08,1051000,1114000,1025000,1090000,508382,44.71
2026-01-09,1101000,1219000,1099000,1214000,575132,44.84
2026-01-12,1256000,1257000,1186000,1212000,282589,44.77
2026-01-13,1229000,1296000,1212000,1282000,322326,44.85
2026-01-14,1279000,1281000,1249000,1269000,182382,44.86
2026-01-15,1312000,1329000,1269000,1294000,220568,44.9
2026-01-16,1308000,1319000,1279000,1299000,291401,44.95
2026-01-19,1316000,1339000,1292000,1330000,194888,45.06
2026-01-20,1345000,1398000,1294000,1309000,222510,45.02
2026-01-21,1312000,1328000,1281000,1315000,264111,44.99
2026-01-22,1292000,1313000,1270000,1289000,205157,45.02
2026-01-23,1281000,1289000,1234000,1255000,260134,44.99
2026-01-26,1268000,1292000,1258000,1262000,126918,44.99
2026-01-27,1295000,1295000,1230000,1230000,154527,44.93
2026-01-28,1280000,1299000,1251000,1288000,180905,44.95
2026-01-29,1301000,1329000,1268000,1300000,227097,44.96
2026-01-30,1340000,1348000,1271000,1300000,247057,44.86
2026-02-02,1320000,1348000,1207000,1239000,312729,44.79
2026-02-03,1280000,1315000,1268000,1299000,203785,44.78
2026-02-04,1315000,1333000,1287000,1324000,143922,44.79
2026-02-05,1290000,1300000,1208000,1227000,333625,44.56
2026-02-06,1159000,1192000,1110000,1181000,295504,44.42
2026-02-09,1246000,1260000,1173000,1193000,275049,44.51
2026-02-10,1220000,1249000,1112000,1146000,504416,44.27
2026-02-11,1153000,1163000,1125000,1130000,248096,44.19
2026-02-12,1139000,1140000,1120000,1131000,210941,44.17
2026-02-13,1119000,1128000,1097000,1105000,236946,44.11
2026-02-19,1199000,1199000,1131000,1149000,190403,44.15
2026-02-20,1224000,1258000,1192000,1242000,443593,44.34
2026-02-23,1241000,1251000,1215000,1236000,196612,44.36
2026-02-24,1243000,1246000,1201000,1241000,172787,44.32
2026-02-25,1240000,1241000,1205000,1212000,168169,44.19
2026-02-26,1207000,1207000,1182000,1194000,184947,44.16
2026-02-27,1227000,1241000,1195000,1195000,325910,44.27
2026-03-03,1330000,1492000,1304000,1432000,1295365,44.17
2026-03-04,1526000,1655000,1243000,1323000,1191514,44.17
2026-03-05,1361000,1486000,1322000,1381000,785586,44.14
2026-03-06,1414000,1540000,1368000,1481000,836707,44.45
2026-03-09,1516000,1550000,1361000,1434000,564231,44.28
2026-03-10,1365000,1484000,1353000,1455000,452836,44.57
2026-03-11,1459000,1496000,1390000,1410000,285240,44.62
2026-03-12,1430000,1474000,1424000,1465000,261688,44.77
2026-03-13,1462000,1489000,1409000,1488000,324291,44.87
2026-03-16,1478000,1522000,1457000,1476000,180940,44.82
2026-03-17,1470000,1470000,1388000,1396000,210274,44.7
2026-03-18,1415000,1415000,1362000,1390000,161859,44.72
2026-03-19,1416000,1417000,1361000,1375000,111115,44.7
2026-03-20,1347000,1360000,1306000,1320000,270214,44.69
2026-03-23,1300000,1314000,1232000,1278000,232870,44.73
2026-03-24,1310000,1348000,1291000,1335000,154321,44.74
2026-03-25,1362000,1400000,1332000,1400000,212913,44.84
2026-03-26,1425000,1425000,1351000,1369000,158124,44.88
2026-03-27,1349000,1349000,1287000,1335000,205178,44.88
2026-03-30,1276000,1327000,1256000,1308000,160318,44.92
2026-03-31,1263000,1289000,1217000,1249000,277570,44.92
2026-04-01,1323000,1364000,1283000,1333000,243803,44.93
2026-04-02,1415000,1478000,1383000,1417000,437390,45.08
2026-04-03,1418000,1480000,1399000,1449000,193653,45.15
2026-04-06,1449000,1474000,1410000,1450000,128832,45.19
2026-04-07,1426000,1545000,1426000,1537000,273390,45.41
2026-04-08,1507000,1512000,1450000,1484000,287112,45.38
2026-04-09,1485000,1495000,1423000,1451000,224072,45.35
2026-04-10,1465000,1517000,1456000,1507000,190431,45.47
2026-04-13,1526000,1559000,1495000,1530000,259390,45.53
2026-04-14,1515000,1531000,1484000,1523000,168602,45.51
2026-04-15,1514000,1542000,1501000,1509000,153464,45.53
2026-04-16,1570000,1570000,1511000,1519000,121112,45.58
2026-04-17,1515000,1516000,1421000,1423000,272895,45.27
2026-04-20,1447000,1450000,1419000,1425000,147969,45.24
2026-04-21,1427000,1434000,1390000,1391000,162137,45.17
2026-04-22,1410000,1444000,1405000,1416000,159301,45.18
2026-04-23,1421000,1429000,1399000,1425000,177030,45.22
2026-04-24,1469000,1525000,1440000,1463000,272846,45.39
2026-04-27,1466000,1472000,1442000,1454000,114894,45.37
2026-04-28,1449000,1450000,1395000,1395000,259276,45.32
2026-04-29,1406000,1446000,1397000,1420000,110434,45.34
2026-04-30,1416000,1458000,1379000,1417000,236243,45.29
2026-05-04,1440000,1482000,1436000,1465000,450389,45.48
2026-05-06,1473000,1473000,1405000,1433000,171436,45.52
2026-05-07,1412000,1413000,1316000,1317000,314456,45.18
2026-05-08,1335000,1338000,1275000,1307000,249051,45.08
2026-05-11,1349000,1370000,1314000,1315000,251134,45.17
2026-05-12,1360000,1360000,1259000,1284000,234338,45.13
2026-05-13,1308000,1317000,1254000,1286000,149714,45.12
2026-05-14,1302000,1323000,1273000,1306000,183172,45.13
2026-05-15,1300000,1304000,1210000,1216000,208586,45.08
2026-05-18,1243000,1257000,1200000,1227000,174679,45.06
2026-05-19,1254000,1344000,1252000,1286000,358529,45.1
2026-05-20,1295000,1306000,1212000,1249000,220620,45.06
2026-05-21,1261000,1296000,1242000,1248000,159803,45.04
2026-05-22,1252000,1276000,1226000,1261000,224282,45.01
2026-05-26,1268000,1275000,1241000,1251000,155040,45.06
2026-05-27,1262000,1304000,1242000,1244000,238820,45.16
2026-05-28,1246000,1251000,1181000,1200000,201634,45.16
2026-05-29,1210000,1233000,1161000,1173000,348297,45.13
2026-06-01,1173000,1243000,1116000,1138000,338833,45.26
2026-06-02,1111000,1115000,1044000,1070000,361504,45.29
2026-06-04,1060000,1106000,1032000,1068000,351981,45.23
2026-06-05,1060000,1069000,1021000,1049000,185271,45.22
2026-06-08,955000,1018000,955000,1006000,223231,45.26
2026-06-09,1058000,1060000,987000,1016000,201707,45.31
2026-06-10,1038000,1066000,1004000,1031000,199694,45.25
2026-06-11,1012000,1020000,965000,1014000,216006,45.2
2026-06-12,1035000,1105000,1028000,1078000,233810,45.25
2026-06-15,1123000,1123000,1066000,1084000,164769,45.23
2026-06-16,1147000,1212000,1125000,1183000,369748,45.19
2026-06-17,1241000,1264000,1198000,1224000,290565,45.23
2026-06-18,1235000,1242000,1183000,1189000,255178,45.33
2026-06-19,1189000,1198500,1095000,1122000,456658,45.34
2026-06-22,1186000,1192000,1122000,1125000,145874,45.34
2026-06-23,1124000,1145000,1064000,1073000,198818,45.38
2026-06-24,1063000,1101000,1032000,1094000,177303,45.37
2026-06-25,1105000,1112000,1053000,1069000,270632,45.36
2026-06-26,1058000,1058000,984000,1011000,293385,45.38
2026-06-29,1013000,1033000,990000,1020000,253150,45.36
2026-06-30,1016000,1029000,968000,995000,177757,45.35
