date,open,high,low,close,volume,foreign_ownership_ratio
2016-07-01,60300,60300,59200,59400,597365,32.98
2016-07-04,59300,59300,58500,59000,887623,32.96
2016-07-05,59300,59400,58500,59100,506256,32.97
2016-07-06,59800,60300,58500,59100,903024,32.98
2016-07-07,59100,59300,58500,59000,437023,32.99
2016-07-08,59300,59900,58500,59600,810347,32.98
2016-07-11,60300,60400,59900,60300,475605,32.99
2016-07-12,60300,60400,59400,59600,653905,32.97
2016-07-13,59600,59800,58800,59600,986724,32.97
2016-07-14,59200,59800,59100,59600,904998,32.95
2016-07-15,59600,60400,59100,60300,981804,33.0
2016-07-18,60400,60700,59800,60400,582572,32.99
2016-07-19,61100,61100,60200,60500,687589,33.0
2016-07-20,60500,60900,60100,60400,451406,33.0
2016-07-21,60800,61500,60200,61200,748728,33.0
2016-07-22,61000,61700,60800,61000,420386,32.99
2016-07-25,61700,61900,61100,61500,706401,32.99
2016-07-26,62000,62600,61700,62300,836725,33.0
2016-07-27,61900,62600,61500,61800,615464,33.01
2016-07-28,61800,62100,61000,61600,746384,33.0
2016-07-29,61700,62000,60900,61300,713444,33.0
2016-08-01,61200,62300,61000,61200,667597,33.01
2016-08-02,61100,63400,61100,62800,1150710,33.04
2016-08-03,62600,63600,62100,62900,1080692,33.03
2016-08-04,63100,63100,60900,61300,1337098,33.02
2016-08-05,61400,61500,60500,61100,1128031,32.97
2016-08-08,61300,61500,60500,61200,908141,32.96
2016-08-09,61000,61600,60500,61200,785007,32.98
2016-08-10,61500,63000,61200,62600,1116342,33.07
2016-08-11,61900,62100,60600,60600,1224212,33.08
2016-08-12,60600,60700,58400,59200,3273838,33.01
2016-08-16,59800,60400,58700,58900,1823306,33.01
2016-08-17,59300,59400,57800,58400,1144353,32.99
2016-08-18,59000,59800,58000,58200,1180277,33.01
2016-08-19,58900,59000,57100,57400,1415463,33.05
2016-08-22,57800,57900,57000,57400,707052,33.06
2016-08-23,57500,57800,57000,57600,896382,33.06
2016-08-24,57700,58300,57200,57200,738728,33.04
2016-08-25,57500,58800,57400,58700,1210770,33.03
2016-08-26,59000,59300,58600,59100,654367,33.03
2016-08-29,58500,58500,57600,58100,625231,33.02
2016-08-30,57900,58600,57300,57600,866208,33.0
2016-08-31,57800,58300,57500,58000,961630,33.02
2016-09-01,58300,58500,57200,57500,868641,33.02
2016-09-02,57200,57300,56700,57100,828288,33.01
2016-09-05,57500,57600,56900,57200,703570,32.99
2016-09-06,57100,57600,57000,57400,637061,32.99
2016-09-07,57200,58600,57200,58500,913696,33.0
2016-09-08,58700,59100,58500,58700,950374,33.02
2016-09-09,58800,59800,58500,59700,1239174,33.08
2016-09-12,59500,59800,58200,58900,1032806,33.07
2016-09-13,58600,58800,57400,57900,1192693,33.07
2016-09-19,57500,58200,57500,57800,702196,33.1
2016-09-20,57500,58600,57400,58600,830077,33.18
2016-09-21,58800,59500,57900,59500,954676,33.25
2016-09-22,60100,60300,59100,59100,999643,33.32
2016-09-23,60200,60200,59300,60000,771088,33.37
2016-09-26,60400,60500,58100,58500,956000,33.39
2016-09-27,58700,59100,58200,58600,814455,33.4
2016-09-28,58500,58900,57300,57400,1208741,33.39
2016-09-29,57500,57600,55200,55600,2374939,33.36
2016-09-30,55500,55600,54000,54000,1861086,33.32
2016-10-04,53600,54500,53000,54500,1303845,33.3
2016-10-05,53600,54500,53000,53800,1203906,33.27
2016-10-06,53200,54500,52100,52500,2375169,33.21
2016-10-07,52100,52700,51600,51600,1815227,33.12
2016-10-10,51600,52500,50300,50500,2557575,32.92
2016-10-11,50300,51200,50000,51000,2186336,32.81
2016-10-12,51100,52000,50500,50500,2074670,32.75
2016-10-13,51300,51700,50300,50600,2336698,32.76
2016-10-14,51000,51900,50800,51600,1951750,32.76
2016-10-17,51800,53200,51600,52900,1667986,32.77
2016-10-18,53200,53300,52200,52700,991965,32.77
2016-10-19,52700,52700,51500,52000,1003549,32.78
2016-10-20,51900,52300,51300,51800,1099265,32.78
2016-10-21,53000,53100,51700,52700,2603459,32.76
2016-10-24,52200,52300,50700,51100,1593914,32.72
2016-10-25,50700,50900,49550,50100,2138591,32.63
2016-10-26,50600,51100,50000,50800,973917,32.65
2016-10-27,50900,51200,50200,51000,797019,32.65
2016-10-28,50400,50400,49550,49550,1515652,32.57
2016-10-31,49500,49700,48250,49250,1448636,32.58
2016-11-01,49950,50200,48900,49400,1215710,32.55
2016-11-02,48950,49100,48450,48950,1178426,32.53
2016-11-03,48850,49200,48650,48700,866880,32.48
2016-11-04,48650,48650,47300,47350,1882522,32.43
2016-11-07,47350,47650,46000,46000,2135671,32.36
2016-11-08,46350,47100,46100,46250,1653354,32.32
2016-11-09,46600,46700,45400,46000,2486855,32.22
2016-11-10,46500,47100,46150,46200,1871641,32.09
2016-11-11,45000,45950,45000,45800,1953008,32.0
2016-11-14,45700,46300,45600,45750,1195785,31.95
2016-11-15,45250,47900,45250,47850,2433736,31.88
2016-11-16,48200,48400,47250,47300,2411577,31.81
2016-11-17,47150,47450,46650,46800,1584628,31.76
2016-11-18,46650,47050,46200,46450,1461482,31.73
2016-11-21,46850,48000,46750,47350,1951004,31.78
2016-11-22,47450,47700,46550,46650,1317163,31.74
2016-11-23,47000,47400,46900,47200,1141058,31.74
2016-11-24,47100,47650,46800,47200,964536,31.72
2016-11-25,47700,47850,47050,47250,819062,31.68
2016-11-28,47450,47700,47000,47600,1082474,31.68
2016-11-29,47400,47550,47100,47100,1116996,31.63
2016-11-30,47000,47400,46500,46500,1485173,31.6
2016-12-01,46100,46150,44300,44500,2557351,31.55
2016-12-02,43950,44050,43000,43450,2340234,31.48
2016-12-05,43350,43800,43050,43200,1218364,31.48
2016-12-06,43600,44550,43500,44350,1304664,31.45
2016-12-07,44400,44500,43400,43800,963418,31.43
2016-12-08,44400,44450,43600,44300,1664372,31.34
2016-12-09,44500,46200,44500,45900,2928689,31.39
2016-12-12,45550,45600,45150,45250,1651347,31.36
2016-12-13,45150,45650,44550,45650,1589114,31.34
2016-12-14,45800,46900,45650,46400,1746200,31.39
2016-12-15,46450,46450,45650,46300,1023424,31.38
2016-12-16,46100,46400,45650,46100,1140184,31.37
2016-12-19,45800,46150,45500,45700,940223,31.37
2016-12-20,45650,46050,45300,45450,941640,31.36
2016-12-21,45600,45800,45400,45400,1018954,31.37
2016-12-22,45550,45850,45200,45350,856031,31.34
2016-12-23,45250,46000,45250,45950,972805,31.33
2016-12-26,46100,46500,45900,46350,1116725,31.32
2016-12-27,46550,47100,46400,47000,1991531,31.3
2016-12-28,45400,45450,44900,45050,1870429,31.28
2016-12-29,44950,45050,44050,44050,1376653,31.28
2017-01-02,44200,44600,43850,43900,745355,31.29
2017-01-03,43900,44150,43800,44100,799544,31.32
2017-01-04,44450,44600,43700,43900,1562907,31.31
2017-01-05,44100,44300,43800,44250,809945,31.33
2017-01-06,44250,44300,43900,44150,1365466,31.34
2017-01-09,43950,44050,43050,43150,2211245,31.35
2017-01-10,42900,42950,41900,42250,2767706,31.36
2017-01-11,42250,43200,42250,43200,1853874,31.4
2017-01-12,43050,44200,43050,43850,1604990,31.44
2017-01-13,43800,44650,43550,44600,1513487,31.52
2017-01-16,44650,44800,43800,44400,1067529,31.52
2017-01-17,44100,44450,43900,44150,602148,31.51
2017-01-18,43950,44050,43400,43600,1260376,31.49
2017-01-19,43600,43850,43050,43350,1016282,31.53
2017-01-20,43250,43800,43050,43250,808212,31.54
2017-01-23,43250,43400,42650,42900,1257676,31.52
2017-01-24,42900,43900,42750,43750,1152617,31.53
2017-01-25,43900,44000,43150,43600,1106661,31.55
2017-01-26,43600,43600,43150,43250,1045547,31.56
2017-01-31,42950,43000,42450,42450,1118324,31.49
2017-02-01,42550,43000,42450,42450,1223714,31.45
2017-02-02,42500,42600,42000,42050,1501650,31.44
2017-02-03,42050,42500,41950,41950,1213364,31.4
2017-02-06,41900,42600,40050,41350,2368848,31.33
2017-02-07,40550,41900,40550,41300,1561450,31.28
2017-02-08,41350,41350,40350,40600,1834378,31.19
2017-02-09,40700,40950,40350,40350,1340311,31.18
2017-02-10,40650,41600,40400,41300,1357216,31.18
2017-02-13,41550,41800,41050,41800,925406,31.19
2017-02-14,41550,41600,41000,41150,1544097,31.14
2017-02-15,41150,41250,40800,40900,1140620,31.09
2017-02-16,40900,41000,40350,40450,1429471,31.02
2017-02-17,40500,40900,40450,40600,1334587,31.01
2017-02-20,40900,43050,40850,43050,3577876,31.11
2017-02-21,43350,43400,42600,43000,1931448,31.12
2017-02-22,43000,43900,43000,43200,1621272,31.12
2017-02-23,43200,43500,42750,43350,1195574,31.12
2017-02-24,43350,43800,43050,43550,1601550,31.1
2017-02-27,43850,44600,43550,44100,1869271,31.1
2017-02-28,44050,44100,43200,43600,1625744,31.1
2017-03-02,43500,43850,42800,43150,1853680,31.09
2017-03-03,42900,43050,42500,42950,1166862,31.09
2017-03-06,42750,43200,42500,42500,1144649,31.1
2017-03-07,42400,42500,41800,42050,1141205,31.07
2017-03-08,42000,42050,41100,41550,1825575,31.0
2017-03-09,41600,42300,41500,41500,1297051,31.04
2017-03-10,41700,41750,41050,41600,1146879,31.0
2017-03-13,42100,43350,41700,42800,2146114,31.06
2017-03-14,43050,43250,42550,42850,1671363,31.09
2017-03-15,43050,43500,42950,43200,1716598,31.13
2017-03-16,43550,43800,43250,43700,1989711,31.15
2017-03-17,43800,45000,43750,44350,4890656,31.29
2017-03-20,44900,45950,44650,45600,3603549,31.47
2017-03-21,45800,46100,44800,45900,2993781,31.56
2017-03-22,45750,47450,45600,47200,3816522,31.71
2017-03-23,47600,49000,47500,48750,3832276,31.86
2017-03-24,48850,48900,47250,47450,3036174,31.85
2017-03-27,47300,48300,46250,47450,1873175,31.84
2017-03-28,47650,48300,46600,46700,1790280,31.84
2017-03-29,46650,47100,45900,46500,1694021,31.87
2017-03-30,46350,47150,46300,46600,1396017,31.91
2017-03-31,46650,47100,46100,46450,1399735,31.95
2017-04-03,46800,47050,46150,46700,926522,31.99
2017-04-04,46600,46650,45600,45700,1473856,32.01
2017-04-05,46000,46300,45400,46100,997813,32.03
2017-04-06,46250,46500,45500,45650,960535,32.02
2017-04-07,45750,45850,44700,45050,1599830,32.05
2017-04-10,44700,44750,44350,44550,1383844,32.1
2017-04-11,44600,44900,44000,44900,1619753,32.15
2017-04-12,44850,44900,44100,44550,1654192,32.17
2017-04-13,44550,45450,44300,45400,1845419,32.19
2017-04-14,45250,45250,44500,44650,629408,32.16
2017-04-17,44750,44900,44350,44900,723167,32.19
2017-04-18,45200,45750,45150,45300,1147697,32.21
2017-04-19,45200,45300,44400,44400,1339248,32.15
2017-04-20,44450,44550,44000,44250,1115705,32.14
2017-04-21,44350,44350,44000,44150,1040769,32.1
2017-04-24,44400,44750,44200,44300,690285,32.11
2017-04-25,44600,44850,44400,44450,901126,32.13
2017-04-26,44600,44850,44400,44700,1004697,32.15
2017-04-27,44850,45900,44750,45650,2116343,32.19
2017-04-28,45350,45600,44700,45350,1238523,32.19
2017-05-02,45350,45700,44700,44750,1205667,32.14
2017-05-04,44500,44700,44300,44450,986527,32.12
2017-05-08,44650,45850,44600,45800,2214626,32.17
2017-05-10,45000,45150,42850,43150,5973723,31.92
2017-05-11,43150,43700,42600,43050,3018545,31.89
2017-05-12,43300,43750,43250,43250,1367206,31.9
2017-05-15,43200,43450,43100,43200,1015104,31.9
2017-05-16,43050,43100,41700,41950,3435578,31.87
2017-05-17,41500,42750,41100,42750,3557283,31.91
2017-05-18,42350,42550,42000,42000,1520035,31.88
2017-05-19,41800,42400,41500,42250,1608316,31.86
2017-05-22,42100,42300,41800,42000,1673836,31.87
2017-05-23,41800,42500,41450,42150,1717592,31.83
2017-05-24,42100,42750,42100,42600,1278584,31.78
2017-05-25,42650,42900,42350,42600,1599245,31.73
2017-05-26,42450,42650,42300,42450,1555169,31.67
2017-05-29,42450,42600,42050,42100,1170701,31.65
2017-05-30,42200,42250,41850,42250,1050948,31.63
2017-05-31,42100,42800,42000,42700,2191414,31.61
2017-06-01,43200,44200,43100,44000,3892744,31.65
2017-06-02,44300,44450,43300,43450,2558748,31.56
2017-06-05,42700,43400,42700,43000,1224660,31.57
2017-06-07,42800,43650,42800,43000,1661001,31.54
2017-06-08,43700,43700,42850,43600,1837743,31.6
2017-06-09,43600,43700,43200,43650,1668967,31.62
2017-06-12,43500,44100,43450,44000,1761176,31.64
2017-06-13,44000,44000,43550,43650,971880,31.61
2017-06-14,43400,43450,42700,42850,2392986,31.42
2017-06-15,42750,43400,42750,43200,1113641,31.43
2017-06-16,43300,43400,42950,43400,1019665,31.44
2017-06-19,43150,43300,41950,42050,2089982,31.42
2017-06-20,41800,41950,41200,41200,2283038,31.36
2017-06-21,41450,41950,41450,41750,1353553,31.39
2017-06-22,42000,42200,41800,42100,837904,31.38
2017-06-23,42200,42400,41850,42350,1024976,31.36
2017-06-26,42350,42450,42100,42150,435998,31.36
2017-06-27,41500,41700,41300,41550,1458922,31.3
2017-06-28,40850,40900,40350,40800,1871286,31.27
2017-06-29,40900,41000,40700,40850,905372,31.26
2017-06-30,40600,41150,40600,40800,874872,31.27
2017-07-03,40700,40950,40500,40700,940081,31.23
2017-07-04,40800,41700,40800,41300,1396797,31.22
2017-07-05,41200,42200,41150,42000,1627970,31.27
2017-07-06,42000,42350,42000,42100,1103127,31.31
2017-07-07,42100,42500,42000,42500,1290722,31.33
2017-07-10,42650,42800,41600,41800,1148127,31.3
2017-07-11,42200,42600,42000,42500,1216486,31.36
2017-07-12,42500,42700,41900,42050,765084,31.39
2017-07-13,42350,42500,41700,41800,899060,31.41
2017-07-14,42100,42300,41350,41950,872859,31.45
2017-07-17,42150,42450,41750,42400,786109,31.48
2017-07-18,42500,42750,42350,42650,820866,31.5
2017-07-19,42800,42950,42450,42850,742006,31.5
2017-07-20,43400,44250,43150,44250,2801503,31.67
2017-07-21,45100,45500,44850,45500,3519253,31.94
2017-07-24,45600,45600,44500,45450,1858274,32.0
2017-07-25,45500,45500,44600,45350,1751578,32.06
2017-07-26,45350,45500,44950,45150,1116469,32.08
2017-07-27,45300,45700,45050,45200,1034423,32.07
2017-07-28,45000,45300,44250,44950,1564648,32.09
2017-07-31,44550,45050,44100,44550,1538985,32.13
2017-08-01,44400,45100,44400,44900,966639,32.14
2017-08-02,44700,44750,44150,44200,1060088,32.14
2017-08-03,44050,44200,43500,44200,1117000,32.15
2017-08-04,44050,44500,44000,44450,742616,32.16
2017-08-07,44550,44650,43900,44050,833653,32.16
2017-08-08,43250,44750,42900,44550,1897136,32.25
2017-08-09,44600,44650,43950,44150,782834,32.23
2017-08-10,43800,44450,43600,44450,1115808,32.22
2017-08-11,43700,44100,43550,43850,825664,32.21
2017-08-14,43850,43900,43300,43500,651274,32.2
2017-08-16,43650,44450,43600,43950,759243,32.21
2017-08-17,43700,44450,43600,44300,1074702,32.26
2017-08-18,44250,45000,44100,44850,1464955,32.33
2017-08-21,44900,44950,44050,44200,486898,32.33
2017-08-22,44400,44500,43700,43800,698039,32.32
2017-08-23,43850,44150,43700,44000,607414,32.35
2017-08-24,44150,44200,43500,43950,815955,32.35
2017-08-25,44000,44250,43750,44250,475125,32.35
2017-08-28,44200,44450,43850,44350,483858,32.34
2017-08-29,44050,44300,43600,43850,692828,32.31
2017-08-30,43750,44100,43600,43950,670670,32.3
2017-08-31,43550,43650,42900,42900,1454846,32.23
2017-09-01,43150,43400,42750,43100,580447,32.24
2017-09-04,42400,43200,42350,42550,682389,32.22
2017-09-05,42650,42850,42300,42350,676284,32.2
2017-09-06,42050,42250,41700,41800,754495,32.16
2017-09-07,41700,42150,41700,41750,794544,32.13
2017-09-08,41800,41850,41150,41200,1047486,32.11
2017-09-11,41250,41400,40850,40950,959536,32.06
2017-09-12,40900,41300,40800,41050,786127,32.03
2017-09-13,41100,41200,40400,40850,1047636,32.0
2017-09-14,40650,41050,40500,41050,1037179,32.0
2017-09-15,40650,41200,40600,41200,1038058,31.99
2017-09-18,41300,41850,41100,41150,992033,31.95
2017-09-19,40850,40950,40100,40150,2322046,31.75
2017-09-20,40100,40150,39100,39350,2067995,31.67
2017-09-21,39400,39800,39200,39250,1010946,31.65
2017-09-22,39400,39650,39100,39150,1019310,31.63
2017-09-25,39100,39150,38000,38400,1626009,31.64
2017-09-26,38000,38650,37950,38500,1249960,31.61
2017-09-27,38500,38650,38050,38200,844429,31.6
2017-09-28,38000,38400,37900,38350,881927,31.61
2017-09-29,38350,39000,38100,39000,800410,31.63
2017-10-10,39400,39450,37950,38100,2278109,31.54
2017-10-11,38100,38100,37000,37350,2548956,31.42
2017-10-12,37350,38100,37200,37800,2055237,31.47
2017-10-13,38200,39200,38200,39100,2132247,31.42
2017-10-16,39250,39700,38500,39700,1473633,31.39
2017-10-17,39800,40200,38650,39800,1598361,31.36
2017-10-18,39400,39950,39250,39600,936430,31.36
2017-10-19,39650,41000,39600,40850,2415983,31.41
2017-10-20,41050,43150,39850,41100,6466790,31.41
2017-10-23,41800,41900,40100,40400,2027001,31.43
2017-10-24,40450,40750,39950,40250,1064030,31.48
2017-10-25,40050,40050,39000,40000,2001896,31.54
2017-10-26,39650,40050,39100,39150,1389309,31.53
2017-10-27,39150,39750,38750,38850,1395174,31.47
2017-10-30,39000,39300,38700,38900,994030,31.49
2017-10-31,39000,39350,38700,39200,1159244,31.5
2017-11-01,38700,39000,38300,38550,1560555,31.47
2017-11-02,38550,38700,38250,38350,911246,31.47
2017-11-03,38500,39250,38400,39150,1143908,31.48
2017-11-06,39150,39200,38500,38700,915205,31.46
2017-11-07,38400,38600,38100,38250,1156593,31.42
2017-11-08,38300,38750,38200,38500,1323803,31.42
2017-11-09,38450,38700,38250,38250,1089869,31.38
2017-11-10,38550,38850,38300,38600,969023,31.34
2017-11-13,38400,38600,38150,38250,931757,31.31
2017-11-14,38100,38200,37650,37950,1179009,31.27
2017-11-15,37950,38250,37550,37900,915827,31.26
2017-11-16,37900,38000,37700,37800,782466,31.26
2017-11-17,37700,38150,37350,37850,785557,31.28
2017-11-20,37800,37850,37300,37450,1077447,31.28
2017-11-21,37450,37700,37250,37550,720790,31.26
2017-11-22,37550,37900,37350,37500,801898,31.25
2017-11-23,37150,37600,37150,37500,513113,31.24
2017-11-24,37550,38150,37550,38050,768128,31.24
2017-11-27,38150,38450,38100,38250,736802,31.23
2017-11-28,38250,38500,38100,38300,710633,31.21
2017-11-29,38100,38200,37800,37900,741974,31.17
2017-11-30,37950,38000,37500,37500,1427341,31.15
2017-12-01,37550,38000,37300,37950,807015,31.15
2017-12-04,37600,37950,37600,37850,641684,31.15
2017-12-05,37800,38800,37800,38800,1859540,31.12
2017-12-06,38800,38850,38300,38450,997178,31.08
2017-12-07,39250,39500,38750,38850,1739602,31.04
2017-12-08,38850,38900,37650,38000,1503814,30.96
2017-12-11,37900,38000,37650,37900,772326,30.92
2017-12-12,38200,38200,37800,38100,716339,30.9
2017-12-13,37950,38450,37800,38450,874779,30.87
2017-12-14,38550,39400,38450,38700,2670541,30.95
2017-12-15,39000,39200,38650,39000,2363282,30.93
2017-12-18,38800,39300,38800,39200,819194,30.91
2017-12-19,39200,39350,38800,38950,776160,30.9
2017-12-20,38800,39450,38650,39250,1076333,30.87
2017-12-21,39250,39350,38450,38700,1276728,30.82
2017-12-22,38600,38850,38550,38750,898070,30.8
2017-12-26,38850,39250,38800,39100,1477510,30.79
2017-12-27,38200,38500,38050,38400,891828,30.8
2017-12-28,38300,38350,38000,38150,782254,30.82
2018-01-02,37800,38050,37450,37750,1122223,30.81
2018-01-03,37600,37950,37300,37550,1101038,30.83
2018-01-04,37550,37550,37000,37200,1448500,30.81
2018-01-05,37200,37350,37000,37200,937524,30.8
2018-01-08,37300,37450,37100,37300,1052068,30.84
2018-01-09,37100,37300,37000,37300,1308829,30.79
2018-01-10,37200,37500,37100,37400,894970,30.8
2018-01-11,37200,37250,36650,36700,1866497,30.76
2018-01-12,36850,37150,36450,36450,1492378,30.73
2018-01-15,36450,36950,36150,36200,1151673,30.7
2018-01-16,36250,36600,36200,36300,904854,30.7
2018-01-17,36350,36550,36200,36300,1001471,30.7
2018-01-18,36250,36300,35300,35650,2530548,30.57
2018-01-19,35500,35500,35000,35250,1781308,30.56
2018-01-22,35050,35550,34600,34650,1759320,30.48
2018-01-23,34500,35250,34500,35050,1554899,30.48
2018-01-24,35100,35450,35050,35400,1042023,30.47
2018-01-25,35400,35750,35250,35550,1301963,30.48
2018-01-26,35600,36150,35550,36050,1244986,30.49
2018-01-29,36150,36500,36100,36200,1132625,30.52
2018-01-30,36200,36300,35800,35900,1311558,30.56
2018-01-31,35900,35900,35200,35750,1734984,30.58
2018-02-01,35750,36150,35700,36000,1196594,30.64
2018-02-02,35900,35950,35500,35650,1340996,30.64
2018-02-05,35400,36400,35300,36100,2124043,30.68
2018-02-06,35550,35900,35400,35550,1388258,30.66
2018-02-07,35650,35800,35300,35550,1210460,30.69
2018-02-08,35500,35600,34800,34800,1565567,30.63
2018-02-09,34950,35000,34350,34400,1306484,30.65
2018-02-12,34300,34600,34050,34050,841502,30.66
2018-02-13,34050,34150,33300,33500,1532717,30.65
2018-02-14,32550,33200,32400,33100,2056241,30.66
2018-02-19,33100,33250,32850,33100,1033062,30.7
2018-02-20,33100,34050,33100,33800,1147615,30.73
2018-02-21,33900,33950,33350,33750,1437989,30.71
2018-02-22,33550,33600,33100,33250,1067830,30.67
2018-02-23,33400,33800,33300,33700,876146,30.65
2018-02-26,33650,33900,33600,33800,1542759,30.58
2018-02-27,33900,33900,33350,33350,903283,30.53
2018-02-28,33100,33200,32800,33100,1164911,30.52
2018-03-02,33100,33400,32600,32900,1421726,30.54
2018-03-05,32700,32850,32500,32500,832745,30.54
2018-03-06,32550,32550,31850,31950,1416320,30.5
2018-03-07,31950,32150,31550,31650,1638255,30.5
2018-03-08,31550,31850,31500,31650,1575916,30.54
2018-03-09,31850,32700,31800,32500,1946210,30.53
2018-03-12,32600,33150,32600,33100,1150431,30.54
2018-03-13,32700,32950,32550,32850,832686,30.57
2018-03-14,32550,32850,32400,32700,610089,30.57
2018-03-15,32700,32700,32200,32350,948927,30.57
2018-03-16,32250,32400,31850,32050,1760603,30.53
2018-03-19,32050,32050,31750,31800,1003677,30.51
2018-03-20,31700,31950,31550,31650,1028597,30.46
2018-03-21,31600,31950,31550,31650,1046251,30.43
2018-03-22,31700,32250,31700,32000,1086369,30.42
2018-03-23,31700,31800,31200,31350,1302713,30.39
2018-03-26,31200,31350,30600,30850,1183474,30.37
2018-03-27,30950,31350,30900,31150,811219,30.37
2018-03-28,30900,31950,30900,31800,1000874,30.37
2018-03-29,31650,33050,31300,32900,2162542,30.33
2018-03-30,33000,33400,32750,32850,1384829,30.29
2018-04-02,32850,33500,32800,33250,1147437,30.25
2018-04-03,33200,35350,33000,34950,4540936,30.22
2018-04-04,35100,36000,34850,34850,3693600,30.16
2018-04-05,34750,35100,33950,34500,1844435,30.13
2018-04-06,34550,34600,33850,34050,1328081,30.12
2018-04-09,34050,34950,34050,34500,1201496,30.1
2018-04-10,34100,35050,34100,34700,1225383,30.06
2018-04-11,34200,35050,34100,34450,1118386,30.06
2018-04-12,34350,34600,33950,34200,945133,30.06
2018-04-13,34100,34700,33850,34500,949702,30.06
2018-04-16,34300,34300,33400,33750,1216578,30.03
2018-04-17,33750,34950,33700,34550,1774887,29.99
2018-04-18,34450,34950,34300,34700,1050284,29.95
2018-04-19,34750,35250,34400,34700,1737127,29.85
2018-04-20,34800,36050,34800,35800,2650607,29.86
2018-04-23,36100,37600,36050,36700,5410104,29.81
2018-04-24,36800,37300,36300,36950,1660470,29.82
2018-04-25,36700,36750,36050,36250,1168907,29.78
2018-04-26,36150,36200,35100,35450,1832575,29.76
2018-04-27,35500,36750,35450,36450,1950741,29.76
2018-04-30,37500,37750,36650,37450,2832553,29.77
2018-05-02,37700,38300,37000,37750,2771294,29.76
2018-05-03,37700,38200,37200,37400,1662254,29.78
2018-05-04,37100,37700,36650,37350,1182028,29.8
2018-05-08,36950,37350,36500,36750,1181573,29.81
2018-05-09,36300,36300,35550,35700,1691953,29.74
2018-05-10,35700,36200,35000,35900,1623420,29.73
2018-05-11,35800,36000,35300,35750,890376,29.7
2018-05-14,35950,37550,35950,37300,2129346,29.7
2018-05-15,36600,37600,36350,36950,1718825,29.71
2018-05-16,36550,36900,36100,36300,1023658,29.68
2018-05-17,36400,36950,36250,36250,862953,29.68
2018-05-18,36100,36200,35650,36200,683652,29.66
2018-05-21,35800,35950,35450,35700,907803,29.66
2018-05-23,35350,36350,35300,36000,1238308,29.73
2018-05-24,35950,36150,34900,35100,987949,29.7
2018-05-25,34650,34700,33800,34200,1581954,29.66
2018-05-28,35000,35450,34850,35000,1125952,29.65
2018-05-29,35050,35200,34300,34450,694657,29.65
2018-05-30,34050,34250,33500,33750,1310190,29.6
2018-05-31,33950,34000,33150,33150,2212841,29.53
2018-06-01,33150,33700,32900,32900,1463119,29.46
2018-06-04,32950,33250,32600,32900,1261428,29.41
2018-06-05,32800,33250,32700,32900,1143390,29.37
2018-06-07,32950,34300,32950,33950,2117004,29.3
2018-06-08,34000,34600,33950,34050,1213539,29.27
2018-06-11,34100,35550,33800,35100,1774938,29.21
2018-06-12,35250,36000,35050,35050,1499806,29.15
2018-06-14,34750,35400,34500,34550,1526346,29.13
2018-06-15,34500,35700,34500,35000,1732899,29.05
2018-06-18,34750,35300,34600,34750,1217619,29.0
2018-06-19,34600,35250,33500,33500,1654427,29.0
2018-06-20,33400,34050,33050,33150,1205019,28.97
2018-06-21,33100,33500,32650,32900,864088,28.99
2018-06-22,32900,35400,32850,34900,2668943,28.95
2018-06-25,34950,35650,34050,34600,1303115,28.88
2018-06-26,34600,35200,34250,34500,1245904,28.82
2018-06-27,33800,34050,32950,33050,2261762,28.87
2018-06-28,33000,33100,32000,32200,1667835,28.83
2018-06-29,32250,32300,31300,32000,2006542,28.85
2018-07-02,32000,32550,31300,32450,1871883,28.86
2018-07-03,32400,32550,31600,31700,1122962,28.79
2018-07-04,31500,32450,31300,32100,949731,28.75
2018-07-05,31900,32050,31400,31650,796844,28.72
2018-07-06,31450,31850,31400,31500,1181124,28.67
2018-07-09,31500,31550,30700,31100,1613817,28.61
2018-07-10,31050,31300,30900,31000,1357525,28.54
2018-07-11,30850,31200,30550,31000,1372919,28.51
2018-07-12,31050,31950,30750,31500,1818643,28.47
2018-07-13,31600,32100,31050,31200,1501358,28.41
2018-07-16,31350,31450,31000,31200,883269,28.38
2018-07-17,31350,32200,31350,31800,1673342,28.37
2018-07-18,31750,31900,30950,31150,1393365,28.34
2018-07-19,31200,31350,30800,30850,952857,28.33
2018-07-20,30900,31150,30600,31150,793479,28.33
2018-07-23,31550,32300,31550,32250,2387960,28.35
2018-07-24,32300,33400,32300,33150,2609423,28.38
2018-07-25,33150,33700,32850,33100,1695486,28.37
2018-07-26,33100,33150,32300,32900,1053716,28.4
2018-07-27,33000,33000,32000,32500,1274923,28.43
2018-07-30,32500,33100,32500,32900,650394,28.45
2018-07-31,33150,33300,32700,33300,995820,28.47
2018-08-01,32750,32750,32100,32350,1620093,28.54
2018-08-02,32200,32350,31550,31800,974710,28.58
2018-08-03,31600,32200,31450,31850,615463,28.57
2018-08-06,31500,31600,30850,31050,1859891,28.55
2018-08-07,30950,31100,30250,30450,2366249,28.43
2018-08-08,30500,30750,30300,30350,1628983,28.35
2018-08-09,30500,31200,30350,31200,1830921,28.35
2018-08-10,31050,31800,30800,31550,1642356,28.34
2018-08-13,31400,31400,30900,31150,957261,28.3
2018-08-14,30750,30750,30200,30350,1987025,28.25
2018-08-16,30350,30950,30350,30750,1079074,28.26
2018-08-17,31000,31050,30500,30650,674675,28.23
2018-08-20,30700,31400,30700,31250,1023813,28.24
2018-08-21,30900,31000,30550,30750,1130827,28.19
2018-08-22,30750,30950,30600,30750,797471,28.17
2018-08-23,30750,30800,30600,30600,636169,28.15
2018-08-24,30550,30900,30550,30750,851980,28.1
2018-08-27,30850,31100,30750,30750,833599,28.12
2018-08-28,30800,30950,30650,30900,727805,28.11
2018-08-29,30950,31050,30750,30800,610410,28.1
2018-08-30,30800,30800,30350,30550,1516474,28.07
2018-08-31,30600,30750,30400,30500,787703,28.07
2018-09-03,30450,30550,30250,30300,776177,28.05
2018-09-04,30350,30450,29850,29950,1567311,28.01
2018-09-05,30000,30300,29950,30050,874649,28.03
2018-09-06,30150,30400,30100,30200,683608,28.04
2018-09-07,30450,30450,30100,30250,1151533,28.02
2018-09-10,30050,30250,30000,30250,766792,28.04
2018-09-11,30050,30500,29900,30350,1036719,28.03
2018-09-12,30400,30650,30200,30300,880851,28.01
2018-09-13,30450,30450,29900,29950,1293581,28.01
2018-09-14,30050,30150,29900,29900,1315620,27.95
2018-09-17,30000,30000,29750,29800,760588,27.95
2018-09-18,29650,29750,29350,29500,1111820,27.95
2018-09-19,29500,29600,28750,28950,1754673,27.89
2018-09-20,28850,29100,28650,28700,1183285,27.84
2018-09-21,28900,29000,28650,28750,1815081,27.82
2018-09-27,28700,29000,28650,28950,1285579,27.83
2018-09-28,29050,29400,29050,29350,1066469,27.85
2018-10-01,29250,29550,29200,29350,629032,27.86
2018-10-02,29200,29300,28550,28550,1214704,27.81
2018-10-04,28700,28700,27250,27450,2180177,27.77
2018-10-05,27300,27900,26800,27150,1451672,27.75
2018-10-08,27000,27300,26300,26350,1809700,27.69
2018-10-10,26100,26150,25200,25300,2340078,27.63
2018-10-11,24500,24900,23850,23850,3191957,27.58
2018-10-12,23950,24850,23950,24750,1964797,27.62
2018-10-15,24600,25550,24600,25050,1541194,27.6
2018-10-16,25200,25450,24650,24950,1152882,27.57
2018-10-17,25200,25500,24900,25500,683293,27.57
2018-10-18,25550,26550,25150,26150,1689419,27.56
2018-10-19,26150,27350,26050,26900,2808221,27.56
2018-10-22,27000,27750,26900,27550,1146448,27.56
2018-10-23,27500,27500,26100,26300,1510227,27.51
2018-10-24,26600,27850,26450,27400,2845565,27.41
2018-10-25,27150,28400,27000,28050,3291880,27.44
2018-10-26,28050,28400,27050,27300,1634834,27.46
2018-10-29,27950,28300,26500,27100,1528348,27.45
2018-10-30,26500,27450,26200,26250,1433733,27.45
2018-10-31,26250,27100,26050,27100,1498278,27.5
2018-11-01,27150,27200,26450,26900,1110198,27.51
2018-11-02,26750,27050,26450,26600,1509654,27.48
2018-11-05,26550,27100,26350,27100,1134527,27.52
2018-11-06,27000,27100,26500,26750,921067,27.53
2018-11-07,26700,27450,26550,27200,1320886,27.54
2018-11-08,27300,27650,26900,27450,1425059,27.56
2018-11-09,27450,28250,27350,28150,1360310,27.61
2018-11-12,28200,28450,27250,27550,1042459,27.61
2018-11-13,27550,27600,27150,27350,620488,27.59
2018-11-14,28050,28950,27850,28600,2815013,27.52
2018-11-15,28700,29000,27850,27850,1320221,27.45
2018-11-16,27950,28150,27600,27950,1012902,27.43
2018-11-19,28000,28150,27250,27350,1071732,27.4
2018-11-20,27450,27950,27350,27950,1142308,27.4
2018-11-21,28200,28250,27700,28200,982004,27.38
2018-11-22,28550,28550,27750,28200,669339,27.37
2018-11-23,28200,28250,27300,27600,768736,27.36
2018-11-26,28050,29450,28000,29300,2250623,27.38
2018-11-27,29200,30250,28900,29850,2389761,27.41
2018-11-28,30050,30900,29750,30800,2033036,27.43
2018-11-29,30800,30850,30150,30400,1442266,27.4
2018-11-30,30200,30450,29450,29700,2411335,27.34
2018-12-03,29850,30200,29650,29750,1546422,27.37
2018-12-04,30000,30800,30000,30600,1875682,27.42
2018-12-05,30300,30850,30100,30700,1459238,27.41
2018-12-06,30900,30950,30350,30750,1350118,27.39
2018-12-07,30800,31450,30550,31250,1909673,27.4
2018-12-10,31300,32350,31150,32100,2798516,27.49
2018-12-11,32150,32900,32050,32600,2238149,27.56
2018-12-12,32800,32800,31750,32000,2123305,27.59
2018-12-13,32150,32850,32050,32100,2883905,27.59
2018-12-14,32000,32800,31750,32600,1442699,27.58
2018-12-17,32800,33200,32300,32950,1453900,27.59
2018-12-18,33300,33700,33100,33300,1550289,27.6
2018-12-19,33400,34250,33400,34150,1756885,27.63
2018-12-20,34200,34500,33500,34350,1574367,27.63
2018-12-21,34350,34350,33150,33450,1725701,27.62
2018-12-24,33450,33600,32800,33100,942116,27.62
2018-12-26,32950,33500,32600,32750,1048298,27.63
2018-12-27,32150,32950,31100,32500,1430410,27.68
2018-12-28,32350,33800,32350,33100,1229000,27.68
2019-01-02,33150,34300,33150,34050,1503315,27.7
2019-01-03,34250,35150,34200,34800,2177434,27.81
2019-01-04,35000,35400,34000,34300,2389249,27.91
2019-01-07,34300,34300,33300,34100,2183490,28.01
2019-01-08,34400,35600,34300,35450,2298290,28.15
2019-01-09,35450,35450,33500,33550,2794012,28.08
2019-01-10,33100,34450,33100,34450,2085286,28.2
2019-01-11,34250,34700,34000,34700,1256608,28.2
2019-01-14,34650,34900,34250,34700,1082232,28.21
2019-01-15,34450,35000,34400,34800,1247907,28.24
2019-01-16,34500,34800,34150,34400,1200279,28.27
2019-01-17,34300,34700,34200,34500,954223,28.32
2019-01-18,34450,34550,33350,33850,1715880,28.39
2019-01-21,33450,33750,32300,32550,2721858,28.44
2019-01-22,32600,32750,32300,32650,971696,28.47
2019-01-23,33050,33100,32600,32850,1465921,28.47
2019-01-24,32600,32900,32400,32800,1227283,28.5
2019-01-25,32500,33250,32450,33050,1180067,28.52
2019-01-28,32800,32950,32500,32800,1027710,28.51
2019-01-29,32900,33200,32750,32950,1359790,28.52
2019-01-30,33100,33250,32300,33200,1336232,28.52
2019-01-31,33500,34800,33400,34500,2347829,28.58
2019-02-01,34400,34450,33700,33900,1089514,28.58
2019-02-07,34400,34400,33250,33500,1052867,28.56
2019-02-08,33650,34000,33100,33650,1231312,28.52
2019-02-11,33950,34650,33550,34350,1462266,28.56
2019-02-12,34350,34400,33700,34050,1002254,28.53
2019-02-13,33750,34250,33550,34000,1066263,28.55
2019-02-14,33600,33950,32900,33800,1670031,28.52
2019-02-15,33850,34200,33250,33500,940571,28.54
2019-02-18,33500,33700,32850,33050,1146918,28.53
2019-02-19,33050,33400,32900,33000,616276,28.53
2019-02-20,33100,33650,33100,33400,1049441,28.6
2019-02-21,33200,33450,33000,33300,873960,28.6
2019-02-22,33250,34600,33100,34350,2306216,28.63
2019-02-25,34300,34350,33800,34000,933156,28.64
2019-02-26,34350,35000,34250,34800,1445412,28.69
2019-02-27,34750,35150,34550,34950,1037064,28.75
2019-02-28,34800,35600,34500,34850,1875737,28.78
2019-03-04,34700,36000,34700,35800,2038623,28.83
2019-03-05,35800,35900,35300,35650,684770,28.83
2019-03-06,35700,36000,35100,35250,763584,28.85
2019-03-07,35400,35600,34500,34650,885537,28.85
2019-03-08,34700,35050,34550,34650,762959,28.87
2019-03-11,34650,35200,34350,35000,730542,28.88
2019-03-12,35350,35500,35200,35500,818838,28.93
2019-03-13,35000,35150,34600,35100,833264,28.96
2019-03-14,35100,35500,34900,35450,1187935,28.99
2019-03-15,35200,35600,35100,35400,1416813,29.0
2019-03-18,35050,35150,34300,34450,950547,28.97
2019-03-19,34150,34500,33300,33450,1576898,28.93
2019-03-20,33300,33450,32050,32400,2235962,28.87
2019-03-21,32200,32400,31750,31900,1797470,28.81
2019-03-22,31900,32250,31700,31950,1140285,28.79
2019-03-25,32050,32200,31500,31650,1063764,28.75
2019-03-26,31550,32000,31550,31550,644953,28.73
2019-03-27,31550,31650,31100,31350,718781,28.71
2019-03-28,31050,31300,30500,30650,1217861,28.69
2019-03-29,30000,30300,29750,29900,2496901,28.62
2019-04-01,29750,30400,29550,30350,1939686,28.58
2019-04-02,30300,30600,29900,30250,1243815,28.58
2019-04-03,30100,30350,30000,30300,2477103,28.54
2019-04-04,30300,30350,29850,30150,1176497,28.48
2019-04-05,29900,30150,29100,29200,3539071,28.42
2019-04-08,28750,29400,28300,29400,2876412,28.42
2019-04-09,29150,29450,28750,28750,1322040,28.39
2019-04-10,28800,29650,28250,29650,2336272,28.35
2019-04-11,29650,29650,29100,29200,1509883,28.34
2019-04-12,29350,29450,28950,29100,1135027,28.31
2019-04-15,29150,29250,29000,29150,914217,28.29
2019-04-16,29100,29400,29000,29300,950315,28.26
2019-04-17,29450,29450,28750,28900,1342285,28.18
2019-04-18,28900,29200,28700,28850,1318421,28.16
2019-04-19,28900,29050,28650,28850,932884,28.12
2019-04-22,28950,29100,28800,28900,743003,28.08
2019-04-23,28900,28900,28550,28700,968193,28.08
2019-04-24,28700,28700,28000,28150,1651613,28.07
2019-04-25,28150,28300,27700,27850,1004839,28.04
2019-04-26,27900,28850,27850,27900,2137682,28.0
2019-04-29,28200,28750,27900,28700,1407157,27.92
2019-04-30,28700,28750,28150,28300,1054828,27.86
2019-05-02,28200,28400,27900,28050,1187976,27.84
2019-05-03,28350,28350,27700,27800,1571926,27.82
2019-05-07,27600,28000,27500,27950,911691,27.82
2019-05-08,27700,27850,27500,27750,891297,27.76
2019-05-09,27550,27600,27050,27050,1904601,27.75
2019-05-10,27050,27550,27000,27300,1116012,27.72
2019-05-13,27000,27350,26800,27150,1147223,27.68
2019-05-14,26950,27000,26600,26850,1370330,27.59
2019-05-15,26300,26600,25900,26300,2652931,27.51
2019-05-16,26150,26200,25700,25750,1769538,27.46
2019-05-17,25900,25950,25400,25450,1473822,27.4
2019-05-20,25450,25650,25050,25400,1176541,27.37
2019-05-21,25200,25350,25000,25050,1281425,27.32
2019-05-22,25100,25650,25050,25100,1128442,27.29
2019-05-23,25100,25500,24800,25200,1094005,27.25
2019-05-24,25450,25950,25400,25500,1745582,27.19
2019-05-27,25600,25600,24950,25000,1057929,27.17
2019-05-28,25050,25250,24850,25100,1453606,27.12
2019-05-29,25050,25200,24500,24700,1433905,27.1
2019-05-30,24700,25050,24600,24950,815765,27.11
2019-05-31,25150,26450,25100,26000,3100087,27.1
2019-06-03,26350,27000,26150,26650,2755334,27.02
2019-06-04,26600,26600,26000,26000,1594929,26.94
2019-06-05,26050,26250,25550,25700,1323879,26.91
2019-06-07,25750,25900,25350,25700,876275,26.89
2019-06-10,25700,25850,25150,25350,1522660,26.84
2019-06-11,25250,26350,25200,26200,1851609,26.87
2019-06-12,26250,26350,25850,26300,1171517,26.87
2019-06-13,26450,26650,26000,26100,1679278,26.86
2019-06-14,26000,26050,25500,25500,1589204,26.78
2019-06-17,25550,25600,25100,25350,1150511,26.75
2019-06-18,25400,25500,25250,25400,616871,26.74
2019-06-19,25750,26100,25550,25600,1274257,26.76
2019-06-20,25900,26100,25700,25850,884367,26.74
2019-06-21,25850,26200,25700,26200,1516992,26.73
2019-06-24,26350,26400,25900,26050,811326,26.71
2019-06-25,26000,26150,25600,25700,1053433,26.66
2019-06-26,25550,25950,25400,25800,706453,26.64
2019-06-27,25700,25900,25600,25650,876350,26.61
2019-06-28,25600,25850,25550,25550,631138,26.6
2019-07-01,25600,25700,25300,25350,1149895,26.57
2019-07-02,25400,25400,25050,25250,1090035,26.51
2019-07-03,25300,26000,25200,25900,1411870,26.53
2019-07-04,25900,25900,25500,25700,838909,26.5
2019-07-05,25800,26150,25650,26000,829114,26.49
2019-07-08,26000,26300,25750,25950,1463653,26.42
2019-07-09,25800,25850,25400,25500,942211,26.38
2019-07-10,25400,25600,25250,25250,800763,26.38
2019-07-11,25300,25500,25250,25300,1286196,26.4
2019-07-12,25350,25650,25300,25450,729909,26.42
2019-07-15,25450,25600,25350,25450,487197,26.43
2019-07-16,25450,25650,25450,25550,515001,26.43
2019-07-17,25500,25650,25400,25450,730981,26.43
2019-07-18,25350,25600,25350,25500,828695,26.42
2019-07-19,25600,25900,25500,25850,1014697,26.42
2019-07-22,25950,26050,25750,26000,737231,26.44
2019-07-23,26100,27500,26000,27250,3452971,26.51
2019-07-24,27400,27450,26700,26700,1811992,26.47
2019-07-25,26750,27450,26600,27300,1703724,26.45
2019-07-26,27100,27950,27100,27600,2045030,26.48
2019-07-29,27600,27950,27300,27950,1841552,26.53
2019-07-30,27800,27950,27400,27600,1093730,26.53
2019-07-31,27250,28100,27250,27900,1295440,26.56
2019-08-01,27700,27900,26650,26650,1743468,26.52
2019-08-02,26900,27400,26800,27100,1599009,26.53
2019-08-05,27150,27450,26400,26800,1275929,26.52
2019-08-06,26250,26500,25850,26300,1701282,26.5
2019-08-07,26300,26550,26150,26400,1207956,26.5
2019-08-08,26500,26700,25400,25450,2586610,26.43
2019-08-09,25450,25600,25150,25200,1088702,26.38
2019-08-12,25200,25450,25050,25300,750604,26.37
2019-08-13,25000,25150,24850,24950,898039,26.36
2019-08-14,25100,25250,25000,25100,804462,26.36
2019-08-16,24900,25000,24600,24700,1297416,26.29
2019-08-19,25050,25750,24900,25700,1043295,26.32
2019-08-20,25600,25950,25550,25700,762298,26.33
2019-08-21,25650,25850,25500,25750,607948,26.33
2019-08-22,25750,26150,25700,25950,1399162,26.26
2019-08-23,25900,25950,25550,25600,575476,26.26
2019-08-26,25250,25400,25100,25200,547325,26.25
2019-08-27,25250,25350,25100,25150,914873,26.22
2019-08-28,25200,25450,24900,25350,881467,26.21
2019-08-29,25250,25450,25100,25400,815063,26.23
2019-08-30,25500,25700,25350,25550,823933,26.26
2019-09-02,26750,26750,25400,25450,1217395,26.24
2019-09-03,25400,25450,25150,25200,874623,26.21
2019-09-04,25050,25250,24800,25250,1591418,26.17
2019-09-05,25150,25250,24900,24950,1381310,26.15
2019-09-06,25000,25150,24850,24950,802157,26.15
2019-09-09,24950,25150,24900,24950,804814,26.15
2019-09-10,25000,25250,25000,25250,817405,26.15
2019-09-11,25250,25550,25250,25550,1923839,26.16
2019-09-16,25450,25700,25300,25450,1239781,26.14
2019-09-17,25650,26100,25500,25600,1759006,26.12
2019-09-18,25500,25600,25300,25300,954434,26.11
2019-09-19,25300,25450,25200,25400,1000818,26.11
2019-09-20,25350,25550,25250,25550,1081558,26.11
2019-09-23,25550,26450,25450,26350,2441969,26.18
2019-09-24,26450,26800,26350,26750,1529855,26.19
2019-09-25,26750,27200,26300,26600,1945767,26.2
2019-09-26,26700,26800,26050,26200,1094722,26.19
2019-09-27,26450,26450,25650,25750,955626,26.18
2019-09-30,25750,26100,25650,25900,814978,26.16
2019-10-01,26100,26250,25850,26050,687015,26.16
2019-10-02,26050,26050,25350,25350,1492271,26.11
2019-10-04,25350,25500,25100,25150,981000,26.05
2019-10-07,25250,25300,25100,25200,779485,26.02
2019-10-08,25200,25550,25100,25450,824025,26.03
2019-10-10,25500,26000,25450,25600,1891177,26.05
2019-10-11,25800,25950,25250,25300,1029615,25.99
2019-10-14,25450,25650,25300,25550,735037,25.98
2019-10-15,25600,26050,25500,25800,828473,26.0
2019-10-16,26050,26100,25800,26050,964088,26.01
2019-10-17,26100,26500,26050,26300,1153108,26.03
2019-10-18,26350,26500,25800,25900,728196,26.02
2019-10-21,25900,25950,25600,25700,708161,26.01
2019-10-22,25750,26000,25600,25750,924930,25.99
2019-10-23,25650,25750,25450,25500,1087848,25.98
2019-10-24,25450,25500,25250,25400,1302236,26.0
2019-10-25,25400,25550,25250,25550,632269,26.01
2019-10-28,25600,25650,25150,25250,1232661,25.91
2019-10-29,25300,25400,25050,25100,1154375,25.87
2019-10-30,25350,25950,25200,25850,1997442,25.84
2019-10-31,25900,25950,25400,25450,1476697,25.78
2019-11-01,25450,25600,25300,25350,673226,25.77
2019-11-04,25400,25450,25250,25300,1439718,25.71
2019-11-05,25400,25450,25200,25250,1513299,25.63
2019-11-06,25350,26850,25300,26800,7144202,25.81
2019-11-07,26850,27250,26400,26950,3014943,25.79
2019-11-08,26950,27200,26600,27000,2051657,25.77
2019-11-11,27000,27600,26800,27300,1966746,25.77
2019-11-12,27450,27500,27050,27400,1063225,25.79
2019-11-13,27350,27450,26900,27250,1279663,25.78
2019-11-14,27400,28250,26950,28150,3338145,25.77
2019-11-15,28000,28450,27850,28050,1432549,25.73
2019-11-18,28050,28250,27650,27850,1282357,25.73
2019-11-19,27800,28200,27300,28100,1503442,25.72
2019-11-20,28000,28700,27800,28150,1696107,25.68
2019-11-21,27900,28500,27750,27900,1428451,25.62
2019-11-22,27800,28250,27700,28000,811273,25.6
2019-11-25,28000,28300,27750,27850,945977,25.58
2019-11-26,27750,28200,27300,27800,2156678,25.55
2019-11-27,27950,27950,27400,27400,971455,25.53
2019-11-28,27200,27600,27200,27500,826030,25.51
2019-11-29,27700,28600,27650,27900,2575813,25.41
2019-12-02,27800,28300,27600,28250,1430039,25.34
2019-12-03,28100,28650,27850,28500,1239524,25.34
2019-12-04,28300,29500,28250,29250,3344669,25.35
2019-12-05,29150,29450,28600,28700,2141043,25.25
2019-12-06,28700,28950,28450,28850,1064550,25.23
2019-12-09,29000,29300,28550,28600,1301963,25.15
2019-12-10,28500,28750,28050,28150,1437124,25.08
2019-12-11,28150,28850,28100,28500,1476080,25.04
2019-12-12,28550,28600,27500,27650,3668109,25.0
2019-12-13,27800,27950,27150,27650,2488827,24.98
2019-12-16,27700,27800,27250,27450,1356473,24.95
2019-12-17,27350,27750,27250,27550,1303415,24.88
2019-12-18,27600,28450,27500,28100,2036395,24.88
2019-12-19,28250,28700,28150,28400,1758669,24.85
2019-12-20,28500,28550,28000,28000,1459271,24.77
2019-12-23,28050,28150,27700,27900,716040,24.74
2019-12-24,27850,28000,27650,27900,774460,24.71
2019-12-26,27850,27850,27450,27650,1262290,24.68
2019-12-27,27550,28000,27400,27750,1164446,24.69
2019-12-30,27850,28000,27600,27800,1188611,24.67
2020-01-02,28100,28700,28100,28500,2132432,24.64
2020-01-03,28550,28650,28050,28250,1314136,24.63
2020-01-06,27850,27950,27550,27600,1255971,24.62
2020-01-07,27650,27700,27300,27400,1164133,24.63
2020-01-08,27250,27350,26350,26450,2311195,24.66
2020-01-09,26900,27100,26650,26900,1786518,24.64
2020-01-10,26800,27000,26550,26700,1069347,24.64
2020-01-13,26750,26900,26550,26800,696936,24.64
2020-01-14,26800,27200,26650,27050,1112531,24.65
2020-01-15,27000,27200,26800,27100,670667,24.66
2020-01-16,27100,27100,26650,26900,805715,24.65
2020-01-17,26900,27150,26750,26850,624662,24.67
2020-01-20,26900,27350,26800,26900,1053603,24.67
2020-01-21,26950,27000,26550,26700,895973,24.66
2020-01-22,26700,26850,26600,26800,673856,24.65
2020-01-23,26650,26700,26350,26400,1222970,24.65
2020-01-28,26100,26200,25750,25950,1409341,24.63
2020-01-29,26050,26100,25750,25950,1005772,24.61
2020-01-30,25900,26050,25550,25550,1342841,24.58
2020-01-31,25700,25850,25300,25350,1349670,24.53
2020-02-03,25100,25350,25050,25050,1660834,24.47
2020-02-04,25150,25650,25150,25250,1510968,24.45
2020-02-05,25400,25700,25250,25450,1595617,24.43
2020-02-06,25650,25800,25450,25550,1870925,24.33
2020-02-07,25550,25700,25350,25600,1050585,24.29
2020-02-10,25600,25650,25350,25450,987865,24.26
2020-02-11,25500,25900,25450,25850,1313848,24.25
2020-02-12,25700,26100,25550,25850,1533678,24.25
2020-02-13,25750,25850,25450,25700,2320239,24.16
2020-02-14,25550,25700,25450,25600,960357,24.14
2020-02-17,25550,26100,25550,26050,1460224,24.12
2020-02-18,26050,26100,25750,25950,1348715,24.05
2020-02-19,26100,26150,25750,25900,1163403,24.04
2020-02-20,25850,26700,25800,26000,2064722,24.04
2020-02-21,25900,26400,25800,26100,1247082,24.07
2020-02-24,25750,25950,25400,25500,1982262,24.07
2020-02-25,25250,25400,24500,24650,4088725,23.89
2020-02-26,24400,24450,23600,24050,3407074,23.8
2020-02-27,23900,24100,22950,23100,3734473,23.65
2020-02-28,22450,22600,21150,21300,7589705,23.55
2020-03-02,21200,21950,20600,20950,6326734,23.44
2020-03-03,21500,21700,21000,21200,3809518,23.46
2020-03-04,21100,21750,21050,21650,3023214,23.46
2020-03-05,21900,21950,21400,21600,2662219,23.38
2020-03-06,21300,21350,20900,21100,2735034,23.29
2020-03-09,22000,23150,21450,22800,10031547,23.22
2020-03-10,22950,23700,21900,22000,6405589,23.14
2020-03-11,22000,22050,20600,20800,5941894,23.08
2020-03-12,20300,21200,20000,20550,5138836,23.08
2020-03-13,19200,20000,18800,19550,5709867,23.04
2020-03-16,19800,20000,19000,19000,3399226,22.98
2020-03-17,18100,19000,17800,18050,5782189,23.0
2020-03-18,18350,18450,17100,17100,3598889,22.99
2020-03-19,17350,17700,15550,16250,4836755,23.01
2020-03-20,16550,17550,16250,17300,3694677,23.03
2020-03-23,16400,18100,16100,17300,3685846,23.07
2020-03-24,17700,18650,17500,18650,3570950,23.12
2020-03-25,19400,19650,18500,18800,4949884,23.07
2020-03-26,18850,18950,18250,18400,3513741,23.04
2020-03-27,19000,19000,18150,18550,3197397,22.98
2020-03-30,18100,19500,18000,18950,3946830,22.88
2020-03-31,19400,19400,18850,19250,2800952,22.87
2020-04-01,19000,19950,18950,19000,3787981,22.91
2020-04-02,19050,19350,18500,19100,2065012,22.84
2020-04-03,18950,19150,18750,19000,1916754,22.85
2020-04-06,18900,19200,18850,19150,2826357,22.85
2020-04-07,19500,19500,19000,19250,2921878,22.83
2020-04-08,19250,19350,19050,19050,2010283,22.82
2020-04-09,19200,19350,19000,19150,2397609,22.8
2020-04-10,19150,20300,19150,20050,5388823,22.83
2020-04-13,20300,21200,20200,20450,5633244,22.78
2020-04-14,20900,21200,20750,21200,3816326,22.76
2020-04-16,20700,20850,20150,20250,4168986,22.59
2020-04-17,20500,21100,20400,20600,3039728,22.59
2020-04-20,20700,21400,20650,21350,3553852,22.64
2020-04-21,21850,22250,20500,21500,6495995,22.56
2020-04-22,21750,22450,21600,22400,5593049,22.54
2020-04-23,22700,23200,22500,23200,4414562,22.52
2020-04-24,23200,23550,22500,22550,4076170,22.48
2020-04-27,23050,24000,22900,23850,4919955,22.44
2020-04-28,24300,24800,23650,23800,4555244,22.31
2020-04-29,24050,24200,23500,23850,3157780,22.26
2020-05-04,23100,23450,22800,22800,3220563,22.19
2020-05-06,23100,23200,22200,22400,3687419,22.16
2020-05-07,22400,22700,22000,22450,2384717,22.09
2020-05-08,22500,22750,22300,22350,2381663,22.01
2020-05-11,22400,22450,21800,21900,2946526,21.98
2020-05-12,21850,21900,21200,21450,2925295,21.94
2020-05-13,21150,22000,21050,22000,2516459,21.89
2020-05-14,21950,23200,21750,23150,6104579,21.83
2020-05-15,23400,23500,22000,22000,6091140,21.66
2020-05-18,22050,22300,21500,21550,3111760,21.62
2020-05-19,21850,22000,21700,21800,2578677,21.59
2020-05-20,21750,22000,21500,21550,2443659,21.55
2020-05-21,21650,21650,21350,21600,2357817,21.53
2020-05-22,21600,21650,21200,21250,1949383,21.45
2020-05-25,21400,21800,21350,21500,2018026,21.42
2020-05-26,21550,21650,21250,21600,1874501,21.43
2020-05-27,21550,21800,21450,21600,1785468,21.4
2020-05-28,21700,21800,21300,21400,2470304,21.3
2020-05-29,21450,21750,21350,21600,2169999,21.31
2020-06-01,21650,21900,21600,21750,1817048,21.31
2020-06-02,21700,21850,21500,21850,2337340,21.31
2020-06-03,21950,22450,21850,22400,4406053,21.36
2020-06-04,22700,22900,21900,22000,5420843,21.13
2020-06-05,22150,22300,21900,22300,2259637,21.14
2020-06-08,22550,22650,22050,22200,2621552,21.11
2020-06-09,22350,22800,22200,22550,3601449,21.12
2020-06-10,22500,22550,21900,21950,3635584,20.95
2020-06-11,21850,22250,21500,21800,3110305,20.96
2020-06-12,21000,21350,20650,21150,3051542,20.92
2020-06-15,20900,21050,19900,19900,3684568,20.83
2020-06-16,20150,20850,20150,20850,2156035,20.81
2020-06-17,20650,20850,20050,20350,2575418,20.76
2020-06-18,20250,20500,20100,20250,1733289,20.71
2020-06-19,20450,20500,20200,20300,1787615,20.68
2020-06-22,20150,20250,20050,20050,1658714,20.58
2020-06-23,20150,20150,19700,19850,2346569,20.54
2020-06-24,19850,20050,19800,19850,2456663,20.44
2020-06-25,19600,19800,19300,19300,2506112,20.37
2020-06-26,19450,19950,19300,19450,2454982,20.29
2020-06-29,19300,19400,18950,19050,2216568,20.24
2020-06-30,19200,19700,19100,19500,2388444,20.19
2020-07-01,19600,19650,19250,19250,1773820,20.08
2020-07-02,19450,19750,19300,19350,2238513,19.93
2020-07-03,19400,19800,19250,19400,2959162,19.75
2020-07-06,19400,19550,19200,19350,2797245,19.63
2020-07-07,19400,19650,19000,19000,4834191,19.39
2020-07-08,19100,19300,18900,19050,2710958,19.29
2020-07-09,19150,19200,19000,19000,2293341,19.21
2020-07-10,19000,19050,18700,18700,2841607,19.07
2020-07-13,18850,20150,18750,20000,7671410,19.19
2020-07-14,20050,20250,19700,19850,2932456,19.11
2020-07-15,20100,20200,19550,19600,3146491,18.97
2020-07-16,19650,19900,19450,19600,2625872,18.89
2020-07-17,19650,19850,19600,19750,1742293,18.82
2020-07-20,19750,20250,19700,19950,3233048,18.73
2020-07-21,20000,20000,19750,19800,3015321,18.53
2020-07-22,19800,20150,19750,19800,2520901,18.47
2020-07-23,19800,19850,19350,19400,3099301,18.36
2020-07-24,19200,19700,19100,19500,2124153,18.34
2020-07-27,19400,19650,19300,19300,2013195,18.26
2020-07-28,19300,19400,19100,19150,3267280,18.16
2020-07-29,19100,19450,19050,19350,1992469,18.15
2020-07-30,19400,19550,19200,19200,1857004,18.1
2020-07-31,19250,19500,19100,19100,2277692,17.99
2020-08-03,19200,19250,18950,19050,1850645,17.95
2020-08-04,19050,19350,19000,19200,1967909,17.97
2020-08-05,19200,19400,19200,19200,1768901,17.95
2020-08-06,19200,19450,19200,19350,2268909,17.95
2020-08-07,19600,19950,19400,19600,3593904,17.95
2020-08-10,19600,19600,19200,19450,2450862,17.91
2020-08-11,19500,21250,19500,21000,18946719,18.06
2020-08-12,21150,21150,20250,20700,6946476,17.89
2020-08-13,20850,21850,20400,21550,12573404,17.84
2020-08-14,22100,22700,21650,21950,14743652,17.87
2020-08-18,22050,22100,20500,20550,7925993,17.87
2020-08-19,20800,21200,20600,20800,3456167,17.89
2020-08-20,20650,20700,19850,19950,5547124,17.91
2020-08-21,20150,20350,19900,20000,3599892,17.78
2020-08-24,19900,20100,19600,19950,2409724,17.75
2020-08-25,20200,21200,20150,21000,6875039,17.86
2020-08-26,20850,21000,20250,20450,3812835,17.78
2020-08-27,20450,20950,20300,20400,3303982,17.78
2020-08-28,20450,20950,20400,20700,3369350,17.79
2020-08-31,20850,21400,20500,20500,4911995,17.68
2020-09-01,20650,21400,20550,21300,6019062,17.81
2020-09-02,21500,21600,20850,21150,4036495,17.68
2020-09-03,21350,21500,20900,21050,3537985,17.64
2020-09-04,20500,20900,20400,20700,4124411,17.7
2020-09-07,20650,20800,20500,20650,2347343,17.67
2020-09-08,20700,20750,20450,20500,2490059,17.63
2020-09-09,20300,20450,20150,20300,2368901,17.63
2020-09-10,20450,20500,20300,20350,2637688,17.61
2020-09-11,20300,20400,20100,20300,1846961,17.56
2020-09-14,20400,20750,20300,20600,1923325,17.56
2020-09-15,20600,20650,20250,20400,2490530,17.54
2020-09-16,20300,20500,20250,20500,1963002,17.6
2020-09-17,20450,20800,20350,20450,2704100,17.57
2020-09-18,20450,20600,20300,20500,1794727,17.54
2020-09-21,20500,20950,20400,20700,3441714,17.58
2020-09-22,20700,20850,20200,20250,2584359,17.54
2020-09-23,20300,20400,19900,20100,2498398,17.51
2020-09-24,19900,20000,19700,19750,2743996,17.48
2020-09-25,19800,19950,19700,19700,1807699,17.44
2020-09-28,19800,20250,19750,20200,1524731,17.47
2020-09-29,20350,20450,20200,20400,1687668,17.51
2020-10-05,20550,20750,20400,20600,2109730,17.54
2020-10-06,20700,20800,20200,20300,2267788,17.49
2020-10-07,20250,20800,20150,20750,2634881,17.56
2020-10-08,20850,21400,20800,21100,5265125,17.67
2020-10-12,21400,21500,21000,21100,2604239,17.6
2020-10-13,21200,21200,20800,21000,1964700,17.58
2020-10-14,21050,21400,20950,21150,3174292,17.62
2020-10-15,21150,21350,21000,21300,2696518,17.62
2020-10-16,21300,21900,21300,21750,6329622,17.67
2020-10-19,22000,22250,21400,21400,4621162,17.5
2020-10-20,21400,21500,20850,21000,3335030,17.45
2020-10-21,21050,21800,21000,21750,3994188,17.53
2020-10-22,21600,21650,21400,21500,1942187,17.51
2020-10-23,21600,21600,21150,21300,2343245,17.45
2020-10-26,21300,21350,20800,20850,2348406,17.41
2020-10-27,20650,20800,20500,20600,2415550,17.38
2020-10-28,20600,20850,20550,20550,1629880,17.37
2020-10-29,20300,20450,20100,20300,2626259,17.36
2020-10-30,20350,20400,19900,19950,3104874,17.23
2020-11-02,20100,20400,20050,20350,1598969,17.24
2020-11-03,20450,20700,20350,20450,1868982,17.2
2020-11-04,20550,20600,20250,20300,2051112,17.12
2020-11-05,20400,20450,20250,20400,2438290,17.05
2020-11-06,20450,20600,20250,20350,1836933,17.02
2020-11-09,20450,20550,20350,20450,2099523,16.97
2020-11-10,20600,20900,20500,20700,2925085,16.98
2020-11-11,20800,21300,20750,21250,4500221,17.06
2020-11-12,21400,21650,20850,20950,6281332,16.91
2020-11-13,21250,21400,20750,21350,5777217,16.95
2020-11-16,21450,21450,21050,21100,4039577,16.86
2020-11-17,21250,21950,21150,21650,8073746,16.99
2020-11-18,21750,21900,21350,21400,3443087,16.85
2020-11-19,21350,21400,20950,21050,3530311,16.75
2020-11-20,21100,21400,21050,21200,2387918,16.78
2020-11-23,21350,21600,21300,21550,3731602,16.78
2020-11-24,21700,22950,21650,22550,13150194,17.03
2020-11-25,22850,22900,21900,22250,6997786,17.0
2020-11-26,22200,22250,21700,21950,4451763,16.9
2020-11-27,21850,22350,21800,21900,3714768,16.83
2020-11-30,21950,22050,21450,21450,4691685,16.62
2020-12-01,21550,21700,21400,21600,2844051,16.63
2020-12-02,21700,21750,21450,21700,2900687,16.6
2020-12-03,21750,22400,21700,22350,6754226,16.79
2020-12-04,22250,22450,22000,22100,4597991,16.77
2020-12-07,22100,22200,21600,21900,3834479,16.76
2020-12-08,21850,21850,21500,21500,2877079,16.69
2020-12-09,21600,22500,21550,22400,5821012,16.69
2020-12-10,22350,24000,22100,23800,22910345,17.08
2020-12-11,24300,24750,23150,23800,13713707,17.06
2020-12-14,23900,24300,23400,23900,5730045,17.05
2020-12-15,23900,24450,23600,24000,4275678,16.97
2020-12-16,24250,24300,23500,23600,4443511,16.85
2020-12-17,24550,26000,24350,26000,20413429,17.03
2020-12-18,27350,30050,27300,28300,45727935,17.38
2020-12-21,28600,29350,27550,28050,16930415,17.36
2020-12-22,28200,28200,26800,26800,10254371,17.32
2020-12-23,27350,27700,26400,26800,7585465,17.23
2020-12-24,26700,27450,26250,27000,5487118,17.18
2020-12-28,27300,27500,26800,27050,5916525,17.13
2020-12-29,26800,26900,26150,26400,4838292,17.13
2020-12-30,26400,28000,26400,27400,9514307,17.12
2021-01-04,27600,27600,26650,26900,6758871,17.12
2021-01-05,26800,27400,26550,26900,5535386,17.13
2021-01-06,27050,27950,26700,27150,8292387,17.22
2021-01-07,27500,27500,27000,27050,5225946,17.16
2021-01-08,27150,27550,26800,27000,7229638,17.22
2021-01-11,27000,27100,26100,26350,8283137,17.22
2021-01-12,26400,27150,25800,26200,8024674,17.2
2021-01-13,26250,26350,25550,25750,6072063,17.24
2021-01-14,25950,26000,25550,25950,4490413,17.35
2021-01-15,26000,26350,25250,25300,5503886,17.3
2021-01-18,25000,25500,24600,24800,5869817,17.4
2021-01-19,24900,25250,24700,24950,4146534,17.4
2021-01-20,25100,25100,24450,24850,4700478,17.45
2021-01-21,24950,25200,24600,24650,3780753,17.34
2021-01-22,24700,24700,24100,24150,5363288,17.37
2021-01-25,24200,24800,24000,24450,4671689,17.37
2021-01-26,24500,25050,24300,24350,5116704,17.27
2021-01-27,24500,24800,24050,24150,3541064,17.19
2021-01-28,23800,23950,23250,23500,4662200,17.11
2021-01-29,23650,23850,22800,22850,5023619,17.06
2021-02-01,22850,23000,22500,22850,4316125,17.07
2021-02-02,23050,23800,22950,23400,4600666,17.07
2021-02-03,23700,23750,23200,23400,2846284,17.04
2021-02-04,23450,23700,23050,23650,3314338,17.04
2021-02-05,23650,23750,23300,23550,2123828,17.0
2021-02-08,23600,24250,23400,24050,3642255,16.98
2021-02-09,24300,24550,24150,24300,3506128,16.94
2021-02-10,24200,24300,23900,23950,2952483,16.95
2021-02-15,24100,24150,23650,23750,3485403,16.94
2021-02-16,23700,23750,23400,23550,3189199,16.96
2021-02-17,23650,24250,23550,23800,4178684,16.94
2021-02-18,23800,24150,23750,23750,2773702,16.91
2021-02-19,23800,24000,23150,23750,4901504,16.76
2021-02-22,23900,24550,23800,23850,5745162,16.82
2021-02-23,23800,23850,23500,23650,2749066,16.78
2021-02-24,23650,23700,23050,23150,3063712,16.77
2021-02-25,23350,23400,23150,23350,2337929,16.76
2021-02-26,22900,23000,22700,22700,4085132,16.65
2021-03-02,22950,23250,22800,22900,2467687,16.68
2021-03-03,23050,23650,23000,23600,2878871,16.75
2021-03-04,23300,23450,23100,23350,2279735,16.73
2021-03-05,23200,23250,22900,23000,1837875,16.71
2021-03-08,23200,23250,22950,22950,1823387,16.69
2021-03-09,23050,23250,22750,23000,2440803,16.65
2021-03-10,23200,23250,22900,23000,1675368,16.66
2021-03-11,23000,23100,22850,22900,1996727,16.62
2021-03-12,23050,23400,23000,23200,1991404,16.63
2021-03-15,23250,23350,23000,23250,1684592,16.63
2021-03-16,23350,24900,23300,24750,11037032,16.87
2021-03-17,25000,25100,24500,24600,5306132,16.81
2021-03-18,24600,24650,24050,24100,3839586,16.77
2021-03-19,24000,24300,23850,24150,3354980,16.8
2021-03-22,24250,24300,22900,23000,9591472,16.59
2021-03-23,22950,23000,22600,22750,4497658,16.57
2021-03-24,22750,22950,22700,22800,1836127,16.55
2021-03-25,22850,23400,22850,23100,3174073,16.61
2021-03-26,23200,23300,23100,23250,1822468,16.61
2021-03-29,23300,23400,23100,23350,1814020,16.61
2021-03-30,23350,23500,23200,23250,2070646,16.59
2021-03-31,23200,23350,23000,23150,2486607,16.56
2021-04-01,23200,23850,23150,23500,3496584,16.59
2021-04-02,23450,23600,23300,23450,1867234,16.59
2021-04-05,23500,24150,23500,24000,3816654,16.65
2021-04-06,24050,24050,23650,23850,1727736,16.62
2021-04-07,23900,24250,23800,24050,2762787,16.64
2021-04-08,24350,24400,23850,23850,2837857,16.63
2021-04-09,23850,23900,23650,23850,1514682,16.63
2021-04-12,23900,23950,23750,23850,1245699,16.63
2021-04-13,23850,23950,23700,23900,1458424,16.62
2021-04-14,23900,24250,23800,24200,2415683,16.66
2021-04-15,24200,24450,24050,24100,2434627,16.66
2021-04-16,24150,24200,23900,23950,1746314,16.65
2021-04-19,23950,24400,23850,24200,2895841,16.7
2021-04-20,24150,24350,24100,24250,1953241,16.69
2021-04-21,24200,24200,23800,23900,3007190,16.56
2021-04-22,24000,24250,23900,24100,2447421,16.6
2021-04-23,24100,24150,23900,24050,1455130,16.61
2021-04-26,24150,24200,24000,24200,2481461,16.68
2021-04-27,24200,24950,24150,24750,6186715,16.77
2021-04-28,24700,24750,24250,24300,3323511,16.72
2021-04-29,24300,24400,23850,23950,3591778,16.67
2021-04-30,23900,23950,23600,23650,3035926,16.57
2021-05-03,23500,23650,23350,23450,2331313,16.47
2021-05-04,23450,23500,23050,23350,2316099,16.42
2021-05-06,23200,23800,23200,23600,2094652,16.45
2021-05-07,23750,24550,23750,24300,4263236,16.68
2021-05-10,24350,24600,24100,24450,2945264,16.77
2021-05-11,24300,24600,24150,24500,3563381,16.88
2021-05-12,24500,24550,23700,23900,4011373,16.66
2021-05-13,23550,24100,23500,23750,2861088,16.56
2021-05-14,23950,24100,23850,23900,2631245,16.51
2021-05-17,23900,23950,23550,23600,3001654,16.35
2021-05-18,23650,23950,23600,23950,2102291,16.29
2021-05-20,23800,23850,23550,23700,2401483,16.15
2021-05-21,23800,23850,23550,23650,2612475,16.0
2021-05-24,24000,24900,23900,24900,11452950,16.27
2021-05-25,25100,25150,24550,24900,5992845,16.18
2021-05-26,24800,26350,24600,26250,13694345,16.44
2021-05-27,26250,26800,25850,26050,8916834,16.32
2021-05-28,26100,26250,25300,25450,7042804,16.12
2021-05-31,25450,26000,25300,25800,3951176,16.09
2021-06-01,25800,26450,25650,26100,4252480,16.1
2021-06-02,26250,26300,25500,25650,4867742,16.06
2021-06-03,25550,25950,25450,25800,3456295,16.06
2021-06-04,25700,26350,25650,25800,3852903,16.05
2021-06-07,25850,27150,25600,27150,12718383,16.16
2021-06-08,27100,27150,26200,26300,7291184,15.96
2021-06-09,26300,26650,26150,26200,3966713,15.9
2021-06-10,26200,26400,25900,26000,3540935,15.91
2021-06-11,26000,26200,25900,26150,2369321,15.88
2021-06-14,26150,26900,25950,26700,4357592,15.9
2021-06-15,26700,26850,26350,26650,2551687,15.87
2021-06-16,26850,27450,26700,26700,6710778,15.78
2021-06-17,26600,26950,26400,26900,3105723,15.78
2021-06-18,26950,27150,26650,26900,3290576,15.75
2021-06-21,25850,26150,25000,25050,14271654,15.62
2021-06-22,24800,25250,24750,25050,4861222,15.58
2021-06-23,24950,25000,24500,24550,5089950,15.56
2021-06-24,24550,24900,24200,24750,3731589,15.52
2021-06-25,24750,25200,24650,25100,2776087,15.53
2021-06-28,25200,25200,24900,24950,1841506,15.51
2021-06-29,24950,25000,24800,24850,1426019,15.5
2021-06-30,24850,25100,24750,24850,1692756,15.45
2021-07-01,24850,24950,24600,24600,2046236,15.44
2021-07-02,24600,24800,24550,24700,1360477,15.44
2021-07-05,24850,25200,24700,24950,2317039,15.44
2021-07-06,24950,25150,24900,25100,1909882,15.42
2021-07-07,25050,25050,24800,24850,1634624,15.41
2021-07-08,24900,24950,24500,24500,2791495,15.4
2021-07-09,24350,24400,24000,24300,2983789,15.36
2021-07-12,24650,25050,24600,24750,1938747,15.4
2021-07-13,24850,24950,24750,24800,1132543,15.39
2021-07-14,24800,24850,24600,24750,1043405,15.4
2021-07-15,24800,25200,24750,25050,2720198,15.44
2021-07-16,25100,25150,24850,25050,1951342,15.41
2021-07-19,25050,25750,25000,25650,5094213,15.43
2021-07-20,25550,25800,25300,25650,3629636,15.36
2021-07-21,25750,25750,25200,25300,2328801,15.35
2021-07-22,25400,25500,25050,25150,2279740,15.31
2021-07-23,25150,25300,25100,25150,1209445,15.3
2021-07-26,25200,25250,24850,24900,1729160,15.3
2021-07-27,24950,25100,24750,24750,1557237,15.26
2021-07-28,24750,25100,24650,24950,1228156,15.26
2021-07-29,25050,25150,24950,25050,911607,15.25
2021-07-30,25050,25100,24850,24900,1641089,15.21
2021-08-02,25000,25600,24950,25400,2970439,15.26
2021-08-03,25450,25500,25100,25300,1775821,15.26
2021-08-04,25300,25400,25150,25400,1469529,15.25
2021-08-05,25400,25450,25250,25300,1242593,15.23
2021-08-06,25300,25500,25150,25450,1749047,15.27
2021-08-09,25500,25550,25200,25250,1547366,15.29
2021-08-10,25250,25350,25100,25250,1368529,15.31
2021-08-11,25200,25300,25000,25050,1673495,15.35
2021-08-12,25150,25200,24900,24950,2078895,15.39
2021-08-13,25000,25100,24500,24750,2783942,15.35
2021-08-17,24750,24750,24200,24250,2618645,15.32
2021-08-18,24100,24550,24050,24400,1432293,15.33
2021-08-19,24450,24450,23650,23650,3184990,15.28
2021-08-20,23750,24150,23600,23800,2077156,15.34
2021-08-23,23900,24200,23850,23950,1305626,15.37
2021-08-24,24000,24250,24000,24150,1333512,15.4
2021-08-25,24150,24250,24000,24150,1073496,15.4
2021-08-26,24100,24150,23850,23850,1780343,15.35
2021-08-27,23800,24000,23700,23850,1423230,15.32
2021-08-30,23900,24000,23750,23800,1332607,15.29
2021-08-31,23800,24000,23600,24000,1893955,15.3
2021-09-01,23950,24300,23850,24050,1374393,15.32
2021-09-02,24000,24100,23800,23850,1419796,15.28
2021-09-03,24050,24050,23750,23750,1579545,15.23
2021-09-06,23800,23950,23700,23950,1232336,15.23
2021-09-07,23850,23950,23800,23800,878167,15.2
2021-09-08,23700,23800,23400,23400,3016739,15.08
2021-09-09,23300,23500,23150,23150,2378160,15.08
2021-09-10,23200,23450,23100,23350,1397853,15.06
2021-09-13,23800,24250,23650,23850,3446628,15.0
2021-09-14,23950,24000,23700,23800,1777746,14.97
2021-09-15,23850,24300,23800,24000,2196195,14.98
2021-09-16,23950,24300,23950,24250,1605275,15.0
2021-09-17,24250,24500,24050,24500,2393322,15.01
2021-09-23,25300,25500,24100,24200,9022665,15.0
2021-09-24,24050,24200,23650,23800,3276572,15.02
2021-09-27,23850,24050,23800,23850,1471035,15.04
2021-09-28,23800,23850,23500,23550,2005579,15.03
2021-09-29,23300,23750,23200,23650,1856988,15.04
2021-09-30,23500,23700,23450,23550,1048831,15.04
2021-10-01,23400,23850,23400,23450,1472942,15.04
2021-10-05,23400,23600,23100,23300,1851813,15.03
2021-10-06,23300,23450,22800,22900,2783681,15.05
2021-10-07,22950,23200,22800,23000,1488314,15.07
2021-10-08,23000,23050,22700,22800,1580781,15.08
2021-10-12,22650,22800,22200,22250,2293639,15.05
2021-10-13,22150,22950,22150,22850,1921397,15.03
2021-10-14,22950,23000,22700,22750,2048599,14.91
2021-10-15,22800,23200,22800,22950,2138130,14.84
2021-10-18,23000,23100,22850,22950,1283441,14.85
2021-10-19,23000,23100,22900,22950,899851,14.86
2021-10-20,22950,23000,22700,22750,1254138,14.84
2021-10-21,22800,23200,22800,23200,1616739,14.85
2021-10-22,23200,23200,22900,22950,884957,14.82
2021-10-25,22950,23100,22800,23000,789802,14.81
2021-10-26,23100,23100,22900,22950,1025618,14.77
2021-10-27,22950,23050,22750,22900,1148537,14.78
2021-10-28,22850,22950,22700,22700,1164365,14.76
2021-10-29,22700,22800,22600,22600,1301563,14.74
2021-11-01,22650,22800,22600,22650,828915,14.72
2021-11-02,22650,23000,22600,22950,980189,14.73
2021-11-03,22950,23000,22600,22600,1030881,14.7
2021-11-04,22700,23600,22650,23150,2753194,14.71
2021-11-05,23100,23200,22750,23100,1546702,14.7
2021-11-08,23200,23850,23000,23750,3649852,14.91
2021-11-09,23700,23850,23250,23400,1964802,14.83
2021-11-10,23250,23650,23000,23200,1573393,14.83
2021-11-11,23050,23100,22750,22800,1546798,14.81
2021-11-12,22950,23250,22900,23150,1290037,14.81
2021-11-15,23050,23100,22800,22850,1500353,14.76
2021-11-16,22800,22900,22700,22800,1038161,14.75
2021-11-17,22800,22900,22400,22400,2171158,14.69
2021-11-18,22400,22600,22250,22300,1015980,14.66
2021-11-19,22300,22450,22250,22300,1068275,14.64
2021-11-22,22250,22400,22200,22300,1075607,14.63
2021-11-23,22300,22600,22250,22450,1171107,14.64
2021-11-24,22400,22500,22200,22300,1178462,14.65
2021-11-25,22250,22350,22200,22250,947430,14.65
2021-11-26,22250,22300,22000,22050,1475074,14.66
2021-11-29,21900,21950,21500,21550,2061563,14.66
2021-11-30,21600,21650,20750,20750,3414171,14.64
2021-12-01,20900,21100,20750,20950,1709835,14.6
2021-12-02,20800,21550,20650,21450,1642125,14.62
2021-12-03,21450,21850,21250,21650,1032080,14.61
2021-12-06,21650,21800,21300,21650,967295,14.62
2021-12-07,21700,22000,21600,21900,943397,14.63
2021-12-08,22000,22450,21950,22200,1645576,14.68
2021-12-09,22200,22400,22100,22350,1625508,14.69
2021-12-10,22250,22300,22050,22150,810107,14.7
2021-12-13,21750,22100,21700,21750,1419921,14.7
2021-12-14,21800,21950,21500,21600,1104238,14.7
2021-12-15,21600,21700,21450,21550,529551,14.69
2021-12-16,21650,21700,21450,21600,874470,14.68
2021-12-17,21500,21850,21450,21750,1011524,14.7
2021-12-20,21500,21550,21150,21200,1512519,14.67
2021-12-21,21150,21400,21100,21350,1006403,14.67
2021-12-22,21350,21400,21200,21250,818347,14.66
2021-12-23,21450,21600,21200,21350,1324341,14.66
2021-12-24,21300,21550,21300,21500,1152593,14.62
2021-12-27,21500,21550,21400,21450,1488944,14.62
2021-12-28,22450,23100,22300,22500,9138124,14.72
2021-12-29,22550,22600,22100,22100,2178739,14.7
2021-12-30,22200,22300,22050,22100,1150008,14.67
2022-01-03,22350,22450,22100,22350,1211491,14.67
2022-01-04,22250,22250,21850,22000,1716725,14.61
2022-01-05,21850,21900,21650,21800,1563585,14.62
2022-01-06,21600,21750,21400,21450,1544853,14.56
2022-01-07,21450,21700,21350,21650,896229,14.55
2022-01-10,21600,21750,21500,21500,798666,14.52
2022-01-11,21450,21600,21400,21500,965545,14.53
2022-01-12,21500,21750,21500,21700,863422,14.52
2022-01-13,21700,21950,21650,21950,1618586,14.51
2022-01-14,21650,21700,21400,21400,1359265,14.47
2022-01-17,21350,21400,21150,21300,845481,14.46
2022-01-18,21300,21500,20900,20900,1430100,14.42
2022-01-19,20750,21100,20700,20950,1042478,14.42
2022-01-20,21100,21250,20900,21050,838117,14.4
2022-01-21,21000,21250,20950,21250,761407,14.42
2022-01-24,21250,21350,20900,21000,1013934,14.4
2022-01-25,20950,21000,20450,20650,1741223,14.39
2022-01-26,20600,20900,20550,20750,988716,14.38
2022-01-27,20800,20850,20100,20100,1847767,14.39
2022-01-28,20150,20600,20050,20600,1193905,14.41
2022-02-03,20750,21250,20750,21100,1381863,14.47
2022-02-04,20900,21450,20900,21400,941008,14.49
2022-02-07,21650,21950,21500,21900,2156846,14.5
2022-02-08,21950,22450,21900,22250,2395019,14.53
2022-02-09,22350,22400,21950,22200,1351941,14.53
2022-02-10,22200,22950,22050,22950,1996013,14.56
2022-02-11,22650,22750,22300,22500,1654337,14.52
2022-02-14,22250,22350,21950,22200,1298876,14.54
2022-02-15,22200,22300,21600,21750,1372398,14.54
2022-02-16,21900,22450,21850,22400,1247493,14.56
2022-02-17,22400,22450,21900,22150,1405121,14.57
2022-02-18,21950,22750,21900,22600,1723932,14.55
2022-02-21,22400,22750,22200,22600,1438599,14.54
2022-02-22,22400,22550,22150,22450,1196419,14.56
2022-02-23,22450,22550,22250,22400,788222,14.55
2022-02-24,22200,22500,21950,22300,1611073,14.58
2022-02-25,22300,22350,21750,21800,2221135,14.48
2022-02-28,22700,23400,22600,23200,7754604,14.65
2022-03-02,23250,23550,23000,23150,2804310,14.61
2022-03-03,23450,24350,23300,24100,5832722,14.71
2022-03-04,24050,24250,23800,24000,2142944,14.66
2022-03-07,23750,24000,23150,23350,2532895,14.62
2022-03-08,22950,23800,22700,23500,2536642,14.59
2022-03-10,24700,24800,24000,24400,6439313,14.7
2022-03-11,24400,24900,23900,24750,3853185,14.81
2022-03-14,24800,25100,24400,24550,3236389,14.85
2022-03-15,24450,24700,24150,24500,1747505,14.89
2022-03-16,24750,24750,24300,24650,1837199,14.96
2022-03-17,24600,24650,24050,24250,2870497,14.97
2022-03-18,24100,24150,23850,24000,2384834,14.98
2022-03-21,23600,23700,22750,22800,4683016,14.89
2022-03-22,22800,23200,22800,23050,1790985,14.91
2022-03-23,23100,23200,22900,23100,1391015,14.89
2022-03-24,23000,23450,22850,23050,1722081,14.83
2022-03-25,23100,23100,22800,23050,1235465,14.79
2022-03-28,22950,23350,22800,23200,1277510,14.79
2022-03-29,23000,23000,22550,22550,2965834,14.72
2022-03-30,22550,22850,22550,22700,1420687,14.74
2022-03-31,22700,22800,22600,22650,1418439,14.69
2022-04-01,22800,23200,22800,22950,2050489,14.73
2022-04-04,23000,23300,22950,23250,1483290,14.79
2022-04-05,23100,23200,22900,23000,907290,14.8
2022-04-06,22950,23100,22700,22750,1444912,14.81
2022-04-07,22650,22700,22000,22000,2653902,14.72
2022-04-08,22100,22200,22000,22050,1169553,14.69
2022-04-11,21950,22000,21650,21900,1226156,14.68
2022-04-12,21750,22000,21600,21600,1231184,14.65
2022-04-13,21750,22150,21700,22100,944961,14.66
2022-04-14,22100,22250,21900,21900,1440492,14.65
2022-04-15,21900,22000,21700,21750,1031359,14.67
2022-04-18,21750,22050,21500,21850,832346,14.67
2022-04-19,21850,21900,21700,21700,1073335,14.63
2022-04-20,21750,21750,21300,21300,1954164,14.61
2022-04-21,21400,21700,21350,21700,1165018,14.65
2022-04-22,21550,21650,21450,21450,925472,14.64
2022-04-25,21250,21450,21200,21200,955650,14.62
2022-04-26,21250,21400,21200,21350,677273,14.6
2022-04-27,21100,21300,21000,21050,1137850,14.58
2022-04-28,21100,22850,21000,22850,4564319,14.63
2022-04-29,22900,23200,22500,23100,3734896,14.7
2022-05-02,22800,22900,22350,22450,1675693,14.66
2022-05-03,22450,22700,22050,22150,1417375,14.64
2022-05-04,22300,23200,22250,22950,3530400,14.75
2022-05-06,22750,23150,22550,22850,1541536,14.72
2022-05-09,22900,23300,22500,22600,1894610,14.68
2022-05-10,22500,23100,22400,22600,2432111,14.68
2022-05-11,22350,22550,22050,22100,1501002,14.63
2022-05-12,22100,22500,22050,22250,1739919,14.65
2022-05-13,22300,22750,22200,22650,1465629,14.65
2022-05-16,22650,22700,22350,22650,1213337,14.68
2022-05-17,22650,22850,22550,22750,1374837,14.67
2022-05-18,22850,22850,22400,22550,1060406,14.68
2022-05-19,22200,22800,22150,22500,1529199,14.66
2022-05-20,22650,22850,22500,22750,1169092,14.64
2022-05-23,22850,22900,22550,22700,609516,14.63
2022-05-24,22950,23900,22900,23500,5767851,14.76
2022-05-25,23650,23750,23300,23600,1849747,14.73
2022-05-26,23800,24000,23650,23800,1940810,14.76
2022-05-27,23600,23900,23500,23800,1167137,14.77
2022-05-30,23850,23950,23300,23300,1656444,14.76
2022-05-31,23300,23650,23250,23350,2524026,14.81
2022-06-02,23400,23450,22850,22950,1470077,14.79
2022-06-03,23000,23200,22850,23150,754539,14.77
2022-06-07,23100,23500,22900,22950,1398825,14.76
2022-06-08,23050,23700,23050,23600,1727113,14.78
2022-06-09,23550,23550,23050,23250,1372138,14.78
2022-06-10,23050,23150,22700,22700,1382720,14.79
2022-06-13,22700,22900,21900,21900,2162205,14.72
2022-06-14,21500,22200,21450,22050,1582480,14.7
2022-06-15,22000,22500,21750,22300,1831140,14.69
2022-06-16,22700,23300,22500,22800,2736589,14.75
2022-06-17,22500,23100,22300,22700,2222643,14.73
2022-06-20,22700,22900,21650,21700,2377210,14.69
2022-06-21,21900,22000,21550,21800,1044442,14.66
2022-06-22,22000,22100,21700,21750,1132876,14.64
2022-06-23,21800,21950,21250,21350,1831943,14.57
2022-06-24,21700,22650,21700,22500,2631376,14.61
2022-06-27,23000,23200,22700,22850,3124974,14.6
2022-06-28,22700,22750,21750,22000,3118618,14.6
2022-06-29,21750,22500,21700,22350,1603745,14.64
2022-06-30,22400,22800,22200,22550,1894038,14.71
2022-07-01,22750,22850,22300,22600,1229143,14.7
2022-07-04,22500,22750,22400,22600,1252620,14.69
2022-07-05,22650,22950,22650,22950,1406793,14.74
2022-07-06,23000,23000,22100,22150,1455143,14.73
2022-07-07,22400,22600,22100,22400,965676,14.71
2022-07-08,22400,22500,22100,22200,831730,14.71
2022-07-11,22200,22300,21600,21800,1427079,14.67
2022-07-12,21800,22100,21550,22100,1013729,14.66
2022-07-13,22050,22050,21700,21850,858327,14.64
2022-07-14,21700,21750,21500,21500,1384950,14.64
2022-07-15,21600,21800,21200,21500,1236752,14.64
2022-07-18,21650,21900,21500,21700,977485,14.66
2022-07-19,21800,22100,21700,21900,1030832,14.67
2022-07-20,22050,22050,21800,21900,973344,14.67
2022-07-21,21850,21950,21600,21750,850341,14.67
2022-07-22,21750,21850,21650,21650,563867,14.65
2022-07-25,21750,22050,21700,22000,722212,14.68
2022-07-26,22000,22300,21900,22050,877866,14.71
2022-07-27,22050,22300,21850,22200,863119,14.73
2022-07-28,22200,22400,22050,22200,911714,14.75
2022-07-29,22350,22400,22100,22350,954339,14.77
2022-08-01,22200,22250,21900,22050,687355,14.77
2022-08-02,22100,22150,21800,21800,846109,14.8
2022-08-03,21800,21950,21700,21900,704836,14.82
2022-08-04,21950,22050,21700,21800,915743,14.81
2022-08-05,21850,21900,21700,21800,823424,14.8
2022-08-08,21700,21850,21600,21700,943671,14.81
2022-08-09,21650,21950,21600,21900,812530,14.85
2022-08-10,21900,22000,21700,21700,927578,14.88
2022-08-11,21800,22000,21650,21800,1408985,14.92
2022-08-12,21900,22250,21850,22100,1103070,14.95
2022-08-16,22150,22150,21650,21700,1439453,14.88
2022-08-17,21750,21850,21650,21700,1026499,14.87
2022-08-18,21650,21650,21500,21550,909780,14.85
2022-08-19,21650,21750,21350,21500,1011633,14.82
2022-08-22,21350,21450,21250,21300,816729,14.81
2022-08-23,21200,21250,20900,20900,1417762,14.79
2022-08-24,20800,20900,20250,20350,2607721,14.72
2022-08-25,20300,20800,20300,20800,1255947,14.75
2022-08-26,21000,21300,20800,20850,1250564,14.76
2022-08-29,20400,20700,20350,20600,989190,14.78
2022-08-30,20600,21000,20550,20750,1007065,14.81
2022-08-31,20700,20950,20500,20950,2047343,14.84
2022-09-01,20800,20800,20300,20350,1432159,14.8
2022-09-02,20350,20400,19800,19850,2457876,14.64
2022-09-05,19800,20100,19750,19850,944546,14.64
2022-09-06,19900,20050,19800,19900,698427,14.63
2022-09-07,19800,19850,19500,19600,1000431,14.63
2022-09-08,19750,19800,19550,19650,874564,14.61
2022-09-13,19850,20100,19850,19950,945508,14.62
2022-09-14,19500,19650,19400,19450,922592,14.57
2022-09-15,19450,19550,19350,19350,898062,14.56
2022-09-16,19350,19400,18900,18900,1684964,14.52
2022-09-19,19100,19550,19000,19500,1133494,14.51
2022-09-20,19600,19700,19300,19600,706545,14.51
2022-09-21,19450,20050,19450,19750,1137472,14.56
2022-09-22,19950,20350,19850,20300,1907229,14.61
2022-09-23,20200,20350,19600,19750,836142,14.61
2022-09-26,19550,20400,19450,20250,2529905,14.7
2022-09-27,20200,20250,19700,20150,1070332,14.69
2022-09-28,19900,19950,19200,19200,1413338,14.65
2022-09-29,19450,19850,19400,19700,1071875,14.69
2022-09-30,19800,20400,19500,20100,3324035,14.8
2022-10-04,20100,20150,19650,19850,1192875,14.81
2022-10-05,19950,20000,19500,19550,1086388,14.81
2022-10-06,19600,19700,19450,19550,740258,14.81
2022-10-07,19400,19550,19150,19350,1020190,14.8
2022-10-11,19100,19150,18400,18450,1774862,14.77
2022-10-12,18400,18500,17800,18150,1606121,14.75
2022-10-13,17900,18050,17200,17250,2645836,14.69
2022-10-14,17450,17500,17050,17100,1959013,14.68
2022-10-17,16950,17200,16500,17100,1462653,14.64
2022-10-18,17300,17350,16950,17100,1227922,14.62
2022-10-19,17200,17350,17000,17050,1014858,14.6
2022-10-20,17000,17000,16600,16750,1498205,14.63
2022-10-21,16750,17100,16650,16750,1056802,14.62
2022-10-24,16900,17000,16600,16700,1079226,14.59
2022-10-25,16750,16750,16500,16750,985431,14.55
2022-10-26,16800,16950,16600,16650,1604609,14.43
2022-10-27,16700,17200,16650,17100,1544560,14.42
2022-10-28,17100,17200,16950,17050,745350,14.41
2022-10-31,17100,17150,16600,16750,1421884,14.38
2022-11-01,16950,17300,16850,17200,1810055,14.39
2022-11-02,17050,17150,16700,16750,1841303,14.35
2022-11-03,16550,16800,16500,16700,1053243,14.36
2022-11-04,16850,16950,16700,16850,1147601,14.36
2022-11-07,16850,17050,16650,16900,1568420,14.36
2022-11-08,17000,17250,16900,17100,1646864,14.3
2022-11-09,17200,18800,17100,18600,5219437,14.35
2022-11-10,18400,18600,18050,18150,2320364,14.37
2022-11-11,18500,19050,18350,19000,2753190,14.34
2022-11-14,19200,19800,18750,19400,2658204,14.34
2022-11-15,19500,19700,19100,19350,1146840,14.36
2022-11-16,19350,19850,19100,19650,1345087,14.38
2022-11-17,19750,19900,19300,19550,1205562,14.35
2022-11-18,19600,20100,19400,19700,1476551,14.33
2022-11-21,19700,19750,19150,19500,799303,14.32
2022-11-22,19450,19750,19350,19350,557994,14.32
2022-11-23,19450,20000,19250,19900,1047203,14.34
2022-11-24,20000,20050,19750,19850,476612,14.34
2022-11-25,19950,20400,19700,20150,1299631,14.35
2022-11-28,20150,20200,19700,20000,957162,14.35
2022-11-29,19950,20400,19950,20250,989160,14.34
2022-11-30,20200,20800,20100,20700,3772049,14.4
2022-12-01,20800,20850,20500,20650,809006,14.38
2022-12-02,20550,20600,19750,19900,1563289,14.35
2022-12-05,19900,20050,19650,19850,964034,14.31
2022-12-06,19700,19900,19600,19650,689243,14.32
2022-12-07,19600,19900,19200,19800,884974,14.3
2022-12-08,19800,19800,19250,19350,1356328,14.29
2022-12-09,19650,21000,19650,21000,3800777,14.38
2022-12-12,20700,20950,20550,20650,1095848,14.38
2022-12-13,20700,20800,20350,20700,839621,14.36
2022-12-14,20750,20900,20550,20800,900277,14.34
2022-12-15,20650,21400,20600,20850,1632360,14.36
2022-12-16,20900,21800,20900,21650,4747522,14.47
2022-12-19,21650,21700,21150,21300,1478908,14.42
2022-12-20,21400,21700,21200,21400,1400558,14.41
2022-12-21,21500,21900,21250,21850,1621562,14.41
2022-12-22,21800,21950,21500,21750,1380515,14.38
2022-12-23,21600,22200,21600,21900,2841802,14.41
2022-12-26,22000,22100,21650,21700,1294457,14.37
2022-12-27,21750,21900,21350,21500,2087081,14.39
2022-12-28,21700,22550,21700,22450,4145374,14.51
2022-12-29,22300,22750,21650,21800,2756682,14.5
2023-01-02,21200,21350,19350,19350,5336322,14.43
2023-01-03,19650,20000,19400,19500,1776246,14.45
2023-01-04,19350,19650,19050,19550,1143195,14.47
2023-01-05,19600,19950,19500,19800,1557419,14.49
2023-01-06,19800,19850,19400,19500,1431729,14.48
2023-01-09,19550,19700,19300,19600,1884767,14.48
2023-01-10,19700,19750,19500,19700,1222691,14.47
2023-01-11,19850,20050,19550,19550,1374589,14.45
2023-01-12,19650,20100,19550,19800,2396575,14.49
2023-01-13,19900,20300,19850,20200,1300151,14.51
2023-01-16,20350,20350,19950,20050,1130787,14.51
2023-01-17,20050,20250,19950,20000,894497,14.5
2023-01-18,20100,20150,19850,20150,832230,14.51
2023-01-19,19950,20450,19900,20300,1088932,14.53
2023-01-20,20250,20400,20100,20400,666797,14.54
2023-01-25,20400,20450,20100,20250,1183398,14.55
2023-01-26,20200,20450,20100,20250,1055502,14.57
2023-01-27,20250,20400,20200,20300,1176756,14.6
2023-01-30,20250,20300,20050,20150,925424,14.62
2023-01-31,20150,20250,19840,19840,1518690,14.57
2023-02-01,19860,19950,19600,19660,1830978,14.55
2023-02-02,19710,19780,19460,19490,2042935,14.55
2023-02-03,19490,19560,19300,19360,2075132,14.58
2023-02-06,19390,19490,19140,19200,1387044,14.55
2023-02-07,19200,19260,18990,19080,1500025,14.53
2023-02-08,19100,19330,19060,19330,1218715,14.53
2023-02-09,19330,19370,19150,19210,1207497,14.54
2023-02-10,19140,19250,19010,19150,1059560,14.55
2023-02-13,19060,19310,19050,19300,1038627,14.57
2023-02-14,19300,19440,19170,19170,1107422,14.58
2023-02-15,19200,19270,18170,18250,3744893,14.53
2023-02-16,18340,18450,18210,18320,1874488,14.48
2023-02-17,18230,18400,18140,18300,1535049,14.49
2023-02-20,18300,18560,18220,18520,984796,14.49
2023-02-21,18540,18550,18340,18360,1385465,14.5
2023-02-22,18250,18300,18170,18180,1114599,14.5
2023-02-23,18200,18360,18150,18270,981764,14.49
2023-02-24,18230,18430,18170,18360,964964,14.48
2023-02-27,18380,18380,17840,18160,1655457,14.43
2023-02-28,18120,18310,18010,18050,1205375,14.41
2023-03-02,17960,18300,17930,17930,1702341,14.44
2023-03-03,17940,18010,17870,17870,896894,14.4
2023-03-06,17870,18150,17810,18020,1146143,14.42
2023-03-07,18010,18120,17890,17900,1072578,14.43
2023-03-08,17820,17860,17660,17710,1328446,14.42
2023-03-09,17750,17820,17580,17590,1590751,14.38
2023-03-10,17510,17680,17360,17630,924406,14.37
2023-03-13,17490,17600,17390,17510,846690,14.36
2023-03-14,17500,17580,17140,17230,1214928,14.33
2023-03-15,17230,17520,17230,17330,1049405,14.33
2023-03-16,17200,17360,17170,17300,884355,14.33
2023-03-17,17320,18090,17310,17950,1981922,14.36
2023-03-20,18010,18550,18000,18310,1644378,14.35
2023-03-21,18280,18280,17810,17830,1304030,14.32
2023-03-22,17870,17930,17730,17760,870686,14.29
2023-03-23,17760,18090,17680,17920,952416,14.3
2023-03-24,17820,18140,17770,17940,1059635,14.31
2023-03-27,18000,18450,17740,18380,1643311,14.32
2023-03-28,18380,18500,18200,18400,1167329,14.31
2023-03-29,18410,18860,18410,18670,2242697,14.33
2023-03-30,18720,18900,18550,18890,1625623,14.37
2023-03-31,18920,19010,17910,18010,4292915,14.36
2023-04-03,17920,18150,17860,17890,1251004,14.38
2023-04-04,17890,18050,17870,18030,802843,14.38
2023-04-05,18030,18160,18000,18010,863832,14.39
2023-04-06,18050,18280,17980,18130,1306351,14.43
2023-04-07,18050,18140,17920,18080,836888,14.41
2023-04-10,18060,18210,17960,18080,889834,14.42
2023-04-11,18200,18370,18080,18210,1149669,14.43
2023-04-12,18210,18720,18180,18650,1463897,14.45
2023-04-13,18550,18740,18410,18510,1471572,14.42
2023-04-14,18500,18930,18500,18730,1299105,14.44
2023-04-17,18850,18950,18630,18930,2005187,14.47
2023-04-18,18720,18880,18410,18490,1633749,14.45
2023-04-19,18510,19150,18500,18720,1866817,14.49
2023-04-20,18720,19120,18600,18940,1657599,14.5
2023-04-21,18980,19080,18810,19080,1429391,14.5
2023-04-24,19020,19080,18600,18630,1065517,14.46
2023-04-25,18550,18740,18530,18560,956856,14.43
2023-04-26,18560,18610,18300,18420,1077341,14.39
2023-04-27,18390,18820,18340,18750,1200869,14.42
2023-04-28,18610,18810,18560,18680,1136666,14.45
2023-05-02,18780,19160,18780,19060,1621496,14.43
2023-05-03,19060,19340,18800,18830,1289941,14.43
2023-05-04,18830,19210,18800,19000,1591873,14.44
2023-05-08,19030,19160,18950,19010,1017062,14.44
2023-05-09,18950,19270,18870,19240,1220604,14.47
2023-05-10,19240,19430,19140,19240,1547703,14.48
2023-05-11,19150,19450,18970,19340,1660866,14.51
2023-05-12,19410,19840,19090,19700,2842757,14.55
2023-05-15,19740,19790,19030,19280,2581466,14.55
2023-05-16,19120,19230,18650,18680,1844472,14.54
2023-05-17,18650,18910,18330,18410,1450421,14.52
2023-05-18,18430,18490,18130,18160,1641486,14.44
2023-05-19,18200,18420,18130,18370,1059285,14.41
2023-05-22,18340,18550,18270,18470,838628,14.37
2023-05-23,18590,18690,18520,18630,895378,14.35
2023-05-24,18590,18630,18500,18570,703516,14.34
2023-05-25,18500,18570,18370,18400,837787,14.33
2023-05-26,18330,18600,18310,18470,722115,14.33
2023-05-30,18470,18600,18360,18510,828244,14.32
2023-05-31,18510,19190,18510,19080,3124543,14.37
2023-06-01,19290,19820,19150,19390,2860702,14.45
2023-06-02,19380,19530,19150,19330,1086226,14.43
2023-06-05,19330,19590,19330,19560,914659,14.45
2023-06-07,19630,19750,19250,19290,1250630,14.45
2023-06-08,19390,19480,19220,19310,1359731,14.45
2023-06-09,19370,19560,19080,19080,1361383,14.43
2023-06-12,19120,19220,18960,18980,674470,14.41
2023-06-13,19080,19080,18900,18990,860795,14.37
2023-06-14,18910,18990,18630,18640,1192384,14.31
2023-06-15,18680,18830,18560,18580,979610,14.29
2023-06-16,18700,19060,18700,18830,1289113,14.31
2023-06-19,18870,19070,18820,18860,753798,14.31
2023-06-20,18840,18960,18700,18750,721418,14.29
2023-06-21,18760,18790,18370,18580,1162813,14.28
2023-06-22,18580,18690,18430,18510,779396,14.28
2023-06-23,18510,18520,18270,18310,712226,14.26
2023-06-26,18340,19080,18340,19080,1504972,14.29
2023-06-27,19100,20100,19060,19980,4990826,14.43
2023-06-28,20050,20100,19590,19790,1457571,14.42
2023-06-29,19670,20300,19640,20050,2028187,14.49
2023-06-30,20150,20650,19970,20600,2160678,14.58
2023-07-03,20550,20700,20000,20650,1602240,14.58
2023-07-04,20450,20750,20400,20600,1086300,14.59
2023-07-05,20600,20600,20100,20250,1067559,14.62
2023-07-06,20200,20250,19750,20050,1563897,14.61
2023-07-07,19850,20050,19430,19490,1632376,14.61
2023-07-10,19500,19800,19400,19480,851186,14.59
2023-07-11,19590,19850,19520,19680,1120829,14.58
2023-07-12,19700,20200,19700,20000,1221239,14.64
2023-07-13,20200,20850,20150,20700,2442703,14.76
2023-07-14,20800,20850,20350,20450,1272966,14.76
2023-07-17,20250,20500,19940,19990,930821,14.75
2023-07-18,20000,20600,20000,20200,1039854,14.77
2023-07-19,20450,20450,20050,20200,945718,14.77
2023-07-20,20150,20500,20050,20300,718821,14.76
2023-07-21,20300,20450,19990,20050,809856,14.75
2023-07-24,20000,20000,19400,19440,1566262,14.71
2023-07-25,19440,19650,19350,19390,971347,14.71
2023-07-26,19380,19380,18890,19140,1943547,14.68
2023-07-27,19150,19590,18950,19500,1251925,14.64
2023-07-28,19300,19430,19100,19380,950709,14.63
2023-07-31,19440,19530,19210,19210,887217,14.61
2023-08-01,19220,19540,19160,19540,895078,14.64
2023-08-02,19460,19700,19310,19350,1107182,14.62
2023-08-03,19420,19590,19210,19480,980585,14.64
2023-08-04,19470,19570,19340,19390,680173,14.67
2023-08-07,19350,19440,19210,19280,858959,14.69
2023-08-08,19440,19820,19350,19460,1307099,14.73
2023-08-09,19460,19510,18960,19370,1316582,14.71
2023-08-10,19180,19380,19030,19030,1479439,14.74
2023-08-11,19090,19230,18930,18960,925840,14.72
2023-08-14,19010,19040,18610,18640,1412301,14.69
2023-08-16,18590,18590,18310,18340,1151276,14.67
2023-08-17,18340,18340,18100,18160,995083,14.63
2023-08-18,18060,18090,17940,17940,1276480,14.55
2023-08-21,17910,17990,17810,17810,1005706,14.49
2023-08-22,17830,18050,17820,17950,650647,14.49
2023-08-23,17950,18240,17880,18090,719310,14.5
2023-08-24,18160,18200,17980,18000,683636,14.48
2023-08-25,17890,17890,17720,17830,879663,14.46
2023-08-28,18000,18150,17910,18030,637626,14.47
2023-08-29,18050,18130,17950,18060,737425,14.47
2023-08-30,18120,18170,18000,18090,674809,14.48
2023-08-31,18050,18070,17800,17820,1550678,14.42
2023-09-01,17820,17980,17810,17820,828175,14.42
2023-09-04,17820,17960,17750,17960,574398,14.42
2023-09-05,17860,17950,17820,17860,400215,14.42
2023-09-06,17850,17890,17770,17850,529538,14.44
2023-09-07,17800,17820,17710,17810,689905,14.43
2023-09-08,17950,18600,17910,18420,2192114,14.51
2023-09-11,18420,18440,18190,18240,758725,14.52
2023-09-12,18400,18410,17900,17900,946064,14.47
2023-09-13,17850,18060,17850,17930,636200,14.46
2023-09-14,18040,18250,17960,18130,975648,14.46
2023-09-15,18200,18230,18030,18140,811452,14.44
2023-09-18,18100,18320,18030,18030,583492,14.44
2023-09-19,18090,18210,18050,18060,563253,14.47
2023-09-20,18130,18300,18120,18290,615254,14.48
2023-09-21,18250,18340,18020,18020,728944,14.48
2023-09-22,17990,18050,17790,17970,634981,14.47
2023-09-25,18000,18210,17990,18100,615176,14.48
2023-09-26,17990,18120,17920,17980,641210,14.47
2023-09-27,17850,18110,17810,18020,757383,14.47
2023-10-04,17900,17900,17390,17500,1697097,14.38
2023-10-05,17410,17720,17350,17380,976345,14.35
2023-10-06,17460,17650,17380,17560,564840,14.35
2023-10-10,17560,18060,17540,17640,1118011,14.36
2023-10-11,17830,17980,17650,17650,823018,14.34
2023-10-12,17780,17780,17450,17510,1095862,14.3
2023-10-13,17420,17540,17390,17480,404858,14.3
2023-10-16,17440,17520,17170,17190,1135084,14.23
2023-10-17,17300,17400,17170,17210,530312,14.23
2023-10-18,17210,17270,17100,17110,634381,14.2
2023-10-19,17020,17090,16760,16910,1110271,14.16
2023-10-20,16820,16890,16710,16720,1095176,14.09
2023-10-23,16720,16760,16370,16370,1433972,14.02
2023-10-24,16440,16480,16030,16320,1182941,14.01
2023-10-25,16330,16650,16330,16530,683940,14.01
2023-10-26,16440,16510,16270,16370,875934,13.99
2023-10-27,16520,16700,16390,16640,652622,13.98
2023-10-30,16620,17000,16570,16920,718884,13.98
2023-10-31,17000,17130,16770,16920,745326,14.01
2023-11-01,16920,16960,16710,16770,589018,14.0
2023-11-02,16880,17000,16120,16190,1956540,13.99
2023-11-03,16320,16580,16210,16460,968025,13.99
2023-11-06,16660,17100,16590,17100,1431266,14.01
2023-11-07,16960,17380,16800,17240,1563916,13.99
2023-11-08,17330,18230,17110,17640,4131903,13.97
2023-11-09,17900,17990,17150,17190,2290944,13.9
2023-11-10,17180,17250,16750,16950,1146817,13.89
2023-11-13,17110,18190,16760,17870,4877863,13.91
2023-11-14,17700,17800,17330,17400,2086701,13.81
2023-11-15,17580,17650,17350,17480,1445325,13.8
2023-11-16,17500,17850,17410,17650,1601199,13.8
2023-11-17,17810,18040,17670,17780,1479460,13.8
2023-11-20,17750,17860,17620,17760,702034,13.78
2023-11-21,17790,18010,17740,17950,978874,13.8
2023-11-22,17990,18140,17910,18140,992240,13.83
2023-11-23,18050,18830,18050,18750,2855487,13.89
2023-11-24,18750,19200,18710,18790,1884022,13.9
2023-11-27,18860,19060,18820,19000,1398986,13.91
2023-11-28,19000,19060,18680,18980,1026118,13.9
2023-11-29,18850,19120,18540,18570,1114295,13.92
2023-11-30,18560,18850,18390,18850,1308829,13.92
2023-12-01,18820,19190,18740,19080,1357487,13.93
2023-12-04,19180,19260,18930,19130,911210,13.92
2023-12-05,19100,19280,19030,19170,924833,13.94
2023-12-06,19150,19350,19130,19160,684774,13.95
2023-12-07,19250,19750,19230,19650,2458852,14.04
2023-12-08,19660,19730,19280,19340,1128940,14.04
2023-12-11,19300,19430,19090,19380,857461,14.02
2023-12-12,19430,19440,19290,19300,633201,14.01
2023-12-13,19390,19500,19110,19190,778451,14.01
2023-12-14,19400,19500,19130,19280,1744663,14.06
2023-12-15,19300,19440,19210,19330,1050262,14.04
2023-12-18,19250,19380,19100,19120,780185,14.03
2023-12-19,19060,19200,18520,18630,1634899,14.05
2023-12-20,18730,18810,18640,18680,843944,14.06
2023-12-21,18610,18740,18500,18710,802903,14.06
2023-12-22,18730,18830,18620,18730,621528,14.06
2023-12-26,18900,18910,18590,18710,761233,14.05
2023-12-27,18710,18730,18260,18550,863032,14.06
2023-12-28,18650,18900,18540,18900,1096951,14.08
2024-01-02,18900,18910,18700,18840,773155,14.07
2024-01-03,18800,19450,18740,19250,2051242,14.13
2024-01-04,19150,19150,18810,18810,980394,14.1
2024-01-05,18800,18930,18640,18840,583559,14.09
2024-01-08,18850,18910,18550,18550,591289,14.09
2024-01-09,18750,19240,18720,19140,1753456,14.12
2024-01-10,19070,19090,18820,18890,671010,14.1
2024-01-11,19030,19060,18640,18640,880855,14.11
2024-01-12,18670,18790,18540,18670,563259,14.09
2024-01-15,18730,18900,18660,18690,561589,14.12
2024-01-16,18750,19490,18750,19240,2467333,14.2
2024-01-17,19200,19390,18980,18980,1470742,14.15
2024-01-18,19000,19090,18710,18720,968473,14.11
2024-01-19,18750,18760,17970,18030,3019410,13.93
2024-01-22,18110,18540,18070,18430,1219991,13.97
2024-01-23,18560,18570,18140,18270,973471,13.93
2024-01-24,18270,18450,18260,18390,874907,13.99
2024-01-25,18390,19160,18280,19160,1987949,14.08
2024-01-26,18960,19280,18910,19200,1053749,14.13
2024-01-29,19230,19970,19140,19920,3183607,14.25
2024-01-30,19870,19880,19400,19600,1661595,14.24
2024-01-31,19510,19780,19380,19770,1202685,14.23
2024-02-01,19720,20550,19660,20400,3649060,14.27
2024-02-02,20300,20550,20050,20350,1451371,14.29
2024-02-05,20400,20400,19910,20200,1313690,14.3
2024-02-06,20100,20500,20000,20400,1073152,14.31
2024-02-07,20550,20900,20400,20850,1753630,14.32
2024-02-08,20850,20950,20400,20400,1591986,14.35
2024-02-13,20550,21350,20550,21300,2520800,14.43
2024-02-14,21000,21700,20900,21100,2195133,14.47
2024-02-15,21250,21300,20700,20700,1161158,14.48
2024-02-16,20750,21350,20700,21100,1271429,14.49
2024-02-19,21700,23350,21550,23200,10791549,14.75
2024-02-20,23300,23950,22550,23400,5797991,14.74
2024-02-21,23150,23400,22750,22900,2309678,14.74
2024-02-22,22850,23350,22650,23050,2411195,14.71
2024-02-23,23150,23850,22950,23550,4262887,14.63
2024-02-26,24100,24950,22800,24850,11931119,14.74
2024-02-27,24550,24800,24100,24200,3338323,14.67
2024-02-28,24050,24900,23600,24500,4041469,14.58
2024-02-29,24550,25100,24450,24800,3281702,14.53
2024-03-04,24800,24850,24300,24750,2841632,14.59
2024-03-05,24600,24650,24100,24450,2130723,14.62
2024-03-06,24250,25000,24250,24650,2543960,14.58
2024-03-07,24800,24800,24050,24200,1827533,14.62
2024-03-08,24300,24350,23200,24000,3269503,14.72
2024-03-11,24000,24100,23550,24000,1517672,14.73
2024-03-12,24000,24050,23250,23750,1686518,14.71
2024-03-13,23850,24200,23350,24000,2056972,14.73
2024-03-14,24150,25450,24100,24800,6392314,14.89
2024-03-15,24850,25250,24600,24850,2905291,14.85
2024-03-18,24850,24900,24100,24300,2335423,14.85
2024-03-19,24000,24050,22150,22400,6428557,14.9
2024-03-20,22450,22700,21850,22300,3103981,14.95
2024-03-21,22500,23100,22500,22850,2693244,14.94
2024-03-22,22750,23300,22700,22800,1440910,14.97
2024-03-25,22800,22900,21850,22350,2966690,15.1
2024-03-26,22450,22700,21700,22100,2879390,15.18
2024-03-27,21900,22250,21800,22150,1368013,15.18
2024-03-28,22350,22400,22000,22100,1124920,15.17
2024-03-29,22350,22400,21900,22000,1191176,15.15
2024-04-01,22000,22150,21750,22100,1005932,15.14
2024-04-02,21850,21950,21400,21550,1978925,15.15
2024-04-03,21450,21550,21100,21350,1534977,15.21
2024-04-04,21550,22100,21450,21750,2141669,15.22
2024-04-05,21500,21850,21400,21600,962461,15.26
2024-04-08,21700,22500,21450,22250,2365677,15.26
2024-04-09,22250,22500,22000,22150,1491157,15.26
2024-04-11,21900,22500,21150,21300,3400061,15.36
2024-04-12,21250,21250,20100,20200,4156035,15.4
2024-04-15,20000,21000,20000,20900,2432691,15.47
2024-04-16,20850,21350,20250,20450,1820396,15.43
2024-04-17,20600,20650,19760,19770,2320298,15.38
2024-04-18,20050,20850,20050,20400,1875760,15.41
2024-04-19,20150,20350,19760,20150,1759643,15.37
2024-04-22,20350,21100,20350,20900,1728574,15.37
2024-04-23,20850,21650,20750,21450,1940506,15.32
2024-04-24,21250,21300,20750,20900,1846646,15.23
2024-04-25,20900,21100,20850,20900,776057,15.22
2024-04-26,21000,21100,20850,21050,714395,15.2
2024-04-29,21250,21500,20950,21300,1126992,15.2
2024-04-30,21200,21450,20900,21150,1506317,15.18
2024-05-02,21200,21700,21000,21350,1262306,15.19
2024-05-03,21350,21400,21150,21250,686049,15.17
2024-05-07,21450,21950,21350,21850,1366953,15.19
2024-05-08,21850,21950,21450,21500,1157969,15.14
2024-05-09,21650,22600,21650,21800,3064229,15.14
2024-05-10,22150,22850,20250,20600,7861913,15.05
2024-05-13,20600,20650,19320,19380,9401650,14.78
2024-05-14,19420,19790,19390,19690,2669709,14.72
2024-05-16,19840,20100,19610,19630,3125549,14.67
2024-05-17,19640,19880,19640,19800,1401898,14.69
2024-05-20,19930,20150,19870,20000,1453490,14.69
2024-05-21,19970,20100,19760,19990,1573442,14.71
2024-05-22,20050,20250,19950,20100,1431445,14.77
2024-05-23,20050,20300,19960,19990,1515224,14.78
2024-05-24,19810,19880,19650,19660,1590476,14.73
2024-05-27,19710,19990,19710,19800,1310078,14.73
2024-05-28,19860,19940,19750,19800,951042,14.72
2024-05-29,19720,19850,19490,19580,1709809,14.67
2024-05-30,19460,19600,19010,19070,1857424,14.63
2024-05-31,19250,19550,19130,19450,1948723,14.62
2024-06-03,19640,20800,19590,20300,5380353,14.73
2024-06-04,20350,20350,19830,20000,2413157,14.72
2024-06-05,20050,20250,19950,20150,1335847,14.76
2024-06-07,20100,20350,19900,19990,1363862,14.76
2024-06-10,19840,19930,19560,19760,1677932,14.74
2024-06-11,19910,20350,19720,19800,1445810,14.73
2024-06-12,19750,19880,19650,19830,1277670,14.74
2024-06-13,19840,20100,19660,19660,2669576,14.76
2024-06-14,19700,19860,19610,19740,1823734,14.81
2024-06-17,19820,19950,19700,19740,1265562,14.82
2024-06-18,19760,19930,19720,19840,1600534,14.85
2024-06-19,19880,20150,19850,20100,1444501,14.87
2024-06-20,20100,20200,19980,20100,1070108,14.9
2024-06-21,20000,20100,19100,19280,4201870,14.77
2024-06-24,19320,19380,19140,19350,1286065,14.79
2024-06-25,19420,19500,19270,19350,884995,14.79
2024-06-26,19300,19390,19180,19370,1064026,14.78
2024-06-27,19230,19590,19210,19300,1185950,14.81
2024-06-28,19370,19640,19360,19570,1216772,14.85
2024-07-01,19540,19610,19410,19530,829499,14.82
2024-07-02,19410,19520,19170,19250,1578112,14.77
2024-07-03,19300,19310,19200,19210,847614,14.76
2024-07-04,19270,19350,19220,19340,664020,14.76
2024-07-05,19320,19600,19310,19510,1512491,14.8
2024-07-08,19510,19890,19460,19800,1637506,14.83
2024-07-09,19850,19950,19700,19830,1141861,14.83
2024-07-10,19920,19920,19640,19670,1075212,14.79
2024-07-11,19800,19860,19570,19830,1304530,14.81
2024-07-12,19820,20300,19660,19760,2038482,14.77
2024-07-15,19860,19950,19620,19620,1149661,14.74
2024-07-16,19650,19800,19470,19590,827168,14.73
2024-07-17,19600,19720,19560,19580,1102357,14.72
2024-07-18,20050,20400,19550,19610,3633959,14.69
2024-07-19,19570,19800,19540,19720,1047139,14.72
2024-07-22,19730,19730,19500,19520,986049,14.69
2024-07-23,19530,19610,19320,19320,925398,14.69
2024-07-24,19260,19480,19250,19350,659995,14.7
2024-07-25,19420,19520,19350,19380,849023,14.72
2024-07-26,19380,19680,19380,19570,997310,14.73
2024-07-29,19680,19790,19600,19670,1537543,14.72
2024-07-30,19620,19740,19570,19610,1077940,14.71
2024-07-31,19690,19770,19590,19750,1323484,14.69
2024-08-01,19710,20350,19690,20200,2669816,14.78
2024-08-02,20050,20350,19670,19700,2177058,14.7
2024-08-05,19600,19610,18190,18400,3686735,14.56
2024-08-06,18800,19300,18550,19000,2558803,14.63
2024-08-07,18810,19680,18780,19490,1780310,14.71
2024-08-08,19350,19500,19130,19190,1357140,14.7
2024-08-09,19410,19410,19020,19040,1467853,14.64
2024-08-12,19120,19370,19060,19300,629507,14.64
2024-08-13,19170,19300,19130,19240,672448,14.64
2024-08-14,19340,19340,19170,19260,669926,14.64
2024-08-16,19400,19480,19260,19270,813644,14.64
2024-08-19,19250,19400,19180,19220,695956,14.63
2024-08-20,19300,19990,19250,19970,2542279,14.71
2024-08-21,19950,21200,19890,21000,5538135,14.88
2024-08-22,21150,21300,20700,21050,2700856,14.89
2024-08-23,21000,21300,20900,21200,1706057,14.92
2024-08-26,21250,22300,21150,22100,5259084,14.99
2024-08-27,22050,22850,21900,22750,4545948,15.04
2024-08-28,22750,22950,22500,22550,3021971,15.06
2024-08-29,22350,22550,21900,22250,2762969,15.07
2024-08-30,22150,22350,21300,21700,3678854,15.06
2024-09-02,21600,21850,21100,21400,1486956,15.09
2024-09-03,21450,22350,21450,21800,2067773,15.09
2024-09-04,21500,22500,21450,21800,2971274,15.06
2024-09-05,22000,22600,21900,22300,2954622,15.02
2024-09-06,22300,22500,21850,21900,1854198,15.02
2024-09-09,21550,22050,21250,21750,1044509,15.05
2024-09-10,21750,21850,21550,21600,1315051,15.06
2024-09-11,21900,22250,21600,21750,1682536,15.01
2024-09-12,21800,22050,21550,21950,2082455,15.09
2024-09-13,22000,22300,21950,22250,1018545,15.1
2024-09-19,22550,22650,21700,22200,1878362,15.08
2024-09-20,22200,22250,21750,21950,2066513,15.12
2024-09-23,20750,21150,20000,20100,6018913,15.02
2024-09-24,20200,20300,19920,20100,2179831,15.03
2024-09-25,20250,20400,19840,19840,2120966,15.0
2024-09-26,19930,20400,19930,20350,1657220,15.05
2024-09-27,20450,21000,20200,20800,2492907,15.09
2024-09-30,20800,20950,20500,20550,1121399,15.07
2024-10-02,20300,20450,20000,20050,1240997,15.04
2024-10-04,20100,20250,19980,20200,780316,15.06
2024-10-07,20100,20150,19630,19980,1640378,15.04
2024-10-08,19940,20200,19870,19950,868749,15.05
2024-10-10,20100,20100,19850,19850,1333600,15.01
2024-10-11,19870,19980,19780,19850,935400,14.99
2024-10-14,19860,20550,19860,20550,1393577,15.01
2024-10-15,20650,20950,20450,20600,1161191,15.01
2024-10-16,20500,20750,20500,20650,734533,15.0
2024-10-17,20700,20900,20450,20650,1028613,14.98
2024-10-18,20750,21150,20450,21050,1586670,14.98
2024-10-21,21150,21600,21000,21250,1809347,15.01
2024-10-22,21350,21950,21300,21800,2461729,15.05
2024-10-23,21900,23550,21500,21950,9061287,15.1
2024-10-24,22250,23250,22200,23050,5497098,15.33
2024-10-25,22850,23350,22550,22800,2791811,15.34
2024-10-28,22950,23200,22600,22800,1773516,15.3
2024-10-29,22900,23250,22700,23050,2361322,15.3
2024-10-30,22900,23150,22800,22950,1849732,15.3
2024-10-31,22650,23200,22300,23100,2601617,15.36
2024-11-01,23000,23300,22900,23050,1217875,15.39
2024-11-04,23050,23200,22850,23100,1545425,15.46
2024-11-05,23000,23150,22850,23050,826743,15.5
2024-11-06,23050,23100,22500,23000,1313235,15.54
2024-11-07,22800,23100,22550,22800,1521222,15.57
2024-11-08,22900,22900,21850,22200,1999887,15.58
2024-11-11,22050,22500,22050,22250,1004383,15.61
2024-11-12,22100,22200,21350,21500,1750325,15.65
2024-11-13,21400,22800,21150,22200,3522813,15.58
2024-11-14,22450,23450,22350,23100,4590438,15.75
2024-11-15,23150,23300,22550,22600,2372874,15.66
2024-11-18,22800,23650,22800,23600,3334278,15.83
2024-11-19,23600,24100,23300,23950,2666033,15.86
2024-11-20,23800,24000,23550,23700,1053216,15.85
2024-11-21,23600,24000,23450,23650,1185469,15.85
2024-11-22,23800,24000,23550,23750,1037605,15.86
2024-11-25,23800,24200,23500,23750,2479214,15.87
2024-11-26,23800,24600,23800,24400,3576938,16.02
2024-11-27,24300,24500,24100,24300,1414542,16.0
2024-11-28,24250,24450,23950,24250,1035899,15.98
2024-11-29,24250,24350,23750,23900,1694089,15.96
2024-12-02,24250,24400,23900,24100,1350602,16.0
2024-12-03,24100,24250,23550,23800,1960150,16.02
2024-12-04,23000,23450,21300,21700,8835581,15.83
2024-12-05,21750,22000,21300,21650,2115376,15.84
2024-12-06,21700,22000,20750,21250,2829447,15.89
2024-12-09,21000,21250,20450,20900,2010349,15.91
2024-12-10,21000,21550,20950,21400,1601929,15.91
2024-12-11,21600,21600,21250,21450,933777,15.89
2024-12-12,21450,21800,21050,21150,2340214,15.88
2024-12-13,21250,21500,21050,21350,1115002,15.87
2024-12-16,21500,21850,21450,21550,1126990,15.85
2024-12-17,21600,21750,21150,21300,1264645,15.82
2024-12-18,21400,21400,21000,21300,1423546,15.81
2024-12-19,20950,21000,20400,20600,2281302,15.74
2024-12-20,20650,20750,20250,20300,1462786,15.7
2024-12-23,20450,20750,20200,20700,1094287,15.71
2024-12-24,20650,20700,20400,20550,784465,15.71
2024-12-26,20500,20600,20300,20400,791883,15.72
2024-12-27,20250,20350,19830,20000,1841452,15.71
2024-12-30,20000,20500,20000,20050,952798,15.72
2025-01-02,20050,20050,19400,19560,2127882,15.66
2025-01-03,19590,20100,19580,20000,1308102,15.7
2025-01-06,20050,20100,19880,19980,1728811,15.71
2025-01-07,19980,20550,19940,20450,1696531,15.79
2025-01-08,20250,20500,20100,20450,1100398,15.8
2025-01-09,20350,20400,20100,20300,2030747,15.76
2025-01-10,20200,20600,20150,20400,1036168,15.78
2025-01-13,20300,20400,20100,20150,963122,15.75
2025-01-14,20200,20550,20100,20150,1371283,15.79
2025-01-15,20300,20500,20100,20400,1184187,15.82
2025-01-16,20500,20550,20150,20250,1099328,15.79
2025-01-17,20400,20850,20400,20750,2146865,15.86
2025-01-20,20750,20900,20600,20750,865294,15.86
2025-01-21,20900,21350,20850,21200,1664631,15.88
2025-01-22,21300,21400,20950,21000,1072444,15.85
2025-01-23,21000,21050,20600,20800,996634,15.88
2025-01-24,20800,21050,20650,21000,768592,15.9
2025-01-31,21250,21250,20800,21050,805990,15.9
2025-02-03,20850,20850,20450,20650,1088094,15.89
2025-02-04,20800,20900,20550,20650,1031303,15.88
2025-02-05,20700,21150,20650,21050,1226805,15.93
2025-02-06,21200,21300,21000,21200,895892,15.92
2025-02-07,21050,21100,20750,20750,988722,15.89
2025-02-10,20750,20900,20650,20700,793476,15.88
2025-02-11,20700,20900,20550,20650,869389,15.86
2025-02-12,20700,20750,20500,20650,933552,15.89
2025-02-13,20650,20750,20550,20700,1224800,15.87
2025-02-14,20700,21150,20650,21100,1445490,15.91
2025-02-17,21050,21300,21000,21200,940869,15.92
2025-02-18,21250,21300,20950,21200,1080543,15.94
2025-02-19,21200,21450,21150,21250,1395953,15.94
2025-02-20,21150,21950,21100,21900,2251248,15.96
2025-02-21,21950,22350,21750,21900,1489253,15.96
2025-02-24,21800,22100,21700,22050,1035684,15.96
2025-02-25,21850,23350,21800,22950,3867077,16.02
2025-02-26,23000,23700,22800,23500,2707503,16.03
2025-02-27,23350,23500,22900,23350,1881784,16.05
2025-02-28,22800,22950,21050,21350,6539141,15.98
2025-03-04,21250,21800,21050,21350,1747544,15.91
2025-03-05,21500,22250,21400,22050,1863386,15.95
2025-03-06,22300,22600,22150,22400,1474302,15.94
2025-03-07,22150,22400,21950,22250,1111305,15.93
2025-03-10,22200,22950,22150,22700,1647965,15.95
2025-03-11,22250,22600,21950,22250,1443824,15.94
2025-03-12,22100,22350,22050,22250,867592,15.95
2025-03-13,22100,22425,22000,22350,1407816,15.96
2025-03-14,22300,22650,22200,22250,992208,15.97
2025-03-17,22300,22400,21800,22150,1344995,15.96
2025-03-18,22150,22200,21600,21750,1528700,15.99
2025-03-19,21800,22000,21650,21850,1020319,16.02
2025-03-20,21900,22050,21900,22000,793552,16.05
2025-03-21,22000,22500,22000,22100,1704881,16.06
2025-03-24,22100,22400,22050,22300,926757,16.13
2025-03-25,22400,22900,22350,22600,1925660,16.22
2025-03-26,22600,22650,22450,22600,868476,16.22
2025-03-27,22450,22550,22250,22300,968867,16.24
2025-03-28,22300,22350,21900,22100,773141,16.24
2025-03-31,21750,21850,21250,21650,1201635,16.26
2025-04-01,21650,21850,21400,21450,1040122,16.29
2025-04-02,21550,21600,21250,21350,925064,16.27
2025-04-03,21000,21500,20900,21500,866549,16.28
2025-04-04,21450,22350,21400,22000,2709112,16.32
2025-04-07,21600,22600,21400,22450,3758996,16.5
2025-04-08,22550,22750,22200,22450,1930798,16.48
2025-04-09,22600,22750,22250,22500,2030750,16.44
2025-04-10,22500,22950,22350,22950,2460265,16.52
2025-04-11,22900,23200,22850,23150,1526171,16.59
2025-04-14,23300,23600,23200,23550,1410015,16.67
2025-04-15,23650,24200,23600,24150,2766558,16.82
2025-04-16,24000,24450,23950,24200,1890107,16.95
2025-04-17,24350,24350,23800,24100,1574665,17.02
2025-04-18,24100,24350,23800,24300,1072781,17.09
2025-04-21,24450,25300,24350,25300,3120504,17.26
2025-04-22,25500,25500,24900,25350,2035289,17.27
2025-04-23,25100,25700,24850,25200,2241147,17.39
2025-04-24,25050,25400,24850,25100,1897743,17.54
2025-04-25,25150,25350,24950,25250,1442057,17.63
2025-04-28,25200,25600,25200,25550,1361623,17.7
2025-04-29,25550,25800,25050,25700,1948704,17.79
2025-04-30,25550,25700,25300,25650,1389732,17.85
2025-05-02,25750,26000,25500,25600,1507618,17.89
2025-05-07,25850,26650,25850,26600,3433375,18.04
2025-05-08,26500,26700,26300,26400,1895094,18.09
2025-05-09,26500,27000,26500,26950,2410304,18.2
2025-05-12,27000,27150,26650,26900,1973499,18.22
2025-05-13,26300,26350,24950,25750,5507277,18.3
2025-05-14,26000,26450,25700,26100,1996836,18.38
2025-05-15,26150,26900,26150,26500,1684044,18.42
2025-05-16,27000,28100,26700,28000,4364089,18.47
2025-05-19,28100,29350,27900,28400,5979148,18.5
2025-05-20,28850,29400,28800,29100,3329443,18.52
2025-05-21,29350,29450,28650,29300,2003643,18.55
2025-05-22,29600,30000,29450,29700,3412029,18.57
2025-05-23,29800,31000,29700,30700,3466964,18.66
2025-05-26,31550,31700,30200,31700,3305201,18.7
2025-05-27,31400,31500,30050,30600,3499829,18.71
2025-05-28,30200,30750,29850,30300,2562656,18.81
2025-05-29,30000,30500,29350,29550,3590292,18.95
2025-05-30,30050,30600,29850,30350,3001453,18.97
2025-06-02,30550,30900,29700,30100,2166813,19.05
2025-06-04,29700,29900,28550,29650,4036843,19.25
2025-06-05,30150,30400,29100,29350,3771966,19.22
2025-06-09,29700,31250,29500,30550,5069114,19.35
2025-06-10,31000,31000,26700,27450,11795810,19.31
2025-06-11,27950,28300,27600,28100,3434748,19.4
2025-06-12,28300,29300,27850,28450,5562903,19.45
2025-06-13,28850,28950,27200,27450,6291719,19.55
2025-06-16,27350,27850,27100,27550,3908071,19.59
2025-06-17,27900,28450,27550,28250,4035890,19.61
2025-06-18,28150,29050,28000,28900,3932934,19.71
2025-06-19,28950,29200,27900,28300,2109715,19.69
2025-06-20,28500,29150,28350,29100,3602448,19.9
2025-06-23,29550,29600,28000,28250,3613408,19.72
2025-06-24,29450,34650,29350,34100,19728999,20.02
2025-06-25,38400,38550,36050,37850,19546586,19.58
2025-06-26,36600,41150,36350,40600,21619273,19.41
2025-06-27,39800,40000,38600,39250,8022808,19.19
2025-06-30,38750,40800,38200,39300,8345599,19.08
2025-07-01,38800,39050,37150,37950,7330531,19.23
2025-07-02,37250,37300,34800,35950,9018364,19.33
2025-07-03,36350,37000,35300,35900,4990925,19.41
2025-07-04,37750,38750,36500,36900,9369609,19.35
2025-07-07,37650,38250,36500,37000,3875908,19.36
2025-07-08,36600,39050,36400,38650,6799893,19.45
2025-07-09,38350,38400,36900,37550,4089723,19.27
2025-07-10,37450,38000,37100,37250,3555041,19.26
2025-07-11,37200,38000,36900,37000,2499008,19.3
2025-07-14,36500,37050,35800,36950,2866770,19.35
2025-07-15,37850,38900,36000,36500,8676571,19.3
2025-07-16,36700,37750,36500,36500,3330991,19.3
2025-07-17,37200,37450,35650,36500,2874588,19.33
2025-07-18,36400,36450,35500,36250,2154499,19.37
2025-07-21,36500,37250,36150,37150,2458815,19.46
2025-07-22,37300,38650,37050,37250,4730947,19.57
2025-07-23,37600,38500,37050,37800,3425796,19.64
2025-07-24,37950,38050,37250,37950,2616947,19.72
2025-07-25,37700,39000,37300,38450,3191231,19.83
2025-07-28,39400,41000,39200,39800,7671645,19.87
2025-07-29,39950,40200,38700,39700,3803998,19.84
2025-07-30,39100,39400,38150,38900,3324631,19.85
2025-07-31,39200,39200,38000,38550,2560309,19.94
2025-08-01,37850,38200,36100,36150,4178937,20.06
2025-08-04,36600,37500,36350,37200,1923548,20.15
2025-08-05,37650,38450,37450,38300,2138254,20.24
2025-08-06,38250,41450,38150,41150,13002999,20.71
2025-08-07,40650,42450,40500,42000,7678304,20.71
2025-08-08,41800,41800,39200,39750,5542616,20.45
2025-08-11,39700,39900,38750,39000,3002876,20.44
2025-08-12,39300,39700,37650,38550,5745590,20.34
2025-08-13,39200,40200,38950,39550,3893320,20.34
2025-08-14,39200,39600,38650,38850,2944140,20.45
2025-08-18,39900,40950,39350,39450,5248703,20.44
2025-08-19,38150,38600,36850,37350,5167793,20.41
2025-08-20,35250,37700,34100,37500,7203295,20.43
2025-08-21,37350,39350,37300,38400,4672324,20.49
2025-08-22,38800,39250,38400,38750,2756688,20.56
2025-08-25,39000,39150,38000,38300,2856982,20.55
2025-08-26,37550,37550,36500,37000,2954743,20.56
2025-08-27,37500,37500,36850,37200,1385943,20.59
2025-08-28,37050,37450,36750,37100,1277322,20.62
2025-08-29,37100,37200,36000,36350,2557593,20.63
2025-09-01,36250,37050,36200,36450,1343291,20.7
2025-09-02,36600,37200,36200,36800,1268516,20.7
2025-09-03,36700,37400,36650,36800,1396436,20.73
2025-09-04,37250,37700,37050,37500,1568733,20.79
2025-09-05,37400,37400,36450,36750,1693935,20.76
2025-09-08,36750,37600,36650,37600,2164044,20.91
2025-09-09,37600,38400,37500,38100,1468531,20.97
2025-09-10,38150,39050,38000,38700,2494401,21.07
2025-09-11,38800,39000,37500,37550,2732701,21.07
2025-09-12,37650,37800,36300,36900,2757346,21.08
2025-09-15,36600,36800,36300,36800,1583030,21.1
2025-09-16,37050,37200,36600,36800,1293909,21.11
2025-09-17,37000,37050,36500,36750,1147371,21.12
2025-09-18,36700,36750,35750,36500,2732742,21.13
2025-09-19,36500,36550,35200,35550,2634367,21.09
2025-09-22,35800,36350,35650,35900,1403154,21.16
2025-09-23,36050,36900,36000,36900,1763886,21.22
2025-09-24,36800,37200,36550,36950,1457035,21.25
2025-09-25,36850,36850,36000,36000,1477684,21.23
2025-09-26,36100,36700,35850,36200,1472003,21.27
2025-09-29,36350,37200,35750,36900,1788105,21.36
2025-09-30,36700,36900,36050,36050,1325530,21.35
2025-10-01,36050,36300,35250,35550,1818879,21.36
2025-10-02,35750,35900,34950,35500,2119980,21.43
2025-10-10,35200,35850,34700,35750,2438237,21.53
2025-10-13,35500,36100,35100,35700,2668070,21.68
2025-10-14,35700,38300,35550,37700,5381299,21.95
2025-10-15,37350,39550,37100,39350,4292154,22.05
2025-10-16,40000,40500,39550,40200,2763726,22.12
2025-10-17,39500,43300,39500,42700,7852614,22.44
2025-10-20,43900,43950,41200,42200,3843883,22.36
2025-10-21,43250,45200,43250,43850,6472854,22.48
2025-10-22,43800,44050,42300,43900,2533234,22.42
2025-10-23,43200,43650,41850,42150,2924407,22.42
2025-10-24,42800,44000,42000,43300,3158556,22.38
2025-10-27,43000,43750,42400,43000,2455511,22.38
2025-10-28,43450,45600,42900,44000,4193926,22.4
2025-10-29,44900,45800,44250,45500,4228296,22.43
2025-10-30,44700,45200,42900,42950,3037479,22.41
2025-10-31,43050,43350,42500,42550,1662728,22.42
2025-11-03,43100,45450,43000,45100,3779816,22.54
2025-11-04,44900,46750,44500,45050,2899237,22.55
2025-11-05,45100,45150,41800,43500,4777502,22.48
2025-11-06,44050,46800,44050,46100,10936326,22.57
2025-11-07,45800,46750,43200,44100,6082558,22.4
2025-11-10,44150,46650,43700,46250,6291665,22.48
2025-11-11,46450,50400,45950,49550,14888072,22.55
2025-11-12,50000,50100,47400,47650,9321253,22.35
2025-11-13,47650,50400,46750,49250,11123270,22.34
2025-11-14,48450,49150,47150,47400,6308481,22.15
2025-11-17,47750,49700,47750,49300,5679980,22.26
2025-11-18,48750,52000,48400,49500,9858105,22.27
2025-11-19,50400,50500,46350,47250,8189247,22.12
2025-11-20,48150,49500,47900,48950,5882230,22.28
2025-11-21,47200,49300,47200,48150,4979413,22.36
2025-11-24,49100,49100,47250,48200,3489993,22.34
2025-11-25,49300,51900,48650,51500,9230819,22.68
2025-11-26,52100,54000,51600,52800,7419354,22.72
2025-11-27,53100,54100,51500,51900,3916075,22.71
2025-11-28,52400,53100,51100,52500,2656409,22.68
2025-12-01,53200,53800,49950,50100,4713208,22.59
2025-12-02,50400,51800,50100,50900,2966516,22.68
2025-12-03,51200,51200,50200,51000,2630849,22.67
2025-12-04,51000,51100,49600,50600,2871508,22.67
2025-12-05,50600,52500,50200,52200,3465997,22.8
2025-12-08,51800,51800,50400,51700,2648946,22.81
2025-12-09,51300,51300,50300,50800,2596394,22.74
2025-12-10,50800,51200,49550,49800,3451392,22.74
2025-12-11,49900,50200,48800,48800,4556348,22.82
2025-12-12,49250,50200,49000,49750,3095603,22.91
2025-12-15,48850,50500,48400,50000,2634517,22.99
2025-12-16,50000,52300,49650,50300,4499473,23.0
2025-12-17,51000,52400,50500,51200,4517553,23.1
2025-12-18,50600,50600,48200,48200,4916762,22.86
2025-12-19,48900,49550,48450,49300,2770422,22.91
2025-12-22,49650,49700,48750,49050,2485227,22.9
2025-12-23,49050,49100,48200,48350,2039178,22.94
2025-12-24,48350,48650,48100,48150,2122783,22.94
2025-12-26,48150,48500,47700,48500,2897032,22.96
2025-12-29,47900,49000,46700,47250,4932949,22.87
2025-12-30,47500,48575,47000,47200,2722449,22.89
2026-01-02,47200,47200,45700,46500,2308514,22.93
2026-01-05,47000,49850,47000,49850,4063858,23.18
2026-01-06,50200,50500,49100,50500,2117044,23.31
2026-01-07,50500,51200,49250,49600,2341553,23.37
2026-01-08,49450,50100,48950,49150,1966117,23.42
2026-01-09,49550,50000,48950,49400,1260933,23.42
2026-01-12,50400,51300,50200,51000,2639091,23.5
2026-01-13,51800,55800,51100,55700,7092857,23.72
2026-01-14,55000,55000,53100,53600,3811192,23.57
2026-01-15,54400,54400,52700,53800,2398352,23.52
2026-01-16,54300,55500,53900,54700,3398110,23.52
2026-01-19,55100,56700,54000,56300,3627467,23.59
2026-01-20,56000,67300,55800,65400,18881532,23.74
2026-01-21,65300,69500,64900,67900,12232205,23.72
2026-01-22,67800,68300,65600,66000,5744688,23.65
2026-01-23,64400,64700,60100,61200,8221947,23.54
2026-01-26,61600,62300,60100,60400,3198151,23.61
2026-01-27,64100,64200,60400,60500,4426517,23.4
2026-01-28,61100,61500,59000,59400,3560872,23.42
2026-01-29,60600,61600,59800,61000,3772465,23.43
2026-01-30,60100,60200,58000,58300,3707847,23.38
2026-02-02,57300,59300,56100,57300,2893501,23.4
2026-02-03,58700,59600,57500,59500,2599478,23.32
2026-02-04,61400,64300,60500,62700,6239572,23.41
2026-02-05,61700,62900,60400,61900,2644001,23.44
2026-02-06,60100,61300,58500,60700,2464612,23.4
2026-02-09,62300,62700,60700,62600,2719421,23.45
2026-02-10,62700,62900,60500,60800,1920960,23.42
2026-02-11,61300,62100,60600,61000,1790091,23.49
2026-02-12,61700,61700,60100,60100,2950481,23.48
2026-02-13,60400,61200,59400,59800,2009683,23.42
2026-02-19,61100,63400,60800,62100,3404380,23.51
2026-02-20,62100,64300,61700,63000,2851514,23.54
2026-02-23,63800,63900,61800,62700,1907525,23.48
2026-02-24,62500,63100,61200,62800,1629831,23.51
2026-02-25,64100,65300,63400,64300,3153351,23.57
2026-02-26,65100,65200,62700,63300,2436442,23.5
2026-02-27,61500,61800,58200,58500,9721473,22.98
2026-03-03,56400,56800,50700,50900,8463135,22.88
2026-03-04,48200,49800,44600,45550,6777742,23.07
2026-03-05,50100,50600,47150,48200,4828975,22.95
2026-03-06,47100,49500,47000,48800,2921520,22.92
2026-03-09,45150,45800,43550,44800,5198826,22.79
2026-03-10,48000,48450,46500,47600,2886391,22.78
2026-03-11,49950,50600,47300,47950,3092394,22.7
2026-03-12,47950,49050,47150,47600,1798205,22.64
2026-03-13,46000,49950,45950,48300,4084749,22.59
2026-03-16,48550,48600,46500,46900,1903043,22.53
2026-03-17,48350,49500,47800,48200,2131127,22.53
2026-03-18,48850,50300,48500,49950,2236833,22.55
2026-03-19,48850,48950,48100,48300,1725030,22.46
2026-03-20,49000,49850,48550,49150,3110094,22.42
2026-03-23,47300,47400,45500,45600,2521427,22.35
2026-03-24,47600,47700,46000,46750,1670679,22.4
2026-03-25,47450,47750,46200,46450,2477570,22.33
2026-03-26,46400,46700,45550,46000,1499179,22.37
2026-03-27,44150,44400,42200,43900,2748626,22.33
2026-03-30,41650,42400,41500,42200,2837692,22.37
2026-03-31,41250,43450,40700,41650,3163086,22.4
2026-04-01,43500,43800,42350,43700,2095081,22.3
2026-04-02,44150,44200,40800,41250,2931271,22.29
2026-04-03,41400,41450,39850,40300,3757544,22.36
2026-04-06,40300,40400,39650,40250,2025346,22.36
2026-04-07,40600,41300,39800,39900,1944785,22.39
2026-04-08,43200,44900,43050,43900,3925621,22.34
2026-04-09,44150,44500,43000,43400,2467223,22.25
2026-04-10,43800,43950,42800,43400,1806471,22.24
2026-04-13,42500,42600,41600,42200,1713524,22.25
2026-04-14,43100,45300,43100,44350,3020419,22.32
2026-04-15,45700,45850,44150,44350,3191084,22.18
2026-04-16,44900,45850,44450,45800,2705831,22.16
2026-04-17,46350,46450,45500,45900,2114301,22.05
2026-04-20,45900,46500,45100,46100,2325755,21.97
2026-04-21,46250,46650,45600,46000,1664024,21.91
2026-04-22,45400,47450,44850,46350,3000332,21.83
2026-04-23,47650,47650,45850,46200,3153278,21.71
2026-04-24,46050,46450,45650,46200,1663225,21.7
2026-04-27,46300,46400,45550,45850,1797186,21.69
2026-04-28,45500,45500,44600,44700,2289891,21.65
2026-04-29,44600,45100,44250,44500,2055436,21.64
2026-04-30,43950,44500,43550,43550,2525970,21.66
2026-05-04,44800,45100,44350,44500,2352086,21.73
2026-05-06,46500,46550,45000,45050,2878739,21.64
2026-05-07,46000,47200,44450,44700,3484514,21.56
2026-05-08,44350,44450,43550,44050,1689261,21.49
2026-05-11,43850,43900,43100,43200,1913617,21.48
2026-05-12,43150,43150,40400,41250,3272009,21.46
2026-05-13,42050,42400,40050,40750,1931450,21.47
2026-05-14,40600,40700,38700,39650,4631320,21.32
2026-05-15,39900,40400,38250,38750,3102994,21.3
2026-05-18,37950,38300,36200,37650,2185726,21.3
2026-05-19,37750,39650,37750,39150,3070963,21.27
2026-05-20,38850,39050,36350,36900,3188977,21.24
2026-05-21,39000,39650,38750,39400,2340195,21.21
2026-05-22,41000,41000,39500,39700,1716429,21.11
2026-05-26,41500,41750,40400,40450,1860266,21.03
2026-05-27,40600,40600,38800,39500,2237669,20.94
2026-05-28,40050,40750,38150,39050,2021545,20.96
2026-05-29,39450,39850,38100,38900,3204199,20.92
2026-06-01,38700,39050,38200,38650,2173549,20.98
2026-06-02,38350,38600,37300,37750,1826018,21.0
2026-06-04,38250,39350,37750,38700,2192650,21.03
2026-06-05,39300,39600,37800,38100,2208549,20.99
2026-06-08,36000,37200,35350,36000,2314906,21.05
2026-06-09,36050,37500,35400,36100,3364256,20.98
2026-06-10,35600,36800,35300,36400,2100587,21.03
2026-06-11,35550,36150,35000,35900,2237560,21.11
2026-06-12,37850,39250,37425,37650,4419792,21.18
2026-06-15,40450,42400,39650,41400,3931162,21.09
2026-06-16,41500,41700,39800,39800,2740085,20.97
2026-06-17,40800,43100,40400,40500,4127751,20.84
2026-06-18,41100,41150,38950,39350,2990552,20.91
2026-06-19,39900,39950,36900,37900,2822708,20.82
2026-06-22,37850,38700,37500,38000,2084988,20.89
2026-06-23,38500,38650,36250,36250,2230430,20.87
2026-06-24,36650,38500,36100,36750,2599564,20.95
2026-06-25,37900,39350,37550,38800,2364807,20.95
2026-06-26,38500,38500,36150,37100,3201525,20.97
2026-06-29,37150,38800,35850,38250,2148091,20.88
2026-06-30,38600,38800,37000,37000,1990630,20.84
