date,open,high,low,close,volume,foreign_ownership_ratio
2016-07-01,37095,37785,37095,37699,749645,40.64
2016-07-04,37267,37871,37181,37785,632730,40.64
2016-07-05,37526,37699,37181,37354,427098,40.68
2016-07-06,37354,37440,36663,37095,484512,40.69
2016-07-07,37354,37526,36663,37009,464151,40.69
2016-07-08,36750,37267,36750,37268,332087,40.7
2016-07-11,37699,37785,37440,37440,478780,40.7
2016-07-12,37354,37612,37267,37440,329444,40.71
2016-07-13,37699,38303,37526,37958,990313,40.79
2016-07-14,37957,38389,37871,38131,879194,40.8
2016-07-15,38475,38561,38044,38044,779668,40.84
2016-07-18,38130,38561,38044,38476,538994,40.85
2016-07-19,38475,38561,37612,38131,771861,40.84
2016-07-20,38389,38389,37354,37613,774735,40.83
2016-07-21,37699,38389,37699,38389,591597,40.84
2016-07-22,38475,38648,38044,38562,631235,40.85
2016-07-25,38820,39769,38648,39683,1404307,40.95
2016-07-26,39683,40114,39165,40028,975394,40.99
2016-07-27,40028,40287,39769,39856,842396,41.04
2016-07-28,39855,40114,39510,39597,767989,41.07
2016-07-29,39942,40373,39338,39683,913263,41.12
2016-08-01,39424,39597,38906,39079,1032994,41.1
2016-08-02,38820,38906,38130,38562,1126244,41.04
2016-08-03,38216,38561,38044,38131,982720,41.04
2016-08-04,38389,38561,37699,38044,907606,41.07
2016-08-05,38044,38475,38044,38131,696821,41.07
2016-08-08,38303,38561,37785,38303,580173,41.12
2016-08-09,38303,38906,38303,38734,730066,41.17
2016-08-10,38475,38820,38475,38648,823137,41.2
2016-08-11,38561,39165,38475,39166,1002681,41.18
2016-08-12,39165,39252,38820,39079,536785,41.19
2016-08-16,39079,39338,38993,39166,728073,41.21
2016-08-17,38993,39424,38906,39338,417182,41.23
2016-08-18,39510,39510,39079,39079,448879,41.27
2016-08-19,39338,39338,38389,38648,903160,41.27
2016-08-22,38303,38389,37957,38131,579008,41.3
2016-08-23,38130,38303,37699,37958,562537,41.29
2016-08-24,37957,38044,37699,38044,487451,41.32
2016-08-25,38044,38389,37785,38044,792117,41.33
2016-08-26,38044,38475,37871,38389,479754,41.34
2016-08-29,38303,38389,37957,38131,456901,41.36
2016-08-30,38130,38475,37957,38044,406616,41.35
2016-08-31,37957,38216,37699,37699,510669,41.36
2016-09-01,37699,37958,37354,37354,698044,41.32
2016-09-02,37526,37612,37267,37268,552005,41.33
2016-09-05,37612,38389,37612,38044,676692,41.34
2016-09-06,38130,38303,37699,37872,468411,41.32
2016-09-07,37785,38389,37612,38131,615169,41.31
2016-09-08,38044,38734,37871,38562,1033388,41.29
2016-09-09,38216,38475,37785,38303,527924,41.23
2016-09-12,38130,38303,37699,37785,591904,41.17
2016-09-13,38130,38216,37440,37527,603235,41.18
2016-09-19,37181,37871,37181,37440,733022,41.19
2016-09-20,38044,38044,37181,37440,878163,41.19
2016-09-21,37181,37612,37181,37268,531963,41.16
2016-09-22,37267,37785,37267,37613,665228,41.19
2016-09-23,37957,38130,37699,38044,828028,41.21
2016-09-26,38216,38561,38044,38131,498915,41.23
2016-09-27,38130,38561,37871,38303,863227,41.18
2016-09-28,38130,38561,38044,38389,703237,41.15
2016-09-29,38648,39252,38561,38993,980472,41.21
2016-09-30,39079,39165,38475,38993,972879,41.19
2016-10-04,38820,38906,38648,38734,884927,41.16
2016-10-05,38303,38561,37957,38389,930836,41.12
2016-10-06,37699,37957,37440,37785,715762,41.09
2016-10-07,37612,37785,37181,37268,1090101,40.96
2016-10-10,37612,38044,37526,37872,906586,40.92
2016-10-11,38216,38216,37699,37872,588798,40.89
2016-10-12,38044,38130,37785,37785,607646,40.83
2016-10-13,37612,37958,37354,37872,799258,40.85
2016-10-14,37957,38216,37785,38131,598204,40.87
2016-10-17,38130,39079,37871,38907,1182209,40.94
2016-10-18,38820,39510,38734,39252,991884,40.94
2016-10-19,39252,39683,39165,39511,786234,41.0
2016-10-20,39252,39252,38389,38734,612920,40.98
2016-10-21,38648,38734,38130,38648,1179328,40.96
2016-10-24,38820,39252,38734,39252,762350,40.96
2016-10-25,39510,40114,39424,39942,1277568,40.98
2016-10-26,39597,39942,39252,39683,667743,40.93
2016-10-27,39683,40200,39510,40115,760831,40.96
2016-10-28,39424,39597,38561,38734,1228831,40.89
2016-10-31,38389,39079,38303,38562,916010,40.83
2016-11-01,38734,39079,38561,38993,595440,40.81
2016-11-02,38648,38820,38389,38562,668421,40.76
2016-11-03,38044,38993,38044,38562,600650,40.73
2016-11-04,38820,38993,38648,38993,529002,40.72
2016-11-07,39079,39079,38389,38562,701939,40.7
2016-11-08,38561,38734,37871,38131,933044,40.66
2016-11-09,38303,38648,37267,37699,1601645,40.68
2016-11-10,37957,38044,37612,37958,1113522,40.66
2016-11-11,37957,38044,37612,37699,753911,40.62
2016-11-14,37699,38130,37354,37440,1216202,40.61
2016-11-15,37785,37785,37267,37527,653323,40.59
2016-11-16,37957,38216,37354,37440,1184776,40.55
2016-11-17,37612,37785,37181,37440,956361,40.56
2016-11-18,37612,38044,37354,37872,1011937,40.59
2016-11-21,38044,38044,37699,37958,685032,40.63
2016-11-22,38130,38130,37699,37958,794007,40.66
2016-11-23,38130,39338,38044,38993,1973497,40.64
2016-11-24,38906,39252,38734,39079,773217,40.61
2016-11-25,39338,39424,38906,38993,384603,40.59
2016-11-28,38734,38993,38216,38389,573566,40.56
2016-11-29,38303,38648,38303,38562,713021,40.54
2016-11-30,38906,39510,38906,38993,1638582,40.63
2016-12-01,38993,39252,38648,38734,700432,40.63
2016-12-02,38906,39510,38820,39338,746701,40.66
2016-12-05,39338,39424,38993,39338,427898,40.67
2016-12-06,39510,39769,39338,39511,863690,40.67
2016-12-07,39683,40028,39424,39942,993547,40.74
2016-12-08,40028,40114,39165,39942,1474854,40.66
2016-12-09,39942,40028,39510,39856,550093,40.67
2016-12-12,39855,40114,39424,39770,491966,40.71
2016-12-13,40028,40287,39769,40115,1081517,40.8
2016-12-14,40200,40200,39597,39597,673841,40.82
2016-12-15,39942,39942,39424,39683,390961,40.85
2016-12-16,39510,40200,39424,40028,807291,40.91
2016-12-19,40028,40028,39424,39511,496104,40.87
2016-12-20,39597,39855,39338,39856,593005,40.87
2016-12-21,40028,40114,39597,39683,519038,40.9
2016-12-22,39510,40028,39510,39770,637889,40.87
2016-12-23,40028,40200,39510,39770,1186231,40.75
2016-12-26,39769,40028,39510,39856,641158,40.75
2016-12-27,39855,40114,39597,39856,1156058,40.72
2016-12-28,38648,38906,38389,38734,1009903,40.73
2016-12-29,38906,38993,38561,38648,613065,40.78
2017-01-02,38648,39252,38648,38907,400437,40.8
2017-01-03,38906,38993,38130,38476,911698,40.85
2017-01-04,38475,38561,37957,38476,1122975,40.97
2017-01-05,38389,39338,38216,39338,911675,41.03
2017-01-06,39338,39424,38993,39079,529749,41.04
2017-01-09,38906,38993,38561,38993,480960,41.09
2017-01-10,39165,39252,38475,38821,682517,41.15
2017-01-11,39079,39597,38820,39252,1249713,41.25
2017-01-12,39252,39510,38906,39511,813249,41.31
2017-01-13,39510,39596,38993,39425,490865,41.34
2017-01-16,39252,39338,38648,38734,639981,41.31
2017-01-17,38993,39252,38820,38993,530653,41.31
2017-01-18,38820,38820,38475,38734,660104,41.33
2017-01-19,38561,38906,38389,38648,599068,41.36
2017-01-20,38820,38906,38389,38476,543491,41.36
2017-01-23,38475,38734,37871,38044,929590,41.35
2017-01-24,38044,38303,37957,38217,645354,41.35
2017-01-25,38389,38389,37785,37785,1194102,41.36
2017-01-26,38130,38475,37957,38389,993402,41.4
2017-01-31,38389,38993,38216,38476,670885,41.4
2017-02-01,38389,38389,37871,37958,1315375,41.32
2017-02-02,37958,38044,37440,37613,1325721,41.25
2017-02-03,37699,38044,37354,37872,1094378,41.23
2017-02-06,38389,38561,38044,38303,963351,41.26
2017-02-07,38561,39079,38303,39079,920351,41.3
2017-02-08,38820,39079,38561,38734,985369,41.3
2017-02-09,38820,39165,38648,38648,749628,41.36
2017-02-10,39079,39252,38734,39252,1011549,41.43
2017-02-13,39424,39597,39165,39597,683995,41.48
2017-02-14,39597,39683,38906,39511,695198,41.49
2017-02-15,39338,39424,38734,38821,578788,41.47
2017-02-16,38820,39165,38648,38907,800817,41.49
2017-02-17,38648,39252,38561,39079,425325,41.5
2017-02-20,38906,39079,38648,39079,335454,41.5
2017-02-21,39165,39424,39079,39252,550759,41.54
2017-02-22,39165,39855,39079,39856,1151415,41.66
2017-02-23,39942,40028,39510,39856,916966,41.69
2017-02-24,40028,40200,39683,39942,878174,41.69
2017-02-27,40200,40200,39769,40028,524568,41.69
2017-02-28,40200,40287,39597,39942,1026334,41.66
2017-03-02,40200,40287,39597,39597,834311,41.65
2017-03-03,39597,40804,39597,40201,1054734,41.64
2017-03-06,40114,40718,39942,40028,897730,41.67
2017-03-07,40287,40459,39855,39856,482901,41.69
2017-03-08,40287,42012,40114,41581,3279251,41.65
2017-03-09,42357,42961,42098,42789,2259738,41.8
2017-03-10,42961,43479,42443,42616,1802861,41.94
2017-03-13,42443,42616,41840,42271,1496027,41.95
2017-03-14,42702,43134,42271,42358,1335916,42.0
2017-03-15,42789,44514,42357,44428,2531924,42.04
2017-03-16,44428,44686,43910,44169,1344638,42.05
2017-03-17,44083,44255,42961,43134,1157518,42.0
2017-03-20,42961,43565,42616,43307,916027,41.95
2017-03-21,43392,43996,43134,43652,1000775,41.93
2017-03-22,43910,44945,43824,44773,1584466,41.93
2017-03-23,44600,45894,44083,45291,1678840,41.89
2017-03-24,45290,45722,44686,44859,665524,41.88
2017-03-27,45118,45808,44686,44773,785510,41.9
2017-03-28,44773,44945,43910,44946,845926,41.91
2017-03-29,44773,44859,43392,43565,1149346,41.92
2017-03-30,43565,44255,43220,44083,1525412,41.94
2017-03-31,43737,43910,43479,43479,624645,41.92
2017-04-03,43565,44341,43565,43824,468823,41.94
2017-04-04,43996,44773,43824,44342,638057,41.95
2017-04-05,44341,44341,43565,43652,561766,41.98
2017-04-06,43824,44341,43565,44169,856567,42.03
2017-04-07,44600,44600,43910,43997,673545,42.02
2017-04-10,43996,44169,43220,43565,425192,42.04
2017-04-11,43392,43996,41494,42271,1558419,42.07
2017-04-12,42098,42271,41581,41926,1208540,42.12
2017-04-13,42098,42443,41667,42358,1023205,42.07
2017-04-14,42271,42357,41667,42013,457573,42.07
2017-04-17,41667,42271,41581,41840,442347,42.08
2017-04-18,42098,42875,41926,42616,806671,42.14
2017-04-19,42789,42961,42271,42875,668514,42.16
2017-04-20,42702,43392,42530,42962,604562,42.19
2017-04-21,43134,43392,42702,43393,689814,42.21
2017-04-24,43479,43737,43220,43393,625138,42.25
2017-04-25,42961,43479,42616,43048,745802,42.26
2017-04-26,43047,43134,41926,42099,2609902,42.26
2017-04-27,42271,42271,41408,41409,1099878,42.21
2017-04-28,41063,41494,40804,41322,1459171,42.19
2017-05-02,41322,41667,41149,41409,1035069,42.21
2017-05-04,40977,41322,40546,40632,1535172,42.2
2017-05-08,40977,41149,40287,40719,1897959,42.2
2017-05-10,41063,41926,40977,41150,2224181,42.33
2017-05-11,41236,41322,40200,40632,2202098,42.37
2017-05-12,40632,40977,40373,40719,1313317,42.38
2017-05-15,40977,41149,40287,40719,1033243,42.41
2017-05-16,40891,41322,40546,41322,1590094,42.55
2017-05-17,41581,41667,41063,41322,1105367,42.56
2017-05-18,41494,41581,41149,41581,1026711,42.65
2017-05-19,41753,42185,41667,42185,1124911,42.71
2017-05-22,42271,42702,42012,42530,1166705,42.79
2017-05-23,42616,42616,42012,42444,1109546,42.77
2017-05-24,42530,43479,42098,43479,1494085,42.83
2017-05-25,43479,43996,43047,43048,1200141,42.8
2017-05-26,43134,44169,43134,43911,945099,42.86
2017-05-29,43824,43910,42961,43134,873729,42.83
2017-05-30,43134,43306,42702,42962,591846,42.82
2017-05-31,42961,43824,42961,43738,1097537,42.84
2017-06-01,43824,43824,42961,43048,629288,42.83
2017-06-02,43134,43996,43047,43220,1310188,42.9
2017-06-05,43306,43651,42357,42444,1211014,42.85
2017-06-07,42616,42875,42185,42358,1572735,42.94
2017-06-08,42789,42789,41753,41926,1964415,43.18
2017-06-09,42271,42789,42012,42444,1196733,43.27
2017-06-12,42098,42530,41840,42530,805772,43.31
2017-06-13,42530,42875,42185,42789,648431,43.31
2017-06-14,42443,42530,41753,42013,1078260,43.31
2017-06-15,41926,42271,41322,41754,994724,43.3
2017-06-16,41667,41753,41322,41754,923776,43.27
2017-06-19,41753,42789,41753,42703,1006281,43.3
2017-06-20,42961,43392,42702,43048,1272526,43.33
2017-06-21,43996,44341,43565,43911,2347094,43.3
2017-06-22,43824,45808,43824,45377,2259872,43.25
2017-06-23,44859,45463,44169,44514,1263641,43.25
2017-06-26,44514,44945,44255,44514,800040,43.24
2017-06-27,44428,46239,44083,45550,2282806,43.03
2017-06-28,45635,47102,45377,45895,1648400,42.96
2017-06-29,46412,46412,44686,45118,820801,42.95
2017-06-30,45463,46757,45204,45895,1027244,42.96
2017-07-03,46412,47447,45980,47361,1393405,43.02
2017-07-04,47016,47447,45463,45550,1139018,42.96
2017-07-05,45290,46326,45204,46153,694520,42.98
2017-07-06,45549,45808,44341,44428,1577807,42.98
2017-07-07,44341,44514,43479,44256,1482018,42.95
2017-07-10,44255,44341,43565,44083,741195,42.94
2017-07-11,44428,44945,44169,44859,1042459,42.96
2017-07-12,44600,44859,43737,44342,901914,42.97
2017-07-13,44341,44773,44083,44428,928935,43.01
2017-07-14,44773,45463,44514,45377,693587,43.02
2017-07-17,45635,45635,44600,45205,836264,42.97
2017-07-18,45031,45031,44428,45032,592565,42.94
2017-07-19,45204,45290,44773,45205,543091,42.94
2017-07-20,45204,45808,44859,45377,660423,42.94
2017-07-21,45549,47274,45463,46671,1336113,42.98
2017-07-24,47361,48223,47016,48051,1030061,43.02
2017-07-25,48137,48223,47102,47879,835407,42.97
2017-07-26,48137,48137,46584,46585,854539,42.96
2017-07-27,47792,48137,47102,48138,1090124,42.97
2017-07-28,47620,48223,47102,47793,1075171,42.93
2017-07-31,47533,48568,47274,47965,1280484,42.89
2017-08-01,47706,48655,47620,47879,619267,42.87
2017-08-02,48396,49690,47878,48914,1081894,42.89
2017-08-03,49000,49604,48223,48828,1046562,42.91
2017-08-04,48482,49000,47533,47706,1048880,42.9
2017-08-07,47533,49172,47533,48224,760153,42.96
2017-08-08,48051,48137,46929,47447,1061307,42.96
2017-08-09,47361,48223,47274,47361,564559,42.95
2017-08-10,47447,47792,46153,46412,1293629,42.99
2017-08-11,45894,46153,44859,45722,1393388,43.02
2017-08-14,45808,46843,45549,46499,926692,43.03
2017-08-16,46929,46929,45894,46326,904111,43.02
2017-08-17,45722,45894,45031,45550,832613,43.0
2017-08-18,45031,45118,43824,44859,1377959,43.02
2017-08-21,44686,44859,44341,44859,512930,43.04
2017-08-22,45031,45549,45031,45291,561673,43.04
2017-08-23,45204,45463,44773,45032,492140,43.04
2017-08-24,45031,45463,44773,45463,635252,43.07
2017-08-25,45463,45549,44773,45032,660267,43.04
2017-08-28,44859,45290,44859,45205,312085,43.04
2017-08-29,45031,45290,44428,44946,440840,43.01
2017-08-30,44341,44773,44169,44342,895597,42.97
2017-08-31,44169,44255,43651,43738,1206308,42.94
2017-09-01,43996,44169,43047,43479,631710,42.96
2017-09-04,42616,43565,42616,42789,665495,42.92
2017-09-05,43134,43220,42616,42789,498979,42.86
2017-09-06,42443,42616,41753,42099,1117115,42.79
2017-09-07,42443,43565,42185,43393,980327,42.76
2017-09-08,43306,43306,42875,43048,694833,42.72
2017-09-11,43047,43047,42443,42530,610660,42.66
2017-09-12,42443,42702,42271,42530,575218,42.63
2017-09-13,42616,43737,42616,42962,843671,42.58
2017-09-14,43047,43047,41581,41754,1779642,42.44
2017-09-15,41581,43651,41581,43652,1522213,42.46
2017-09-18,43651,43651,42961,43134,924878,42.41
2017-09-19,43134,43134,42098,42444,1138693,42.3
2017-09-20,42530,42530,42098,42358,774643,42.27
2017-09-21,42357,43565,42357,42962,1353211,42.24
2017-09-22,43134,43651,42788,43479,1315450,42.14
2017-09-25,43651,43737,43047,43048,816825,42.08
2017-09-26,43220,44169,42875,43911,1083244,42.0
2017-09-27,43996,44514,43565,44342,1105338,41.97
2017-09-28,43737,44514,43651,44428,937976,41.94
2017-09-29,44514,44514,43651,43997,656331,41.94
2017-10-10,44859,46326,43996,46153,2231733,42.07
2017-10-11,45894,46239,45722,45981,1200796,42.09
2017-10-12,45722,46671,45722,46240,1375490,42.02
2017-10-13,46239,46412,45722,46153,808264,42.01
2017-10-16,45894,47102,45894,46844,910608,42.01
2017-10-17,46843,46929,46067,46326,768296,42.03
2017-10-18,46067,46929,45808,46153,816460,42.01
2017-10-19,45894,46412,45463,45636,644508,41.99
2017-10-20,45290,45808,44945,45722,845996,41.98
2017-10-23,45377,45549,44945,45205,676941,41.99
2017-10-24,45031,45463,44859,45377,669447,41.98
2017-10-25,45118,46412,45118,46067,707775,41.98
2017-10-26,45808,46326,45290,45463,618090,41.96
2017-10-27,45377,45463,44859,45032,996300,41.95
2017-10-30,45031,45118,44428,44428,761144,41.93
2017-10-31,44686,45549,44341,45550,932679,41.94
2017-11-01,44945,45808,44945,45463,661113,41.94
2017-11-02,45463,45980,45118,45722,586734,41.94
2017-11-03,45894,46153,45635,45895,448769,41.92
2017-11-06,46067,46067,44514,44859,1082566,41.86
2017-11-07,44773,45204,43996,44169,1013091,41.87
2017-11-08,43910,44341,43565,43824,893215,41.86
2017-11-09,44083,44255,43392,43738,902250,41.85
2017-11-10,43910,44255,43824,44169,751836,41.83
2017-11-13,43910,44341,43306,43565,1116889,41.78
2017-11-14,43737,43910,42961,43307,1026491,41.75
2017-11-15,43479,43651,42875,43479,696717,41.75
2017-11-16,43996,44255,43737,44083,717443,41.8
2017-11-17,44169,44255,43565,43911,859749,41.8
2017-11-20,43737,43824,43220,43220,645018,41.79
2017-11-21,43479,43651,43220,43220,508316,41.78
2017-11-22,43392,44945,43306,44946,1456099,41.82
2017-11-23,45290,45290,44514,44859,934168,41.78
2017-11-24,45290,45290,44686,45118,623248,41.78
2017-11-27,45290,45290,44341,44859,695552,41.79
2017-11-28,44773,44773,43996,44687,999523,41.79
2017-11-29,44255,44686,43996,44169,616456,41.72
2017-11-30,44945,46067,44600,45550,2089090,41.78
2017-12-01,45894,46067,45290,45722,917963,41.8
2017-12-04,46239,46584,45808,46499,1002681,41.83
2017-12-05,46153,47706,46067,47534,1640449,41.8
2017-12-06,47533,47965,47274,47534,1199324,41.84
2017-12-07,47447,48223,47188,47879,1328375,41.83
2017-12-08,47620,48568,46584,46844,1509183,41.82
2017-12-11,46584,47533,46498,47361,732791,41.81
2017-12-12,47361,47533,46498,46585,959392,41.75
2017-12-13,46498,48137,46326,47706,1018000,41.7
2017-12-14,47620,48655,47102,47361,1806437,41.7
2017-12-15,47706,48310,47447,47793,815306,41.69
2017-12-18,48137,48137,46671,47016,1148187,41.63
2017-12-19,47102,47533,46757,47102,597005,41.62
2017-12-20,46843,47447,46843,46930,725302,41.55
2017-12-21,46757,47361,46757,46930,839469,41.49
2017-12-22,47274,47620,46929,47275,658661,41.46
2017-12-26,47447,48137,47274,47965,1088194,41.41
2017-12-27,46584,46671,45894,46153,870176,41.39
2017-12-28,46326,46412,45808,46067,662371,41.43
2018-01-02,46067,46498,45722,45808,488488,41.43
2018-01-03,45722,45980,45031,45205,1089909,41.42
2018-01-04,45290,45377,44686,44773,1193337,41.41
2018-01-05,44686,46326,44686,46153,1358218,41.45
2018-01-08,46239,46239,45463,45895,654755,41.46
2018-01-09,45894,47792,45722,47620,1527388,41.55
2018-01-10,47361,47533,46153,46326,1315555,41.5
2018-01-11,46498,47102,46239,46326,1128058,41.51
2018-01-12,46153,46412,45894,46067,914329,41.52
2018-01-15,46067,46239,45549,45895,816640,41.56
2018-01-16,45894,46326,45635,45895,555703,41.56
2018-01-17,45894,47102,45894,45981,979104,41.56
2018-01-18,46757,48223,46153,47965,1676986,41.64
2018-01-19,47706,48568,47102,48310,1090031,41.61
2018-01-22,48310,48310,47274,47275,618791,41.6
2018-01-23,47620,48310,47188,47275,956059,41.58
2018-01-24,47274,47706,46843,47275,734622,41.54
2018-01-25,47016,47102,45808,45981,1575656,41.49
2018-01-26,45722,46326,45463,46153,857234,41.47
2018-01-29,46326,46757,45722,45808,1046892,41.48
2018-01-30,45722,46412,45722,46067,1062796,41.48
2018-01-31,45894,46326,45031,45808,1175399,41.45
2018-02-01,45722,46067,45118,45118,986662,41.39
2018-02-02,45204,45635,45031,45205,824099,41.39
2018-02-05,45031,45377,44514,44859,931166,41.41
2018-02-06,44514,44514,43306,44083,1014818,41.36
2018-02-07,43737,43910,42443,42789,1890164,41.34
2018-02-08,42185,42789,41926,42099,1435640,41.29
2018-02-09,41408,42098,40804,41409,1376516,41.26
2018-02-12,41494,41667,40977,41409,875473,41.24
2018-02-13,41581,41840,40891,41495,1038199,41.26
2018-02-14,41840,42530,41581,42099,687646,41.25
2018-02-19,42789,42789,41753,42013,586468,41.25
2018-02-20,42098,42616,42012,42271,605571,41.26
2018-02-21,42702,42702,42098,42444,741450,41.26
2018-02-22,42185,42271,41149,41409,1229886,41.17
2018-02-23,41408,41667,41236,41668,787938,41.14
2018-02-26,41581,41667,41149,41322,928541,41.1
2018-02-27,41494,42012,41322,41581,879200,41.07
2018-02-28,41494,41581,41149,41409,823102,41.05
2018-03-02,40891,40977,40114,40460,1022457,40.97
2018-03-05,40287,40804,40200,40374,570633,40.95
2018-03-06,40546,40718,39769,40028,1482163,40.95
2018-03-07,39769,40373,39510,40028,914567,40.95
2018-03-08,40459,40459,39510,39597,1639301,40.94
2018-03-09,39769,40632,39769,40287,974172,40.95
2018-03-12,40459,40977,40028,40719,962887,40.95
2018-03-13,40373,40977,40200,40546,1301529,40.87
2018-03-14,40287,40459,39855,40115,929398,40.81
2018-03-15,40114,41063,39942,40805,922820,40.77
2018-03-16,40891,41840,40891,41322,1248079,40.72
2018-03-19,41322,41322,40718,41236,1119086,40.69
2018-03-20,40804,40804,40028,40115,1311735,40.57
2018-03-21,39942,40373,39683,39683,1458811,40.43
2018-03-22,39769,40114,39683,39942,836427,40.44
2018-03-23,39683,39769,39252,39425,1098592,40.38
2018-03-26,39252,39338,38648,39079,1068708,40.3
2018-03-27,39165,39769,38734,39338,785365,40.28
2018-03-28,39079,39338,38648,39079,786472,40.26
2018-03-29,39165,39855,39079,39683,891418,40.22
2018-03-30,39942,40546,39769,40287,888961,40.19
2018-04-02,40287,40718,40200,40546,692747,40.22
2018-04-03,40287,41149,40114,40891,1225887,40.21
2018-04-04,40632,40891,40200,40460,930372,40.19
2018-04-05,40459,40718,40028,40201,917691,40.17
2018-04-06,40028,40373,39769,40115,796887,40.19
2018-04-09,40028,40804,39942,40546,804706,40.23
2018-04-10,40200,40373,39855,40115,1021993,40.24
2018-04-11,39855,40114,39769,39856,1113893,40.3
2018-04-12,39769,39942,39510,39511,1480674,40.33
2018-04-13,39079,39252,38303,38648,2542884,40.4
2018-04-16,38648,38906,38303,38907,996248,40.47
2018-04-17,38648,38993,38303,38562,1012395,40.49
2018-04-18,38389,38734,38130,38303,1291907,40.54
2018-04-19,38303,38820,38216,38303,1205085,40.57
2018-04-20,38648,38993,38303,38821,967727,40.6
2018-04-23,38906,39079,38648,38993,747912,40.64
2018-04-24,39079,39079,38475,38562,873729,40.59
2018-04-25,38734,39252,38648,39079,857524,40.63
2018-04-26,39079,39079,38303,38389,1233288,40.6
2018-04-27,38303,39079,38216,39079,1102568,40.69
2018-04-30,39338,39424,38906,39425,832039,40.75
2018-05-02,39424,39424,38993,39425,899886,40.74
2018-05-03,39252,40114,39165,39942,945436,40.78
2018-05-04,39510,40114,39424,39770,1088374,40.82
2018-05-08,39510,39941,39252,39338,906945,40.82
2018-05-09,39165,39597,38734,38993,1671961,40.8
2018-05-10,39079,39079,38389,38389,1550114,40.84
2018-05-11,38475,38820,38389,38734,574424,40.84
2018-05-14,38561,38648,37957,38131,1268411,40.78
2018-05-15,38044,38303,37785,38044,658082,40.76
2018-05-16,38044,38303,37957,38131,654581,40.77
2018-05-17,38216,38389,38044,38303,505499,40.77
2018-05-18,38303,38475,38130,38476,491299,40.78
2018-05-21,38475,38561,38130,38389,423430,40.78
2018-05-23,38561,38820,38389,38734,1528866,40.82
2018-05-24,38734,38820,38389,38648,716626,40.8
2018-05-25,38820,39338,38475,39252,1380254,40.91
2018-05-28,39252,39252,38734,39252,548093,40.93
2018-05-29,39079,39338,38906,39252,512095,40.97
2018-05-30,38906,38906,38303,38476,1049466,40.96
2018-05-31,38389,38648,38130,38303,1197006,40.99
2018-06-01,38648,38648,38130,38303,491294,40.98
2018-06-04,38389,38734,38216,38476,601838,40.99
2018-06-05,38389,38648,38303,38389,662000,40.98
2018-06-07,38906,39252,38648,39079,972954,41.02
2018-06-08,39855,40373,39424,39683,1442061,41.09
2018-06-11,40028,41667,39769,41581,2861936,41.39
2018-06-12,41581,42702,41408,42530,2876478,41.63
2018-06-14,42443,42702,41408,41668,2755918,41.7
2018-06-15,41667,41753,40459,40460,2224696,41.6
2018-06-18,40891,42185,40718,40977,2101859,41.5
2018-06-19,40891,41408,39769,40632,1504663,41.44
2018-06-20,41063,42185,40546,41668,1790017,41.48
2018-06-21,40977,42271,40804,41926,1212081,41.5
2018-06-22,41408,42012,41322,41754,822476,41.5
2018-06-25,41408,41753,40373,40891,980912,41.47
2018-06-26,40891,41063,40287,40891,689594,41.46
2018-06-27,40373,40891,40287,40546,826365,41.45
2018-06-28,40200,40718,39769,39942,790303,41.41
2018-06-29,40373,40459,39942,40201,837424,41.43
2018-07-02,40028,40459,39683,39770,604702,41.44
2018-07-03,39942,40200,39252,39511,673446,41.44
2018-07-04,39252,39596,38906,39425,517033,41.44
2018-07-05,39252,39683,39165,39338,340960,41.43
2018-07-06,39338,39683,38820,39252,894055,41.42
2018-07-09,39252,39596,38993,39425,596187,41.44
2018-07-10,39683,40373,39424,40201,1120176,41.46
2018-07-11,40287,41063,40200,40977,1467818,41.5
2018-07-12,41063,41063,40546,40977,917923,41.53
2018-07-13,41322,41581,41063,41495,967263,41.63
2018-07-16,41149,41408,40718,40891,611309,41.65
2018-07-17,40718,41063,40546,41064,338908,41.64
2018-07-18,40891,41236,40632,40977,528196,41.66
2018-07-19,40804,40977,40546,40805,484176,41.64
2018-07-20,40804,41581,40459,41322,737839,41.66
2018-07-23,41322,41667,41149,41495,565417,41.66
2018-07-24,41581,41839,41322,41581,661698,41.67
2018-07-25,41322,41926,41322,41754,617928,41.69
2018-07-26,41926,41926,40718,41236,708286,41.66
2018-07-27,41926,41926,41236,41754,469037,41.67
2018-07-30,41581,42702,41494,42271,1394732,41.65
2018-07-31,42616,43479,42530,43220,1266069,41.68
2018-08-01,43824,43996,42616,42616,1076718,41.7
2018-08-02,43047,43824,42961,43652,1234320,41.79
2018-08-03,43737,44600,43565,44342,1064767,41.89
2018-08-06,44773,44859,44428,44773,903618,41.98
2018-08-07,44341,44428,43047,43220,1163384,41.99
2018-08-08,43479,43651,42961,43479,555292,42.02
2018-08-09,43996,44600,43651,44342,1094952,42.03
2018-08-10,43996,44686,43651,44256,718556,42.02
2018-08-13,43651,44600,43651,44342,782994,42.03
2018-08-14,44686,44773,43910,44773,621423,42.05
2018-08-16,45031,45808,44773,45636,1912959,42.24
2018-08-17,45549,45549,44341,45118,927915,42.29
2018-08-20,45463,45549,44514,45205,721732,42.32
2018-08-21,44600,44686,43910,44342,1061933,42.34
2018-08-22,43910,44255,43479,43824,881507,42.36
2018-08-23,43996,44773,43651,44601,725824,42.39
2018-08-24,44514,45463,44083,45463,886039,42.44
2018-08-27,45635,45722,44773,45032,887819,42.49
2018-08-28,44773,45290,44514,45205,666457,42.48
2018-08-29,45290,45549,44945,45463,602766,42.49
2018-08-30,45463,45463,44859,45032,668972,42.5
2018-08-31,44859,45290,44600,45291,893957,42.53
2018-09-03,45031,45290,44083,44256,605774,42.5
2018-09-04,44341,45549,44341,45205,641662,42.5
2018-09-05,45031,45635,44686,45291,662568,42.49
2018-09-06,45290,45722,45118,45118,472834,42.47
2018-09-07,45549,45722,45031,45463,718736,42.43
2018-09-10,45118,46067,45118,45808,864745,42.48
2018-09-11,45980,47188,45635,46844,1533120,42.59
2018-09-12,46929,47447,46671,47275,1247534,42.6
2018-09-13,47533,47878,46929,47620,1259097,42.63
2018-09-14,47792,48396,47620,47793,982460,42.68
2018-09-17,47274,48482,47274,48051,619904,42.69
2018-09-18,47620,48137,47274,47793,1033469,42.65
2018-09-19,47447,47706,46067,46499,1163952,42.62
2018-09-20,46498,47102,46067,46844,926605,42.63
2018-09-21,47102,47102,46498,46499,860091,42.63
2018-09-27,46239,47792,46153,47447,1630775,42.66
2018-09-28,47533,49000,47447,48655,1386873,42.73
2018-10-01,48655,48655,47274,47534,530561,42.73
2018-10-02,47447,47965,46498,46930,751847,42.73
2018-10-04,47188,48741,47016,48224,1179265,42.76
2018-10-05,48655,48827,47620,48483,759226,42.78
2018-10-08,48655,48655,47620,48051,498620,42.78
2018-10-10,49172,49431,48482,49173,1130927,42.84
2018-10-11,48568,49000,46584,46585,1357273,42.78
2018-10-12,46757,47533,46067,46585,997906,42.81
2018-10-15,45808,46584,45377,46326,886694,42.81
2018-10-16,46757,47188,45722,46240,722491,42.87
2018-10-17,45635,47361,45635,47275,784252,42.91
2018-10-18,47274,48655,46929,48224,986517,42.94
2018-10-19,48051,49345,47878,48742,1392547,43.0
2018-10-22,48482,49690,48482,49345,688817,42.99
2018-10-23,48827,49086,48482,48828,1033336,43.0
2018-10-24,49690,49690,47792,48051,1570429,42.94
2018-10-25,48827,49517,48310,48914,2124880,43.04
2018-10-26,48741,48741,46671,47447,1884901,42.99
2018-10-29,47965,49172,47447,47620,922298,42.99
2018-10-30,47361,47447,45463,46412,1288940,42.93
2018-10-31,45894,46326,44945,46240,1623223,42.92
2018-11-01,45980,46498,44945,45118,1277024,42.94
2018-11-02,45118,45204,43996,44428,1748113,42.9
2018-11-05,44600,45549,44600,45463,1273645,42.95
2018-11-06,45808,45980,44686,45291,748051,42.95
2018-11-07,45635,46843,45463,46326,1168670,42.93
2018-11-08,46584,47102,45722,46153,1159547,42.95
2018-11-09,45980,46153,45290,45895,651300,42.93
2018-11-12,45808,46239,44773,46067,640833,42.87
2018-11-13,46153,46757,45204,45981,930476,42.82
2018-11-14,45722,46843,45722,46585,607055,42.81
2018-11-15,46239,46412,45549,46067,675122,42.76
2018-11-16,46067,48741,46067,48138,1018214,42.73
2018-11-19,48137,48310,47188,47620,687218,42.68
2018-11-20,47620,49086,47533,48742,1216236,42.63
2018-11-21,47792,48914,47792,48310,1279058,42.55
2018-11-22,48223,49604,47792,49432,870367,42.55
2018-11-23,49431,49690,48827,49000,460564,42.54
2018-11-26,48827,48827,47792,48224,847816,42.51
2018-11-27,47792,48568,47706,48051,740899,42.51
2018-11-28,48310,50035,48137,49000,1338767,42.48
2018-11-29,49172,49863,48914,49000,1275030,42.51
2018-11-30,49172,50208,48741,49949,1518486,42.51
2018-12-03,49949,49949,48655,48655,1022921,42.41
2018-12-04,48568,48741,47878,47965,1384381,42.36
2018-12-05,48568,49172,47965,48655,1010297,42.35
2018-12-06,49086,50035,48741,49604,1215228,42.36
2018-12-07,49345,49431,48827,48828,724943,42.33
2018-12-10,48655,49949,48137,48914,998114,42.31
2018-12-11,49000,49776,48655,49604,905195,42.31
2018-12-12,49690,49690,48482,48828,1075588,42.22
2018-12-13,48568,48741,47965,48310,1696060,42.19
2018-12-14,48310,48827,48051,48310,698247,42.16
2018-12-17,47878,48482,47620,47793,905716,42.12
2018-12-18,47792,48223,46067,46585,1635528,42.11
2018-12-19,46757,48051,46671,47102,1336217,42.04
2018-12-20,47447,47533,45808,47102,1132080,42.04
2018-12-21,47102,47792,46584,47620,801512,42.0
2018-12-24,47620,48137,47016,47620,813573,41.94
2018-12-26,47188,47447,45980,46412,1025175,41.84
2018-12-27,45204,46326,44514,45895,834682,41.87
2018-12-28,45808,47102,45290,46499,945146,41.83
2019-01-02,46153,47188,46153,47016,751407,41.83
2019-01-03,47102,48482,46498,47534,1683570,41.76
2019-01-04,47965,48568,47361,48224,1299100,41.74
2019-01-07,48482,48482,47706,47706,696178,41.72
2019-01-08,48137,48137,46929,47620,585575,41.71
2019-01-09,47533,47792,46239,46499,1468983,41.67
2019-01-10,46584,46843,46067,46757,1057603,41.68
2019-01-11,46412,46412,45463,45463,1292052,41.59
2019-01-14,45635,46239,45549,46067,769745,41.63
2019-01-15,46153,46584,45808,46326,603264,41.65
2019-01-16,46067,46326,45808,46153,540124,41.65
2019-01-17,45808,46584,45635,46326,654227,41.66
2019-01-18,46584,46757,46067,46499,415634,41.67
2019-01-21,46498,46584,45031,45463,1074811,41.63
2019-01-22,45463,45722,45031,45550,633658,41.65
2019-01-23,45549,46671,45463,46412,983833,41.66
2019-01-24,46239,46843,45980,46757,806033,41.66
2019-01-25,46326,46843,46326,46412,788002,41.64
2019-01-28,46153,47361,45980,47016,880064,41.65
2019-01-29,46929,47447,46153,46153,898558,41.63
2019-01-30,46412,46412,44428,44601,2618080,41.46
2019-01-31,44686,44773,44169,44514,1360716,41.39
2019-02-01,44600,45204,44514,44859,1516962,41.28
2019-02-07,44945,45031,44514,44773,1079506,41.25
2019-02-08,44600,45290,44514,45032,1376400,41.21
2019-02-11,45204,45290,44859,45032,983619,41.22
2019-02-12,45118,45635,44773,44773,1285138,41.21
2019-02-13,44945,44945,44514,44773,846303,41.16
2019-02-14,44686,44859,44255,44859,1446559,41.12
2019-02-15,44514,44773,43651,43997,2060505,40.99
2019-02-18,44169,44859,44083,44773,1133170,41.02
2019-02-19,44945,45204,44686,44859,785776,41.04
2019-02-20,44686,45118,44514,44859,793856,41.02
2019-02-21,44773,45118,44514,44687,763016,41.05
2019-02-22,44773,45031,44514,45032,728420,41.01
2019-02-25,45463,45635,44686,44859,1108711,40.99
2019-02-26,44859,45031,44600,44773,606446,40.97
2019-02-27,44773,45463,44600,45377,1030119,40.95
2019-02-28,45204,45549,44945,44946,1629384,40.79
2019-03-04,44859,45463,44600,45032,1072081,40.75
2019-03-05,44945,45377,44686,45032,962157,40.68
2019-03-06,45118,45118,44514,44514,866449,40.64
2019-03-07,43996,44514,43651,43824,930343,40.65
2019-03-08,43737,44169,43392,43479,559818,40.65
2019-03-11,43479,43651,42789,42962,926338,40.61
2019-03-12,43220,43306,42789,42789,758350,40.61
2019-03-13,42789,42875,42098,42358,1313538,40.58
2019-03-14,42443,42961,42185,42530,1389597,40.6
2019-03-15,42702,43824,42702,43738,1258570,40.62
2019-03-18,43737,44083,43134,43479,685989,40.58
2019-03-19,43220,43737,43047,43652,914433,40.52
2019-03-20,43392,43910,43047,43307,688875,40.46
2019-03-21,43133,43392,42875,43048,732918,40.46
2019-03-22,42788,43737,42616,43479,1358131,40.47
2019-03-25,43737,44255,43306,43652,1662682,40.46
2019-03-26,43651,43737,43220,43220,841243,40.4
2019-03-27,43134,43996,43047,43652,838884,40.38
2019-03-28,43824,44169,43220,43393,1418965,40.28
2019-03-29,42961,43392,42875,43393,1114015,40.27
2019-04-01,43392,44083,43306,43911,1077976,40.29
2019-04-02,43737,43910,43134,43307,1026421,40.23
2019-04-03,43047,43134,41581,41926,3792424,40.08
2019-04-04,42271,42616,41926,42358,1650730,40.11
2019-04-05,42530,42616,42098,42530,932801,40.14
2019-04-08,42530,42616,42012,42358,942671,40.19
2019-04-09,42185,42443,42012,42099,655416,40.19
2019-04-10,42098,42530,42098,42530,768806,40.2
2019-04-11,42702,42702,42271,42271,1009173,40.21
2019-04-12,42443,42443,42098,42271,651156,40.19
2019-04-15,42185,42616,42185,42444,605745,40.2
2019-04-16,42271,42789,42271,42703,635669,40.21
2019-04-17,42789,42789,42443,42703,481916,40.22
2019-04-18,42443,42616,42012,42185,761880,40.16
2019-04-19,42098,42271,41926,42013,414597,40.15
2019-04-22,42012,42271,41840,42185,311482,40.15
2019-04-23,42271,42271,41926,42013,357513,40.16
2019-04-24,42012,42530,41926,42444,900025,40.24
2019-04-25,42443,42789,42271,42789,919748,40.22
2019-04-26,42789,42961,42357,42530,958783,40.23
2019-04-29,42530,42789,42185,42703,650286,40.23
2019-04-30,42789,42875,42530,42703,802840,40.25
2019-05-02,42616,43737,42443,43393,1481902,40.31
2019-05-03,43220,44341,43220,44169,1720501,40.41
2019-05-07,43910,44255,43737,44256,1541629,40.43
2019-05-08,43996,45722,43910,45291,3033303,40.61
2019-05-09,45290,45463,44859,45463,1970420,40.66
2019-05-10,45377,45463,44686,45291,1258500,40.71
2019-05-13,44773,44945,44514,44773,775164,40.72
2019-05-14,44686,45118,44341,44773,1020759,40.72
2019-05-15,44686,44773,43996,44514,1121086,40.74
2019-05-16,44083,44773,43996,44514,916787,40.77
2019-05-17,44686,44686,44255,44428,615992,40.81
2019-05-20,44686,45290,44255,44946,979782,40.82
2019-05-21,44514,44773,44169,44514,629253,40.8
2019-05-22,44255,44514,43306,43652,935988,40.75
2019-05-23,43134,43479,42443,43307,1268631,40.73
2019-05-24,42961,43910,42789,43652,851455,40.73
2019-05-27,43824,44341,43134,44256,562623,40.74
2019-05-28,44428,44428,43306,43738,1354207,40.73
2019-05-29,43737,43824,43134,43479,586618,40.74
2019-05-30,43651,43737,43047,43134,672038,40.75
2019-05-31,43220,43737,43047,43220,847433,40.76
2019-06-03,43134,43306,42875,43134,863175,40.75
2019-06-04,43220,44255,43134,43824,1180951,40.71
2019-06-05,43910,44514,43737,44428,904007,40.69
2019-06-07,44083,44341,43910,43997,836461,40.64
2019-06-10,44083,44255,43220,43738,1048857,40.62
2019-06-11,43565,43910,43392,43738,973945,40.57
2019-06-12,43651,44428,43479,44342,952993,40.57
2019-06-13,44428,44773,44169,44773,1546532,40.61
2019-06-14,44428,44773,44341,44687,487092,40.6
2019-06-17,44859,45204,44514,45118,736790,40.6
2019-06-18,44859,45635,44859,45550,1190323,40.59
2019-06-19,45463,45463,45031,45377,663906,40.58
2019-06-20,45204,45290,44773,44946,680199,40.58
2019-06-21,45031,45290,44859,45205,722207,40.58
2019-06-24,45118,45377,44773,44859,456089,40.55
2019-06-25,44859,45031,44514,44687,662608,40.54
2019-06-26,44428,44859,44428,44687,528833,40.5
2019-06-27,44686,44859,44169,44428,830880,40.44
2019-06-28,44341,45377,44341,44687,796806,40.42
2019-07-01,44514,44859,44341,44342,539730,40.4
2019-07-02,44341,45204,44255,44946,570900,40.4
2019-07-03,45118,45118,44428,44514,410447,40.38
2019-07-04,44859,45204,44514,45205,574992,40.36
2019-07-05,45204,45549,44945,45291,473158,40.35
2019-07-08,45204,45463,44600,44946,750891,40.32
2019-07-09,44686,44773,43996,43997,679868,40.29
2019-07-10,43910,44686,43737,43911,743606,40.31
2019-07-11,43910,44428,43910,43911,726821,40.3
2019-07-12,43910,45118,43910,44859,664811,40.31
2019-07-15,44859,45377,44859,44946,520603,40.29
2019-07-16,44945,45118,44341,44773,634429,40.28
2019-07-17,44600,44945,44341,44687,437114,40.28
2019-07-18,44514,45118,44514,44773,436679,40.28
2019-07-19,44945,45377,44514,44601,976797,40.25
2019-07-22,44600,44686,44169,44342,498764,40.25
2019-07-23,44428,44773,44169,44428,829048,40.26
2019-07-24,44169,44514,43824,43997,667048,40.24
2019-07-25,43910,44083,42875,42875,1132822,40.17
2019-07-26,42530,42789,42271,42358,1127786,40.12
2019-07-29,42702,42961,42098,42444,701493,40.09
2019-07-30,42271,42702,42098,42530,525257,40.06
2019-07-31,42530,43306,42357,42875,1270944,40.04
2019-08-01,41840,42443,41840,42099,1070267,39.97
2019-08-02,41840,43910,41581,43479,1640501,39.92
2019-08-05,43306,44083,43134,43565,1635029,39.82
2019-08-06,43306,43392,42357,42703,1406753,39.69
2019-08-07,42271,42443,42012,42185,1100771,39.65
2019-08-08,42098,42098,41494,41495,1726025,39.56
2019-08-09,41581,42098,41494,41754,843596,39.56
2019-08-12,41753,42098,41494,41581,604423,39.55
2019-08-13,41494,41581,40287,40719,1360699,39.52
2019-08-14,40804,41322,40632,41236,865557,39.56
2019-08-16,40718,40718,39510,39942,1711883,39.43
2019-08-19,39855,40200,39769,40115,736506,39.42
2019-08-20,40028,40546,39855,40374,817949,39.41
2019-08-21,40546,41236,40373,41064,873074,39.39
2019-08-22,41063,41236,40718,40977,874326,39.36
2019-08-23,40977,41063,40373,40891,634127,39.36
2019-08-26,40546,40718,40287,40632,560346,39.36
2019-08-27,40632,41063,40459,40891,823479,39.35
2019-08-28,41063,41581,40804,41064,683369,39.35
2019-08-29,41149,42012,40977,41409,856869,39.33
2019-08-30,41408,41581,40891,41322,1187321,39.27
2019-09-02,40977,41408,40977,41236,362434,39.26
2019-09-03,41149,41581,41063,41236,517845,39.23
2019-09-04,41149,41322,40977,41236,861616,39.18
2019-09-05,41236,41494,40718,40805,1268550,39.16
2019-09-06,40718,41149,40632,40891,732756,39.14
2019-09-09,40891,41149,40891,40891,604215,39.13
2019-09-10,40977,41494,40977,41409,1011503,39.09
2019-09-11,41408,41581,41063,41064,1566035,38.97
2019-09-16,41322,41408,40977,41236,3645649,38.91
2019-09-17,41149,41667,40977,41322,1026931,38.85
2019-09-18,41494,41667,41149,41150,773373,38.8
2019-09-19,41322,41494,41063,41064,791167,38.74
2019-09-20,41063,41322,40718,41150,1022811,38.7
2019-09-23,41236,41839,41149,41581,944004,38.7
2019-09-24,41408,41667,41322,41495,802480,38.63
2019-09-25,41494,41926,41408,41409,1093213,38.56
2019-09-26,41494,41581,41236,41322,623996,38.51
2019-09-27,41581,41753,41236,41322,657977,38.48
2019-09-30,41408,41667,41149,41668,725152,38.5
2019-10-01,41408,41494,41236,41236,744898,38.42
2019-10-02,41322,41494,40459,40546,973783,38.39
2019-10-04,40632,40804,40287,40460,640068,38.38
2019-10-07,40546,40632,39942,40201,724873,38.34
2019-10-08,40373,40718,39942,40546,671122,38.33
2019-10-10,40200,40804,40114,40201,1175926,38.32
2019-10-11,40546,41063,40459,40805,783267,38.31
2019-10-14,40804,41236,40804,40805,492024,38.28
2019-10-15,40804,41149,40804,41064,435682,38.27
2019-10-16,40977,41149,40804,40891,436088,38.24
2019-10-17,41063,41408,40891,41236,632881,38.24
2019-10-18,41149,41494,41063,41150,558184,38.22
2019-10-21,41236,41408,40977,41150,434529,38.19
2019-10-22,41149,41408,41063,41064,613563,38.16
2019-10-23,41063,41322,40632,40719,718602,38.13
2019-10-24,40804,41408,40804,41150,719541,38.14
2019-10-25,40891,41063,40632,40632,844616,38.06
2019-10-28,40891,41236,40718,40891,627387,38.05
2019-10-29,40977,41063,40546,40546,888329,38.01
2019-10-30,40632,40977,40373,40374,770904,37.99
2019-10-31,40459,40891,40200,40891,1266829,37.99
2019-11-01,40804,40977,40373,40719,742800,37.96
2019-11-04,40632,41149,40546,40719,891088,37.94
2019-11-05,40891,41149,40632,41064,1072197,38.0
2019-11-06,41149,41322,40891,40977,1153734,38.01
2019-11-07,41063,42185,41063,41926,1836071,38.01
2019-11-08,41926,42098,41581,41754,872523,37.96
2019-11-11,41840,42443,41667,41840,1119903,37.91
2019-11-12,42012,42185,41753,42185,881414,37.89
2019-11-13,42012,42185,41753,41754,740372,37.86
2019-11-14,41840,42012,41494,41754,1203091,37.82
2019-11-15,41840,42357,41753,42013,634452,37.79
2019-11-18,42012,42357,42012,42185,595411,37.79
2019-11-19,42098,42443,41753,42358,869857,37.81
2019-11-20,42185,42357,41926,42185,715965,37.8
2019-11-21,42357,42357,41581,41668,921186,37.78
2019-11-22,42098,42271,41840,42185,740117,37.8
2019-11-25,42185,42443,42185,42444,590392,37.79
2019-11-26,42271,42530,42098,42099,1229341,37.75
2019-11-27,42271,42530,42185,42271,531598,37.75
2019-11-28,42185,42530,42098,42530,448068,37.76
2019-11-29,42616,42702,42271,42444,941541,37.77
2019-12-02,42357,42443,41667,41754,1739083,37.72
2019-12-03,41667,41840,41322,41840,662127,37.7
2019-12-04,41494,41753,41063,41236,5718783,37.67
2019-12-05,41494,41926,40977,41064,750891,37.64
2019-12-06,41063,41322,41063,41150,820250,37.6
2019-12-09,41236,41494,41063,41236,730200,37.58
2019-12-10,41236,41667,41063,41409,651584,37.55
2019-12-11,41667,41839,41322,41581,856822,37.55
2019-12-12,41667,41926,41322,41322,2059236,37.5
2019-12-13,41494,41840,41322,41495,1178795,37.47
2019-12-16,41667,41840,41408,41668,785423,37.42
2019-12-17,41494,41667,41322,41495,1304850,37.32
2019-12-18,41494,41840,41408,41754,928575,37.32
2019-12-19,41581,42012,41494,41926,888584,37.29
2019-12-20,42012,42098,41753,42013,937072,37.28
2019-12-23,42012,42185,41840,42099,733382,37.23
2019-12-24,42012,42271,41840,41840,977510,37.18
2019-12-26,41926,42185,41840,42185,1474652,37.14
2019-12-27,41236,41236,40891,40977,1754019,37.17
2019-12-30,41236,41236,40891,41064,561969,37.19
2020-01-02,41149,41236,40200,40374,1540215,37.19
2020-01-03,40459,40632,39942,40374,1520433,37.28
2020-01-06,40200,40373,39855,39942,1306745,37.33
2020-01-07,40114,40373,39942,40201,792685,37.35
2020-01-08,39942,40287,39683,40115,1612617,37.46
2020-01-09,39942,40373,39769,40028,3096264,37.49
2020-01-10,40028,40200,39769,39856,1142507,37.5
2020-01-13,39855,40545,39855,40460,951081,37.53
2020-01-14,40632,40977,40373,40719,1396030,37.58
2020-01-15,40632,41063,40459,40977,1223748,37.64
2020-01-16,40891,41063,40459,40719,1285028,37.71
2020-01-17,40718,40977,40200,40546,1578589,37.77
2020-01-20,40632,40977,40546,40719,1393370,37.8
2020-01-21,40804,40891,40632,40805,526817,37.85
2020-01-22,40891,41149,40632,41150,840605,37.91
2020-01-23,41063,41063,40632,40891,1019037,37.97
2020-01-28,40287,40287,39769,40115,1850375,37.97
2020-01-29,40028,40114,39855,40115,740012,38.01
2020-01-30,40114,40114,39424,39511,1620789,38.02
2020-01-31,39769,39942,39424,39597,1279394,38.05
2020-02-03,39424,39510,38993,39079,1177758,38.06
2020-02-04,39165,39252,38734,39079,1317856,38.13
2020-02-05,39079,39079,38734,38821,1227898,38.19
2020-02-06,38993,39769,38993,39511,1465691,38.19
2020-02-07,39596,39683,39079,39425,1270938,38.21
2020-02-10,38993,39079,38648,38821,1226965,38.21
2020-02-11,38820,38993,38475,38562,1776420,38.14
2020-02-12,38561,39079,38303,39079,1461518,38.18
2020-02-13,39079,40114,39079,39425,2319082,38.33
2020-02-14,39424,39855,39079,39252,1065903,38.3
2020-02-17,39252,39597,39252,39338,591893,38.31
2020-02-18,39165,39165,38820,38993,951533,38.26
2020-02-19,39252,39252,38561,38821,994434,38.23
2020-02-20,38820,38906,38303,38303,1132289,38.19
2020-02-21,38130,38216,37612,37872,1286639,38.2
2020-02-24,37181,37699,36750,37527,1914031,38.23
2020-02-25,37440,37699,37181,37527,1337301,38.23
2020-02-26,37526,37526,37008,37268,1315236,38.23
2020-02-27,37181,37440,37009,37440,976472,38.21
2020-02-28,37354,37699,36318,36664,1749104,38.16
2020-03-02,36750,36750,35887,35888,1689024,38.12
2020-03-03,36232,36405,35628,35715,1303389,38.15
2020-03-04,36146,37871,35887,37872,2045975,38.29
2020-03-05,38044,38734,37871,38217,2164553,38.37
2020-03-06,37871,38475,37871,38389,2264491,38.42
2020-03-09,37871,38130,37354,37785,1652249,38.42
2020-03-10,37785,37785,37354,37699,1201718,38.4
2020-03-11,37267,37871,37009,37527,1438908,38.41
2020-03-12,37526,37526,35801,36491,2263077,38.43
2020-03-13,34334,34852,32781,33990,3886439,38.31
2020-03-16,34248,34421,33126,33300,2088969,38.29
2020-03-17,32264,33040,31832,32351,2470291,38.21
2020-03-18,32695,32868,31056,31057,1612165,38.19
2020-03-19,31056,31487,28468,29849,3337992,38.24
2020-03-20,30193,30797,29503,30194,2340672,38.16
2020-03-23,28641,29417,28295,28555,1978812,38.13
2020-03-24,28899,29589,28382,29504,2420893,38.05
2020-03-25,30021,30797,29848,30108,3999296,37.86
2020-03-26,29935,30366,29417,29849,3941819,37.69
2020-03-27,30884,31142,29848,30453,3040333,37.59
2020-03-30,29848,30711,29331,30366,2241852,37.53
2020-03-31,30797,31229,30280,30539,5759934,37.42
2020-04-01,30625,31487,30021,30194,3185555,37.39
2020-04-02,30452,31401,29848,31402,2656084,37.36
2020-04-03,31401,31660,31056,31574,2236369,37.43
2020-04-06,31746,32954,31660,32868,2419728,37.3
2020-04-07,33385,33730,32350,32868,2118157,37.25
2020-04-08,33126,34334,32609,33472,3107571,37.27
2020-04-09,34075,34248,33126,33386,2199426,37.26
2020-04-10,33385,33817,33299,33472,1134097,37.25
2020-04-13,33471,33471,32695,32782,1394634,37.19
2020-04-14,33213,33903,33126,33817,1569032,37.21
2020-04-16,32781,33903,32695,33903,2323835,37.14
2020-04-17,33989,34766,33989,34335,1621224,37.16
2020-04-20,34507,35283,34507,35111,1972732,37.16
2020-04-21,35024,36146,34766,36146,2943612,37.24
2020-04-22,35628,37009,35542,37009,2588521,37.29
2020-04-23,37009,37957,36750,37182,1857400,37.23
2020-04-24,36491,37009,36060,36146,1681286,37.17
2020-04-27,36146,37095,35973,36750,1388623,37.18
2020-04-28,36663,37440,36663,36750,1335568,37.16
2020-04-29,36750,37095,36491,36491,1656909,37.13
2020-05-04,35715,36405,35456,35974,1807608,37.12
2020-05-06,35973,36232,35369,35629,1749562,37.09
2020-05-07,35369,35887,35111,35715,1519865,37.01
2020-05-08,35973,36491,35542,35715,1456319,36.96
2020-05-11,35801,36060,35369,35370,1331395,36.91
2020-05-12,35369,36663,35283,36233,1851222,36.93
2020-05-13,36232,36663,35542,35629,1722640,36.77
2020-05-14,35628,35887,35369,35715,1537421,36.72
2020-05-15,35542,35628,35197,35197,1762794,36.53
2020-05-18,35369,35887,35283,35456,1387690,36.45
2020-05-19,35887,36232,35887,36060,1411766,36.46
2020-05-20,36060,36750,35973,36491,1427102,36.44
2020-05-21,37009,37095,36663,36750,1336194,36.48
2020-05-22,37009,37009,35887,35974,1400690,36.41
2020-05-25,36232,36663,36060,36578,990893,36.38
2020-05-26,36491,36750,36146,36578,1308269,36.35
2020-05-27,36577,36750,36232,36233,1745858,36.29
2020-05-28,36232,36750,36146,36578,1605586,36.33
2020-05-29,36405,37699,36405,37268,2706363,36.44
2020-06-01,37440,38820,37440,38734,2457888,36.55
2020-06-02,38648,39079,38303,38821,1905303,36.55
2020-06-03,39079,40028,38906,39683,2124381,36.62
2020-06-04,40028,40200,38993,39166,2029074,36.6
2020-06-05,38820,39079,38303,38562,1792666,36.46
2020-06-08,38906,39079,38389,38389,1440665,36.46
2020-06-09,38475,38820,37957,38131,1210788,36.47
2020-06-10,38130,38389,37785,37785,1478772,36.39
2020-06-11,37612,37871,36750,37095,2608303,36.33
2020-06-12,35887,36146,35542,35974,2674526,36.17
2020-06-15,35887,36491,34679,34680,2445212,36.06
2020-06-16,35197,36146,35111,36060,2037321,36.01
2020-06-17,35801,36146,35369,35715,1987419,35.93
2020-06-18,35456,35887,35197,35456,1508540,35.84
2020-06-19,35801,35887,35369,35542,1409651,35.8
2020-06-22,35456,36146,35369,35629,1380695,35.8
2020-06-23,35715,35973,35369,35456,1685291,35.78
2020-06-24,35628,35715,35369,35456,1261827,35.68
2020-06-25,35369,35715,35024,35025,1447028,35.64
2020-06-26,35197,36405,35024,35974,1787264,35.65
2020-06-29,35283,36060,35024,35715,1824885,35.69
2020-06-30,35887,36577,35715,36405,2006980,35.76
2020-07-01,37009,38734,36663,38303,5057213,35.87
2020-07-02,38648,39079,37699,38821,2594236,35.87
2020-07-03,38820,39338,38044,38131,1645132,35.85
2020-07-06,38216,38993,37785,38821,1631587,35.93
2020-07-07,39252,39252,37612,37613,2620700,35.87
2020-07-08,37612,38475,37526,37699,2170296,35.84
2020-07-09,37785,38044,37440,37613,1510777,35.8
2020-07-10,37440,37699,36922,37095,1644598,35.8
2020-07-13,37354,37440,36750,37182,1281498,35.71
2020-07-14,37181,38475,37009,37527,2174023,35.67
2020-07-15,37785,38389,37440,37613,1750049,35.54
2020-07-16,37440,37871,37267,37613,1411453,35.45
2020-07-17,37612,37957,37354,37440,1170982,35.41
2020-07-20,37440,37958,37095,37354,1514145,35.41
2020-07-21,37354,37612,37181,37182,1771030,35.3
2020-07-22,37181,37354,36922,37009,1799876,35.26
2020-07-23,36922,37009,36232,36491,2196575,35.14
2020-07-24,36146,36232,35801,35888,1657286,35.01
2020-07-27,35801,36491,35801,35974,1647856,34.97
2020-07-28,36146,37354,35973,36923,2424109,35.02
2020-07-29,36836,37612,36491,37354,2436953,35.01
2020-07-30,37267,38648,37009,37958,4249371,34.89
2020-07-31,37957,38561,37871,38044,4234030,34.74
2020-08-03,38216,38561,37699,37785,2424544,34.61
2020-08-04,37785,39338,37440,38907,4497812,34.47
2020-08-05,39165,39424,38561,39166,3657728,34.25
2020-08-06,39510,40028,37699,38044,6129062,34.36
2020-08-07,38561,39683,37785,39511,4976389,34.45
2020-08-10,39942,41408,39769,41064,4710665,34.51
2020-08-11,41408,41581,40114,40891,3074326,34.43
2020-08-12,40632,41753,40114,41668,3274672,34.52
2020-08-13,41926,42702,41494,41754,5538584,34.71
2020-08-14,41926,42098,40632,40891,3055472,34.6
2020-08-18,41236,41667,38820,39511,4262928,34.75
2020-08-19,39597,40373,39338,39856,2528702,34.79
2020-08-20,40287,40804,39079,39252,3906197,34.83
2020-08-21,39252,40977,39252,40632,3241172,34.94
2020-08-24,41494,41926,40977,41754,3117297,34.95
2020-08-25,41840,43392,41840,42703,3667036,35.05
2020-08-26,43134,43392,42271,42875,2863970,35.07
2020-08-27,43134,43306,42357,42358,3353740,35.0
2020-08-28,43392,43392,41322,41840,4901906,35.06
2020-08-31,42271,43134,41840,42789,13712050,35.6
2020-09-01,42443,42530,41667,41754,3062549,35.67
2020-09-02,42271,42271,41063,41840,2146724,35.71
2020-09-03,41753,41839,41236,41581,2145055,35.68
2020-09-04,40891,41063,40632,40977,2815105,35.67
2020-09-07,41236,42098,40718,42013,2125807,35.67
2020-09-08,42185,42271,41408,41668,1710260,35.66
2020-09-09,40891,41408,40459,41064,1789119,35.66
2020-09-10,41494,41753,41149,41409,1784702,35.75
2020-09-11,41667,42098,41581,41926,1461947,35.73
2020-09-14,42443,42789,42185,42789,1623658,35.83
2020-09-15,42875,42875,42098,42444,1405959,35.8
2020-09-16,42271,42357,41840,41926,1241153,35.82
2020-09-17,41926,42185,41581,42099,1057174,35.85
2020-09-18,42012,42098,41667,42099,1277650,35.88
2020-09-21,42098,42443,41494,41495,1240840,35.88
2020-09-22,41149,41408,40891,40977,1373525,35.92
2020-09-23,40804,40890,39855,40201,2040538,35.92
2020-09-24,40114,40200,39597,39770,1374389,35.96
2020-09-25,39942,40114,39683,39856,941048,35.94
2020-09-28,40028,40546,39942,40201,626917,35.93
2020-09-29,40804,41494,40459,41064,1308971,35.95
2020-10-05,41236,41926,41236,41495,1434753,35.93
2020-10-06,41322,42012,41149,41581,1050532,35.97
2020-10-07,41236,41753,41063,41581,1041891,35.92
2020-10-08,41494,41753,41408,41409,1350799,35.95
2020-10-12,41408,41581,41063,41322,1096847,35.93
2020-10-13,41408,41840,41236,41840,1071079,35.96
2020-10-14,41581,41667,38993,39770,4986891,35.67
2020-10-15,39855,40891,39338,40460,3790848,35.55
2020-10-16,40632,40977,40114,40460,1816087,35.49
2020-10-19,40804,40804,39855,40115,1384056,35.43
2020-10-20,40028,40287,39683,40201,1119822,35.39
2020-10-21,40114,41322,39942,41064,1204291,35.43
2020-10-22,40891,41149,40459,41150,1083262,35.39
2020-10-23,41063,41408,40891,41150,856562,35.37
2020-10-26,40804,41236,40373,40374,875039,35.32
2020-10-27,40200,40373,39769,40115,1148645,35.24
2020-10-28,39855,40287,39252,39597,2122208,34.99
2020-10-29,38993,39165,38130,38389,2258660,34.78
2020-10-30,38389,38389,36922,36923,2944284,34.51
2020-11-02,37095,37785,36750,37095,1691887,34.4
2020-11-03,37354,37957,37181,37785,2297713,34.32
2020-11-04,38303,38475,37699,37699,1748252,34.18
2020-11-05,38130,38647,37957,38476,2372700,34.21
2020-11-06,38734,39424,38647,39166,2065431,34.31
2020-11-09,39338,39510,38734,38907,1940953,34.2
2020-11-10,38906,39338,38303,39166,2814671,34.18
2020-11-11,38820,40028,38820,39770,2050872,34.21
2020-11-12,39855,40028,39338,39683,1795146,34.23
2020-11-13,39338,40373,39252,39597,2299376,34.18
2020-11-16,40287,40373,39683,40028,1962311,34.17
2020-11-17,40287,40459,40028,40115,1863184,34.14
2020-11-18,40114,40114,39683,39856,1815919,34.11
2020-11-19,39597,39769,39252,39597,1551528,34.11
2020-11-20,39424,39683,39338,39511,1337533,34.07
2020-11-23,39597,40028,39338,39856,1714416,34.08
2020-11-24,39855,40546,39510,40028,1750866,34.13
2020-11-25,40114,40287,39338,39511,2226209,34.02
2020-11-26,40114,40373,39855,40028,1596226,34.02
2020-11-27,40373,41063,40114,40546,2612928,34.06
2020-11-30,40891,41236,40373,40977,3048778,33.97
2020-12-01,40891,41063,40546,40805,1388809,33.97
2020-12-02,41063,41322,40546,41236,2274500,33.95
2020-12-03,41236,41494,40891,41150,2005960,33.94
2020-12-04,41236,41753,41149,41322,1756384,33.94
2020-12-07,41408,41581,41063,41236,1507311,33.94
2020-12-08,41236,41581,40977,41409,1329094,33.98
2020-12-09,41236,41667,41149,41409,1676893,34.05
2020-12-10,41494,41581,41063,41064,2310157,33.88
2020-12-11,41494,42961,41408,42616,3478195,34.03
2020-12-14,42702,43392,42616,42962,2744767,34.07
2020-12-15,43047,43134,42271,42444,1790527,34.02
2020-12-16,42616,42875,42271,42616,1174784,33.98
2020-12-17,42443,42616,42185,42444,1344314,33.96
2020-12-18,42271,42702,42012,42530,1614135,33.93
2020-12-21,42443,43134,42357,42962,1501266,33.94
2020-12-22,42789,42875,42098,42099,1345850,33.92
2020-12-23,42185,42530,41753,42271,1222056,33.92
2020-12-24,42616,42702,42357,42616,1026688,33.9
2020-12-28,42875,42875,42443,42616,2996911,33.94
2020-12-29,41753,41753,40804,40977,2798465,33.93
2020-12-30,41063,41236,40718,41064,1838905,33.94
2021-01-04,41149,41322,40546,40891,2488589,33.94
2021-01-05,40977,42443,40804,42444,3865441,34.15
2021-01-06,42357,43910,41840,43220,5243736,34.18
2021-01-07,43996,46929,43565,46585,7872144,34.31
2021-01-08,46498,47361,45204,45722,5830076,34.32
2021-01-11,45290,45377,43651,44428,6002248,34.41
2021-01-12,44686,45635,43306,43738,3444694,34.37
2021-01-13,44169,45031,43824,43997,2772772,34.39
2021-01-14,43996,44600,43479,44083,3071770,34.44
2021-01-15,44341,44514,43392,43393,3002683,34.5
2021-01-18,42961,42961,41753,42099,2965503,34.5
2021-01-19,42098,42616,41926,42271,2392591,34.5
2021-01-20,43134,43306,42098,42875,2543215,34.58
2021-01-21,42875,44428,42357,44169,3102372,34.69
2021-01-22,44514,44600,43479,43824,2151205,34.72
2021-01-25,43824,45463,43737,45377,2723675,34.89
2021-01-26,45031,45118,43824,43824,2687422,34.93
2021-01-27,44255,44686,43134,43307,2230272,34.95
2021-01-28,42530,43134,42185,42789,2473293,34.98
2021-01-29,43220,43479,41667,42099,2839993,35.06
2021-02-01,41667,42530,41581,42358,2117374,35.06
2021-02-02,42098,42875,41926,42271,2574431,35.03
2021-02-03,42789,42789,41753,42271,2433012,35.06
2021-02-04,42357,43651,41926,42616,2734635,35.13
2021-02-05,43220,44686,42961,44601,4314459,35.38
2021-02-08,44083,44255,43220,43479,1764619,35.33
2021-02-09,43651,43824,42702,42703,1949705,35.33
2021-02-10,42702,42702,42185,42444,2207112,35.37
2021-02-15,42616,42875,42271,42444,1718015,35.38
2021-02-16,42616,43306,42357,43307,2229588,35.49
2021-02-17,43220,43651,42789,43652,2238891,35.64
2021-02-18,43910,44428,43479,43652,2409765,35.76
2021-02-19,43651,43737,42702,43738,1804825,35.85
2021-02-22,43996,43996,42702,42789,1925420,35.89
2021-02-23,42789,43134,42185,42616,1565995,35.93
2021-02-24,42789,43479,42012,42013,2407481,36.03
2021-02-25,42271,43479,42271,43479,1984550,36.19
2021-02-26,42616,42961,42098,42703,3311859,36.2
2021-03-02,43220,43651,42702,42703,2151616,36.27
2021-03-03,42789,43565,42702,43565,1408167,36.37
2021-03-04,42961,43306,42443,42530,1850381,36.38
2021-03-05,42271,42443,41840,42099,1543988,36.36
2021-03-08,42961,42961,42098,42185,1344998,36.39
2021-03-09,42789,42961,41753,42789,1829858,36.45
2021-03-10,42961,43306,42616,43220,1576300,36.54
2021-03-11,43392,44341,43134,43565,3200149,36.73
2021-03-12,43996,44686,43910,43997,1719006,36.83
2021-03-15,44341,44341,43737,44342,1033052,36.9
2021-03-16,44514,44514,43910,44256,1365944,36.93
2021-03-17,44428,44686,44169,44428,1216184,37.02
2021-03-18,44428,44859,44341,44342,1171087,37.11
2021-03-19,43996,44341,43479,43911,1426244,37.19
2021-03-22,43824,44169,43479,44169,766111,37.22
2021-03-23,44341,44600,43047,43220,1786684,37.23
2021-03-24,42875,43479,42875,42962,1371421,37.2
2021-03-25,43047,43737,42961,43738,1223661,37.25
2021-03-26,44428,47965,44255,47275,6386747,37.73
2021-03-29,47102,47792,46239,46412,2281780,37.73
2021-03-30,46929,47447,46239,46326,1578201,37.73
2021-03-31,46584,48051,46326,47447,2646387,37.86
2021-04-01,47965,48482,47016,47793,1960810,37.93
2021-04-02,48137,48568,47792,48483,1623084,38.02
2021-04-05,48223,48396,47361,48138,1174610,38.08
2021-04-06,48051,49086,47792,48569,1379350,38.17
2021-04-07,48568,48655,47792,48483,1273065,38.23
2021-04-08,49086,49259,48310,48310,2034070,38.31
2021-04-09,48310,48568,47447,47706,1923201,38.33
2021-04-12,48137,49000,47792,48828,1410897,38.44
2021-04-13,49604,52019,49517,51761,3714307,38.72
2021-04-14,51070,51157,50035,50639,2539569,38.8
2021-04-15,51502,52623,50725,51847,3251529,38.94
2021-04-16,52278,53313,51588,52106,1934137,39.0
2021-04-19,52192,52278,51329,51933,1387910,39.07
2021-04-20,51415,52882,51329,52624,1288198,39.15
2021-04-21,52364,52709,51588,52106,1132138,39.19
2021-04-22,52537,53658,51847,53573,1672019,39.32
2021-04-23,53572,54694,53227,54263,1657958,39.37
2021-04-26,54003,54607,53486,54608,1432823,39.42
2021-04-27,54780,55039,54176,54867,1119579,39.46
2021-04-28,54607,55039,54003,54521,1157316,39.51
2021-04-29,54176,54435,52105,52365,1673543,39.51
2021-04-30,52192,52623,50898,52365,1691655,39.53
2021-05-03,52192,53227,51760,52451,1205305,39.54
2021-05-04,55470,55556,51933,53055,3027907,39.52
2021-05-06,53400,54607,53054,53400,2241829,39.56
2021-05-07,53831,54090,53572,53831,1181670,39.6
2021-05-10,53658,54952,53658,54953,1547784,39.64
2021-05-11,54435,56074,53745,55125,2478962,39.72
2021-05-12,55125,55384,52968,53486,2403662,44.55
2021-05-13,53227,54348,52882,53918,1822822,44.62
2021-05-14,54262,55815,54262,54694,1851708,44.7
2021-05-17,54607,55039,52451,52969,1630584,44.67
2021-05-18,53313,53658,52192,52882,1666646,44.68
2021-05-20,52364,53054,51933,52796,1440282,44.71
2021-05-21,52968,54348,52882,53400,2259170,44.86
2021-05-24,52796,54521,52796,54263,1745644,44.99
2021-05-25,53831,54694,53745,54176,1928313,45.05
2021-05-26,54090,55729,53917,54953,1847118,45.2
2021-05-27,54780,55297,54003,55212,2447021,45.22
2021-05-28,55729,56419,54607,54694,1495128,45.24
2021-05-31,54952,55556,54607,54694,906076,45.31
2021-06-01,55039,56850,54694,56592,1829794,45.42
2021-06-02,56246,57368,56074,56937,1343444,45.51
2021-06-03,56850,57282,56074,56678,1469702,45.49
2021-06-04,55901,56505,55211,55298,1510192,45.46
2021-06-07,55642,55988,55211,55816,1454465,45.45
2021-06-08,55988,56764,55901,56592,1564627,45.51
2021-06-09,56419,56764,55642,56506,1587028,45.49
2021-06-10,58317,58576,56591,56592,2917640,45.47
2021-06-11,57627,58576,57454,57627,2012301,45.51
2021-06-14,57799,58058,56850,57455,922745,45.54
2021-06-15,57627,57972,56591,56937,811678,45.55
2021-06-16,56591,56936,56419,56592,1006084,45.55
2021-06-17,56246,57195,56246,56506,1363574,45.61
2021-06-18,56419,56678,55901,56333,2230046,45.57
2021-06-21,55729,56160,55125,55384,1827030,45.64
2021-06-22,55470,55729,55211,55384,922182,45.62
2021-06-23,55470,56678,55125,56247,1069056,45.65
2021-06-24,55988,57109,55556,56419,1056073,45.67
2021-06-25,56160,56591,55901,56333,877398,45.68
2021-06-28,56160,56850,55901,56851,1025175,45.74
2021-06-29,56160,56419,55815,55816,934748,45.76
2021-06-30,55729,55988,55211,55212,1154986,45.71
2021-07-01,55211,55297,54176,54349,1100672,45.73
2021-07-02,54607,55211,54521,54953,688672,45.78
2021-07-05,55125,55297,54780,54867,563649,45.79
2021-07-06,55211,55384,54694,54694,696068,45.8
2021-07-07,54435,54694,54003,54263,957352,45.82
2021-07-08,54003,54780,54003,54694,1141226,45.86
2021-07-09,55125,55988,54694,55557,2125680,46.09
2021-07-12,55901,56591,55642,56333,1037590,46.18
2021-07-13,56333,56937,55901,56161,1176001,46.2
2021-07-14,55729,56074,55211,55212,913767,46.19
2021-07-15,55470,55815,54866,55212,969175,46.17
2021-07-16,55039,55815,54866,55557,638880,46.22
2021-07-19,55211,56764,55211,56333,844918,46.28
2021-07-20,56074,56246,55211,55902,966422,46.36
2021-07-21,55470,56074,53400,53831,2437625,46.41
2021-07-22,53831,54521,52968,53400,2136037,46.48
2021-07-23,53486,53486,52278,52624,2144765,46.49
2021-07-26,52796,53313,52105,53141,959154,46.54
2021-07-27,53141,53400,52364,52451,811330,46.54
2021-07-28,52451,53658,52278,53659,1082398,46.59
2021-07-29,53745,54348,53658,53918,845149,46.63
2021-07-30,53831,53831,51933,51933,1948795,46.52
2021-08-02,52192,52451,51157,52106,1196687,46.53
2021-08-03,52192,53054,52019,52796,655045,46.55
2021-08-04,52364,53054,51933,52882,813463,46.53
2021-08-05,52796,53400,52537,52882,716927,46.53
2021-08-06,52709,53141,52278,52710,729185,46.55
2021-08-09,52623,52709,51933,52106,741826,46.57
2021-08-10,52192,52623,51847,52192,702878,46.59
2021-08-11,52451,52709,50380,50639,1885110,46.53
2021-08-12,53054,54003,52019,53918,3985433,46.89
2021-08-13,54090,54090,52623,52796,1610924,46.9
2021-08-17,52796,53054,50208,50467,2756978,46.69
2021-08-18,50811,51847,50811,50812,1734272,46.72
2021-08-19,50898,51243,50035,50036,1440323,46.71
2021-08-20,50294,50380,48741,49087,2336354,46.75
2021-08-23,50208,51070,49517,50553,1579650,46.82
2021-08-24,50639,51415,50466,51071,1287149,46.86
2021-08-25,51329,51933,50466,50726,1521836,46.86
2021-08-26,51502,51847,49863,50122,1892123,46.73
2021-08-27,50294,50553,49517,49690,1271941,46.59
2021-08-30,50380,50639,49776,50294,2117021,46.47
2021-08-31,50380,52709,49949,51416,18186985,45.01
2021-09-01,52019,54176,51847,54004,4494154,45.03
2021-09-02,53572,54003,52968,53141,1968188,45.04
2021-09-03,53054,53400,52278,52710,1548427,44.96
2021-09-06,52623,53658,52019,52796,1595113,44.9
2021-09-07,52451,53054,51674,51847,1637070,44.75
2021-09-08,51674,52796,51674,52020,1926301,44.66
2021-09-09,52105,52968,51933,52020,2836834,44.6
2021-09-10,52364,53400,52192,52969,1353639,44.62
2021-09-13,52537,52882,52019,52192,1000850,44.52
2021-09-14,52451,53054,52192,52365,822679,44.47
2021-09-15,52192,52709,52019,52279,1009208,44.45
2021-09-16,52278,52709,52105,52106,708964,44.43
2021-09-17,52105,52451,51847,51933,1516533,44.31
2021-09-23,51588,53658,51502,53486,1916761,44.35
2021-09-24,53572,53831,53054,53227,1027047,44.32
2021-09-27,53054,55988,53054,55039,2425651,44.37
2021-09-28,54866,55297,54348,54435,1796763,44.4
2021-09-29,53745,55642,53572,55039,2171942,44.43
2021-09-30,55384,56764,55211,55902,3089436,44.48
2021-10-01,55815,56591,55556,56419,1784569,44.57
2021-10-05,55815,56764,54952,55212,2884268,44.54
2021-10-06,55384,55729,54262,54263,1904683,44.57
2021-10-07,54780,55297,54176,54435,1728859,44.55
2021-10-08,54176,54435,52105,52537,2591865,44.51
2021-10-12,52537,53486,51847,51847,2189910,44.45
2021-10-13,52192,52882,51847,52192,1734788,44.49
2021-10-14,52537,52796,51588,52192,2137729,44.45
2021-10-15,52019,52451,51674,51761,2084865,44.36
2021-10-18,51847,51933,50553,51071,2366736,44.24
2021-10-19,51415,52451,51157,51675,1827099,44.2
2021-10-20,51760,51847,50898,51502,2031763,44.16
2021-10-21,51760,52278,51157,51416,2404357,44.09
2021-10-22,51588,54090,51502,53831,3649527,44.15
2021-10-25,54435,54952,52623,53400,7247035,43.91
2021-10-26,0,0,0,53400,0,43.91
2021-10-27,0,0,0,53400,0,43.91
2021-10-28,0,0,0,53400,0,43.91
2021-10-29,0,0,0,53400,0,43.91
2021-11-01,0,0,0,53400,0,43.91
2021-11-02,0,0,0,53400,0,43.91
2021-11-03,0,0,0,53400,0,43.91
2021-11-04,0,0,0,53400,0,43.91
2021-11-05,0,0,0,53400,0,43.91
2021-11-08,0,0,0,53400,0,43.91
2021-11-09,0,0,0,53400,0,43.91
2021-11-10,0,0,0,53400,0,43.91
2021-11-11,0,0,0,53400,0,43.91
2021-11-12,0,0,0,53400,0,43.91
2021-11-15,0,0,0,53400,0,43.91
2021-11-16,0,0,0,53400,0,43.91
2021-11-17,0,0,0,53400,0,43.91
2021-11-18,0,0,0,53400,0,43.91
2021-11-19,0,0,0,53400,0,43.91
2021-11-22,0,0,0,53400,0,43.91
2021-11-23,0,0,0,53400,0,43.91
2021-11-24,0,0,0,53400,0,43.91
2021-11-25,0,0,0,53400,0,43.91
2021-11-26,0,0,0,53400,0,44.14
2021-11-29,53400,59999,50000,57900,11028540,44.09
2021-11-30,57100,57200,54000,54500,4709252,43.8
2021-12-01,54400,55500,52600,54600,2374823,43.68
2021-12-02,53600,55600,53500,55400,1402831,43.63
2021-12-03,56100,57000,55200,56800,1422693,43.66
2021-12-06,56400,56900,55000,55700,1228089,43.52
2021-12-07,55700,56100,55200,55800,1226437,43.49
2021-12-08,55700,56400,55000,55100,1141535,43.42
2021-12-09,55200,55900,54500,55900,1291113,43.44
2021-12-10,55700,56300,55100,55800,709057,43.45
2021-12-13,55800,57200,55600,56000,1006317,43.42
2021-12-14,55600,56200,55300,56200,764960,43.44
2021-12-15,55800,56700,55600,56000,748930,43.44
2021-12-16,57500,58900,56800,58700,1818142,43.67
2021-12-17,58700,61600,58700,60900,1924844,43.9
2021-12-20,61300,62000,60500,61000,829333,43.92
2021-12-21,61500,62500,61200,61800,1199899,44.0
2021-12-22,61800,62800,61700,62600,964673,44.14
2021-12-23,62400,63100,62000,62700,617366,44.19
2021-12-24,62700,63000,61400,61700,812897,44.24
2021-12-27,61700,61800,60500,61300,806214,44.37
2021-12-28,61400,61700,61100,61300,1066752,44.49
2021-12-29,59800,59900,58100,58300,1356361,44.5
2021-12-30,58200,58300,57200,57900,840690,44.56
2022-01-03,57600,57900,56300,57200,754362,44.6
2022-01-04,57000,57200,56300,57200,957080,44.71
2022-01-05,56900,58900,56800,58300,1213826,44.78
2022-01-06,58200,58900,57600,57900,953429,44.88
2022-01-07,57400,57900,56000,56400,921007,44.77
2022-01-10,56000,57100,55500,56500,705212,44.78
2022-01-11,56000,56900,55600,56200,643813,44.8
2022-01-12,56200,56600,55800,56100,899772,44.82
2022-01-13,56100,56500,56000,56300,714315,44.81
2022-01-14,55700,56800,55500,56300,628223,44.86
2022-01-17,56500,56800,55700,55800,464691,44.86
2022-01-18,55900,56900,55600,56200,934247,44.86
2022-01-19,55900,56600,55200,55800,788634,44.79
2022-01-20,56200,56900,55800,56800,675707,44.81
2022-01-21,56300,57400,55800,57300,758372,44.89
2022-01-24,57200,57300,56300,56300,540013,44.85
2022-01-25,55800,56900,55500,56300,739638,44.84
2022-01-26,56500,57500,56000,56600,564628,44.84
2022-01-27,56100,56600,55000,55500,917325,44.88
2022-01-28,56200,56400,55000,56400,1076375,44.94
2022-02-03,56000,57300,55900,56300,1169316,44.93
2022-02-04,56500,56700,56100,56400,775347,44.97
2022-02-07,56300,56500,54800,55400,1054979,44.93
2022-02-08,55900,56400,55500,55900,962219,44.98
2022-02-09,56500,56800,56000,56200,749646,45.0
2022-02-10,56000,56300,55200,55600,1144645,45.05
2022-02-11,55000,55400,54800,54900,827091,44.99
2022-02-14,54900,55100,54400,54700,489020,44.92
2022-02-15,54900,55300,54400,54800,552983,44.97
2022-02-16,55600,55600,54900,55300,452892,45.02
2022-02-17,55500,55900,55100,55500,541061,45.06
2022-02-18,55500,55500,54900,55000,262007,45.05
2022-02-21,54500,55000,54300,54700,300738,45.03
2022-02-22,54400,55000,54200,55000,419739,45.05
2022-02-23,55100,55200,54800,55000,273854,45.05
2022-02-24,54600,54700,53800,54000,618172,45.0
2022-02-25,54100,54400,53700,53900,330995,44.95
2022-02-28,54100,54700,54000,54600,620228,45.0
2022-03-02,54300,55200,54000,54500,694441,45.05
2022-03-03,54600,55100,54600,54900,432559,45.04
2022-03-04,54900,56400,54400,56400,1026361,45.21
2022-03-07,55600,56600,55400,56400,737099,45.32
2022-03-08,56500,57000,55400,56200,688113,45.33
2022-03-10,56700,57000,56300,57000,676237,45.43
2022-03-11,56800,57300,56500,57100,317526,45.48
2022-03-14,57100,59800,57100,59300,856350,45.64
2022-03-15,59800,59800,57600,57800,527352,45.61
2022-03-16,57500,58500,57000,58000,422455,45.64
2022-03-17,58500,59000,57100,57200,678533,45.65
2022-03-18,57200,58100,56700,58100,834171,45.66
2022-03-21,58100,58500,56600,57100,590105,45.58
2022-03-22,56800,57800,56800,57200,408999,45.58
2022-03-23,57800,58500,57600,58100,468144,45.66
2022-03-24,58100,58200,57300,57300,337610,45.62
2022-03-25,57200,57700,56600,57000,468127,45.59
2022-03-28,57100,58200,56800,58000,459120,45.62
2022-03-29,58500,58800,58200,58300,575817,45.64
2022-03-30,57900,58100,56100,56300,930642,45.64
2022-03-31,56400,57000,56200,56900,474771,45.68
2022-04-01,56300,57200,56200,57200,488696,45.76
2022-04-04,57100,58500,56800,58500,609911,45.9
2022-04-05,58000,58100,57400,57700,314559,45.9
2022-04-06,57700,58100,57100,57900,339576,45.92
2022-04-07,57200,58200,57200,58000,550329,46.0
2022-04-08,58500,60500,58300,60500,1380058,46.36
2022-04-11,59900,62600,59500,62500,1200157,46.52
2022-04-12,62000,63100,61100,62500,1035731,46.55
2022-04-13,62900,63100,61500,61500,634856,46.62
2022-04-14,61300,61300,59400,60500,1160788,46.78
2022-04-15,60000,60200,58500,59500,1083415,46.96
2022-04-18,59100,60100,58800,59800,369109,47.04
2022-04-19,60000,60700,59900,60400,396501,47.08
2022-04-20,60500,61900,60300,61300,784374,47.29
2022-04-21,61800,62000,61300,62000,614446,47.43
2022-04-22,61300,61900,61100,61600,500407,47.52
2022-04-25,60800,60900,59500,59600,456090,47.46
2022-04-26,59700,59800,58500,59000,808373,47.54
2022-04-27,58100,58300,55800,56800,1696978,47.54
2022-04-28,56900,56900,55100,56700,1247497,47.48
2022-04-29,56800,57300,56700,57000,640368,47.53
2022-05-02,56800,57200,56300,57000,303132,47.54
2022-05-03,56900,57800,56700,57800,438613,47.63
2022-05-04,57800,58500,57700,58200,431757,47.7
2022-05-06,57900,58800,57800,57800,662434,47.77
2022-05-09,57800,58300,57400,58100,897537,48.05
2022-05-10,58000,59100,57000,59100,580566,48.12
2022-05-11,58700,59600,58200,59600,569018,48.19
2022-05-12,59700,59800,58900,59800,841386,48.27
2022-05-13,60000,61900,59400,61000,1186612,48.42
2022-05-16,61200,61200,59100,59100,439917,48.42
2022-05-17,59400,60700,59100,60500,841696,48.59
2022-05-18,60800,61000,58700,58800,811550,48.67
2022-05-19,58600,58700,57500,57800,942599,48.73
2022-05-20,58400,59400,57700,58200,883914,48.78
2022-05-23,58200,58400,57000,57300,684768,48.7
2022-05-24,57100,57600,56500,56500,687355,48.64
2022-05-25,56700,57100,56400,56400,615717,48.54
2022-05-26,56400,57100,56300,57000,603554,48.57
2022-05-27,57500,57600,56800,57200,508199,48.6
2022-05-30,57600,58100,57000,57100,504675,48.63
2022-05-31,57300,57500,56400,57100,1662498,48.51
2022-06-02,56800,57000,56100,56200,879165,48.39
2022-06-03,56400,56800,56300,56600,402600,48.38
2022-06-07,56400,56600,56100,56200,607284,48.36
2022-06-08,56300,56600,55800,56100,550800,48.33
2022-06-09,56100,56300,55600,55600,853254,48.19
2022-06-10,55600,55800,55100,55800,550827,48.15
2022-06-13,55100,55500,54600,54700,751182,48.01
2022-06-14,54000,54500,53400,53700,1152816,47.89
2022-06-15,53700,53700,51800,51800,1224677,47.76
2022-06-16,52400,52600,50300,50900,1228880,47.62
2022-06-17,50100,52800,49800,51900,1774906,47.49
2022-06-20,52900,53200,51700,52700,750661,47.42
2022-06-21,53300,53400,52600,52600,577656,47.41
2022-06-22,52700,52700,51500,52000,712022,47.37
2022-06-23,52200,53900,52200,53600,807107,47.35
2022-06-24,53800,54800,53100,54400,601985,47.34
2022-06-27,54800,54800,54100,54100,542176,47.35
2022-06-28,54500,54900,54200,54500,523385,47.4
2022-06-29,53500,53700,52800,53000,1475395,47.36
2022-06-30,53000,53000,52000,52000,556198,47.36
2022-07-01,53100,53500,52200,52800,672843,47.36
2022-07-04,52900,53700,52500,53600,603687,47.36
2022-07-05,53800,54500,53700,54200,507256,47.4
2022-07-06,53600,54400,53100,53800,751897,47.51
2022-07-07,54500,54500,53000,53800,638760,47.54
2022-07-08,54700,54700,53600,54000,608044,47.61
2022-07-11,54100,55000,54000,55000,814554,47.72
2022-07-12,55300,55300,54400,55000,574690,47.75
2022-07-13,55500,56200,55200,55800,731117,47.88
2022-07-14,55400,55400,54400,54900,661139,47.96
2022-07-15,54500,54500,53300,53500,548299,48.02
2022-07-18,54500,55200,54200,54700,675910,48.2
2022-07-19,54900,55000,53700,54000,421152,48.26
2022-07-20,54200,54500,53000,53300,665948,48.28
2022-07-21,53100,53500,52100,52100,736881,48.21
2022-07-22,52100,52100,51500,51800,406284,48.2
2022-07-25,51800,52400,51600,51600,406888,48.13
2022-07-26,51700,52600,51700,52400,326632,48.18
2022-07-27,52600,52900,52300,52600,341730,48.19
2022-07-28,52600,53200,52600,52800,295367,48.21
2022-07-29,53200,53700,52900,53600,442811,48.22
2022-08-01,53000,53900,52800,53600,238404,48.23
2022-08-02,53400,53900,52700,52800,298645,48.21
2022-08-03,52800,53300,52600,53100,314660,48.22
2022-08-04,53500,53500,52700,53200,336241,48.2
2022-08-05,53300,53600,53000,53000,335652,48.19
2022-08-08,53100,53200,52600,52900,380054,48.17
2022-08-09,53000,53400,52700,52900,328873,48.18
2022-08-10,53400,54000,52200,52200,611619,48.14
2022-08-11,53200,53300,52200,52600,640872,48.1
2022-08-12,52300,52500,51600,51900,965741,47.97
2022-08-16,52000,52100,51700,51900,729414,47.87
2022-08-17,51900,52200,51300,51300,1231874,47.66
2022-08-18,51400,51700,51000,51200,716230,47.55
2022-08-19,51200,51300,50700,51000,730657,47.44
2022-08-22,51000,51500,50700,51400,558645,47.38
2022-08-23,51200,51800,51100,51100,869452,47.34
2022-08-24,51300,51600,51100,51200,822040,47.31
2022-08-25,51200,52400,51200,52300,948339,47.33
2022-08-26,51900,52300,51200,51300,912770,47.17
2022-08-29,50800,51600,50700,51300,648428,47.07
2022-08-30,51300,52300,51000,52000,701851,47.04
2022-08-31,51700,52900,51600,52100,4088039,46.64
2022-09-01,51800,52800,51800,52400,977398,46.66
2022-09-02,52700,53000,52200,52600,705763,46.7
2022-09-05,52400,52900,51900,52100,472882,46.69
2022-09-06,51700,52100,51100,51300,733924,46.56
2022-09-07,51100,52200,51000,52000,810338,46.64
2022-09-08,52200,53000,51600,51900,618831,46.59
2022-09-13,51500,52100,51400,51800,931520,46.5
2022-09-14,51400,51500,51000,51000,705363,46.37
2022-09-15,50900,51500,50500,51200,905326,46.31
2022-09-16,50900,52400,50700,52400,1729473,46.44
2022-09-19,52200,52200,51300,51400,571658,46.41
2022-09-20,51900,52200,51400,51800,533272,46.39
2022-09-21,51700,51900,51400,51700,579223,46.4
2022-09-22,51500,51900,51300,51400,495647,46.4
2022-09-23,51700,52800,51500,52700,905884,46.55
2022-09-26,52100,53700,52000,53500,1606954,46.77
2022-09-27,53400,53400,52100,52500,1009684,46.66
2022-09-28,52000,52000,50900,51300,868309,46.52
2022-09-29,51200,51300,50000,50000,1114294,46.42
2022-09-30,50500,51600,50300,50800,852407,46.54
2022-10-04,50400,51500,50100,50900,981441,46.61
2022-10-05,51000,51500,50700,50900,639784,46.72
2022-10-06,50900,51200,50500,50500,549824,46.69
2022-10-07,50300,50800,50000,50200,1002982,46.64
2022-10-11,50000,50200,48700,48700,677393,46.53
2022-10-12,48450,49350,48300,48750,553187,46.54
2022-10-13,48700,49400,48550,48550,414185,46.57
2022-10-14,48850,50000,48750,49700,390804,46.61
2022-10-17,49250,49250,48800,49000,269878,46.54
2022-10-18,49650,50500,49500,50200,460424,46.57
2022-10-19,50200,50500,49100,49100,564009,46.48
2022-10-20,49100,50700,48900,49550,625867,46.53
2022-10-21,49550,50000,49400,49600,316702,46.51
2022-10-24,49850,50100,49050,49450,490196,46.45
2022-10-25,49650,49800,49250,49550,289563,46.46
2022-10-26,49350,49450,49000,49200,364950,46.44
2022-10-27,49500,50500,49450,50400,439131,46.48
2022-10-28,50300,50700,49950,50200,347008,46.46
2022-10-31,50200,50700,49900,50100,346469,46.42
2022-11-01,50500,50900,50000,50200,358607,46.41
2022-11-02,50000,50500,49800,50300,396918,46.42
2022-11-03,50100,50800,49700,50400,382872,46.5
2022-11-04,50100,50800,50000,50600,251361,46.51
2022-11-07,50000,50700,49900,50400,528350,46.49
2022-11-08,50600,50700,50100,50500,561071,46.49
2022-11-09,50700,51300,50600,51200,640440,46.53
2022-11-10,51200,51400,50400,50400,530461,46.51
2022-11-11,51200,51500,50400,50500,1059219,46.43
2022-11-14,50700,50900,50000,50100,564041,46.34
2022-11-15,50300,50400,50100,50100,376413,46.27
2022-11-16,50300,50400,49550,49550,831583,46.09
2022-11-17,49850,50100,49600,49850,395794,46.06
2022-11-18,50000,50100,49550,49550,560271,46.01
2022-11-21,49650,50100,49150,49750,448831,45.97
2022-11-22,49900,50100,49600,49750,326276,45.97
2022-11-23,49900,50400,49750,50000,318044,45.99
2022-11-24,50400,50500,50000,50000,467563,46.04
2022-11-25,50300,50400,49950,50000,211314,46.03
2022-11-28,50000,50000,49600,49900,238106,46.04
2022-11-29,50100,50100,49700,49800,209709,46.02
2022-11-30,49800,50300,49450,50000,999918,46.03
2022-12-01,50200,50700,50000,50500,569478,46.05
2022-12-02,50200,50600,50100,50300,404398,46.06
2022-12-05,50700,51300,50300,50400,709060,46.09
2022-12-06,50500,51200,50300,50400,596249,46.11
2022-12-07,50400,50700,50100,50200,315144,46.09
2022-12-08,50300,50500,49950,50200,825828,46.05
2022-12-09,50200,50400,49900,50000,381360,46.0
2022-12-12,50200,50200,49850,49900,302592,45.98
2022-12-13,49900,50100,49750,49850,347723,45.92
2022-12-14,49600,49900,49600,49800,450420,45.85
2022-12-15,49700,49750,49300,49300,467911,45.75
2022-12-16,49050,49250,48750,48800,1014486,45.66
2022-12-19,48750,49150,48750,48750,489827,45.62
2022-12-20,48550,48750,48400,48500,473847,45.57
2022-12-21,48500,48850,48400,48600,448287,45.54
2022-12-22,48550,48900,48500,48750,425463,45.53
2022-12-23,48750,49050,48650,49000,379640,45.56
2022-12-26,49100,49350,48900,49250,376502,45.58
2022-12-27,49350,49450,49200,49300,607088,45.59
2022-12-28,48500,48600,48200,48200,442996,45.6
2022-12-29,48150,48200,47400,47400,407839,45.6
2023-01-02,47400,47650,47100,47250,424613,45.67
2023-01-03,47350,47350,46500,46950,503514,45.7
2023-01-04,47050,47650,46750,47350,351019,45.71
2023-01-05,47350,47550,46600,47100,877153,45.67
2023-01-06,46900,47800,46900,47600,415726,45.71
2023-01-09,47900,47950,47350,47500,834684,45.71
2023-01-10,47550,47550,46850,46900,1071664,45.58
2023-01-11,47050,47050,46400,46500,1201973,45.46
2023-01-12,46400,46450,45900,45900,1337358,45.33
2023-01-13,45950,46200,45700,45900,939124,45.22
2023-01-16,46150,46800,46050,46600,915073,45.29
2023-01-17,46800,46900,46350,46850,644054,45.35
2023-01-18,47100,47450,47050,47250,668135,45.44
2023-01-19,47000,47450,46750,47450,437546,45.48
2023-01-20,47300,47500,46800,46900,505588,45.4
2023-01-25,47350,47450,46100,46100,1175150,45.16
2023-01-26,46200,46500,46100,46350,1155781,45.03
2023-01-27,46400,47950,46250,47850,1199403,45.24
2023-01-30,47850,48050,47050,47050,792045,45.21
2023-01-31,46700,47400,46600,46600,757930,45.14
2023-02-01,46650,47150,46100,46150,1293853,44.92
2023-02-02,46300,46600,46150,46300,811402,44.86
2023-02-03,46350,46600,46050,46350,708779,44.81
2023-02-06,46350,46500,46150,46250,1058025,44.77
2023-02-07,46400,46750,46300,46700,988691,44.8
2023-02-08,46750,46800,46350,46700,1022527,44.76
2023-02-09,46800,47200,46400,46700,3569972,44.55
2023-02-10,46550,47000,46300,47000,1781358,44.48
2023-02-13,47050,47950,47000,47700,1383191,44.49
2023-02-14,47900,48050,47650,47700,747841,44.41
2023-02-15,47700,47850,46400,46600,1063313,44.34
2023-02-16,46200,46400,44500,44600,3805017,43.38
2023-02-17,44500,44750,43850,44400,1943343,43.14
2023-02-20,44800,45200,44600,44700,986458,43.08
2023-02-21,44900,45050,44700,45050,628404,43.08
2023-02-22,44800,45250,44700,45100,874266,43.14
2023-02-23,45150,45450,44750,44900,849211,43.03
2023-02-24,45000,45450,44800,45100,1079776,43.0
2023-02-27,45000,45100,44500,44950,626165,42.95
2023-02-28,44950,45600,44800,45150,705873,42.88
2023-03-02,45000,45300,44800,45050,1107445,42.78
2023-03-03,45100,45600,45100,45600,547096,42.79
2023-03-06,45550,46450,45400,46250,704072,42.8
2023-03-07,46250,47550,46250,47450,1306401,42.92
2023-03-08,47150,47300,46600,46700,918053,42.99
2023-03-09,46800,47600,46250,47500,1082047,42.95
2023-03-10,46900,47150,46400,46600,487796,42.92
2023-03-13,46500,46900,45850,46500,410447,42.92
2023-03-14,46150,47250,46100,46950,847383,43.04
2023-03-15,46950,47600,46650,47600,487556,43.08
2023-03-16,47000,47200,46800,47200,519098,43.11
2023-03-17,47400,47450,46850,46850,967455,43.12
2023-03-20,46900,47850,46900,47650,580464,43.21
2023-03-21,47800,48800,47800,48800,1063480,43.46
2023-03-22,48500,48800,48350,48600,504173,43.51
2023-03-23,48500,48550,47500,47800,1012990,43.46
2023-03-24,47850,48500,47850,48350,728029,43.58
2023-03-27,48750,48750,47900,48400,529653,43.55
2023-03-28,48250,48600,48000,48500,533028,43.55
2023-03-29,48500,48950,48400,48850,811807,43.62
2023-03-30,48200,48250,47500,47800,819479,43.64
2023-03-31,47550,48300,47200,48300,680012,43.69
2023-04-03,47750,47800,47400,47550,515414,43.71
2023-04-04,47200,47700,47000,47700,326679,43.73
2023-04-05,47950,48300,47800,47950,439605,43.8
2023-04-06,48050,48150,47700,47850,472490,43.86
2023-04-07,47800,47850,47500,47600,269327,43.86
2023-04-10,47300,47650,47100,47650,527445,43.92
2023-04-11,47350,47750,47250,47750,684850,43.95
2023-04-12,47800,47900,47550,47800,362947,44.01
2023-04-13,47750,48250,47550,48250,482468,44.05
2023-04-14,48100,48700,48100,48300,563890,44.08
2023-04-17,48300,48300,47800,48150,300242,44.09
2023-04-18,48050,48750,47800,48750,422167,44.18
2023-04-19,48750,48950,48450,48550,275693,44.2
2023-04-20,48600,48650,48050,48550,304296,44.22
2023-04-21,48400,48600,48000,48600,324325,44.22
2023-04-24,48300,48300,47650,47700,406245,44.18
2023-04-25,47800,48200,47500,47750,646228,44.23
2023-04-26,47700,47850,47400,47500,388733,44.22
2023-04-27,47500,47700,47200,47350,350066,44.25
2023-04-28,47350,47850,47250,47700,457308,44.26
2023-05-02,47350,48150,47200,48150,391046,44.3
2023-05-03,48050,48050,47600,47900,176785,44.31
2023-05-04,47650,48350,47600,48100,348023,44.35
2023-05-08,48400,48800,48150,48550,394160,44.39
2023-05-09,48300,48950,48250,48600,1035917,44.18
2023-05-10,48550,49850,48550,49750,861039,44.29
2023-05-11,50000,50500,49850,50500,802826,44.35
2023-05-12,50500,50800,50100,50300,526360,44.4
2023-05-15,50000,50600,49750,50400,426232,44.41
2023-05-16,49950,50300,49500,49600,511892,44.4
2023-05-17,49250,49800,49050,49200,452808,44.37
2023-05-18,49200,49850,49200,49800,408429,44.39
2023-05-19,50100,50200,49800,49900,430958,44.38
2023-05-22,49900,50300,49500,49550,370749,44.35
2023-05-23,49700,50000,49650,49900,306664,44.33
2023-05-24,49900,50200,49750,49900,368733,44.32
2023-05-25,49650,49800,49350,49600,265287,44.31
2023-05-26,49400,49850,49300,49600,227529,44.33
2023-05-30,49650,50000,49500,50000,290778,44.3
2023-05-31,49950,50300,49700,49700,567700,44.27
2023-06-01,49900,50100,49200,49250,367807,44.23
2023-06-02,49300,49450,49000,49050,348060,44.19
2023-06-05,49250,49600,49200,49450,371585,44.18
2023-06-07,49800,50100,49550,49600,393409,44.18
2023-06-08,49600,49950,49500,49500,747598,44.12
2023-06-09,49500,49600,48900,49150,803696,44.0
2023-06-12,49200,49500,48900,49150,443763,43.94
2023-06-13,49150,49150,48800,48850,439245,43.87
2023-06-14,48850,48850,48500,48500,563295,43.83
2023-06-15,48500,48550,48100,48100,670554,43.78
2023-06-16,48200,48300,47200,47200,2107920,43.49
2023-06-19,47100,47200,46800,47050,745762,43.35
2023-06-20,47050,47400,47000,47000,484721,43.23
2023-06-21,47050,47200,46750,47000,431309,43.16
2023-06-22,47100,47650,47000,47350,391185,43.12
2023-06-23,47350,47650,47100,47400,437111,43.07
2023-06-26,47400,47600,47250,47350,404769,42.98
2023-06-27,47150,47700,47150,47600,522486,42.9
2023-06-28,47700,47900,47500,47650,567443,42.89
2023-06-29,47100,47200,46250,46250,884488,42.72
2023-06-30,46250,46800,46250,46600,631564,42.67
2023-07-03,46200,46750,46200,46350,546022,42.59
2023-07-04,46200,46350,45800,45800,628691,42.51
2023-07-05,45650,45800,45050,45050,782726,42.39
2023-07-06,45000,45050,44100,44200,1496474,42.12
2023-07-07,44000,44100,43500,43550,999032,41.97
2023-07-10,43500,44600,43300,44300,802886,41.91
2023-07-11,44600,45400,44350,45250,635115,41.87
2023-07-12,45450,46150,45400,45900,519295,41.9
2023-07-13,45900,46300,45800,45900,495810,41.92
2023-07-14,45950,46450,45900,46050,480032,41.85
2023-07-17,45800,46200,45450,45550,424937,41.84
2023-07-18,45650,45700,45300,45400,356802,41.81
2023-07-19,45500,45650,44850,45000,439601,41.78
2023-07-20,45000,45750,44800,45150,366924,41.78
2023-07-21,45150,45800,45100,45500,291369,41.8
2023-07-24,45550,45700,44750,45350,526189,41.81
2023-07-25,45200,45350,44750,44800,441257,41.73
2023-07-26,44700,45100,44050,44900,936447,41.6
2023-07-27,45650,46500,45050,46300,896246,41.61
2023-07-28,46150,46250,45400,45800,596003,41.59
2023-07-31,46000,46400,45750,46100,609418,41.63
2023-08-01,46000,46800,45550,46600,721893,41.58
2023-08-02,46500,46800,46100,46400,518938,41.53
2023-08-03,46400,46750,46150,46150,402425,41.51
2023-08-04,46000,46650,45950,46400,316415,41.51
2023-08-07,46250,47150,46150,46800,605621,41.53
2023-08-08,47100,47500,46500,46500,675171,41.51
2023-08-09,46700,47150,46350,46500,604035,41.45
2023-08-10,46350,46750,46350,46550,453640,41.41
2023-08-11,46600,46950,46400,46750,524738,41.37
2023-08-14,46800,47400,46800,47200,536344,41.4
2023-08-16,47350,47550,46900,47300,641995,41.35
2023-08-17,47300,47550,47050,47300,569348,41.36
2023-08-18,47250,47500,47050,47250,342642,41.32
2023-08-21,47350,47450,47150,47250,369828,41.29
2023-08-22,47300,47650,47100,47150,399625,41.26
2023-08-23,46950,47400,46800,47200,367919,41.23
2023-08-24,47200,47250,47000,47100,332018,41.19
2023-08-25,47000,47300,46950,47150,388201,41.17
2023-08-28,47400,47500,47200,47350,426577,41.11
2023-08-29,47500,47700,47350,47600,373121,41.08
2023-08-30,47850,48350,47750,48300,547733,41.1
2023-08-31,48350,48450,47800,48050,450691,41.04
2023-09-01,48050,48600,47900,47900,493597,41.04
2023-09-04,47850,48100,47300,47700,549487,40.98
2023-09-05,47500,48150,47450,48000,298855,40.99
2023-09-06,47850,48000,47650,47700,242582,40.97
2023-09-07,47550,48200,47500,48100,310546,40.97
2023-09-08,47950,48850,47650,48750,552319,41.01
2023-09-11,48400,49000,48200,48800,445423,41.04
2023-09-12,49000,49100,48500,48950,511524,41.06
2023-09-13,48850,49850,48800,49700,758780,41.14
2023-09-14,49750,50200,49500,50200,746683,41.14
2023-09-15,50300,50500,49800,50400,786173,41.16
2023-09-18,50000,50800,50000,50700,668245,41.19
2023-09-19,50800,50900,50100,50600,715205,41.23
2023-09-20,50600,50800,50100,50700,734557,41.28
2023-09-21,50300,51000,50300,50700,1044834,41.29
2023-09-22,50200,51300,49800,51100,1351955,41.23
2023-09-25,51300,51400,50800,51000,920411,41.3
2023-09-26,50200,51800,49900,51500,964467,41.37
2023-09-27,51100,52200,50500,52000,915823,41.48
2023-10-04,51400,51800,49450,49700,1824321,41.42
2023-10-05,49550,49600,47600,47700,1599102,41.31
2023-10-06,47700,48550,47700,48350,442598,41.26
2023-10-10,48950,50400,48850,49400,732837,41.33
2023-10-11,49350,49600,48800,48900,598443,41.29
2023-10-12,48850,49200,48600,49100,702805,41.36
2023-10-13,48650,49400,48450,49150,410301,41.42
2023-10-16,48850,49900,48800,49500,589968,41.45
2023-10-17,49850,50200,49350,50000,437300,41.45
2023-10-18,49950,50300,49850,50100,431596,41.46
2023-10-19,49850,50300,49550,50300,410610,41.46
2023-10-20,50100,50200,49750,49900,447873,41.42
2023-10-23,50000,50000,49400,49500,362243,41.41
2023-10-24,49750,50100,49350,49750,348191,41.42
2023-10-25,49850,50000,49700,49700,266126,41.43
2023-10-26,49500,49750,49100,49250,536053,41.35
2023-10-27,49700,49750,49250,49500,292193,41.32
2023-10-30,49600,49850,49400,49450,503736,41.32
2023-10-31,49800,49800,49000,49150,589992,41.27
2023-11-01,49150,49500,48850,49200,392201,41.23
2023-11-02,49400,49650,49150,49350,520130,41.26
2023-11-03,49700,50100,49150,49800,339393,41.26
2023-11-06,49550,49800,48900,49800,940508,41.2
2023-11-07,49350,49550,49200,49250,396697,41.17
2023-11-08,49400,49450,48350,48400,770691,41.0
2023-11-09,48550,49650,48550,49650,535546,41.05
2023-11-10,49550,50000,49400,49900,427974,41.09
2023-11-13,49950,50400,49700,50200,417731,41.12
2023-11-14,50600,51300,50100,51300,769125,41.23
2023-11-15,51700,51800,51000,51300,954723,41.22
2023-11-16,51500,51900,51100,51100,564636,41.24
2023-11-17,51300,51900,51300,51900,684075,41.3
2023-11-20,51900,52400,51800,52000,511184,41.36
2023-11-21,52000,52300,50800,52100,754456,41.42
2023-11-22,51400,52200,51400,52000,416890,41.44
2023-11-23,51600,52300,51600,52000,530676,41.48
2023-11-24,51900,51900,51600,51800,569869,41.5
2023-11-27,51900,52300,51600,52200,563515,41.58
2023-11-28,52200,52500,51900,52300,693039,41.62
2023-11-29,52000,52600,51600,51900,805971,41.66
2023-11-30,51700,52200,50600,52200,6744768,41.85
2023-12-01,51600,51700,50500,50600,847745,41.78
2023-12-04,50800,51000,50200,50600,517886,41.77
2023-12-05,50700,50900,50100,50300,566152,41.75
2023-12-06,50200,51100,50200,51100,536158,41.76
2023-12-07,50600,50700,49800,50200,750348,41.6
2023-12-08,50300,50400,49800,49900,555307,41.6
2023-12-11,50000,50400,49750,50000,552406,41.39
2023-12-12,50100,50200,49750,49950,775732,41.33
2023-12-13,49700,49950,49500,49900,678320,41.24
2023-12-14,50000,50600,49650,50600,1262024,41.11
2023-12-15,50100,50400,49900,50400,650161,41.13
2023-12-18,50400,50400,49950,50000,464358,41.17
2023-12-19,49950,50000,49550,49900,458499,41.13
2023-12-20,49750,50000,49750,50000,623703,41.05
2023-12-21,49800,50100,49700,50100,396233,41.1
2023-12-22,50000,50000,49800,49950,493292,41.08
2023-12-26,49950,50300,49900,50000,899507,41.05
2023-12-27,49250,49350,49100,49250,622249,41.03
2023-12-28,49250,50300,49200,50100,726473,41.04
2024-01-02,49600,50000,49350,49950,446054,41.1
2024-01-03,49600,49900,49250,49350,426315,41.12
2024-01-04,49300,49600,49300,49450,284608,41.17
2024-01-05,49450,49500,49100,49350,241598,41.18
2024-01-08,49400,49400,48800,48900,377337,41.15
2024-01-09,49200,49250,48850,49250,334751,41.19
2024-01-10,49200,49200,48950,49000,369228,41.16
2024-01-11,49300,49500,49000,49150,489791,41.2
2024-01-12,49200,49400,49050,49400,293061,41.19
2024-01-15,49400,49500,49150,49350,193725,41.18
2024-01-16,49150,49350,49050,49100,188806,41.18
2024-01-17,49350,49800,49300,49400,456078,41.26
2024-01-18,49500,49550,49300,49400,321019,41.3
2024-01-19,49250,49500,49000,49450,368329,41.33
2024-01-22,49500,50000,49450,49450,411009,41.38
2024-01-23,49850,49850,49050,49100,420668,41.33
2024-01-24,49100,49400,49050,49200,317518,41.38
2024-01-25,49200,49450,49050,49400,262668,41.43
2024-01-26,49150,49750,49150,49600,272162,41.47
2024-01-29,49600,49900,49450,49600,343201,41.49
2024-01-30,49600,50000,49550,50000,304804,41.52
2024-01-31,49950,50400,49950,50200,487063,41.57
2024-02-01,50200,50800,50200,50800,795709,41.68
2024-02-02,50500,50900,49950,50300,879282,41.66
2024-02-05,50400,50800,49900,50400,745876,41.65
2024-02-06,50700,50800,50200,50500,678788,41.64
2024-02-07,50500,51500,50500,51300,799715,41.75
2024-02-08,51500,51500,50800,50800,617304,41.74
2024-02-13,51000,51900,51000,51900,1031204,41.83
2024-02-14,51400,52000,51300,51500,500110,41.88
2024-02-15,52000,52000,51400,51700,298605,41.9
2024-02-16,52200,52200,51600,52100,439857,41.94
2024-02-19,52100,53000,52000,52900,684781,42.02
2024-02-20,53100,53700,52900,53700,860757,42.09
2024-02-21,53600,53600,52600,53100,629508,42.9
2024-02-22,53100,53300,52000,52700,593125,42.9
2024-02-23,52800,53000,52200,52800,414128,42.9
2024-02-26,52700,52900,52200,52900,399359,42.89
2024-02-27,53000,53000,52100,52300,396312,42.88
2024-02-28,52200,52600,52100,52500,394453,42.91
2024-02-29,52500,53100,52200,52700,721521,42.98
2024-03-04,52600,53100,52000,52000,517787,42.91
2024-03-05,51900,52300,51600,52100,381089,42.89
2024-03-06,52000,52600,52000,52200,409942,42.9
2024-03-07,52400,52400,52000,52100,417327,42.86
2024-03-08,52700,52900,52100,52500,554403,42.91
2024-03-11,52500,52600,52200,52200,294717,42.88
2024-03-12,52600,52600,52100,52600,428256,42.89
2024-03-13,52800,53300,52600,53100,479441,42.93
2024-03-14,53400,55200,53200,54000,1174756,43.05
2024-03-15,54000,54200,53000,53100,520565,43.0
2024-03-18,53500,53500,52500,53200,457490,42.9
2024-03-19,52900,53600,52700,53200,471419,42.9
2024-03-20,53400,53600,53000,53000,309632,42.83
2024-03-21,53200,53500,53000,53200,460178,42.77
2024-03-22,53200,53400,53100,53200,373675,42.7
2024-03-25,53200,53500,53200,53300,271654,42.67
2024-03-26,53500,54400,53200,54100,501932,42.69
2024-03-27,53600,54400,53500,54100,424671,42.69
2024-03-28,53500,54100,53300,53300,471097,42.67
2024-03-29,53300,53300,52500,52500,382896,42.63
2024-04-01,52500,52600,51900,52200,283194,42.61
2024-04-02,51700,52200,51400,51500,490476,42.55
2024-04-03,51300,51500,50900,51000,474538,42.52
2024-04-04,51500,52400,51400,52300,457435,42.55
2024-04-05,51500,52300,51200,51700,385697,42.53
2024-04-08,51500,52200,51300,51900,383919,42.52
2024-04-09,52100,52200,51600,51800,284298,42.47
2024-04-11,50900,51400,50900,51200,641867,42.38
2024-04-12,50900,51200,50200,50500,584064,42.31
2024-04-15,50500,50800,50100,50700,322663,42.32
2024-04-16,50300,50900,50200,50700,377635,42.3
2024-04-17,50800,50900,50300,50300,260423,42.26
2024-04-18,50500,50900,50400,50700,259449,42.26
2024-04-19,50300,50700,50000,50100,515479,42.23
2024-04-22,50600,51100,50400,51000,431700,42.17
2024-04-23,51100,51200,50700,50900,284214,42.14
2024-04-24,51300,51300,51000,51100,254099,42.12
2024-04-25,50800,51500,50800,51000,333001,42.11
2024-04-26,51200,51500,51000,51300,258398,42.09
2024-04-29,51300,51500,51100,51200,435081,42.06
2024-04-30,51200,51500,51000,51300,475962,42.02
2024-05-02,51000,51400,50300,51000,309494,41.99
2024-05-03,51000,51100,50700,50800,325457,41.92
2024-05-07,51100,51500,51000,51300,470079,41.89
2024-05-08,51400,51500,51100,51300,307570,41.87
2024-05-09,51400,51800,51300,51800,575327,41.9
2024-05-10,52100,52800,51900,52400,443963,41.92
2024-05-13,52500,52900,52100,52600,313968,41.9
2024-05-14,52600,52800,52500,52800,250879,41.93
2024-05-16,52900,52900,51900,52000,918037,41.87
2024-05-17,51800,52200,51700,51800,301907,41.83
2024-05-20,51900,52500,51700,52000,339945,41.81
2024-05-21,52000,52100,51500,51900,303856,41.79
2024-05-22,52000,52300,51700,52200,313496,41.81
2024-05-23,52000,52200,51900,51900,278104,41.8
2024-05-24,51800,51900,51300,51800,293308,41.82
2024-05-27,51800,52100,51500,52000,284856,41.79
2024-05-28,51700,51900,51500,51600,298101,41.74
2024-05-29,51200,51800,51200,51800,375020,41.75
2024-05-30,51300,52300,51300,51700,495056,41.75
2024-05-31,52200,52300,51000,51000,1284378,41.63
2024-06-03,51400,51800,51200,51500,444118,41.64
2024-06-04,51100,51300,51000,51100,512427,41.6
2024-06-05,51500,51700,51100,51500,526779,41.64
2024-06-07,51600,52000,51500,51900,456623,41.65
2024-06-10,51500,51700,51300,51400,419669,41.58
2024-06-11,51400,51400,51000,51100,554710,41.47
2024-06-12,51000,51400,50900,51300,374966,41.45
2024-06-13,51600,51700,51100,51100,752600,41.44
2024-06-14,51000,51200,50900,50900,659465,41.34
2024-06-17,50800,51100,50700,51000,522604,41.29
2024-06-18,51000,51500,50800,51500,621638,41.3
2024-06-19,51400,51500,51100,51200,410447,41.24
2024-06-20,51200,51300,51100,51200,344789,41.22
2024-06-21,51300,52200,51100,52200,724315,41.38
2024-06-24,51800,52400,51700,52400,371485,41.39
2024-06-25,52400,52400,51900,52300,362479,41.38
2024-06-26,52000,52100,51800,52000,501576,41.37
2024-06-27,51200,51400,50900,51400,506768,41.36
2024-06-28,51500,51500,51000,51500,486619,41.36
2024-07-01,51200,51500,51100,51500,320898,41.35
2024-07-02,51200,51700,51100,51700,362880,41.38
2024-07-03,51700,51700,51200,51200,353040,41.34
2024-07-04,51200,51500,51200,51500,311132,41.29
2024-07-05,51500,51800,51300,51600,333496,41.27
2024-07-08,51500,51600,51300,51400,214401,41.27
2024-07-09,51400,51500,51200,51300,253292,41.25
2024-07-10,51200,51400,51200,51200,321727,41.27
2024-07-11,51600,52300,51300,52300,825544,41.45
2024-07-12,52300,52400,51800,52300,540656,41.49
2024-07-15,52100,52300,51900,52300,287799,41.52
2024-07-16,52200,52900,52000,52800,670318,41.57
2024-07-17,53000,53400,52400,52900,647981,41.59
2024-07-18,53000,54000,52500,53900,1055163,41.58
2024-07-19,53600,53900,53000,53900,436959,41.61
2024-07-22,53800,53900,53100,53800,419813,41.61
2024-07-23,53400,53800,53400,53400,266708,41.64
2024-07-24,53200,53700,52900,53500,298013,41.64
2024-07-25,53800,54700,53700,54100,1018590,41.77
2024-07-26,54400,54500,53900,54200,427643,41.79
2024-07-29,54200,54400,54000,54200,289528,41.79
2024-07-30,53300,54900,53300,54600,482511,41.86
2024-07-31,54800,54900,53600,54100,678732,41.82
2024-08-01,53800,54400,53700,53700,331608,41.88
2024-08-02,53700,55000,53700,54200,810806,41.95
2024-08-05,54100,54200,51000,51900,1156229,41.99
2024-08-06,52900,53400,51800,51800,872052,41.95
2024-08-07,52500,54900,52400,54800,1332415,42.23
2024-08-08,54800,56400,54300,54400,837535,42.28
2024-08-09,54400,55200,54000,54900,517655,42.33
2024-08-12,55000,55300,53900,54300,375288,42.34
2024-08-13,54300,54900,54100,54700,355119,42.36
2024-08-14,54800,55000,54300,55000,414406,42.44
2024-08-16,55100,55300,54500,54500,348625,42.41
2024-08-19,54800,55200,54700,55100,347178,42.48
2024-08-20,54800,55400,54800,54900,495123,42.46
2024-08-21,55100,55400,54900,55200,260321,42.46
2024-08-22,55200,55300,55000,55300,226614,42.44
2024-08-23,55500,56500,55400,56100,725559,42.5
2024-08-26,56000,56200,55600,56000,320875,42.44
2024-08-27,56200,56200,55700,56100,399600,42.43
2024-08-28,56000,56300,55300,55800,523484,42.39
2024-08-29,55300,55500,54800,55200,443953,42.34
2024-08-30,55200,55500,55000,55200,473529,42.32
2024-09-02,55400,55400,54700,55200,283009,42.32
2024-09-03,55200,56500,55100,56500,474257,42.36
2024-09-04,57300,57400,55600,56600,980856,42.35
2024-09-05,56900,57500,56600,57200,859271,42.29
2024-09-06,57400,58800,57200,57800,1322629,42.35
2024-09-09,57200,57800,56100,56500,718314,42.32
2024-09-10,56800,57400,56200,56700,297034,42.33
2024-09-11,57200,58700,57100,57700,580552,42.39
2024-09-12,57400,58300,57300,58300,752045,42.47
2024-09-13,58200,58300,57800,58300,324760,42.44
2024-09-19,57900,59000,57900,58400,776467,42.46
2024-09-20,58400,58500,57100,57500,726714,42.44
2024-09-23,57800,58200,57500,57900,338128,42.43
2024-09-24,58200,58400,57500,57900,395226,42.45
2024-09-25,58000,58300,56800,57100,686856,42.47
2024-09-26,57000,58300,56800,58000,735619,42.44
2024-09-27,57400,57500,56200,56600,716790,42.48
2024-09-30,56800,57200,55800,55900,636301,42.49
2024-10-02,54800,56200,54700,55600,614782,42.5
2024-10-04,56700,57200,56200,56700,473894,42.56
2024-10-07,56500,56900,55900,56600,398337,42.6
2024-10-08,56100,56100,54600,54700,746533,42.54
2024-10-10,55600,55800,54700,55300,666236,42.65
2024-10-11,55800,56200,55200,55700,283051,42.65
2024-10-14,56000,56500,55500,56300,309695,42.66
2024-10-15,56400,56800,55700,56000,306748,42.64
2024-10-16,55000,56400,55000,56200,877676,42.59
2024-10-17,56100,56500,55000,55200,446054,42.51
2024-10-18,55500,56800,55500,56200,617401,42.54
2024-10-21,56500,56800,55900,56300,353829,42.53
2024-10-22,56300,57700,56200,57500,636750,42.59
2024-10-23,57500,57700,56600,56700,480944,42.56
2024-10-24,57100,57700,56800,57300,913253,42.55
2024-10-25,57700,57800,57100,57500,469558,42.53
2024-10-28,57500,57700,56800,57300,369108,42.46
2024-10-29,57400,57500,56800,57200,299208,42.46
2024-10-30,56800,57000,56000,56900,533063,42.43
2024-10-31,56200,57300,56200,56700,643893,42.4
2024-11-01,57000,57000,56200,57000,323062,42.4
2024-11-04,56700,57000,56300,56900,392702,42.46
2024-11-05,56600,56900,56200,56500,323319,42.47
2024-11-06,56700,57500,56100,57500,428836,42.52
2024-11-07,57300,58000,57000,57700,504129,42.54
2024-11-08,57800,57900,56300,56400,482126,42.49
2024-11-11,56100,56700,56000,56500,265563,42.47
2024-11-12,56200,57000,56100,56900,420519,42.46
2024-11-13,56700,57400,56300,56500,505046,42.41
2024-11-14,56500,57000,56200,56400,453645,42.47
2024-11-15,56600,56700,55900,55900,314743,42.45
2024-11-18,55600,56300,55000,55300,579130,42.4
2024-11-19,55200,56000,55200,55500,366173,42.38
2024-11-20,55200,56800,55200,56700,469638,42.42
2024-11-21,56300,57700,56200,56300,764786,42.4
2024-11-22,56800,57300,56700,57200,431178,42.41
2024-11-25,57200,57300,56600,56800,731243,42.36
2024-11-26,56800,58300,56800,58300,614257,42.49
2024-11-27,59000,61500,58400,61000,1693476,42.65
2024-11-28,61100,61900,60600,61500,669001,42.71
2024-11-29,61600,61900,60800,61400,708851,42.75
2024-12-02,61800,61800,60400,60900,827485,42.7
2024-12-03,61300,61300,59800,60000,887790,42.67
2024-12-04,58400,59900,58300,58800,1145912,42.58
2024-12-05,58000,59100,57000,58200,688344,42.58
2024-12-06,58500,58800,57300,58000,646596,42.57
2024-12-09,57100,57500,56500,57200,628419,42.57
2024-12-10,57700,58000,56000,56200,1020849,42.48
2024-12-11,56300,56700,56000,56500,445384,42.44
2024-12-12,56600,57300,56500,56500,952526,42.46
2024-12-13,56800,57500,56400,57400,456701,42.45
2024-12-16,57800,58500,57300,57600,467240,42.42
2024-12-17,57600,58100,56500,57000,621407,42.35
2024-12-18,57400,58000,57000,57600,336657,42.33
2024-12-19,56700,58000,56600,57000,728794,42.3
2024-12-20,56500,56700,55300,56000,749674,42.16
2024-12-23,56300,57100,56000,56700,294944,42.15
2024-12-24,56800,56900,56100,56800,303885,42.1
2024-12-26,56900,57200,56300,56700,261298,42.07
2024-12-27,56300,56800,56100,56300,219551,42.06
2024-12-30,56300,56400,55100,55200,426571,42.01
2025-01-02,55100,56200,55000,56100,356158,42.05
2025-01-03,56600,57000,56300,56700,387268,42.05
2025-01-06,56600,56800,55200,55600,602146,42.0
2025-01-07,55600,56200,55500,55800,536013,42.06
2025-01-08,55400,56300,55300,56100,394975,42.09
2025-01-09,55800,56000,55300,55300,509760,42.01
2025-01-10,55100,55600,54600,55600,702722,42.02
2025-01-13,55500,56000,55300,56000,404440,42.05
2025-01-14,56000,56100,55400,55500,237239,42.05
2025-01-15,55600,55800,55000,55200,340658,42.01
2025-01-16,55400,55600,55000,55300,326260,42.02
2025-01-17,55100,55700,55100,55700,386870,42.08
2025-01-20,55500,55600,55100,55400,282138,42.05
2025-01-21,55000,55500,54600,54900,694682,41.94
2025-01-22,55000,55200,54200,54500,712731,41.94
2025-01-23,54600,55200,54500,54900,454669,42.02
2025-01-24,55100,55300,54300,54800,600388,41.99
2025-01-31,55300,55700,55000,55400,917281,42.04
2025-02-03,54900,55900,54800,55900,1135847,42.1
2025-02-04,55700,56100,55400,55700,427000,42.08
2025-02-05,55700,56100,55500,55800,385639,42.04
2025-02-06,55800,56100,55500,56100,341741,42.04
2025-02-07,55600,56000,55200,55200,425766,42.01
2025-02-10,55400,55800,54900,55000,666106,41.98
2025-02-11,55000,56000,55000,56000,502170,42.09
2025-02-12,56500,57200,55700,56000,400834,42.08
2025-02-13,55800,56300,55600,56300,521661,42.04
2025-02-14,56300,56500,55900,56300,355303,42.02
2025-02-17,56300,56700,55900,56400,369195,42.03
2025-02-18,56200,56300,55800,56000,375811,42.0
2025-02-19,56100,57700,56000,57700,774212,42.14
2025-02-20,58000,59100,57700,59100,755501,42.29
2025-02-21,58800,58900,57800,58200,290145,42.28
2025-02-24,58200,59000,58100,58700,378570,42.31
2025-02-25,58200,58200,57400,58200,423812,42.3
2025-02-26,58400,58500,57700,58000,613359,42.25
2025-02-27,57500,57500,55900,56300,949550,42.13
2025-02-28,56300,57200,56000,56000,1084138,42.2
2025-03-04,56700,57500,55800,56000,696920,42.22
2025-03-05,56400,56800,56000,56600,538931,42.25
2025-03-06,56300,56500,55500,56000,591270,42.23
2025-03-07,55900,56000,55100,55400,550882,42.17
2025-03-10,55000,56000,55000,55100,521608,42.12
2025-03-11,55000,55600,55000,55600,450300,42.2
2025-03-12,55700,55900,55200,55900,372127,42.23
2025-03-13,55900,56000,55300,56000,595666,42.26
2025-03-14,56000,56000,55200,55300,510417,42.27
2025-03-17,55600,55800,55400,55800,550101,42.27
2025-03-18,55700,56200,55500,55900,419298,42.26
2025-03-19,56000,56700,55800,56700,482354,42.29
2025-03-20,56500,56600,56200,56300,327396,42.28
2025-03-21,56100,56500,56000,56300,447711,42.28
2025-03-24,56000,56200,55800,55800,327348,42.21
2025-03-25,55700,56200,55600,56100,315942,42.23
2025-03-26,56100,56300,55800,55800,303640,42.21
2025-03-27,55600,56100,55600,55700,295742,42.2
2025-03-28,55400,56000,55400,55700,315483,42.22
2025-03-31,55500,55700,54900,55500,494539,42.19
2025-04-01,55700,56000,55400,55400,270999,42.18
2025-04-02,55500,56000,55300,55800,416518,42.22
2025-04-03,55000,55900,54500,55700,377033,42.21
2025-04-04,55700,56100,55500,56100,460645,42.21
2025-04-07,55000,55900,55000,55900,628581,42.27
2025-04-08,55200,55500,54200,54800,884188,42.2
2025-04-09,55400,55400,54500,55100,1007041,42.27
2025-04-10,55300,55900,54700,55900,869220,42.27
2025-04-11,55400,56500,55200,56500,412082,42.37
2025-04-14,56000,56300,55700,55900,272329,42.36
2025-04-15,55800,56400,55800,56200,318980,42.39
2025-04-16,56400,57800,56300,57800,894790,42.59
2025-04-17,57600,57900,57200,57900,348469,42.66
2025-04-18,58000,58200,57600,57700,225417,42.7
2025-04-21,57700,58000,57600,58000,165552,42.74
2025-04-22,58100,58800,57700,58800,628806,42.89
2025-04-23,58600,58600,57300,57600,610123,42.91
2025-04-24,57200,57800,57200,57700,375945,42.95
2025-04-25,57700,58400,57600,57800,488076,42.99
2025-04-28,55500,55700,52900,53900,3257168,42.58
2025-04-29,52800,53900,52600,53400,2448303,42.36
2025-04-30,53600,54700,53500,54300,1444315,42.5
2025-05-02,53500,53700,52900,53700,1177967,42.68
2025-05-07,53700,54000,53100,53100,1404200,42.49
2025-05-08,53100,53800,52900,53100,1072531,42.44
2025-05-09,53000,53100,52300,52400,956445,42.41
2025-05-12,52500,52600,51500,52200,1157794,42.25
2025-05-13,52300,52500,51500,51600,1173452,41.96
2025-05-14,51600,52000,51200,51300,1612625,41.62
2025-05-15,51100,51800,51000,51100,1182555,41.29
2025-05-16,51100,52400,51000,52200,1020577,41.15
2025-05-19,51800,51900,51200,51200,932424,40.85
2025-05-20,51300,52000,51200,51500,543658,40.78
2025-05-21,51600,51900,51400,51600,615409,40.65
2025-05-22,51400,51500,50400,50800,1326891,40.44
2025-05-23,50700,51100,50600,50700,921410,40.4
2025-05-26,50900,51500,50700,51500,600197,40.32
2025-05-27,51300,51800,51300,51800,755230,40.27
2025-05-28,51900,52200,51600,51700,1255821,40.1
2025-05-29,51400,51600,51200,51300,987116,39.87
2025-05-30,51400,51900,51300,51500,1574573,39.8
2025-06-02,51500,51900,51500,51700,677882,39.72
2025-06-04,51900,53100,51800,52500,1196353,39.85
2025-06-05,52700,52900,52300,52600,879905,39.76
2025-06-09,52800,53300,52650,53100,939726,39.83
2025-06-10,53200,53300,52600,52800,894461,39.85
2025-06-11,52900,53800,52800,53700,1200295,39.93
2025-06-12,54000,54200,53500,54100,1149307,39.95
2025-06-13,54400,55000,54100,54600,1841643,40.03
2025-06-16,55100,55500,54500,55200,803389,39.97
2025-06-17,55300,55600,55000,55300,1272261,39.91
2025-06-18,54900,55500,54500,55300,852691,39.99
2025-06-19,55200,55500,55000,55300,663399,39.95
2025-06-20,55500,56800,55400,56300,910847,39.97
2025-06-23,55800,56400,55400,56100,709184,39.97
2025-06-24,56700,57000,56500,56800,1024495,39.94
2025-06-25,57100,57300,56200,57100,788270,39.93
2025-06-26,57200,57200,56400,56700,749636,39.94
2025-06-27,56600,56700,55900,56200,639168,39.92
2025-06-30,55900,57000,55700,56700,741639,39.98
2025-07-01,57000,57700,56800,57500,712507,40.04
2025-07-02,56600,58000,56600,57900,1155122,40.12
2025-07-03,58000,58100,57300,57600,788433,40.09
2025-07-04,56700,57800,54300,54400,2317864,40.23
2025-07-07,53200,54500,52800,53900,1812868,40.04
2025-07-08,53900,55200,53800,54600,1114121,39.92
2025-07-09,55000,56000,54800,55000,988807,39.87
2025-07-10,55400,55800,55100,55300,990517,39.82
2025-07-11,55500,56000,55400,55700,786726,39.73
2025-07-14,55600,56900,55600,56500,733546,39.7
2025-07-15,56900,56900,56000,56000,894845,39.51
2025-07-16,56300,56900,55900,55900,614679,39.42
2025-07-17,56400,56500,55900,56400,610036,39.39
2025-07-18,56500,56800,55900,56000,525083,39.3
2025-07-21,56200,56400,55900,55900,416089,39.31
2025-07-22,56200,56850,56100,56500,570359,39.31
2025-07-23,56600,56800,56000,56100,462969,39.21
2025-07-24,56400,56400,55500,55500,683382,39.06
2025-07-25,55700,56000,55400,55500,516334,38.97
2025-07-28,55800,55800,55100,55200,622141,38.83
2025-07-29,54800,55300,54200,55100,757636,38.68
2025-07-30,55000,56000,55000,56000,619875,38.73
2025-07-31,55600,56100,55600,56100,528744,38.75
2025-08-01,55700,56100,55400,55500,502513,38.75
2025-08-04,55500,56400,55100,56200,545264,38.77
2025-08-05,56600,57200,56200,56500,551169,38.79
2025-08-06,56400,56700,56000,56300,476647,38.76
2025-08-07,56000,56000,55200,55500,907842,38.63
2025-08-08,55700,56100,55600,56100,384048,38.7
2025-08-11,56100,56200,55700,55900,307904,38.67
2025-08-12,55900,56500,55900,56100,378175,38.71
2025-08-13,56200,56200,55700,55900,357034,38.66
2025-08-14,56000,56300,55900,56100,387088,38.64
2025-08-18,55800,56000,55600,55800,581602,38.51
2025-08-19,55900,55900,55500,55700,517668,38.38
2025-08-20,55900,56000,55600,55900,633210,38.35
2025-08-21,56000,56400,55500,55500,542945,38.32
2025-08-22,55600,55800,55400,55500,358496,38.25
2025-08-25,55600,55700,55200,55200,828367,37.98
2025-08-26,55200,55500,55000,55100,862682,37.79
2025-08-27,55300,55600,55100,55400,542428,37.73
2025-08-28,55000,55300,54800,54900,704797,37.67
2025-08-29,55000,55100,54200,54200,1014170,37.4
2025-09-01,54300,55100,54100,54800,476628,37.45
2025-09-02,54900,55300,54600,54700,480839,37.44
2025-09-03,54700,54800,54300,54400,405659,37.36
2025-09-04,54200,54800,54200,54700,280404,37.33
2025-09-05,54500,54900,54500,54800,244775,37.3
2025-09-08,54800,54900,54000,54100,605744,37.12
2025-09-09,54400,54400,54100,54200,522785,37.01
2025-09-10,54100,54900,54100,54800,683214,36.98
2025-09-11,54700,55100,54600,54900,636267,36.95
2025-09-12,55100,55300,54800,55100,653103,36.89
2025-09-15,55000,55200,54400,54500,669445,36.74
2025-09-16,54400,54800,54300,54500,504582,36.71
2025-09-17,54500,55400,54500,55400,840509,36.89
2025-09-18,55200,55700,55100,55700,449138,36.95
2025-09-19,55500,55600,55200,55500,997145,36.96
2025-09-22,55500,55500,55000,55100,363252,36.91
2025-09-23,55100,55200,54900,55000,462075,36.88
2025-09-24,55200,55400,54900,55100,329476,36.83
2025-09-25,55100,55300,54900,55200,553931,36.8
2025-09-26,55000,55100,54700,54900,576165,36.67
2025-09-29,54900,55100,54500,54500,710802,36.52
2025-09-30,54300,54700,54200,54300,821758,36.36
2025-10-01,54400,54600,54300,54400,410494,36.31
2025-10-02,54400,54800,54300,54400,1064753,36.28
2025-10-10,54100,54800,54000,54600,2379791,36.27
2025-10-13,54400,54600,54000,54300,689003,36.23
2025-10-14,54000,54100,53600,53600,1280221,35.97
2025-10-15,53800,54400,53800,54100,598149,36.01
2025-10-16,54300,54800,54200,54800,477136,36.06
2025-10-17,54600,54700,54300,54500,485639,36.03
2025-10-20,54400,54700,54200,54500,550983,35.98
2025-10-21,54500,54800,54300,54300,727453,35.91
2025-10-22,54300,54600,54200,54600,576418,35.95
2025-10-23,54400,54500,54100,54200,624507,35.87
2025-10-24,54300,54400,53600,53800,1019707,35.8
2025-10-27,53800,54100,53800,53800,498423,35.75
2025-10-28,53700,53900,53600,53800,571131,35.75
2025-10-29,53900,54700,53700,54100,1074651,35.7
2025-10-30,53900,54100,51900,52700,2076493,35.5
2025-10-31,52100,52300,51400,52300,1485546,35.45
2025-11-03,52900,52900,52100,52100,1266806,35.21
2025-11-04,52300,52900,52200,52400,990020,35.15
2025-11-05,52400,52700,51800,52700,1104824,35.21
2025-11-06,52900,53700,52800,53500,1015403,35.24
2025-11-07,53200,53600,52800,53400,1164417,35.29
2025-11-10,53800,54400,53600,53900,976744,35.46
2025-11-11,54000,54400,53800,54200,682758,35.54
2025-11-12,54300,54400,54100,54100,536150,35.59
2025-11-13,54000,54300,53800,54100,843445,35.63
2025-11-14,54100,54400,53900,53900,606861,35.71
2025-11-17,53900,54000,53300,53600,615499,35.7
2025-11-18,53400,53700,52700,52700,621674,35.68
2025-11-19,52900,53700,52700,53400,701409,35.79
2025-11-20,53700,53900,53400,53400,637226,35.85
2025-11-21,53300,53600,52900,53400,841029,35.9
2025-11-24,53600,54100,53100,54100,5597624,36.11
2025-11-25,53900,54000,53500,53500,741627,36.08
2025-11-26,53900,54200,53600,54100,776549,36.2
2025-11-27,53700,54300,53300,53400,449828,36.13
2025-11-28,53500,53700,53300,53500,343883,36.1
2025-12-01,53700,53800,53100,53500,365995,36.09
2025-12-02,53500,53700,53300,53400,520645,36.1
2025-12-03,53400,54000,53400,53900,563915,36.18
2025-12-04,53700,54200,53600,54200,465614,36.15
2025-12-05,54100,54400,54000,54400,460225,36.23
2025-12-08,54300,54400,53700,53900,398841,36.15
2025-12-09,54000,54000,53600,54000,360127,36.11
2025-12-10,53900,54000,53600,53600,347052,36.03
2025-12-11,53800,53900,53400,53400,697646,36.03
2025-12-12,53700,54000,53400,54000,639680,36.1
2025-12-15,53900,54000,53500,53600,335492,36.08
2025-12-16,53600,53700,52900,53000,1351057,36.11
2025-12-17,53100,53200,52800,53000,406436,36.04
2025-12-18,52900,53100,52700,53000,415364,36.04
2025-12-19,53000,53500,52800,53500,693700,36.08
2025-12-22,52600,53200,52400,53200,683774,36.11
2025-12-23,53000,53400,52800,53400,421775,36.17
2025-12-24,53300,53600,53200,53400,339335,36.23
2025-12-26,53300,53500,53000,53100,383370,36.18
2025-12-29,52900,53200,52700,53200,359600,36.17
2025-12-30,53200,53500,53000,53500,451306,36.2
2026-01-02,53500,53700,52900,53300,509639,36.19
2026-01-05,53300,53400,52900,53000,578565,36.23
2026-01-06,53100,53300,53000,53200,610336,36.32
2026-01-07,53000,53200,52800,53100,609996,36.36
2026-01-08,53200,53300,52700,52800,686938,36.46
2026-01-09,53100,53100,52600,53000,445753,36.49
2026-01-12,52900,53100,52600,53000,510996,36.5
2026-01-13,53500,54400,53400,54300,1785740,36.76
2026-01-14,54300,55100,54100,54900,994623,36.88
2026-01-15,54900,55100,54200,54900,921872,36.77
2026-01-16,55600,55600,55000,55300,885656,36.88
2026-01-19,55200,59600,54900,59200,2911218,37.36
2026-01-20,59500,63000,59300,62200,3784804,37.61
2026-01-21,61300,61500,60000,61000,1528834,37.66
2026-01-22,62000,62900,61200,61700,1194187,37.84
2026-01-23,62000,63500,61900,62700,1123298,38.04
2026-01-26,62600,62800,60900,61800,1169977,38.14
2026-01-27,63300,71600,63200,69400,5938623,38.54
2026-01-28,70000,70000,67600,69000,2381065,38.69
2026-01-29,69700,70100,67200,69500,1745150,38.8
2026-01-30,70400,75100,70400,72500,3149692,38.85
2026-02-02,71500,71900,68200,69100,1715655,38.81
2026-02-03,71700,73700,71400,73600,1596162,39.01
2026-02-04,77100,79400,75700,77900,2024677,39.02
2026-02-05,76800,79000,76200,77500,1644691,38.97
2026-02-06,73600,73700,67600,69200,2886610,38.58
2026-02-09,73100,74400,72000,73400,1641780,38.61
2026-02-10,74500,74900,72800,73700,1044261,38.54
2026-02-11,74400,75600,73700,75400,1278084,38.58
2026-02-12,76200,78000,75400,78000,1425568,38.61
2026-02-13,81200,88600,79500,86500,4134911,38.88
2026-02-19,84200,84800,79900,81500,2352769,38.42
2026-02-20,82100,82300,80500,80800,1296944,38.25
2026-02-23,80900,82000,78800,80100,1315259,38.16
2026-02-24,80100,82100,79100,80900,1068342,38.01
2026-02-25,81000,81400,79600,81000,976090,37.95
2026-02-26,81200,82300,80400,82300,998759,37.9
2026-02-27,80800,80900,77900,79800,2108292,37.88
2026-03-03,79800,81500,77800,78200,1676549,37.99
2026-03-04,75000,77400,69000,70300,1891071,38.23
2026-03-05,77300,78500,74800,77900,1756072,38.52
2026-03-06,76300,77300,74700,76500,847527,38.5
2026-03-09,71600,76400,71100,75800,996566,38.63
2026-03-10,78900,78900,75700,77200,838936,38.59
2026-03-11,78200,79900,77300,77900,1080443,38.6
2026-03-12,76700,77800,76000,76200,622743,38.53
2026-03-13,74000,75900,73600,75000,420881,38.53
2026-03-16,76000,77300,75800,76300,415991,38.56
2026-03-17,78000,81400,77500,79700,1010185,38.67
2026-03-18,81100,81500,80000,81200,806629,38.66
2026-03-19,79000,80200,78100,78200,1009929,38.65
2026-03-20,78300,79000,77100,78800,1316759,38.64
2026-03-23,76100,76300,73900,74200,562548,38.58
2026-03-24,77200,77200,74900,76600,472244,38.6
2026-03-25,80000,80600,77900,79800,734636,38.71
2026-03-26,81000,82100,79800,80000,830301,38.84
2026-03-27,78500,79900,77500,79900,823758,38.75
2026-03-30,77600,78500,76300,78300,842066,38.74
2026-03-31,76400,77700,75800,76400,855608,38.73
2026-04-01,78500,79000,77100,78500,670971,38.68
2026-04-02,78600,79500,76700,77800,807732,38.82
2026-04-03,78800,81000,78500,80900,667043,38.93
2026-04-06,80300,81500,79600,80400,341676,38.94
2026-04-07,80000,81600,79500,81600,558531,39.05
2026-04-08,85600,89500,84500,89000,1998469,39.38
2026-04-09,93000,99700,91300,93800,2478327,39.54
2026-04-10,95000,96300,90000,93000,1372619,39.39
2026-04-13,94000,96700,92000,92500,1272423,39.21
2026-04-14,95400,98000,94400,95500,878473,39.15
2026-04-15,99500,100400,97300,98100,1428297,39.15
2026-04-16,100000,100100,95600,95900,933706,38.95
2026-04-17,98200,99800,97100,98300,890641,38.96
2026-04-20,98300,98300,95600,96500,938182,38.93
2026-04-21,98100,102000,97800,100500,1087598,39.04
2026-04-22,100900,102000,99200,100300,845288,39.0
2026-04-23,102400,102600,97200,98800,1074272,38.93
2026-04-24,99800,101500,99300,100000,805874,38.97
2026-04-27,99900,100000,97000,98000,832809,38.91
2026-04-28,97400,97750,96700,96800,618645,38.88
2026-04-29,96000,96400,95000,95600,546336,38.9
2026-04-30,96700,96900,94700,95100,1154339,38.82
2026-05-04,96500,97400,95600,97400,522944,38.88
2026-05-06,98900,98900,95200,95500,928054,38.91
2026-05-07,96000,96100,91400,93200,1223892,38.96
2026-05-08,95400,97300,93000,93500,937879,38.97
2026-05-11,95200,99900,95200,98200,1045624,39.16
2026-05-12,101200,108000,99800,103400,2243801,39.48
2026-05-13,105800,106100,99300,105800,1222542,39.47
2026-05-14,104900,104900,100800,102700,1081008,39.48
2026-05-15,103000,105200,100100,101300,1013036,39.54
2026-05-18,102200,105000,97600,100500,1231431,39.54
2026-05-19,99000,99100,95900,97700,963282,39.58
2026-05-20,99600,100800,97000,98100,1189952,39.64
2026-05-21,102500,103400,99700,102800,1034793,39.68
2026-05-22,110300,111500,99900,102800,2011742,39.36
2026-05-26,102400,103800,99600,102100,1088933,39.31
2026-05-27,101200,102600,99900,100400,1096434,39.34
2026-05-28,98900,99200,95400,96900,913562,39.36
2026-05-29,99300,102000,96900,100600,1964174,39.26
2026-06-01,103000,120300,100100,112200,3634772,38.67
2026-06-02,134000,139500,112100,125200,8152778,37.92
2026-06-04,119000,120000,107800,108900,3053343,37.51
2026-06-05,109400,112800,105000,106400,2027663,37.47
2026-06-08,104900,115700,103000,106700,4492964,37.0
2026-06-09,114000,115500,103300,108100,3713310,36.59
2026-06-10,108000,110300,102600,105700,1890636,36.75
2026-06-11,100000,102000,97200,100000,1968301,36.76
2026-06-12,102800,108500,102600,103000,1806259,36.91
2026-06-15,106000,107900,104000,105400,1019998,36.92
2026-06-16,105000,105100,100100,100100,1630561,36.97
2026-06-17,99900,100000,98500,99000,773704,36.96
2026-06-18,98100,98600,95900,95900,1261804,36.97
2026-06-19,94100,97400,91700,94900,2656228,37.21
2026-06-22,95100,95200,92500,94200,1007364,37.45
2026-06-23,97000,97200,89500,89900,1251966,37.52
2026-06-24,89700,92700,88600,91000,1054710,37.6
2026-06-25,91700,92000,90000,91400,752498,37.57
2026-06-26,93800,93900,87200,90600,1179413,37.61
2026-06-29,88800,95000,87000,90200,1225012,37.59
2026-06-30,90200,92200,88300,88400,949247,37.57
