date,open,high,low,close,volume,foreign_ownership_ratio
2016-07-01,11200,11350,11200,11250,1077481,17.94
2016-07-04,11250,11350,11200,11300,678686,17.93
2016-07-05,11250,11300,11200,11250,387688,17.92
2016-07-06,11250,11350,11100,11150,1026292,17.9
2016-07-07,11200,11250,11100,11150,709554,17.86
2016-07-08,11200,11200,10950,11050,1538877,17.86
2016-07-11,11150,11200,11050,11100,1041116,17.89
2016-07-12,11100,11250,11050,11200,1034819,17.95
2016-07-13,11250,11300,11150,11250,1175371,18.0
2016-07-14,11200,11250,11050,11050,2052729,17.83
2016-07-15,11150,11400,11100,11350,2315131,17.92
2016-07-18,11300,11450,11300,11350,828951,17.9
2016-07-19,11400,11400,11250,11350,1047038,17.88
2016-07-20,11350,11350,11100,11300,1346847,17.85
2016-07-21,11300,11400,11250,11350,995445,17.84
2016-07-22,11300,11500,11300,11450,1154876,17.81
2016-07-25,11450,11800,11400,11750,2737684,17.71
2016-07-26,11700,11900,11700,11800,1603327,17.63
2016-07-27,11850,11950,11750,11850,1909820,17.57
2016-07-28,11800,11850,11600,11700,1480578,17.49
2016-07-29,11650,11950,11600,11850,1818140,17.43
2016-08-01,11800,11900,11700,11800,1322239,17.41
2016-08-02,11750,11800,11550,11600,1024321,17.37
2016-08-03,11550,11650,11450,11500,936835,17.36
2016-08-04,11550,11600,11400,11450,1053343,17.33
2016-08-05,11400,11550,11400,11500,903082,17.37
2016-08-08,11600,11750,11550,11700,1279739,17.36
2016-08-09,11700,11850,11600,11750,1154024,17.3
2016-08-10,11750,11850,11600,11700,1019159,17.29
2016-08-11,11600,11700,11550,11550,1031735,17.27
2016-08-12,11600,11900,11600,11850,1954999,17.27
2016-08-16,11850,12000,11700,11700,744843,17.26
2016-08-17,11700,11750,11600,11750,680522,17.26
2016-08-18,11700,11750,11600,11600,953369,17.26
2016-08-19,11550,11600,11450,11550,901176,17.24
2016-08-22,11500,11550,11400,11450,1006732,17.18
2016-08-23,11450,11650,11400,11650,1080130,17.16
2016-08-24,11650,11650,11400,11500,1030321,17.09
2016-08-25,11500,11600,11400,11550,1399760,17.07
2016-08-26,11500,11550,11300,11450,1830845,17.05
2016-08-29,11450,11800,11350,11600,2886359,17.13
2016-08-30,11700,11800,11600,11650,1742561,17.11
2016-08-31,11650,11800,11650,11750,1157809,17.12
2016-09-01,11800,11900,11700,11850,1515768,17.1
2016-09-02,11850,11850,11700,11800,811941,17.08
2016-09-05,11850,11950,11800,11900,975845,17.11
2016-09-06,11900,11950,11800,11900,920541,17.12
2016-09-07,11800,12100,11800,12050,1450602,17.17
2016-09-08,12100,12150,12000,12150,1703022,17.14
2016-09-09,12100,12250,12000,12100,1102315,17.14
2016-09-12,12050,12400,11950,12300,2027254,17.13
2016-09-13,12300,12350,11900,11950,1461967,17.08
2016-09-19,11850,11900,11800,11850,834371,17.05
2016-09-20,11800,11900,11700,11900,875011,17.04
2016-09-21,11850,12050,11750,12000,870706,17.03
2016-09-22,11950,12000,11850,11900,875752,17.02
2016-09-23,11850,12050,11800,12000,909755,17.0
2016-09-26,11950,12050,11900,12050,793527,16.99
2016-09-27,12000,12150,11900,12100,724943,16.97
2016-09-28,12100,12150,12000,12100,631353,16.93
2016-09-29,12100,12200,12100,12150,756102,16.93
2016-09-30,12000,12050,11900,11950,979296,16.87
2016-10-04,12000,12050,11950,11950,730388,16.84
2016-10-05,11900,12000,11850,11900,804860,16.85
2016-10-06,11900,11950,11750,11800,933310,16.81
2016-10-07,11750,11850,11700,11750,802399,16.78
2016-10-10,11850,12200,11800,12150,1531885,16.84
2016-10-11,12200,12450,12150,12400,1799379,16.87
2016-10-12,12400,12550,12250,12450,1817203,16.87
2016-10-13,12400,12450,12200,12250,1148960,16.87
2016-10-14,12250,12450,12200,12350,1129485,16.86
2016-10-17,12450,12550,12400,12450,1190482,16.87
2016-10-18,12500,13000,12450,12850,2715221,16.88
2016-10-19,12900,13200,12800,13050,2354918,16.86
2016-10-20,13000,13200,12950,13150,897849,16.85
2016-10-21,13150,13150,13000,13050,1244731,16.84
2016-10-24,13050,13400,13000,13400,1688263,16.87
2016-10-25,13350,13500,13300,13400,1372672,16.85
2016-10-26,13350,13450,13000,13150,1436199,16.84
2016-10-27,13200,13350,13000,13100,978116,16.85
2016-10-28,13000,13100,12950,13100,832608,16.88
2016-10-31,13000,13350,13000,13200,1021766,16.88
2016-11-01,13200,13250,12900,13050,1120948,16.88
2016-11-02,13050,13100,12900,13050,1104698,16.88
2016-11-03,13050,13050,12900,12950,807202,16.84
2016-11-04,12900,13050,12900,13000,731943,16.84
2016-11-07,13050,13100,12950,13000,608034,16.84
2016-11-08,13050,13100,12950,13000,623194,16.85
2016-11-09,13050,13400,12650,12950,2824295,16.91
2016-11-10,13250,13450,13100,13350,2049419,16.91
2016-11-11,13450,13800,13350,13600,1983754,16.89
2016-11-14,13500,13550,13000,13150,1723524,16.81
2016-11-15,13150,13350,12950,13250,1323413,16.79
2016-11-16,13300,13350,13050,13150,1069734,16.75
2016-11-17,13050,13150,13000,13050,952750,16.75
2016-11-18,13150,13200,13000,13050,854669,16.77
2016-11-21,13050,13050,12900,13000,823321,16.78
2016-11-22,12950,13050,12900,12950,786267,16.79
2016-11-23,12950,13450,12900,13400,2410767,16.96
2016-11-24,13450,13550,13300,13500,1276285,17.0
2016-11-25,13500,13550,13200,13250,576389,16.98
2016-11-28,13250,13300,13100,13200,521361,16.98
2016-11-29,13150,13250,13050,13200,781228,17.02
2016-11-30,13150,13250,13050,13050,1269978,16.99
2016-12-01,13100,13300,13050,13200,1054243,16.98
2016-12-02,13250,13400,13250,13350,850787,17.0
2016-12-05,13300,13400,13200,13250,870685,16.99
2016-12-06,13350,13500,13250,13450,1023577,16.97
2016-12-07,13450,13600,13400,13550,785872,16.96
2016-12-08,13650,13900,13650,13850,1676561,16.98
2016-12-09,13750,13800,13600,13750,1010063,16.94
2016-12-12,13850,13850,13700,13800,526162,16.96
2016-12-13,13800,13800,13400,13450,1395230,16.98
2016-12-14,13450,13550,13400,13500,919096,17.02
2016-12-15,13550,13600,13400,13500,700094,17.04
2016-12-16,13550,13700,13500,13650,1356678,17.04
2016-12-19,13550,13650,13450,13500,707045,17.02
2016-12-20,13500,13550,13400,13500,553023,17.03
2016-12-21,13550,13600,13300,13350,1342233,16.99
2016-12-22,13350,13400,13200,13350,1053367,17.0
2016-12-23,13350,13500,13300,13450,992649,17.0
2016-12-26,13450,13600,13400,13600,1020738,17.0
2016-12-27,13500,13550,13400,13450,1500698,16.95
2016-12-28,13000,13200,12950,13050,1174917,16.98
2016-12-29,13000,13050,12600,12700,1703943,17.02
2017-01-02,12650,12750,12550,12600,729381,17.03
2017-01-03,12600,12750,12550,12750,1353848,17.08
2017-01-04,12700,12750,12600,12700,1417642,17.16
2017-01-05,12650,12700,12300,12400,2187491,17.22
2017-01-06,12400,12400,12250,12400,1557106,17.3
2017-01-09,12350,12400,12200,12300,1360355,17.37
2017-01-10,12300,12300,12150,12250,1194604,17.42
2017-01-11,12200,12500,12200,12450,1471653,17.5
2017-01-12,12400,12500,12350,12400,1551588,17.55
2017-01-13,12400,12400,12200,12250,1530939,17.58
2017-01-16,12300,12800,12250,12700,2810431,17.71
2017-01-17,12750,12850,12650,12800,1555618,17.75
2017-01-18,12700,13000,12650,12900,1551101,17.81
2017-01-19,12900,13000,12750,12850,870251,17.82
2017-01-20,12800,13000,12800,12900,907771,17.84
2017-01-23,13000,13050,12550,12550,1417612,17.85
2017-01-24,12600,12700,12500,12650,917718,17.89
2017-01-25,12700,12750,12550,12600,1147205,17.91
2017-01-26,12650,12800,12550,12750,1010794,17.93
2017-01-31,12750,12950,12700,12700,1371808,17.87
2017-02-01,12750,13000,12700,12900,1225578,17.89
2017-02-02,12900,12950,12700,12800,1108852,17.92
2017-02-03,12800,12950,12750,12850,896513,17.95
2017-02-06,13000,13150,12800,12800,1757738,17.88
2017-02-07,12850,13050,12700,13050,1071758,17.91
2017-02-08,13000,13100,12800,12850,1351631,17.91
2017-02-09,12850,13250,12850,13250,1629090,17.99
2017-02-10,13250,13300,13100,13300,957490,17.98
2017-02-13,13300,13400,13200,13250,951362,17.96
2017-02-14,13300,13350,13150,13300,793295,17.95
2017-02-15,13300,13300,12650,12750,4712661,17.89
2017-02-16,12750,12850,12400,12500,2747282,17.94
2017-02-17,12500,12650,12450,12550,984715,17.99
2017-02-20,12550,12600,12450,12450,827115,17.99
2017-02-21,12450,12600,12450,12550,847395,18.01
2017-02-22,12600,12600,12450,12550,1169133,18.04
2017-02-23,12600,12650,12450,12500,897530,18.04
2017-02-24,12600,12700,12550,12550,1249283,18.02
2017-02-27,12600,12650,12350,12400,1038493,17.99
2017-02-28,12400,12500,12300,12350,1529445,17.97
2017-03-02,12500,12650,12400,12500,2002357,17.99
2017-03-03,12450,12550,12350,12350,1434847,17.93
2017-03-06,12400,12500,12250,12250,1221768,17.89
2017-03-07,12200,12300,12200,12250,1304421,17.85
2017-03-08,12300,12450,12250,12400,1449146,17.91
2017-03-09,12400,12600,12400,12400,1508159,17.92
2017-03-10,12450,12550,12350,12500,1208840,17.89
2017-03-13,12550,12650,12500,12600,2016528,17.84
2017-03-14,12700,12900,12550,12600,3034167,17.83
2017-03-15,12600,12700,12500,12700,1402508,17.87
2017-03-16,12700,12750,12450,12550,2319789,17.93
2017-03-17,12550,12800,12500,12800,1629864,18.02
2017-03-20,12750,12800,12550,12650,868991,18.02
2017-03-21,12700,12700,12500,12550,1115810,18.01
2017-03-22,12450,12500,12300,12400,1959546,18.04
2017-03-23,12450,12500,12350,12450,1298517,18.05
2017-03-24,12450,12550,12400,12500,1013092,18.03
2017-03-27,12400,12450,12300,12350,1565145,17.98
2017-03-28,12350,12350,12200,12300,1502888,17.95
2017-03-29,12350,12350,12150,12200,1189219,17.94
2017-03-30,12200,12300,12150,12250,1295113,17.94
2017-03-31,12250,12250,12150,12200,813558,17.91
2017-04-03,12200,12250,12150,12200,777452,17.88
2017-04-04,12200,12250,12050,12100,1080794,17.83
2017-04-05,12100,12250,12100,12200,836908,17.87
2017-04-06,12150,12250,12100,12200,800363,17.9
2017-04-07,12200,12300,12150,12200,748657,17.88
2017-04-10,12250,12250,11950,12000,1167370,17.83
2017-04-11,12000,12100,11950,12050,676880,17.84
2017-04-12,12050,12100,11900,11950,920267,17.84
2017-04-13,11950,12200,11900,12100,1061989,17.87
2017-04-14,12150,12200,12050,12150,629286,17.86
2017-04-17,12150,12350,12150,12300,984273,17.85
2017-04-18,12350,12400,12200,12250,696013,17.81
2017-04-19,12250,12350,12100,12300,1296445,17.8
2017-04-20,12300,12300,12200,12300,1194377,17.84
2017-04-21,12350,12400,12250,12350,1339755,17.79
2017-04-24,12400,12550,12350,12500,2090946,17.92
2017-04-25,12550,12600,12500,12550,1775500,17.96
2017-04-26,12650,12700,12600,12700,1623963,18.0
2017-04-27,12650,12750,12500,12500,1310302,17.98
2017-04-28,12450,12550,12400,12500,1175020,17.94
2017-05-02,12500,12650,12500,12600,1117420,17.99
2017-05-04,12550,12700,12550,12650,1335801,17.98
2017-05-08,12700,12800,12600,12800,1898155,18.05
2017-05-10,12850,13000,12650,12700,1986018,18.06
2017-05-11,12750,12900,12650,12850,1302757,18.1
2017-05-12,12850,12850,12750,12800,992659,18.09
2017-05-15,12850,12900,12750,12800,890987,18.06
2017-05-16,12850,12900,12600,12700,1517401,18.12
2017-05-17,12650,12700,12450,12500,1667010,18.06
2017-05-18,12350,12450,12300,12400,2414294,17.94
2017-05-19,12450,12550,12400,12500,1396876,17.93
2017-05-22,12550,12550,12400,12500,1677947,17.94
2017-05-23,12500,12700,12500,12700,1256418,18.04
2017-05-24,12700,12750,12550,12600,1225909,17.99
2017-05-25,12600,12800,12500,12800,1550541,18.01
2017-05-26,12800,12850,12650,12750,1885868,17.95
2017-05-29,12750,12800,12650,12750,1264021,17.92
2017-05-30,12750,12800,12650,12750,1440660,17.89
2017-05-31,12750,12900,12700,12900,2161751,17.96
2017-06-01,12900,12900,12750,12850,1225191,17.97
2017-06-02,12900,13200,12850,13150,2749582,18.09
2017-06-05,13100,13250,13100,13200,2025450,18.14
2017-06-07,13150,13500,13050,13450,3301356,18.31
2017-06-08,13450,13500,13200,13200,2669894,18.41
2017-06-09,13300,13600,13250,13600,2675603,18.48
2017-06-12,13700,13800,13650,13750,3880890,18.59
2017-06-13,13800,13900,13600,13900,1890575,18.55
2017-06-14,13850,14000,13850,13900,1270768,18.55
2017-06-15,13900,13950,13600,13650,1353609,18.55
2017-06-16,13650,13850,13600,13850,1692878,18.6
2017-06-19,13950,13950,13600,13650,1446808,18.55
2017-06-20,13650,13800,13600,13700,1188770,18.6
2017-06-21,13650,13700,13350,13650,1747588,18.61
2017-06-22,13600,13750,13500,13750,1439595,18.68
2017-06-23,13750,13850,13650,13750,1156579,18.73
2017-06-26,13750,13800,13650,13700,777841,18.72
2017-06-27,13700,13750,13650,13650,955153,18.75
2017-06-28,13700,14050,13700,14000,2242130,18.85
2017-06-29,14100,14500,14050,14250,2405122,18.83
2017-06-30,14250,14400,14150,14250,1129124,18.81
2017-07-03,14350,14450,14250,14250,1190841,18.76
2017-07-04,14350,14650,14350,14450,2218330,18.74
2017-07-05,14550,14550,14300,14400,1208335,18.75
2017-07-06,14300,14400,14150,14250,1276312,18.73
2017-07-07,14100,14300,14100,14150,1036012,18.75
2017-07-10,14300,14800,14250,14750,2138936,18.73
2017-07-11,14900,14900,14600,14600,1310314,18.69
2017-07-12,14700,14750,14500,14600,1137522,18.63
2017-07-13,14700,14700,14300,14500,1666813,18.64
2017-07-14,14600,14700,14450,14700,1021108,18.61
2017-07-17,14750,14750,14500,14700,1190820,18.56
2017-07-18,14700,14700,14450,14500,1413514,18.57
2017-07-19,14500,14550,14250,14450,1912543,18.57
2017-07-20,14500,14950,14500,14950,2537667,18.62
2017-07-21,14900,15300,14850,15250,2339288,18.59
2017-07-24,15300,15350,15100,15150,1336573,18.55
2017-07-25,15150,15300,15100,15200,1029091,18.58
2017-07-26,15250,15700,15250,15650,2122685,18.71
2017-07-27,15600,15700,15300,15700,2053239,18.75
2017-07-28,15450,15550,15250,15350,1391145,18.76
2017-07-31,15200,15450,15150,15450,1027429,18.79
2017-08-01,15450,15600,15300,15600,1198028,18.81
2017-08-02,15650,15850,15500,15750,1812596,18.95
2017-08-03,15700,15700,15250,15500,1489121,18.98
2017-08-04,15450,15600,15400,15500,1029875,19.03
2017-08-07,15600,15800,15550,15750,814419,19.07
2017-08-08,15700,15850,15600,15750,1157951,19.09
2017-08-09,15650,15700,15250,15350,1328254,19.12
2017-08-10,15300,15400,15050,15200,1523728,19.19
2017-08-11,14950,15050,14800,15050,1533725,19.25
2017-08-14,14950,15250,14950,15200,688904,19.19
2017-08-16,15250,15350,15100,15200,958144,19.2
2017-08-17,15150,15200,14950,15050,860122,19.23
2017-08-18,14900,15200,14900,15150,748908,19.29
2017-08-21,15150,15200,14950,15000,533163,19.26
2017-08-22,15050,15200,15050,15150,963224,19.32
2017-08-23,15250,15250,15050,15150,612553,19.35
2017-08-24,15100,15350,15050,15150,1109931,19.4
2017-08-25,15250,15550,15250,15550,1086491,19.49
2017-08-28,15500,15600,15400,15600,878749,19.49
2017-08-29,15450,15550,15150,15300,1019870,19.46
2017-08-30,15400,15500,15250,15350,876567,19.45
2017-08-31,15350,15400,14850,14950,1402703,19.48
2017-09-01,14950,15000,14800,14950,1087791,19.53
2017-09-04,14450,14750,14450,14650,907999,19.52
2017-09-05,14650,14700,13850,13950,2874363,19.54
2017-09-06,13900,14000,13450,14000,2255651,19.59
2017-09-07,14000,14350,13950,14300,1779103,19.61
2017-09-08,14350,14350,14050,14300,857928,19.64
2017-09-11,14300,14500,14300,14350,998825,19.59
2017-09-12,14450,14500,14300,14400,725969,19.56
2017-09-13,14400,14450,13950,14350,1253194,19.52
2017-09-14,14400,14550,14250,14450,1051852,19.54
2017-09-15,14500,14750,14350,14750,1247346,19.56
2017-09-18,14700,14950,14650,14850,951434,19.56
2017-09-19,14800,14900,14600,14750,911543,19.52
2017-09-20,14850,14850,14550,14650,852810,19.52
2017-09-21,14650,14750,14400,14650,1110726,19.51
2017-09-22,14700,15000,14650,14950,1357745,19.53
2017-09-25,14900,14950,14300,14450,1561056,19.47
2017-09-26,14450,14450,13900,14200,1659396,19.43
2017-09-27,14200,14250,13950,14000,1009363,19.46
2017-09-28,14000,14400,13950,14350,1010498,19.48
2017-09-29,14400,14450,14300,14400,714651,19.49
2017-10-10,14700,14800,14500,14750,1656144,19.57
2017-10-11,14750,14900,14500,14600,1231452,19.61
2017-10-12,14550,14850,14550,14650,1147169,19.63
2017-10-13,14600,14800,14450,14600,1388488,19.69
2017-10-16,14650,14650,14400,14550,1290933,19.76
2017-10-17,14650,14700,14500,14600,840034,19.77
2017-10-18,14600,14600,14400,14450,781624,19.78
2017-10-19,14550,14600,14200,14400,1535883,19.69
2017-10-20,14450,14550,14250,14550,1100501,19.68
2017-10-23,14600,14600,14250,14300,922865,19.66
2017-10-24,14350,14700,14200,14650,1581964,19.65
2017-10-25,14700,15000,14500,15000,1595443,19.68
2017-10-26,15200,15300,14900,15100,1831990,19.65
2017-10-27,15150,15550,14950,15400,2406127,19.63
2017-10-30,15800,15800,15400,15550,1478036,19.57
2017-10-31,15450,15650,15200,15350,1267561,19.59
2017-11-01,15250,15550,15250,15450,841840,19.61
2017-11-02,15400,15600,15300,15500,1146352,19.62
2017-11-03,15550,15650,15450,15550,483290,19.63
2017-11-06,15500,15600,15300,15450,829919,19.64
2017-11-07,15400,15500,15200,15400,907316,19.67
2017-11-08,15300,15450,15000,15100,912317,19.68
2017-11-09,15150,15300,14950,15050,1257548,19.7
2017-11-10,15100,15150,14900,15050,934787,19.71
2017-11-13,15000,15150,14900,15050,830958,19.73
2017-11-14,15050,15200,14950,15100,809904,19.74
2017-11-15,15100,15200,14900,15200,863151,19.77
2017-11-16,15200,15350,15150,15350,944286,19.8
2017-11-17,15250,15400,15050,15300,1079823,19.79
2017-11-20,15300,15450,15200,15300,636118,19.82
2017-11-21,15350,15500,15150,15450,1004690,19.86
2017-11-22,15500,15800,15400,15800,1484923,19.9
2017-11-23,15900,15950,15700,15800,775633,19.89
2017-11-24,15800,15800,15650,15750,385858,19.89
2017-11-27,15650,15900,15650,15750,785062,19.91
2017-11-28,15700,15950,15650,15800,791628,19.89
2017-11-29,15900,15900,15700,15750,376893,19.87
2017-11-30,15950,16000,15750,15900,1583207,19.97
2017-12-01,15900,15950,15300,15300,1199552,19.94
2017-12-04,15300,15650,15200,15650,867438,19.98
2017-12-05,15550,15800,15500,15750,601508,19.89
2017-12-06,15700,15800,15550,15650,839276,19.91
2017-12-07,15550,15750,15500,15550,754839,19.87
2017-12-08,15550,15650,15450,15550,547948,19.87
2017-12-11,15700,15700,15500,15600,530201,19.87
2017-12-12,15550,15650,15450,15650,715132,19.88
2017-12-13,15700,15850,15650,15850,1154240,19.93
2017-12-14,15850,16300,15800,16100,2818650,20.13
2017-12-15,16100,16250,16000,16150,947212,20.07
2017-12-18,16100,16300,16050,16100,650437,20.04
2017-12-19,16150,16300,16100,16200,748877,20.09
2017-12-20,16150,16400,16100,16400,868744,20.11
2017-12-21,16450,16900,16400,16800,1934844,20.2
2017-12-22,16800,17350,16800,17200,1973859,20.28
2017-12-26,17300,17350,16850,17100,1785025,20.3
2017-12-27,16700,16750,16300,16600,1595114,20.39
2017-12-28,16550,16550,16200,16450,1690866,20.51
2018-01-02,16450,16450,16300,16400,612644,20.56
2018-01-03,16300,16550,16300,16450,1076056,20.66
2018-01-04,16550,16550,16150,16400,1095684,20.74
2018-01-05,16350,16950,16300,16750,1358388,20.92
2018-01-08,16900,16900,16500,16800,1333799,21.0
2018-01-09,16900,17200,16700,16800,1348541,21.03
2018-01-10,16800,17100,16800,16900,1037103,21.08
2018-01-11,17050,17150,16550,17100,1311847,21.13
2018-01-12,17250,17250,17000,17100,846803,21.16
2018-01-15,17100,17250,16750,16900,866394,21.21
2018-01-16,16800,16850,16400,16550,1455267,21.29
2018-01-17,16550,16850,16500,16850,929867,21.4
2018-01-18,16850,16900,16450,16500,638981,21.4
2018-01-19,16500,16700,16450,16700,941571,21.47
2018-01-22,16800,16800,16350,16550,983081,21.52
2018-01-23,16600,17100,16500,17000,1293841,21.56
2018-01-24,16950,17100,16850,16900,688441,21.54
2018-01-25,16850,17000,16550,16650,1108469,21.58
2018-01-26,16650,16700,16500,16600,770149,21.57
2018-01-29,16650,16800,16550,16650,812745,21.6
2018-01-30,16700,16900,16600,16750,990967,21.67
2018-01-31,16650,16700,16150,16650,1206296,21.68
2018-02-01,16650,16750,16450,16650,608015,21.71
2018-02-02,16600,16750,16550,16750,690488,21.73
2018-02-05,16650,17200,16600,17100,1503860,21.8
2018-02-06,16800,16850,16200,16300,1704529,21.71
2018-02-07,16500,16550,16100,16200,1315804,21.74
2018-02-08,16100,16200,15800,15950,1321553,21.77
2018-02-09,15500,16050,15300,15700,1015665,21.82
2018-02-12,15800,16500,15800,16450,1044690,21.82
2018-02-13,16600,16600,16250,16350,874148,21.8
2018-02-14,16400,16700,16250,16400,968016,21.84
2018-02-19,16750,16850,16600,16800,718168,21.86
2018-02-20,16850,16900,16500,16700,501901,21.9
2018-02-21,16550,16750,16400,16500,940505,21.92
2018-02-22,16500,16700,16350,16700,653877,21.95
2018-02-23,16600,16850,16600,16800,731881,21.99
2018-02-26,16800,17050,16750,17050,775705,22.01
2018-02-27,17150,17250,17000,17150,1012699,22.11
2018-02-28,17150,17200,16800,17200,1090174,22.15
2018-03-02,17200,17200,16700,16750,762165,22.17
2018-03-05,16650,16800,16200,16300,781814,22.18
2018-03-06,16400,16550,16150,16250,780190,22.18
2018-03-07,16150,16300,16050,16100,745677,22.22
2018-03-08,16300,16400,15350,16000,3126364,22.36
2018-03-09,16000,16000,15250,15400,3679775,22.36
2018-03-12,15450,16000,15400,15950,1814148,22.47
2018-03-13,15900,16000,15700,15850,1130866,22.49
2018-03-14,15800,15950,15700,15800,1051558,22.54
2018-03-15,15850,15900,15700,15800,1155892,22.59
2018-03-16,15850,16400,15800,16350,1788212,22.68
2018-03-19,16400,16450,16250,16350,1414296,22.72
2018-03-20,16300,16450,16000,16150,719476,22.72
2018-03-21,16100,16350,15950,16350,625652,22.74
2018-03-22,16450,16750,16400,16750,1186626,22.84
2018-03-23,16300,16500,15900,16000,1118913,22.86
2018-03-26,15950,16300,15800,16000,709502,22.9
2018-03-27,16300,16550,16200,16250,839613,22.93
2018-03-28,16150,16150,15400,15600,1584396,22.9
2018-03-29,15600,15650,15400,15600,592887,22.89
2018-03-30,15700,15750,15350,15350,881141,22.86
2018-04-02,15350,15400,15050,15150,1046232,22.92
2018-04-03,15000,15050,14600,14800,1664589,22.96
2018-04-04,14900,15300,14850,15050,1464478,23.03
2018-04-05,15150,15350,15000,15200,514592,23.05
2018-04-06,15200,15300,15100,15250,596808,23.08
2018-04-09,15250,15600,15200,15600,987137,23.12
2018-04-10,15450,15800,15300,15800,813492,23.15
2018-04-11,15700,15850,15600,15750,603530,23.17
2018-04-12,15800,16100,15700,15950,803381,23.24
2018-04-13,15950,16350,15750,15900,1337489,23.3
2018-04-16,16000,16000,15700,15800,647497,23.34
2018-04-17,15750,15900,15600,15700,802877,23.39
2018-04-18,15650,16000,15600,15800,915654,23.42
2018-04-19,15700,15850,15650,15750,535071,23.43
2018-04-20,15750,16100,15750,16050,689672,23.43
2018-04-23,16000,16650,15750,16600,1495491,23.44
2018-04-24,16600,16850,16400,16750,1238317,23.43
2018-04-25,16800,16850,16450,16600,891655,23.43
2018-04-26,16500,16650,16300,16450,1059116,23.46
2018-04-27,16550,16950,16550,16750,1203348,23.53
2018-04-30,16900,17100,16800,16850,687651,23.53
2018-05-02,16950,17000,16600,16750,714142,23.59
2018-05-03,16750,16800,16300,16400,646513,23.62
2018-05-04,16300,16500,16200,16400,690931,23.67
2018-05-08,16500,16600,16200,16350,905935,23.69
2018-05-09,16250,16900,16150,16750,1761260,23.76
2018-05-10,16700,17050,16700,16750,854861,23.76
2018-05-11,16800,17000,16750,16950,875616,23.81
2018-05-14,17000,17100,16750,16850,603566,23.84
2018-05-15,16850,16950,16600,16700,631405,23.87
2018-05-16,16700,17000,16600,17000,651682,23.92
2018-05-17,17000,17000,16700,16800,692583,23.92
2018-05-18,16700,16950,16450,16550,607850,23.91
2018-05-21,16500,16650,16400,16400,492565,23.92
2018-05-23,16400,16600,16350,16400,709898,23.94
2018-05-24,16450,16650,16300,16350,493110,23.95
2018-05-25,16400,16450,16100,16200,674541,23.95
2018-05-28,16250,16400,16100,16250,540907,23.96
2018-05-29,16250,16300,16100,16150,366472,23.97
2018-05-30,16000,16100,15350,15500,1242527,23.93
2018-05-31,15650,15700,15500,15600,1370764,23.93
2018-06-01,15600,15750,15450,15500,781938,23.93
2018-06-04,15650,15950,15600,15900,834151,23.95
2018-06-05,16000,16050,15750,16000,659186,23.95
2018-06-07,16350,16400,16150,16200,822746,23.97
2018-06-08,16200,16300,16050,16150,367835,23.98
2018-06-11,16150,16400,16100,16400,412235,23.98
2018-06-12,16400,16450,16100,16450,606980,23.99
2018-06-14,16400,16450,16150,16300,761260,23.97
2018-06-15,16300,16300,15800,16000,1043830,23.94
2018-06-18,16050,16400,16000,16250,669919,23.95
2018-06-19,16050,16250,15800,16050,777728,23.94
2018-06-20,16000,16300,16000,16050,698717,23.92
2018-06-21,15950,16100,15550,15600,757347,23.95
2018-06-22,15450,15950,15450,15700,804611,24.0
2018-06-25,15650,15850,15500,15700,427544,24.02
2018-06-26,15850,15850,15550,15750,467169,24.01
2018-06-27,15600,15900,15600,15700,564053,24.04
2018-06-28,15550,15650,15250,15250,737249,23.99
2018-06-29,15400,15600,15300,15400,822924,24.03
2018-07-02,15350,15650,15300,15400,497914,24.04
2018-07-03,15450,15500,15000,15150,621695,24.02
2018-07-04,15050,15300,15050,15200,328023,24.01
2018-07-05,15350,15500,15200,15450,546505,24.03
2018-07-06,15550,15900,15500,15750,744431,24.03
2018-07-09,15750,16150,15750,16050,527706,24.04
2018-07-10,16150,16200,15750,15900,618407,24.05
2018-07-11,15650,16000,15550,15900,580288,24.07
2018-07-12,16000,16000,15600,15600,592066,24.07
2018-07-13,15700,16000,15700,16000,468176,24.11
2018-07-16,15800,16000,15650,15850,495060,24.11
2018-07-17,15850,15900,15600,15650,1086501,24.05
2018-07-18,15700,15750,15450,15500,486933,24.06
2018-07-19,15550,15750,15350,15450,395474,24.07
2018-07-20,15500,15650,15400,15600,493948,24.09
2018-07-23,15650,15900,15550,15700,899212,24.1
2018-07-24,15650,15800,15450,15500,810923,24.06
2018-07-25,15550,15850,15550,15750,845193,24.05
2018-07-26,15850,15850,15450,15550,759017,24.02
2018-07-27,15650,15650,15400,15600,478156,24.0
2018-07-30,15550,15750,15450,15650,509398,23.98
2018-07-31,15650,15750,15550,15650,878650,23.95
2018-08-01,15750,15750,15550,15600,945288,23.9
2018-08-02,15600,15650,15050,15100,1609712,23.8
2018-08-03,15200,15200,15050,15200,861368,23.76
2018-08-06,15150,15300,15050,15200,957105,23.74
2018-08-07,15200,15250,14850,14900,1511381,23.67
2018-08-08,15000,15500,15000,15350,1305951,23.74
2018-08-09,15400,15450,15150,15350,521857,23.74
2018-08-10,15250,15500,15200,15200,441870,23.74
2018-08-13,15200,15300,15000,15200,491659,23.74
2018-08-14,15100,15200,15050,15150,429168,23.75
2018-08-16,15150,15350,15100,15300,510324,23.77
2018-08-17,15350,15400,15150,15250,362986,23.76
2018-08-20,15350,15350,15000,15050,590050,23.77
2018-08-21,15050,15250,15000,15100,457512,23.78
2018-08-22,15100,15150,15050,15100,417747,23.79
2018-08-23,15100,15150,14850,14950,686307,23.78
2018-08-24,14950,15050,14850,15050,382811,23.77
2018-08-27,15050,15100,14950,15050,344976,23.78
2018-08-28,15100,15300,15050,15150,544550,23.78
2018-08-29,15150,15300,15100,15100,470519,23.77
2018-08-30,15100,15150,14850,14900,876066,23.76
2018-08-31,14900,14950,14750,14900,888839,23.75
2018-09-03,14850,14950,14800,14800,594585,23.74
2018-09-04,14800,14850,14600,14700,938834,23.74
2018-09-05,14650,14750,14500,14500,663605,23.7
2018-09-06,14500,14650,14350,14350,540909,23.68
2018-09-07,14450,14650,14300,14650,684092,23.67
2018-09-10,14550,14700,14500,14650,425222,23.68
2018-09-11,14550,14650,14500,14550,484704,23.67
2018-09-12,14550,14650,14500,14550,713871,23.68
2018-09-13,14650,14750,14550,14700,652573,23.69
2018-09-14,14700,14800,14600,14700,748653,23.69
2018-09-17,14600,14700,14450,14550,389538,23.69
2018-09-18,14500,14550,14400,14500,591902,23.7
2018-09-19,14500,14550,14300,14350,1002839,23.72
2018-09-20,14400,14550,14350,14500,833276,23.72
2018-09-21,14600,14900,14550,14750,1679776,23.73
2018-09-27,14650,15000,14650,14950,1187419,23.85
2018-09-28,15000,15250,14950,15250,888534,23.86
2018-10-01,15250,15400,15200,15300,711262,23.85
2018-10-02,15250,15350,15100,15200,925435,23.81
2018-10-04,15300,15600,15250,15550,1315610,23.86
2018-10-05,15450,15600,15250,15350,730283,23.82
2018-10-08,15400,15500,15300,15350,459898,23.81
2018-10-10,15500,15500,15100,15100,798647,23.82
2018-10-11,14650,14900,14250,14300,1756133,23.77
2018-10-12,14350,14600,14250,14450,878134,23.77
2018-10-15,14450,14550,14250,14450,828972,23.75
2018-10-16,14450,14600,14400,14450,653598,23.73
2018-10-17,14550,14800,14500,14550,676579,23.72
2018-10-18,14550,14600,14300,14400,648880,23.69
2018-10-19,14300,14550,14250,14450,756229,23.63
2018-10-22,14400,14700,14350,14650,518711,23.63
2018-10-23,14550,14600,14300,14350,638059,23.59
2018-10-24,14450,14800,14400,14750,1079121,23.58
2018-10-25,14550,14650,14350,14500,998192,23.5
2018-10-26,14750,15350,14750,15000,2528594,23.57
2018-10-29,15050,15250,14850,14900,1119203,23.54
2018-10-30,14900,14950,14350,14400,1845022,23.54
2018-10-31,14400,14950,14200,14850,1474061,23.58
2018-11-01,14900,15050,14600,14700,1042440,23.58
2018-11-02,14650,15000,14650,15000,860719,23.58
2018-11-05,14850,15050,14750,15050,708435,23.58
2018-11-06,15100,15200,14900,15100,633227,23.6
2018-11-07,15150,15300,14950,15050,912255,23.6
2018-11-08,15250,15400,15200,15350,897043,23.63
2018-11-09,15200,15300,15050,15100,619988,23.6
2018-11-12,15000,15350,15000,15300,499608,23.59
2018-11-13,15100,15300,15000,15300,657653,23.59
2018-11-14,15200,15300,15000,15200,574505,23.59
2018-11-15,15050,15200,14900,15050,701490,23.57
2018-11-16,15100,15100,14950,15050,438574,23.58
2018-11-19,14950,15100,14850,14900,581532,23.55
2018-11-20,14850,15050,14750,15000,502274,23.54
2018-11-21,14900,15000,14850,14900,438049,23.52
2018-11-22,14900,15100,14850,15050,368775,23.52
2018-11-23,15050,15100,15000,15050,342016,23.51
2018-11-26,15100,15150,14950,15100,448449,23.49
2018-11-27,15100,15200,15000,15100,477052,23.52
2018-11-28,15150,15200,14850,14950,698373,23.52
2018-11-29,15050,15150,15000,15100,556390,23.54
2018-11-30,15100,15150,14750,14800,1080009,23.52
2018-12-03,14900,15000,14800,14800,688322,23.52
2018-12-04,14850,14900,14750,14900,666625,23.53
2018-12-05,14800,14900,14600,14850,924151,23.55
2018-12-06,14900,14900,14750,14800,529187,23.53
2018-12-07,14850,14900,14750,14800,410497,23.52
2018-12-10,14650,14700,14300,14450,1371465,23.43
2018-12-11,14450,14500,14300,14350,823993,23.37
2018-12-12,14450,14650,14350,14500,1060310,23.36
2018-12-13,14600,14850,14550,14650,1493137,23.38
2018-12-14,14700,14950,14650,14950,840396,23.39
2018-12-17,14950,15050,14750,14800,967506,23.37
2018-12-18,14800,15000,14700,15000,1012790,23.35
2018-12-19,15000,15150,14900,15050,923351,23.33
2018-12-20,15050,15200,14950,15150,880255,23.37
2018-12-21,15200,15250,15000,15250,1072604,23.29
2018-12-24,15200,15200,14950,15050,976242,23.26
2018-12-26,14900,15000,14600,14900,1849831,23.17
2018-12-27,14450,14500,14000,14050,2245045,23.11
2018-12-28,14050,14200,13900,14050,1530971,23.12
2019-01-02,13950,14000,13350,13550,1546090,23.19
2019-01-03,13600,13750,13450,13650,1236205,23.29
2019-01-04,13600,13600,13300,13350,1301930,23.29
2019-01-07,13450,13600,13150,13300,1968026,23.25
2019-01-08,13300,13450,13100,13450,972156,23.31
2019-01-09,13450,13700,13400,13650,800438,23.35
2019-01-10,13600,13700,13500,13550,963101,23.38
2019-01-11,13550,13700,13450,13650,974342,23.38
2019-01-14,13650,13700,13300,13400,1053857,23.37
2019-01-15,13450,13750,13400,13700,1184853,23.45
2019-01-16,13700,13900,13700,13900,883356,23.49
2019-01-17,13950,14000,13650,13850,939646,23.5
2019-01-18,13900,13950,13650,13750,825532,23.52
2019-01-21,13800,13800,13650,13700,555983,23.53
2019-01-22,13700,13750,13500,13600,835059,23.54
2019-01-23,13650,13750,13550,13650,1482242,23.6
2019-01-24,13600,13850,13600,13850,1038611,23.67
2019-01-25,13750,13900,13750,13900,814035,23.69
2019-01-28,13900,13950,13800,13850,660455,23.7
2019-01-29,13900,13950,13800,13950,1019353,23.75
2019-01-30,14000,14200,13850,14150,1200654,23.78
2019-01-31,14250,14400,14100,14250,1561298,23.78
2019-02-01,14250,14500,14250,14350,1136012,23.79
2019-02-07,14450,14600,14250,14500,898972,23.81
2019-02-08,14500,14550,13950,14050,1762899,23.83
2019-02-11,14050,14100,13800,13900,1260222,23.88
2019-02-12,13900,13950,13800,13900,605671,23.87
2019-02-13,13950,14100,13900,14050,987400,23.89
2019-02-14,14000,14100,13800,14100,995928,23.87
2019-02-15,14000,14100,13900,14000,712797,23.89
2019-02-18,14100,14300,14050,14250,1025110,23.95
2019-02-19,14200,14250,14000,14050,722188,23.94
2019-02-20,14000,14050,13850,14050,1552496,23.96
2019-02-21,14000,14100,13950,14100,843823,23.99
2019-02-22,14000,14100,13900,14000,874943,23.96
2019-02-25,13950,14150,13950,14150,685417,23.96
2019-02-26,14100,14150,13950,14000,629914,23.94
2019-02-27,14000,14050,13900,14050,520904,23.95
2019-02-28,14100,14100,13900,13950,1084214,23.95
2019-03-04,13950,14100,13850,13850,1318817,23.88
2019-03-05,13850,14000,13850,14000,734205,23.89
2019-03-06,14000,14050,13850,13950,623783,23.91
2019-03-07,14050,14100,13900,13950,802744,23.91
2019-03-08,13900,13950,13750,13800,613105,23.89
2019-03-11,13800,14050,13750,13950,804836,23.89
2019-03-12,14050,14200,13950,14150,1132691,23.26
2019-03-13,14150,14250,14050,14200,836991,23.28
2019-03-14,14250,14300,14050,14200,1040141,23.31
2019-03-15,14150,14600,14150,14600,2078710,23.43
2019-03-18,14600,14700,14500,14650,671078,23.42
2019-03-19,14700,14700,14500,14700,513525,23.43
2019-03-20,14600,14650,14400,14500,665007,23.43
2019-03-21,14400,14550,14250,14350,770624,23.47
2019-03-22,14250,14300,14150,14200,633160,23.48
2019-03-25,14050,14250,13950,14150,699990,23.51
2019-03-26,14150,14150,13950,13950,764279,23.51
2019-03-27,14050,14200,14000,14100,440032,23.51
2019-03-28,14050,14100,13900,13950,482063,23.49
2019-03-29,14050,14150,14000,14050,798691,23.49
2019-04-01,14150,14450,14100,14350,787277,23.52
2019-04-02,14400,14600,14350,14550,638543,23.52
2019-04-03,14400,14600,14350,14550,552110,23.54
2019-04-04,14500,14700,14500,14650,685174,23.56
2019-04-05,14600,14750,14450,14600,368432,23.59
2019-04-08,14550,14700,14450,14500,412279,23.6
2019-04-09,14400,14600,14400,14450,475222,23.63
2019-04-10,14350,14600,14250,14550,590958,23.61
2019-04-11,14600,14650,14400,14450,800178,23.62
2019-04-12,14500,14700,14500,14700,483676,23.66
2019-04-15,14650,14750,14600,14600,429352,23.65
2019-04-16,14500,14700,14500,14650,302704,23.65
2019-04-17,14600,14700,14500,14650,309591,23.67
2019-04-18,14700,14700,14350,14450,549716,23.64
2019-04-19,14450,14550,14400,14450,207000,23.64
2019-04-22,14450,14550,14400,14450,239531,23.64
2019-04-23,14450,14600,14350,14550,444600,23.66
2019-04-24,14500,14500,14200,14200,753118,23.62
2019-04-25,14250,14350,14200,14300,455076,23.62
2019-04-26,14300,14350,14100,14100,679489,23.6
2019-04-29,14150,14400,14100,14400,372229,23.59
2019-04-30,14300,14500,14150,14150,631043,23.57
2019-05-02,14100,14450,14100,14450,706991,23.59
2019-05-03,14350,14450,14200,14200,484698,23.61
2019-05-07,14100,14300,14100,14300,601914,23.63
2019-05-08,14200,14400,14150,14250,502799,23.62
2019-05-09,14250,14300,13900,13900,880681,23.6
2019-05-10,13950,14100,13950,14000,621061,23.58
2019-05-13,14100,14100,13850,13900,467721,23.56
2019-05-14,13900,14000,13750,13900,790973,23.58
2019-05-15,13900,14050,13800,13950,614091,23.57
2019-05-16,13900,14050,13850,14000,618035,23.57
2019-05-17,14050,14050,13950,13950,591250,23.57
2019-05-20,13950,14000,13800,13800,549665,23.54
2019-05-21,13750,14000,13750,14000,598457,23.58
2019-05-22,13950,14000,13800,13950,592683,23.58
2019-05-23,13950,14000,13850,13900,618258,23.59
2019-05-24,13850,14000,13850,13900,523836,23.57
2019-05-27,13950,13950,13850,13900,339276,23.56
2019-05-28,13950,13950,13750,13750,1598572,23.5
2019-05-29,13850,13850,13600,13650,732218,23.48
2019-05-30,13700,14000,13600,14000,803977,23.52
2019-05-31,13900,13950,13750,13850,710571,23.52
2019-06-03,13800,14000,13700,13900,721226,23.57
2019-06-04,13900,14000,13850,13950,614093,23.6
2019-06-05,14050,14050,13850,13850,457217,23.6
2019-06-07,13800,13900,13800,13850,527814,23.61
2019-06-10,13900,13950,13850,13950,378464,23.63
2019-06-11,13950,14000,13900,13950,444563,23.64
2019-06-12,14000,14100,13900,14000,615776,23.65
2019-06-13,13950,14050,13750,13950,1201675,23.62
2019-06-14,13900,13950,13800,13950,517265,23.65
2019-06-17,13950,14000,13850,13900,389141,23.64
2019-06-18,13900,14050,13900,14050,578969,23.6
2019-06-19,14100,14150,14050,14050,469120,23.61
2019-06-20,14150,14150,13900,13950,739207,23.59
2019-06-21,13950,14050,13900,13900,643366,23.59
2019-06-24,14000,14050,13950,13950,542024,23.59
2019-06-25,13950,14050,13900,13950,610855,23.56
2019-06-26,13900,14050,13900,14050,496543,23.57
2019-06-27,14000,14150,13950,14050,575781,23.57
2019-06-28,14050,14200,14050,14050,637285,23.59
2019-07-01,14150,14200,14000,14100,446892,23.6
2019-07-02,14000,14050,13950,14050,510904,23.58
2019-07-03,14000,14050,13750,13800,824596,23.53
2019-07-04,13850,13900,13750,13900,502537,23.54
2019-07-05,13900,13900,13800,13850,273295,23.53
2019-07-08,13800,13850,13700,13750,506117,23.53
2019-07-09,13700,13800,13650,13650,392740,23.52
2019-07-10,13650,13700,13550,13550,623005,23.49
2019-07-11,13550,13750,13500,13600,559027,23.5
2019-07-12,13650,13750,13600,13750,526428,23.51
2019-07-15,13750,13900,13700,13900,601197,23.55
2019-07-16,13850,13900,13700,13800,686988,23.5
2019-07-17,13750,13850,13700,13800,592604,23.54
2019-07-18,13750,13800,13650,13700,504753,23.51
2019-07-19,13750,13800,13700,13800,345172,23.48
2019-07-22,13800,13850,13700,13750,372377,23.49
2019-07-23,13750,13950,13750,13850,598915,23.52
2019-07-24,13850,14000,13800,13900,894363,23.56
2019-07-25,13900,13950,13700,13700,665292,23.53
2019-07-26,13650,13700,13550,13550,754387,23.52
2019-07-29,13550,13650,13300,13300,728390,23.47
2019-07-30,13400,13400,13200,13200,471919,23.45
2019-07-31,13200,13300,13150,13150,762160,23.43
2019-08-01,13150,13250,13050,13050,544743,23.41
2019-08-02,13000,13100,12600,12650,1042364,23.33
2019-08-05,12550,12750,12500,12600,1091910,23.27
2019-08-06,12500,12800,12250,12550,1506923,23.16
2019-08-07,12600,12700,12400,12600,889731,23.12
2019-08-08,12550,12650,12400,12400,1168693,23.07
2019-08-09,12500,12800,12450,12700,691453,23.08
2019-08-12,12700,12700,12450,12450,622087,23.05
2019-08-13,12350,12400,12100,12150,967649,23.04
2019-08-14,12250,12300,12100,12100,764468,23.04
2019-08-16,12050,12200,12000,12100,637181,23.04
2019-08-19,12100,12400,12100,12350,632860,23.04
2019-08-20,12300,12350,12200,12250,651559,22.99
2019-08-21,12300,12350,12200,12250,426267,22.97
2019-08-22,12300,12350,12200,12200,925381,22.93
2019-08-23,12250,12250,12050,12150,630500,22.9
2019-08-26,11950,12050,11850,11950,981235,22.87
2019-08-27,12000,12100,11800,11800,1340489,22.78
2019-08-28,11800,12050,11750,12000,694360,22.8
2019-08-29,12050,12100,11900,12050,443320,22.8
2019-08-30,12150,12450,12100,12400,990163,22.8
2019-09-02,12350,12450,12250,12400,340481,22.78
2019-09-03,12350,12450,12250,12300,501541,22.75
2019-09-04,12250,12350,12200,12350,674749,22.69
2019-09-05,12350,12500,12300,12400,751555,22.68
2019-09-06,12400,12600,12400,12500,723351,22.64
2019-09-09,12450,12800,12450,12700,1535977,22.64
2019-09-10,12700,13100,12650,13000,2108793,22.59
2019-09-11,12950,13300,12950,13300,1687890,22.5
2019-09-16,13300,13450,13250,13400,951627,22.48
2019-09-17,13250,13400,13200,13300,844859,22.46
2019-09-18,13300,13400,13200,13350,784335,22.46
2019-09-19,13350,13350,13050,13200,891920,22.42
2019-09-20,13100,13450,13100,13450,836289,22.41
2019-09-23,13450,13500,13400,13500,540487,22.44
2019-09-24,13500,13550,13250,13300,843548,22.38
2019-09-25,13300,13400,13300,13300,633028,22.38
2019-09-26,13350,13450,13300,13400,475426,22.37
2019-09-27,13450,13450,12850,12850,1332146,22.3
2019-09-30,12850,13200,12850,13200,856713,22.33
2019-10-01,13100,13250,13050,13200,513976,22.3
2019-10-02,13150,13150,12950,12950,891769,22.27
2019-10-04,12900,12950,12750,12750,719355,22.26
2019-10-07,12850,12900,12750,12800,396854,22.25
2019-10-08,12800,12850,12550,12550,1818725,22.03
2019-10-10,12400,12500,12200,12300,1925943,21.93
2019-10-11,12350,12600,12300,12450,1536007,21.87
2019-10-14,12550,12850,12500,12750,968307,21.86
2019-10-15,12650,12750,12600,12650,1059148,21.75
2019-10-16,12700,12850,12600,12650,1673070,21.65
2019-10-17,12600,12800,12550,12750,824501,21.66
2019-10-18,12750,12850,12500,12600,1205252,21.6
2019-10-21,12500,12700,12500,12700,484282,21.61
2019-10-22,12700,12850,12700,12850,1199084,21.55
2019-10-23,12800,12800,12600,12600,859235,21.51
2019-10-24,12600,12700,12550,12700,830842,21.52
2019-10-25,12650,12700,12500,12700,905407,21.52
2019-10-28,12650,12650,12050,12100,3066015,21.49
2019-10-29,12150,12150,12000,12050,1425304,21.45
2019-10-30,12100,12150,11800,11800,1832894,21.34
2019-10-31,11850,11950,11800,11800,1683760,21.22
2019-11-01,11800,11900,11800,11900,798879,21.17
2019-11-04,11950,12100,11900,12100,1088262,21.14
2019-11-05,12100,12200,12050,12200,1022321,21.11
2019-11-06,12200,12250,12100,12100,657413,21.1
2019-11-07,12050,12300,12050,12250,997816,21.11
2019-11-08,12250,12400,12200,12250,1083176,21.04
2019-11-11,12250,12350,12200,12250,756400,21.02
2019-11-12,12250,12350,12200,12300,962213,21.02
2019-11-13,12300,12350,12100,12150,1393155,21.0
2019-11-14,12150,12150,11950,12000,2071043,20.9
2019-11-15,12000,12300,12000,12250,1445821,20.94
2019-11-18,12300,12300,12100,12250,925919,20.93
2019-11-19,12150,12200,12100,12100,1347971,20.87
2019-11-20,12100,12200,12050,12100,2087841,20.89
2019-11-21,12100,12100,11850,11900,2306766,20.76
2019-11-22,11900,11950,11850,11900,1617169,20.71
2019-11-25,11900,12050,11900,12000,1357311,20.68
2019-11-26,12000,12000,11900,11900,2323894,20.65
2019-11-27,11950,12000,11850,11950,1307126,20.63
2019-11-28,11900,11950,11800,11900,1404533,20.57
2019-11-29,11900,11950,11700,11750,2045126,20.47
2019-12-02,11750,11850,11700,11850,1515447,20.45
2019-12-03,11800,11850,11700,11750,1463040,20.44
2019-12-04,11700,11750,11550,11750,1543193,20.39
2019-12-05,11750,11800,11700,11750,989875,20.37
2019-12-06,11800,11900,11750,11900,899497,20.34
2019-12-09,11900,11950,11800,11900,1079212,20.36
2019-12-10,11850,11950,11850,11850,947065,20.3
2019-12-11,11850,11900,11750,11850,1796182,20.18
2019-12-12,11900,12100,11850,12100,2548546,20.22
2019-12-13,12150,12450,12150,12400,3006285,20.2
2019-12-16,12450,12500,12250,12250,1727050,20.12
2019-12-17,12250,12300,12050,12250,2318712,20.0
2019-12-18,12250,12450,12200,12400,1777513,19.99
2019-12-19,12350,12400,12300,12350,1148372,19.94
2019-12-20,12350,12400,12300,12300,1733966,19.9
2019-12-23,12350,12450,12300,12450,1596366,19.89
2019-12-24,12450,12500,12350,12400,1970859,19.76
2019-12-26,12400,12500,12400,12500,3311160,19.73
2019-12-27,11900,11950,11800,11900,3927328,19.57
2019-12-30,11850,11900,11750,11800,905560,19.56
2020-01-02,11750,11800,11550,11550,2004412,19.5
2020-01-03,11600,11750,11550,11600,1478623,19.52
2020-01-06,11550,11550,11300,11350,1840398,19.53
2020-01-07,11400,11450,11350,11400,1027565,19.55
2020-01-08,11300,11350,11000,11150,2053986,19.61
2020-01-09,11200,11350,11050,11100,2011621,19.58
2020-01-10,11100,11200,11050,11100,964214,19.56
2020-01-13,11050,11150,11000,11150,1299071,19.61
2020-01-14,11150,11250,11150,11200,1547190,19.57
2020-01-15,11200,11350,11200,11250,963366,19.54
2020-01-16,11250,11300,11100,11200,867257,19.53
2020-01-17,11150,11250,11100,11250,903772,19.53
2020-01-20,11250,11350,11200,11250,1217547,19.51
2020-01-21,11250,11300,11200,11200,800253,19.51
2020-01-22,11200,11250,11100,11150,995026,19.43
2020-01-23,11150,11200,11100,11100,865821,19.46
2020-01-28,10950,11000,10700,10700,2283509,19.44
2020-01-29,10750,10850,10700,10800,1069701,19.46
2020-01-30,10800,10950,10800,10800,1051202,19.49
2020-01-31,10900,10900,10750,10750,1016276,19.45
2020-02-03,10650,10700,10500,10650,1371028,19.47
2020-02-04,10700,10700,10500,10550,1604177,19.45
2020-02-05,10600,10750,10550,10600,1222152,19.45
2020-02-06,10600,10950,10600,10900,1587087,19.49
2020-02-07,10850,10850,10700,10850,1241093,19.52
2020-02-10,10750,10800,10550,10600,2015197,19.41
2020-02-11,10600,10700,10550,10600,1390599,19.42
2020-02-12,10600,10650,10450,10500,2654683,19.31
2020-02-13,10500,10550,10400,10400,1681662,19.27
2020-02-14,10400,10450,10150,10200,3166171,19.26
2020-02-17,10150,10250,10100,10150,1576712,19.27
2020-02-18,10150,10150,10000,10050,1500995,19.24
2020-02-19,10050,10150,10000,10100,1542470,19.24
2020-02-20,10100,10150,10000,10000,1213375,19.24
2020-02-21,9980,9990,9900,9900,1850503,19.19
2020-02-24,9680,9720,9480,9480,2460837,19.23
2020-02-25,9320,9840,9320,9690,1703737,19.24
2020-02-26,9550,9750,9500,9660,1497075,19.22
2020-02-27,9600,9820,9600,9780,1403170,19.21
2020-02-28,9700,9720,9450,9510,2529664,19.14
2020-03-02,9490,9580,9410,9430,1313790,19.09
2020-03-03,9510,9580,9390,9390,1549972,19.1
2020-03-04,9380,9540,9330,9450,1879329,19.14
2020-03-05,9490,9500,9350,9390,2157354,19.12
2020-03-06,9320,9360,8950,9020,3798856,19.16
2020-03-09,8860,8870,8500,8520,2732695,19.15
2020-03-10,8300,8480,8290,8410,1878506,19.14
2020-03-11,8390,8620,8360,8420,2129277,19.19
2020-03-12,8320,8350,7800,7910,4060421,19.12
2020-03-13,7150,7650,7020,7450,4868340,19.16
2020-03-16,7480,7640,7100,7100,3104062,19.1
2020-03-17,6600,6870,6500,6710,3685283,19.06
2020-03-18,6710,6790,6510,6510,2618531,19.05
2020-03-19,6510,6600,5860,5870,4156109,19.02
2020-03-20,6030,6620,5900,6620,3698474,19.03
2020-03-23,6150,6410,6010,6130,2587895,18.92
2020-03-24,6330,6760,6160,6680,2411046,18.9
2020-03-25,7070,7470,7030,7370,3811848,18.84
2020-03-26,7400,7510,7160,7270,3906989,18.7
2020-03-27,7600,7670,7220,7370,2917213,18.64
2020-03-30,7130,7410,6980,7270,2169902,18.52
2020-03-31,7400,7560,7280,7500,2696258,18.53
2020-04-01,7400,7550,7160,7160,2277600,18.38
2020-04-02,7160,7300,7000,7230,2046811,18.27
2020-04-03,7230,7300,7100,7230,1880217,18.22
2020-04-06,7230,7450,7210,7440,2517463,18.19
2020-04-07,7650,7800,7450,7560,2976291,18.11
2020-04-08,7510,7590,7430,7450,2103995,18.08
2020-04-09,7570,7600,7450,7510,2155700,18.03
2020-04-10,7590,7840,7520,7820,3715056,18.06
2020-04-13,7770,8040,7710,7750,3243711,17.96
2020-04-14,7830,7900,7750,7900,1866762,17.92
2020-04-16,7780,7820,7630,7720,2611738,17.73
2020-04-17,7790,7930,7780,7880,2806396,17.68
2020-04-20,7800,7830,7650,7700,3925258,17.57
2020-04-21,7560,7620,7400,7480,3416231,17.46
2020-04-22,7270,7360,7210,7340,3578458,17.42
2020-04-23,7370,7410,7300,7320,2632930,17.41
2020-04-24,7300,7300,7190,7200,2462628,17.31
2020-04-27,7230,7710,7230,7620,4822565,17.47
2020-04-28,7780,8090,7640,7720,5874015,17.4
2020-04-29,7790,8020,7750,7900,4387448,17.41
2020-05-04,7740,7800,7620,7660,3212983,17.23
2020-05-06,7770,7790,7620,7670,2286710,17.09
2020-05-07,7650,7760,7590,7720,1809219,17.1
2020-05-08,7770,7820,7710,7740,1891292,16.2
2020-05-11,7740,7770,7600,7600,1831910,16.12
2020-05-12,7600,7600,7400,7440,2375026,16.04
2020-05-13,7360,7450,7310,7450,1711980,15.98
2020-05-14,7360,7410,7320,7370,1867079,15.97
2020-05-15,7480,7630,7390,7550,2522150,14.57
2020-05-18,7570,7600,7420,7460,1546786,14.55
2020-05-19,7670,7800,7670,7730,2869594,14.63
2020-05-20,7640,7720,7620,7680,1459404,14.58
2020-05-21,7740,7770,7680,7740,1907202,14.59
2020-05-22,7750,7750,7550,7560,1810736,14.5
2020-05-25,7600,7620,7520,7620,955351,14.49
2020-05-26,7640,7810,7580,7770,2471172,14.56
2020-05-27,7860,7990,7810,7960,4295846,14.59
2020-05-28,8170,8380,8060,8240,7549725,14.61
2020-05-29,8110,8400,8030,8280,4819669,14.54
2020-06-01,8300,8500,8300,8480,2861703,14.5
2020-06-02,8470,9050,8460,9000,5549703,14.46
2020-06-03,9270,9960,9140,9730,8315050,14.36
2020-06-04,9900,10150,9370,9540,6349119,14.23
2020-06-05,9560,9790,9450,9730,3110692,14.2
2020-06-08,9990,10000,9640,9680,2862958,14.14
2020-06-09,9630,9750,9350,9480,3464519,14.07
2020-06-10,9480,9500,9240,9280,2561458,14.01
2020-06-11,9110,9120,8780,8840,6190796,13.98
2020-06-12,8290,8600,8290,8590,3467501,13.96
2020-06-15,8550,8810,8310,8310,3511295,13.97
2020-06-16,8450,8920,8450,8900,2692428,14.0
2020-06-17,8890,8890,8620,8820,2100867,14.02
2020-06-18,8740,8860,8690,8810,1594860,14.02
2020-06-19,8900,8910,8640,8640,3523066,13.9
2020-06-22,8560,8590,8400,8400,2197121,13.77
2020-06-23,8450,8530,8190,8270,2305389,13.66
2020-06-24,8300,8410,8280,8300,1618551,13.6
2020-06-25,8280,8280,8100,8110,1791323,13.58
2020-06-26,8240,8290,8180,8180,1449752,13.59
2020-06-29,8000,8050,7950,8020,1720515,13.58
2020-06-30,8080,8200,8060,8080,1493595,13.56
2020-07-01,8120,8250,8110,8120,1116031,13.57
2020-07-02,8110,8180,8100,8150,932932,13.53
2020-07-03,8170,8260,8120,8170,967410,13.51
2020-07-06,8170,8220,8070,8210,1480755,13.51
2020-07-07,8270,8330,8140,8140,1655384,13.48
2020-07-08,8090,8190,8090,8130,1331489,13.47
2020-07-09,8150,8160,8020,8020,1803494,13.2
2020-07-10,8000,8020,7860,7870,2175370,13.16
2020-07-13,7980,8150,7900,8150,1537523,13.23
2020-07-14,8060,8100,8020,8100,979442,13.2
2020-07-15,8170,8380,8160,8260,2221196,13.19
2020-07-16,8300,8370,8180,8290,1429668,13.22
2020-07-17,8280,8300,8180,8200,1294068,13.17
2020-07-20,8180,8340,8140,8330,1604882,13.24
2020-07-21,8330,8400,8200,8260,1740152,13.2
2020-07-22,8320,8600,8300,8350,3437481,13.24
2020-07-23,8350,8380,8210,8250,1877647,13.19
2020-07-24,8210,8330,8170,8250,1220735,13.2
2020-07-27,8250,8400,8250,8290,1210824,13.22
2020-07-28,8300,8400,8250,8300,1916364,13.21
2020-07-29,8250,8340,8220,8260,1200391,13.18
2020-07-30,8270,8340,8220,8240,1445972,13.14
2020-07-31,8240,8250,8110,8110,2051856,13.04
2020-08-03,8140,8160,8070,8080,1136832,13.01
2020-08-04,8070,8220,8070,8200,1361938,13.01
2020-08-05,8200,8240,8120,8160,1253971,12.99
2020-08-06,8180,8400,8170,8290,2724744,13.05
2020-08-07,8320,8330,8170,8230,1585276,12.98
2020-08-10,8260,8410,8230,8400,3094346,13.12
2020-08-11,8500,8690,8450,8680,4207516,13.2
2020-08-12,8750,8890,8570,8800,4199990,11.98
2020-08-13,8800,8860,8740,8820,3430244,11.99
2020-08-14,8820,8830,8610,8700,1991022,11.96
2020-08-18,8620,8650,8300,8300,2600765,11.88
2020-08-19,8320,8550,8320,8390,1330333,11.87
2020-08-20,8320,8380,8120,8120,2494703,11.88
2020-08-21,8160,8270,8150,8190,1331757,11.88
2020-08-24,8190,8300,8110,8280,1120572,11.9
2020-08-25,8360,8440,8330,8420,1392604,11.95
2020-08-26,8380,8410,8220,8350,1463232,11.95
2020-08-27,8310,8310,8200,8220,1176456,11.91
2020-08-28,8270,8360,8230,8260,1177457,11.91
2020-08-31,8280,8320,8090,8090,2731627,11.74
2020-09-01,8090,8210,8080,8170,1375302,11.73
2020-09-02,8200,8230,8160,8220,893824,11.75
2020-09-03,8230,8340,8230,8290,1464078,11.77
2020-09-04,8170,8230,8140,8200,1227206,11.76
2020-09-07,8240,8290,8180,8270,1203100,11.77
2020-09-08,8300,8360,8220,8230,1994391,11.73
2020-09-09,8160,8190,8090,8130,2659641,11.61
2020-09-10,8160,8200,8140,8200,1621707,11.59
2020-09-11,8130,8180,8120,8180,1097220,11.56
2020-09-14,8200,8230,8150,8200,1440155,11.55
2020-09-15,8200,8210,8150,8170,1801216,11.46
2020-09-16,8150,8170,8120,8150,1546812,11.39
2020-09-17,8140,8160,8100,8120,1533685,11.34
2020-09-18,8140,8140,8000,8000,3530713,11.17
2020-09-21,8050,8090,7980,8000,1767710,11.08
2020-09-22,7970,8000,7870,7880,2091223,11.01
2020-09-23,7900,7920,7850,7910,1691834,10.96
2020-09-24,7880,7880,7780,7790,1526369,10.9
2020-09-25,7840,7920,7830,7850,998281,10.89
2020-09-28,7910,7960,7880,7910,968554,10.9
2020-09-29,7990,8050,7980,8010,1293592,10.89
2020-10-05,8040,8180,8010,8110,1987602,10.92
2020-10-06,8120,8180,8100,8110,1300691,10.92
2020-10-07,8090,8180,8040,8160,1317017,10.9
2020-10-08,8180,8190,8120,8150,1579611,10.91
2020-10-12,8150,8160,8080,8140,1719441,10.82
2020-10-13,8150,8170,8100,8160,1118700,10.79
2020-10-14,8150,8160,8080,8090,1399974,10.72
2020-10-15,8090,8100,8040,8080,1058721,10.7
2020-10-16,8120,8120,8050,8080,785022,10.7
2020-10-19,8090,8280,8090,8220,2782966,10.79
2020-10-20,8190,8250,8130,8210,1558266,10.72
2020-10-21,8220,8290,8180,8280,1816679,10.75
2020-10-22,8270,8460,8250,8450,3325898,10.83
2020-10-23,8530,8760,8500,8720,4742543,10.94
2020-10-26,8750,8790,8510,8520,3362915,10.8
2020-10-27,8430,8440,8310,8340,2512353,10.72
2020-10-28,8270,8460,8260,8430,1518408,10.7
2020-10-29,8270,8350,8240,8320,2293721,10.61
2020-10-30,8320,8370,8170,8170,2257045,10.5
2020-11-02,8170,8480,8170,8440,2430609,10.57
2020-11-03,8490,8560,8430,8500,1886873,10.61
2020-11-04,8590,8600,8390,8450,1881407,10.58
2020-11-05,8510,8560,8450,8550,1639658,10.6
2020-11-06,8590,8600,8540,8570,1412805,10.64
2020-11-09,8600,8660,8570,8630,1855408,10.69
2020-11-10,8900,8950,8740,8860,4772839,10.73
2020-11-11,8880,9260,8870,9250,5795663,10.85
2020-11-12,9200,9220,9040,9060,3504609,10.81
2020-11-13,8980,9120,8930,9020,2652282,10.82
2020-11-16,9060,9250,9030,9150,2834554,10.81
2020-11-17,9200,9290,9060,9100,2427691,10.79
2020-11-18,9100,9130,9060,9120,1613090,10.77
2020-11-19,9110,9110,9020,9080,1729711,10.77
2020-11-20,9200,9330,9170,9330,3667645,10.85
2020-11-23,9360,9520,9270,9510,3113168,10.87
2020-11-24,9550,9590,9480,9570,2629660,10.84
2020-11-25,9630,9790,9490,9680,3803371,10.77
2020-11-26,9680,9680,9540,9630,2118519,10.69
2020-11-27,9630,9660,9550,9620,1387506,10.66
2020-11-30,9630,9670,9300,9300,4127886,10.45
2020-12-01,9390,9520,9380,9500,1546795,10.42
2020-12-02,9560,9590,9450,9560,2012130,10.4
2020-12-03,9590,9600,9510,9580,1471859,10.35
2020-12-04,9550,9620,9510,9590,2096022,10.33
2020-12-07,9560,9590,9380,9460,2426097,10.29
2020-12-08,9420,9430,9300,9350,2452593,10.26
2020-12-09,9320,9490,9310,9420,1856373,10.28
2020-12-10,9440,9470,9340,9420,4130688,10.39
2020-12-11,9470,9570,9450,9520,2609850,10.36
2020-12-14,9530,9540,9420,9420,2243696,10.24
2020-12-15,9420,9430,9320,9350,2053875,10.15
2020-12-16,9410,9480,9380,9450,1995011,10.24
2020-12-17,9430,9450,9350,9440,1752607,10.13
2020-12-18,9440,9450,9360,9360,2285719,10.09
2020-12-21,9390,9420,9320,9410,1855041,10.1
2020-12-22,9410,9420,9330,9330,1714044,10.08
2020-12-23,9330,9380,9310,9350,1536206,10.06
2020-12-24,9390,9500,9360,9450,3301952,10.13
2020-12-28,9500,9530,9450,9480,6854351,10.16
2020-12-29,9000,9030,8850,8880,6722586,10.04
2020-12-30,8850,8860,8650,8840,3840409,10.12
2021-01-04,8860,8860,8610,8620,4120038,10.15
2021-01-05,8580,8710,8550,8710,2863048,10.2
2021-01-06,8720,8860,8630,8700,4173194,10.24
2021-01-07,8900,8930,8820,8870,5166139,10.27
2021-01-08,8950,8950,8780,8830,4133444,10.44
2021-01-11,8830,8830,8580,8670,4981137,10.46
2021-01-12,8630,8770,8580,8680,3264949,10.49
2021-01-13,8760,8890,8740,8880,4524400,10.63
2021-01-14,8900,8910,8800,8840,2769776,10.6
2021-01-15,8880,8890,8670,8670,3345712,10.52
2021-01-18,8640,8640,8540,8560,2860178,10.45
2021-01-19,8600,8680,8550,8630,1983336,10.46
2021-01-20,8630,8640,8540,8560,2345818,10.42
2021-01-21,8580,8590,8510,8570,2165365,10.48
2021-01-22,8550,8560,8470,8480,2354910,10.45
2021-01-25,8440,8450,8370,8420,2566266,10.45
2021-01-26,8420,8440,8270,8280,3788576,10.46
2021-01-27,8320,8360,8220,8240,2071823,10.46
2021-01-28,8160,8170,8030,8080,2931712,10.44
2021-01-29,8120,8130,7830,7830,4586758,10.35
2021-02-01,7840,8250,7830,8160,2696592,10.42
2021-02-02,8160,8230,8110,8190,1414090,10.42
2021-02-03,8260,8290,8130,8240,1672567,10.41
2021-02-04,8230,8230,8080,8110,1509279,10.39
2021-02-05,8160,8230,8140,8230,1725976,10.41
2021-02-08,8290,8550,8250,8490,3918623,10.49
2021-02-09,8580,8590,8370,8420,1984690,10.47
2021-02-10,8460,8500,8340,8470,1598062,10.48
2021-02-15,8520,8540,8460,8470,1449500,10.47
2021-02-16,8470,8480,8370,8440,990855,10.48
2021-02-17,8490,8550,8440,8500,1904397,10.52
2021-02-18,8500,8520,8400,8400,1350572,10.49
2021-02-19,8400,8460,8270,8460,1815975,10.52
2021-02-22,8490,8510,8420,8420,1828356,10.53
2021-02-23,8480,8560,8440,8460,1609470,10.55
2021-02-24,8480,8540,8410,8420,2002790,10.58
2021-02-25,8470,8530,8430,8520,1704975,10.62
2021-02-26,8420,8450,8310,8330,2858023,10.53
2021-03-02,8400,8480,8360,8390,1410580,10.55
2021-03-03,8380,8550,8370,8540,2070910,10.67
2021-03-04,8540,8650,8470,8580,2495334,10.75
2021-03-05,8580,8760,8580,8650,3800549,10.83
2021-03-08,8730,8850,8680,8850,4294872,10.92
2021-03-09,8960,9040,8860,8990,6055989,10.96
2021-03-10,8850,8990,8770,8990,3432807,11.07
2021-03-11,9050,9170,8980,9010,4134258,11.23
2021-03-12,8960,8980,8850,8960,2416771,11.28
2021-03-15,9020,9070,8980,9020,2054784,11.33
2021-03-16,9020,9110,9020,9100,2089916,11.4
2021-03-17,9100,9140,9050,9110,1569225,11.44
2021-03-18,9110,9140,9000,9130,2824744,11.55
2021-03-19,9220,9230,9070,9120,3439439,11.56
2021-03-22,9110,9130,9040,9110,1671812,11.58
2021-03-23,9070,9120,9000,9010,1677696,11.57
2021-03-24,8950,9010,8890,8900,1836301,11.61
2021-03-25,8900,9080,8850,9030,1780315,11.67
2021-03-26,9070,9110,9020,9030,1481865,11.68
2021-03-29,9040,9080,8960,9080,1730505,11.76
2021-03-30,9080,9160,9050,9140,1916771,11.88
2021-03-31,9170,9210,9120,9160,2793161,11.92
2021-04-01,9170,9180,9050,9090,1764117,11.82
2021-04-02,9080,9090,9020,9040,1097836,11.8
2021-04-05,9050,9090,9000,9080,865969,11.83
2021-04-06,9080,9110,9030,9060,1094799,11.84
2021-04-07,9060,9240,9060,9170,3115090,12.01
2021-04-08,9240,9240,9160,9160,1825375,12.01
2021-04-09,9150,9180,9120,9160,1079881,11.98
2021-04-12,9160,9200,9120,9180,962576,11.89
2021-04-13,9180,9200,9160,9200,1100465,11.93
2021-04-14,9200,9210,9130,9160,1242141,11.89
2021-04-15,9160,9250,9160,9240,1661051,11.96
2021-04-16,9200,9200,9150,9150,1586954,11.91
2021-04-19,9070,9150,9060,9150,1669874,11.95
2021-04-20,9130,9220,9120,9220,1384536,12.03
2021-04-21,9200,9220,9130,9140,1530213,12.04
2021-04-22,9170,9240,9150,9230,1890895,12.15
2021-04-23,9220,9320,9180,9300,2451178,12.27
2021-04-26,9340,9480,9330,9390,2809939,12.3
2021-04-27,9440,9470,9370,9460,2416933,12.36
2021-04-28,9490,9680,9480,9590,4619085,12.54
2021-04-29,9650,9730,9500,9510,2944162,12.53
2021-04-30,9530,9730,9530,9690,3693510,12.67
2021-05-03,9700,9700,9520,9520,2452892,12.64
2021-05-04,9530,9640,9380,9520,2122684,12.68
2021-05-06,9600,10150,9590,10150,8653675,13.12
2021-05-07,10250,10350,10100,10200,3320736,13.11
2021-05-10,10250,10400,10050,10300,3264857,13.1
2021-05-11,10250,10500,10200,10400,2822653,13.1
2021-05-12,10400,10400,10000,10250,2614280,13.09
2021-05-13,10100,10900,10050,10650,6847378,13.26
2021-05-14,10650,10850,10500,10700,2646200,13.12
2021-05-17,10700,10850,10550,10800,2531553,13.08
2021-05-18,10800,11100,10800,11000,2705553,13.1
2021-05-20,11000,11100,10700,10800,2648104,13.05
2021-05-21,10850,10850,10400,10500,2817065,13.07
2021-05-24,10400,10750,10350,10600,1653599,13.11
2021-05-25,10600,10700,10550,10700,1769367,13.05
2021-05-26,10600,10700,10550,10700,1372203,13.06
2021-05-27,10700,10700,10500,10500,2454590,12.98
2021-05-28,10600,10900,10600,10850,2211396,13.02
2021-05-31,10900,10950,10700,10800,1859497,12.97
2021-06-01,10800,10850,10600,10750,1516776,12.92
2021-06-02,10800,10850,10700,10800,1328212,12.92
2021-06-03,10850,11000,10800,10800,2042788,12.92
2021-06-04,10800,11150,10800,10950,2722877,12.97
2021-06-07,10950,11050,10850,11000,1677330,12.97
2021-06-08,11000,11100,10900,11000,1645711,12.95
2021-06-09,10950,11000,10850,10850,1526214,12.91
2021-06-10,10800,10850,10600,10650,2225385,12.88
2021-06-11,10600,10700,10500,10650,1500753,12.89
2021-06-14,10650,10700,10500,10600,1373168,12.87
2021-06-15,10550,10650,10500,10600,1332886,12.84
2021-06-16,10600,10900,10600,10850,1582231,12.86
2021-06-17,10900,10950,10650,10700,1643558,12.79
2021-06-18,10600,10650,10500,10500,2059395,12.74
2021-06-21,10350,10450,10300,10350,2338201,12.74
2021-06-22,10500,10550,10400,10500,1110300,12.76
2021-06-23,10500,10500,10350,10400,1290361,12.79
2021-06-24,10400,10550,10350,10550,1072866,12.82
2021-06-25,10650,10700,10550,10650,1489959,12.83
2021-06-28,10700,10800,10600,10650,1439238,12.8
2021-06-29,10600,10650,10500,10500,1239293,12.77
2021-06-30,10500,10600,10450,10500,847239,12.76
2021-07-01,10450,10500,10350,10350,1490725,12.77
2021-07-02,10400,10450,10350,10450,838863,12.8
2021-07-05,10450,10500,10350,10450,818926,12.77
2021-07-06,10400,10500,10400,10500,834569,12.79
2021-07-07,10400,10400,10300,10400,1600245,12.8
2021-07-08,10400,10450,10300,10300,1675500,12.8
2021-07-09,10150,10150,9950,10050,3329890,12.72
2021-07-12,10150,10300,10150,10250,1205955,12.81
2021-07-13,10350,10400,10300,10350,1773439,12.82
2021-07-14,10300,10300,10200,10200,909897,12.81
2021-07-15,10250,10350,10150,10350,1164969,12.8
2021-07-16,10300,10450,10250,10450,1413969,12.86
2021-07-19,10400,10400,10300,10300,786574,12.84
2021-07-20,10150,10250,10100,10200,1134989,12.83
2021-07-21,10250,10300,10150,10200,795898,12.81
2021-07-22,10300,10450,10250,10350,1665353,12.88
2021-07-23,10350,10350,10250,10250,1340961,12.87
2021-07-26,10250,10350,10200,10250,846906,12.9
2021-07-27,10350,10450,10300,10350,1609351,12.94
2021-07-28,10300,10400,10250,10350,719548,12.93
2021-07-29,10350,10450,10350,10350,921162,12.91
2021-07-30,10400,10450,10250,10300,1209905,12.9
2021-08-02,10250,10300,10100,10200,1045986,12.86
2021-08-03,10200,10300,10100,10250,918779,12.86
2021-08-04,10300,10450,10250,10450,1036021,12.9
2021-08-05,10450,10450,10350,10350,934576,12.91
2021-08-06,10400,10500,10400,10450,807372,12.93
2021-08-09,10550,10550,10350,10350,1097887,12.9
2021-08-10,10400,10450,10250,10250,875763,12.88
2021-08-11,10300,10400,10250,10400,1036188,12.89
2021-08-12,10450,10450,10350,10350,1038571,12.88
2021-08-13,10400,10400,10150,10250,1526003,12.84
2021-08-17,10250,10350,10150,10250,1521308,12.86
2021-08-18,10250,10300,10150,10250,799776,12.89
2021-08-19,10250,10300,9970,10000,1998582,12.81
2021-08-20,9990,10050,9820,9870,2087014,12.78
2021-08-23,9900,10150,9900,10050,1209455,12.81
2021-08-24,10100,10300,10100,10250,1102211,12.85
2021-08-25,10300,10350,10200,10350,954925,12.88
2021-08-26,10450,10450,10250,10400,1675247,12.91
2021-08-27,10400,10500,10300,10450,1252423,12.96
2021-08-30,10500,10500,10250,10300,954637,12.92
2021-08-31,10250,10350,10150,10300,1510364,12.91
2021-09-01,10250,10450,10250,10450,915141,12.98
2021-09-02,10350,10450,10350,10350,744551,12.99
2021-09-03,10400,10450,10350,10400,644270,13.0
2021-09-06,10400,10400,10350,10350,650493,13.03
2021-09-07,10350,10400,10300,10350,540953,13.02
2021-09-08,10300,10350,10300,10350,698785,13.03
2021-09-09,10300,10350,10000,10100,2563012,12.99
2021-09-10,10150,10200,10100,10200,768807,12.97
2021-09-13,10150,10250,10150,10250,663856,12.97
2021-09-14,10250,10350,10250,10250,893138,12.96
2021-09-15,10250,10350,10200,10250,1033440,12.96
2021-09-16,10250,10300,10150,10150,1031581,12.88
2021-09-17,10200,10200,10100,10200,1012035,12.86
2021-09-23,10100,10200,10050,10100,1625178,12.87
2021-09-24,10150,10250,10100,10150,1585587,12.86
2021-09-27,10150,10250,10150,10200,625426,12.87
2021-09-28,10250,10400,10250,10400,1989346,12.96
2021-09-29,10350,10400,10250,10300,1219978,12.93
2021-09-30,10300,10550,10300,10500,2148517,13.04
2021-10-01,10450,10550,10350,10400,1539438,13.04
2021-10-05,10400,10550,10350,10500,1922212,13.06
2021-10-06,10550,10650,10500,10550,2249118,13.09
2021-10-07,10600,10700,10550,10700,1500043,13.12
2021-10-08,10650,10700,10500,10600,1368444,13.08
2021-10-12,10600,10700,10450,10650,1890961,13.16
2021-10-13,10650,10700,10600,10700,967204,13.18
2021-10-14,10750,10750,10600,10650,999565,13.13
2021-10-15,10650,10850,10650,10800,1683608,13.21
2021-10-18,10850,10900,10750,10900,1258161,13.28
2021-10-19,10900,10950,10850,10950,1315536,13.31
2021-10-20,11000,11150,10950,11100,2640254,13.33
2021-10-21,11150,11300,11100,11250,2278605,13.39
2021-10-22,11250,11400,11150,11250,1617050,13.41
2021-10-25,11300,11500,11200,11500,1665566,13.41
2021-10-26,11550,11600,11400,11500,1233788,13.36
2021-10-27,11550,11550,11300,11400,1386599,13.32
2021-10-28,11350,11450,11100,11150,2312487,13.34
2021-10-29,11200,11300,10950,11050,1935988,13.34
2021-11-01,11100,11200,11000,11200,1034227,13.32
2021-11-02,11200,11300,11150,11200,1099040,13.26
2021-11-03,11250,11300,11050,11050,1079957,13.22
2021-11-04,11050,11250,11050,11250,1141661,13.22
2021-11-05,11200,11200,10950,11100,1420103,13.15
2021-11-08,11000,11200,10850,11150,1133017,13.16
2021-11-09,11150,11300,11100,11150,736975,13.14
2021-11-10,11100,11150,11000,11050,913807,13.11
2021-11-11,11050,11100,10950,11000,1197758,13.08
2021-11-12,11000,11100,11000,11100,771572,13.08
2021-11-15,11150,11150,11000,11150,885407,13.06
2021-11-16,11100,11200,11050,11200,746300,13.06
2021-11-17,11150,11150,10950,11050,1369800,13.01
2021-11-18,11050,11150,10950,11150,793389,13.03
2021-11-19,11100,11150,11000,11100,951598,12.98
2021-11-22,11000,11100,11000,11050,902733,12.97
2021-11-23,11100,11200,11050,11100,770442,12.98
2021-11-24,11200,11350,11150,11300,1418097,13.02
2021-11-25,11250,11300,11100,11150,769092,12.97
2021-11-26,11100,11150,11000,11000,1219356,12.93
2021-11-29,10700,10900,10600,10750,2112375,12.92
2021-11-30,10800,10850,10300,10300,3269482,12.85
2021-12-01,10250,10450,10200,10400,1306009,12.83
2021-12-02,10300,10600,10250,10600,1227093,12.85
2021-12-03,10700,10900,10550,10850,1453196,12.92
2021-12-06,10800,10950,10650,10900,1050875,12.95
2021-12-07,10900,11000,10850,11000,984565,12.97
2021-12-08,11000,11100,10900,10950,928826,12.91
2021-12-09,10950,11000,10900,11000,1338517,12.85
2021-12-10,10950,11000,10900,10950,642298,12.85
2021-12-13,10950,11100,10950,11000,746219,12.85
2021-12-14,10950,11050,10900,11050,781913,12.86
2021-12-15,11050,11050,10950,11050,629307,12.87
2021-12-16,11100,11100,10950,11050,1101763,12.84
2021-12-17,11050,11250,11050,11250,1851023,12.94
2021-12-20,11150,11200,11100,11100,767604,12.92
2021-12-21,11150,11250,11100,11200,1012323,12.88
2021-12-22,11300,11300,11100,11100,840773,12.83
2021-12-23,11150,11200,11050,11150,1037831,12.9
2021-12-24,11150,11150,11050,11150,1282284,12.9
2021-12-27,11150,11150,11050,11050,1927531,12.94
2021-12-28,11050,11100,10950,11100,4191535,12.85
2021-12-29,10550,10600,10350,10450,4628345,12.67
2021-12-30,10450,10450,10250,10300,1701978,12.65
2022-01-03,10300,10400,10250,10350,1125994,12.72
2022-01-04,10400,10400,10300,10400,902538,12.74
2022-01-05,10450,10500,10400,10450,1607535,12.8
2022-01-06,10400,10450,10300,10350,1188128,12.86
2022-01-07,10350,10400,10300,10350,1371527,12.85
2022-01-10,10350,10700,10350,10650,2521504,12.96
2022-01-11,10650,10800,10600,10750,2054357,13.02
2022-01-12,10700,10800,10650,10800,1629584,13.05
2022-01-13,10800,10800,10700,10750,1239172,13.09
2022-01-14,10800,10850,10700,10800,1489208,13.15
2022-01-17,10750,10800,10550,10650,1106293,13.12
2022-01-18,10650,10700,10550,10650,959428,13.16
2022-01-19,10550,10750,10500,10650,1413331,13.22
2022-01-20,10650,10700,10400,10450,1748424,13.17
2022-01-21,10400,10550,10350,10500,1141998,13.21
2022-01-24,10450,10550,10250,10300,1254423,13.2
2022-01-25,10250,10300,9980,10150,2119057,13.22
2022-01-26,10150,10400,10150,10300,1373900,13.25
2022-01-27,10400,10400,10050,10200,1655657,13.27
2022-01-28,10250,10400,10200,10350,1159051,13.29
2022-02-03,10400,10550,10350,10350,1347999,13.31
2022-02-04,10400,10700,10350,10700,2435546,13.47
2022-02-07,10700,10700,10550,10650,1669562,13.48
2022-02-08,10700,10750,10450,10550,1327961,13.46
2022-02-09,10700,11000,10650,11000,3943361,13.59
2022-02-10,11000,11100,10950,11050,2429061,13.74
2022-02-11,10950,11250,10900,11150,3056820,13.82
2022-02-14,11050,11150,10950,11050,2076602,13.87
2022-02-15,11050,11050,10800,10950,1792329,13.87
2022-02-16,11050,11150,10900,11050,1567492,13.88
2022-02-17,11050,11250,11000,11150,2363058,13.93
2022-02-18,11050,11250,11000,11150,1422028,13.95
2022-02-21,11050,11150,10950,11150,1040048,13.96
2022-02-22,11000,11050,10800,10900,1646929,13.95
2022-02-23,10950,11000,10850,10900,1012519,13.96
2022-02-24,10800,10800,10500,10600,1726229,13.99
2022-02-25,10650,10650,10400,10450,1602801,13.93
2022-02-28,10500,10750,10400,10750,1776406,13.96
2022-03-02,10600,10650,10450,10500,2622811,13.98
2022-03-03,10600,10750,10600,10700,1498894,14.03
2022-03-04,10650,10650,10550,10550,769608,14.08
2022-03-07,10450,10500,10300,10350,1426295,14.05
2022-03-08,10200,10400,10150,10300,1092582,14.07
2022-03-10,10450,10550,10400,10500,1653446,14.05
2022-03-11,10450,10550,10400,10550,854700,14.06
2022-03-14,10500,10600,10450,10550,651941,14.07
2022-03-15,10550,10600,10400,10450,1541794,14.0
2022-03-16,10500,10600,10400,10550,1056821,14.05
2022-03-17,10650,10800,10600,10600,2174389,14.1
2022-03-18,10600,10650,10500,10600,2015061,14.1
2022-03-21,10600,10650,10500,10550,789840,14.08
2022-03-22,10550,10750,10550,10750,1006850,14.12
2022-03-23,10800,10850,10750,10750,920612,14.12
2022-03-24,10700,10850,10650,10800,1125367,14.2
2022-03-25,10800,10900,10750,10900,890209,14.25
2022-03-28,10900,10950,10800,10900,784144,14.25
2022-03-29,10900,11000,10850,10950,1022487,14.26
2022-03-30,10900,10900,10750,10850,1117517,14.19
2022-03-31,10800,10900,10750,10850,803470,14.18
2022-04-01,10800,10950,10750,10950,1131522,14.25
2022-04-04,10950,11000,10900,11000,859664,14.25
2022-04-05,11000,11050,10700,10800,1670603,14.22
2022-04-06,10750,11000,10750,10950,1525609,14.34
2022-04-07,10900,10950,10800,10950,1111921,14.39
2022-04-08,10950,11000,10850,11000,948511,14.44
2022-04-11,11000,11250,11000,11250,2488482,14.59
2022-04-12,11250,11350,11100,11200,1662973,14.62
2022-04-13,11250,11250,11050,11150,1101054,14.64
2022-04-14,11100,11250,11100,11150,1236638,14.67
2022-04-15,11100,11150,11000,11000,1126977,14.69
2022-04-18,11000,11050,10900,11050,555273,14.69
2022-04-19,11100,11300,11000,11200,1318635,14.72
2022-04-20,11250,11400,11200,11350,1481801,14.79
2022-04-21,11400,11500,11300,11450,1301580,14.81
2022-04-22,11400,11600,11350,11600,1459565,14.84
2022-04-25,11550,11700,11500,11550,1779747,14.82
2022-04-26,11600,11600,11200,11200,2177132,14.76
2022-04-27,11100,11150,10950,11000,2023521,14.8
2022-04-28,11050,11250,10900,11250,1332415,14.83
2022-04-29,11250,11350,11150,11250,1539019,14.76
2022-05-02,11150,11250,11100,11250,654329,14.76
2022-05-03,11300,11400,11250,11350,825535,14.74
2022-05-04,11400,11450,11300,11450,905487,14.8
2022-05-06,11400,11400,11200,11300,1293940,14.81
2022-05-09,11300,11400,11200,11300,803681,14.82
2022-05-10,11200,11250,11000,11100,1310659,14.76
2022-05-11,11100,11100,10900,10900,1281102,14.66
2022-05-12,10850,11050,10750,10950,1527747,14.7
2022-05-13,11000,11200,10950,11200,2462205,14.73
2022-05-16,11200,11250,11100,11150,742052,14.73
2022-05-17,11200,11300,11150,11250,865506,14.74
2022-05-18,11250,11300,11000,11050,1321754,14.7
2022-05-19,10900,11000,10850,11000,1289489,14.69
2022-05-20,11000,11100,10900,11000,1184057,14.67
2022-05-23,11050,11100,10950,11050,923637,14.66
2022-05-24,11100,11250,11100,11100,1078779,14.67
2022-05-25,11150,11200,11100,11100,788038,14.66
2022-05-26,11150,11200,10950,11150,1105911,14.68
2022-05-27,11200,11250,11150,11250,589765,14.7
2022-05-30,11250,11350,11250,11250,675840,14.71
2022-05-31,11250,11300,11100,11250,1840096,14.72
2022-06-02,11200,11250,11100,11150,823766,14.71
2022-06-03,11150,11250,11100,11150,583237,14.67
2022-06-07,11050,11200,11000,11050,863584,14.66
2022-06-08,11100,11150,11000,11050,795138,14.63
2022-06-09,11000,11050,10950,11000,945901,14.64
2022-06-10,10950,11000,10850,10850,936092,14.59
2022-06-13,10750,10800,10600,10600,1119792,14.55
2022-06-14,10400,10750,10400,10750,1199956,14.53
2022-06-15,10750,10750,10550,10600,852868,14.52
2022-06-16,10700,10750,10500,10500,861405,14.5
2022-06-17,10350,10500,10300,10450,1370014,14.36
2022-06-20,10450,10500,10100,10250,1148724,14.33
2022-06-21,10300,10350,10200,10300,834069,14.34
2022-06-22,10350,10400,10000,10000,1210524,14.29
2022-06-23,9960,10100,9840,9840,1822835,14.25
2022-06-24,9840,10050,9780,10000,1490167,14.21
2022-06-27,10000,10050,9850,9940,1382669,14.18
2022-06-28,9960,10050,9920,9940,830071,14.03
2022-06-29,9890,9890,9800,9810,1200059,13.98
2022-06-30,9830,9840,9610,9620,1203562,13.95
2022-07-01,9690,9770,9600,9680,952006,13.95
2022-07-04,9690,9700,9370,9440,1496605,13.93
2022-07-05,9480,9560,9430,9540,918083,14.18
2022-07-06,9470,9470,9130,9150,1852809,14.15
2022-07-07,9200,9260,9080,9100,1533262,14.16
2022-07-08,9190,9290,9090,9210,993708,14.05
2022-07-11,9170,9280,9120,9210,809503,14.05
2022-07-12,9200,9200,9070,9150,1086857,13.99
2022-07-13,9150,9210,9070,9070,1276982,13.9
2022-07-14,9070,9120,9000,9030,938051,13.9
2022-07-15,9010,9020,8780,8880,1447099,13.84
2022-07-18,9000,9280,9000,9170,1502972,13.86
2022-07-19,9170,9210,9100,9200,883167,13.84
2022-07-20,9330,9450,9320,9340,1389185,13.83
2022-07-21,9340,9400,9200,9390,847501,13.82
2022-07-22,9350,9430,9310,9340,735510,13.8
2022-07-25,9330,9410,9320,9390,710198,13.76
2022-07-26,9330,9350,9250,9300,659162,13.72
2022-07-27,9340,9340,9250,9320,732404,13.69
2022-07-28,9340,9440,9310,9350,670082,13.67
2022-07-29,9400,9440,9350,9390,987813,13.64
2022-08-01,9420,9430,9320,9340,643088,13.61
2022-08-02,9320,9340,9250,9300,654198,13.59
2022-08-03,9300,9360,9270,9310,528709,13.58
2022-08-04,9330,9370,9300,9300,624967,13.56
2022-08-05,9340,9490,9320,9410,931521,13.56
2022-08-08,9410,9560,9410,9560,655912,13.58
2022-08-09,9570,9590,9490,9550,711107,13.56
2022-08-10,9510,9550,9450,9490,596755,13.56
2022-08-11,9580,9700,9560,9700,627981,13.55
2022-08-12,9700,9780,9660,9730,740621,13.53
2022-08-16,9760,9820,9740,9800,782324,13.52
2022-08-17,9810,9930,9750,9780,1007057,13.5
2022-08-18,9730,9800,9670,9690,954178,13.5
2022-08-19,9710,9780,9620,9770,595941,13.51
2022-08-22,9700,9720,9600,9680,814332,13.5
2022-08-23,9660,9660,9550,9570,907937,13.51
2022-08-24,9610,9670,9580,9640,538905,13.52
2022-08-25,9660,9760,9660,9710,516220,13.51
2022-08-26,9730,9740,9670,9720,524524,13.49
2022-08-29,9520,9620,9510,9550,722931,13.5
2022-08-30,9610,9650,9570,9610,409208,13.5
2022-08-31,9600,9640,9530,9570,857863,13.49
2022-09-01,9530,9570,9450,9460,897233,13.48
2022-09-02,9450,9500,9400,9430,689615,13.54
2022-09-05,9470,9570,9440,9490,706449,13.55
2022-09-06,9490,9550,9460,9500,343309,13.55
2022-09-07,9460,9460,9360,9390,827558,13.48
2022-09-08,9440,9500,9350,9450,901682,13.48
2022-09-13,9510,9710,9500,9710,1147759,13.5
2022-09-14,9520,9680,9490,9650,748680,13.49
2022-09-15,9660,9800,9610,9720,895111,13.45
2022-09-16,9720,9870,9670,9870,1501119,13.47
2022-09-19,9860,9860,9720,9810,553630,13.45
2022-09-20,9890,9950,9850,9930,887885,13.47
2022-09-21,9920,9930,9820,9850,697313,13.45
2022-09-22,9810,9890,9760,9880,764614,13.44
2022-09-23,9860,9930,9790,9900,705444,13.44
2022-09-26,9850,9850,9610,9620,1130454,13.4
2022-09-27,9630,9670,9490,9560,1359883,13.37
2022-09-28,9500,9550,9260,9410,1290284,13.33
2022-09-29,9440,9730,9440,9620,1257374,13.45
2022-09-30,9540,9650,9480,9520,1210073,13.42
2022-10-04,9630,9790,9560,9720,852850,13.43
2022-10-05,9810,9850,9710,9760,1141113,13.46
2022-10-06,9770,9830,9720,9770,550710,13.45
2022-10-07,9730,10000,9720,9970,1254005,13.49
2022-10-11,9920,9940,9790,9840,863272,13.47
2022-10-12,9860,9950,9770,9920,743566,13.45
2022-10-13,9950,10100,9920,9970,1144109,13.44
2022-10-14,10100,10250,10100,10150,1013035,13.47
2022-10-17,10100,10200,10050,10200,706081,13.48
2022-10-18,10350,10400,10200,10250,771464,13.47
2022-10-19,10300,10450,10250,10350,1019065,13.48
2022-10-20,10300,10400,10150,10350,1356100,13.5
2022-10-21,10350,10350,10100,10300,736451,13.48
2022-10-24,10300,10350,10000,10050,992254,13.5
2022-10-25,10050,10200,9980,10150,866066,13.52
2022-10-26,10150,10200,10000,10000,655299,13.53
2022-10-27,10100,10450,10100,10450,1427155,13.56
2022-10-28,10450,10550,10400,10500,767079,13.56
2022-10-31,10550,10600,10300,10450,799185,13.56
2022-11-01,10500,10500,10400,10450,418896,13.56
2022-11-02,10450,10500,10300,10500,685306,13.56
2022-11-03,10300,10550,10300,10400,657685,13.56
2022-11-04,10400,10500,10350,10500,699398,13.57
2022-11-07,10500,10600,10450,10600,819303,13.58
2022-11-08,10600,10600,10450,10500,986053,13.53
2022-11-09,10550,10600,10450,10550,844078,13.54
2022-11-10,10550,10600,10500,10550,713900,13.56
2022-11-11,10700,10800,10550,10650,1207113,13.56
2022-11-14,10600,10750,10600,10750,1025468,13.6
2022-11-15,10750,10800,10650,10700,588519,13.58
2022-11-16,10750,10850,10650,10850,987599,13.64
2022-11-17,10850,10900,10750,10850,771857,13.67
2022-11-18,10850,10950,10700,10800,896144,13.64
2022-11-21,10800,10900,10650,10900,761398,13.66
2022-11-22,10850,11000,10800,11000,594195,13.67
2022-11-23,11000,11000,10850,10950,499436,13.66
2022-11-24,10950,11050,10950,11050,548284,13.67
2022-11-25,11000,11100,10950,11050,494518,13.68
2022-11-28,11000,11050,10850,10950,724138,13.66
2022-11-29,10950,11100,10900,11050,782853,13.7
2022-11-30,11050,11200,11000,11200,2088142,13.8
2022-12-01,11250,11300,11150,11200,1035063,13.81
2022-12-02,11200,11250,11100,11200,873752,13.79
2022-12-05,11150,11250,11050,11250,997047,13.79
2022-12-06,11150,11250,11050,11100,576728,13.77
2022-12-07,11050,11100,10850,10900,990176,13.77
2022-12-08,10900,10950,10800,10850,1284726,13.78
2022-12-09,10950,11050,10850,11050,1093744,13.82
2022-12-12,11000,11200,10900,11050,1185313,13.81
2022-12-13,11150,11150,11000,11100,730047,13.8
2022-12-14,11150,11150,11050,11100,501240,13.79
2022-12-15,11100,11150,11000,11000,780726,13.77
2022-12-16,10900,11000,10850,10900,1095263,13.86
2022-12-19,10900,11050,10850,11050,807618,13.9
2022-12-20,11050,11100,11000,11100,624574,13.91
2022-12-21,11150,11150,11050,11150,1140188,13.95
2022-12-22,11100,11150,11000,11100,1117169,13.94
2022-12-23,11050,11200,10950,11100,2089453,13.94
2022-12-26,11100,11150,11000,11050,1649813,13.89
2022-12-27,11050,11200,11000,11200,4837055,12.91
2022-12-28,10450,10500,9990,10000,6172167,12.72
2022-12-29,9960,9970,9790,9820,2097846,12.75
2023-01-02,9850,10050,9460,9460,2343823,12.74
2023-01-03,9390,9570,9390,9560,1245699,12.81
2023-01-04,9440,9760,9440,9730,1204082,12.81
2023-01-05,9790,10100,9760,10000,2255760,12.84
2023-01-06,9960,10200,9960,10200,2016042,12.91
2023-01-09,10250,10300,10000,10100,1541849,12.91
2023-01-10,10050,10200,10050,10150,1395698,12.99
2023-01-11,10150,10200,10050,10100,1123647,13.04
2023-01-12,10100,10200,10100,10150,1038815,13.1
2023-01-13,10200,10450,10150,10400,1573739,13.18
2023-01-16,10400,10700,10400,10550,2070870,13.19
2023-01-17,10550,10550,10400,10450,812563,13.2
2023-01-18,10450,10550,10300,10500,1004939,13.25
2023-01-19,10450,10550,10400,10500,665934,13.27
2023-01-20,10450,10550,10400,10450,576393,13.28
2023-01-25,10500,10580,10470,10540,624896,13.31
2023-01-26,10550,10630,10510,10570,823265,13.31
2023-01-27,10580,10590,10470,10590,813271,13.34
2023-01-30,10570,10590,10420,10420,658998,13.34
2023-01-31,10430,10450,10240,10250,1101353,13.34
2023-02-01,10250,10350,10230,10300,729449,13.36
2023-02-02,10300,10330,10060,10080,1764434,13.36
2023-02-03,10080,10170,10020,10110,1021091,13.4
2023-02-06,10080,10110,9950,10030,777383,13.4
2023-02-07,10020,10130,9970,10120,850445,13.43
2023-02-08,10200,10450,10180,10370,1718536,13.47
2023-02-09,10340,10420,10190,10200,1165185,13.47
2023-02-10,10180,10430,10150,10420,1234049,13.51
2023-02-13,10430,10580,10380,10500,1140422,13.56
2023-02-14,10500,10530,10360,10400,1311636,13.57
2023-02-15,10400,10400,10060,10130,1382272,13.56
2023-02-16,10130,10170,10060,10110,1150165,13.53
2023-02-17,10090,10220,10070,10130,622544,13.54
2023-02-20,10120,10180,10070,10150,499154,13.54
2023-02-21,10120,10210,10070,10170,514503,13.54
2023-02-22,10130,10150,10050,10060,736602,13.56
2023-02-23,10060,10270,10050,10170,832953,13.59
2023-02-24,10140,10240,10140,10200,763033,13.62
2023-02-27,10160,10260,10120,10220,712185,13.66
2023-02-28,10240,10380,10180,10380,1538500,13.75
2023-03-02,10320,10400,10280,10360,1264501,13.77
2023-03-03,10320,10360,10140,10170,1043257,13.75
2023-03-06,10190,10330,10180,10230,1214537,13.81
2023-03-07,10210,10260,10130,10140,709007,13.79
2023-03-08,10140,10180,10000,10020,1117084,13.78
2023-03-09,10040,10090,9990,10000,1008881,13.72
2023-03-10,9940,9950,9800,9870,1283101,13.71
2023-03-13,9800,9920,9760,9890,833563,13.71
2023-03-14,9840,9850,9580,9590,1368674,13.64
2023-03-15,9710,9900,9600,9640,1476191,13.62
2023-03-16,9580,9670,9520,9600,1166819,13.63
2023-03-17,9680,9790,9630,9730,1680207,13.64
2023-03-20,9720,9790,9600,9600,962130,13.63
2023-03-21,9630,9780,9570,9710,704236,13.64
2023-03-22,9820,9860,9720,9770,873015,13.66
2023-03-23,9710,9780,9650,9770,805372,13.68
2023-03-24,9720,9760,9630,9640,887396,13.67
2023-03-27,9640,9650,9540,9620,652126,13.67
2023-03-28,9680,9770,9650,9770,633420,13.68
2023-03-29,9800,9940,9800,9930,920419,13.72
2023-03-30,9910,9970,9860,9890,960329,13.74
2023-03-31,9900,10100,9870,10100,1235422,13.8
2023-04-03,10060,10060,9850,9880,1018374,13.78
2023-04-04,9880,9970,9840,9970,632478,13.79
2023-04-05,9970,10000,9890,9900,615639,13.77
2023-04-06,9890,9890,9770,9770,726182,13.75
2023-04-07,9790,9930,9760,9930,490889,13.77
2023-04-10,9880,9960,9860,9870,487661,13.77
2023-04-11,9890,9990,9880,9960,640221,13.79
2023-04-12,9950,10020,9930,10000,740912,13.81
2023-04-13,9960,10100,9950,10100,1067357,13.85
2023-04-14,10080,10180,10070,10120,815123,13.84
2023-04-17,10120,10150,10030,10120,627774,13.84
2023-04-18,10100,10130,10010,10120,613265,13.86
2023-04-19,10120,10210,10100,10180,744383,13.88
2023-04-20,10180,10240,10130,10230,772111,13.92
2023-04-21,10180,10240,10070,10190,772086,13.93
2023-04-24,10190,10210,10090,10140,574960,13.91
2023-04-25,10160,10230,10120,10170,711911,13.91
2023-04-26,10100,10140,10040,10070,838140,13.89
2023-04-27,10070,10120,10030,10060,528216,13.89
2023-04-28,10070,10130,9990,10060,1173036,13.87
2023-05-02,10030,10080,10010,10050,586957,13.86
2023-05-03,10020,10030,9890,9900,1321668,13.83
2023-05-04,9900,10020,9900,10020,636226,13.85
2023-05-08,9970,10140,9970,10100,732527,13.87
2023-05-09,10100,10130,10050,10120,397617,13.87
2023-05-10,10080,10130,10020,10090,581398,13.84
2023-05-11,10090,10150,10070,10080,766350,13.82
2023-05-12,10080,10090,10010,10070,803393,13.86
2023-05-15,10050,10130,10020,10120,491858,13.86
2023-05-16,10100,10190,10080,10100,707261,13.89
2023-05-17,10100,10130,10060,10070,558903,13.88
2023-05-18,10120,10160,10080,10160,504975,13.9
2023-05-19,10140,10230,10140,10210,756262,13.93
2023-05-22,10220,10400,10180,10330,1124058,13.97
2023-05-23,10390,10390,10260,10280,571374,13.95
2023-05-24,10280,10380,10250,10360,449047,13.97
2023-05-25,10280,10330,10230,10270,629080,13.97
2023-05-26,10250,10320,10200,10230,358684,13.97
2023-05-30,10250,10380,10210,10320,784160,13.99
2023-05-31,10250,10370,10210,10210,1796979,13.97
2023-06-01,10210,10270,10130,10150,649108,13.97
2023-06-02,10160,10260,10160,10240,563661,13.97
2023-06-05,10270,10320,10240,10260,557468,13.93
2023-06-07,10270,10340,10250,10310,872589,13.94
2023-06-08,10310,10330,10260,10320,708810,13.92
2023-06-09,10330,10390,10310,10360,582249,13.93
2023-06-12,10380,10420,10320,10360,444932,13.93
2023-06-13,10400,10400,10280,10390,537267,13.91
2023-06-14,10410,10410,10270,10300,659886,13.89
2023-06-15,10300,10340,10250,10270,673761,13.9
2023-06-16,10320,10380,10280,10290,1298792,13.93
2023-06-19,10350,10360,10260,10310,811721,13.95
2023-06-20,10270,10330,10270,10300,449449,13.95
2023-06-21,10300,10300,10220,10260,415238,13.95
2023-06-22,10260,10300,10220,10300,407770,13.94
2023-06-23,10250,10290,10180,10180,689813,13.94
2023-06-26,10160,10280,10120,10250,490618,13.94
2023-06-27,10230,10280,10220,10260,315646,13.94
2023-06-28,10260,10350,10250,10330,537572,13.99
2023-06-29,10290,10330,10200,10200,510264,13.97
2023-06-30,10260,10350,10210,10340,716174,13.99
2023-07-03,10340,10410,10340,10400,650355,13.99
2023-07-04,10370,10400,10310,10320,549262,13.94
2023-07-05,10310,10380,10230,10260,673705,13.94
2023-07-06,10270,10300,10090,10140,1391991,13.89
2023-07-07,10140,10180,10020,10100,995278,13.88
2023-07-10,10100,10240,10040,10180,582092,13.88
2023-07-11,10210,10250,10140,10230,517076,13.85
2023-07-12,10230,10270,10150,10250,639078,13.88
2023-07-13,10260,10340,10260,10260,729132,13.89
2023-07-14,10300,10400,10270,10360,1043089,13.91
2023-07-17,10310,10350,10220,10260,593801,13.88
2023-07-18,10310,10320,10170,10170,853991,13.84
2023-07-19,10210,10260,10150,10180,436534,13.84
2023-07-20,10160,10200,10100,10160,507156,13.84
2023-07-21,10130,10240,10130,10240,505836,13.85
2023-07-24,10220,10230,10150,10160,528299,13.85
2023-07-25,10170,10260,10130,10190,775219,13.88
2023-07-26,10190,10260,10030,10210,1777864,13.8
2023-07-27,10210,10400,10200,10390,1898234,13.92
2023-07-28,10300,10380,10200,10380,1087834,13.93
2023-07-31,10380,10420,10330,10390,967162,13.96
2023-08-01,10350,10490,10300,10490,1263831,13.97
2023-08-02,10480,10670,10420,10550,1325364,14.02
2023-08-03,10520,10550,10390,10400,955969,13.99
2023-08-04,10410,10520,10370,10480,552404,13.99
2023-08-07,10420,10540,10370,10480,526383,14.0
2023-08-08,10530,10540,10440,10500,520197,14.02
2023-08-09,10470,10510,10450,10470,527926,14.04
2023-08-10,10470,10500,10380,10400,705583,14.01
2023-08-11,10400,10480,10380,10410,454156,14.02
2023-08-14,10400,10510,10380,10440,463395,14.01
2023-08-16,10400,10440,10350,10420,547286,14.02
2023-08-17,10370,10450,10300,10430,721435,14.02
2023-08-18,10330,10500,10330,10440,596118,14.02
2023-08-21,10490,10490,10380,10430,510453,14.04
2023-08-22,10400,10490,10390,10460,445684,14.06
2023-08-23,10420,10520,10410,10510,489207,14.06
2023-08-24,10530,10540,10470,10500,390370,14.06
2023-08-25,10470,10670,10470,10650,925017,14.13
2023-08-28,10700,10720,10650,10690,499159,14.14
2023-08-29,10700,10870,10690,10800,727557,14.17
2023-08-30,10800,10840,10710,10710,570101,14.15
2023-08-31,10720,10830,10720,10760,909758,14.14
2023-09-01,10740,10800,10680,10760,621375,14.13
2023-09-04,10710,10860,10710,10860,477671,14.15
2023-09-05,10810,10870,10810,10860,369896,14.13
2023-09-06,10830,10960,10810,10900,468617,14.14
2023-09-07,10830,10850,10760,10850,696536,14.1
2023-09-08,10870,10930,10820,10920,422842,14.11
2023-09-11,10900,11060,10880,11060,828817,14.14
2023-09-12,11060,11060,10860,10890,819833,14.1
2023-09-13,10850,11040,10850,11040,701862,14.12
2023-09-14,11070,11140,11040,11130,988165,14.12
2023-09-15,11140,11400,11140,11340,2656754,14.2
2023-09-18,11340,11470,11280,11340,1284467,14.18
2023-09-19,11360,11490,11280,11430,919645,14.19
2023-09-20,11430,11530,11380,11500,907674,14.19
2023-09-21,11450,11540,11440,11480,1039273,14.21
2023-09-22,11460,11500,11300,11450,644235,14.21
2023-09-25,11450,11520,11350,11450,886116,14.2
2023-09-26,11370,11440,11170,11190,1309724,14.15
2023-09-27,11190,11290,11120,11210,817500,14.14
2023-10-04,11200,11200,10990,11090,1065003,14.14
2023-10-05,11100,11140,10950,11080,674219,14.12
2023-10-06,11130,11420,11100,11380,953201,14.15
2023-10-10,11410,11470,11360,11400,1222361,14.18
2023-10-11,11460,11500,11390,11450,1524445,14.2
2023-10-12,11490,11600,11420,11580,1055786,14.21
2023-10-13,11470,11850,11470,11750,1796460,14.26
2023-10-16,11760,11850,11760,11830,1281523,14.26
2023-10-17,11890,11920,11740,11810,1141632,14.26
2023-10-18,11830,12100,11830,12080,1886689,14.33
2023-10-19,12020,12020,11840,11920,1165676,14.3
2023-10-20,11920,11970,11750,11920,1089300,14.28
2023-10-23,11850,11890,11650,11710,1259790,14.28
2023-10-24,11820,11830,11660,11660,768796,14.28
2023-10-25,11680,11770,11590,11720,598627,14.28
2023-10-26,11710,11710,11480,11560,870689,14.26
2023-10-27,11650,11700,11410,11520,1079368,14.26
2023-10-30,11420,11490,10970,11140,2442619,14.17
2023-10-31,11250,11300,11110,11170,951727,14.15
2023-11-01,11200,11260,11140,11260,590406,14.13
2023-11-02,11320,11450,11180,11190,1037572,14.09
2023-11-03,11230,11320,11200,11310,694280,14.09
2023-11-06,11400,11580,11280,11580,1569090,14.09
2023-11-07,11470,11520,11370,11490,641495,14.1
2023-11-08,11590,11600,11430,11430,493541,14.07
2023-11-09,11390,11560,11380,11510,662018,14.09
2023-11-10,11420,11550,11420,11470,489734,14.1
2023-11-13,11530,11610,11470,11570,608584,14.09
2023-11-14,11610,11730,11590,11720,836076,14.09
2023-11-15,11780,11840,11650,11670,1249429,14.05
2023-11-16,11680,11710,11590,11700,832916,14.05
2023-11-17,11700,11710,11630,11680,567787,14.03
2023-11-20,11640,11690,11610,11620,517030,14.01
2023-11-21,11710,11720,11620,11700,734890,14.02
2023-11-22,11640,11720,11640,11680,438942,14.03
2023-11-23,11640,11710,11630,11670,583627,14.01
2023-11-24,11710,11730,11680,11700,650684,14.02
2023-11-27,11700,11740,11640,11730,513720,14.02
2023-11-28,11740,11750,11660,11720,701656,14.01
2023-11-29,11720,11760,11680,11720,742385,14.0
2023-11-30,11720,11830,11700,11830,1744179,14.06
2023-12-01,11830,11870,11780,11870,917500,14.09
2023-12-04,11870,11910,11800,11800,878243,14.06
2023-12-05,11790,11850,11720,11800,605674,14.05
2023-12-06,11800,11870,11780,11850,872824,14.07
2023-12-07,11820,11840,11770,11830,558555,14.06
2023-12-08,11860,11870,11800,11860,747602,14.06
2023-12-11,11860,11870,11810,11870,730194,14.08
2023-12-12,11880,11900,11860,11890,963616,14.1
2023-12-13,11890,11900,11860,11890,649669,14.1
2023-12-14,11890,11920,11840,11860,1643534,14.1
2023-12-15,11870,11890,11830,11890,1430991,14.13
2023-12-18,11880,11890,11800,11800,1087774,14.12
2023-12-19,11800,11800,11720,11750,955666,14.12
2023-12-20,11790,11840,11760,11800,929688,14.16
2023-12-21,11800,11860,11760,11850,1040097,14.14
2023-12-22,11860,11910,11830,11910,1640986,14.17
2023-12-26,11910,11910,11690,11730,3009235,14.14
2023-12-27,11580,11740,11560,11740,1942480,14.09
2023-12-28,11700,11860,11660,11860,1183955,14.21
2024-01-02,11740,11820,11660,11790,1290714,14.2
2024-01-03,11750,11770,11650,11650,1099889,14.22
2024-01-04,11650,11650,11410,11470,1454491,14.21
2024-01-05,11440,11570,11350,11480,860546,14.18
2024-01-08,11450,11580,11450,11480,603869,14.16
2024-01-09,11590,11590,11490,11550,433953,14.15
2024-01-10,11550,11570,11470,11470,454862,14.13
2024-01-11,11510,11620,11480,11480,732493,14.12
2024-01-12,11520,11600,11500,11540,396155,14.12
2024-01-15,11520,11640,11520,11620,556716,14.13
2024-01-16,11590,11630,11530,11570,562326,14.13
2024-01-17,11590,11600,11490,11580,1127713,14.15
2024-01-18,11570,11570,11480,11490,598321,14.11
2024-01-19,11490,11630,11460,11630,807883,14.15
2024-01-22,11620,11660,11570,11600,500466,14.17
2024-01-23,11650,11710,11610,11700,763307,14.19
2024-01-24,11740,11880,11670,11870,1426309,14.24
2024-01-25,11820,11890,11770,11890,738788,14.29
2024-01-26,11900,11930,11820,11900,734804,14.34
2024-01-29,11920,12140,11860,12100,2097885,14.46
2024-01-30,12100,12200,11990,12040,1394292,14.49
2024-01-31,12040,12540,11990,12520,2329546,14.58
2024-02-01,12530,13240,12530,13130,6650623,14.69
2024-02-02,13210,13450,12840,13240,4706965,14.76
2024-02-05,13440,13670,13030,13630,4056747,14.79
2024-02-06,13580,13660,13170,13270,3073228,14.67
2024-02-07,13250,13460,12800,13310,2267361,14.68
2024-02-08,13300,13480,13240,13410,2535845,14.64
2024-02-13,13490,13880,13400,13510,2798265,14.67
2024-02-14,13450,13590,13180,13260,1489930,14.69
2024-02-15,13380,13460,13250,13320,1112391,14.69
2024-02-16,13440,13720,13390,13720,1382710,14.74
2024-02-19,13740,14230,13740,14020,2323861,14.73
2024-02-20,14140,14160,13550,13660,1816976,14.69
2024-02-21,13510,13890,13510,13740,1137030,14.68
2024-02-22,13750,13760,13540,13600,1683111,14.64
2024-02-23,13630,13870,13610,13760,1498180,14.67
2024-02-26,13550,13620,12920,13400,3285354,14.62
2024-02-27,13270,13600,13270,13450,1676375,14.66
2024-02-28,13450,13630,13370,13630,1248029,14.67
2024-02-29,13650,14000,13630,14000,2748163,14.74
2024-03-04,13880,14120,13770,14040,2073705,14.75
2024-03-05,14040,14290,13940,13960,2166882,14.74
2024-03-06,13920,14030,13890,14000,1232398,14.75
2024-03-07,14000,14070,13900,14040,1046330,14.74
2024-03-08,14080,14190,14000,14150,1171179,14.74
2024-03-11,14160,14250,14100,14250,1247905,14.76
2024-03-12,14290,14740,14280,14720,3311428,14.81
2024-03-13,14790,14960,14650,14880,1455999,14.82
2024-03-14,14890,15940,14840,15700,3879577,14.88
2024-03-15,15700,16010,15250,15250,4124200,14.8
2024-03-18,15270,15430,14830,15050,1884803,14.77
2024-03-19,14880,15050,14700,14700,1642516,14.77
2024-03-20,14830,15030,14720,14820,1344982,14.73
2024-03-21,14950,15250,14840,15160,2247837,14.76
2024-03-22,15280,15520,15190,15280,2545720,14.76
2024-03-25,15290,15380,15140,15380,2529575,14.75
2024-03-26,15380,15500,15180,15200,2434308,14.71
2024-03-27,15200,15220,14690,14790,3066658,14.74
2024-03-28,13850,14100,13800,13950,4945245,14.77
2024-03-29,13950,13960,13310,13500,2940414,14.84
2024-04-01,13500,13650,13130,13310,2306584,14.89
2024-04-02,13210,13430,13160,13220,1621189,14.93
2024-04-03,13200,13270,13130,13220,1582839,14.97
2024-04-04,13280,13560,13220,13340,1197179,14.98
2024-04-05,13220,13450,13200,13310,811776,15.01
2024-04-08,13340,13590,13280,13460,1025143,15.06
2024-04-09,13470,13530,13170,13290,1028720,15.03
2024-04-11,12990,13170,12910,13100,1624124,15.11
2024-04-12,13010,13080,12690,12740,1777357,15.15
2024-04-15,12590,12810,12510,12770,1413509,15.2
2024-04-16,12710,12860,12640,12720,822610,15.22
2024-04-17,12790,12960,12770,12800,1026753,15.26
2024-04-18,12950,13300,12790,13280,1258106,15.31
2024-04-19,13110,13350,13000,13350,1152950,15.35
2024-04-22,13500,13760,13480,13640,1222878,15.34
2024-04-23,13700,13860,13620,13700,1230118,15.37
2024-04-24,13820,13830,13550,13590,779516,15.37
2024-04-25,13450,13740,13440,13560,573059,15.39
2024-04-26,13670,13930,13560,13850,1549179,15.43
2024-04-29,13840,13970,13730,13950,1017958,15.44
2024-04-30,13950,14000,13750,13950,1433189,15.51
2024-05-02,13940,13940,13550,13600,1234420,15.48
2024-05-03,13650,13750,13610,13660,541958,15.49
2024-05-07,13760,13850,13620,13760,1260374,15.54
2024-05-08,13760,13980,13680,13950,1115045,15.59
2024-05-09,13950,14050,13810,13840,1147225,15.6
2024-05-10,13980,14050,13820,13880,1468603,15.7
2024-05-13,13880,14070,13830,13920,1212510,15.7
2024-05-14,13950,13960,13720,13760,1011088,15.69
2024-05-16,13880,14030,13790,13980,1533585,15.71
2024-05-17,13960,13970,13860,13900,551926,15.7
2024-05-20,14000,14350,13950,14180,1823181,15.75
2024-05-21,14080,14150,14030,14110,848066,15.74
2024-05-22,14120,14130,13930,13950,715760,15.71
2024-05-23,13850,13920,13670,13720,1269752,15.71
2024-05-24,13550,13710,13500,13710,628824,15.72
2024-05-27,13710,13800,13470,13510,1162891,15.7
2024-05-28,13480,13510,13380,13420,892772,15.71
2024-05-29,13310,13480,13280,13420,751705,15.7
2024-05-30,13310,13450,13280,13280,541427,15.69
2024-05-31,13350,13760,13330,13760,1510569,15.71
2024-06-03,13680,13690,13490,13600,1001347,15.69
2024-06-04,13470,13550,13280,13460,1171918,15.64
2024-06-05,13440,13480,13300,13440,475568,15.64
2024-06-07,13440,13670,13440,13620,728710,15.64
2024-06-10,13490,13560,13410,13420,680003,15.66
2024-06-11,13440,13480,13320,13410,596772,15.65
2024-06-12,13330,13390,13250,13380,724526,15.63
2024-06-13,13380,13530,13310,13310,1048005,15.64
2024-06-14,13270,13460,13260,13370,990289,15.65
2024-06-17,13370,13400,13160,13170,826067,15.61
2024-06-18,13280,13350,13060,13310,547009,15.61
2024-06-19,13390,13440,13270,13390,758454,15.61
2024-06-20,13390,13580,13350,13560,797530,15.63
2024-06-21,13560,13590,13400,13500,821684,15.63
2024-06-24,13520,13700,13450,13620,830197,15.65
2024-06-25,13750,13760,13620,13740,581558,15.66
2024-06-26,13630,13820,13560,13710,864275,15.69
2024-06-27,13600,13710,13470,13710,743306,15.71
2024-06-28,13720,14020,13700,14020,1177653,15.76
2024-07-01,14000,14000,13720,13850,811380,15.72
2024-07-02,13750,14110,13750,14000,1042486,15.75
2024-07-03,14120,14410,14000,14050,2330257,15.75
2024-07-04,14140,14430,14040,14250,1416253,15.75
2024-07-05,14340,14470,14190,14250,1103345,15.73
2024-07-08,14250,14290,14030,14100,947202,15.7
2024-07-09,14070,14130,13860,13880,1073148,15.66
2024-07-10,13870,13950,13810,13880,547422,15.64
2024-07-11,13950,14140,13870,14030,983818,15.65
2024-07-12,14130,14130,13870,14020,817068,15.63
2024-07-15,14080,14080,13830,13870,894169,15.58
2024-07-16,13900,14030,13850,13900,786491,15.58
2024-07-17,13910,13960,13780,13910,1050283,15.54
2024-07-18,13920,14000,13850,13990,913734,15.56
2024-07-19,13970,13970,13850,13960,806117,15.56
2024-07-22,13970,14050,13900,13970,742999,15.57
2024-07-23,14010,14060,13890,13900,762181,15.57
2024-07-24,13880,13950,13800,13880,652142,15.56
2024-07-25,13820,13880,13710,13810,789344,15.53
2024-07-26,13760,14370,13760,14230,2419946,15.59
2024-07-29,14230,14650,14190,14380,2449391,15.62
2024-07-30,14080,14080,13660,13840,2332380,15.49
2024-07-31,13890,14050,13830,14000,1282180,15.53
2024-08-01,13940,14140,13910,14000,820531,15.53
2024-08-02,13880,13950,13580,13690,2138935,15.43
2024-08-05,13520,13560,12790,12910,2979610,15.36
2024-08-06,13090,13450,13050,13060,2114124,15.3
2024-08-07,13050,13350,12970,13200,1463137,15.24
2024-08-08,13130,13480,13120,13390,1105614,15.24
2024-08-09,13440,13520,13320,13430,853985,15.21
2024-08-12,13500,13560,13430,13480,683331,15.2
2024-08-13,13400,13670,13400,13620,1046251,15.21
2024-08-14,13670,13750,13580,13720,850171,15.19
2024-08-16,13780,13830,13610,13690,1305163,15.16
2024-08-19,13730,13970,13690,13890,1585583,15.24
2024-08-20,13900,14180,13900,14170,1211129,15.29
2024-08-21,14160,14180,14050,14160,857683,15.29
2024-08-22,14150,14160,14020,14140,844980,15.29
2024-08-23,14140,14230,14080,14160,983996,15.32
2024-08-26,14160,14370,14130,14370,1177906,15.36
2024-08-27,14390,14400,14100,14260,820127,15.33
2024-08-28,14250,14280,13960,14030,1094689,15.31
2024-08-29,14000,14160,13920,13960,784383,15.31
2024-08-30,14000,14010,13810,13810,1669512,15.23
2024-09-02,13870,14090,13810,14040,823348,15.26
2024-09-03,14090,14170,14040,14050,671523,15.27
2024-09-04,13900,13990,13820,13880,1029547,15.25
2024-09-05,13900,13980,13860,13900,687672,15.22
2024-09-06,13960,13960,13790,13880,620176,15.2
2024-09-09,13720,13870,13610,13750,862513,15.16
2024-09-10,13810,13910,13660,13730,556084,15.16
2024-09-11,13720,13750,13330,13440,1471660,15.01
2024-09-12,13460,13620,13410,13590,1286963,15.01
2024-09-13,13650,13900,13650,13890,690747,15.03
2024-09-19,14080,14150,13820,14090,1077294,15.07
2024-09-20,14140,14240,14010,14240,1594462,15.11
2024-09-23,14220,14230,13960,14110,779232,15.08
2024-09-24,14130,14160,13960,14160,846519,15.08
2024-09-25,14250,14250,13870,13880,1438719,15.05
2024-09-26,13880,14100,13880,14100,863247,15.06
2024-09-27,14090,14270,14090,14110,1163961,15.12
2024-09-30,14240,14250,13970,13970,892020,15.11
2024-10-02,13970,14030,13850,13880,748450,15.1
2024-10-04,13910,14000,13820,13980,523959,15.08
2024-10-07,13980,14150,13900,14120,715579,15.09
2024-10-08,14070,14130,13960,14130,623552,15.1
2024-10-10,14130,14160,13970,13970,1418977,15.09
2024-10-11,14050,14120,14010,14080,621142,15.08
2024-10-14,14100,14460,14080,14330,1886117,15.14
2024-10-15,14340,14350,14210,14260,831798,15.12
2024-10-16,14210,14590,14200,14520,1733997,15.18
2024-10-17,14600,14620,14400,14400,761786,15.17
2024-10-18,14400,14600,14380,14500,699248,15.16
2024-10-21,14520,14580,14450,14480,592886,15.14
2024-10-22,14410,14540,14350,14540,654037,15.15
2024-10-23,14580,14580,14470,14480,710996,15.12
2024-10-24,14510,14560,14420,14450,620356,15.12
2024-10-25,14450,14910,14440,14720,1632249,15.14
2024-10-28,14750,14760,14370,14500,1078645,15.09
2024-10-29,14510,14650,14490,14530,628639,15.09
2024-10-30,14560,14560,14410,14460,885317,15.07
2024-10-31,14460,14490,14100,14100,1673637,14.98
2024-11-01,14100,14430,14070,14360,672267,14.99
2024-11-04,14360,14390,14150,14360,859474,14.95
2024-11-05,14230,14530,14230,14470,555954,14.95
2024-11-06,14450,14780,14400,14720,1298921,15.0
2024-11-07,14710,14820,14590,14670,592793,14.99
2024-11-08,14750,14750,14560,14620,455560,14.97
2024-11-11,14570,14650,14540,14600,512652,14.97
2024-11-12,14520,14680,14430,14430,1024227,14.95
2024-11-13,14430,14520,14300,14380,872759,14.95
2024-11-14,14410,14490,14330,14330,1039805,14.96
2024-11-15,14350,14510,14210,14230,1041226,14.92
2024-11-18,14210,14480,14200,14380,824077,14.92
2024-11-19,14380,14520,14370,14440,585168,14.92
2024-11-20,14440,14720,14440,14660,737877,14.94
2024-11-21,14700,14850,14600,14760,998092,14.96
2024-11-22,14870,14870,14680,14800,655520,14.95
2024-11-25,14810,14820,14650,14650,1875871,14.89
2024-11-26,14600,14740,14570,14690,695387,14.9
2024-11-27,14740,14910,14740,14910,990358,14.93
2024-11-28,14930,15140,14810,15090,946135,14.93
2024-11-29,15150,15160,14820,14880,1094414,14.88
2024-12-02,15030,15030,14890,14930,1020627,14.85
2024-12-03,14980,15170,14970,15170,1494953,14.88
2024-12-04,14950,15090,14690,14850,2355453,14.8
2024-12-05,14850,14860,14260,14330,1815446,14.75
2024-12-06,14440,14850,14370,14600,1591854,14.74
2024-12-09,14390,14390,14130,14130,1723996,14.71
2024-12-10,14270,14410,14140,14290,1104424,14.68
2024-12-11,14290,14710,14290,14680,751456,14.67
2024-12-12,14700,14810,14540,14630,1533000,14.64
2024-12-13,14630,14700,14550,14700,790049,14.61
2024-12-16,14770,14840,14560,14610,812514,14.58
2024-12-17,14570,14640,14230,14330,1381086,14.51
2024-12-18,14400,14580,14370,14550,743105,14.5
2024-12-19,14340,14540,14250,14460,591806,14.49
2024-12-20,14350,14400,14250,14290,1258702,14.45
2024-12-23,14290,14570,14250,14560,830412,14.44
2024-12-24,14570,14730,14550,14730,638878,14.45
2024-12-26,14730,14730,14580,14680,1407117,14.43
2024-12-27,14410,14500,14340,14450,1114494,14.38
2024-12-30,14450,14550,14330,14330,690369,14.4
2025-01-02,14390,14550,14350,14380,727935,14.41
2025-01-03,14380,14460,14330,14350,800016,14.37
2025-01-06,14350,14450,14310,14450,700370,14.38
2025-01-07,14440,14510,14400,14410,696863,14.35
2025-01-08,14370,14550,14370,14440,979634,14.35
2025-01-09,14410,14560,14400,14520,696213,14.35
2025-01-10,14500,14690,14460,14650,749846,14.37
2025-01-13,14590,14730,14580,14690,820284,14.35
2025-01-14,14690,14780,14630,14740,797258,14.38
2025-01-15,14720,14810,14660,14690,724141,14.37
2025-01-16,14770,14780,14700,14750,601716,14.37
2025-01-17,14700,14800,14640,14710,513155,14.36
2025-01-20,14710,14880,14690,14800,792948,14.38
2025-01-21,14810,14890,14750,14790,582786,14.39
2025-01-22,14880,15040,14860,14980,868825,14.35
2025-01-23,15030,15210,15020,15080,873586,14.37
2025-01-24,15100,15120,15010,15070,645674,14.36
2025-01-31,15220,15530,15070,15530,1723738,14.44
2025-02-03,15260,15340,15070,15150,1128657,14.4
2025-02-04,15250,15250,15100,15190,868215,14.37
2025-02-05,15220,15320,15170,15200,834925,14.34
2025-02-06,15270,15270,15080,15170,1004214,14.3
2025-02-07,15160,15260,15070,15150,1069694,14.31
2025-02-10,15180,15420,15140,15260,1521913,14.29
2025-02-11,15250,15260,14980,15110,1400743,14.2
2025-02-12,15190,15320,15170,15270,939382,14.22
2025-02-13,15320,15390,15240,15320,1275893,14.22
2025-02-14,15310,15400,15300,15350,681540,14.21
2025-02-17,15390,15480,15380,15470,729034,14.24
2025-02-18,15490,15640,15460,15580,828703,14.26
2025-02-19,15560,15680,15520,15550,918659,14.24
2025-02-20,15480,15610,15480,15570,596600,14.24
2025-02-21,15580,15610,15490,15500,663278,14.22
2025-02-24,15490,15550,15430,15540,432542,14.19
2025-02-25,15500,15540,15370,15400,878603,14.15
2025-02-26,15400,15560,15360,15520,905252,14.14
2025-02-27,15510,15620,15370,15620,927522,14.13
2025-02-28,15640,15720,15500,15590,1984578,14.1
2025-03-04,15610,15870,15470,15480,1513662,14.07
2025-03-05,15540,15600,15250,15340,1158351,14.02
2025-03-06,15380,15500,15280,15490,1034278,13.97
2025-03-07,15460,15620,15360,15500,1072788,13.95
2025-03-10,15500,15700,15450,15650,1057175,13.93
2025-03-11,15500,15680,15460,15530,1192851,13.88
2025-03-12,15530,15640,15520,15630,964619,13.85
2025-03-13,15630,15850,15630,15780,2178297,13.81
2025-03-14,15730,15800,15560,15700,879679,13.76
2025-03-17,15730,15840,15720,15800,1047633,13.75
2025-03-18,15730,15870,15730,15800,1272001,13.76
2025-03-19,15810,15840,15700,15800,1220495,13.76
2025-03-20,15800,15840,15710,15780,1232758,13.77
2025-03-21,15750,15770,15670,15710,2294212,13.75
2025-03-24,15760,15800,15700,15740,882404,13.77
2025-03-25,15740,15790,15710,15770,1443043,13.77
2025-03-26,15770,15790,15630,15650,1320899,13.71
2025-03-27,15660,15670,15450,15510,1742208,13.67
2025-03-28,14490,14640,14450,14540,2133885,13.66
2025-03-31,14420,14430,14210,14220,1459126,13.63
2025-04-01,14220,14590,14220,14590,1325756,13.72
2025-04-02,14590,14640,14470,14570,871001,13.77
2025-04-03,14210,14420,14100,14390,1291631,13.76
2025-04-04,14200,14300,14120,14220,1148240,13.73
2025-04-07,14000,14020,13440,13790,1378204,13.76
2025-04-08,13840,13940,13580,13600,1023878,13.73
2025-04-09,13680,13680,13390,13600,1392650,13.75
2025-04-10,14010,14220,13860,14220,1362115,13.76
2025-04-11,14020,14110,13890,13990,750651,13.74
2025-04-14,13990,14200,13990,14150,549299,13.72
2025-04-15,14200,14360,14200,14360,707946,13.74
2025-04-16,14330,14470,14310,14470,475288,13.77
2025-04-17,14400,14510,14380,14440,408878,13.76
2025-04-18,14460,14610,14410,14580,433362,13.78
2025-04-21,14590,14700,14580,14700,410926,13.8
2025-04-22,14680,14800,14610,14800,731380,13.83
2025-04-23,14860,14860,14740,14780,682479,13.8
2025-04-24,14580,14860,14430,14850,813052,13.81
2025-04-25,14890,15000,14890,14970,716691,13.83
2025-04-28,14930,15010,14870,14930,597908,13.84
2025-04-29,14940,15240,14940,15200,1191891,13.92
2025-04-30,15190,15340,15150,15340,1123006,13.97
2025-05-02,15190,15270,15020,15220,803988,13.96
2025-05-07,15430,15480,15240,15260,942670,13.97
2025-05-08,15200,15270,15130,15130,838533,13.98
2025-05-09,15120,15150,15020,15150,740011,13.95
2025-05-12,15150,15300,15150,15300,544466,13.97
2025-05-13,15150,15360,15150,15360,692339,13.97
2025-05-14,15340,15450,15330,15430,1037446,14.02
2025-05-15,15300,15470,15300,15470,628426,14.05
2025-05-16,15450,15470,15380,15460,415021,14.07
2025-05-19,15460,15460,15210,15310,693672,14.07
2025-05-20,15340,15440,15340,15430,678974,14.02
2025-05-21,15450,15470,15370,15450,622127,14.05
2025-05-22,15360,15370,15210,15260,805395,14.0
2025-05-23,15250,15390,15250,15360,442587,14.02
2025-05-26,15360,15440,15250,15440,662984,14.01
2025-05-27,15400,15470,15350,15470,800149,14.01
2025-05-28,15430,15540,15410,15450,994931,14.03
2025-05-29,15500,15660,15440,15640,1466105,14.02
2025-05-30,15670,15760,15620,15740,1932130,14.01
2025-06-02,15670,15880,15250,15430,1306438,13.97
2025-06-04,15500,15830,15500,15800,1742846,14.0
2025-06-05,15800,16190,15760,16050,1566071,14.08
2025-06-09,16470,16780,16410,16770,1684680,14.12
2025-06-10,17040,17040,16620,16770,1445766,14.08
2025-06-11,16770,16890,16670,16790,924340,14.08
2025-06-12,16800,16930,16700,16720,1641193,14.08
2025-06-13,16750,17130,16750,16960,1270130,14.14
2025-06-16,17070,17200,16880,17170,1171567,14.14
2025-06-17,17250,17550,17080,17230,1403276,14.12
2025-06-18,17140,17450,17060,17180,926190,14.09
2025-06-19,17160,17330,17010,17200,737052,14.1
2025-06-20,17260,17330,17160,17290,1986981,14.12
2025-06-23,17170,17440,17100,17420,977299,14.18
2025-06-24,17630,18180,17600,18060,1472576,14.27
2025-06-25,18290,18810,18060,18790,1683146,14.22
2025-06-26,18840,18980,18410,18520,1732163,14.19
2025-06-27,18600,18740,18260,18300,942054,14.18
2025-06-30,18190,18430,17850,18260,1113926,14.17
2025-07-01,18430,18780,18320,18470,1215200,14.16
2025-07-02,18470,18640,18180,18530,893957,14.1
2025-07-03,18600,18990,18600,18930,1075314,14.15
2025-07-04,19170,19200,18850,18950,1101504,14.14
2025-07-07,18990,19340,18870,19080,838348,14.13
2025-07-08,19200,20350,19110,20150,2049817,14.19
2025-07-09,20400,20550,20100,20150,1132849,14.18
2025-07-10,20150,20450,20000,20250,1258001,14.16
2025-07-11,20300,21150,20300,21000,1575768,14.14
2025-07-14,21400,21900,21200,21850,2109219,14.1
2025-07-15,22400,22400,21700,22000,1901919,13.97
2025-07-16,21850,21900,20600,20700,2060965,13.99
2025-07-17,21050,21200,20600,20950,1027438,14.0
2025-07-18,21100,21150,20300,20500,1056591,14.01
2025-07-21,20200,20500,20100,20250,764611,14.01
2025-07-22,20300,20600,20050,20200,761021,14.0
2025-07-23,20350,20500,19970,20100,763180,13.92
2025-07-24,20300,20600,20050,20250,841919,13.89
2025-07-25,20100,20600,19760,19850,1600442,13.83
2025-07-28,19610,19650,18750,19000,2154455,13.87
2025-07-29,18800,19350,18790,19240,1122958,13.88
2025-07-30,19230,19600,19130,19500,900475,13.88
2025-07-31,19310,19550,19200,19420,675453,13.87
2025-08-01,19200,19200,18650,18650,1091080,13.88
2025-08-04,18500,19040,18500,18930,901527,13.88
2025-08-05,19200,19450,19140,19230,1136092,13.87
2025-08-06,19140,19410,19110,19340,670991,13.89
2025-08-07,19340,19440,19210,19370,738073,13.89
2025-08-08,19270,19440,19250,19400,401003,13.88
2025-08-11,19400,19420,19160,19270,342249,13.88
2025-08-12,19240,19710,19240,19490,714601,13.89
2025-08-13,19530,19640,19350,19490,592157,13.87
2025-08-14,19540,19690,19420,19460,1245412,13.88
2025-08-18,19420,19490,19150,19260,711220,13.91
2025-08-19,19400,19400,19200,19300,451394,13.89
2025-08-20,19350,19390,19030,19270,642873,13.88
2025-08-21,19600,19600,19230,19270,490438,13.89
2025-08-22,19350,19490,19120,19160,420937,13.87
2025-08-25,19230,19400,19200,19340,471280,13.87
2025-08-26,19220,19280,19090,19110,1056558,13.85
2025-08-27,19170,19200,19080,19180,408581,13.84
2025-08-28,19170,19350,19090,19190,620877,13.81
2025-08-29,19220,19250,19020,19020,882363,13.78
2025-09-01,19120,19120,18890,18920,676494,13.76
2025-09-02,18910,19090,18910,19090,506584,13.78
2025-09-03,18960,19150,18960,19100,432075,13.78
2025-09-04,18910,19100,18910,19040,538217,13.77
2025-09-05,18930,19060,18910,19010,419479,13.75
2025-09-08,18980,19060,18830,19000,644316,13.75
2025-09-09,19080,19150,18950,19150,1074932,13.79
2025-09-10,19400,20000,19050,19890,1513778,13.83
2025-09-11,19930,19980,19460,19730,1278979,13.84
2025-09-12,19940,20050,19720,19760,943900,13.84
2025-09-15,19840,20100,19810,19990,1105425,13.86
2025-09-16,20050,20150,19870,19870,761256,13.82
2025-09-17,19860,19870,19670,19820,617194,13.8
2025-09-18,19790,19885,19660,19750,669159,13.77
2025-09-19,19850,20050,19740,19760,2692714,13.79
2025-09-22,19900,20150,19450,19760,514059,13.78
2025-09-23,19600,19830,19600,19710,408235,13.73
2025-09-24,19900,19900,19600,19600,570068,13.7
2025-09-25,19600,19730,19500,19550,587351,13.67
2025-09-26,19490,19490,19240,19320,823695,13.66
2025-09-29,19510,19670,19460,19500,713800,13.62
2025-09-30,19420,19650,19400,19460,948720,13.62
2025-10-01,19500,19520,19220,19230,748114,13.56
2025-10-02,19340,19640,19280,19350,1285327,13.6
2025-10-10,19210,19280,18800,18970,1525258,13.5
2025-10-13,19000,19000,18740,18890,811896,13.45
2025-10-14,18810,18950,18660,18790,890570,13.41
2025-10-15,18800,19160,18800,19120,649252,13.41
2025-10-16,19120,19410,19120,19260,832934,13.38
2025-10-17,19110,19240,19010,19090,680628,13.36
2025-10-20,19130,19480,19000,19380,929212,13.37
2025-10-21,19430,19750,19350,19440,1255068,13.35
2025-10-22,19440,19610,19280,19610,664847,13.36
2025-10-23,19420,19610,19300,19410,739435,13.35
2025-10-24,19500,19570,19390,19410,758844,13.33
2025-10-27,19460,19650,19450,19530,808229,13.34
2025-10-28,19510,19540,19400,19480,828588,13.32
2025-10-29,19590,19590,19230,19300,1071997,13.26
2025-10-30,19210,19380,18950,19160,1206779,13.28
2025-10-31,19250,19370,19100,19330,937479,13.28
2025-11-03,19230,19250,19100,19110,1088199,13.24
2025-11-04,19140,19380,19070,19330,1262343,13.29
2025-11-05,19400,19410,19030,19320,1378785,13.31
2025-11-06,19440,20150,19340,20100,2419578,13.43
2025-11-07,20300,20350,19480,19700,1622659,13.38
2025-11-10,20200,20450,20100,20150,1593466,13.41
2025-11-11,20200,20500,19980,20100,1233851,13.43
2025-11-12,20200,20750,20100,20750,1820591,13.58
2025-11-13,20750,21050,20550,20750,1498294,13.61
2025-11-14,20750,20900,20550,20650,1275221,13.62
2025-11-17,20650,20700,20350,20500,959809,13.62
2025-11-18,20350,20450,20000,20050,743274,13.62
2025-11-19,20250,20450,20050,20300,1231785,13.66
2025-11-20,20400,20500,20150,20200,960627,13.64
2025-11-21,20100,20250,19920,20250,805178,13.65
2025-11-24,20400,20450,20100,20100,2262613,13.66
2025-11-25,20300,20400,20000,20150,836061,13.59
2025-11-26,20450,20450,20250,20450,507023,13.6
2025-11-27,20350,20600,20300,20300,499636,13.6
2025-11-28,20400,20550,20200,20550,839632,13.58
2025-12-01,20600,20750,20400,20700,617834,13.58
2025-12-02,20750,21200,20600,21100,1209109,13.59
2025-12-03,21000,21250,20800,20850,1241257,13.55
2025-12-04,20800,21100,20700,21100,1049357,13.54
2025-12-05,21000,21150,20900,21050,920469,13.53
2025-12-08,21100,21150,20800,20900,600579,13.49
2025-12-09,20950,21150,20800,21000,898727,13.51
2025-12-10,21050,21050,20700,20700,753468,13.53
2025-12-11,20900,21000,20650,20650,1808158,13.61
2025-12-12,20900,21150,20800,21150,929505,13.65
2025-12-15,21050,21200,20900,20950,718534,13.65
2025-12-16,21000,21150,20700,20750,1079053,13.62
2025-12-17,20950,20950,20650,20900,552888,13.57
2025-12-18,20750,20900,20700,20700,543803,13.54
2025-12-19,20900,21000,20750,20950,726177,13.54
2025-12-22,21050,21400,21000,21350,1171733,13.56
2025-12-23,21400,21450,21150,21150,579561,13.53
2025-12-24,21200,21350,21150,21200,501194,13.52
2025-12-26,21250,21300,21100,21200,960809,13.48
2025-12-29,20900,21150,20600,21100,872298,13.49
2025-12-30,21000,21100,20900,20950,595633,13.48
2026-01-02,20950,20950,20550,20750,1158048,13.46
2026-01-05,20600,21050,20600,20800,1020866,13.5
2026-01-06,20850,21050,20800,20950,1138151,13.55
2026-01-07,20800,20900,20600,20750,1121376,13.52
2026-01-08,20600,20700,20250,20300,1277444,13.51
2026-01-09,20550,20650,20350,20400,1029473,13.49
2026-01-12,20400,20550,20300,20550,853605,13.53
2026-01-13,20600,20650,20400,20500,923523,13.55
2026-01-14,20600,20700,20400,20700,815240,13.57
2026-01-15,20650,20850,20550,20700,1211374,13.57
2026-01-16,20750,20800,20500,20500,1215384,13.54
2026-01-19,20500,20550,20300,20300,1246920,13.5
2026-01-20,20350,20800,20250,20750,1348141,13.61
2026-01-21,20700,20850,20550,20750,1213443,13.68
2026-01-22,20600,21050,20400,21000,1646209,13.77
2026-01-23,20950,21050,20800,21050,1072447,13.78
2026-01-26,21000,21200,20900,20900,1078121,13.79
2026-01-27,21000,21600,20900,21600,2052149,13.92
2026-01-28,21700,22050,21550,21750,1410200,13.93
2026-01-29,21600,22150,21350,22000,1342533,13.99
2026-01-30,21900,22600,21900,22150,1717347,14.03
2026-02-02,22200,22400,21500,21800,1596276,14.03
2026-02-03,22150,22500,22050,22300,1305030,14.09
2026-02-04,22350,23100,22200,22850,1506227,14.07
2026-02-05,22750,23150,22700,23000,1040079,14.07
2026-02-06,22750,23000,22000,23000,1701480,13.99
2026-02-09,23250,23850,23150,23500,1802196,14.05
2026-02-10,23900,24500,23700,24150,1211168,14.04
2026-02-11,24500,25100,24350,25000,1493155,14.04
2026-02-12,25650,26400,25150,26150,2163022,14.01
2026-02-13,26500,26800,25700,26150,2095988,13.95
2026-02-19,26600,26850,26250,26600,1386254,13.92
2026-02-20,26950,28700,26950,28550,1679519,13.88
2026-02-23,29000,29550,27150,27150,2314450,13.78
2026-02-24,26800,26800,25650,26350,1589782,13.75
2026-02-25,26700,26900,26350,26600,1138851,13.72
2026-02-26,26750,26900,26225,26500,1030857,13.71
2026-02-27,26200,26250,25600,25750,2497739,13.69
2026-03-03,25250,25700,24950,25100,1475776,13.72
2026-03-04,23900,24300,22050,22400,2406481,13.72
2026-03-05,24250,24550,23400,23800,1820155,13.67
2026-03-06,22800,23750,22750,23650,1158183,13.61
2026-03-09,22550,22900,22100,22800,1717778,13.59
2026-03-10,23650,23800,22900,23100,1055183,13.58
2026-03-11,23750,24250,23500,23600,1163893,13.55
2026-03-12,23600,23650,23200,23450,1121099,13.48
2026-03-13,23000,23400,22950,23100,1143463,13.41
2026-03-16,23100,23250,22700,22850,1112484,13.35
2026-03-17,23200,23400,23000,23200,804318,13.32
2026-03-18,23550,23850,23450,23850,1187245,13.29
2026-03-19,23450,24000,23400,23700,848915,13.28
2026-03-20,23800,24350,23800,24100,4062685,13.25
2026-03-23,23700,23700,22900,23050,1376581,13.14
2026-03-24,23800,23850,22750,23150,1189255,13.03
2026-03-25,23450,23600,23250,23400,1137165,12.95
2026-03-26,23650,23650,23300,23400,1247315,12.89
2026-03-27,23200,23700,22800,23550,1581913,12.85
2026-03-30,22200,22300,21800,22000,1733970,12.77
2026-03-31,21700,21750,21100,21350,1609249,12.75
2026-04-01,22200,22300,21600,22000,1320725,12.78
2026-04-02,22000,22500,21400,21650,1221648,12.83
2026-04-03,21800,22000,21300,21350,694072,12.81
2026-04-06,21350,21750,21300,21600,545363,12.85
2026-04-07,21450,21900,21250,21350,945002,12.91
2026-04-08,22100,22500,21900,22000,1175800,12.88
2026-04-09,22100,22100,21600,21800,1177895,12.86
2026-04-10,21900,22550,21850,22350,1198714,12.89
2026-04-13,22100,22250,21900,22250,699041,12.88
2026-04-14,22450,22700,22200,22400,1091362,12.87
2026-04-15,22650,22800,22350,22450,1258622,12.86
2026-04-16,22600,22850,22450,22850,1136373,12.89
2026-04-17,22800,22800,22450,22550,817993,12.85
2026-04-20,22750,22800,22450,22600,702261,12.86
2026-04-21,22650,22700,22500,22550,991618,12.82
2026-04-22,22450,22500,22200,22350,1216614,12.82
2026-04-23,22600,22600,22050,22300,1108729,12.8
2026-04-24,22250,22450,22200,22350,724759,12.83
2026-04-27,22250,22350,22000,22200,786354,12.81
2026-04-28,22050,22650,22050,22500,1262073,12.89
2026-04-29,22500,22600,22300,22550,891309,12.91
2026-04-30,22400,22800,22400,22600,1296670,12.9
2026-05-04,22850,22900,22050,22100,1322113,12.79
2026-05-06,22100,22150,21600,21600,2315967,12.82
2026-05-07,21650,21800,21450,21750,1445438,12.85
2026-05-08,21700,21800,21450,21800,1065365,12.87
2026-05-11,21650,21750,21300,21350,1296450,12.88
2026-05-12,21450,21800,20900,21350,2696736,12.97
2026-05-13,21500,21650,20450,20800,1755955,13.0
2026-05-14,20750,21400,20600,21300,1743753,13.1
2026-05-15,21300,21500,20600,20900,1582527,13.12
2026-05-18,20850,20900,20100,20650,1410596,13.11
2026-05-19,20400,20750,20200,20600,1377156,13.16
2026-05-20,20800,20850,20000,20300,1369807,13.19
2026-05-21,20400,20700,20200,20400,1332771,13.19
2026-05-22,20650,21000,20550,21000,1198161,13.27
2026-05-26,21050,21150,20750,20850,1002038,13.29
2026-05-27,20800,21000,20300,20500,1283817,13.34
2026-05-28,20550,20600,20050,20450,1373926,13.36
2026-05-29,20600,20600,20000,20200,4867498,13.31
2026-06-01,20100,20450,20000,20050,1884492,13.43
2026-06-02,20050,20350,19780,20350,1676754,13.5
2026-06-04,20300,20750,20150,20500,1341275,13.54
2026-06-05,20900,21150,20300,20650,1107061,13.53
2026-06-08,20050,20350,19820,20250,2778972,13.53
2026-06-09,20400,21100,20150,20550,1518787,13.57
2026-06-10,20450,21150,20300,20900,1409813,13.61
2026-06-11,20750,21000,20100,20950,1645718,13.58
2026-06-12,21150,22350,21000,21800,2742489,13.67
2026-06-15,22200,22550,21850,22400,2151308,13.7
2026-06-16,22300,23500,22300,23100,3830645,13.66
2026-06-17,23300,23700,22300,22450,1027053,13.66
2026-06-18,22250,22350,21800,21850,789929,13.68
2026-06-19,22150,22150,21050,21450,1547020,13.69
2026-06-22,21350,21400,20500,20550,1226477,13.69
2026-06-23,20700,21050,20100,20250,984938,13.66
2026-06-24,20400,20400,19840,20150,1792603,13.56
2026-06-25,20150,20400,19950,19950,912844,13.54
2026-06-26,20100,20200,19300,19660,1778305,13.49
2026-06-29,19900,20300,19410,20150,1223374,13.49
2026-06-30,20150,20350,19900,19900,964685,13.49
