date,open,high,low,close,volume,foreign_ownership_ratio
2016-07-01,100500,101500,99100,99900,276102,15.24
2016-07-04,99600,99800,98600,98800,220019,15.25
2016-07-05,98700,98700,96300,96300,415362,15.22
2016-07-06,96600,96900,94800,95000,358369,15.18
2016-07-07,95300,96400,94800,95200,206798,15.17
2016-07-08,95100,95500,94000,94800,181114,15.15
2016-07-11,95500,97100,95400,96800,195118,15.15
2016-07-12,96100,97000,95500,96500,171858,15.14
2016-07-13,96500,97500,96100,96800,133307,15.16
2016-07-14,97400,97400,96200,96200,174957,15.16
2016-07-15,96600,98800,96500,98000,245740,15.19
2016-07-18,97600,98500,97400,98400,151137,15.19
2016-07-19,98100,98500,97700,98200,127127,15.2
2016-07-20,98300,98300,96200,96500,252112,15.21
2016-07-21,96500,97600,96400,97500,121727,15.23
2016-07-22,97000,98900,97000,98200,195754,15.23
2016-07-25,98500,99300,97900,99300,139382,15.24
2016-07-26,98600,99900,98500,99500,90278,15.25
2016-07-27,99600,100000,99300,99400,93499,15.25
2016-07-28,99200,99500,97600,97700,178708,15.22
2016-07-29,97700,99000,97300,97300,190411,15.21
2016-08-01,97300,98700,97300,98200,151235,15.26
2016-08-02,97900,98400,97300,97600,100072,15.27
2016-08-03,97000,97600,96500,96600,123108,15.26
2016-08-04,96600,97200,96000,96100,166851,15.25
2016-08-05,95900,98700,95900,98300,237281,15.24
2016-08-08,98300,100000,98200,99900,206276,15.25
2016-08-09,100000,101500,99700,101000,248232,15.27
2016-08-10,101500,103000,101000,103000,348925,15.3
2016-08-11,103000,103000,101500,103000,168947,15.29
2016-08-12,102000,102000,100500,100500,254014,15.26
2016-08-16,100000,101000,100000,100000,158569,15.24
2016-08-17,100500,103000,100000,102500,239676,15.26
2016-08-18,103500,109500,103500,108000,1038485,15.3
2016-08-19,108500,108500,102500,103000,548647,15.3
2016-08-22,103000,103000,100000,102000,424665,15.32
2016-08-23,102000,102500,99800,99800,409435,15.3
2016-08-24,99800,102000,99800,101500,214227,15.32
2016-08-25,101500,103500,101000,102000,273850,15.3
2016-08-26,102000,104500,101500,103500,243619,15.27
2016-08-29,105000,106000,103500,104000,270593,15.26
2016-08-30,104500,106000,104000,105000,193059,15.26
2016-08-31,104000,105000,103000,103000,255759,15.24
2016-09-01,103500,108500,103500,106000,492360,15.25
2016-09-02,106000,106500,104500,106000,121926,15.26
2016-09-05,106000,107000,105000,106000,109461,15.26
2016-09-06,105500,106500,105500,105500,133206,15.26
2016-09-07,106000,107500,105500,106500,141049,15.27
2016-09-08,106500,107000,105000,106500,223584,15.29
2016-09-09,105500,106000,104000,105500,140895,15.3
2016-09-12,105500,107000,104500,105500,238035,15.29
2016-09-13,106000,106000,102500,103500,281413,15.27
2016-09-19,102000,105500,102000,104500,178380,15.28
2016-09-20,103000,104000,102000,103000,246608,15.25
2016-09-21,102500,105000,102000,104500,166578,15.26
2016-09-22,104000,106000,103500,103500,128119,15.24
2016-09-23,105000,106500,104500,106500,168996,15.25
2016-09-26,106500,106500,105000,105500,114669,15.23
2016-09-27,105500,105500,104000,104000,156303,15.2
2016-09-28,104000,105000,104000,104000,109950,15.2
2016-09-29,104500,106500,104000,105500,138614,15.22
2016-09-30,105500,106500,105000,105500,161905,15.21
2016-10-04,106500,107000,104500,105000,122017,15.19
2016-10-05,104500,105500,103500,104500,154536,15.18
2016-10-06,106000,109500,105500,109000,589943,15.2
2016-10-07,109000,111500,107500,110500,444270,15.21
2016-10-10,110000,110000,106500,106500,277883,15.19
2016-10-11,107500,108000,105000,106000,326732,15.21
2016-10-12,106500,106500,105000,105500,215958,15.17
2016-10-13,105500,106500,104500,105000,243023,15.18
2016-10-14,105000,107000,105000,106000,195206,15.16
2016-10-17,107000,107500,105500,106500,154355,15.17
2016-10-18,107000,109500,107000,108500,223661,15.16
2016-10-19,108500,109000,107000,108500,179631,15.13
2016-10-20,108500,110000,107500,109500,211733,15.13
2016-10-21,110000,110000,107500,107500,178011,15.1
2016-10-24,108000,111000,107500,110500,257865,15.12
2016-10-25,110500,112000,110000,111500,282473,15.12
2016-10-26,111000,111500,107500,108000,230579,15.1
2016-10-27,108500,111000,108000,110500,253803,15.11
2016-10-28,109500,111500,109500,110000,134649,15.11
2016-10-31,109500,113000,109500,110500,242369,15.09
2016-11-01,109500,110000,108000,109000,151292,15.07
2016-11-02,108500,108500,107000,108000,160405,15.05
2016-11-03,109000,109500,108000,108500,162012,15.05
2016-11-04,109500,109500,107000,107000,103253,15.04
2016-11-07,108000,108500,107500,108000,140845,15.04
2016-11-08,108000,108500,103500,104500,594858,15.08
2016-11-09,105000,106500,103500,104500,466677,15.11
2016-11-10,106500,107000,105000,105500,270581,15.14
2016-11-11,106000,111500,106000,110500,626027,15.14
2016-11-14,111500,115000,110500,115000,601144,15.2
2016-11-15,115500,115500,112500,113500,358469,15.23
2016-11-16,113000,113500,110500,112000,245094,15.24
2016-11-17,114000,117000,113500,116000,433971,15.26
2016-11-18,116000,116500,114500,115500,245149,15.26
2016-11-21,116000,116500,115000,116000,231850,15.25
2016-11-22,116500,116500,114000,114000,191412,15.25
2016-11-23,114500,117500,114500,116500,237498,15.29
2016-11-24,116500,117500,115000,116500,144261,15.29
2016-11-25,117000,117500,116000,116500,99655,15.28
2016-11-28,117000,119000,116500,116500,197452,15.29
2016-11-29,116000,118000,113500,115500,362224,15.33
2016-11-30,113500,115500,113500,114000,353036,15.34
2016-12-01,113500,116000,113500,116000,156419,15.35
2016-12-02,116000,116500,114500,116000,159498,15.34
2016-12-05,115500,117500,115500,117500,113433,15.33
2016-12-06,118000,118500,116000,117500,182793,15.3
2016-12-07,117000,117500,115000,116500,179724,15.29
2016-12-08,116500,118000,115500,118000,277023,15.28
2016-12-09,117000,117500,116000,117000,99729,15.28
2016-12-12,118000,118000,116000,117500,119165,15.29
2016-12-13,117500,118000,116000,117500,129503,15.3
2016-12-14,117000,117500,115500,116000,140863,15.3
2016-12-15,115000,117000,114500,115500,166158,15.31
2016-12-16,115000,116000,114000,115000,239544,15.33
2016-12-19,115500,115500,114000,115000,94830,15.33
2016-12-20,114500,115000,114000,115000,108007,15.32
2016-12-21,115000,115500,111000,111500,250997,15.31
2016-12-22,111500,115000,111500,114000,226361,15.31
2016-12-23,113500,115000,113000,114500,108012,15.31
2016-12-26,114000,115000,114000,114500,86784,15.29
2016-12-27,114500,116000,114500,115000,152057,15.32
2016-12-28,114000,115000,113000,113500,160852,15.36
2016-12-29,114500,114500,112500,112500,175763,15.39
2017-01-02,112000,113000,109000,110000,95590,15.4
2017-01-03,110000,111500,109000,110000,182911,15.44
2017-01-04,109500,113500,109000,113000,173929,15.48
2017-01-05,112500,113500,112500,113500,154651,15.5
2017-01-06,114000,114000,111500,112500,221279,15.52
2017-01-09,111500,113000,111000,112500,150267,15.54
2017-01-10,111500,112500,110500,110500,133638,15.54
2017-01-11,110000,113500,109500,113000,173614,15.56
2017-01-12,113000,113500,111000,111000,185644,15.56
2017-01-13,110500,112000,110500,112000,110522,15.56
2017-01-16,112000,114500,112000,112000,230305,15.59
2017-01-17,112000,115500,111500,115500,210924,15.61
2017-01-18,115000,116500,114500,115500,140215,15.64
2017-01-19,116000,116000,114000,115000,159442,15.65
2017-01-20,115000,115500,114500,114500,67007,15.64
2017-01-23,114000,115000,112000,112000,131669,15.66
2017-01-24,112000,113000,111500,111500,106103,15.66
2017-01-25,112500,113000,112000,112000,148673,15.68
2017-01-26,112000,112500,110000,110000,163306,15.67
2017-01-31,110000,112000,109500,111000,150885,15.66
2017-02-01,112000,112000,108500,109000,192440,15.65
2017-02-02,108500,110000,107500,107500,184828,15.68
2017-02-03,107500,109000,107000,108000,157630,15.67
2017-02-06,109000,110500,108500,109000,134348,15.67
2017-02-07,110000,110000,108500,110000,104583,15.67
2017-02-08,110000,111500,109500,111000,168809,15.69
2017-02-09,110500,111500,108500,109000,166341,15.71
2017-02-10,110000,111000,109000,109500,159880,15.69
2017-02-13,109500,110500,108000,110000,107622,15.69
2017-02-14,110500,111500,109000,111000,166049,15.67
2017-02-15,111000,111500,109500,109500,93586,15.66
2017-02-16,109000,109500,106500,107500,240274,15.66
2017-02-17,107000,107500,105000,106000,241903,15.64
2017-02-20,106000,106500,104500,105000,206103,15.62
2017-02-21,105500,107500,105000,107000,297162,15.62
2017-02-22,106500,107000,105500,106000,131315,15.62
2017-02-23,105500,107500,105500,106500,228168,15.61
2017-02-24,106500,107500,105000,106000,252453,15.6
2017-02-27,106500,106500,105000,105500,149353,15.57
2017-02-28,106000,108000,105000,107000,327489,15.57
2017-03-02,108500,110000,107500,109500,434457,15.57
2017-03-03,109500,109500,108000,108000,118158,15.58
2017-03-06,108000,110000,108000,108500,177876,15.57
2017-03-07,109000,109000,108000,108000,103657,15.56
2017-03-08,108000,109500,107500,108500,120006,15.57
2017-03-09,108000,109000,107500,108000,186840,15.59
2017-03-10,107500,108000,107000,107500,123406,15.61
2017-03-13,107500,109500,107000,109000,165866,15.63
2017-03-14,109000,114000,109000,114000,544362,15.67
2017-03-15,114000,115000,112500,113500,278761,15.65
2017-03-16,114000,114500,111000,111500,196476,15.66
2017-03-17,112000,114000,111500,114000,224940,15.68
2017-03-20,114500,115000,112500,113500,103453,15.66
2017-03-21,114000,114000,111000,111500,173584,15.66
2017-03-22,112000,112500,111000,111000,169997,15.65
2017-03-23,112000,113500,111500,112500,116525,15.66
2017-03-24,112000,112000,110500,111000,172601,15.65
2017-03-27,110000,110500,108500,109500,148993,15.64
2017-03-28,109500,110000,107500,108000,242734,15.64
2017-03-29,108000,108500,107500,108000,157272,15.65
2017-03-30,108500,108500,106500,107500,159757,15.65
2017-03-31,107000,109000,107000,108500,121166,15.66
2017-04-03,109000,109500,108000,109000,103823,15.64
2017-04-04,108500,109000,108000,109000,110877,15.64
2017-04-05,109500,110500,108500,110000,214017,15.65
2017-04-06,109500,110000,108000,108500,186893,15.66
2017-04-07,108000,110000,108000,109000,91255,15.67
2017-04-10,108500,109000,107500,107500,155469,15.66
2017-04-11,107500,108500,107500,107500,85085,15.65
2017-04-12,107500,109000,107500,107500,139196,15.65
2017-04-13,108000,109000,107500,109000,236664,15.64
2017-04-14,108500,109000,107500,108000,83382,15.65
2017-04-17,108000,111500,108000,110000,231990,15.66
2017-04-18,110500,111000,109500,110000,117088,15.66
2017-04-19,110000,110000,108000,109000,202113,15.65
2017-04-20,109000,109500,108000,108500,175583,15.67
2017-04-21,109000,110500,108000,109000,232822,15.67
2017-04-24,108500,110500,108500,110000,173170,15.68
2017-04-25,109500,110000,108000,108000,313811,15.63
2017-04-26,108000,109000,108000,108000,262686,15.6
2017-04-27,108000,110500,107500,110000,324914,15.62
2017-04-28,109000,111000,109000,109500,357731,15.62
2017-05-02,110000,112000,110000,110500,204218,15.63
2017-05-04,110500,113000,110500,112500,201457,15.65
2017-05-08,112500,114500,111500,114500,363671,15.7
2017-05-10,115500,117500,114000,116000,536160,15.7
2017-05-11,116500,117500,115500,116500,389766,15.7
2017-05-12,117000,118500,117000,118000,340058,15.78
2017-05-15,119500,123000,118500,123000,642789,15.9
2017-05-16,123000,123500,121000,123000,333480,15.95
2017-05-17,122500,123000,119000,119000,260288,15.93
2017-05-18,117500,119000,117000,117500,242988,15.94
2017-05-19,117500,120000,117000,119500,230244,15.94
2017-05-22,119000,119500,117000,118000,218305,15.94
2017-05-23,117500,122000,117000,120000,315764,15.95
2017-05-24,121500,122500,120500,121500,256824,15.95
2017-05-25,121500,125000,121000,124500,310850,15.94
2017-05-26,125000,126500,124000,125000,294459,15.91
2017-05-29,126000,126000,122500,123500,191085,15.89
2017-05-30,123000,123500,121500,121500,207476,15.89
2017-05-31,121500,124000,121500,122000,311328,15.87
2017-06-01,121500,124000,121500,121500,200674,15.87
2017-06-02,122000,124500,122000,122500,227539,15.9
2017-06-05,123500,124000,121000,121000,268591,15.88
2017-06-07,120000,122000,120000,120000,329795,15.92
2017-06-08,121000,121000,118500,119000,705194,16.12
2017-06-09,119000,119500,118000,119500,307816,16.17
2017-06-12,119000,121000,119000,120500,240427,16.18
2017-06-13,120000,122000,120000,121500,327052,16.2
2017-06-14,121500,122500,119000,120000,209248,16.2
2017-06-15,120000,121500,117500,118000,245254,16.21
2017-06-16,118000,118500,116000,116500,458988,16.21
2017-06-19,116500,117500,115500,116500,190836,16.22
2017-06-20,116000,117000,114500,115000,223865,16.2
2017-06-21,114500,115000,113000,114000,369104,16.19
2017-06-22,113500,116000,112500,115500,240121,16.18
2017-06-23,116000,116500,113500,114500,236341,16.22
2017-06-26,114500,115500,113500,114500,223244,16.2
2017-06-27,114000,117500,114000,116500,371936,16.26
2017-06-28,117000,117000,115000,116000,185141,16.23
2017-06-29,116500,119000,116000,118500,247826,16.23
2017-06-30,118500,119500,116000,117000,265928,16.17
2017-07-03,117500,118000,115500,117000,150881,16.19
2017-07-04,117000,119000,116500,118000,224292,16.17
2017-07-05,117500,118500,117000,118000,185971,16.16
2017-07-06,117500,119500,116500,119000,211183,16.17
2017-07-07,118000,123000,118000,122000,367070,16.15
2017-07-10,121500,127000,121500,123000,559682,16.11
2017-07-11,123500,124500,122000,123500,241812,16.06
2017-07-12,120500,122500,120000,121500,3878470,17.09
2017-07-13,122500,124000,121500,122000,635068,17.03
2017-07-14,122000,122500,120500,120500,275686,17.01
2017-07-17,121000,124000,120500,122000,406977,16.96
2017-07-18,123000,123000,121000,122500,484834,16.96
2017-07-19,123000,126000,122000,125000,381105,16.96
2017-07-20,124500,126000,124000,125500,328828,16.95
2017-07-21,125500,130000,125000,128500,628049,17.01
2017-07-24,129000,129500,127000,128000,229096,16.97
2017-07-25,128000,128000,125500,127000,250819,16.95
2017-07-26,128500,128500,123500,124000,306351,16.95
2017-07-27,125000,127000,124500,126500,236464,16.95
2017-07-28,126000,128000,125000,127000,245375,16.94
2017-07-31,126000,127000,124000,125500,254536,16.94
2017-08-01,125000,127500,124500,127500,235172,16.95
2017-08-02,127000,128500,126000,127500,216246,16.95
2017-08-03,126500,128000,123000,124000,321800,16.94
2017-08-04,123500,125000,122000,123500,197319,16.94
2017-08-07,123500,124000,122000,123000,137379,16.94
2017-08-08,122500,124500,121500,122500,297520,16.98
2017-08-09,121500,123000,121500,122000,249711,16.95
2017-08-10,122000,122500,116000,118000,548316,16.89
2017-08-11,118000,119000,116500,118000,302728,16.85
2017-08-14,119500,122500,119500,121000,311569,16.82
2017-08-16,121000,123000,120500,121500,209267,16.8
2017-08-17,121500,122000,120000,121500,226871,16.81
2017-08-18,120000,121000,118500,119500,245551,16.82
2017-08-21,119500,120000,117500,118000,173487,16.8
2017-08-22,117500,120500,117500,119500,120878,16.8
2017-08-23,119500,120000,117500,118000,144491,16.8
2017-08-24,117500,119000,117500,118500,141781,16.8
2017-08-25,119000,122000,118500,121500,172218,16.79
2017-08-28,121000,121000,117500,118000,231303,16.74
2017-08-29,117500,118500,116500,118500,192042,16.74
2017-08-30,118000,118000,115500,115500,249840,16.68
2017-08-31,116000,117000,115000,115500,195552,16.67
2017-09-01,115500,115500,112500,113000,321333,16.67
2017-09-04,111000,113000,110500,112500,164379,16.66
2017-09-05,113000,113500,110500,111500,181783,16.65
2017-09-06,112500,113000,110500,111000,288396,16.68
2017-09-07,112000,117500,111500,117000,423899,16.77
2017-09-08,117000,117000,114500,116000,225225,16.74
2017-09-11,116500,117500,114500,115000,218317,16.7
2017-09-12,116500,116500,115000,115500,164590,16.69
2017-09-13,115500,116000,113000,114500,208272,16.7
2017-09-14,114500,115500,113500,115500,247489,16.72
2017-09-15,115500,117500,115500,117000,199268,16.71
2017-09-18,116500,118500,115500,118000,220396,16.71
2017-09-19,117500,119000,115500,116000,154024,16.69
2017-09-20,116000,116500,113500,114500,294503,16.69
2017-09-21,114000,117000,113500,115500,259711,16.68
2017-09-22,115500,118500,115000,117000,408912,16.64
2017-09-25,117000,117500,116000,117500,145515,16.65
2017-09-26,118000,118000,115500,116000,154191,16.57
2017-09-27,116000,116500,115000,115500,175478,16.56
2017-09-28,115500,115500,113500,114000,234081,16.53
2017-09-29,114000,115000,112500,113000,254536,16.53
2017-10-10,112000,115000,111500,114000,818797,16.53
2017-10-11,115000,123000,115000,123000,619650,16.64
2017-10-12,122500,125000,121500,123000,402118,16.67
2017-10-13,123000,126000,121500,122000,253493,16.68
2017-10-16,122500,123500,120500,122500,130502,16.68
2017-10-17,123000,124000,120000,120000,230515,16.68
2017-10-18,120000,122500,118500,121500,204705,16.69
2017-10-19,122000,125000,121000,124000,332360,16.72
2017-10-20,125000,128500,125000,128000,543141,16.71
2017-10-23,128000,129500,124500,125000,324063,16.69
2017-10-24,125000,128000,125000,127500,232637,16.68
2017-10-25,128000,135000,127000,133500,851150,16.7
2017-10-26,132500,135000,131000,132500,408718,16.62
2017-10-27,133000,134000,131000,132000,279575,16.61
2017-10-30,133000,133500,128500,129500,267927,16.6
2017-10-31,130000,136000,129000,135000,512542,16.6
2017-11-01,133000,138000,132500,137500,477774,16.59
2017-11-02,136500,137500,133500,134500,276953,16.6
2017-11-03,136000,138500,134500,136500,215830,16.6
2017-11-06,136000,137000,132000,133500,175724,16.62
2017-11-07,133000,134500,131500,134000,175450,16.63
2017-11-08,132500,133500,131500,132000,189549,16.64
2017-11-09,133500,134500,132500,132500,267572,16.65
2017-11-10,132500,135000,130500,135000,314849,16.66
2017-11-13,134500,135000,130500,132000,371340,16.65
2017-11-14,131000,132000,130500,131500,161712,16.65
2017-11-15,130500,131500,129000,131000,221397,16.67
2017-11-16,130500,133000,129500,132000,156764,16.68
2017-11-17,132500,136500,132000,135000,273751,16.68
2017-11-20,134000,135500,131500,131500,175980,16.68
2017-11-21,132000,133500,130500,131500,158182,16.69
2017-11-22,131500,134000,131500,133500,177908,16.69
2017-11-23,133000,134000,131500,132000,150832,16.68
2017-11-24,132500,135000,131000,135000,181915,16.69
2017-11-27,135000,136000,129500,130000,314381,16.67
2017-11-28,129500,131000,129000,130500,176177,16.61
2017-11-29,131000,131000,129000,130000,130782,16.6
2017-11-30,131500,132500,128000,128000,352497,16.59
2017-12-01,130000,130000,126000,126000,189076,16.58
2017-12-04,126000,128000,125500,127000,160904,16.59
2017-12-05,126000,126500,122500,123500,427902,16.6
2017-12-06,124000,124000,122000,122500,340431,16.58
2017-12-07,122500,125000,122500,124500,228913,16.58
2017-12-08,123500,124500,122000,124000,222206,16.56
2017-12-11,125000,127500,124000,127000,225290,16.57
2017-12-12,125500,126000,123500,124000,195312,16.56
2017-12-13,123500,125000,123500,125000,202034,16.55
2017-12-14,125500,127000,122500,122500,473652,16.57
2017-12-15,123500,126000,123500,124500,319716,16.62
2017-12-18,126000,126000,124500,125000,72889,16.6
2017-12-19,124500,126000,123500,124000,107262,16.6
2017-12-20,123000,125000,123000,124500,142562,16.59
2017-12-21,124000,125000,123500,124500,142821,16.57
2017-12-22,125000,125000,120500,122000,208619,16.54
2017-12-26,122500,124500,122500,124000,175461,16.53
2017-12-27,122500,123500,121000,123500,144013,16.53
2017-12-28,123500,124500,122500,124500,135814,16.53
2018-01-02,124500,125000,122000,122500,115903,16.53
2018-01-03,121500,123000,121500,122500,157983,16.54
2018-01-04,122500,123000,120500,120500,211786,16.54
2018-01-05,121000,122000,120500,121500,138766,16.55
2018-01-08,122000,123500,121000,123000,163911,16.55
2018-01-09,122500,126500,122500,126500,280022,16.57
2018-01-10,127500,127500,124500,125000,275255,16.56
2018-01-11,125000,126500,124000,124000,232940,16.55
2018-01-12,124500,126000,124500,124500,229029,16.54
2018-01-15,125000,130000,124500,129000,443373,16.53
2018-01-16,129000,131000,126500,129500,302240,16.51
2018-01-17,129000,130000,128000,129500,153577,16.51
2018-01-18,130000,131000,129000,130500,194936,16.56
2018-01-19,130000,134000,130000,133500,329533,16.58
2018-01-22,134000,134500,130500,132000,273331,16.58
2018-01-23,132500,134000,130500,133500,220147,16.6
2018-01-24,132500,133500,129500,130000,195664,16.6
2018-01-25,129500,131500,128500,129500,174067,16.6
2018-01-26,128500,130000,127500,130000,156749,16.6
2018-01-29,129500,133000,129500,130500,197222,16.6
2018-01-30,127000,128000,124000,125000,785334,16.53
2018-01-31,124000,129500,122500,129000,633456,16.55
2018-02-01,128000,131000,128000,128500,178047,16.57
2018-02-02,128500,131500,128000,128500,244379,16.57
2018-02-05,129000,130000,125000,128000,346462,16.53
2018-02-06,127000,129500,125000,126500,344542,16.52
2018-02-07,127000,128500,125500,125500,299816,16.52
2018-02-08,125000,127000,123000,123000,300937,16.51
2018-02-09,121500,123000,119000,119500,322406,16.46
2018-02-12,119500,122000,119500,121000,163789,16.49
2018-02-13,121000,122500,119500,120500,178722,16.48
2018-02-14,120500,122000,120000,121000,123676,16.47
2018-02-19,123000,123500,122000,122500,121257,16.47
2018-02-20,122000,122500,119500,120000,125553,16.45
2018-02-21,120000,123000,118500,121500,225733,16.45
2018-02-22,120500,124500,120000,123000,202234,16.44
2018-02-23,124000,128000,124000,128000,309916,16.44
2018-02-26,128000,129000,125000,127500,189146,16.43
2018-02-27,126000,127000,123000,123000,267401,16.38
2018-02-28,123000,123500,121500,121500,274305,16.37
2018-03-02,120500,121000,119000,120000,180757,16.35
2018-03-05,119500,121500,119000,121000,123072,16.34
2018-03-06,121000,121500,119000,119500,166264,16.3
2018-03-07,119000,119500,117000,118000,226535,16.27
2018-03-08,118000,119000,117000,119000,232268,16.27
2018-03-09,119000,121500,118500,120500,182372,16.26
2018-03-12,121000,122000,120000,121000,223441,16.25
2018-03-13,120000,120000,116000,118000,502928,16.21
2018-03-14,117000,118500,116500,117500,138875,16.2
2018-03-15,117000,117000,115500,116500,242652,16.18
2018-03-16,117000,119000,116500,118500,237154,16.2
2018-03-19,118500,119500,116500,117500,127925,16.2
2018-03-20,116500,118000,116000,117000,137433,16.18
2018-03-21,116500,119000,116000,118000,168278,16.17
2018-03-22,117500,119500,117000,117500,198480,16.19
2018-03-23,116500,117000,113500,115000,298850,16.17
2018-03-26,115000,115000,113000,113500,143259,16.17
2018-03-27,114500,115500,113500,114000,196936,16.18
2018-03-28,113000,114500,112500,113500,128820,16.19
2018-03-29,113000,116000,112500,115500,272415,16.18
2018-03-30,116500,117000,115500,116000,125217,16.18
2018-04-02,117000,120500,117000,119000,423187,16.17
2018-04-03,118500,119500,117500,119000,189585,16.14
2018-04-04,118500,118500,114000,115500,278254,16.12
2018-04-05,116500,116500,112500,113500,328074,16.06
2018-04-06,114000,115500,113000,115500,190298,16.1
2018-04-09,114000,115000,113000,114500,155266,16.09
2018-04-10,115000,115000,113500,114000,203363,16.08
2018-04-11,113500,115500,113000,114500,188103,16.07
2018-04-12,114500,115000,113500,113500,259276,16.09
2018-04-13,113500,114500,113000,114500,142080,16.09
2018-04-16,114500,115000,113500,114500,117717,16.09
2018-04-17,114000,114500,113000,113500,171408,16.07
2018-04-18,113000,115000,112000,113000,386386,16.06
2018-04-19,112000,112500,110000,110500,451298,16.02
2018-04-20,111000,112000,110500,111500,275899,16.0
2018-04-23,112000,115000,111000,114500,349647,15.99
2018-04-24,115000,118000,114500,117500,457997,15.98
2018-04-25,117500,118000,115000,117000,172923,15.97
2018-04-26,117500,120000,116500,119000,351272,15.98
2018-04-27,118500,119500,115500,116500,212599,15.97
2018-04-30,117000,117500,115500,117000,111990,15.98
2018-05-02,116500,116500,114000,114500,204801,15.97
2018-05-03,114000,115000,113000,113500,139961,15.96
2018-05-04,113000,114500,112000,112500,169007,15.98
2018-05-08,112000,113000,112000,112500,170627,15.96
2018-05-09,112000,113500,111500,112000,139101,15.95
2018-05-10,112000,114000,112000,112000,221126,15.96
2018-05-11,112500,115500,112500,114500,265701,15.98
2018-05-14,113500,116000,113500,114500,194643,16.0
2018-05-15,114000,114500,112000,112500,178306,15.99
2018-05-16,112500,114000,111500,113000,177642,15.99
2018-05-17,112500,113000,111500,112000,207402,15.98
2018-05-18,111500,112000,110500,112000,205619,15.97
2018-05-21,112000,112000,110500,111000,140020,15.96
2018-05-23,110000,110500,109500,110500,179784,15.97
2018-05-24,110000,110500,107000,108500,302075,15.97
2018-05-25,108000,108500,106000,107000,325777,15.99
2018-05-28,107000,107500,105000,106000,243235,15.99
2018-05-29,106000,107500,105500,106500,142235,16.0
2018-05-30,105500,109500,102000,107500,765692,15.97
2018-05-31,106500,106500,102500,103000,793402,16.0
2018-06-01,103000,104000,102000,102500,302214,16.02
2018-06-04,103000,104500,102500,103000,215713,16.04
2018-06-05,103000,104500,103000,103500,187418,16.05
2018-06-07,104000,106000,104000,105000,243102,16.07
2018-06-08,105500,106000,104000,104500,213047,16.1
2018-06-11,104000,105000,102500,103500,420428,16.12
2018-06-12,104000,106000,103000,106000,325621,16.14
2018-06-14,106000,106500,103500,104000,445037,16.13
2018-06-15,104000,104000,99900,100500,618271,16.11
2018-06-18,100500,103000,99800,102000,373860,16.13
2018-06-19,102000,103500,100500,102000,232283,16.14
2018-06-20,101000,103000,100000,100500,266418,16.12
2018-06-21,100000,100500,98100,98800,271182,16.12
2018-06-22,98000,102000,98000,100500,296452,16.18
2018-06-25,100500,101500,99200,100000,130767,16.17
2018-06-26,99400,100500,98600,99800,196109,16.15
2018-06-27,99200,99600,98500,99100,174554,16.15
2018-06-28,99400,99400,97500,98000,189386,16.13
2018-06-29,98300,98500,96500,98400,199789,16.14
2018-07-02,98000,98200,95200,95600,352029,16.14
2018-07-03,96000,96800,95400,96600,173388,16.14
2018-07-04,95800,97100,95500,96300,103656,16.14
2018-07-05,96300,98200,95800,96600,178694,16.14
2018-07-06,96600,98700,96600,97900,252505,16.13
2018-07-09,97500,99400,96500,98500,187386,16.12
2018-07-10,98500,99100,97600,97900,188887,16.11
2018-07-11,96700,97600,96300,96700,209185,16.12
2018-07-12,96900,97500,96200,96600,269930,16.15
2018-07-13,96500,97400,95600,95900,267163,16.15
2018-07-16,95600,96700,95500,96300,168957,16.16
2018-07-17,95900,96900,95800,96200,107999,16.15
2018-07-18,96500,98600,96500,96700,192845,16.15
2018-07-19,96800,96900,95000,95500,218127,16.13
2018-07-20,95500,97600,94700,97300,199077,16.09
2018-07-23,97300,98900,97100,98200,181199,16.1
2018-07-24,98800,99000,97400,98600,145398,16.08
2018-07-25,98400,99400,96300,97400,150965,16.08
2018-07-26,97900,97900,95000,95100,319499,16.02
2018-07-27,95600,95900,94800,95700,186475,16.04
2018-07-30,95500,96300,95500,96000,148128,16.06
2018-07-31,96300,96600,95600,96300,141838,16.07
2018-08-01,96600,97100,96100,96600,107817,16.08
2018-08-02,96300,96600,95400,95500,104767,16.07
2018-08-03,95500,95600,94900,95200,150181,16.07
2018-08-06,95000,99200,95000,98600,384565,16.1
2018-08-07,98000,98600,97300,98400,127913,16.09
2018-08-08,97600,98200,97600,97900,98287,16.09
2018-08-09,97800,98300,97200,97400,208831,16.08
2018-08-10,97200,98200,96700,97000,210740,16.05
2018-08-13,96800,96800,93200,94000,441982,16.01
2018-08-14,94300,94300,93300,93600,130791,16.0
2018-08-16,92900,93400,90900,91500,296281,16.0
2018-08-17,91200,91500,90500,90900,154206,16.01
2018-08-20,91400,91700,90000,90400,197334,16.03
2018-08-21,90500,93400,90000,93200,295950,16.07
2018-08-22,92500,93700,92500,93600,176028,16.09
2018-08-23,93400,93500,91500,91900,234158,16.08
2018-08-24,91300,93100,90900,91500,167063,16.08
2018-08-27,91500,92300,91200,92200,163088,16.1
2018-08-28,92100,93300,91700,92500,211750,16.1
2018-08-29,92500,93100,91900,92100,107676,16.09
2018-08-30,92200,92700,91700,92100,122523,16.09
2018-08-31,91900,92600,91300,92500,161126,16.1
2018-09-03,92000,92600,91600,92400,87976,16.11
2018-09-04,92000,92400,91500,92100,114652,16.12
2018-09-05,91700,92000,90800,90900,172011,16.12
2018-09-06,91000,92300,91000,91800,185541,16.15
2018-09-07,92200,93000,91500,93000,209212,16.14
2018-09-10,92500,92700,91100,92600,155896,16.15
2018-09-11,92000,92600,91600,92000,134993,16.14
2018-09-12,92100,92100,90900,91600,186091,16.14
2018-09-13,91900,92900,91500,91600,365978,16.21
2018-09-14,91800,92700,91500,92000,233894,16.2
2018-09-17,91600,91600,91000,91000,142219,16.19
2018-09-18,90600,91500,90600,91100,120359,16.18
2018-09-19,90800,90900,90000,90400,256916,16.16
2018-09-20,90100,91700,90100,91700,261900,16.17
2018-09-21,92600,96600,92600,96000,670255,16.26
2018-09-27,95000,97100,95000,96000,300342,16.29
2018-09-28,96000,97400,95700,97300,205720,16.3
2018-10-01,97300,97500,95800,96100,149856,16.31
2018-10-02,95900,97200,95400,96100,211067,16.31
2018-10-04,96700,97000,95600,96500,317806,16.33
2018-10-05,96500,98200,96000,96900,343248,16.33
2018-10-08,97000,97800,94600,94600,187007,16.33
2018-10-10,94600,95200,92300,94800,201984,16.34
2018-10-11,92500,94700,90900,90900,337633,16.32
2018-10-12,90900,91300,89600,90300,278386,16.29
2018-10-15,90300,90900,89900,90600,121235,16.31
2018-10-16,91000,91400,90200,90500,154266,16.33
2018-10-17,91800,92400,90400,90800,176653,16.35
2018-10-18,90800,91500,90400,91100,156134,16.36
2018-10-19,91000,91400,90300,91100,138863,16.35
2018-10-22,90700,92000,90400,91700,129576,16.36
2018-10-23,91200,92600,90300,91100,221143,16.38
2018-10-24,91700,94100,90800,93200,299071,16.42
2018-10-25,92500,93200,91000,92700,286322,16.4
2018-10-26,92000,94700,91000,92100,246767,16.41
2018-10-29,92300,93300,90600,90900,252240,16.38
2018-10-30,90800,91400,90100,90400,207504,16.39
2018-10-31,90200,92000,89700,92000,244759,16.42
2018-11-01,91300,91800,90800,91100,144728,16.43
2018-11-02,90800,91800,90800,91700,217379,16.42
2018-11-05,90900,91500,90100,91000,147217,16.44
2018-11-06,91500,91600,90800,91600,152050,16.48
2018-11-07,91100,92200,91100,91900,172504,16.5
2018-11-08,92200,94000,92200,92400,294065,16.55
2018-11-09,92400,93100,91600,92300,180044,16.57
2018-11-12,92100,93700,92100,93200,153045,16.58
2018-11-13,92900,92900,91000,92500,142484,16.56
2018-11-14,92400,92500,91200,91700,110697,16.55
2018-11-15,91100,91900,90600,91700,106429,16.54
2018-11-16,91300,91700,90400,90700,211659,16.52
2018-11-19,90400,92000,90200,90800,212461,16.51
2018-11-20,90800,91200,90200,90700,169179,16.5
2018-11-21,90500,90500,89600,90000,221319,16.48
2018-11-22,89900,89900,85700,86300,577166,16.45
2018-11-23,86400,86600,83900,84600,340628,16.45
2018-11-26,85000,85800,84200,85800,189769,16.43
2018-11-27,85800,86900,85500,86500,161443,16.42
2018-11-28,86800,87600,85600,87300,163259,16.42
2018-11-29,87800,88500,87600,88000,249184,16.47
2018-11-30,88000,88200,85800,86500,382593,16.46
2018-12-03,87100,87800,86600,87200,219350,16.46
2018-12-04,87100,87600,86200,86600,173570,16.47
2018-12-05,86000,87000,85400,86300,223898,16.48
2018-12-06,86300,86600,84200,84800,260931,16.45
2018-12-07,85000,85800,84400,85200,184139,16.45
2018-12-10,84800,85800,84500,85500,208762,16.45
2018-12-11,85000,85600,82000,82300,441394,16.38
2018-12-12,81800,84100,81800,83700,271171,16.38
2018-12-13,83900,85100,83900,84200,454374,16.4
2018-12-14,84200,86200,83800,83900,265184,16.38
2018-12-17,84200,85200,84200,84200,171215,16.36
2018-12-18,84100,85000,83500,84000,172452,16.33
2018-12-19,84400,84800,83800,84600,203553,16.29
2018-12-20,84200,84600,83200,83700,251308,16.27
2018-12-21,83800,84200,83300,84000,253655,16.24
2018-12-24,84200,85000,83400,84800,150686,16.22
2018-12-26,84200,84500,83500,84000,198558,16.17
2018-12-27,82900,82900,81400,81500,273820,16.16
2018-12-28,81500,82000,81300,81600,149932,16.19
2019-01-02,81700,82000,79700,80300,221030,16.2
2019-01-03,80700,80900,79800,80600,159465,16.23
2019-01-04,80600,82200,80000,81500,193345,16.26
2019-01-07,82100,82500,81400,81700,152145,16.25
2019-01-08,82200,82400,80900,81500,149000,16.26
2019-01-09,81100,82200,81100,82200,145701,16.27
2019-01-10,81800,81900,80700,81100,311628,16.25
2019-01-11,81200,82600,81200,82600,211882,16.28
2019-01-14,82400,82700,81800,82200,127048,16.3
2019-01-15,82500,83700,82000,83300,225666,16.31
2019-01-16,82600,83600,82300,82900,174318,16.3
2019-01-17,83400,85600,83200,85400,383196,16.34
2019-01-18,85700,85800,84700,85600,154126,16.35
2019-01-21,85600,85700,84500,85400,173378,16.35
2019-01-22,85600,88900,85600,88500,633907,16.4
2019-01-23,88500,91000,88400,90800,490020,16.41
2019-01-24,89600,91700,89600,91500,301733,16.41
2019-01-25,90800,92900,90800,92500,461950,16.43
2019-01-28,92000,93400,92000,93100,256923,16.43
2019-01-29,92300,93300,92000,93200,244795,16.46
2019-01-30,93900,93900,92200,93200,286515,16.47
2019-01-31,92500,92600,87100,88300,1138071,16.51
2019-02-01,87900,88600,86800,88200,347461,16.55
2019-02-07,88700,88700,87200,88500,212140,16.58
2019-02-08,88300,88900,87800,88900,215024,16.6
2019-02-11,89200,89200,87800,88100,216913,16.6
2019-02-12,88600,88800,87700,88800,211206,16.61
2019-02-13,88400,89900,87900,89700,218302,16.63
2019-02-14,88800,90800,88700,90800,344676,16.63
2019-02-15,90400,91200,89800,90200,202096,16.62
2019-02-18,90500,91000,90000,90300,131052,16.63
2019-02-19,90000,91400,89600,90200,144095,16.65
2019-02-20,90100,91100,89800,91000,204325,16.68
2019-02-21,90700,91800,90200,91400,192141,16.72
2019-02-22,91200,91300,89200,89900,242552,16.71
2019-02-25,89500,90500,88900,89000,214869,16.68
2019-02-26,88600,89100,88200,89000,176932,16.67
2019-02-27,88600,89900,88500,89500,146442,16.68
2019-02-28,90000,90100,88700,88700,305820,16.69
2019-03-04,88600,89400,87900,88200,262931,16.67
2019-03-05,87600,88900,87400,87700,193767,16.66
2019-03-06,87800,87800,86500,86700,240566,16.66
2019-03-07,87000,87200,85300,86900,254330,16.67
2019-03-08,86500,86600,85200,85300,229440,16.66
2019-03-11,84900,86300,84800,85400,159141,16.64
2019-03-12,86000,86800,85700,85900,128736,16.65
2019-03-13,85100,86000,84700,85400,153582,16.66
2019-03-14,86000,86300,84800,85700,350236,16.67
2019-03-15,85700,88700,85600,88100,335059,16.67
2019-03-18,88200,88700,87500,88000,100564,16.68
2019-03-19,88100,88700,87300,88000,92049,16.69
2019-03-20,87300,88600,86900,87700,99031,16.69
2019-03-21,87100,88300,86600,86900,169542,16.7
2019-03-22,86500,87800,86300,87100,137859,16.72
2019-03-25,87800,87800,84700,84800,216646,16.7
2019-03-26,84800,85800,84200,84200,155502,16.7
2019-03-27,84000,84700,83500,84000,131830,16.7
2019-03-28,83200,84000,82700,83700,116210,16.71
2019-03-29,84400,84400,83100,84100,163740,16.71
2019-04-01,84200,84500,83500,84000,130879,16.71
2019-04-02,83700,84700,83600,84500,188784,16.71
2019-04-03,83800,84800,83800,84500,222599,16.72
2019-04-04,84500,85100,83900,84500,166346,16.71
2019-04-05,84300,85000,84000,84800,123927,16.71
2019-04-08,84800,84900,84100,84500,139783,16.72
2019-04-09,84100,85000,84000,84300,152930,16.72
2019-04-10,84200,85500,84100,85500,135969,16.72
2019-04-11,85400,85500,84600,84900,240754,16.74
2019-04-12,85000,85000,84300,85000,121493,16.74
2019-04-15,84800,86500,84800,85600,195258,16.75
2019-04-16,85200,86000,84800,85900,129510,16.76
2019-04-17,85700,86000,85000,85800,123669,16.78
2019-04-18,86600,86600,84700,85000,178481,16.78
2019-04-19,84700,84800,83700,84400,142623,16.75
2019-04-22,84100,84400,83700,84000,97605,16.75
2019-04-23,84400,84700,83800,84500,87360,16.78
2019-04-24,84500,84900,83700,84300,179508,16.79
2019-04-25,84300,84900,83800,84400,135067,16.79
2019-04-26,84400,84600,83700,84000,130838,16.79
2019-04-29,83500,85100,83200,85100,151870,16.79
2019-04-30,85000,85600,83800,84900,179530,16.83
2019-05-02,84100,84600,83800,84400,150033,16.83
2019-05-03,83900,84300,83600,83800,99324,16.85
2019-05-07,83200,83300,82300,82900,223288,16.81
2019-05-08,82000,82700,81700,82400,166070,16.79
2019-05-09,82400,82500,79700,79700,363712,16.78
2019-05-10,79800,81800,79800,81000,229788,16.76
2019-05-13,80000,80900,79000,80700,211718,16.75
2019-05-14,81400,81400,80000,80500,194982,16.76
2019-05-15,81400,81900,80700,81000,224009,16.74
2019-05-16,80500,81100,79600,79800,261414,16.69
2019-05-17,80400,81500,79600,80500,202796,16.71
2019-05-20,80700,81400,80600,81000,99428,16.7
2019-05-21,80000,81500,80000,81100,167847,16.69
2019-05-22,80800,81400,80500,80800,149061,16.67
2019-05-23,80600,81600,80600,81500,118666,16.68
2019-05-24,81500,81900,81200,81600,112800,16.68
2019-05-27,81700,82400,81300,82000,94601,16.68
2019-05-28,82400,82400,81300,81300,276699,16.68
2019-05-29,81300,81300,79800,79900,250426,16.67
2019-05-30,79100,80600,79100,80600,181850,16.68
2019-05-31,80000,80900,79700,80800,182756,16.7
2019-06-03,80100,83300,80000,83000,298412,16.72
2019-06-04,83000,83300,82200,82800,123540,16.73
2019-06-05,82700,83400,81400,81800,193541,16.74
2019-06-07,81500,81900,80700,81400,152787,16.73
2019-06-10,81600,82700,81200,82700,110985,16.74
2019-06-11,82200,83100,82000,82600,113019,16.74
2019-06-12,82600,83300,82100,83200,144386,16.73
2019-06-13,82600,83300,81600,83300,292852,16.71
2019-06-14,82500,83100,81800,83100,200113,16.68
2019-06-17,83200,83200,82300,82900,95280,16.67
2019-06-18,82500,83500,82500,83100,93909,16.67
2019-06-19,83200,84000,82800,83700,142339,16.69
2019-06-20,83000,83400,82600,83000,143901,16.67
2019-06-21,82700,83600,82600,83000,205919,16.68
2019-06-24,83600,84100,82900,83900,111799,16.69
2019-06-25,83900,84500,83600,84300,152114,16.69
2019-06-26,83700,83800,83000,83600,139469,16.67
2019-06-27,83100,84400,82600,84000,148773,16.67
2019-06-28,83600,84400,83500,83600,89465,16.66
2019-07-01,84200,84300,83600,84100,66315,16.66
2019-07-02,83600,84200,83200,84200,90946,16.66
2019-07-03,84100,84200,82700,82800,116442,16.65
2019-07-04,82000,82200,81300,81800,183859,16.63
2019-07-05,81300,82100,81100,81700,161321,16.61
2019-07-08,81200,81800,80500,80800,143530,16.61
2019-07-09,80200,80700,79800,79800,253773,16.55
2019-07-10,79900,80300,79800,80100,154333,16.55
2019-07-11,80000,80500,79900,79900,201636,16.55
2019-07-12,79800,80500,79800,80300,132297,16.52
2019-07-15,80100,80700,79500,79800,154737,16.51
2019-07-16,80300,80400,79700,79700,207443,16.5
2019-07-17,79600,80000,79200,79900,124922,16.51
2019-07-18,79500,79700,77700,78700,260803,16.5
2019-07-19,78500,80000,78400,79600,197942,16.48
2019-07-22,79100,79900,78800,79200,118881,16.48
2019-07-23,78500,79700,78500,79300,118174,16.48
2019-07-24,78800,79500,78800,78800,145665,16.47
2019-07-25,78600,78700,77900,78400,143422,16.46
2019-07-26,78200,78400,77500,77800,127798,16.45
2019-07-29,77700,78200,76000,77000,221890,16.43
2019-07-30,77600,77600,75500,76200,181606,16.42
2019-07-31,76200,76600,75500,76100,214313,16.42
2019-08-01,75600,76200,74800,75800,175580,16.42
2019-08-02,74600,75600,72900,73400,377436,16.39
2019-08-05,72800,73300,71400,71600,362283,16.39
2019-08-06,70000,71600,70000,70900,388229,16.35
2019-08-07,70200,70900,69300,69600,267214,16.36
2019-08-08,70100,70400,68800,68800,391785,16.37
2019-08-09,69100,70000,68900,69000,249554,16.36
2019-08-12,68900,69000,67700,68000,224741,16.38
2019-08-13,67500,68800,67400,67900,206589,16.38
2019-08-14,68100,68200,65700,65700,390646,16.33
2019-08-16,65500,65500,64700,65000,243109,16.35
2019-08-19,65000,66400,65000,66100,145921,16.33
2019-08-20,66000,66700,65100,66400,164232,16.32
2019-08-21,66000,66500,65500,66500,181752,16.32
2019-08-22,66700,67400,66300,66600,169515,16.31
2019-08-23,66500,67000,65700,66300,183944,16.3
2019-08-26,65500,66200,64800,65800,135600,16.31
2019-08-27,66200,66800,65900,66400,305656,16.29
2019-08-28,67000,67100,65800,67000,155946,16.27
2019-08-29,67100,67300,66200,66500,171274,16.26
2019-08-30,66800,68300,66800,68200,218641,16.25
2019-09-02,67400,68500,67200,68300,105436,16.24
2019-09-03,67700,68700,67400,67600,165685,16.22
2019-09-04,67400,68200,66900,67700,158988,16.2
2019-09-05,67100,69300,67100,69000,263439,16.21
2019-09-06,69000,69400,68000,68200,120661,16.19
2019-09-09,67800,70000,67800,69500,197447,16.18
2019-09-10,69000,71200,69000,70400,280366,16.14
2019-09-11,71000,72900,71000,72300,483117,16.07
2019-09-16,71500,74700,71500,73800,267631,16.05
2019-09-17,73500,74400,72400,72800,204869,16.05
2019-09-18,72200,73600,72200,72700,158326,16.06
2019-09-19,72600,73400,71300,71900,183913,16.06
2019-09-20,71900,72600,71000,72600,261365,16.08
2019-09-23,72600,73400,72200,72700,142265,16.07
2019-09-24,73400,73500,72400,73300,158824,16.05
2019-09-25,73600,73800,72600,73100,161438,16.03
2019-09-26,73100,73200,71700,72300,223357,16.03
2019-09-27,72900,73000,70600,70600,208490,16.04
2019-09-30,70400,71500,69900,71100,192481,16.05
2019-10-01,70900,72700,70400,71900,146570,16.05
2019-10-02,70700,71500,69900,70100,155561,16.06
2019-10-04,69100,70200,69000,69100,154511,16.05
2019-10-07,69200,70300,69000,69400,93213,16.05
2019-10-08,69900,70500,69200,69900,189522,16.02
2019-10-10,69000,69900,68100,68200,317462,15.98
2019-10-11,69100,70900,69100,70300,198888,15.98
2019-10-14,70900,72200,70900,71400,166311,15.96
2019-10-15,70800,71400,70400,70500,166405,15.94
2019-10-16,70200,71700,69500,70100,292694,15.92
2019-10-17,70100,71100,69800,71000,255544,15.91
2019-10-18,71400,71700,70000,70100,163739,15.9
2019-10-21,70700,71100,70000,70600,126013,15.9
2019-10-22,71100,72100,70900,71800,186493,15.9
2019-10-23,70500,71700,70400,71100,147822,15.89
2019-10-24,70600,71300,70100,71200,143632,15.89
2019-10-25,70400,71300,70200,71200,150522,15.89
2019-10-28,71800,71900,70800,70900,147957,15.91
2019-10-29,71800,72600,71400,72200,226428,15.92
2019-10-30,72200,73000,70600,70700,234972,15.93
2019-10-31,70800,71800,70400,70600,184625,15.9
2019-11-01,70300,70800,70100,70700,98091,15.88
2019-11-04,71300,72600,70800,72100,173253,15.88
2019-11-05,72300,73100,71800,72800,254166,15.9
2019-11-06,72500,73100,72100,72500,191421,15.91
2019-11-07,72300,74500,72200,74100,277568,15.91
2019-11-08,74400,76000,74300,75100,317514,15.92
2019-11-11,75100,76000,74300,75600,268189,15.94
2019-11-12,76000,76100,75000,75500,130383,15.94
2019-11-13,75500,75600,74200,74500,242117,15.97
2019-11-14,74500,75300,74100,75100,335720,15.96
2019-11-15,74400,75400,74400,74800,242280,15.92
2019-11-18,73700,75000,73200,74400,269777,15.91
2019-11-19,73500,74000,73000,73500,265831,15.88
2019-11-20,73000,74000,72900,73500,225119,15.88
2019-11-21,73500,74200,72100,72300,216330,15.86
2019-11-22,72700,73300,72000,72200,167084,15.85
2019-11-25,71600,73500,71600,73200,174343,15.82
2019-11-26,73200,73800,71700,71700,535278,15.75
2019-11-27,72200,73800,72100,72600,208687,15.75
2019-11-28,72200,73100,71900,72700,95687,15.74
2019-11-29,73300,73400,71300,71600,181493,15.74
2019-12-02,71600,72500,71600,72500,167347,15.76
2019-12-03,71900,72500,71500,72400,175273,15.74
2019-12-04,72000,72500,71000,72000,210691,15.72
2019-12-05,71400,72500,71400,71800,149496,15.72
2019-12-06,71800,72300,71500,72300,146120,15.7
2019-12-09,72200,73500,72100,73000,166582,15.7
2019-12-10,72400,73300,72400,72800,137327,15.65
2019-12-11,73400,74900,73000,74200,242751,15.66
2019-12-12,74800,75000,74000,74600,413491,15.64
2019-12-13,75400,76500,74700,76200,213070,15.63
2019-12-16,76200,76700,75600,75800,124640,15.6
2019-12-17,75200,76400,74600,76400,294055,15.51
2019-12-18,75600,76800,75600,76200,145564,15.51
2019-12-19,76500,76500,75700,76400,147351,15.54
2019-12-20,76500,76700,75900,76200,159604,15.44
2019-12-23,76600,76700,76000,76200,98386,15.41
2019-12-24,76000,76400,75700,76300,134445,15.43
2019-12-26,76400,76600,75900,76600,121824,15.41
2019-12-27,75200,75600,74000,74400,224466,15.35
2019-12-30,74400,75200,74100,74500,159239,15.26
2020-01-02,74400,74800,73000,73100,273967,15.31
2020-01-03,73500,74000,73000,73300,240366,15.35
2020-01-06,72700,73500,72300,72700,153614,15.37
2020-01-07,72800,73600,72700,72800,135363,15.38
2020-01-08,72000,72100,71000,71600,191999,15.42
2020-01-09,71300,72300,71300,72200,301619,15.4
2020-01-10,71900,72700,71600,72200,260725,15.39
2020-01-13,71600,72800,71600,72700,213172,15.39
2020-01-14,72500,73800,72400,73600,177979,15.42
2020-01-15,73000,73700,72800,73600,115528,15.44
2020-01-16,73200,73400,72300,73100,169658,15.45
2020-01-17,73100,73700,72600,73700,164488,15.46
2020-01-20,74100,74700,73200,73800,242619,15.47
2020-01-21,73600,74000,73100,73300,142736,15.47
2020-01-22,73600,73700,73100,73200,170700,15.46
2020-01-23,73100,73800,72900,73300,254742,15.48
2020-01-28,73000,73800,70900,71200,346698,15.49
2020-01-29,70700,70900,69500,69700,361321,15.52
2020-01-30,69300,70300,68700,69400,390442,15.6
2020-01-31,69800,70400,69000,69500,260625,15.6
2020-02-03,69600,69700,67000,67900,352863,15.59
2020-02-04,67100,68500,66800,68300,282913,15.64
2020-02-05,68000,69100,67900,68500,324247,15.69
2020-02-06,69200,71100,68500,70400,320703,15.67
2020-02-07,69600,71300,68600,69200,325178,15.62
2020-02-10,68200,69000,67800,68900,192037,15.61
2020-02-11,68600,69300,68300,69000,268318,15.61
2020-02-12,68400,69000,68000,68700,244783,15.61
2020-02-13,68400,68600,68000,68000,245668,15.62
2020-02-14,67500,68400,67100,68000,186773,15.62
2020-02-17,68200,68300,67200,67900,184098,15.64
2020-02-18,67200,67700,67000,67300,166056,15.63
2020-02-19,67600,67600,65600,66000,366365,15.62
2020-02-20,66000,66800,65700,66000,250253,15.64
2020-02-21,65300,65900,64800,65000,210695,15.64
2020-02-24,64300,64400,61600,61700,396835,15.64
2020-02-25,61100,62400,60500,61800,250558,15.65
2020-02-26,61300,61700,60300,60700,357356,15.66
2020-02-27,60400,61100,60300,60800,224239,15.65
2020-02-28,60000,60400,58100,58500,608201,15.65
2020-03-02,58900,58900,56700,56800,525988,15.6
2020-03-03,57100,57800,56000,56300,431464,15.62
2020-03-04,56100,56800,55500,56600,518769,15.64
2020-03-05,56900,57600,56500,57600,345334,15.65
2020-03-06,56200,56800,55200,55600,396654,15.64
2020-03-09,54900,54900,51000,51400,581390,15.57
2020-03-10,51300,51800,50600,50800,522190,15.53
2020-03-11,50900,52400,49900,50200,519223,15.54
2020-03-12,50300,50300,47300,47650,893419,15.53
2020-03-13,43000,46250,43000,45950,734226,15.53
2020-03-16,45900,46500,43150,43200,522549,15.51
2020-03-17,40600,41550,39150,39250,900643,15.37
2020-03-18,39250,39400,35200,35200,925997,15.32
2020-03-19,35200,36300,31900,31900,1005840,15.27
2020-03-20,32500,34600,31700,33950,700255,15.21
2020-03-23,32100,38700,32000,36500,943863,15.13
2020-03-24,37100,38550,37100,38550,786810,14.97
2020-03-25,40350,45100,39800,45050,1325096,14.87
2020-03-26,45050,45500,42400,42400,1396917,14.61
2020-03-27,44550,44700,41350,42600,835026,14.62
2020-03-30,41350,42200,40050,41600,738471,14.55
2020-03-31,42300,43250,41800,43000,666329,14.57
2020-04-01,42350,42850,40750,40800,651313,14.38
2020-04-02,40600,41500,39150,41150,739615,14.32
2020-04-03,41150,41950,40650,40850,590678,14.25
2020-04-06,41150,41950,40950,41850,693429,14.18
2020-04-07,43100,43850,42200,43050,980198,14.11
2020-04-08,42600,43900,41750,42800,984678,13.95
2020-04-09,43600,44500,43350,44200,1023627,13.94
2020-04-10,44850,53400,44800,50600,3246690,13.97
2020-04-13,50600,53800,49200,49400,1342560,13.86
2020-04-14,49650,50300,48400,49350,759396,13.82
2020-04-16,48050,48650,46850,47450,908997,13.7
2020-04-17,48100,49700,48000,48550,1098061,13.66
2020-04-20,49150,49650,48500,48500,741432,13.55
2020-04-21,48100,48250,46300,47550,837498,13.52
2020-04-22,46350,47350,46250,47350,597368,13.53
2020-04-23,47550,48200,47450,47650,577453,13.49
2020-04-24,47150,47500,46700,46900,396450,13.46
2020-04-27,47000,49800,46950,49300,766422,13.51
2020-04-28,49300,50400,48600,49400,602793,13.49
2020-04-29,49400,49800,48800,49100,750608,13.36
2020-05-04,47650,47900,46900,47050,913449,13.18
2020-05-06,47800,48000,47400,47500,596128,13.13
2020-05-07,47500,47800,47250,47500,407245,13.08
2020-05-08,47650,48850,47600,47650,575007,13.01
2020-05-11,47650,47850,46750,46800,588917,12.97
2020-05-12,46400,46650,45400,45750,695123,12.96
2020-05-13,45150,46000,44700,45400,724760,12.95
2020-05-14,44850,45500,44100,44550,1000830,12.84
2020-05-15,44700,45400,44300,45200,481321,12.83
2020-05-18,44850,45000,43850,44400,570381,12.75
2020-05-19,45500,47350,45500,46600,927699,12.8
2020-05-20,46400,46500,45700,45800,470216,12.74
2020-05-21,46250,46400,45450,45700,526099,12.72
2020-05-22,45850,45950,44600,45150,488577,12.66
2020-05-25,45200,45250,44600,44850,380225,12.63
2020-05-26,44900,46700,44850,45950,779554,12.64
2020-05-27,46400,46600,45850,46550,648507,12.64
2020-05-28,47100,48000,46450,46750,1092104,12.63
2020-05-29,46200,46550,45600,45700,1134936,12.5
2020-06-01,45700,46650,45650,46500,487274,12.49
2020-06-02,46500,48300,46150,48200,1171103,12.65
2020-06-03,49200,51300,49100,50700,1753024,12.63
2020-06-04,51900,52900,49150,49450,1344595,12.52
2020-06-05,49550,50800,49550,50400,814616,12.53
2020-06-08,51500,51700,49900,50600,789973,12.52
2020-06-09,51300,51400,49950,50300,713066,12.5
2020-06-10,50300,50400,49650,49950,476097,12.49
2020-06-11,49350,49500,48100,49000,860694,12.48
2020-06-12,46750,47500,46450,46900,791765,12.39
2020-06-15,46300,47250,44750,44750,727179,12.34
2020-06-16,45600,47200,45450,46950,578499,12.3
2020-06-17,46600,46900,45550,46500,423528,12.29
2020-06-18,45950,47200,45900,46800,343050,12.31
2020-06-19,47600,47800,46250,47100,398298,12.3
2020-06-22,46350,46950,46050,46200,248064,12.29
2020-06-23,46400,46600,45300,45900,325818,12.29
2020-06-24,46300,46700,46000,46400,344521,12.31
2020-06-25,45500,45700,45050,45050,419578,12.29
2020-06-26,45400,45450,45000,45100,244171,12.3
2020-06-29,44300,44700,44100,44400,301060,12.3
2020-06-30,45000,45300,44550,44700,238600,12.3
2020-07-01,44700,45500,44700,44900,241698,12.3
2020-07-02,44900,45450,44900,45300,228537,12.3
2020-07-03,45400,45800,45150,45300,163250,12.29
2020-07-06,45400,46750,45250,46650,333176,12.33
2020-07-07,47100,47450,46000,46100,345299,12.32
2020-07-08,46000,46650,46000,46150,250973,12.32
2020-07-09,46600,46600,46050,46050,322911,12.35
2020-07-10,45900,46050,44800,44900,362303,12.29
2020-07-13,45200,45900,45000,45700,225746,12.31
2020-07-14,45350,46100,45250,46050,241717,12.33
2020-07-15,46500,47150,46350,46350,423798,12.33
2020-07-16,46250,47250,46150,47050,490218,12.39
2020-07-17,47050,47500,46550,46750,288479,12.37
2020-07-20,46750,47100,46200,46950,242019,12.37
2020-07-21,46900,47700,46600,47350,364193,12.38
2020-07-22,47550,49100,47450,47950,724625,12.41
2020-07-23,47850,47950,46250,46550,535235,12.31
2020-07-24,46100,46800,46100,46300,282820,12.29
2020-07-27,46250,47100,46200,46600,291736,12.29
2020-07-28,46600,47250,46500,47100,414355,12.31
2020-07-29,46900,48950,46600,48850,935606,12.45
2020-07-30,48950,49650,47950,48100,602830,12.45
2020-07-31,48300,48600,47300,47550,504893,12.43
2020-08-03,47500,47800,47150,47350,380733,12.4
2020-08-04,47300,48400,47300,47700,331764,12.42
2020-08-05,47400,47800,47200,47400,339550,12.44
2020-08-06,47450,50600,47450,50000,1399072,12.64
2020-08-07,50600,50600,48350,49250,799344,12.58
2020-08-10,49750,56800,49750,55300,3134363,12.58
2020-08-11,55900,58200,54400,56300,1791625,12.52
2020-08-12,57000,59500,56200,59400,1678762,12.49
2020-08-13,61100,75900,60600,71900,7226406,12.48
2020-08-14,73100,73200,63500,65300,4598985,12.26
2020-08-18,64500,66800,58700,59100,3076232,12.32
2020-08-19,60100,64900,59700,63000,2918565,12.25
2020-08-20,61500,62400,59400,59600,1612953,12.29
2020-08-21,60700,61200,58900,59400,1187035,12.28
2020-08-24,59000,60200,57800,60100,968817,12.29
2020-08-25,60700,63200,60200,61300,969593,12.29
2020-08-26,61100,61600,59800,60200,724543,12.29
2020-08-27,60200,60500,58700,59300,693925,12.34
2020-08-28,60000,62400,59400,60500,1069308,12.37
2020-08-31,61900,63800,60600,61200,1269661,12.31
2020-09-01,60900,66600,60700,65600,2641377,12.32
2020-09-02,66500,66600,63100,64100,1545141,12.21
2020-09-03,64100,65300,63200,64300,805461,12.21
2020-09-04,61700,63000,61600,62200,993147,12.17
2020-09-07,63000,64200,62600,63200,615367,12.17
2020-09-08,63600,65500,63600,64300,996857,12.16
2020-09-09,63000,63600,62700,63200,660525,12.16
2020-09-10,63900,64100,62700,62900,603283,12.16
2020-09-11,62700,65300,62200,64700,887755,12.22
2020-09-14,66700,66700,65500,65900,709906,12.27
2020-09-15,66000,66200,64700,65500,451239,12.25
2020-09-16,65300,65300,64200,64600,458811,12.26
2020-09-17,64400,65100,63200,63200,483474,12.26
2020-09-18,63900,63900,62400,62900,403035,12.26
2020-09-21,62400,63900,62300,62500,370157,12.26
2020-09-22,62000,62100,59600,60000,803162,12.28
2020-09-23,60600,60700,58900,59500,577619,12.28
2020-09-24,58400,58600,57500,57800,535859,12.32
2020-09-25,58300,59000,57800,57900,378750,12.46
2020-09-28,58600,60500,58400,59900,302478,12.47
2020-09-29,60700,61800,60200,61000,420612,12.48
2020-10-05,61300,62100,60700,60800,379073,12.32
2020-10-06,61100,61700,60100,60300,304942,12.33
2020-10-07,60000,61000,59500,61000,279738,12.34
2020-10-08,61400,61600,60300,60700,423099,12.38
2020-10-12,61700,61800,61000,61500,338087,12.43
2020-10-13,61800,61900,60600,61200,364469,12.46
2020-10-14,61200,61300,60000,60500,368700,12.46
2020-10-15,60100,60100,59200,59300,318052,12.43
2020-10-16,59600,59600,58600,59000,253653,12.43
2020-10-19,59100,60500,58900,60500,369725,12.44
2020-10-20,59900,60500,59400,60300,234502,12.43
2020-10-21,60600,61200,59800,61200,309535,12.46
2020-10-22,60700,63500,60500,63000,837005,12.53
2020-10-23,63700,63900,62900,63100,490868,12.5
2020-10-26,69600,73000,65100,65500,4535106,12.41
2020-10-27,64600,68700,63600,66400,1714383,12.49
2020-10-28,66400,67000,64900,65800,517691,12.51
2020-10-29,64800,65800,62700,63900,812652,12.5
2020-10-30,64000,65300,62400,63200,641984,12.47
2020-11-02,63700,64500,63500,64000,376371,12.45
2020-11-03,63900,64500,63500,64000,359765,12.44
2020-11-04,64500,64500,63100,63500,490028,12.41
2020-11-05,63700,64000,63100,63900,377415,12.42
2020-11-06,64300,64300,63400,63600,328110,12.42
2020-11-09,63800,65100,63600,64400,495517,12.42
2020-11-10,65800,67200,64600,66800,1145747,12.5
2020-11-11,66900,68200,66800,67800,724366,12.47
2020-11-12,68000,68000,66300,66600,651055,12.43
2020-11-13,67000,67900,66400,67200,676677,12.4
2020-11-16,68000,69200,67400,68500,763778,12.38
2020-11-17,68800,71700,68000,70500,1085180,12.37
2020-11-18,70700,71700,69600,71600,748744,12.33
2020-11-19,71400,75000,70600,75000,1391353,12.35
2020-11-20,74500,76400,72700,73500,998476,12.3
2020-11-23,73100,75400,72500,75000,770840,12.26
2020-11-24,76100,76500,74700,75400,759791,12.24
2020-11-25,75600,76200,72700,73900,974156,12.26
2020-11-26,73900,74300,72400,74100,565107,12.27
2020-11-27,73900,74900,73200,74000,441538,12.25
2020-11-30,74200,74400,71300,71300,1264680,12.14
2020-12-01,72000,72600,71600,72500,400071,12.16
2020-12-02,72400,74000,72000,73500,504573,12.17
2020-12-03,73500,73900,72500,73500,357024,12.17
2020-12-04,72800,74000,72500,72800,695246,12.14
2020-12-07,72800,72800,71800,72200,442244,12.15
2020-12-08,72400,73400,71700,72300,425716,12.15
2020-12-09,72500,72900,71900,72600,378944,12.14
2020-12-10,72000,73100,71700,72700,613302,12.09
2020-12-11,72900,76500,72700,76000,1091351,12.17
2020-12-14,76500,76700,74700,75300,573836,12.11
2020-12-15,75300,75300,73600,74200,588261,12.11
2020-12-16,75200,76300,74600,76100,468192,12.07
2020-12-17,76300,76300,74900,75900,474585,12.06
2020-12-18,76000,76100,75200,75900,325280,12.04
2020-12-21,76000,76400,75100,75800,275344,12.05
2020-12-22,75900,82700,75500,80000,2136409,12.04
2020-12-23,80800,81800,78700,80500,782731,11.98
2020-12-24,80700,82200,80600,82100,762642,12.0
2020-12-28,83400,84200,81100,81400,1203796,12.01
2020-12-29,80900,80900,78500,79100,978520,11.98
2020-12-30,78800,79300,76800,79100,861985,11.96
2021-01-04,77800,78900,77000,78000,1077102,11.97
2021-01-05,77400,77900,74800,77300,1387811,12.01
2021-01-06,77300,78900,76300,77400,1028893,12.02
2021-01-07,79700,81500,78700,80600,1947359,12.18
2021-01-08,81700,81800,79400,80700,1162577,12.18
2021-01-11,81100,87400,80000,82000,2710021,12.2
2021-01-12,82000,84400,80900,82600,1308709,12.28
2021-01-13,83300,85000,83100,83600,838599,12.34
2021-01-14,83500,86000,83500,84900,954548,12.4
2021-01-15,85700,86200,82500,82600,836534,12.39
2021-01-18,81000,81800,77100,78500,1161683,12.33
2021-01-19,78000,80000,76600,79600,911568,12.35
2021-01-20,80300,80300,77300,78200,881604,12.38
2021-01-21,78200,79000,77600,78900,577287,12.38
2021-01-22,79100,79100,77200,77200,654252,12.35
2021-01-25,76600,78700,76000,78500,618711,12.38
2021-01-26,79000,79200,76600,76600,555941,12.32
2021-01-27,76600,77400,75500,75500,551104,12.31
2021-01-28,74500,75300,72300,73200,920668,12.33
2021-01-29,73700,73800,70000,70600,870175,12.37
2021-02-01,70000,72400,69600,71000,605805,12.38
2021-02-02,71400,73500,71000,72900,552526,12.37
2021-02-03,73700,73700,71900,72000,487003,12.33
2021-02-04,72100,72100,70200,70700,545180,12.35
2021-02-05,71100,72000,70500,71800,328362,12.34
2021-02-08,72100,73500,71200,72700,510509,12.32
2021-02-09,72900,73300,71900,72700,429410,12.3
2021-02-10,72700,72700,71500,71700,583701,12.3
2021-02-15,72500,73400,72000,73200,482774,12.32
2021-02-16,74200,74200,73100,73400,433822,12.35
2021-02-17,73300,77300,72900,76800,957165,12.39
2021-02-18,77000,77500,75500,75600,618022,12.4
2021-02-19,75800,76000,73100,75500,603760,12.41
2021-02-22,75800,79400,75600,79000,1218533,12.44
2021-02-23,80000,80200,77200,77400,752981,12.4
2021-02-24,78000,79100,74000,74400,775554,12.41
2021-02-25,75400,77300,75000,76700,435155,12.42
2021-02-26,75400,76900,74400,75000,694499,12.42
2021-03-02,76200,78900,75800,78400,828000,12.54
2021-03-03,77800,79200,77700,79000,454724,12.59
2021-03-04,79500,79600,77500,78300,505712,12.62
2021-03-05,77900,81000,77400,80400,1145550,12.8
2021-03-08,81000,81600,79500,79500,469094,12.78
2021-03-09,80700,81500,79200,80900,681122,12.77
2021-03-10,80100,81800,79500,81100,438570,12.81
2021-03-11,81500,82500,79200,79400,873391,12.87
2021-03-12,79500,79700,77700,77900,569995,12.88
2021-03-15,78300,79400,77700,79400,311769,12.88
2021-03-16,79000,79600,78500,78900,328389,12.82
2021-03-17,79000,79600,77900,79500,262441,12.83
2021-03-18,79400,79600,78000,78000,445032,12.83
2021-03-19,78400,78700,76500,76500,745638,12.77
2021-03-22,76800,77800,76100,77000,328453,12.77
2021-03-23,77500,77800,76100,76200,301860,12.75
2021-03-24,75900,76400,75100,75200,348476,12.73
2021-03-25,75200,76200,74700,75600,235573,12.73
2021-03-26,76200,78000,75900,77200,377861,12.77
2021-03-29,77600,77700,75300,75900,422645,12.75
2021-03-30,76500,78600,76100,78300,436039,12.84
2021-03-31,78300,79300,77800,78100,320396,12.88
2021-04-01,77700,78800,77200,77500,211759,12.86
2021-04-02,77300,78400,77300,77600,219290,12.89
2021-04-05,77400,78000,77200,78000,132493,12.9
2021-04-06,77900,78200,77100,77500,261570,12.9
2021-04-07,77500,78200,77200,77400,212050,12.91
2021-04-08,77700,78500,77300,77300,272230,12.92
2021-04-09,77300,77500,76500,76700,253911,12.9
2021-04-12,76800,77100,75700,76000,308432,12.91
2021-04-13,76100,77400,76000,76700,302371,12.91
2021-04-14,76500,81400,76400,80600,896786,13.04
2021-04-15,80600,80900,79700,80200,387387,13.06
2021-04-16,80500,81900,79900,80800,455858,13.06
2021-04-19,80900,81700,80500,81100,378464,13.08
2021-04-20,81100,84200,81100,82200,646656,13.09
2021-04-21,81900,81900,79800,80400,462955,13.07
2021-04-22,80600,82500,80500,82000,433687,13.08
2021-04-23,82000,83100,81100,82400,320821,13.09
2021-04-26,84000,86900,83700,84900,1024537,13.12
2021-04-27,87500,87700,83300,84400,1036122,13.08
2021-04-28,84900,86900,83300,84200,910762,13.15
2021-04-29,84900,85300,82800,83000,558159,13.12
2021-04-30,83000,84000,81600,81700,543996,13.11
2021-05-03,84100,88900,82900,85000,1849657,13.23
2021-05-04,86100,87500,82600,83600,776386,13.2
2021-05-06,84400,86800,84100,86400,796827,13.24
2021-05-07,86800,86900,85500,86400,430169,13.24
2021-05-10,86300,86400,84800,85400,602680,13.23
2021-05-11,85400,86400,84500,86000,570957,13.25
2021-05-12,85600,86200,83200,84100,585213,13.18
2021-05-13,83000,88000,82800,86300,1334035,13.22
2021-05-14,87700,87700,84300,84900,599282,13.16
2021-05-17,84900,86000,84500,85400,400611,13.18
2021-05-18,85800,86600,85400,86100,319364,13.19
2021-05-20,85200,85900,84200,84900,359672,13.16
2021-05-21,84900,85600,83000,83700,436598,13.14
2021-05-24,83700,84900,83200,84500,247700,13.16
2021-05-25,84100,85000,83500,84400,349464,13.15
2021-05-26,84200,84800,84100,84600,230560,13.17
2021-05-27,84000,84900,82700,82800,627701,13.1
2021-05-28,83300,83700,82600,83200,215554,13.1
2021-05-31,83400,84300,83100,83800,288866,13.13
2021-06-01,83700,84200,83100,84000,270794,13.14
2021-06-02,83900,86000,83600,85900,590100,13.27
2021-06-03,85300,85700,84400,84600,368708,13.24
2021-06-04,84300,85000,84200,84300,235581,13.26
2021-06-07,84400,84600,83100,83700,318505,13.24
2021-06-08,83500,84400,83300,83600,248453,13.25
2021-06-09,83600,84000,82500,82500,339089,13.24
2021-06-10,82500,82600,81500,81500,468209,13.26
2021-06-11,81700,82100,81400,81800,304589,13.3
2021-06-14,81700,81800,80500,80900,273200,13.29
2021-06-15,80900,81500,80200,80500,330608,13.29
2021-06-16,80400,81800,80300,81000,288527,13.3
2021-06-17,81600,82500,80600,81200,394082,13.32
2021-06-18,80700,80800,80000,80000,451014,13.26
2021-06-21,79500,79600,78000,78300,478247,13.25
2021-06-22,79000,79700,78700,79400,186419,13.27
2021-06-23,79200,79700,78800,79700,272452,13.27
2021-06-24,79300,79900,79100,79300,281828,13.26
2021-06-25,79500,81500,79500,81300,430585,13.36
2021-06-28,81100,81700,80600,81600,224692,13.38
2021-06-29,81200,81200,80000,80000,306848,13.33
2021-06-30,80000,80300,79700,79800,220934,13.35
2021-07-01,79600,80000,79100,79200,235241,13.35
2021-07-02,79300,79900,78900,79200,168966,13.37
2021-07-05,79400,79900,79000,79200,162288,13.35
2021-07-06,79200,79600,78800,79000,205014,13.35
2021-07-07,78600,78700,77800,78000,359726,13.35
2021-07-08,78600,79100,77100,77100,405612,13.38
2021-07-09,76300,77100,74700,75600,600067,13.36
2021-07-12,76000,77900,76000,77100,262959,13.37
2021-07-13,77700,78100,77500,77500,324842,13.36
2021-07-14,77500,77600,76200,76500,244409,13.32
2021-07-15,76600,77400,76200,76900,253077,13.32
2021-07-16,76600,77700,76400,77300,214233,13.29
2021-07-19,76500,76900,75900,76000,232885,13.23
2021-07-20,75400,75800,75000,75500,279407,13.22
2021-07-21,75700,76600,75500,75600,237544,13.22
2021-07-22,75500,77500,75400,77300,306820,13.24
2021-07-23,76800,77400,76300,76800,162475,13.24
2021-07-26,76900,77000,75500,75500,254577,13.19
2021-07-27,76000,76300,75400,75600,174633,13.16
2021-07-28,75900,76400,75400,76100,257331,13.12
2021-07-29,75900,76800,75800,76700,186931,13.12
2021-07-30,76000,76500,75400,75400,282221,13.08
2021-08-02,76100,76200,75300,75800,188303,13.03
2021-08-03,75300,76700,75100,76400,278936,13.04
2021-08-04,76100,77600,76100,76900,281523,13.06
2021-08-05,76600,78400,76400,77400,390721,13.05
2021-08-06,77800,78300,76700,77000,179854,13.04
2021-08-09,77200,77500,76400,76900,250456,13.04
2021-08-10,78000,78200,76100,76500,290183,13.02
2021-08-11,76900,78000,76500,77600,292147,13.05
2021-08-12,78000,78500,76500,76500,378773,13.07
2021-08-13,76600,77300,75500,76200,421482,13.08
2021-08-17,76200,77400,75000,75200,502276,13.07
2021-08-18,75400,75600,73700,74400,459463,12.98
2021-08-19,73900,73900,72100,72100,506721,12.96
2021-08-20,72200,72600,70200,70700,492615,12.94
2021-08-23,71000,72700,71000,72100,297947,12.92
2021-08-24,72400,74300,72200,73900,350241,12.93
2021-08-25,74400,74500,73300,74100,220053,12.92
2021-08-26,74400,75700,73500,74000,374228,12.91
2021-08-27,74000,74500,73800,74500,221772,12.91
2021-08-30,74800,74900,73300,73400,191797,12.91
2021-08-31,73000,74500,72000,74500,374557,12.92
2021-09-01,73700,74500,73600,74100,158168,12.92
2021-09-02,74100,74700,73700,74300,266629,12.95
2021-09-03,74400,75100,74200,74600,226599,12.96
2021-09-06,74600,75000,74000,74700,171471,12.97
2021-09-07,74300,74700,73900,74400,125998,12.99
2021-09-08,73800,75200,73800,74700,272429,13.01
2021-09-09,74200,74600,73100,73200,362607,13.01
2021-09-10,73300,73700,73000,73700,158217,13.01
2021-09-13,73100,73700,72700,73300,247684,12.99
2021-09-14,73600,75500,73600,75000,312809,13.06
2021-09-15,74100,74900,74100,74100,174754,13.05
2021-09-16,74100,74400,73100,73100,223861,13.0
2021-09-17,73000,73100,72500,72800,284784,12.98
2021-09-23,72300,72300,71200,71800,282708,12.94
2021-09-24,72400,73300,72100,72400,203196,12.95
2021-09-27,71900,72900,71800,72400,178607,12.95
2021-09-28,72500,74500,72400,74000,425848,13.01
2021-09-29,73400,74300,72700,72900,373355,13.01
2021-09-30,72700,73500,72500,73400,214378,13.0
2021-10-01,72500,73100,71300,71700,318981,12.98
2021-10-05,71100,72300,70400,71400,341383,12.91
2021-10-06,71700,74000,71400,72800,537332,12.93
2021-10-07,72900,73600,72600,72700,201456,12.92
2021-10-08,72700,72800,71300,71500,316934,12.89
2021-10-12,70800,71000,68500,69100,670061,12.81
2021-10-13,69000,69600,68400,69200,327437,12.83
2021-10-14,69300,70200,69300,70100,236949,12.83
2021-10-15,70600,71800,70200,70600,241427,12.82
2021-10-18,70600,70800,69900,70400,217602,12.82
2021-10-19,70800,71200,70200,70700,125048,12.81
2021-10-20,70900,71100,70400,70600,149050,12.82
2021-10-21,70600,71400,70400,71000,173468,12.82
2021-10-22,70600,71200,70000,70400,171997,12.78
2021-10-25,70000,70700,69400,70400,217055,12.76
2021-10-26,70900,70900,70200,70700,131318,12.75
2021-10-27,70800,70900,69700,69800,222574,12.72
2021-10-28,69800,69900,69100,69100,318771,12.65
2021-10-29,69300,69700,67300,67300,482420,12.56
2021-11-01,67800,68200,67600,67900,189814,12.53
2021-11-02,67900,69300,67900,68500,198067,12.52
2021-11-03,68600,68900,67600,68000,182857,12.52
2021-11-04,68600,68800,68000,68100,176818,12.51
2021-11-05,68400,68700,67700,68200,209529,12.52
2021-11-08,68100,68500,67300,68100,175270,12.51
2021-11-09,68100,68900,67700,67700,167464,12.49
2021-11-10,67600,68200,67100,67400,187180,12.49
2021-11-11,67100,67100,65700,65900,416597,12.41
2021-11-12,66000,66700,65800,66500,252535,12.41
2021-11-15,66500,66900,66000,66400,364525,12.41
2021-11-16,66200,67200,66000,67000,209123,12.43
2021-11-17,66900,67300,65600,65900,373096,12.39
2021-11-18,65600,65700,64700,64900,288070,12.35
2021-11-19,65500,65500,64000,64800,396401,12.35
2021-11-22,64800,66300,64500,65900,289572,12.33
2021-11-23,66000,67700,65900,66200,309899,12.32
2021-11-24,67000,67400,65400,66000,318634,12.33
2021-11-25,65600,65800,64600,65100,235758,12.32
2021-11-26,64800,65100,62900,63300,435488,12.26
2021-11-29,62000,62400,61200,62000,475952,12.21
2021-11-30,61800,62100,59200,59800,886536,12.15
2021-12-01,60100,62100,59700,61800,3885866,12.49
2021-12-02,62200,65900,61000,65800,727439,12.56
2021-12-03,65800,66500,64800,66300,295077,12.55
2021-12-06,66100,67000,66000,66500,264969,12.54
2021-12-07,66500,67600,66100,67100,296365,12.56
2021-12-08,67600,68000,67000,67100,262955,12.56
2021-12-09,67000,67500,66500,67200,428498,12.53
2021-12-10,67400,67700,66800,67300,210793,12.53
2021-12-13,67300,68700,67000,67500,274527,12.47
2021-12-14,67500,67900,67000,67400,167908,12.46
2021-12-15,67500,67800,67200,67600,134468,12.46
2021-12-16,67900,68000,67300,67600,156079,12.4
2021-12-17,67500,68500,67400,68300,305244,12.4
2021-12-20,68000,68300,67000,67000,246086,12.37
2021-12-21,67900,67900,67000,67300,190851,12.36
2021-12-22,67300,67600,66700,67200,207312,12.31
2021-12-23,67200,67400,66800,67300,190419,12.28
2021-12-24,67500,67900,67400,67700,184301,12.26
2021-12-27,67800,68000,67600,67900,288995,12.28
2021-12-28,68100,68500,67500,68500,518395,12.3
2021-12-29,66000,66300,65200,65300,542192,12.25
2021-12-30,65100,65400,64100,64100,299529,12.25
2022-01-03,63800,64900,63700,64500,202737,12.26
2022-01-04,63900,64900,63700,64800,234268,12.29
2022-01-05,64500,66700,64500,65700,490227,12.35
2022-01-06,65800,66600,65300,65400,300328,12.39
2022-01-07,65100,65900,64600,65800,273976,12.44
2022-01-10,65200,67800,65200,67400,417413,12.49
2022-01-11,66600,67500,66200,66700,282121,12.5
2022-01-12,66900,67700,66700,67600,242691,12.51
2022-01-13,67300,68000,66900,67600,353358,12.56
2022-01-14,67500,67500,65600,66500,474413,12.57
2022-01-17,66600,67000,65900,66100,243280,12.59
2022-01-18,66600,66800,65200,65400,168392,12.59
2022-01-19,65700,66800,65100,66100,207822,12.61
2022-01-20,66100,66600,64500,64700,258947,12.58
2022-01-21,64100,65200,63700,65200,210496,12.6
2022-01-24,65600,65800,63200,63800,247115,12.59
2022-01-25,63400,63600,60800,61500,425561,12.6
2022-01-26,61600,62500,60900,61900,319936,12.62
2022-01-27,61500,61900,59300,59700,390401,12.63
2022-01-28,60100,60900,59000,60400,309142,12.61
2022-02-03,60900,63300,60900,62400,292280,12.65
2022-02-04,62700,63700,62400,63400,200782,12.65
2022-02-07,63000,63900,62600,63900,291383,12.68
2022-02-08,64700,65200,63400,63900,226317,12.69
2022-02-09,64400,65200,64200,64800,188052,12.7
2022-02-10,64400,65200,64200,64900,517494,12.8
2022-02-11,64500,64900,64000,64400,251457,12.79
2022-02-14,63900,64000,62500,62700,218864,12.79
2022-02-15,62500,63100,61700,62100,175992,12.78
2022-02-16,62600,63900,62500,63800,169778,12.78
2022-02-17,63900,64400,63000,63900,206255,12.78
2022-02-18,63700,64500,63000,64400,192927,12.79
2022-02-21,63300,63800,62800,63600,162260,12.78
2022-02-22,62700,63000,61300,61800,349595,12.75
2022-02-23,63100,63100,61400,61700,259247,12.74
2022-02-24,60800,61100,59900,60000,343839,12.71
2022-02-25,60500,60600,59800,60100,293033,12.67
2022-02-28,59900,60100,59200,59800,342656,12.64
2022-03-02,59500,60500,59400,60100,367268,12.68
2022-03-03,60500,61400,60500,61300,217201,12.71
2022-03-04,61400,61400,60400,60600,133279,12.67
2022-03-07,59700,60000,58800,59000,274905,12.62
2022-03-08,58400,58900,58000,58500,266560,12.62
2022-03-10,59900,60000,59000,59400,388294,12.62
2022-03-11,59200,59800,58900,59800,135840,12.61
2022-03-14,59400,60300,59400,60000,160231,12.62
2022-03-15,59800,60300,59300,59800,193398,12.62
2022-03-16,60100,61200,59500,61200,221832,12.64
2022-03-17,61700,62600,61700,62300,349375,12.7
2022-03-18,61700,62700,61500,62600,319653,12.71
2022-03-21,62700,63000,61800,62100,161941,12.69
2022-03-22,62300,63400,62000,63000,180195,12.71
2022-03-23,63300,64100,63300,63900,187378,12.72
2022-03-24,63200,64000,62600,63800,229439,12.74
2022-03-25,63500,64000,62900,63600,217104,12.7
2022-03-28,63000,65000,63000,65000,305936,12.89
2022-03-29,65100,65300,64500,65100,206612,12.9
2022-03-30,65400,65600,64400,64800,187163,12.91
2022-03-31,64800,66100,64700,65900,322185,12.95
2022-04-01,65100,65800,64700,65400,229147,12.98
2022-04-04,65100,66000,64700,65800,175469,12.98
2022-04-05,65400,65900,64200,65000,226514,12.97
2022-04-06,65000,65900,64700,65600,200535,12.99
2022-04-07,65000,66000,64300,65200,226515,13.01
2022-04-08,65400,65500,64300,64500,118288,12.87
2022-04-11,64000,65700,64000,65700,185927,12.89
2022-04-12,65600,65800,65000,65500,176172,12.86
2022-04-13,65500,65500,64500,65500,187698,12.83
2022-04-14,65000,65500,64900,65400,300935,12.79
2022-04-15,65000,65100,64000,64700,217388,12.8
2022-04-18,64200,64900,64100,64700,77482,12.79
2022-04-19,64700,65400,64500,65100,139953,12.8
2022-04-20,64500,66000,64500,65300,282917,12.79
2022-04-21,66000,66000,65100,65800,151087,12.8
2022-04-22,65300,66200,64800,66200,228657,12.8
2022-04-25,65500,66100,64800,64900,164202,12.8
2022-04-26,65100,65700,64500,64800,184673,12.77
2022-04-27,64000,64200,62800,63100,235994,12.75
2022-04-28,63200,64700,63100,64700,153233,12.74
2022-04-29,64100,65200,64000,65100,187315,12.73
2022-05-02,64600,64900,63900,64800,146672,12.73
2022-05-03,64400,65100,64200,64300,110141,12.73
2022-05-04,64300,65000,64000,64700,141979,12.76
2022-05-06,64100,65200,63700,65100,202147,12.76
2022-05-09,64500,64900,63500,63800,155040,12.75
2022-05-10,63600,63700,61800,63500,258586,12.74
2022-05-11,62300,63500,62100,63400,163505,12.75
2022-05-12,62500,64400,62500,63500,325097,12.76
2022-05-13,64100,65300,63100,65200,355806,12.79
2022-05-16,65500,65900,65000,65200,213606,12.83
2022-05-17,65900,67200,65600,67200,484637,12.92
2022-05-18,66700,67400,66500,66900,309706,12.93
2022-05-19,65900,66200,65300,65700,280025,12.93
2022-05-20,65600,67200,65200,66900,314445,12.97
2022-05-23,66800,67200,66000,67000,182879,12.97
2022-05-24,66200,67700,66200,66600,257526,12.99
2022-05-25,67400,67600,66500,67100,238439,13.0
2022-05-26,66700,67800,66600,67700,280258,13.03
2022-05-27,68000,69900,67900,69800,539881,13.12
2022-05-30,69500,70300,68700,68700,255512,13.12
2022-05-31,68600,69500,68100,68100,1601653,13.1
2022-06-02,67800,69500,66800,66900,467680,13.1
2022-06-03,67500,67700,66300,66400,201535,13.06
2022-06-07,66500,66800,64600,65100,304145,13.03
2022-06-08,65100,66100,65100,65300,161695,13.02
2022-06-09,65300,66000,64900,66000,297645,13.01
2022-06-10,65200,65700,64500,65100,167791,12.99
2022-06-13,64000,64800,63500,63700,225834,12.98
2022-06-14,63600,64000,62700,63800,266968,13.0
2022-06-15,64100,65500,63500,65400,314308,13.03
2022-06-16,65600,66400,64900,65900,262862,13.07
2022-06-17,65100,66900,64500,66500,354199,13.1
2022-06-20,66900,67000,65700,66800,261603,13.13
2022-06-21,67000,67100,66300,67000,221067,13.15
2022-06-22,67100,67100,66000,66700,246932,13.18
2022-06-23,66500,67300,64700,65100,293285,13.18
2022-06-24,65400,65400,63600,64400,251973,13.26
2022-06-27,64800,65100,64100,64700,161116,13.28
2022-06-28,64700,65100,64400,64900,202571,13.21
2022-06-29,64300,65200,64000,64100,157025,13.21
2022-06-30,63700,64200,62400,62600,255184,13.21
2022-07-01,63500,64000,62700,63200,204937,13.22
2022-07-04,62900,63600,61300,62400,225363,13.2
2022-07-05,62800,63800,62400,63500,181925,13.27
2022-07-06,62500,62600,59300,59300,442965,13.21
2022-07-07,60200,60200,59000,59000,396820,13.18
2022-07-08,59100,60300,59000,60200,190868,13.21
2022-07-11,60300,60300,59000,59300,136439,13.22
2022-07-12,59100,59500,58700,59200,145957,13.22
2022-07-13,59400,59700,58700,58700,173597,13.2
2022-07-14,58500,58700,57200,57800,252925,13.2
2022-07-15,58000,58200,56000,57000,255278,13.18
2022-07-18,57800,58900,57300,58500,229021,13.2
2022-07-19,58300,58900,57400,58000,163858,13.21
2022-07-20,58700,59500,58400,59400,241282,13.25
2022-07-21,59200,59900,58600,59600,180887,13.24
2022-07-22,59300,60300,59300,59600,143168,13.23
2022-07-25,59000,60100,59000,59800,140167,13.23
2022-07-26,59400,60000,59100,59700,115480,13.23
2022-07-27,59900,60200,59200,59800,132684,13.22
2022-07-28,59800,60900,59800,60700,172568,13.26
2022-07-29,61100,61800,60200,60700,203809,13.27
2022-08-01,60200,60600,59500,59900,179065,13.26
2022-08-02,59100,59800,58900,59200,145318,13.27
2022-08-03,59000,60200,58900,59700,143960,13.27
2022-08-04,59900,60100,59400,59600,192221,13.26
2022-08-05,59900,61400,59700,60900,181998,13.28
2022-08-08,60400,61900,60200,61500,182784,13.26
2022-08-09,61700,62700,61600,62400,178016,13.28
2022-08-10,62800,62900,61800,62600,135283,13.29
2022-08-11,62600,62700,62100,62700,119101,13.27
2022-08-12,63000,63500,61800,62300,181916,13.26
2022-08-16,62100,62400,61200,62300,131304,13.26
2022-08-17,62300,63000,62200,62800,130372,13.27
2022-08-18,62100,62700,61700,62000,90702,13.26
2022-08-19,61900,62500,61600,62200,103746,13.25
2022-08-22,61600,62200,60900,62100,143694,13.26
2022-08-23,62000,62000,60800,61000,146468,13.26
2022-08-24,60800,61900,60700,61300,149176,13.28
2022-08-25,61100,62300,61100,62200,151701,13.24
2022-08-26,61900,62700,61900,62200,205834,13.19
2022-08-29,61000,61400,59900,60200,201291,13.17
2022-08-30,60900,61900,60400,61400,166826,13.18
2022-08-31,60800,62300,60500,62000,248581,13.19
2022-09-01,61100,62400,61100,61600,213753,13.2
2022-09-02,61700,64100,61200,64100,364459,13.27
2022-09-05,64400,64700,63100,63900,219471,13.26
2022-09-06,64100,64800,63500,64200,161962,13.29
2022-09-07,64000,64500,63200,64000,259453,13.29
2022-09-08,64500,64800,63900,64500,284868,13.26
2022-09-13,64900,66000,64800,65900,249724,13.28
2022-09-14,64900,65700,64600,64900,233238,13.27
2022-09-15,64900,65400,63600,63600,189904,13.28
2022-09-16,63200,63900,63000,63600,595535,13.22
2022-09-19,63700,63900,61800,62300,143848,13.2
2022-09-20,63200,64900,62800,64900,264436,13.22
2022-09-21,64100,64900,63700,64100,186488,13.21
2022-09-22,63600,63700,62700,63400,178965,13.2
2022-09-23,64100,65200,63200,64700,254277,13.19
2022-09-26,64600,65300,63400,64200,385878,13.17
2022-09-27,65000,65000,62200,63000,233237,13.14
2022-09-28,62100,63300,60200,61200,307863,13.13
2022-09-29,61400,62800,61400,62700,201311,13.14
2022-09-30,63000,63400,61800,62400,315431,13.17
2022-10-04,62200,62200,60800,61200,243669,13.14
2022-10-05,61300,62800,61000,62500,351542,13.16
2022-10-06,62500,63400,62000,62900,226923,13.17
2022-10-07,62300,65900,62200,65800,588362,13.16
2022-10-11,65200,65800,64500,65100,296567,13.15
2022-10-12,64600,65200,64300,65100,193278,13.1
2022-10-13,65200,65400,64300,65400,275876,13.12
2022-10-14,65300,66100,65100,65600,231645,13.11
2022-10-17,65700,66300,65100,66100,227896,13.13
2022-10-18,66200,67200,65500,66300,214846,13.16
2022-10-19,66400,66700,65500,65800,151495,13.18
2022-10-20,64900,66400,64700,66200,196856,13.18
2022-10-21,66200,66400,65300,66200,214426,13.18
2022-10-24,66600,66800,65700,66200,197202,13.15
2022-10-25,66500,66800,65500,66800,261127,13.17
2022-10-26,66300,66900,65000,65400,195060,13.16
2022-10-27,66300,66900,65800,66700,264109,13.15
2022-10-28,66700,67700,66500,67400,227338,13.17
2022-10-31,67200,67700,66600,67400,192397,13.18
2022-11-01,67500,67700,66800,67600,159841,13.19
2022-11-02,67100,67700,67000,67300,210198,13.23
2022-11-03,67000,67600,65900,66800,183646,13.24
2022-11-04,66400,68600,66300,67500,249809,13.24
2022-11-07,68000,68200,66500,67300,138228,13.24
2022-11-08,67600,68000,66700,67700,205527,13.21
2022-11-09,68000,68000,67100,67700,174847,13.23
2022-11-10,67900,68400,67100,67600,263830,13.27
2022-11-11,68000,68000,67000,67400,281776,13.27
2022-11-14,67000,68000,66900,68000,215040,13.31
2022-11-15,68300,68300,66700,66900,166280,13.29
2022-11-16,66900,67300,65900,67300,204124,13.32
2022-11-17,67400,67600,66700,67400,156638,13.34
2022-11-18,66700,67600,66200,66500,142269,13.34
2022-11-21,67000,67300,66000,67300,117786,13.35
2022-11-22,67300,67600,66900,67600,103828,13.35
2022-11-23,67600,67900,67000,67900,107607,13.35
2022-11-24,68100,70200,68000,69600,362463,13.44
2022-11-25,69800,69900,69100,69800,137712,13.45
2022-11-28,69100,70100,69100,69700,177884,13.46
2022-11-29,70000,70700,69600,70700,191064,13.5
2022-11-30,70300,73400,70200,73400,561586,13.61
2022-12-01,72700,73000,71400,72300,272734,13.6
2022-12-02,71900,71900,68600,69300,358208,13.58
2022-12-05,69200,69700,67500,68600,251639,13.59
2022-12-06,68000,68800,67400,67800,145375,13.58
2022-12-07,68200,71300,67700,70600,529864,13.58
2022-12-08,71200,73000,70600,72800,871441,13.58
2022-12-09,72700,74100,72400,73700,525463,13.57
2022-12-12,73900,74200,72900,74000,273268,13.56
2022-12-13,74400,74400,73300,73600,313446,13.57
2022-12-14,74000,74000,73100,73600,223958,13.64
2022-12-15,73900,73900,72800,73400,168748,13.65
2022-12-16,73300,73600,72700,73200,215414,13.66
2022-12-19,72400,74000,72400,73800,210592,13.6
2022-12-20,73500,73700,72800,73200,147339,13.61
2022-12-21,73800,74600,73300,74100,231298,13.6
2022-12-22,73700,74700,73400,74700,231382,13.61
2022-12-23,74200,74700,74100,74200,146465,13.44
2022-12-26,74000,74100,72900,73300,150554,13.44
2022-12-27,73800,73800,71800,72200,321881,13.48
2022-12-28,70400,72500,69600,72000,316257,13.5
2022-12-29,71100,71900,70600,71000,211081,13.5
2023-01-02,71500,71700,70000,70400,134894,13.56
2023-01-03,71000,71000,68400,69400,232108,13.71
2023-01-04,69900,71000,68900,70900,216428,13.75
2023-01-05,69700,71500,69600,71000,231360,13.79
2023-01-06,70200,72800,70200,72400,223708,13.83
2023-01-09,72600,72800,70400,71600,295462,13.87
2023-01-10,71600,72100,70500,71100,341987,13.95
2023-01-11,71300,71400,70400,71000,190445,13.99
2023-01-12,70800,72300,70600,70700,222372,14.04
2023-01-13,71300,72000,70900,71800,263388,14.13
2023-01-16,71800,72300,71200,71500,180052,14.15
2023-01-17,71200,71700,70100,71000,208383,14.16
2023-01-18,71100,72000,70500,71700,180310,14.2
2023-01-19,71100,72500,71000,72000,165764,14.21
2023-01-20,71500,72400,70800,71100,138244,14.24
2023-01-25,70500,71700,70500,71300,134437,14.22
2023-01-26,71000,72300,70800,71300,277116,14.29
2023-01-27,70900,73000,70800,72600,275026,14.36
2023-01-30,72100,72500,70800,70900,289044,14.38
2023-01-31,71500,71900,70300,70900,285949,14.38
2023-02-01,70900,72300,70900,71400,300422,14.41
2023-02-02,71300,71500,68200,68200,854134,14.44
2023-02-03,67900,68000,66700,67200,614694,14.52
2023-02-06,66900,67500,66700,66900,298184,14.57
2023-02-07,66500,66900,66400,66600,216850,14.59
2023-02-08,66600,67600,66600,67600,249998,14.61
2023-02-09,67100,67600,66800,66900,233288,14.65
2023-02-10,67000,67700,66800,67700,192837,14.7
2023-02-13,67400,67700,66600,67100,180173,14.72
2023-02-14,67600,67700,66700,67100,141674,14.72
2023-02-15,66900,67400,65700,66800,213249,14.73
2023-02-16,66900,67600,66500,67200,201443,14.7
2023-02-17,66600,67700,66300,67000,126782,14.73
2023-02-20,66800,67400,66400,67100,128520,14.72
2023-02-21,66800,67200,66500,67200,142697,14.73
2023-02-22,67100,67600,66600,67300,250073,14.74
2023-02-23,67400,68100,67100,67600,238833,14.7
2023-02-24,67100,68200,67100,67800,184840,14.7
2023-02-27,67300,68600,66800,67300,210631,14.72
2023-02-28,67200,68200,67200,68100,252762,14.74
2023-03-02,67500,68200,66800,67400,293059,14.76
2023-03-03,67000,67700,66600,66900,205956,14.79
2023-03-06,67200,67400,66400,67300,196069,14.79
2023-03-07,67000,67800,66800,67300,159545,14.82
2023-03-08,66600,67200,65900,66400,201867,14.84
2023-03-09,66500,67400,66000,66600,280459,14.83
2023-03-10,66600,67300,66200,66600,251869,14.89
2023-03-13,67000,67100,65700,66900,175799,14.9
2023-03-14,66200,66200,64600,66000,317801,14.94
2023-03-15,66100,66400,65500,66000,186641,14.94
2023-03-16,65000,65300,63500,63800,268335,14.97
2023-03-17,64000,64700,63500,64100,281694,15.02
2023-03-20,64400,64500,63200,63600,135668,15.04
2023-03-21,63200,64700,63200,64100,159032,15.07
2023-03-22,64700,65800,64300,65100,229898,15.13
2023-03-23,64300,65300,63500,64000,253327,15.15
2023-03-24,63500,63600,62200,62600,317440,15.19
2023-03-27,62700,62800,61600,62400,246266,15.22
2023-03-28,62600,63000,62300,62800,135143,15.24
2023-03-29,63100,63700,62600,63400,219195,15.23
2023-03-30,63000,63300,62200,62600,258666,15.26
2023-03-31,62300,63300,62200,62800,251443,15.31
2023-04-03,62400,63000,62100,62400,170636,15.29
2023-04-04,62200,62800,62100,62800,192293,15.35
2023-04-05,62900,63400,62400,62500,114284,15.35
2023-04-06,62600,62700,61600,61600,166631,15.36
2023-04-07,61700,62000,61200,61600,111269,15.38
2023-04-10,61400,62200,61300,61500,161008,15.4
2023-04-11,61600,62800,61600,62400,176433,15.43
2023-04-12,62200,63900,62200,63900,242065,15.49
2023-04-13,63400,64100,63300,64100,231270,15.46
2023-04-14,64200,65200,64100,64700,247507,15.47
2023-04-17,64300,64900,64200,64700,128339,15.52
2023-04-18,64100,65000,64000,64600,158106,15.55
2023-04-19,64300,65200,64300,65200,147741,15.57
2023-04-20,65000,65800,64800,65800,147172,15.59
2023-04-21,65700,66100,65100,66000,184853,15.6
2023-04-24,66000,66100,64900,65600,135201,15.6
2023-04-25,65600,66200,65000,65700,137327,15.59
2023-04-26,65600,65700,64600,65600,162632,15.62
2023-04-27,65000,65000,63600,64800,175989,15.65
2023-04-28,64200,67000,64200,66300,231732,15.71
2023-05-02,66300,67300,66100,67200,204065,15.73
2023-05-03,66700,67400,66500,67200,119818,15.75
2023-05-04,66600,67400,66100,66800,225298,15.79
2023-05-08,66700,67500,65900,67400,201673,15.82
2023-05-09,67500,67500,66600,66700,91745,15.82
2023-05-10,66800,67400,66700,67400,119264,15.84
2023-05-11,67400,68000,66900,67700,211834,15.87
2023-05-12,67100,67800,66400,66800,180516,15.88
2023-05-15,67400,67400,66400,67200,144643,15.89
2023-05-16,67400,67700,66500,67000,164576,15.92
2023-05-17,66400,67100,66400,66900,115474,15.93
2023-05-18,66700,67300,66400,66600,113411,15.95
2023-05-19,66600,67900,65900,67600,198449,15.97
2023-05-22,67700,67800,67000,67100,166538,15.95
2023-05-23,67700,68000,66600,66900,209880,15.96
2023-05-24,66600,67500,66300,67500,177455,15.98
2023-05-25,66900,67900,66500,67500,269339,15.97
2023-05-26,67100,67500,66600,66700,124945,15.97
2023-05-30,66700,66900,65700,66300,197176,15.98
2023-05-31,65800,67200,65800,66300,802887,15.99
2023-06-01,66800,67000,65700,65900,149540,16.0
2023-06-02,66000,67100,65800,66900,135922,16.01
2023-06-05,66900,67500,66600,67500,103684,16.02
2023-06-07,67800,68700,67600,68300,212900,16.05
2023-06-08,68600,68800,67600,68400,221268,16.05
2023-06-09,68500,68600,67800,68000,188567,16.06
2023-06-12,68400,68500,67200,67700,139168,16.07
2023-06-13,68000,68000,66000,66600,240400,16.09
2023-06-14,66300,66700,65200,66100,192092,16.09
2023-06-15,66100,66800,65700,66300,163668,16.11
2023-06-16,66600,66800,65700,66500,253261,16.13
2023-06-19,66200,66500,65500,65600,148580,16.12
2023-06-20,65600,65900,64500,64600,149997,16.11
2023-06-21,65000,65600,64400,65400,205694,16.12
2023-06-22,65600,66200,65100,65800,147419,16.23
2023-06-23,65300,65400,63700,63900,175157,16.21
2023-06-26,64000,65400,63500,65100,124825,16.22
2023-06-27,65000,65400,64600,65300,131405,16.24
2023-06-28,65300,67000,65100,66500,240926,16.29
2023-06-29,66000,67400,66000,66900,200171,16.33
2023-06-30,67700,67800,66700,67300,162770,16.34
2023-07-03,67100,68000,67100,68000,155866,16.33
2023-07-04,67500,68000,66800,67400,132816,16.34
2023-07-05,66700,67400,66600,66700,137678,16.36
2023-07-06,66700,67700,66300,66700,241209,16.39
2023-07-07,66200,67000,66100,66400,167068,16.41
2023-07-10,68000,70500,67200,70500,565029,16.55
2023-07-11,70800,72000,70300,71300,382260,16.57
2023-07-12,71700,72600,70600,71000,321574,16.59
2023-07-13,71000,71700,68700,69200,423306,16.59
2023-07-14,69700,71300,69300,71000,310803,16.6
2023-07-17,70200,71000,69400,69800,135921,16.6
2023-07-18,70400,70400,68700,69100,101926,16.61
2023-07-19,69100,69700,68800,69100,92924,16.65
2023-07-20,68500,69200,68100,68900,114679,16.66
2023-07-21,69000,69800,68500,69100,100397,16.67
2023-07-24,69200,69300,67800,68400,155168,16.68
2023-07-25,68800,69600,67800,68700,118406,16.69
2023-07-26,68500,68700,67000,68200,266467,16.69
2023-07-27,68000,69500,67900,69500,164917,16.69
2023-07-28,68600,69500,68100,69100,140977,16.7
2023-07-31,69700,69900,69000,69800,148172,16.71
2023-08-01,69300,70100,69000,69900,130647,16.72
2023-08-02,69700,70400,69400,69800,171099,16.75
2023-08-03,70200,70200,68700,69100,128318,16.78
2023-08-04,68700,70100,68600,69800,174251,16.78
2023-08-07,69900,72000,69900,70900,237111,16.82
2023-08-08,71600,71700,70300,71200,117708,16.85
2023-08-09,71300,71400,70400,70900,92353,16.86
2023-08-10,70900,71100,69800,70100,160123,16.89
2023-08-11,70000,71200,69900,70300,126936,16.89
2023-08-14,70000,70000,68700,69300,92151,16.9
2023-08-16,68700,69400,67200,67500,164102,16.89
2023-08-17,67500,67500,66100,66700,185354,16.92
2023-08-18,66100,67000,65700,66000,141652,16.91
2023-08-21,66300,66700,65400,66000,118276,16.94
2023-08-22,66100,66400,65600,65800,120290,16.94
2023-08-23,65500,67300,65500,67300,170235,16.86
2023-08-24,66800,67300,66100,66400,152053,16.86
2023-08-25,66100,67300,65900,67100,127836,16.86
2023-08-28,68200,68300,67200,67700,87933,16.86
2023-08-29,68000,68300,67000,67400,103142,16.86
2023-08-30,67800,68000,67200,67600,96090,16.87
2023-08-31,67400,68400,67100,67600,252045,16.87
2023-09-01,67100,68100,67100,67600,119999,16.89
2023-09-04,67100,67800,66500,67800,104114,16.89
2023-09-05,68000,68300,67500,67900,111206,16.91
2023-09-06,67300,68100,67100,67500,86685,16.91
2023-09-07,66700,67500,66700,67500,106048,16.91
2023-09-08,67800,68400,67400,68400,75481,16.91
2023-09-11,68400,70000,68200,69900,152618,16.94
2023-09-12,70100,70300,69300,69600,105479,16.94
2023-09-13,69100,71600,69100,71600,282654,17.01
2023-09-14,71700,72300,70800,71600,218541,16.99
2023-09-15,72000,73000,71500,72400,360306,17.01
2023-09-18,71800,72100,71000,71200,112989,17.0
2023-09-19,71000,72200,71000,71600,88642,17.02
2023-09-20,71200,72000,70900,72000,86514,17.02
2023-09-21,71600,72400,71600,71700,160662,17.03
2023-09-22,71400,72500,71400,72100,122951,17.05
2023-09-25,72100,72100,70800,71400,126100,17.03
2023-09-26,70800,71200,70000,70700,106053,17.03
2023-09-27,70100,71100,69500,70300,121742,17.02
2023-10-04,70100,72400,69200,71900,346917,17.03
2023-10-05,71400,72600,71200,71900,175380,17.04
2023-10-06,72400,72500,71700,72000,139169,17.02
2023-10-10,72700,73400,71800,72700,164915,17.03
2023-10-11,72900,73300,71100,71800,221461,17.0
2023-10-12,72000,72300,70400,72200,178037,16.99
2023-10-13,70900,74000,70900,73100,296872,17.06
2023-10-16,73000,73400,71900,72500,149572,17.06
2023-10-17,73200,73400,72100,72800,149218,17.07
2023-10-18,72600,73900,72600,73700,329124,17.05
2023-10-19,73700,74300,73300,73800,272601,17.07
2023-10-20,73400,74200,72500,73700,280801,17.05
2023-10-23,73700,73700,71600,71900,202464,17.05
2023-10-24,72400,72400,70500,71100,129944,17.05
2023-10-25,70800,72700,70600,72400,164920,17.05
2023-10-26,72700,73100,71700,72600,254671,17.03
2023-10-27,73100,73100,71200,71400,157776,17.01
2023-10-30,71400,72700,70800,71700,117399,17.01
2023-10-31,72200,72700,71600,72300,162606,17.01
2023-11-01,72400,72800,71500,72700,194458,17.0
2023-11-02,72900,73400,69600,70100,375774,17.02
2023-11-03,70400,70500,68800,70000,275939,17.0
2023-11-06,70000,70300,68100,69100,627701,16.99
2023-11-07,68700,69100,68300,69100,195838,16.99
2023-11-08,69400,69400,68300,68400,183574,16.94
2023-11-09,68000,69400,68000,69300,146685,16.94
2023-11-10,68700,69700,68500,69700,96591,16.96
2023-11-13,70000,70100,69200,69800,108270,16.95
2023-11-14,70500,70600,69700,69800,146194,16.92
2023-11-15,70700,70900,69100,69500,379725,16.87
2023-11-16,69100,69600,68900,69500,173794,16.85
2023-11-17,69100,69800,69000,69100,123935,16.83
2023-11-20,69000,69500,68800,69200,91296,16.82
2023-11-21,69500,69600,69200,69500,164204,16.82
2023-11-22,69200,69900,69100,69600,80811,16.81
2023-11-23,69500,70300,69500,70300,127556,16.83
2023-11-24,70500,70500,69700,69800,80835,16.83
2023-11-27,70200,70200,69300,69700,96976,16.82
2023-11-28,70100,70400,69600,70400,157286,16.83
2023-11-29,69700,70400,69300,69400,108883,16.82
2023-11-30,69700,70000,69000,70000,229737,16.81
2023-12-01,70000,70100,69400,69400,101455,16.8
2023-12-04,69900,69900,69400,69500,72676,16.82
2023-12-05,69300,69700,69100,69200,85322,16.83
2023-12-06,69300,70100,69300,69400,98642,16.82
2023-12-07,69100,69200,68600,68800,119415,16.81
2023-12-08,69100,69300,68700,69200,82309,16.81
2023-12-11,69500,69600,69000,69200,102395,16.79
2023-12-12,69600,70400,69400,70300,206597,16.8
2023-12-13,70500,70700,70100,70400,129439,16.84
2023-12-14,70800,70800,70000,70300,455080,16.8
2023-12-15,70300,70900,70100,70900,279297,16.85
2023-12-18,70500,71100,70100,70400,159170,16.88
2023-12-19,70400,70500,69900,70400,117730,16.94
2023-12-20,70800,71500,70400,71300,190843,16.94
2023-12-21,71000,71600,70900,71500,140783,16.97
2023-12-22,71600,71700,71100,71500,183979,16.96
2023-12-26,71700,73500,71500,73100,483685,17.02
2023-12-27,70500,70800,67600,68600,695121,16.97
2023-12-28,68000,69100,68000,69100,233903,17.0
2024-01-02,68500,68800,67700,68200,183987,16.98
2024-01-03,67800,68300,67000,67000,339935,17.01
2024-01-04,66800,67000,66000,66200,172867,16.99
2024-01-05,66100,66200,65100,65500,159939,16.99
2024-01-08,65000,65700,65000,65100,179583,16.99
2024-01-09,65800,66200,65300,65600,171088,17.01
2024-01-10,65600,66000,64800,64900,158694,17.0
2024-01-11,64600,65300,62500,62800,3143615,18.05
2024-01-12,63200,63900,62800,63200,288415,18.07
2024-01-15,63600,63800,63300,63500,206701,18.04
2024-01-16,63000,63500,62400,62400,267038,17.98
2024-01-17,62300,62500,61100,61100,281694,17.93
2024-01-18,61300,61400,60100,60100,331914,17.88
2024-01-19,60500,61000,60000,60800,401304,17.83
2024-01-22,61000,61700,60400,61000,230762,17.81
2024-01-23,61200,62100,61100,62100,295282,17.8
2024-01-24,61700,62800,61700,62600,193608,17.81
2024-01-25,62700,63900,62300,63800,262609,17.84
2024-01-26,63400,64600,62800,63800,203229,17.86
2024-01-29,64000,66500,63800,65700,375824,17.88
2024-01-30,65600,66800,65500,65800,363573,17.88
2024-01-31,65800,69300,65800,69300,683521,17.94
2024-02-01,69300,76800,68900,76000,1833912,18.09
2024-02-02,77000,79200,73600,78400,1438843,18.14
2024-02-05,78600,79100,74500,77200,789957,18.12
2024-02-06,76000,80400,76000,77400,700064,18.18
2024-02-07,77400,81500,76900,81400,963479,18.28
2024-02-08,80900,83400,80800,83000,820659,18.36
2024-02-13,83000,85100,82000,83200,719249,18.4
2024-02-14,82100,83200,80200,80800,551305,18.48
2024-02-15,81400,81500,78600,79400,479733,18.53
2024-02-16,79700,80300,77600,80300,531149,18.61
2024-02-19,80300,86000,80000,85000,903962,18.64
2024-02-20,85000,85700,80600,81700,671463,18.65
2024-02-21,82500,88500,82500,88300,1483219,18.69
2024-02-22,87800,93200,87100,92100,1397509,18.77
2024-02-23,94500,97300,93900,95600,1265607,18.87
2024-02-26,93600,94900,87500,92200,1479932,18.97
2024-02-27,90500,95200,87600,92100,808288,19.0
2024-02-28,91400,102900,89000,102900,1265840,19.06
2024-02-29,101800,103900,96200,96900,919438,18.94
2024-03-04,98100,104300,98000,103900,831903,19.02
2024-03-05,101600,107800,101100,104500,980345,19.05
2024-03-06,103500,105600,101800,103400,431226,19.02
2024-03-07,103500,107500,102800,106000,494554,19.03
2024-03-08,107200,108500,104200,105100,415426,19.03
2024-03-11,103900,105000,100000,103100,449186,19.04
2024-03-12,102100,102600,96900,97500,707883,19.07
2024-03-13,97400,100900,96700,99300,481742,19.06
2024-03-14,100000,101400,99000,101300,750176,19.11
2024-03-15,100300,105600,99100,99100,740592,19.1
2024-03-18,99100,99100,93300,97200,533608,19.1
2024-03-19,95500,97800,93300,93500,426826,19.13
2024-03-20,94600,99100,94600,95800,625174,19.19
2024-03-21,95800,98000,94500,97400,634286,19.26
2024-03-22,97400,99800,96900,97900,419266,19.32
2024-03-25,96900,98900,96600,97300,432191,19.33
2024-03-26,97200,99200,97200,97800,333694,19.31
2024-03-27,97100,97800,93400,94100,527970,19.38
2024-03-28,93200,96000,93100,95500,347523,19.41
2024-03-29,95400,95500,91400,92300,374101,19.45
2024-04-01,92800,93500,90800,91500,273054,19.5
2024-04-02,90600,93600,89800,92900,334033,19.55
2024-04-03,92000,94100,91400,92800,394918,19.56
2024-04-04,93400,94500,92500,93400,261784,19.55
2024-04-05,92100,93700,91600,91900,233917,19.52
2024-04-08,91200,95800,90500,93700,368699,19.52
2024-04-09,93900,95100,89300,89500,387931,19.47
2024-04-11,85400,86500,82800,85000,701571,19.5
2024-04-12,85100,85200,80300,81100,642702,19.54
2024-04-15,81000,82300,79100,81300,373271,19.53
2024-04-16,80100,80400,77900,79300,407630,19.5
2024-04-17,78900,79800,77300,78000,273169,19.49
2024-04-18,78200,79300,77600,78000,240532,19.5
2024-04-19,77200,78000,76600,77300,316775,19.52
2024-04-22,78500,84400,78500,84200,559067,19.42
2024-04-23,84500,86400,84100,86100,480677,19.41
2024-04-24,86200,87000,85100,85400,279812,19.42
2024-04-25,84600,87700,84500,86400,282587,19.43
2024-04-26,86400,90000,85200,88800,406214,19.39
2024-04-29,89600,89600,87700,88600,261357,19.39
2024-04-30,87800,89600,87300,87500,475290,19.38
2024-05-02,86500,87100,84300,84800,237021,19.4
2024-05-03,85700,86000,83600,83800,156906,19.43
2024-05-07,85400,89000,85400,88300,428850,19.47
2024-05-08,89100,91700,88600,89500,421854,19.55
2024-05-09,88900,90000,88300,88600,366593,19.58
2024-05-10,91700,92800,90000,91900,665090,19.7
2024-05-13,93200,96400,92600,93100,498272,19.77
2024-05-14,92300,94000,92100,93000,449439,19.81
2024-05-16,94700,97500,94200,95000,1144347,19.97
2024-05-17,94200,94300,87400,88900,619485,19.96
2024-05-20,89700,91900,88000,91700,384260,19.99
2024-05-21,91400,93500,91000,91800,388140,20.05
2024-05-22,91200,91400,86600,87000,396133,19.98
2024-05-23,86500,87500,85200,86700,247246,19.99
2024-05-24,85600,86700,85100,85600,184221,20.03
2024-05-27,85000,86500,84500,84600,179825,20.05
2024-05-28,84800,88200,84600,87000,295007,20.06
2024-05-29,85100,87000,84100,85500,196161,20.05
2024-05-30,84700,86700,84700,85200,268367,20.06
2024-05-31,87000,87700,84300,84300,508610,20.03
2024-06-03,85100,86300,84200,85300,128213,20.03
2024-06-04,85000,85800,82000,82300,304472,20.03
2024-06-05,82700,83500,81000,81200,315342,20.04
2024-06-07,81500,85100,81500,83700,292265,20.08
2024-06-10,82300,84800,81700,83600,242469,20.09
2024-06-11,84000,85000,83800,83800,203349,20.12
2024-06-12,83500,85000,83200,84900,163854,20.13
2024-06-13,85000,86900,82800,82800,492753,20.09
2024-06-14,82400,84000,82200,82900,283094,20.12
2024-06-17,82200,83600,82200,83300,146700,20.15
2024-06-18,83600,84900,82600,84000,198006,20.17
2024-06-19,84800,88300,84000,87400,380723,20.21
2024-06-20,86600,88200,86400,87600,202084,20.24
2024-06-21,87600,88000,86000,87000,184752,20.23
2024-06-24,86900,87900,84600,87000,219967,20.27
2024-06-25,87900,88700,86700,87100,149547,20.27
2024-06-26,86300,87800,84700,87600,244068,20.33
2024-06-27,86200,86700,85500,86500,197684,20.35
2024-06-28,87000,90800,87000,88500,379556,20.39
2024-07-01,87700,89000,87100,87500,140744,20.37
2024-07-02,86700,89400,85500,88500,378224,20.42
2024-07-03,89800,89800,87800,88700,554908,20.49
2024-07-04,88300,95200,87000,91400,999245,20.5
2024-07-05,92400,94600,91200,93700,402781,20.44
2024-07-08,93800,93800,88600,89000,457228,20.36
2024-07-09,89800,91300,87600,90400,433710,20.4
2024-07-10,91400,94900,90900,94000,443031,20.44
2024-07-11,94500,96800,94100,94900,358574,20.46
2024-07-12,94500,96100,92500,94500,245328,20.5
2024-07-15,95000,95000,92000,92900,224067,20.52
2024-07-16,93300,95000,91800,92900,229418,20.55
2024-07-17,93100,93500,91700,92600,204668,20.56
2024-07-18,93500,94100,92100,92600,188824,20.58
2024-07-19,92300,93500,91700,93000,181944,20.6
2024-07-22,93400,94500,90700,94000,161162,20.62
2024-07-23,94000,95800,92700,92700,240070,20.64
2024-07-24,92200,97300,92200,93700,429942,20.68
2024-07-25,94500,95000,91300,91400,297204,20.69
2024-07-26,92600,96000,92000,94700,454759,20.72
2024-07-29,95400,99600,95400,96300,288299,20.71
2024-07-30,95400,96700,94500,95100,201698,20.7
2024-07-31,96000,99400,95500,96500,451545,20.73
2024-08-01,95600,96300,93800,93800,264808,20.73
2024-08-02,93000,93500,89000,90200,329140,20.74
2024-08-05,87400,88000,82500,84000,555244,20.77
2024-08-06,89000,89000,84700,84800,362319,20.78
2024-08-07,83900,87000,82200,85200,256490,20.75
2024-08-08,84100,88400,83800,87700,363363,20.74
2024-08-09,87900,90300,86900,90000,194868,20.74
2024-08-12,91100,91100,88400,89700,99532,20.73
2024-08-13,88900,94000,88800,94000,272677,20.76
2024-08-14,94000,94700,87200,88200,424957,20.74
2024-08-16,90000,91300,87100,88800,313727,20.77
2024-08-19,90300,95900,89500,93600,575832,20.86
2024-08-20,93100,98500,92600,97700,473970,20.9
2024-08-21,98000,98500,95800,97000,195404,20.91
2024-08-22,97000,97200,94900,97000,136597,20.92
2024-08-23,97000,98200,96300,97400,167169,20.89
2024-08-26,97200,98500,96200,97600,135644,20.89
2024-08-27,98400,98500,94500,95700,173868,20.88
2024-08-28,95700,96400,93300,95300,192070,20.88
2024-08-29,96100,98400,94200,95800,216448,20.89
2024-08-30,96700,97200,95900,97200,254504,20.89
2024-09-02,97200,99200,96700,97200,214973,20.89
2024-09-03,97700,102000,97200,100500,475327,20.94
2024-09-04,98000,100000,97300,98400,229639,20.92
2024-09-05,98200,98500,96100,98100,158971,20.92
2024-09-06,98000,98100,95500,96400,181128,20.92
2024-09-09,95000,95500,93000,94600,180518,20.94
2024-09-10,94900,98000,94200,97200,195896,20.94
2024-09-11,96900,97800,91900,93500,188978,20.93
2024-09-12,93800,96200,92500,96200,238609,20.98
2024-09-13,97100,98000,95800,97500,139348,20.98
2024-09-19,99400,103100,98500,100400,562848,21.01
2024-09-20,101000,101400,99000,99900,289914,21.04
2024-09-23,101400,101500,96900,98600,227390,21.06
2024-09-24,99500,100100,96700,98000,333159,21.14
2024-09-25,98200,98600,92500,93600,788814,21.29
2024-09-26,94700,97200,94500,95600,389485,21.34
2024-09-27,96000,97000,94400,94400,217421,21.37
2024-09-30,95700,95800,92800,93200,323960,21.38
2024-10-02,92100,92800,90700,90700,447798,21.38
2024-10-04,91500,94000,90700,94000,352570,21.41
2024-10-07,93600,95500,93000,95100,142590,21.42
2024-10-08,95400,97300,93500,96400,241686,21.47
2024-10-10,97400,98000,95600,97100,464789,21.51
2024-10-11,97800,98300,96700,97500,499358,21.51
2024-10-14,98000,100500,97700,99400,333471,21.54
2024-10-15,99800,101200,99100,100100,237900,21.58
2024-10-16,99100,102000,98500,102000,242002,21.62
2024-10-17,102300,102300,99700,100000,220709,21.62
2024-10-18,101100,101400,100000,101000,127587,21.64
2024-10-21,101500,102800,100500,101800,182039,21.65
2024-10-22,101100,103300,101100,102800,293855,21.71
2024-10-23,102300,102300,99100,99100,451733,21.75
2024-10-24,99900,101200,99300,100600,208246,21.8
2024-10-25,100600,102500,100100,101700,154018,21.81
2024-10-28,102000,102500,100000,102500,153148,21.82
2024-10-29,101700,102600,101000,102500,95089,21.83
2024-10-30,102500,102500,99900,101800,233704,21.85
2024-10-31,102000,102300,99800,101500,327396,21.85
2024-11-01,102300,104900,101500,103800,273167,21.9
2024-11-04,104400,104400,103000,104000,194783,21.9
2024-11-05,103000,104400,102600,104300,176866,21.93
2024-11-06,103500,105300,103000,104900,209230,21.94
2024-11-07,103500,104700,103000,103000,286595,21.95
2024-11-08,104000,105000,102400,104900,209731,21.94
2024-11-11,103100,104500,102800,103400,92283,21.95
2024-11-12,103500,104600,100800,101000,219135,21.95
2024-11-13,100100,100800,98400,98600,184378,21.93
2024-11-14,98600,98900,95600,95600,419783,21.92
2024-11-15,97500,99400,96600,97600,193190,21.91
2024-11-18,103000,111000,101800,108800,921918,21.94
2024-11-19,105800,107200,103400,104800,313973,21.9
2024-11-20,103600,108000,103100,105200,190275,21.88
2024-11-21,104900,106000,103800,104600,140176,21.86
2024-11-22,106500,108000,105300,106500,166992,21.83
2024-11-25,107600,108000,105600,106000,327798,21.79
2024-11-26,104700,106000,103700,104600,298799,21.79
2024-11-27,105100,110400,105100,109000,319674,21.77
2024-11-28,109000,109200,107300,107900,156981,21.74
2024-11-29,108000,108300,104900,107100,253079,21.71
2024-12-02,109200,109200,106000,106600,144939,21.7
2024-12-03,108700,109900,108500,109000,249657,21.7
2024-12-04,108000,108000,103000,104200,341039,21.66
2024-12-05,104600,105300,101200,101500,302713,21.63
2024-12-06,101500,103300,99000,102800,323043,21.63
2024-12-09,101800,101800,98000,98000,320840,21.6
2024-12-10,99000,100800,98100,100500,252143,21.6
2024-12-11,98900,102300,98800,101500,166361,21.58
2024-12-12,102900,105500,102100,103900,502884,21.65
2024-12-13,103900,104200,98300,98800,410434,21.64
2024-12-16,100000,101000,98000,98200,187232,21.63
2024-12-17,98400,100300,96700,98700,461074,21.57
2024-12-18,99600,100700,97900,100000,287346,21.54
2024-12-19,98000,100100,97600,98500,268058,21.42
2024-12-20,98100,99300,97700,98500,212917,21.4
2024-12-23,99300,103100,98100,102800,239115,21.41
2024-12-24,102800,103400,102200,102600,160486,21.41
2024-12-26,103400,103400,99800,100500,163192,21.4
2024-12-27,97400,98300,96300,97200,301311,21.42
2024-12-30,98100,98100,94600,94800,261424,21.44
2025-01-02,93300,94600,91000,91500,358508,21.53
2025-01-03,92100,94500,91900,93200,280120,21.56
2025-01-06,92800,93600,90700,92600,344271,21.58
2025-01-07,92600,93800,92000,92600,148136,21.6
2025-01-08,92500,95500,92000,95200,340850,21.62
2025-01-09,94100,95400,93800,94000,198085,21.63
2025-01-10,93100,94900,93000,93900,243047,21.65
2025-01-13,93400,94200,92800,93900,269150,21.64
2025-01-14,94600,94600,92500,93500,293758,21.65
2025-01-15,94000,94200,90000,91000,334945,21.64
2025-01-16,92000,92500,90600,91300,312247,21.68
2025-01-17,91800,92900,90800,91100,183971,21.71
2025-01-20,91100,91500,87900,88100,255900,21.7
2025-01-21,88500,88700,85500,85800,345576,21.71
2025-01-22,86400,87300,85200,85200,323289,21.74
2025-01-23,84500,86900,83300,83600,287898,21.72
2025-01-24,83500,83700,81000,81200,397120,21.73
2025-01-31,83100,89500,81800,89100,630866,21.73
2025-02-03,87500,92300,85800,91600,468783,21.67
2025-02-04,92500,95600,91800,93900,451185,21.67
2025-02-05,94900,96900,94400,95000,331635,21.67
2025-02-06,95000,95500,93100,94800,203849,21.69
2025-02-07,93700,93900,90800,90900,532899,21.71
2025-02-10,90600,91200,89600,89800,163286,21.7
2025-02-11,90100,91000,89100,89100,133169,21.68
2025-02-12,88400,92400,88400,90800,283889,21.66
2025-02-13,90300,91200,88800,90000,240316,21.63
2025-02-14,91900,97700,91500,96600,691310,21.6
2025-02-17,97500,103700,96800,103600,528399,21.57
2025-02-18,102600,103600,101100,101400,277901,21.57
2025-02-19,100100,102300,99800,100500,280507,21.54
2025-02-20,100000,102600,95100,95500,367821,21.53
2025-02-21,96200,96300,89700,90300,568688,21.52
2025-02-24,90600,91500,90000,91200,312335,21.54
2025-02-25,90200,90600,89500,89700,290433,21.56
2025-02-26,89800,90500,88700,90300,177923,21.56
2025-02-27,90300,90500,87900,89300,296207,21.6
2025-02-28,88400,88900,86300,86800,420133,21.53
2025-03-04,86000,86800,85200,85700,147592,21.53
2025-03-05,85800,87600,84800,85200,373148,21.55
2025-03-06,85400,86300,84500,85400,254242,21.55
2025-03-07,85300,85900,83600,84000,391941,21.54
2025-03-10,84000,85800,83500,84800,163827,21.56
2025-03-11,83200,84100,82500,83100,274168,21.57
2025-03-12,82900,84600,82700,84100,237900,21.58
2025-03-13,84100,85000,82500,83100,341093,21.6
2025-03-14,83400,83400,81600,82000,213583,21.58
2025-03-17,83100,83300,81600,82600,248719,21.56
2025-03-18,83200,85000,82900,84100,311864,21.58
2025-03-19,84100,85700,83900,85300,238416,21.57
2025-03-20,85900,87400,84700,85700,192196,21.6
2025-03-21,85300,86500,84200,86200,346615,21.61
2025-03-24,85400,86200,84900,85000,101816,21.61
2025-03-25,84200,85100,83600,84900,171563,21.61
2025-03-26,85300,85300,84000,84300,134092,21.61
2025-03-27,83600,85800,83500,85700,164102,21.64
2025-03-28,85600,85900,84100,85300,126757,21.64
2025-03-31,84400,84600,82400,82900,306623,21.64
2025-04-01,82800,84900,82700,83500,163085,21.66
2025-04-02,83300,84400,82000,82600,148002,21.66
2025-04-03,80100,81600,79600,81300,260527,21.65
2025-04-04,80200,82000,79700,80900,147323,21.65
2025-04-07,78300,78800,76100,77500,185631,21.66
2025-04-08,78100,78700,75700,76500,220926,21.63
2025-04-09,75100,76000,73300,73600,287484,21.66
2025-04-10,76000,78800,76000,78800,199612,21.69
2025-04-11,77000,77300,75900,77200,175148,21.69
2025-04-14,77400,79000,77200,78600,121087,21.7
2025-04-15,78600,79800,78400,79500,108764,21.69
2025-04-16,79900,80000,79000,79700,98525,21.67
2025-04-17,79900,79900,78700,79400,85102,21.67
2025-04-18,79500,80000,79100,79600,56370,21.68
2025-04-21,79600,80300,79100,80300,48102,21.68
2025-04-22,80800,83400,79400,82200,238218,21.7
2025-04-23,83700,83700,82100,83000,132643,21.68
2025-04-24,82200,83200,82200,82900,118609,21.68
2025-04-25,83300,84400,82600,82800,148408,21.67
2025-04-28,82600,84100,82600,83200,120708,21.68
2025-04-29,83200,85500,82800,85100,178586,21.7
2025-04-30,85400,86200,84700,86200,320413,21.73
2025-05-02,86000,86700,84300,85300,187742,21.71
2025-05-07,86300,86400,84500,84600,130632,21.71
2025-05-08,84200,85800,84200,84800,202056,21.72
2025-05-09,84900,85400,84300,84600,66213,21.73
2025-05-12,85100,86200,84700,85800,97259,21.73
2025-05-13,84900,86400,84900,86200,137976,21.75
2025-05-14,86100,86600,84700,86300,177344,21.77
2025-05-15,85000,85100,83100,83500,245544,21.76
2025-05-16,83300,84800,82700,84300,142427,21.77
2025-05-19,84400,90400,84200,89000,435000,21.83
2025-05-20,89500,89800,87600,88200,163586,21.83
2025-05-21,88000,92900,87300,91500,406323,21.84
2025-05-22,96000,97500,89700,90600,693196,21.74
2025-05-23,90300,94100,90300,92000,255393,21.73
2025-05-26,91900,99600,91800,99300,562080,21.72
2025-05-27,98500,99600,95700,97000,292276,21.69
2025-05-28,96800,97700,95700,96500,322995,21.63
2025-05-29,98300,100800,97400,99400,469309,21.63
2025-05-30,99100,101000,98700,98900,804456,21.65
2025-06-02,98900,101200,98100,99900,551726,21.71
2025-06-04,101900,109100,101200,108800,711148,21.8
2025-06-05,108300,128200,106600,120500,1144121,21.92
2025-06-09,121600,122000,117800,121800,877963,21.92
2025-06-10,122000,124000,114000,116200,922709,21.9
2025-06-11,117100,124400,116600,122500,612060,21.88
2025-06-12,122400,124300,120200,122600,536093,21.9
2025-06-13,122700,127100,121200,124800,751965,21.82
2025-06-16,127100,130500,123800,127900,424095,21.78
2025-06-17,126100,128500,125400,126800,368450,21.77
2025-06-18,124900,124900,122200,123600,354727,21.79
2025-06-19,122400,126700,122400,124500,284216,21.82
2025-06-20,124200,127300,122000,127200,616237,21.85
2025-06-23,124900,126500,123500,124400,315378,21.89
2025-06-24,126800,133400,126500,128500,484144,21.92
2025-06-25,130100,131000,127600,129000,289015,21.94
2025-06-26,127600,128850,122700,125500,384250,21.92
2025-06-27,126400,130000,125100,126300,438651,21.93
2025-06-30,128500,130600,127000,127400,286661,21.88
2025-07-01,129500,135100,128800,130000,446050,21.79
2025-07-02,130200,131500,125000,127400,384428,21.75
2025-07-03,128300,129900,126500,127200,287932,21.73
2025-07-04,126300,127100,123200,123900,241584,21.73
2025-07-07,121900,127200,121100,126500,156476,21.76
2025-07-08,126600,130800,123900,130400,345500,21.77
2025-07-09,128200,134500,128100,133000,356609,21.76
2025-07-10,132400,134600,130100,133000,363155,21.75
2025-07-11,132100,134500,128800,131600,164677,21.74
2025-07-14,131500,146800,131500,140700,885106,21.65
2025-07-15,139300,140100,136900,138500,375353,21.61
2025-07-16,136700,139800,136000,136600,262197,21.61
2025-07-17,138000,142800,134900,139800,599570,21.6
2025-07-18,139200,139800,131500,135600,378143,21.59
2025-07-21,133200,134400,131800,132600,278303,21.63
2025-07-22,132000,135600,130500,131300,194868,21.65
2025-07-23,132600,132600,126100,129100,324956,21.71
2025-07-24,129000,132800,127100,128200,432325,21.76
2025-07-25,127000,129100,126900,128500,234429,21.78
2025-07-28,127600,129000,123100,124500,200625,21.8
2025-07-29,123300,126100,123300,126100,154080,21.82
2025-07-30,124900,127500,124800,127300,188495,21.84
2025-07-31,125700,127500,124900,125900,221388,21.86
2025-08-01,124100,125200,119300,119700,307245,21.87
2025-08-04,118600,120900,117000,120200,324215,21.87
2025-08-05,120800,125000,120700,123100,209216,21.9
2025-08-06,122200,124300,122100,124100,101954,21.92
2025-08-07,123900,124800,121800,124200,188041,21.93
2025-08-08,124000,124600,122700,123400,115731,21.93
2025-08-11,124500,124700,122200,123600,126659,21.93
2025-08-12,122500,126700,122500,123900,248523,21.94
2025-08-13,123500,125900,122800,125300,215631,21.95
2025-08-14,126700,129400,126500,128500,294690,22.0
2025-08-18,127700,128400,126300,127500,313241,21.98
2025-08-19,128600,130200,127700,129000,325040,21.97
2025-08-20,130100,130200,126700,129800,474038,21.91
2025-08-21,130400,140500,129700,139400,572232,22.0
2025-08-22,140000,143900,136000,139400,619856,22.06
2025-08-25,141000,145200,139000,141000,328691,22.11
2025-08-26,140000,141000,138300,139100,304696,22.14
2025-08-27,139500,140300,137200,138700,142863,22.15
2025-08-28,140000,146000,139200,144100,370389,22.18
2025-08-29,145600,145800,142000,143100,222555,22.17
2025-09-01,143200,145700,141500,143800,224013,22.18
2025-09-02,142600,153400,142600,151700,481176,22.18
2025-09-03,151900,152800,147600,149000,364546,22.24
2025-09-04,147600,150700,146900,149000,196003,22.24
2025-09-05,148500,150500,148000,149900,235180,22.24
2025-09-08,150200,151600,149000,150400,156076,22.27
2025-09-09,151000,159500,149700,157500,381389,22.28
2025-09-10,157600,160600,157500,158600,332293,22.25
2025-09-11,158100,160900,157900,160900,346442,22.24
2025-09-12,167800,167900,158300,159900,247275,22.21
2025-09-15,158400,165800,158300,160600,274333,22.2
2025-09-16,160900,162000,159100,160100,196724,22.21
2025-09-17,158800,160100,154000,155200,329091,22.24
2025-09-18,154900,155800,151400,154900,271319,22.25
2025-09-19,153600,154800,152800,153400,287863,22.26
2025-09-22,154000,156100,153800,155800,326891,22.21
2025-09-23,155300,158800,154500,157600,184399,22.19
2025-09-24,158200,158200,152200,152800,231594,22.17
2025-09-25,152500,152600,148600,150200,257759,22.2
2025-09-26,150300,152700,149100,152000,353127,22.29
2025-09-29,155000,159000,154500,155300,240483,22.29
2025-09-30,153800,156600,152300,156600,320723,22.31
2025-10-01,156700,158500,154000,155100,178898,22.29
2025-10-02,156500,162400,154900,159100,471758,22.34
2025-10-10,159700,161000,156500,160000,439164,22.36
2025-10-13,160100,160100,153800,157100,276579,22.37
2025-10-14,156200,170400,156200,167000,455873,22.41
2025-10-15,165300,166100,157800,162200,355347,22.36
2025-10-16,163000,168400,161000,163100,236718,22.39
2025-10-17,161100,161100,156200,156700,241728,22.39
2025-10-20,157700,160000,155100,159700,200202,22.4
2025-10-21,161200,165300,158900,159700,223710,22.42
2025-10-22,161300,161400,158300,159600,127534,22.38
2025-10-23,158100,163800,158100,162100,220573,22.4
2025-10-24,162200,167000,161900,162600,235412,22.39
2025-10-27,160600,163500,160200,162000,231899,22.39
2025-10-28,160500,161800,158900,160100,229901,22.4
2025-10-29,161900,162800,158000,159600,311936,22.41
2025-10-30,158100,161600,156500,157400,403743,22.43
2025-10-31,154000,154600,151200,154300,1670865,22.97
2025-11-03,154300,154900,150700,152100,683947,22.94
2025-11-04,151200,152800,149100,151100,333216,22.95
2025-11-05,153000,153200,147300,150000,319753,22.97
2025-11-06,151400,158000,150300,156000,436145,22.97
2025-11-07,158900,159400,150200,152000,379418,22.92
2025-11-10,154900,163700,154500,158900,374488,22.93
2025-11-11,157500,162900,157500,159400,270016,22.95
2025-11-12,158400,168800,158400,167000,342111,23.0
2025-11-13,166200,168900,163300,168400,332016,23.0
2025-11-14,168200,169500,152200,153600,448722,22.9
2025-11-17,156800,159300,152500,153600,239010,22.9
2025-11-18,152100,155000,148300,148700,271841,22.9
2025-11-19,151000,151200,145000,148200,168318,22.88
2025-11-20,149600,151500,147500,147500,188877,22.86
2025-11-21,146200,147300,144000,146400,135170,22.86
2025-11-24,149600,151000,144500,144800,380948,22.83
2025-11-25,149100,150400,145400,146700,191417,22.83
2025-11-26,150000,152800,148300,151600,203495,22.83
2025-11-27,151400,154700,151400,153400,149611,22.84
2025-11-28,154000,154000,151200,152900,303120,22.85
2025-12-01,153500,154900,150600,153800,160474,22.89
2025-12-02,156000,157800,153100,155400,242263,22.9
2025-12-03,155100,157000,153300,156500,294615,22.9
2025-12-04,155400,157300,154800,157000,338924,22.91
2025-12-05,155700,159500,154600,158200,242022,22.92
2025-12-08,158200,158300,155100,155800,169357,22.92
2025-12-09,156000,157500,154300,157500,204974,22.93
2025-12-10,158500,158900,154300,154400,172150,22.94
2025-12-11,156600,156600,153100,153100,401147,23.01
2025-12-12,155000,158300,152900,155500,440181,23.09
2025-12-15,154200,154200,151400,152900,139723,23.11
2025-12-16,152300,153900,150700,151700,164556,23.02
2025-12-17,153000,153600,150500,153600,168918,22.97
2025-12-18,152500,152800,150600,151800,188677,22.97
2025-12-19,153400,155900,152700,155000,183439,22.95
2025-12-22,155800,160900,154700,160300,259968,22.94
2025-12-23,160000,169300,160000,163900,345765,23.0
2025-12-24,164000,165000,161100,163700,225245,22.97
2025-12-26,163200,166300,161500,162500,252266,22.92
2025-12-29,156900,158500,155300,157600,269685,22.95
2025-12-30,156600,157900,156000,157600,251135,22.97
2026-01-02,157400,157600,151300,156300,266320,22.99
2026-01-05,156500,164500,155200,164100,427934,23.09
2026-01-06,163500,165400,160500,165400,170555,23.13
2026-01-07,166000,168400,160600,162000,239863,23.14
2026-01-08,160400,161000,157300,159200,356761,23.15
2026-01-09,160300,160300,157000,159500,237528,23.18
2026-01-12,160700,164100,156200,158100,214913,23.17
2026-01-13,159000,160500,157500,159100,196706,23.18
2026-01-14,161300,163900,157300,161900,200776,23.2
2026-01-15,160300,162100,158600,161200,191341,23.19
2026-01-16,162800,176900,162600,170600,625850,23.23
2026-01-19,166800,168400,159300,167000,359620,23.21
2026-01-20,167100,177600,167000,175200,432790,23.28
2026-01-21,174900,175500,170400,174700,304851,23.26
2026-01-22,175300,182700,174700,178800,465291,23.26
2026-01-23,180500,185900,177000,185100,518798,23.21
2026-01-26,186500,189000,181700,182200,304082,23.23
2026-01-27,184300,188600,182000,187100,250715,23.24
2026-01-28,191100,197000,189000,192200,407899,23.26
2026-01-29,200000,200000,189400,192000,426793,23.27
2026-01-30,190100,193900,187300,188300,437998,23.29
2026-02-02,188000,188000,177900,179000,267951,23.33
2026-02-03,183100,186500,179100,186300,273276,23.31
2026-02-04,185700,199600,185100,197500,520691,23.31
2026-02-05,195400,203000,191000,191700,347872,23.31
2026-02-06,185100,187000,180800,184300,344188,23.29
2026-02-09,192000,196100,190500,193000,324928,23.27
2026-02-10,200000,200500,194900,197700,347107,23.27
2026-02-11,200500,201500,197600,200000,248463,23.27
2026-02-12,205500,207000,201000,205000,319058,23.25
2026-02-13,203500,214500,203500,205500,275781,23.24
2026-02-19,218000,221000,206000,209000,394865,23.2
2026-02-20,207500,226500,207500,219000,527945,23.11
2026-02-23,246000,252000,227000,232000,1080275,22.88
2026-02-24,235500,235500,220000,224000,498247,22.85
2026-02-25,229500,259500,224500,246000,838515,22.84
2026-02-26,239000,243500,232000,239000,906126,22.62
2026-02-27,240000,241000,227000,230000,672911,22.58
2026-03-03,221000,236250,220000,221500,633693,22.67
2026-03-04,215000,215500,196100,197500,624203,22.78
2026-03-05,212000,219500,205500,214000,542592,22.84
2026-03-06,203500,211750,201000,210000,353025,22.86
2026-03-09,192000,200500,190500,200500,339266,22.91
2026-03-10,213000,215000,206000,211500,255956,22.89
2026-03-11,223000,232000,220500,226500,520055,22.88
2026-03-12,226500,226500,216500,218500,526197,22.9
2026-03-13,209000,219000,208500,216000,436847,22.96
2026-03-16,213500,217500,209500,212000,236922,22.96
2026-03-17,217500,221000,214000,217000,208804,22.96
2026-03-18,228500,245500,225000,235000,598488,22.97
2026-03-19,229500,237000,227500,230500,234935,22.97
2026-03-20,232000,232000,220000,231500,569040,23.02
2026-03-23,225500,225500,214000,217500,481137,23.07
2026-03-24,228000,228000,213000,222000,312515,23.12
2026-03-25,233000,235500,226000,227500,493421,23.13
2026-03-26,229000,229000,220500,222000,384833,23.15
2026-03-27,218000,224500,215000,223000,310598,23.16
2026-03-30,209500,221000,209000,219500,286890,23.2
2026-03-31,213000,217500,208000,210500,347780,23.2
2026-04-01,228000,229500,220000,227000,381511,23.18
2026-04-02,228500,231500,214000,217000,351480,23.24
2026-04-03,223000,227000,220000,221000,141907,23.26
2026-04-06,222000,229500,222000,226000,163542,23.24
2026-04-07,230500,234500,220500,222000,209007,23.25
2026-04-08,240500,243000,230500,238500,402137,23.24
2026-04-09,234500,236500,224000,230000,453988,23.19
2026-04-10,233000,237000,232000,234500,324396,23.21
2026-04-13,233500,236000,231000,235000,381274,23.24
2026-04-14,238500,250000,238500,246000,431551,23.23
2026-04-15,252000,262500,251500,258000,423868,23.26
2026-04-16,258000,262000,255000,258000,280130,23.26
2026-04-17,256000,257000,252000,253500,170779,23.28
2026-04-20,256500,257500,251000,253500,173309,23.3
2026-04-21,254000,259000,252750,256000,208078,23.32
2026-04-22,253500,255500,246000,247500,282061,23.33
2026-04-23,255500,260000,251000,255500,476920,23.37
2026-04-24,253500,255500,244000,244500,275279,23.35
2026-04-27,244500,250500,241500,250000,328458,23.38
2026-04-28,248000,255000,246500,252000,293762,23.41
2026-04-29,252000,255000,248500,252000,191784,23.43
2026-04-30,249500,252500,246500,249500,1573209,23.43
2026-05-04,256000,270000,251500,265000,694674,23.45
2026-05-06,280500,308000,270000,298000,787419,23.4
2026-05-07,304000,307000,294500,300000,549698,23.38
2026-05-08,302000,303000,286000,295000,389032,23.37
2026-05-11,310000,314500,298000,299500,469336,23.34
2026-05-12,306500,316500,291500,299500,537010,23.38
2026-05-13,297000,308000,289500,306000,331525,23.39
2026-05-14,310000,334500,308000,330000,622246,23.33
2026-05-15,332000,339500,300000,310000,665867,23.38
2026-05-18,307500,324000,302000,313500,394802,23.37
2026-05-19,314000,325500,307500,312000,562673,23.31
2026-05-20,316500,323000,293500,312000,479750,23.3
2026-05-21,339500,359000,331500,355000,436740,23.25
2026-05-22,355000,370000,352500,364500,424209,23.19
2026-05-26,367000,373500,344500,348000,464462,23.16
2026-05-27,365000,370500,350500,354500,424017,23.19
2026-05-28,351500,361000,340000,357500,474676,23.25
2026-05-29,366500,391500,355000,388500,789483,23.23
2026-06-01,387000,420500,383000,410000,669413,23.24
2026-06-02,421000,485000,412000,480000,772311,23.25
2026-06-04,440000,457000,417000,438000,1025694,23.18
2026-06-05,397000,420000,395500,412500,509906,23.16
2026-06-08,350000,392500,349500,375500,551825,23.13
2026-06-09,383000,394500,375000,393000,492974,23.12
2026-06-10,370000,379500,356000,368000,679195,23.16
2026-06-11,354500,369500,342000,365000,762495,23.19
2026-06-12,392500,406500,381500,385500,398960,23.2
2026-06-15,404500,424000,402500,423000,445849,23.23
2026-06-16,427000,433000,421500,431000,251317,23.24
2026-06-17,430000,450000,424000,447000,343520,23.25
2026-06-18,443000,470500,443000,469000,558690,23.21
2026-06-19,481500,516500,478500,497000,681949,23.23
2026-06-22,486500,491500,450500,450500,539124,23.22
2026-06-23,455500,503000,425000,425000,710092,23.23
2026-06-24,435500,443000,415500,433000,708886,23.26
2026-06-25,446500,467500,441000,447000,575517,23.21
2026-06-26,450000,450000,415000,432500,436390,23.22
2026-06-29,420000,420000,400000,408500,515300,23.21
2026-06-30,408000,416000,385000,401000,514927,23.21
