date,open,high,low,close,volume,foreign_ownership_ratio
2016-07-01,137500,139500,135500,137000,288322,53.93
2016-07-04,136000,138000,134500,136500,210411,54.0
2016-07-05,137000,137500,133000,134500,318699,54.13
2016-07-06,133000,134500,131000,131500,338928,54.14
2016-07-07,131000,133000,130500,132500,553533,54.2
2016-07-08,131500,133000,129000,130000,240464,54.23
2016-07-11,133000,135500,130500,131000,341523,54.21
2016-07-12,130000,130500,127000,128000,326891,54.16
2016-07-13,128000,128500,124500,126500,377461,54.13
2016-07-14,124500,125000,123000,124000,356146,54.08
2016-07-15,123500,125000,123000,124500,295875,54.13
2016-07-18,125500,126500,124000,125500,329158,54.15
2016-07-19,126500,127500,124500,125000,339166,54.16
2016-07-20,125000,126000,124000,125000,249073,54.17
2016-07-21,125500,127000,121000,122500,461919,54.22
2016-07-22,123000,125500,122000,123500,342458,54.32
2016-07-25,123500,124000,121000,122000,234281,54.35
2016-07-26,122500,124500,121000,124500,315649,54.42
2016-07-27,125000,126500,124500,125500,372737,54.44
2016-07-28,126000,127000,122000,122000,330702,54.46
2016-07-29,122000,124500,121000,121000,393082,54.42
2016-08-01,122000,124500,121500,122500,304919,54.51
2016-08-02,122000,123000,121000,121000,165868,54.48
2016-08-03,120500,121500,119000,119500,236419,54.52
2016-08-04,121000,122000,120000,121500,205505,54.54
2016-08-05,123000,125000,122000,123000,322752,54.59
2016-08-08,124500,125000,123000,124000,335225,54.65
2016-08-09,124000,124500,122000,122000,292926,54.68
2016-08-10,122500,124000,122000,123500,257898,54.7
2016-08-11,124000,124500,120000,120500,264987,54.66
2016-08-12,120500,121500,116500,118500,504230,54.67
2016-08-16,117500,121500,117000,121000,416417,54.8
2016-08-17,123500,125500,122000,125000,422573,54.93
2016-08-18,125500,127000,123000,123500,384126,54.97
2016-08-19,124000,124500,119500,120000,339289,55.01
2016-08-22,119500,120500,117500,119000,323177,55.01
2016-08-23,119000,121000,117500,121000,305085,55.07
2016-08-24,119500,120500,116500,117000,298600,55.0
2016-08-25,116500,117500,115000,117000,463032,54.99
2016-08-26,118000,119500,117000,117500,305821,55.01
2016-08-29,118000,118500,117000,118000,216118,55.03
2016-08-30,118500,119500,117500,117500,218259,55.05
2016-08-31,118500,118500,116000,117000,390398,55.05
2016-09-01,117000,118500,115500,115500,335007,55.05
2016-09-02,116000,117000,115000,116000,412580,55.07
2016-09-05,117000,118500,116500,118000,138367,55.1
2016-09-06,118000,119000,116500,118500,210464,55.15
2016-09-07,119500,120500,117500,118500,250228,55.2
2016-09-08,118000,120000,117500,120000,304072,55.23
2016-09-09,119000,119500,116500,117500,325465,55.18
2016-09-12,117500,119500,117000,118000,285870,55.2
2016-09-13,119500,120000,116000,116500,351017,55.26
2016-09-19,114500,118000,114500,115000,535175,55.25
2016-09-20,115000,115500,114000,115000,327037,55.24
2016-09-21,115000,116500,114500,116000,318908,55.29
2016-09-22,117500,120000,117000,119000,288990,55.36
2016-09-23,119000,120000,116500,118500,272800,55.33
2016-09-26,119500,119500,117500,119000,193037,55.32
2016-09-27,119500,124000,119000,123000,387648,55.36
2016-09-28,121500,124500,121000,123500,287098,55.4
2016-09-29,125500,127500,124000,126500,333853,55.49
2016-09-30,126500,127000,124500,125000,463372,55.52
2016-10-04,127000,127500,121500,123000,465306,55.56
2016-10-05,121500,122500,120500,121500,364666,55.49
2016-10-06,121000,121500,119500,119500,264291,55.55
2016-10-07,119000,120500,118000,118500,255022,55.54
2016-10-10,120000,122000,119000,119000,190268,55.52
2016-10-11,121000,121000,118500,119500,212004,55.45
2016-10-12,120500,121500,119000,121000,291598,55.43
2016-10-13,120000,120500,117000,119000,298085,55.43
2016-10-14,119000,119000,114500,115000,511678,55.29
2016-10-17,114000,115000,111000,114000,491180,55.21
2016-10-18,113000,114500,111500,113500,428451,55.16
2016-10-19,113000,114000,111500,112000,282167,55.13
2016-10-20,111500,113000,110000,112000,252859,55.09
2016-10-21,111500,112500,110000,110500,281835,55.03
2016-10-24,111000,113500,110000,113500,350093,55.02
2016-10-25,113000,113000,107500,108500,590313,54.82
2016-10-26,107500,108500,106000,107500,649407,54.65
2016-10-27,108500,113500,108000,111000,785201,54.55
2016-10-28,111000,114000,111000,113000,410121,54.59
2016-10-31,115000,115000,112500,113000,374110,54.54
2016-11-01,113500,114000,110500,113000,238822,54.51
2016-11-02,112500,113000,110500,111000,263280,54.45
2016-11-03,111500,114500,111000,113000,386495,54.42
2016-11-04,113500,114000,112000,112500,224500,54.38
2016-11-07,112500,112500,110000,111000,370571,54.3
2016-11-08,110500,111500,109000,111500,416659,54.27
2016-11-09,112000,112500,110000,112000,275469,54.26
2016-11-10,112500,112500,108500,109000,423466,54.16
2016-11-11,107500,108500,102000,103000,741271,53.96
2016-11-14,104000,106000,103500,105000,531837,53.97
2016-11-15,105500,105500,102500,103500,459435,54.0
2016-11-16,103000,104000,102000,102000,415511,53.92
2016-11-17,101500,102500,100000,100000,415474,53.83
2016-11-18,101000,105000,100500,103500,476834,53.88
2016-11-21,104500,104500,102000,102000,290945,53.83
2016-11-22,102500,105000,102500,104000,371653,53.83
2016-11-23,103500,106000,102500,105500,416354,53.85
2016-11-24,104000,106000,104000,105000,252109,53.78
2016-11-25,105500,106000,104000,104500,165058,53.75
2016-11-28,104000,107000,104000,106000,318887,53.76
2016-11-29,106500,107500,105500,106000,256849,53.73
2016-11-30,106000,107000,105000,105000,439552,53.7
2016-12-01,104500,105000,101000,102500,460447,53.66
2016-12-02,103000,105000,103000,104000,459370,53.72
2016-12-05,104500,106500,104000,105000,259362,53.73
2016-12-06,106000,106000,104000,104500,186383,53.68
2016-12-07,104000,104500,102500,103000,226144,53.66
2016-12-08,103500,105500,103000,105000,371029,53.62
2016-12-09,104500,106000,102500,102500,313617,53.59
2016-12-12,102000,102500,100500,100500,533232,53.45
2016-12-13,100500,103500,100500,102500,374349,53.45
2016-12-14,103500,104500,103000,104000,279509,53.5
2016-12-15,103000,105000,102500,104000,261317,53.5
2016-12-16,103500,105000,102000,102000,325081,53.43
2016-12-19,102000,106000,101500,104000,348845,53.45
2016-12-20,104500,106500,104000,106000,215453,53.44
2016-12-21,107000,107500,104000,104500,245200,53.42
2016-12-22,104500,106000,104000,105000,188601,53.41
2016-12-23,105000,106000,104500,105000,146450,53.37
2016-12-26,105500,106500,104500,105500,171186,53.34
2016-12-27,106000,107000,105500,106000,289685,53.44
2016-12-28,103500,105000,102000,103000,312819,53.49
2016-12-29,102000,103000,101000,101000,275558,53.49
2017-01-02,101000,102500,101000,102000,189338,53.45
2017-01-03,101500,102000,98200,98500,553504,53.43
2017-01-04,98200,98900,97000,98400,378454,53.5
2017-01-05,100000,101500,99000,101000,465484,53.53
2017-01-06,100000,102000,99900,101500,222570,53.58
2017-01-09,101000,101500,98500,98700,319803,53.54
2017-01-10,98500,99600,98200,99500,165215,53.53
2017-01-11,99200,100500,98200,98700,260447,53.53
2017-01-12,98200,99600,97000,97000,354205,53.48
2017-01-13,97700,100500,97600,100500,240604,53.49
2017-01-16,101000,101000,99500,99700,259999,53.48
2017-01-17,99800,100500,99100,99700,236636,53.45
2017-01-18,99700,99700,98000,98100,218266,53.42
2017-01-19,99000,102000,98700,101000,489958,53.46
2017-01-20,101000,101500,99000,99000,298373,53.38
2017-01-23,99700,102000,99500,101500,363986,53.43
2017-01-24,102000,103000,101500,102500,261353,53.42
2017-01-25,102500,103000,100000,101000,207381,53.42
2017-01-26,101500,102000,100000,100500,234206,53.45
2017-01-31,100000,101500,99600,100500,343460,53.44
2017-02-01,100500,101000,99000,99600,305982,53.37
2017-02-02,98900,99300,97100,97100,532178,53.29
2017-02-03,97700,100000,97700,99800,344635,53.38
2017-02-06,101000,102500,100000,102000,298234,53.48
2017-02-07,103000,103000,101500,103000,315050,53.48
2017-02-08,102500,103000,101000,102500,338602,53.45
2017-02-09,102000,103000,101000,101000,216012,53.45
2017-02-10,102000,103000,101500,103000,291733,53.45
2017-02-13,103500,105000,102500,103500,257456,53.43
2017-02-14,104000,104000,103000,103500,219409,53.41
2017-02-15,103500,105500,103000,104000,325551,53.41
2017-02-16,104000,104500,102500,103000,252051,53.41
2017-02-17,102500,103000,101000,101000,351712,53.39
2017-02-20,101500,102000,100500,100500,251654,53.38
2017-02-21,101000,102000,100000,101000,300684,53.31
2017-02-22,100500,102000,100000,102000,238462,53.36
2017-02-23,102000,103000,101000,101500,476783,53.32
2017-02-24,101500,102500,100500,101500,342857,53.27
2017-02-27,102000,103000,101000,102500,369598,53.1
2017-02-28,102000,103000,102000,102500,418753,53.08
2017-03-02,102000,103000,100500,101000,492684,53.1
2017-03-03,101500,102500,101500,102000,449851,53.08
2017-03-06,102500,102500,101000,102000,276514,53.1
2017-03-07,101500,102000,101000,102000,259242,53.11
2017-03-08,102000,103000,101500,102000,288715,53.14
2017-03-09,102500,104000,102000,102500,544789,53.24
2017-03-10,102500,103500,101500,101500,283448,53.25
2017-03-13,102000,103500,101500,102500,262837,53.33
2017-03-14,102500,103500,101500,102000,331407,53.36
2017-03-15,102000,102500,100500,101500,222453,53.37
2017-03-16,101000,101500,96500,97000,1348685,53.08
2017-03-17,97000,97500,95100,97500,1006625,53.21
2017-03-20,97500,97800,95900,96800,419463,53.24
2017-03-21,96000,96600,95300,95500,827205,53.2
2017-03-22,95700,96400,95500,95800,771905,53.2
2017-03-23,95900,95900,94900,95600,515773,53.21
2017-03-24,95600,96400,95600,96000,457435,53.14
2017-03-27,95600,96400,95300,95900,722106,53.07
2017-03-28,96500,96900,96100,96400,630775,52.99
2017-03-29,96400,97300,96000,96600,378967,53.02
2017-03-30,97000,97500,96500,97000,498967,53.16
2017-03-31,97500,98000,97000,97500,559866,53.14
2017-04-03,98700,98800,97800,98600,339904,53.15
2017-04-04,98700,99000,98100,98600,249165,53.2
2017-04-05,99200,99500,98700,99500,452632,53.26
2017-04-06,99400,100000,98500,100000,451331,53.34
2017-04-07,100000,101500,99600,101000,668665,53.4
2017-04-10,100500,101000,98800,99900,285659,53.4
2017-04-11,100000,100500,98900,99000,299758,53.42
2017-04-12,99000,99800,98200,98700,147093,53.42
2017-04-13,98700,100500,98700,99300,393537,53.42
2017-04-14,99000,100500,99000,100000,213301,53.44
2017-04-17,99900,99900,98600,99800,227074,53.45
2017-04-18,100000,101000,99800,100000,258746,53.5
2017-04-19,100500,101000,100000,101000,249931,53.56
2017-04-20,101000,105500,100500,105000,683116,53.68
2017-04-21,104000,106500,103500,105500,577411,53.72
2017-04-24,106000,106500,105500,106000,271435,53.73
2017-04-25,107000,107500,105000,106000,291235,53.77
2017-04-26,107000,107000,103500,104500,364550,53.8
2017-04-27,104000,105500,102000,103000,585103,53.82
2017-04-28,101500,103500,101000,101500,517972,53.73
2017-05-02,102500,105500,102000,104000,444522,53.72
2017-05-04,102500,105000,102500,104000,436433,53.76
2017-05-08,103500,106000,102000,105500,588776,53.73
2017-05-10,107500,110000,106000,107500,571370,53.77
2017-05-11,108500,109500,106500,108000,418088,53.75
2017-05-12,107000,107500,105500,106000,191984,53.73
2017-05-15,106500,107000,104000,104500,222679,53.71
2017-05-16,105000,105500,103000,103500,399578,53.65
2017-05-17,104000,106000,103500,105500,316779,53.71
2017-05-18,104500,105000,101500,102500,490226,53.72
2017-05-19,102000,103000,100500,103000,455743,53.71
2017-05-22,103000,104500,101500,103500,360238,53.72
2017-05-23,104500,109000,104000,106500,622360,53.79
2017-05-24,108000,110000,107000,109500,464559,53.85
2017-05-25,109500,110000,108500,109000,320478,53.81
2017-05-26,108500,111000,108000,110500,270287,53.82
2017-05-29,110000,110500,107500,108500,276059,53.79
2017-05-30,108500,110500,108000,109500,219204,53.82
2017-05-31,110000,111500,109000,111000,382794,53.82
2017-06-01,112000,114500,111000,112500,391758,53.85
2017-06-02,114000,114500,112000,114000,406056,53.94
2017-06-05,115500,115500,113000,113000,264598,53.98
2017-06-07,112000,114000,111000,111500,393289,53.99
2017-06-08,111500,114500,110000,114500,502863,53.92
2017-06-09,115000,115000,112500,114000,260599,53.92
2017-06-12,112500,114500,112500,114500,168595,53.93
2017-06-13,115000,115500,113500,114500,134556,53.93
2017-06-14,115500,119000,114500,118000,509356,53.94
2017-06-15,117500,119500,116000,117000,453074,53.89
2017-06-16,116500,120000,116000,120000,499893,53.88
2017-06-19,119000,122000,118500,120000,261601,53.88
2017-06-20,119000,122500,118500,120500,324400,53.93
2017-06-21,119000,121000,117000,117500,345393,53.95
2017-06-22,116500,119000,116000,117000,250157,53.96
2017-06-23,117000,118500,115000,116000,254343,54.07
2017-06-26,115500,119000,115000,118500,189846,54.11
2017-06-27,118000,118500,116000,116000,153366,54.13
2017-06-28,117000,117000,114500,115000,281929,54.11
2017-06-29,115000,117000,114000,115000,220437,54.15
2017-06-30,114000,117500,114000,117000,180570,54.19
2017-07-03,117000,118000,115500,118000,146110,54.18
2017-07-04,118000,118000,114000,114500,195248,54.12
2017-07-05,113500,114000,111000,113000,490195,54.12
2017-07-06,112500,113000,111000,113000,254994,54.11
2017-07-07,112000,114000,112000,114000,151479,54.1
2017-07-10,113500,115000,113000,113500,137031,54.09
2017-07-11,113500,115000,113000,114500,276959,54.15
2017-07-12,114000,115000,113000,113000,285916,54.12
2017-07-13,114000,115000,113000,113000,315512,54.15
2017-07-14,113500,114500,113000,114000,184113,54.15
2017-07-17,114500,114500,113000,114000,215405,54.11
2017-07-18,113500,114500,113000,114500,259761,54.13
2017-07-19,114000,115000,114000,115000,250771,54.08
2017-07-20,115000,116500,114500,115500,229452,54.08
2017-07-21,115000,116000,113000,114000,341665,54.08
2017-07-24,114500,116500,114000,116000,193360,54.08
2017-07-25,116500,117500,115500,116000,188089,54.03
2017-07-26,116000,118000,116000,118000,253696,54.0
2017-07-27,118500,119500,117000,118000,236510,53.99
2017-07-28,117500,121500,117000,119500,415699,53.95
2017-07-31,118000,119500,114000,114000,481578,53.81
2017-08-01,113500,114500,112500,113500,462851,53.79
2017-08-02,114000,115000,113000,113500,260047,53.79
2017-08-03,113000,115000,113000,114000,313797,53.77
2017-08-04,113500,115000,113000,114000,260616,53.75
2017-08-07,114000,115000,112000,113500,204746,53.74
2017-08-08,113500,114000,110000,110500,385649,53.77
2017-08-09,110500,113500,110000,113000,401975,53.77
2017-08-10,113500,115500,113500,115000,381383,53.79
2017-08-11,115000,116000,114000,115500,274563,53.78
2017-08-14,114500,115500,113500,114500,189367,53.78
2017-08-16,114000,115000,113500,115000,260065,53.82
2017-08-17,115000,115500,113500,115000,150693,53.85
2017-08-18,114000,115000,113000,114000,208005,53.86
2017-08-21,114000,114500,111500,113000,298606,53.85
2017-08-22,113000,114000,111500,112000,225224,53.81
2017-08-23,112000,113000,111500,112500,360528,53.85
2017-08-24,112000,115000,112000,114000,373525,53.86
2017-08-25,113000,115000,112500,115000,307921,53.85
2017-08-28,114500,115000,114000,114000,133041,53.83
2017-08-29,114500,115000,113500,115000,178109,53.85
2017-08-30,115500,116000,114500,116000,114978,53.87
2017-08-31,114500,115500,114000,114500,203464,53.9
2017-09-01,114000,114500,112500,112500,318111,53.92
2017-09-04,113000,113500,111000,111000,170924,53.86
2017-09-05,111500,111500,109500,110000,213608,53.79
2017-09-06,110500,111000,108500,109000,157464,53.77
2017-09-07,109500,110000,108500,108500,194403,53.73
2017-09-08,108500,109000,107500,109000,419367,53.74
2017-09-11,108500,109500,106000,106000,294277,53.66
2017-09-12,106000,107500,105500,106500,458813,53.64
2017-09-13,106500,107000,103000,103500,413399,53.69
2017-09-14,102000,103000,100500,101500,900843,53.47
2017-09-15,101500,106500,101500,106000,526725,53.46
2017-09-18,105000,106000,103500,104000,213648,53.46
2017-09-19,103000,104000,101000,103000,386582,53.42
2017-09-20,103500,106500,103000,104500,280554,53.4
2017-09-21,106500,107500,104000,104500,295629,53.34
2017-09-22,105000,106000,103000,105500,387474,53.35
2017-09-25,106000,106000,102000,103000,275403,53.32
2017-09-26,104000,105500,102500,105000,303305,53.2
2017-09-27,104000,105500,104000,104500,255000,53.18
2017-09-28,103500,107000,103500,106000,342734,53.18
2017-09-29,106500,107000,104500,105500,305650,53.14
2017-10-10,103500,104000,102500,103500,611132,53.12
2017-10-11,102500,103500,102000,103000,469021,53.08
2017-10-12,103000,104500,102500,104000,362382,53.11
2017-10-13,103500,105500,103500,105500,369808,53.13
2017-10-16,105000,107000,104000,106000,428143,53.1
2017-10-17,106500,106500,105000,106000,280009,53.12
2017-10-18,106000,109000,105000,108500,412201,53.12
2017-10-19,109000,109500,107000,108500,284432,53.11
2017-10-20,109000,109500,106500,109500,553887,53.18
2017-10-23,109000,110000,107000,108000,270293,53.21
2017-10-24,107500,108000,107000,107500,165460,53.23
2017-10-25,107500,109000,107000,108000,229789,53.23
2017-10-26,107500,109000,104500,105500,574845,53.25
2017-10-27,105000,107000,105000,107000,211112,53.29
2017-10-30,106500,107000,104500,107000,396571,53.35
2017-10-31,106000,106500,105500,106000,462552,53.37
2017-11-01,105000,106000,104500,105500,557493,53.38
2017-11-02,105000,106500,105000,106000,302720,53.47
2017-11-03,106000,107000,105500,107000,207103,53.47
2017-11-06,107500,112000,107500,111000,665246,53.48
2017-11-07,110000,114500,110000,113000,646642,53.43
2017-11-08,114500,116000,112500,116000,580539,53.48
2017-11-09,115000,117000,112500,117000,589794,53.49
2017-11-10,116000,116000,111500,112500,363186,53.42
2017-11-13,111500,114500,111000,114000,267103,53.39
2017-11-14,113500,117500,113000,117000,428825,53.35
2017-11-15,116500,118500,115500,117500,300571,53.32
2017-11-16,117000,117500,114000,116000,255468,53.32
2017-11-17,115000,118500,115000,116000,422177,53.32
2017-11-20,117000,118500,115500,117500,258732,53.31
2017-11-21,117000,118500,116000,117500,238452,53.26
2017-11-22,117500,120000,117500,118500,278266,53.22
2017-11-23,118000,121000,117500,120500,365265,53.22
2017-11-24,120000,121500,119000,121500,157948,53.24
2017-11-27,121500,126500,121000,125000,330538,53.24
2017-11-28,124500,125500,121500,122500,425515,53.27
2017-11-29,123500,124000,121000,124000,272170,53.25
2017-11-30,122000,124500,121500,122000,532946,53.24
2017-12-01,121500,122000,119500,121000,287655,53.17
2017-12-04,121000,122500,120500,122500,209672,53.23
2017-12-05,121500,122500,117500,120500,420063,53.22
2017-12-06,121000,121500,118000,118500,358746,53.25
2017-12-07,117000,118500,116500,118500,323815,53.17
2017-12-08,117500,118500,115000,116000,515952,53.21
2017-12-11,117000,119500,115500,119500,267911,53.24
2017-12-12,118000,119000,117000,118000,291203,53.23
2017-12-13,117500,120000,117500,119500,249573,53.2
2017-12-14,120000,121000,118500,120000,541901,53.25
2017-12-15,120000,120500,118000,120000,259747,53.25
2017-12-18,121000,121500,119500,121000,139085,53.27
2017-12-19,121000,121500,119500,121000,181349,53.28
2017-12-20,121000,122000,120000,121500,186489,53.26
2017-12-21,121000,122500,120000,120500,211680,53.2
2017-12-22,120500,121000,119000,120000,230447,53.19
2017-12-26,120500,121000,119000,119500,275948,53.04
2017-12-27,115000,116500,114000,115000,365780,53.12
2017-12-28,115500,115500,113000,115500,203544,53.16
2018-01-02,115000,115500,114000,115000,171525,53.22
2018-01-03,113500,115000,111000,111500,358205,53.27
2018-01-04,112500,113500,111500,112000,279088,53.43
2018-01-05,112000,112000,108000,109000,417234,53.5
2018-01-08,110000,110000,107500,108500,199323,53.49
2018-01-09,108000,109000,107000,108000,344579,53.52
2018-01-10,107500,108500,105000,105500,472747,53.52
2018-01-11,105500,106500,105000,105500,414140,53.43
2018-01-12,106500,107000,105500,106500,399555,53.53
2018-01-15,107500,108000,106500,107500,359141,53.48
2018-01-16,107000,107500,105500,106000,364851,53.47
2018-01-17,106000,107500,106000,107000,263826,53.49
2018-01-18,106000,107000,106000,106500,358126,53.51
2018-01-19,106500,107000,106000,106500,251484,53.5
2018-01-22,107000,108500,106500,107500,383737,53.46
2018-01-23,108500,111000,108000,109000,389561,53.46
2018-01-24,110500,112500,110000,111000,309361,53.47
2018-01-25,112500,113000,109000,109500,279471,53.48
2018-01-26,109000,110500,108500,109000,188186,53.45
2018-01-29,109000,109500,108000,108500,230605,53.43
2018-01-30,108000,109000,107500,107500,253322,53.4
2018-01-31,107500,108000,105500,106500,515714,53.34
2018-02-01,107000,108000,106500,107500,274310,53.33
2018-02-02,107000,107000,104500,105000,495432,53.22
2018-02-05,104500,105000,103500,104000,402158,53.22
2018-02-06,103500,105500,102500,104000,618957,53.27
2018-02-07,103500,104500,103000,103000,432658,53.31
2018-02-08,103000,103500,100000,100000,820590,53.25
2018-02-09,98800,99800,98400,99300,766537,53.21
2018-02-12,100500,103500,100000,103000,449164,53.26
2018-02-13,102500,104000,102000,103000,350312,53.31
2018-02-14,104000,104000,100500,101500,252899,53.26
2018-02-19,102000,102500,100000,100500,273448,53.21
2018-02-20,100000,101000,99800,99900,335057,53.21
2018-02-21,100000,102500,99900,101500,482185,53.17
2018-02-22,101500,103500,101000,103000,283950,53.17
2018-02-23,103500,103500,102000,103500,221917,53.15
2018-02-26,101500,101500,100000,100500,577245,53.11
2018-02-27,100500,101500,100000,100500,325437,53.11
2018-02-28,100000,100500,99600,99800,466004,53.13
2018-03-02,100000,100500,98300,98500,452106,53.12
2018-03-05,98900,99400,97400,97500,353721,53.15
2018-03-06,97900,98600,97900,98200,226085,53.14
2018-03-07,98000,98500,97100,97600,278718,53.18
2018-03-08,97200,98300,96900,97000,540224,53.23
2018-03-09,97000,98800,96900,98500,284343,53.22
2018-03-12,99000,99200,98200,98600,257206,53.19
2018-03-13,98000,99000,97500,99000,350135,53.19
2018-03-14,98100,99700,98100,99300,271381,53.17
2018-03-15,99400,99500,98400,99000,228890,53.15
2018-03-16,99100,101500,99100,101000,418798,53.13
2018-03-19,101000,101500,98700,99400,272039,53.07
2018-03-20,99400,100500,99000,99700,252716,53.1
2018-03-21,99200,101000,99200,101000,240701,53.13
2018-03-22,101500,102000,98900,99300,528967,53.1
2018-03-23,98800,99300,98100,98700,358378,53.2
2018-03-26,98200,98800,97400,98500,200546,53.23
2018-03-27,98300,99500,98000,98500,209941,53.26
2018-03-28,97800,99100,97600,99100,235636,53.27
2018-03-29,99000,101500,98500,100000,347985,53.31
2018-03-30,101000,101000,99600,100000,223015,53.32
2018-04-02,99900,101500,99900,100500,241467,53.35
2018-04-03,101000,102500,100500,101000,432454,53.36
2018-04-04,101000,102000,99500,99900,269429,53.36
2018-04-05,99200,100500,98500,98800,340576,53.25
2018-04-06,99200,100500,98800,100500,342406,53.37
2018-04-09,100500,101500,99700,101500,208266,53.39
2018-04-10,101000,102000,100500,101500,223606,53.4
2018-04-11,101000,101500,100000,101000,263126,53.42
2018-04-12,100500,101000,98900,99400,390847,53.4
2018-04-13,99100,99700,99000,99500,271834,53.41
2018-04-16,99500,99600,98400,99100,293105,53.46
2018-04-17,98800,99300,98500,99100,240314,53.47
2018-04-18,99600,100500,99000,100500,257233,53.53
2018-04-19,99900,100500,99600,100500,199995,53.56
2018-04-20,99700,100000,99000,99300,420212,53.55
2018-04-23,98700,99300,98000,98500,293180,53.5
2018-04-24,98300,98500,97600,98000,224971,53.46
2018-04-25,98600,98600,97200,97700,193724,53.45
2018-04-26,98000,98900,97400,97900,192807,53.5
2018-04-27,97600,98600,97600,98200,184798,53.52
2018-04-30,98400,98500,97600,97800,162026,53.54
2018-05-02,97800,97900,97100,97400,220107,53.49
2018-05-03,97500,99200,97100,98400,212983,53.5
2018-05-04,98300,98500,97600,97600,167454,53.53
2018-05-08,97200,98000,96700,97000,263400,53.5
2018-05-09,96600,97700,96100,96100,277762,53.4
2018-05-10,96100,100500,96000,100500,522158,53.43
2018-05-11,99500,100500,99300,100000,205990,53.45
2018-05-14,100500,101500,100000,100500,220381,53.47
2018-05-15,99900,100500,98500,98500,235608,53.42
2018-05-16,98400,99500,98300,99200,212712,53.38
2018-05-17,99000,99900,98600,99200,235035,53.35
2018-05-18,99000,99900,98800,99600,175519,53.34
2018-05-21,99900,100500,99200,99600,153338,53.36
2018-05-23,98900,100500,98500,100000,264719,53.38
2018-05-24,100000,100500,99300,99800,219621,53.38
2018-05-25,99800,100000,98600,99200,205699,53.38
2018-05-28,99700,99800,98600,99100,120607,53.4
2018-05-29,98800,99300,98300,98400,182878,53.39
2018-05-30,97500,98200,96100,96700,396795,53.33
2018-05-31,96100,97200,95600,96000,620925,53.31
2018-06-01,95600,97400,95600,96500,290943,53.27
2018-06-04,96200,96400,95500,96000,297886,53.23
2018-06-05,96000,97500,95900,97200,210104,53.27
2018-06-07,96500,98700,96500,98600,338344,53.25
2018-06-08,98600,98800,97100,98400,235483,53.26
2018-06-11,98300,99400,97600,99000,320171,53.21
2018-06-12,99500,100000,98500,99500,231340,53.21
2018-06-14,100000,103000,99600,102500,700299,53.3
2018-06-15,102500,103000,99900,100500,406458,53.18
2018-06-18,101000,105500,101000,104500,637827,53.27
2018-06-19,103500,105000,102500,103000,362920,53.26
2018-06-20,103000,104500,101500,103000,224930,53.27
2018-06-21,101500,102500,100500,102000,393206,53.26
2018-06-22,100500,105000,100000,104000,403403,53.27
2018-06-25,103000,104500,102000,103500,196037,53.25
2018-06-26,104000,105000,102500,103500,262786,53.25
2018-06-27,104500,105500,103500,104500,330946,53.26
2018-06-28,104500,106000,104000,105000,313669,53.23
2018-06-29,104500,107000,104500,107000,366095,53.32
2018-07-02,106500,107500,105000,107000,397639,53.39
2018-07-03,107500,109000,106000,107500,474456,53.46
2018-07-04,106500,108000,105500,106000,219481,53.49
2018-07-05,107000,107500,105000,106000,201487,53.54
2018-07-06,107500,108000,106000,107500,316328,53.55
2018-07-09,107000,109000,106500,108000,315485,53.58
2018-07-10,107500,108000,106000,108000,294443,53.64
2018-07-11,106500,108000,105000,106500,311985,53.64
2018-07-12,106500,108000,106000,107000,308131,53.65
2018-07-13,107500,109000,107000,108500,222379,53.72
2018-07-16,108000,110500,108000,110000,228190,53.76
2018-07-17,109500,110500,108500,109500,282541,53.74
2018-07-18,109000,109500,106500,107500,214817,53.77
2018-07-19,107500,108000,105500,108000,223279,53.79
2018-07-20,109500,109500,108000,109000,176611,53.81
2018-07-23,109500,109500,108000,109500,209647,53.83
2018-07-24,109500,110000,108500,109500,181954,53.86
2018-07-25,109500,109500,108500,109500,165991,53.87
2018-07-26,109500,110000,108500,109000,107026,53.87
2018-07-27,109500,109500,106500,107500,138820,53.89
2018-07-30,107500,109500,107000,109500,145719,53.93
2018-07-31,110000,110500,109000,110500,180417,53.97
2018-08-01,110500,110500,105500,106500,332056,54.0
2018-08-02,105500,106000,102000,104000,330991,54.0
2018-08-03,102500,104000,102000,104000,192819,54.02
2018-08-06,104000,106000,103500,105500,139087,54.03
2018-08-07,105000,107500,105000,106000,219821,54.04
2018-08-08,105500,106500,105000,105500,152899,54.05
2018-08-09,105500,109500,105500,109500,282628,54.09
2018-08-10,109000,109000,107500,108000,180931,54.05
2018-08-13,108000,109000,107000,108000,119974,54.03
2018-08-14,108000,109000,106500,107000,253264,53.99
2018-08-16,106000,106500,104000,105500,376804,53.97
2018-08-17,106000,106500,104500,105000,218944,53.98
2018-08-20,106000,106500,105000,105000,187878,54.0
2018-08-21,105000,105000,104000,105000,172620,54.04
2018-08-22,104500,105500,104000,104500,202298,54.06
2018-08-23,105000,106000,104000,105000,194588,54.06
2018-08-24,104500,105000,103500,104000,228616,54.03
2018-08-27,104000,104500,103000,103500,140875,54.05
2018-08-28,103500,104000,103000,103500,213451,54.04
2018-08-29,103000,103000,99600,100000,432978,53.94
2018-08-30,99900,100500,99200,99600,221734,53.91
2018-08-31,99600,101000,99500,101000,227816,53.94
2018-09-03,100500,101500,100000,101500,148916,53.98
2018-09-04,100500,101000,99600,100500,185013,53.98
2018-09-05,99900,101000,99600,99600,209994,53.99
2018-09-06,100000,101500,99800,99800,199426,54.0
2018-09-07,100500,101500,100000,101000,257360,53.99
2018-09-10,100500,101500,100500,101500,147524,54.0
2018-09-11,101000,102500,100500,102500,147906,54.0
2018-09-12,102500,102500,102000,102500,174770,53.99
2018-09-13,103000,103000,102000,102500,184526,53.99
2018-09-14,103000,103500,102500,103500,153301,54.0
2018-09-17,103000,103500,101000,101000,134668,54.0
2018-09-18,100500,103000,100500,102500,189589,54.01
2018-09-19,102000,103500,101500,103500,139244,54.03
2018-09-20,103000,104000,102500,103000,227105,54.07
2018-09-21,104000,105500,103000,105500,243961,54.11
2018-09-27,107000,107000,103000,104000,380345,54.14
2018-09-28,104500,105000,103000,104000,226512,54.08
2018-10-01,103500,104500,101500,102500,219541,54.08
2018-10-02,102000,103000,100500,100500,305678,54.03
2018-10-04,100500,101500,99900,100000,281300,53.96
2018-10-05,99900,101500,99100,101000,233003,53.91
2018-10-08,101000,101000,100000,100500,113106,53.88
2018-10-10,100500,102500,100000,102500,337957,53.85
2018-10-11,101000,103000,99400,99400,633446,53.71
2018-10-12,100500,100500,96300,96300,745547,53.45
2018-10-15,96700,99400,95800,98600,343819,53.49
2018-10-16,100000,100000,98300,98600,208055,53.51
2018-10-17,99600,99900,98900,99400,228033,53.52
2018-10-18,99200,99900,98800,99300,196380,53.5
2018-10-19,98800,102000,98800,100000,325129,53.47
2018-10-22,100000,102000,99900,101500,216735,53.45
2018-10-23,100500,101500,99300,100000,169756,53.42
2018-10-24,100000,101500,99800,100500,359843,53.36
2018-10-25,100000,102000,99600,102000,471885,53.34
2018-10-26,101500,102000,98900,99300,385275,53.34
2018-10-29,99400,101500,99400,100000,461266,53.28
2018-10-30,100500,102500,99000,101000,542798,53.22
2018-10-31,100000,102000,99700,101500,322354,53.28
2018-11-01,100500,101500,99600,99700,310115,53.28
2018-11-02,99700,99700,97100,97800,542011,53.14
2018-11-05,97600,98500,97000,97500,342481,53.15
2018-11-06,97800,99100,97200,99100,246448,53.18
2018-11-07,98500,99900,98500,99600,322511,53.16
2018-11-08,100000,101000,99800,100500,302873,53.21
2018-11-09,100500,101500,100000,100500,173598,53.23
2018-11-12,100500,102000,100000,102000,369441,53.21
2018-11-13,101000,102000,100500,101000,218092,53.16
2018-11-14,101000,102000,101000,102000,119351,53.15
2018-11-15,101000,102000,100000,100500,187527,53.11
2018-11-16,100500,101000,100000,100500,159874,53.1
2018-11-19,100000,101000,99800,100000,207416,53.04
2018-11-20,100500,101500,100000,101000,252717,52.99
2018-11-21,100500,101000,99100,100000,349283,52.87
2018-11-22,99900,102500,99800,101500,274879,52.83
2018-11-23,101500,102000,100500,101000,173282,52.76
2018-11-26,102000,103000,101500,102500,229290,52.7
2018-11-27,102500,106500,102500,105000,446510,52.64
2018-11-28,105000,106500,104000,105500,279333,52.59
2018-11-29,106500,107500,105000,105500,241541,52.57
2018-11-30,105500,106500,103500,104000,347022,52.49
2018-12-03,104500,106000,103000,103500,223302,52.44
2018-12-04,103500,106000,103500,105000,225967,52.44
2018-12-05,105000,109000,105000,107500,296836,52.45
2018-12-06,108000,109500,106500,108000,246589,52.38
2018-12-07,107500,108500,106500,108000,175666,52.35
2018-12-10,107500,109500,106000,109000,348500,52.23
2018-12-11,108000,108500,107000,107500,215895,52.16
2018-12-12,108000,109000,106500,107000,278482,52.1
2018-12-13,107000,109000,107000,109000,446278,52.15
2018-12-14,108500,109500,108000,108500,240893,52.12
2018-12-17,109000,109000,107000,107000,238746,52.07
2018-12-18,106500,107000,103000,105500,514092,52.02
2018-12-19,106000,107500,105500,106500,252143,52.01
2018-12-20,105500,108500,104500,108000,261314,52.03
2018-12-21,108500,108500,105500,108000,349527,51.98
2018-12-24,107000,107500,105500,107000,276269,51.93
2018-12-26,106000,107000,103500,105500,451325,51.76
2018-12-27,101500,102000,100500,101500,371484,51.8
2018-12-28,101500,102500,100500,101500,290632,51.82
2019-01-02,100500,101000,97000,97600,450182,51.74
2019-01-03,97200,99400,96600,98800,426415,51.7
2019-01-04,99300,101500,97800,100500,371953,51.74
2019-01-07,101500,101500,99100,100000,255852,51.7
2019-01-08,100500,101500,98700,101000,274665,51.71
2019-01-09,101500,103000,101000,102000,266888,51.76
2019-01-10,102000,102500,100500,101500,240083,51.81
2019-01-11,102500,103000,101500,102500,225079,51.85
2019-01-14,102000,102500,101500,102000,192629,51.84
2019-01-15,101500,102500,100000,100500,284577,51.82
2019-01-16,100000,101500,99800,100500,238071,51.84
2019-01-17,100000,101500,100000,101500,208460,51.91
2019-01-18,101000,103000,100500,102000,194036,51.96
2019-01-21,103000,103000,100500,101000,149140,51.97
2019-01-22,100500,101500,100500,101500,164844,51.98
2019-01-23,102500,103500,101500,102500,255066,52.0
2019-01-24,101500,103500,101000,103000,351771,52.02
2019-01-25,101500,102500,100500,101000,340319,51.93
2019-01-28,100000,100500,99200,99600,344101,51.87
2019-01-29,100000,100000,99500,99600,334864,51.87
2019-01-30,100000,100500,99500,99800,269377,51.82
2019-01-31,100000,100500,99100,99100,384678,51.8
2019-02-01,100000,100000,98500,98900,333834,51.8
2019-02-07,99200,99800,98500,98500,309799,51.79
2019-02-08,99200,99400,98500,98600,250757,51.75
2019-02-11,99100,99100,98300,98400,261146,51.72
2019-02-12,98700,98700,97800,97900,251522,51.68
2019-02-13,98000,99100,97700,99100,328073,51.66
2019-02-14,98400,99500,97900,99500,344089,51.64
2019-02-15,98900,99700,98700,99300,209194,51.63
2019-02-18,99400,99800,98800,99700,173780,51.65
2019-02-19,99400,99600,98600,98900,163067,51.65
2019-02-20,98900,99500,98300,99500,239016,51.68
2019-02-21,99600,101500,99000,101000,438017,51.71
2019-02-22,101500,102500,100500,102000,337226,51.75
2019-02-25,102500,103000,101000,102500,258726,51.74
2019-02-26,102000,102500,100500,101000,236084,51.74
2019-02-27,101500,105000,100500,104000,384521,51.75
2019-02-28,104500,107000,103500,105500,532573,51.71
2019-03-04,108500,109000,106000,106500,450740,51.74
2019-03-05,106000,106500,105000,106000,287751,51.76
2019-03-06,106500,108000,105000,107000,246525,51.79
2019-03-07,107000,108000,106000,107500,307626,51.84
2019-03-08,105500,107000,105000,107000,373114,51.92
2019-03-11,108000,109500,106500,109500,323426,52.0
2019-03-12,109000,109000,104500,105500,448192,52.01
2019-03-13,103000,106500,103000,106500,335669,52.05
2019-03-14,104500,106500,103500,105500,529199,52.17
2019-03-15,105000,108000,105000,107000,373473,52.17
2019-03-18,107500,109000,107000,109000,151373,52.18
2019-03-19,109000,109500,107000,108000,267401,52.21
2019-03-20,107500,108500,105500,107500,238489,52.25
2019-03-21,106500,107000,104500,105500,343007,52.35
2019-03-22,104500,106000,104500,106000,231021,52.44
2019-03-25,106000,107000,104000,105000,230670,52.46
2019-03-26,106000,108000,105000,107500,229381,52.49
2019-03-27,107000,107500,105000,106500,223859,52.52
2019-03-28,104500,106500,104500,106000,173051,52.54
2019-03-29,105000,106000,103000,103500,319292,52.54
2019-04-01,104500,106000,104000,105000,172720,52.57
2019-04-02,104500,105000,104000,105000,155921,52.61
2019-04-03,104500,105000,103500,104500,227044,52.61
2019-04-04,104500,105000,103000,103500,226770,52.6
2019-04-05,103500,104500,103000,104000,126250,52.6
2019-04-08,104000,105000,103000,103500,240132,52.64
2019-04-09,103500,104000,102000,102000,216458,52.63
2019-04-10,101500,102500,101500,102500,222076,52.6
2019-04-11,102000,102500,100000,101000,480951,52.55
2019-04-12,101000,101500,100500,101000,176474,52.53
2019-04-15,101000,102000,101000,101000,170119,52.5
2019-04-16,101000,105000,101000,104000,349941,52.52
2019-04-17,103500,103500,102000,102500,209490,52.46
2019-04-18,103000,103000,101500,102000,196338,52.42
2019-04-19,101500,102000,101000,101500,120893,52.39
2019-04-22,101000,102000,100500,102000,160506,52.34
2019-04-23,102000,102000,101000,101500,199247,52.32
2019-04-24,101500,103000,101500,102000,279457,52.28
2019-04-25,101500,103000,101500,102000,137065,52.25
2019-04-26,102000,102500,101000,102000,285857,52.2
2019-04-29,102000,102500,101500,102500,137984,52.16
2019-04-30,102000,103500,101500,102000,285969,52.1
2019-05-02,101000,101500,100500,100500,337061,51.95
2019-05-03,100500,101500,100000,100500,184408,51.97
2019-05-07,100000,100500,100000,100000,268065,51.92
2019-05-08,100000,101000,99900,100500,202427,51.88
2019-05-09,100500,101500,98300,98300,533209,51.79
2019-05-10,99000,101500,98900,101000,491541,51.72
2019-05-13,100500,101500,100000,100000,175103,51.68
2019-05-14,100000,101000,99300,99300,361379,51.6
2019-05-15,100000,100500,98800,100000,224028,51.59
2019-05-16,99500,100500,99100,99500,294312,51.57
2019-05-17,100000,101000,99300,100000,189348,51.57
2019-05-20,100500,103000,100000,103000,311948,51.59
2019-05-21,103000,104500,102000,103500,325766,51.6
2019-05-22,102500,103000,100500,101000,333240,51.6
2019-05-23,100500,102000,100000,102000,232365,51.65
2019-05-24,101500,102500,101000,101500,154803,51.63
2019-05-27,101500,101500,99200,100000,225518,51.59
2019-05-28,100000,100500,98700,99400,721397,51.49
2019-05-29,99500,99900,98000,98500,258276,51.42
2019-05-30,99100,99900,98500,99900,220587,51.41
2019-05-31,100000,101000,99100,101000,222705,51.44
2019-06-03,100000,100500,99300,100500,244881,51.45
2019-06-04,100500,101000,99700,99700,204596,51.45
2019-06-05,100500,101000,99500,100500,186300,51.45
2019-06-07,101000,101500,100000,101000,221946,51.47
2019-06-10,101500,102000,100500,101000,253021,51.47
2019-06-11,101000,101500,100500,100500,211755,51.45
2019-06-12,100500,101500,100000,100500,255638,51.43
2019-06-13,100500,101000,99700,101000,359589,51.43
2019-06-14,100500,101000,100000,100500,220022,51.45
2019-06-17,100500,101000,100000,100500,231041,51.45
2019-06-18,100500,101000,100000,100500,192481,51.41
2019-06-19,100500,101000,100000,100500,170191,51.39
2019-06-20,100500,100500,99600,99900,191391,51.36
2019-06-21,99700,100000,99400,99400,320241,51.31
2019-06-24,99800,100000,99200,99400,142055,51.28
2019-06-25,99400,99700,99200,99300,171420,51.25
2019-06-26,99300,99900,99100,99200,248397,51.23
2019-06-27,99000,99300,98600,98900,268815,51.2
2019-06-28,98600,99200,98500,98500,259365,51.14
2019-07-01,99000,99000,98100,98200,214120,51.08
2019-07-02,98000,98700,97900,98000,147116,51.03
2019-07-03,98000,98700,97700,98200,207979,50.99
2019-07-04,97600,98400,97000,98200,328457,50.85
2019-07-05,98400,99400,98000,99000,168489,50.84
2019-07-08,99000,99000,98000,98500,172782,50.83
2019-07-09,99200,99200,97700,97700,186024,50.83
2019-07-10,98400,98400,97600,97700,188081,50.83
2019-07-11,97500,99000,97400,98000,305239,50.83
2019-07-12,97800,99300,97700,99200,317433,50.82
2019-07-15,99100,99700,98500,98500,164618,50.81
2019-07-16,98200,98900,98000,98500,251986,50.77
2019-07-17,98800,98900,98200,98800,315001,50.77
2019-07-18,98400,98600,98000,98000,218699,50.73
2019-07-19,98000,99400,98000,98900,299543,50.72
2019-07-22,98500,99100,98300,98800,192909,50.73
2019-07-23,98500,99500,98500,99000,250049,50.72
2019-07-24,98600,99100,98300,98300,199910,50.69
2019-07-25,98300,98500,97700,98100,282429,50.63
2019-07-26,97400,98100,96800,96800,346136,50.51
2019-07-29,97100,97900,96800,96800,205338,50.49
2019-07-30,97500,97500,96600,96800,181231,50.47
2019-07-31,96500,97000,96300,96300,294883,50.42
2019-08-01,96200,97300,95300,96500,218103,50.34
2019-08-02,95600,97000,95400,95800,290918,50.26
2019-08-05,95700,97300,95500,96500,370408,50.2
2019-08-06,96300,96600,95400,96000,403636,50.1
2019-08-07,96800,99000,96000,96400,719093,50.04
2019-08-08,97400,98800,97300,97700,648919,50.09
2019-08-09,97700,100000,97700,99600,530965,50.15
2019-08-12,100000,100500,99800,100000,273841,50.19
2019-08-13,100000,102000,99800,102000,465977,50.33
2019-08-14,102500,102500,100500,100500,352418,50.34
2019-08-16,101000,102500,100500,101500,410474,50.39
2019-08-19,102000,102500,100500,101500,204748,50.38
2019-08-20,102000,103500,101500,101500,273237,50.4
2019-08-21,101500,103000,101500,102000,240763,50.37
2019-08-22,102000,103000,101000,101000,330651,50.34
2019-08-23,101500,102500,101000,101500,225040,50.35
2019-08-26,101000,102500,101000,101000,206719,50.33
2019-08-27,101500,102500,101000,101000,361185,50.28
2019-08-28,101500,102000,100500,101500,248260,50.3
2019-08-29,101500,103500,101500,103500,257927,50.37
2019-08-30,104000,104000,101500,102000,440050,50.36
2019-09-02,101500,103000,101500,102500,139993,50.38
2019-09-03,102500,103000,100500,100500,240480,50.31
2019-09-04,100500,102000,100500,101500,268724,50.29
2019-09-05,101000,102000,100500,101500,350802,50.29
2019-09-06,101000,102000,101000,101500,205782,50.29
2019-09-09,101500,102500,101000,102500,191743,50.36
2019-09-10,102500,103000,101500,102000,235460,50.34
2019-09-11,102500,103000,101500,101500,410007,50.26
2019-09-16,102000,102500,101500,102500,270877,50.3
2019-09-17,102000,103500,102000,103000,220774,50.36
2019-09-18,103500,104000,102500,103000,109269,50.35
2019-09-19,103000,103000,102000,102500,192769,50.35
2019-09-20,102500,103500,102500,103500,236453,50.35
2019-09-23,103500,105000,103000,104000,234446,50.39
2019-09-24,104500,105500,104000,104000,344902,50.39
2019-09-25,104500,106000,104000,104500,237791,50.38
2019-09-26,105000,105500,104500,105000,167435,50.37
2019-09-27,105000,105500,104000,104500,173040,50.32
2019-09-30,105000,105500,104000,105500,172361,50.34
2019-10-01,105000,106000,104500,106000,152144,50.34
2019-10-02,106000,106500,103500,103500,305396,50.36
2019-10-04,103000,104000,103000,103000,175727,50.35
2019-10-07,103500,104000,103000,103000,101698,50.34
2019-10-08,104000,104000,101000,102000,294576,50.27
2019-10-10,100500,102500,100000,101000,419507,50.25
2019-10-11,102000,104000,101500,102500,184996,50.27
2019-10-14,103500,104000,102000,102500,127728,50.24
2019-10-15,102500,103000,101500,103000,224413,50.22
2019-10-16,103000,104000,102500,103000,182668,50.24
2019-10-17,103000,104000,103000,103500,139333,50.23
2019-10-18,103500,104000,102500,103000,167143,50.17
2019-10-21,103500,104000,103000,103500,150859,50.18
2019-10-22,103500,104000,103500,104000,173549,50.16
2019-10-23,104000,104500,103500,104000,229571,50.16
2019-10-24,103500,104500,103500,104000,227998,50.19
2019-10-25,103500,104500,103500,104000,173391,50.2
2019-10-28,104500,105000,102000,102000,215157,50.18
2019-10-29,102000,103000,101500,101500,221704,50.16
2019-10-30,102500,102500,101000,101500,146453,50.09
2019-10-31,101500,102000,100000,100000,308558,50.02
2019-11-01,100000,101000,100000,101000,122837,50.02
2019-11-04,101000,102000,101000,102000,191010,49.98
2019-11-05,102000,102000,99900,100500,367540,49.9
2019-11-06,100000,101000,99400,99700,390038,49.81
2019-11-07,99700,100500,99500,99700,387933,49.69
2019-11-08,99800,100000,99400,99400,399871,49.55
2019-11-11,99600,100500,99600,99800,393466,49.47
2019-11-12,100500,100500,99800,100500,210583,49.46
2019-11-13,100500,100500,100000,100500,237854,49.49
2019-11-14,100000,100500,99300,99500,468289,49.37
2019-11-15,99700,100500,99300,99500,324468,49.27
2019-11-18,99600,99600,98700,99100,329301,49.21
2019-11-19,98900,99600,98800,98900,349812,49.14
2019-11-20,98900,99600,98700,98900,435558,49.11
2019-11-21,98600,99100,98200,98200,428039,48.99
2019-11-22,98200,98600,97800,98100,289711,48.93
2019-11-25,98100,99000,97500,97700,373422,48.84
2019-11-26,97800,98400,97600,97600,860857,48.72
2019-11-27,97900,98500,97700,97900,285721,48.68
2019-11-28,98000,98800,97900,98700,235210,48.65
2019-11-29,98800,99100,97700,97800,313425,48.56
2019-12-02,98000,98000,97400,97500,258524,48.48
2019-12-03,97400,97700,96800,97200,232757,48.42
2019-12-04,95200,96600,95000,96300,4224319,47.86
2019-12-05,96300,97100,95700,95700,601209,47.76
2019-12-06,96100,96200,95000,95200,453314,47.59
2019-12-09,95300,96300,95300,95500,468178,47.45
2019-12-10,95300,95900,95300,95600,305031,47.29
2019-12-11,95600,95800,94500,95300,493920,47.12
2019-12-12,95200,96400,95200,95900,741202,47.02
2019-12-13,95900,96300,95500,95800,402991,46.86
2019-12-16,95900,96300,95800,96000,302445,46.73
2019-12-17,95800,96500,95700,96300,500650,46.54
2019-12-18,96500,97400,96400,97000,843695,46.52
2019-12-19,97100,97400,96600,97300,346934,46.52
2019-12-20,97500,97600,96800,96900,394604,46.39
2019-12-23,96900,97400,96800,97200,231743,46.28
2019-12-24,97100,97600,97100,97400,305867,46.14
2019-12-26,97700,97700,96900,97600,639027,45.91
2019-12-27,94200,94800,94000,94300,651026,45.8
2019-12-30,94300,94600,93700,93800,339329,45.74
2020-01-02,93800,93900,92400,92500,448511,45.75
2020-01-03,92500,93200,92500,92500,336531,45.76
2020-01-06,92500,93100,92400,92700,264302,45.8
2020-01-07,92600,93300,92600,93000,242956,45.77
2020-01-08,92300,92500,91200,91800,442766,45.81
2020-01-09,91700,93200,91700,92700,554409,45.78
2020-01-10,92600,94800,92600,94700,451873,45.89
2020-01-13,94200,94700,93800,94100,321542,45.91
2020-01-14,94000,94300,93200,94100,349378,45.94
2020-01-15,93600,94300,93500,94100,231117,45.98
2020-01-16,93800,94300,93600,94300,326555,45.98
2020-01-17,93900,94700,93800,94000,352455,46.02
2020-01-20,93600,94000,92900,93000,276530,46.02
2020-01-21,93200,94300,93000,93700,288371,46.09
2020-01-22,93900,94000,93300,93600,402116,46.15
2020-01-23,93400,93600,92800,93500,448081,46.23
2020-01-28,94000,94000,92700,93200,621703,46.4
2020-01-29,93200,98100,93200,95100,1675200,46.58
2020-01-30,95500,96100,93900,93900,591846,46.56
2020-01-31,94500,95600,93500,95100,663957,46.6
2020-02-03,94800,94900,92900,93400,541366,46.53
2020-02-04,92900,93400,91000,91600,741095,46.38
2020-02-05,91900,93100,91400,92700,477687,46.42
2020-02-06,93300,93500,92800,92900,388956,46.46
2020-02-07,92900,93700,92300,93700,371957,46.5
2020-02-10,92800,93000,92500,92700,228048,46.49
2020-02-11,92700,93400,92600,93000,261834,46.5
2020-02-12,93200,93500,92600,93100,260060,46.51
2020-02-13,92900,93100,92000,92200,543872,46.54
2020-02-14,91600,92000,90300,90400,774541,46.41
2020-02-17,90800,91100,90300,90300,259581,46.42
2020-02-18,90300,90300,88600,89300,503239,46.45
2020-02-19,89600,89600,87500,88000,447883,46.4
2020-02-20,88000,88400,86100,86300,495625,46.4
2020-02-21,85800,86200,85000,85500,353874,46.39
2020-02-24,84000,85400,83500,83700,642941,46.38
2020-02-25,83700,84800,82700,83900,541303,46.39
2020-02-26,83000,83900,82700,83100,492014,46.34
2020-02-27,82800,87800,82800,86200,866272,46.26
2020-02-28,85600,86000,83900,84700,638713,46.18
2020-03-02,85300,86600,84000,85400,532351,46.18
2020-03-03,85400,86400,84800,84900,434828,46.18
2020-03-04,80100,84000,79100,81500,2017991,46.57
2020-03-05,81800,82700,81400,82500,1079846,46.77
2020-03-06,81900,83000,81300,82100,624965,46.86
2020-03-09,81400,82900,81300,81700,502685,46.89
2020-03-10,81800,82600,81500,82300,591797,46.86
2020-03-11,81600,82500,81500,82200,512704,46.93
2020-03-12,81000,81700,78400,79500,1239210,46.98
2020-03-13,75000,81100,74000,79100,1050183,47.14
2020-03-16,79500,80900,75600,79300,619412,47.2
2020-03-17,78500,79200,76500,77500,569943,47.24
2020-03-18,76600,77200,75100,75500,705583,47.26
2020-03-19,74500,75800,68600,69100,881642,47.31
2020-03-20,69800,71600,66400,67900,900538,47.3
2020-03-23,65200,65700,63000,63600,600618,47.36
2020-03-24,63600,67700,63400,67700,705417,47.3
2020-03-25,69200,72100,68500,72100,657557,47.3
2020-03-26,71000,75700,70500,72200,684372,47.3
2020-03-27,74300,75400,72600,74500,633524,47.38
2020-03-30,73900,74500,71500,73400,432977,47.35
2020-03-31,73500,74700,73200,74700,521451,47.43
2020-04-01,73500,74000,71000,71000,487326,47.25
2020-04-02,70700,72100,69100,71300,564737,47.15
2020-04-03,71200,75000,71200,74900,606101,47.16
2020-04-06,74300,76400,74100,76200,535187,46.94
2020-04-07,76500,78100,76200,77000,614357,46.83
2020-04-08,76700,78500,76000,76200,558577,46.77
2020-04-09,76500,77100,75600,76500,643453,46.67
2020-04-10,76400,78600,75400,78200,588689,46.57
2020-04-13,78600,79600,77400,77400,428384,46.51
2020-04-14,77800,78400,77200,77800,423335,46.43
2020-04-16,76300,77500,75500,77200,727390,46.28
2020-04-17,77200,78900,77200,78000,635465,46.24
2020-04-20,78100,78600,77600,77900,526527,46.17
2020-04-21,77500,78100,76100,78000,630670,46.14
2020-04-22,77000,79000,76500,79000,486792,46.12
2020-04-23,78600,80600,78200,80200,586112,46.02
2020-04-24,80300,80400,78900,78900,428352,45.95
2020-04-27,78700,81000,78600,80400,434581,45.87
2020-04-28,79900,80600,79200,80300,499074,45.78
2020-04-29,80900,82000,80000,81100,485768,45.75
2020-05-04,80900,80900,78500,78500,622155,45.59
2020-05-06,78600,80000,78500,79000,415323,45.5
2020-05-07,78600,79300,78600,78600,296951,45.42
2020-05-08,79400,79800,78700,78700,344788,45.38
2020-05-11,78700,79500,78400,78400,313176,45.31
2020-05-12,78400,78700,77000,77200,449634,45.11
2020-05-13,76800,79700,76800,78700,576005,45.09
2020-05-14,78600,78600,77000,77100,572819,44.93
2020-05-15,77400,77900,76400,77900,421056,44.88
2020-05-18,77900,78500,77400,77900,319382,44.81
2020-05-19,78900,79100,78500,78700,429097,44.7
2020-05-20,78800,79100,78100,78500,322093,44.64
2020-05-21,78700,78900,78200,78600,374318,44.63
2020-05-22,79100,83400,78800,82200,1531549,44.66
2020-05-25,83100,86200,82000,85900,938074,44.55
2020-05-26,86100,87400,84700,85300,558146,44.47
2020-05-27,84800,87300,84600,84900,537749,44.44
2020-05-28,84600,85300,82400,82700,854208,44.3
2020-05-29,83500,85800,83000,83900,981672,44.13
2020-06-01,83900,85200,83200,85000,394762,44.1
2020-06-02,85000,88000,84900,87400,680445,44.04
2020-06-03,87500,89500,87400,88000,712211,43.95
2020-06-04,88000,88600,87400,87400,543804,43.86
2020-06-05,87600,88500,86900,88300,348995,43.83
2020-06-08,89100,89100,87800,88000,400893,43.85
2020-06-09,87800,88400,86300,87100,539206,43.77
2020-06-10,87900,87900,85600,85700,617418,43.55
2020-06-11,85000,86400,84100,84800,598441,43.56
2020-06-12,82900,84300,82100,83200,484659,43.56
2020-06-15,82400,82600,79300,79300,542656,43.49
2020-06-16,80000,82800,80000,82600,435544,43.47
2020-06-17,82400,82700,81300,82300,414981,43.49
2020-06-18,82200,82300,81100,81700,307118,43.48
2020-06-19,82000,82100,80200,80600,531345,43.42
2020-06-22,79800,80800,79500,79500,338303,43.38
2020-06-23,79700,80000,78100,78800,576372,43.34
2020-06-24,78500,79600,78200,79500,394313,43.31
2020-06-25,78600,78900,78200,78200,335888,43.31
2020-06-26,78400,78600,78000,78100,306191,43.29
2020-06-29,77000,78600,77000,77700,376596,43.29
2020-06-30,78000,79500,77700,78200,420964,43.22
2020-07-01,79100,79200,78200,78500,239525,43.18
2020-07-02,78400,79700,78300,79300,266795,43.14
2020-07-03,79300,80900,79200,79800,279821,43.1
2020-07-06,80600,80600,79300,79900,239282,43.08
2020-07-07,79900,80500,78500,79200,468900,43.09
2020-07-08,79700,79700,78700,79500,311324,43.1
2020-07-09,79500,79600,78600,78600,389124,43.09
2020-07-10,78600,78600,77700,77800,352754,43.1
2020-07-13,78400,79400,77800,79000,300756,43.08
2020-07-14,78700,80500,78600,80500,340521,43.13
2020-07-15,80800,81000,80200,80700,428085,43.14
2020-07-16,81400,84100,81100,83700,671017,43.11
2020-07-17,83300,84000,82200,82400,275081,43.08
2020-07-20,82900,83500,81800,83100,293503,43.06
2020-07-21,82800,83400,82300,82300,319485,43.01
2020-07-22,82100,83800,81700,81800,375696,42.98
2020-07-23,81800,81900,80600,80800,381136,42.96
2020-07-24,80100,81400,80000,80400,304253,42.89
2020-07-27,80100,81600,80100,80600,242690,42.88
2020-07-28,80400,81500,80400,81200,286483,42.9
2020-07-29,80900,81600,80300,81200,222110,42.89
2020-07-30,81100,82400,81000,82100,281870,42.88
2020-07-31,82100,82500,80700,80900,376445,42.84
2020-08-03,80900,81000,79700,79800,442146,42.78
2020-08-04,79500,80500,79500,80000,299120,42.75
2020-08-05,79800,80400,79700,80100,394896,42.76
2020-08-06,81600,86300,80600,86000,1395915,42.99
2020-08-07,86500,87100,83600,86300,960954,42.88
2020-08-10,85400,87000,84500,86200,526803,42.87
2020-08-11,85500,89100,85500,88100,719614,42.86
2020-08-12,87700,88400,86700,88300,562328,42.81
2020-08-13,87700,89500,87500,88000,650555,42.76
2020-08-14,88000,88700,87000,88100,398445,42.72
2020-08-18,88100,88100,84800,85400,553417,42.78
2020-08-19,85100,86700,84700,85800,301404,42.79
2020-08-20,84700,85400,83000,83100,583720,42.8
2020-08-21,83400,85200,83000,84200,382680,42.77
2020-08-24,84000,85300,83400,85100,340614,42.75
2020-08-25,84900,86000,84300,85400,335795,42.74
2020-08-26,84900,86000,84300,85400,370504,42.72
2020-08-27,85400,86200,84600,85200,401985,42.69
2020-08-28,85400,85400,83800,84800,482447,42.63
2020-08-31,84800,85300,83100,83100,611585,42.52
2020-09-01,82900,85200,82700,84200,490720,42.48
2020-09-02,84400,84900,83700,84700,306320,42.44
2020-09-03,84200,84900,83500,83600,410587,42.4
2020-09-04,82900,83300,82200,82700,401566,42.35
2020-09-07,82500,83500,82200,83000,320690,42.28
2020-09-08,83000,85000,83000,84200,369415,42.23
2020-09-09,83700,85000,83100,84100,388876,42.28
2020-09-10,84000,84500,83500,83700,438009,42.26
2020-09-11,83200,85200,83200,84600,391519,42.3
2020-09-14,84800,85100,84400,84600,290713,42.29
2020-09-15,84400,85400,84200,84700,301403,42.25
2020-09-16,84200,84900,84200,84800,196277,42.26
2020-09-17,84500,84700,83600,83900,266210,42.24
2020-09-18,83800,84200,83100,83100,365764,42.16
2020-09-21,83100,83900,82800,83200,245914,42.14
2020-09-22,82800,83700,81900,82100,345714,42.13
2020-09-23,81800,82900,81700,82100,335572,42.12
2020-09-24,81900,81900,80100,80400,442055,41.99
2020-09-25,81200,81500,80400,80500,217695,41.97
2020-09-28,80900,82600,80500,81900,238745,41.96
2020-09-29,82000,82700,82000,82400,289301,41.94
2020-10-05,83300,83300,82100,83000,265123,41.93
2020-10-06,82600,83500,82600,83100,241808,41.95
2020-10-07,83100,83400,82100,83100,228556,41.91
2020-10-08,83300,84200,83300,83800,389747,42.0
2020-10-12,83700,84000,83000,83500,291422,41.97
2020-10-13,83200,83900,82900,83000,230350,41.92
2020-10-14,82600,83400,82100,82100,326979,41.86
2020-10-15,82000,82800,81700,81900,318593,41.83
2020-10-16,81600,82600,81500,82300,234513,41.83
2020-10-19,82400,83500,82400,83000,274469,41.81
2020-10-20,83000,83200,82200,83100,272717,41.8
2020-10-21,82900,83900,82700,83900,235745,41.82
2020-10-22,83600,85400,82900,85100,619240,41.87
2020-10-23,85300,85700,84500,85400,355879,41.82
2020-10-26,84700,85500,84000,84300,329637,41.73
2020-10-27,83600,84100,83200,83300,280220,41.73
2020-10-28,82700,83400,82600,83000,243196,41.67
2020-10-29,82400,82800,81800,82200,328828,41.59
2020-10-30,82200,82700,81000,81000,365091,41.47
2020-11-02,81100,82900,81100,82700,205737,41.5
2020-11-03,82300,83500,82300,83400,216537,41.5
2020-11-04,83700,83800,82700,83300,267865,41.49
2020-11-05,83800,84500,83000,84000,461665,41.51
2020-11-06,83900,84200,82800,82900,453688,41.38
2020-11-09,83200,83700,82900,83300,420684,41.38
2020-11-10,83600,84500,83300,84500,429405,41.48
2020-11-11,84300,87000,84200,86900,784244,41.62
2020-11-12,86500,86600,85500,85600,502893,41.65
2020-11-13,85200,85500,84200,84700,371971,41.52
2020-11-16,84700,85800,84600,84800,435817,41.44
2020-11-17,84800,86200,84800,85800,496711,41.49
2020-11-18,85100,86300,85100,85700,405620,41.43
2020-11-19,85700,85800,84800,85300,368610,41.48
2020-11-20,85000,86300,84900,86300,420631,41.52
2020-11-23,86100,87200,86000,86400,400995,41.52
2020-11-24,86200,86700,86000,86100,426900,41.53
2020-11-25,86200,86800,85300,86000,480023,41.5
2020-11-26,85500,86000,84700,84800,535622,41.33
2020-11-27,84800,85300,84400,84400,483329,41.21
2020-11-30,84500,85000,82500,82500,1121750,40.88
2020-12-01,83800,84400,83400,83400,569951,40.76
2020-12-02,84000,84300,83500,84200,601106,40.72
2020-12-03,84600,85100,84200,84300,585804,40.64
2020-12-04,84400,85100,84200,84600,592127,40.64
2020-12-07,84600,84700,83600,83800,716604,40.51
2020-12-08,84100,84300,83700,84100,427939,40.5
2020-12-09,84300,84600,84000,84600,407848,40.45
2020-12-10,84800,86100,84100,86100,1152056,40.68
2020-12-11,86300,87800,86200,87800,904394,40.69
2020-12-14,87700,87800,86500,86800,850482,40.67
2020-12-15,86600,86700,85700,86400,591362,40.59
2020-12-16,86700,87200,86200,86300,509781,40.57
2020-12-17,86300,86400,85500,85800,529416,40.42
2020-12-18,86400,88700,86200,88000,1596357,40.59
2020-12-21,88500,89000,88000,88600,749916,40.59
2020-12-22,88500,88500,87000,87300,645049,40.5
2020-12-23,87300,88000,87100,87600,671750,40.46
2020-12-24,88100,88600,87700,88400,888142,40.34
2020-12-28,88900,89000,88300,88600,1889488,40.27
2020-12-29,84100,84400,83000,83300,1503342,40.17
2020-12-30,83400,83500,82200,83100,914163,40.07
2021-01-04,83000,83000,81800,82100,896862,40.09
2021-01-05,82600,83100,82000,83100,807773,40.12
2021-01-06,83700,83900,82900,83000,918621,40.13
2021-01-07,83000,83400,82700,82800,1087348,40.14
2021-01-08,83600,83600,82800,83400,1145702,40.32
2021-01-11,83400,83500,81700,81900,1476016,40.33
2021-01-12,82700,83000,81600,81900,850846,40.35
2021-01-13,82300,82800,81900,82000,794242,40.4
2021-01-14,82600,82800,82100,82100,837872,40.51
2021-01-15,82500,82800,81700,81700,821797,40.47
2021-01-18,81400,81700,80500,80600,755452,40.42
2021-01-19,81000,81300,80500,81000,523546,40.44
2021-01-20,81100,81600,80600,81000,598148,40.44
2021-01-21,81000,81200,80700,80900,534917,40.4
2021-01-22,81000,82000,80600,81200,807235,40.44
2021-01-25,81700,82000,81200,81600,597238,40.37
2021-01-26,82500,82600,81100,81200,840755,40.25
2021-01-27,81300,81800,80900,81300,557428,40.23
2021-01-28,82300,84200,81300,81400,2151663,40.51
2021-01-29,81500,81500,80100,80200,1027111,40.49
2021-02-01,80000,80700,79300,80100,632347,40.44
2021-02-02,80100,80700,79700,80000,564221,40.44
2021-02-03,80100,80400,79800,79900,548802,40.4
2021-02-04,80100,80600,79700,80100,676599,40.36
2021-02-05,80500,80600,79900,80000,527376,40.31
2021-02-08,80000,80100,79600,79700,846985,40.08
2021-02-09,79800,80600,79700,80500,595483,40.19
2021-02-10,80500,80900,80200,80500,792757,40.29
2021-02-15,80800,80800,80000,80100,459091,40.24
2021-02-16,80000,80200,79800,80100,625627,40.17
2021-02-17,79800,80200,79700,80100,621752,40.14
2021-02-18,79900,80000,79600,79600,502167,39.99
2021-02-19,79600,79700,78700,79500,854777,39.84
2021-02-22,79500,79700,78800,78800,643659,39.76
2021-02-23,78800,79500,78300,79000,485696,39.73
2021-02-24,79100,79400,78500,78700,509014,39.72
2021-02-25,78700,79800,78600,79800,411914,39.79
2021-02-26,79200,79300,78300,78300,914224,39.62
2021-03-02,78600,79000,78000,78100,613895,39.54
2021-03-03,78500,79800,78000,79800,588516,39.64
2021-03-04,78800,80200,78600,79400,576520,39.65
2021-03-05,79400,79800,78800,79700,442752,39.71
2021-03-08,80100,80200,79700,79800,340051,39.74
2021-03-09,80000,80400,79400,80100,648048,39.81
2021-03-10,80400,80400,79900,80200,403784,39.83
2021-03-11,80200,80900,79900,80500,749463,39.9
2021-03-12,80500,80800,80000,80400,367659,39.89
2021-03-15,80500,80800,80100,80200,482523,39.83
2021-03-16,80200,80600,80100,80200,510368,39.78
2021-03-17,80200,80600,79900,80100,673503,39.67
2021-03-18,80600,84200,80500,82900,3122881,39.91
2021-03-19,82900,83200,81000,81800,1363017,40.05
2021-03-22,81900,81900,80500,80600,617283,39.99
2021-03-23,80800,81200,80100,80300,608847,39.91
2021-03-24,80100,80400,79800,80300,463708,39.83
2021-03-25,80000,81000,79900,80500,359939,39.84
2021-03-26,80600,80900,80400,80400,339616,39.74
2021-03-29,80500,80600,80100,80200,331847,39.71
2021-03-30,80700,81300,80400,81100,400242,39.77
2021-03-31,81100,81700,80700,81400,379982,39.78
2021-04-01,81400,81800,81300,81400,292379,39.78
2021-04-02,81400,81600,81100,81300,227399,39.78
2021-04-05,81200,81300,80800,81200,210460,39.79
2021-04-06,81000,81400,80700,80900,310401,39.76
2021-04-07,81100,81200,80800,81000,398164,39.75
2021-04-08,81000,81500,80800,81200,540297,39.78
2021-04-09,81300,82000,81100,81600,394005,39.8
2021-04-12,81600,82000,81300,82000,308508,39.83
2021-04-13,82000,82500,81800,82300,409664,39.87
2021-04-14,82100,82600,81800,82400,395403,39.89
2021-04-15,82400,83500,82300,82900,489840,39.96
2021-04-16,83000,83000,82600,82800,312582,39.96
2021-04-19,82900,83200,82300,83000,472541,40.0
2021-04-20,83000,83900,82900,83800,544220,40.15
2021-04-21,83700,84300,83200,83300,590751,40.18
2021-04-22,83300,83500,82700,82900,455878,40.15
2021-04-23,82600,83100,82100,82900,334636,40.14
2021-04-26,83000,83400,82600,83200,366931,40.11
2021-04-27,83200,83300,82700,82700,294049,40.08
2021-04-28,82800,83300,82600,82900,426978,40.16
2021-04-29,83000,83300,82500,82500,356717,40.14
2021-04-30,82500,83200,82400,82400,425902,40.12
2021-05-03,83100,83500,82600,83300,426053,40.17
2021-05-04,83300,83700,82700,82800,443536,40.13
2021-05-06,83000,83200,82700,83200,440158,40.14
2021-05-07,83300,84200,83300,83900,624010,40.21
2021-05-10,84000,84200,83700,83800,542184,40.2
2021-05-11,83800,84600,83000,84400,695777,40.29
2021-05-12,84400,84500,82300,82600,873616,40.0
2021-05-13,82000,82800,81400,82000,906987,39.78
2021-05-14,82300,82800,82000,82300,366829,39.75
2021-05-17,82700,82900,82200,82700,363265,39.73
2021-05-18,83000,83400,82700,82800,358909,39.66
2021-05-20,82600,83100,82500,82800,423291,39.64
2021-05-21,82900,83400,82500,82500,399172,39.61
2021-05-24,82400,82600,82200,82500,446091,39.52
2021-05-25,82400,82800,82300,82700,452164,39.39
2021-05-26,82900,83500,82700,83200,506884,39.34
2021-05-27,83500,83900,83300,83900,1091482,39.22
2021-05-28,83600,84200,83500,83700,447149,39.16
2021-05-31,83700,84500,83600,84300,589678,39.22
2021-06-01,84500,85500,84400,85300,727684,39.21
2021-06-02,85300,85400,84500,85000,439596,39.16
2021-06-03,84700,85000,83800,83800,697800,38.97
2021-06-04,83600,83900,83300,83600,487387,38.87
2021-06-07,84000,84700,83700,84500,459390,38.81
2021-06-08,84700,85200,84600,85000,506186,38.8
2021-06-09,85000,85200,84200,84300,420131,38.76
2021-06-10,84400,84700,83900,83900,536708,38.73
2021-06-11,83900,84500,83800,84400,381544,38.67
2021-06-14,84600,84800,84200,84300,309273,38.63
2021-06-15,84300,85100,84300,85100,445779,38.65
2021-06-16,85100,85300,84600,85200,370734,38.68
2021-06-17,85000,85200,84700,84700,443301,38.63
2021-06-18,84800,85100,84400,85000,395532,38.54
2021-06-21,84800,85200,84300,84400,536723,38.48
2021-06-22,84600,84800,84000,84000,567213,38.32
2021-06-23,84100,84300,83900,83900,397338,38.21
2021-06-24,84000,84500,83900,84500,416767,38.18
2021-06-25,84500,85000,84400,84700,459357,38.06
2021-06-28,84800,84900,84300,84700,370265,38.02
2021-06-29,84600,84800,84200,84300,438738,37.97
2021-06-30,84400,84600,84200,84400,437308,37.98
2021-07-01,84400,84600,84300,84500,412780,38.01
2021-07-02,84400,84500,84100,84500,268391,38.11
2021-07-05,84500,84600,84100,84200,301792,38.04
2021-07-06,84200,84400,84100,84200,270768,38.03
2021-07-07,84000,84100,83500,83600,539627,37.88
2021-07-08,83600,83700,83000,83000,576366,37.83
2021-07-09,82600,82800,82000,82200,835703,37.67
2021-07-12,82600,83600,82500,83600,351486,37.71
2021-07-13,83800,83900,83300,83800,314605,37.71
2021-07-14,83300,83600,82900,82900,320782,37.66
2021-07-15,83000,83700,82800,83400,307299,37.65
2021-07-16,83000,83700,82900,83700,263512,37.72
2021-07-19,83500,83700,83000,83300,263465,37.68
2021-07-20,82800,83200,82500,82600,394666,37.6
2021-07-21,82900,83100,82600,83000,362565,37.57
2021-07-22,83000,83200,82700,82900,357184,37.41
2021-07-23,82700,83200,82700,82900,226455,37.37
2021-07-26,82900,83000,82500,82600,264781,37.34
2021-07-27,82500,82900,82500,82600,301693,37.33
2021-07-28,82700,82800,82400,82600,313687,37.33
2021-07-29,82900,83000,82500,82700,215163,37.29
2021-07-30,82500,82600,82300,82300,346804,37.22
2021-08-02,82600,82700,82300,82600,231296,37.17
2021-08-03,82500,82700,82200,82600,311672,37.16
2021-08-04,82600,83300,82500,83300,324593,37.2
2021-08-05,83100,83400,82500,82800,412474,37.14
2021-08-06,82600,82700,82000,82200,599560,37.0
2021-08-09,81700,82100,81600,81700,468943,36.88
2021-08-10,81600,81700,81400,81400,358115,36.8
2021-08-11,81400,81600,81200,81500,370028,36.73
2021-08-12,81700,82100,81600,81900,362900,36.79
2021-08-13,82100,82100,81400,81800,522208,36.86
2021-08-17,82000,82500,81800,82200,480167,37.03
2021-08-18,82100,82200,81800,81900,261851,37.03
2021-08-19,81600,81700,81000,81100,427881,37.03
2021-08-20,81100,81400,80100,80400,575151,37.04
2021-08-23,80900,80900,80500,80500,363586,37.04
2021-08-24,80600,81600,80500,81300,387090,37.12
2021-08-25,81100,81800,81000,81500,247876,37.14
2021-08-26,81200,81600,80900,80900,261621,37.11
2021-08-27,81000,81200,80800,81100,214507,37.1
2021-08-30,81200,81400,81000,81000,197746,37.08
2021-08-31,81000,81600,80800,81600,488956,37.11
2021-09-01,81200,82000,81200,81800,309895,37.16
2021-09-02,81600,82000,81500,81800,292797,37.19
2021-09-03,82000,82100,81700,81900,309687,37.21
2021-09-06,81800,81900,81500,81800,242279,37.21
2021-09-07,81500,81800,81200,81400,243641,37.17
2021-09-08,81100,81600,81100,81300,295798,37.15
2021-09-09,81000,81500,81000,81300,628558,37.23
2021-09-10,81500,81600,81100,81600,279601,37.26
2021-09-13,81600,82000,81400,82000,283358,37.27
2021-09-14,81900,82000,81300,81400,417084,37.16
2021-09-15,81200,81800,81200,81400,241864,37.17
2021-09-16,81400,81700,81000,81300,398274,37.12
2021-09-17,81100,81300,81000,81100,431967,37.09
2021-09-23,80700,81100,80400,80900,440435,36.96
2021-09-24,80900,81300,80700,81100,195832,36.93
2021-09-27,80800,81300,80800,81200,240458,36.94
2021-09-28,81000,81200,80800,80900,330431,36.86
2021-09-29,80700,80800,80300,80500,501532,36.79
2021-09-30,80500,81300,80400,81200,329711,36.79
2021-10-01,80800,81300,80700,80800,280621,36.79
2021-10-05,80800,81000,80500,80700,379456,36.81
2021-10-06,80900,81100,80400,80400,437910,36.73
2021-10-07,80500,81400,80500,81300,338224,36.77
2021-10-08,80800,81100,80500,80700,398485,36.72
2021-10-12,80800,81000,80400,80400,355535,36.65
2021-10-13,80400,80800,80300,80700,218129,36.6
2021-10-14,80900,81200,80800,81200,240995,36.61
2021-10-15,81200,82000,81200,81700,306717,36.64
2021-10-18,81700,82000,81300,81800,288666,36.65
2021-10-19,82100,82300,81700,82000,328293,36.65
2021-10-20,82000,82300,81800,82000,239411,36.64
2021-10-21,81800,82200,81600,82100,241592,36.62
2021-10-22,81800,82300,81800,82200,235185,36.61
2021-10-25,82000,83000,82000,82500,351264,36.51
2021-10-26,82800,82800,82300,82400,317328,36.44
2021-10-27,82400,82500,82000,82000,325823,36.36
2021-10-28,82000,82200,81500,81500,376612,36.25
2021-10-29,81700,81800,81100,81100,393879,36.16
2021-11-01,81300,82200,81200,82000,302609,36.08
2021-11-02,82200,84100,82200,83900,1006837,36.24
2021-11-03,83900,84100,83000,83600,619333,36.14
2021-11-04,84100,86400,83800,85500,2005897,36.62
2021-11-05,85700,86300,85300,86100,796544,36.7
2021-11-08,86100,86900,85700,86600,748661,36.77
2021-11-09,86600,86900,85900,86200,468303,36.78
2021-11-10,85700,86200,85300,85300,502103,36.8
2021-11-11,84900,86000,84700,85100,641870,36.85
2021-11-12,85000,85700,84900,85000,379169,36.77
2021-11-15,84800,85100,84400,85000,479434,36.7
2021-11-16,84800,85400,84600,84800,570640,36.67
2021-11-17,84500,85000,83900,84300,556566,36.63
2021-11-18,84000,84500,83500,84100,515321,36.54
2021-11-19,83800,84400,83600,84000,405326,36.46
2021-11-22,83700,84200,83400,84200,454759,36.34
2021-11-23,83600,84700,83600,84600,378688,36.25
2021-11-24,84300,85000,84200,84700,407366,36.24
2021-11-25,84300,84900,84200,84500,316162,36.19
2021-11-26,84300,84500,83600,83800,488611,36.13
2021-11-29,82600,83500,82100,83100,663620,36.01
2021-11-30,82800,83200,81800,81900,1011940,35.95
2021-12-01,81900,83200,81900,82700,579627,35.92
2021-12-02,82700,84200,82500,84100,569777,35.85
2021-12-03,84000,85200,83600,85100,475534,35.86
2021-12-06,85000,85500,84000,84800,414346,35.83
2021-12-07,84600,86000,84500,85700,475712,35.87
2021-12-08,85700,86000,85500,85500,439361,35.82
2021-12-09,85500,86000,85300,85700,531091,35.76
2021-12-10,85700,86100,85600,86000,338192,35.77
2021-12-13,85800,86600,85800,85900,449250,35.78
2021-12-14,85500,86400,85500,86000,374422,35.74
2021-12-15,83300,84500,82700,84100,1446875,35.52
2021-12-16,84100,84700,83600,84700,544055,35.46
2021-12-17,84600,85000,84100,84800,496687,35.4
2021-12-20,84500,85500,84200,85000,495458,35.51
2021-12-21,85000,85500,84700,85200,447627,35.24
2021-12-22,85000,85500,85000,85400,351895,35.26
2021-12-23,85400,85500,84900,85000,450592,35.23
2021-12-24,84800,84900,83600,84200,584637,35.34
2021-12-27,84200,84500,83800,84200,512177,35.38
2021-12-28,84100,84300,83500,83900,1242368,35.33
2021-12-29,79500,80300,79400,79700,1203889,35.16
2021-12-30,79700,79700,78800,79000,610065,35.11
2022-01-03,79100,79400,78700,79000,309582,35.13
2022-01-04,78800,78900,78200,78400,424322,35.36
2022-01-05,78400,78900,78400,78500,341643,35.37
2022-01-06,78700,79400,78500,78700,379170,35.44
2022-01-07,78500,78800,78200,78400,282420,35.44
2022-01-10,78400,78600,78200,78500,280566,35.46
2022-01-11,78300,79200,78300,79200,369545,35.56
2022-01-12,78900,79300,78700,79200,303978,35.54
2022-01-13,78900,79300,78900,79000,321038,35.55
2022-01-14,78900,78900,78300,78700,209239,35.59
2022-01-17,78400,78900,78300,78900,258610,35.65
2022-01-18,79000,79000,78300,78500,258592,35.63
2022-01-19,78500,79200,78200,79000,344176,35.7
2022-01-20,79200,79200,78600,78800,318051,35.68
2022-01-21,78700,79400,78600,79200,264231,35.74
2022-01-24,79300,79400,78400,78600,214466,35.73
2022-01-25,78300,78500,77600,78300,429797,35.85
2022-01-26,78200,78900,78200,78700,280332,35.92
2022-01-27,78900,79000,76800,77100,664559,35.96
2022-01-28,77200,77800,76600,77600,564030,35.99
2022-02-03,77700,78600,77600,77900,376786,36.03
2022-02-04,77900,78500,77800,78200,217735,36.0
2022-02-07,78000,78700,77600,78600,364052,36.06
2022-02-08,78800,79100,78000,78600,234615,36.04
2022-02-09,78700,78900,78300,78700,254649,36.04
2022-02-10,78400,79600,78400,79500,432571,36.21
2022-02-11,79200,80100,78900,80000,370438,36.28
2022-02-14,80000,80000,79000,79600,255807,36.27
2022-02-15,79600,80000,79100,79600,293006,36.29
2022-02-16,79600,80000,79500,79900,172173,36.29
2022-02-17,80000,80400,79500,80000,271297,36.3
2022-02-18,79800,81200,79800,80800,358433,36.37
2022-02-21,80000,80800,80000,80500,189583,36.36
2022-02-22,80500,80700,79900,80700,272989,36.4
2022-02-23,80900,80900,79900,80100,189687,36.36
2022-02-24,79800,80200,79100,79700,315241,36.4
2022-02-25,79800,80300,79300,79900,234929,36.4
2022-02-28,79700,79800,79000,79800,332257,36.41
2022-03-02,79400,80300,79400,80200,238539,36.48
2022-03-03,79600,80400,79600,80400,163444,36.52
2022-03-04,80500,80900,80100,80900,291322,36.59
2022-03-07,80200,80900,79800,80700,261813,36.62
2022-03-08,80600,80700,80100,80600,294771,36.72
2022-03-10,80800,80900,80300,80600,329856,36.78
2022-03-11,80200,80200,79700,80200,281500,36.71
2022-03-14,80000,81300,79900,81300,416188,36.86
2022-03-15,80400,81300,80300,81300,246987,36.92
2022-03-16,80800,81500,80800,81500,242292,36.99
2022-03-17,81700,81900,81100,81200,341790,37.0
2022-03-18,80800,81500,80700,81500,348170,37.02
2022-03-21,80900,81400,80600,80600,184854,36.99
2022-03-22,81000,81000,80400,80500,168297,36.98
2022-03-23,80500,81000,80300,80500,372232,36.99
2022-03-24,80300,80900,80200,80900,193586,37.03
2022-03-25,80400,80800,80400,80800,217292,37.01
2022-03-28,80200,80900,80100,80800,170834,37.03
2022-03-29,81000,81100,80500,81100,157378,37.02
2022-03-30,81300,81300,80600,80900,204322,37.0
2022-03-31,81000,81200,80600,80700,250995,36.96
2022-04-01,80500,81100,80400,81000,199768,37.04
2022-04-04,81000,81400,80900,81400,158622,37.07
2022-04-05,81100,81400,80900,81400,147309,37.1
2022-04-06,81200,81500,81000,81200,240077,37.11
2022-04-07,81000,81600,81000,81400,293005,37.2
2022-04-08,81600,81900,81300,81800,244415,37.2
2022-04-11,81400,82300,81000,82300,277815,37.26
2022-04-12,82000,82300,81300,82000,260361,37.29
2022-04-13,82200,82200,81600,82000,165766,37.29
2022-04-14,81500,81600,80600,80800,527207,37.28
2022-04-15,80600,80700,79300,79800,599802,37.35
2022-04-18,79900,80600,79600,80500,168608,37.35
2022-04-19,80600,81100,80100,81100,196207,37.43
2022-04-20,81000,81300,80500,80900,266508,37.43
2022-04-21,81400,81700,81100,81400,210993,37.46
2022-04-22,81000,82300,81000,82000,480229,37.59
2022-04-25,81500,82400,81400,82400,383529,37.62
2022-04-26,82100,82400,81800,82100,208416,37.58
2022-04-27,81400,82000,81200,81600,223637,37.62
2022-04-28,81200,82300,81000,82200,225459,37.64
2022-04-29,81500,82600,81500,82600,313428,37.72
2022-05-02,82400,82600,81900,82500,154703,37.71
2022-05-03,82200,82900,82000,82500,230478,37.75
2022-05-04,82400,82900,82200,82900,228298,37.82
2022-05-06,82900,82900,82100,82500,276832,37.85
2022-05-09,82500,82800,82000,82700,260065,37.85
2022-05-10,82700,82700,82000,82600,331155,37.87
2022-05-11,82100,82600,81700,81800,286413,37.87
2022-05-12,81800,83200,81500,82800,648900,37.99
2022-05-13,82900,83400,82700,83400,520086,38.08
2022-05-16,83400,83600,82700,83500,400532,38.2
2022-05-17,83500,83900,83300,83900,355110,38.3
2022-05-18,83600,84200,83400,84200,335977,38.4
2022-05-19,83800,84500,83200,84500,500810,38.58
2022-05-20,84500,84800,84200,84400,349177,38.62
2022-05-23,84400,84700,84100,84700,294805,38.66
2022-05-24,84300,85100,84300,85100,426910,38.79
2022-05-25,85200,85200,84200,84900,330014,38.78
2022-05-26,84300,85100,84200,85100,290192,38.85
2022-05-27,85100,85200,84700,85200,261521,38.9
2022-05-30,85200,85200,83700,84000,348870,38.92
2022-05-31,83900,85000,83600,85000,864182,39.02
2022-06-02,85200,85300,84200,85200,415860,39.2
2022-06-03,85200,85300,84500,85000,290700,39.24
2022-06-07,85000,86000,84600,85900,750810,39.59
2022-06-08,85400,85700,85000,85300,210139,39.6
2022-06-09,85100,85400,84300,85100,346909,39.61
2022-06-10,84400,84400,83400,83800,298875,39.62
2022-06-13,83200,84000,83200,83200,273672,39.65
2022-06-14,83000,84200,82400,83600,524165,39.7
2022-06-15,84300,84300,82700,83300,340250,39.7
2022-06-16,83300,83900,83100,83400,258144,39.73
2022-06-17,82800,83600,82700,83400,425243,39.79
2022-06-20,83500,83700,82100,82500,246936,39.82
2022-06-21,83100,83400,82600,83100,206625,39.83
2022-06-22,83300,83700,82100,82200,274579,39.85
2022-06-23,82900,83300,82200,82600,336657,39.86
2022-06-24,83200,83300,82100,83000,280013,39.91
2022-06-27,82700,83500,82300,82400,388175,39.97
2022-06-28,82400,83400,82100,83400,276756,39.99
2022-06-29,83000,83600,82600,82900,265470,40.01
2022-06-30,83200,83400,82200,82200,189115,40.02
2022-07-01,82900,83000,81600,82000,255816,40.0
2022-07-04,82300,82500,81200,82100,178816,39.98
2022-07-05,82500,82500,81100,81700,293737,39.94
2022-07-06,80900,81300,80000,80100,397977,39.96
2022-07-07,80600,80900,80000,80700,208172,39.98
2022-07-08,80700,81300,80400,80700,187046,39.98
2022-07-11,81100,81100,80400,81000,160896,39.99
2022-07-12,81200,82100,80900,82000,308632,40.03
2022-07-13,82100,82200,81100,81200,170615,40.0
2022-07-14,80800,81800,80600,81000,258756,40.05
2022-07-15,81400,81500,80200,81200,211062,40.08
2022-07-18,80900,81600,80700,81100,169310,40.09
2022-07-19,81000,81300,80700,81300,198531,40.09
2022-07-20,81400,82200,81300,81500,270794,40.16
2022-07-21,81200,81700,80800,81100,249223,40.15
2022-07-22,80900,81500,80800,81200,202222,40.17
2022-07-25,81100,82200,81000,82100,198052,40.2
2022-07-26,81900,82400,81600,82200,187042,40.21
2022-07-27,82300,82500,81900,82200,198608,40.2
2022-07-28,81700,82400,81700,82100,147787,40.18
2022-07-29,82500,82600,81700,81900,287361,40.14
2022-08-01,81200,81400,81000,81100,229223,40.08
2022-08-02,81200,82100,81200,81700,207169,40.1
2022-08-03,81800,82100,80900,81000,300153,40.03
2022-08-04,81300,81700,80600,80700,337307,39.92
2022-08-05,81200,81400,80900,81100,215266,39.94
2022-08-08,81000,81600,80700,81300,156439,39.96
2022-08-09,81000,81500,81000,81000,198985,39.93
2022-08-10,81300,81500,81000,81000,188052,39.91
2022-08-11,81100,81500,81000,81500,232711,39.87
2022-08-12,81300,81700,81300,81700,187521,39.87
2022-08-16,81900,81900,81400,81700,171951,39.87
2022-08-17,81800,81900,81200,81300,174412,39.84
2022-08-18,81100,81500,81100,81200,127494,39.84
2022-08-19,81200,81800,81100,81600,108524,39.86
2022-08-22,81600,82300,81300,82300,313051,39.94
2022-08-23,82300,82400,81700,82100,276772,39.97
2022-08-24,82400,82400,81700,82200,171102,39.98
2022-08-25,82000,82400,81800,82400,111895,39.99
2022-08-26,82000,82600,81900,82600,126909,40.0
2022-08-29,81800,82500,81400,81900,189509,40.02
2022-08-30,82400,83100,81900,83000,238732,40.09
2022-08-31,82800,83200,82300,83200,430366,40.14
2022-09-01,82500,83100,82200,82800,258263,40.18
2022-09-02,82900,83000,82100,83000,232222,40.31
2022-09-05,83200,83200,82500,82900,164820,40.31
2022-09-06,83100,83200,82500,82700,192876,40.32
2022-09-07,82600,83200,82400,83100,326966,40.41
2022-09-08,83300,83400,82600,83200,282781,40.41
2022-09-13,83200,83700,82700,83200,309544,40.43
2022-09-14,82200,83600,82200,83600,320246,40.5
2022-09-15,83300,83700,83100,83100,196979,40.42
2022-09-16,83200,83700,82800,83700,359110,40.5
2022-09-19,83700,84500,83600,84300,287785,40.54
2022-09-20,84900,86300,84800,86200,819714,40.9
2022-09-21,86000,86400,85300,85600,390924,41.0
2022-09-22,85500,86500,85300,86400,458647,41.13
2022-09-23,86500,86800,86000,86400,299497,41.24
2022-09-26,86100,86400,84500,85600,438626,41.27
2022-09-27,86100,86300,85100,86300,398388,41.35
2022-09-28,85800,86800,85600,86800,564329,41.54
2022-09-29,86700,87200,86000,87200,586593,41.76
2022-09-30,87300,87700,86400,86600,483663,41.83
2022-10-04,86600,87500,86200,87000,476146,41.96
2022-10-05,87500,87500,85800,86000,413734,42.02
2022-10-06,86300,87200,85900,87000,329042,42.11
2022-10-07,86300,87100,86300,87100,273916,42.11
2022-10-11,86800,87000,86300,86900,472948,42.13
2022-10-12,86200,87200,85900,87000,284196,42.2
2022-10-13,87000,87400,86600,87200,316819,42.3
2022-10-14,86700,87400,86600,87300,268205,42.36
2022-10-17,87000,87800,86700,87800,240913,42.44
2022-10-18,87800,88000,86700,87300,257284,42.44
2022-10-19,87700,88000,87300,88000,259116,42.51
2022-10-20,87500,88200,87400,88000,407695,42.59
2022-10-21,87900,88200,87500,88200,249790,42.62
2022-10-24,88500,88500,87500,87800,249584,42.62
2022-10-25,88100,89400,87900,89400,500168,42.77
2022-10-26,89700,92800,89400,92800,851574,43.05
2022-10-27,92800,93600,92100,93600,475584,43.14
2022-10-28,93800,96400,93500,94100,613128,43.26
2022-10-31,94300,95700,94300,95700,470393,43.37
2022-11-01,95700,95700,91900,92400,673902,43.45
2022-11-02,94000,94600,92100,94500,492009,43.52
2022-11-03,94000,94600,92500,93900,341670,43.58
2022-11-04,94800,96700,94400,96200,717958,43.67
2022-11-07,96200,96200,94200,94800,434875,43.65
2022-11-08,94800,94900,91500,93700,759089,43.66
2022-11-09,94000,94600,92800,94400,437989,43.67
2022-11-10,94500,95100,93400,94400,377261,43.67
2022-11-11,92700,94400,92500,92600,618208,43.57
2022-11-14,92800,93500,92100,93000,545524,43.53
2022-11-15,93800,95200,93700,94600,413452,43.53
2022-11-16,95000,95900,94100,95900,476303,43.48
2022-11-17,95900,96000,94700,94700,328281,43.43
2022-11-18,94800,95800,94600,95000,309623,43.45
2022-11-21,95000,95500,94000,95500,341042,43.37
2022-11-22,94900,96000,94800,95600,283244,43.33
2022-11-23,96000,96000,94900,95100,238988,43.27
2022-11-24,95300,96200,95100,95200,197885,43.27
2022-11-25,95300,96500,95200,96500,370890,43.34
2022-11-28,95700,96500,95400,95700,252339,43.3
2022-11-29,96300,97100,95700,96700,344172,43.31
2022-11-30,97100,100000,97000,99900,1061654,43.48
2022-12-01,99700,99700,97400,97600,432869,43.41
2022-12-02,97300,98200,96100,97300,341991,43.38
2022-12-05,97000,97900,96600,97500,354834,43.33
2022-12-06,97000,98500,97000,97700,329024,43.3
2022-12-07,98500,98700,97800,97800,423420,43.24
2022-12-08,97700,98900,97500,98900,470253,43.21
2022-12-09,97300,99200,97300,98000,332029,43.16
2022-12-12,98600,99500,98500,99200,302504,43.18
2022-12-13,99200,99200,97800,98100,260797,43.19
2022-12-14,98900,98900,97800,98600,278164,43.15
2022-12-15,98000,98600,97800,98200,255990,43.12
2022-12-16,98200,98400,97100,97500,506988,43.11
2022-12-19,96600,97300,95900,96900,324003,43.13
2022-12-20,96900,97900,96700,97600,314512,43.13
2022-12-21,98100,98200,97000,97100,262218,43.13
2022-12-22,96400,97000,94200,97000,600068,43.1
2022-12-23,97000,97000,96100,96400,307540,43.12
2022-12-26,96000,96500,94900,95400,396932,43.18
2022-12-27,95800,96000,94800,95100,608537,43.26
2022-12-28,90200,91400,89900,91400,619734,43.4
2022-12-29,90500,92000,90500,91500,307887,43.43
2023-01-02,91500,91500,89000,89000,191891,43.47
2023-01-03,89000,90000,87500,88900,233137,43.59
2023-01-04,88700,89000,87500,88600,206845,43.62
2023-01-05,88100,89300,87300,87700,252094,43.67
2023-01-06,87300,89700,87300,89500,281396,43.72
2023-01-09,90400,92000,89700,91400,322109,43.73
2023-01-10,92000,92500,91100,91700,306290,43.7
2023-01-11,88500,91700,88300,91000,327959,43.7
2023-01-12,90200,91300,90200,90600,362007,43.75
2023-01-13,91800,92000,90800,91400,221459,43.76
2023-01-16,90900,92600,90900,92000,176927,43.78
2023-01-17,91700,92200,91000,91500,322551,43.78
2023-01-18,91600,92400,91000,92100,196723,43.81
2023-01-19,92700,94700,92300,94100,375058,43.85
2023-01-20,94000,94900,93500,94700,228551,43.84
2023-01-25,95000,96400,94800,95400,450251,43.87
2023-01-26,94700,96400,93800,96400,462304,43.95
2023-01-27,94800,94800,91900,94000,573847,43.9
2023-01-30,93500,95000,93300,94200,499813,43.99
2023-01-31,94500,94500,91900,92500,587144,43.97
2023-02-01,91600,92800,91600,92500,285032,43.98
2023-02-02,93000,93100,91500,92000,367570,44.03
2023-02-03,91600,93200,91000,92800,277906,44.07
2023-02-06,92600,92600,91100,91600,230992,44.1
2023-02-07,91100,92100,90400,90900,271827,44.15
2023-02-08,90300,91500,90300,91500,167003,44.18
2023-02-09,91000,91600,89300,90000,387380,44.18
2023-02-10,89200,89200,86400,87700,568608,44.18
2023-02-13,87700,88600,87000,88500,298647,44.25
2023-02-14,89000,89400,87900,88600,338123,44.27
2023-02-15,88600,88600,87200,87500,277819,44.3
2023-02-16,87500,88300,87300,87500,230613,44.26
2023-02-17,87300,87400,86200,87100,217183,44.28
2023-02-20,87100,88800,86900,88800,199293,44.3
2023-02-21,88600,90400,88500,89700,288289,44.32
2023-02-22,89800,90400,88600,89100,314697,44.33
2023-02-23,89000,91000,89000,90300,338807,44.31
2023-02-24,89200,90800,89200,90300,314779,44.3
2023-02-27,89500,90400,88600,89700,251302,44.36
2023-02-28,90200,90300,88700,88700,371888,44.35
2023-03-02,88500,89600,87500,87600,322561,44.35
2023-03-03,88000,88100,87000,87200,239073,44.35
2023-03-06,87400,87900,87000,87000,307631,44.32
2023-03-07,86900,87800,86700,87000,312214,44.34
2023-03-08,86200,86700,85300,86000,333828,44.34
2023-03-09,86400,86800,85600,85900,570538,44.27
2023-03-10,85500,86000,85000,85100,334180,44.31
2023-03-13,85800,86000,84200,85400,296157,44.28
2023-03-14,84600,85600,84200,85100,359518,44.25
2023-03-15,84600,87700,84600,86900,254200,44.2
2023-03-16,85900,87400,85800,87200,244341,44.2
2023-03-17,87700,92800,87700,91800,969249,44.33
2023-03-20,91900,92000,90400,90600,221188,44.32
2023-03-21,90600,91100,89700,89900,229388,44.33
2023-03-22,90100,90500,88800,89000,172111,44.32
2023-03-23,89500,89500,87900,88400,270000,44.31
2023-03-24,87300,88000,86500,87500,310876,44.33
2023-03-27,88200,88200,86900,87500,199130,44.33
2023-03-28,87300,88700,83400,85400,586707,44.32
2023-03-29,85500,86300,84700,86000,559771,44.41
2023-03-30,85000,85800,83800,84200,574097,44.35
2023-03-31,84300,84500,83900,83900,362744,44.34
2023-04-03,83600,84100,83100,83600,283477,44.32
2023-04-04,84100,84300,83100,84300,256511,44.3
2023-04-05,84400,84400,83600,83900,197744,44.25
2023-04-06,84000,84200,83500,83800,257997,44.24
2023-04-07,83600,83800,83100,83400,183581,44.24
2023-04-10,83200,83800,82700,83000,190606,44.2
2023-04-11,82700,83200,82100,82700,284076,44.16
2023-04-12,82600,83500,82500,83400,218613,44.24
2023-04-13,83000,83700,82700,83500,317651,44.17
2023-04-14,83500,84300,83500,83600,276189,44.17
2023-04-17,84000,84500,83100,84300,391625,44.2
2023-04-18,84500,85700,83900,85700,555891,44.34
2023-04-19,85900,86400,85800,86200,399177,44.4
2023-04-20,85700,86400,85400,86400,264485,44.45
2023-04-21,86400,87500,85900,87200,367082,44.48
2023-04-24,87200,87500,85500,86000,375510,44.5
2023-04-25,85900,86500,85800,86000,400370,44.51
2023-04-26,85500,85900,85100,85600,199489,44.52
2023-04-27,85100,86000,84500,84700,217952,44.57
2023-04-28,84500,85900,84000,85800,226635,44.61
2023-05-02,85200,85500,84700,85100,197544,44.58
2023-05-03,85000,86500,85000,86200,271814,44.62
2023-05-04,85800,86000,85000,85100,305978,44.6
2023-05-08,84700,86000,84700,85600,367173,44.58
2023-05-09,85500,85700,85100,85600,179168,44.57
2023-05-10,85200,85900,84600,84800,321430,44.54
2023-05-11,85100,86200,85100,85200,269367,44.53
2023-05-12,85000,85000,84200,84600,394059,44.51
2023-05-15,84300,85000,84200,84700,301218,44.49
2023-05-16,84400,85300,84000,84100,167084,44.45
2023-05-17,83900,84300,83200,84000,257050,44.4
2023-05-18,83800,84300,83500,83900,272863,44.34
2023-05-19,83700,84600,83700,84100,274944,44.28
2023-05-22,84500,84500,83800,83900,306456,44.2
2023-05-23,84000,84000,83400,83500,334334,44.12
2023-05-24,83500,83900,83300,83700,267226,44.11
2023-05-25,83400,84100,83400,83600,387468,44.06
2023-05-26,83400,83900,83200,83500,280267,43.96
2023-05-30,83800,83800,83100,83500,410945,43.89
2023-05-31,83200,83800,83100,83600,1155565,43.81
2023-06-01,83400,83500,83000,83000,288669,43.73
2023-06-02,83000,83400,82800,83200,197700,43.67
2023-06-05,83300,83500,83100,83100,240720,43.61
2023-06-07,83000,83500,83000,83000,295218,43.54
2023-06-08,83200,83300,82900,83000,302142,43.48
2023-06-09,83000,83200,82700,83100,290201,43.39
2023-06-12,83400,83900,83000,83200,196505,43.36
2023-06-13,83500,83700,83000,83100,224300,43.28
2023-06-14,83000,83000,81500,81600,578325,43.0
2023-06-15,82000,82600,81700,81900,313857,42.97
2023-06-16,82400,82700,82000,82500,462569,42.96
2023-06-19,82500,82700,82100,82400,200580,42.95
2023-06-20,82400,82700,82000,82200,225228,42.95
2023-06-21,82500,82500,81700,82000,292574,42.91
2023-06-22,82300,83100,82000,83100,173925,42.9
2023-06-23,83000,83300,82500,82800,192415,42.9
2023-06-26,83100,83900,82700,83900,268357,42.94
2023-06-27,84000,84700,83800,84400,283109,42.97
2023-06-28,84700,84700,83600,84000,344038,42.9
2023-06-29,82300,83000,82000,82000,353899,42.73
2023-06-30,82600,83800,82100,82800,210913,42.75
2023-07-03,83000,83600,82400,82800,269444,42.74
2023-07-04,82400,82900,82200,82300,189844,42.75
2023-07-05,82200,82600,82000,82000,206541,42.79
2023-07-06,81900,82000,81300,81700,352258,42.8
2023-07-07,81500,81800,81200,81300,232658,42.81
2023-07-10,81400,82100,81000,81600,179455,42.81
2023-07-11,81700,82200,81500,82100,180225,42.81
2023-07-12,81800,82300,81800,82000,177681,42.81
2023-07-13,82300,83400,82300,82700,424884,42.91
2023-07-14,83400,83400,82400,82800,248963,42.87
2023-07-17,82400,83300,82000,82000,225706,42.86
2023-07-18,82300,82300,81700,82000,183277,42.85
2023-07-19,82000,82300,81900,82000,156834,42.87
2023-07-20,82000,82300,81900,82000,126697,42.88
2023-07-21,82200,82500,81900,82300,118735,42.9
2023-07-24,82200,82500,81800,82000,258175,42.93
2023-07-25,82200,82500,81900,82200,229733,42.98
2023-07-26,81900,82900,81700,82800,543071,43.02
2023-07-27,82900,84100,82600,84000,413064,43.08
2023-07-28,83300,83600,82700,83400,222312,43.07
2023-07-31,83400,83400,82400,82600,412091,43.03
2023-08-01,82100,83800,82100,83500,200466,43.05
2023-08-02,82900,83800,82900,83100,232380,43.04
2023-08-03,83600,84100,82800,84000,340962,43.07
2023-08-04,84700,85200,83100,84800,496591,43.05
2023-08-07,84400,86800,84300,86000,437932,43.04
2023-08-08,86100,86100,83900,84100,341298,42.95
2023-08-09,84100,84500,83600,83800,237941,42.9
2023-08-10,83900,85100,83800,85000,374744,42.86
2023-08-11,85000,85700,84800,85000,201613,42.8
2023-08-14,85200,86700,85100,86500,351523,42.79
2023-08-16,85900,86100,84700,85200,270609,42.75
2023-08-17,85100,85600,83900,84900,259905,42.69
2023-08-18,84500,85900,84500,85400,268718,42.65
2023-08-21,85700,86000,84900,85400,222944,42.58
2023-08-22,85400,86300,84300,85700,302520,42.52
2023-08-23,85000,86300,84900,86000,240575,42.44
2023-08-24,86000,86400,85600,85700,213347,42.38
2023-08-25,85500,87100,85500,86900,306195,42.39
2023-08-28,87400,87600,86700,87100,206172,42.33
2023-08-29,87100,87500,86700,86900,184892,42.27
2023-08-30,87000,87400,86000,86200,275697,42.19
2023-08-31,86200,87400,86200,86900,550195,42.1
2023-09-01,86400,87400,86400,87000,229847,42.08
2023-09-04,86500,87300,86100,86900,213105,42.06
2023-09-05,86600,87500,86600,87200,177301,42.02
2023-09-06,86800,87600,86800,87400,206728,42.0
2023-09-07,87200,88400,87200,88200,267087,41.96
2023-09-08,88500,88800,87800,88500,234712,41.9
2023-09-11,88500,89300,88000,88700,215173,41.86
2023-09-12,88900,89300,88200,88200,273085,41.77
2023-09-13,88000,89200,87800,89100,356583,41.68
2023-09-14,89500,90500,89000,90500,389549,41.63
2023-09-15,90500,91100,89700,90300,508697,41.54
2023-09-18,90100,91400,90100,91000,225456,41.51
2023-09-19,90900,91100,89500,89600,230800,41.44
2023-09-20,89600,90800,89400,90200,287952,41.41
2023-09-21,89700,90200,88100,88400,397904,41.42
2023-09-22,88000,88400,86500,87300,285112,41.4
2023-09-25,87300,88300,87100,87500,245594,41.42
2023-09-26,86700,87000,85300,86000,382659,41.38
2023-09-27,86000,86500,85400,86300,271003,41.36
2023-10-04,85400,86000,83800,83800,655029,41.27
2023-10-05,84000,84800,84000,84400,209821,41.25
2023-10-06,84900,85400,84200,85300,196079,41.24
2023-10-10,87000,87400,85400,85900,331291,41.2
2023-10-11,86100,87300,85800,86700,311183,41.13
2023-10-12,87500,87800,86200,87700,299007,41.13
2023-10-13,86600,87400,86000,87000,148817,41.13
2023-10-16,86600,89000,86600,89000,316121,41.18
2023-10-17,89200,89200,87300,88000,229413,41.17
2023-10-18,88000,88900,87800,88700,189516,41.18
2023-10-19,88500,88800,87400,88300,183591,41.2
2023-10-20,88000,88300,87000,87000,261106,41.2
2023-10-23,87900,88000,86500,87200,185193,41.22
2023-10-24,88000,88100,86200,86800,175217,42.32
2023-10-25,86800,87700,86700,86900,133589,42.34
2023-10-26,87500,87500,85500,86200,200915,42.34
2023-10-27,87000,87400,86100,86500,160187,42.34
2023-10-30,86100,86900,85000,85300,247368,42.32
2023-10-31,86100,86500,85100,85300,323976,42.32
2023-11-01,85400,87400,85100,87200,228028,42.34
2023-11-02,87500,88000,87000,87000,163370,42.33
2023-11-03,88000,88400,87100,87300,156975,42.32
2023-11-06,87300,89700,86700,89700,301504,42.32
2023-11-07,88900,89800,87600,89800,205168,42.36
2023-11-08,89800,89800,88000,88000,228356,42.32
2023-11-09,88200,89100,88000,88900,180288,42.38
2023-11-10,89000,89600,88600,89600,204150,42.42
2023-11-13,90100,90500,89500,90300,184897,42.43
2023-11-14,91200,92800,90500,91800,488498,42.46
2023-11-15,92600,92900,91600,92400,326460,42.46
2023-11-16,92600,92900,90500,91300,248053,42.48
2023-11-17,91300,91600,90400,90700,154161,42.47
2023-11-20,90700,91900,90400,91000,222199,42.45
2023-11-21,91900,91900,90600,91200,206618,42.45
2023-11-22,90300,91700,90300,91500,122382,42.47
2023-11-23,90700,91400,90500,90600,155871,42.44
2023-11-24,90900,91100,90200,90600,177071,42.42
2023-11-27,90600,91300,90300,91000,178105,42.39
2023-11-28,91300,91300,90500,90600,179689,42.36
2023-11-29,90100,90600,88200,88500,334409,42.27
2023-11-30,87000,89100,86900,88200,598531,42.18
2023-12-01,88500,89800,88500,89400,165221,42.21
2023-12-04,90000,90000,88900,89000,98730,42.23
2023-12-05,89000,90500,88700,90000,330391,42.25
2023-12-06,90500,91000,90100,90400,305828,42.26
2023-12-07,90500,91400,90500,91300,199418,42.3
2023-12-08,91600,91600,90500,90800,145279,42.28
2023-12-11,91500,91600,90900,91500,155747,42.28
2023-12-12,91900,91900,91100,91500,277773,42.26
2023-12-13,91500,91800,91200,91700,191233,42.26
2023-12-14,92000,92000,90900,91100,490553,42.23
2023-12-15,91000,91500,90800,91400,636438,42.3
2023-12-18,91000,91000,90300,91000,166786,42.4
2023-12-19,90900,91400,90500,91200,279263,42.53
2023-12-20,91600,91600,91000,91400,201672,42.45
2023-12-21,91000,91300,90500,90800,144757,42.43
2023-12-22,90700,90800,89900,90400,227302,42.42
2023-12-26,90800,91000,90200,90900,386809,42.39
2023-12-27,87000,87900,85400,85700,625680,42.44
2023-12-28,86000,87300,85700,86900,279934,42.36
2024-01-02,86000,89800,86000,89300,291323,42.48
2024-01-03,89200,90500,88400,89900,345004,42.63
2024-01-04,89000,90400,89000,90400,255936,42.68
2024-01-05,91000,91000,88200,88800,203223,42.7
2024-01-08,89000,90600,88800,90300,216340,42.72
2024-01-09,90900,90900,89900,90600,161646,42.69
2024-01-10,90600,90900,90300,90900,146659,42.71
2024-01-11,91000,91000,89900,90000,206354,42.71
2024-01-12,89500,90000,87100,87400,312816,42.62
2024-01-15,87500,87900,86900,87500,199022,42.62
2024-01-16,86700,87400,85600,85600,263587,42.57
2024-01-17,86100,86100,83700,84500,450259,42.48
2024-01-18,85200,85500,83900,83900,184579,42.43
2024-01-19,84300,85500,84300,85100,165716,42.46
2024-01-22,85400,86300,85000,85700,123088,42.44
2024-01-23,86400,86600,85300,86600,132482,42.45
2024-01-24,86000,86500,85400,85900,138766,42.44
2024-01-25,86000,87900,85600,87900,177593,42.45
2024-01-26,86800,88900,86800,87900,159565,42.45
2024-01-29,88000,89900,87900,89000,190915,42.48
2024-01-30,89600,90000,88900,89000,159337,42.49
2024-01-31,88600,90600,88100,90600,344215,42.54
2024-02-01,89400,93100,89300,92600,538265,42.6
2024-02-02,92100,93500,91500,92900,300576,42.63
2024-02-05,91500,92000,90000,90900,274244,42.7
2024-02-06,90000,91400,89500,90000,147849,42.71
2024-02-07,91000,91600,90000,90200,149221,42.7
2024-02-08,91400,91500,90100,91000,210904,42.68
2024-02-13,91900,92500,90200,90400,262489,42.64
2024-02-14,89300,90200,89000,89200,222204,42.63
2024-02-15,90400,90500,89500,89800,108405,42.63
2024-02-16,90900,90900,90000,90900,154025,42.64
2024-02-19,90100,91600,90100,91100,192039,42.62
2024-02-20,90900,91700,90600,91400,171569,42.65
2024-02-21,91900,92000,90500,92000,187464,42.68
2024-02-22,92200,92300,91000,92000,176713,42.68
2024-02-23,91500,93000,91200,93000,213651,42.73
2024-02-26,93300,93300,91400,92100,187749,42.73
2024-02-27,92100,92500,91600,91800,261875,42.72
2024-02-28,92100,92300,91200,92000,118421,42.77
2024-02-29,91600,93000,91500,93000,345687,42.85
2024-03-04,93000,93500,92000,92800,173358,42.9
2024-03-05,92000,93400,92000,92300,121411,42.94
2024-03-06,92400,93300,91600,91900,158444,42.96
2024-03-07,91900,92000,91500,91800,110621,42.95
2024-03-08,93000,94000,92700,93900,340112,44.18
2024-03-11,93300,93500,91700,92200,106535,44.15
2024-03-12,93000,93500,92200,92800,143778,44.14
2024-03-13,93700,94400,93000,94000,178824,44.2
2024-03-14,94200,96000,93900,95200,389450,44.31
2024-03-15,95000,95300,92600,92600,357769,44.29
2024-03-18,93500,94300,92400,92700,116366,44.29
2024-03-19,91900,93300,91600,92400,241648,44.31
2024-03-20,93000,93000,91000,91300,296408,44.29
2024-03-21,91500,93200,91400,92300,254882,44.28
2024-03-22,91800,93300,91800,92500,133292,44.28
2024-03-25,92300,92900,91900,92100,262316,44.28
2024-03-26,92800,93600,92600,93500,154412,44.26
2024-03-27,92500,94200,92400,93900,149813,44.29
2024-03-28,93500,94000,92800,93700,203097,44.29
2024-03-29,94000,94400,93200,93500,111716,44.31
2024-04-01,94200,94200,91000,91500,196148,44.27
2024-04-02,90500,92400,90500,91300,159109,44.3
2024-04-03,90900,91300,89700,90100,211725,44.34
2024-04-04,91300,91400,90100,90700,142055,44.38
2024-04-05,89800,91600,89800,90800,114172,44.41
2024-04-08,90800,92000,90100,91200,131232,44.44
2024-04-09,92000,92100,90600,90900,109272,44.44
2024-04-11,90200,91300,89700,90500,315528,44.5
2024-04-12,89600,89700,88000,88300,298018,44.46
2024-04-15,88300,89600,87500,89600,184345,44.48
2024-04-16,88800,89600,88500,88800,171516,44.5
2024-04-17,89600,89600,88500,88900,114084,44.5
2024-04-18,89700,90900,89100,89800,226370,44.53
2024-04-19,88600,89800,88500,89600,186757,44.56
2024-04-22,90500,90900,89600,90900,146302,44.56
2024-04-23,90100,90700,89500,89700,157351,44.53
2024-04-24,90000,90100,89200,89400,153709,44.51
2024-04-25,88400,89600,88400,89000,147980,44.51
2024-04-26,89200,89500,88600,88900,87802,44.52
2024-04-29,89400,89900,88800,89800,134934,44.5
2024-04-30,89000,89800,89000,89400,123597,44.5
2024-05-02,89000,91200,89000,90900,316777,44.55
2024-05-03,91100,92100,90300,92100,182457,44.6
2024-05-07,92600,92700,91400,92700,230601,44.59
2024-05-08,92600,92700,90900,91700,184799,44.59
2024-05-09,91600,91900,91000,91500,225605,44.58
2024-05-10,92100,92200,90300,90600,162914,44.53
2024-05-13,90100,90800,89800,90100,172605,44.49
2024-05-14,90000,90300,89700,89700,185774,44.46
2024-05-16,90500,90900,89700,90100,281384,44.43
2024-05-17,89700,90200,89300,89300,364754,44.36
2024-05-20,88500,89800,88500,89000,281030,44.3
2024-05-21,88500,88700,87600,87700,399863,44.13
2024-05-22,87700,88400,87100,88000,138716,44.11
2024-05-23,87400,88000,87000,87100,211056,44.07
2024-05-24,86500,87100,86400,86400,184026,44.04
2024-05-27,86400,86900,86100,86200,178766,43.94
2024-05-28,86000,86400,85700,86100,154853,43.91
2024-05-29,85500,86000,85500,85600,195308,43.86
2024-05-30,85000,85600,84900,85200,308883,43.82
2024-05-31,86000,86000,83500,83500,672731,43.61
2024-06-03,84300,85300,84300,84800,379168,43.56
2024-06-04,84300,85600,84300,85200,219545,43.56
2024-06-05,85500,86100,85000,85500,178185,43.53
2024-06-07,86300,86900,86000,86700,285464,43.53
2024-06-10,85900,86700,85500,85900,159538,43.52
2024-06-11,86000,86900,85900,86500,185079,43.51
2024-06-12,86100,86800,86000,86500,126821,43.5
2024-06-13,86500,87300,85900,85900,349698,43.49
2024-06-14,85300,86800,85300,86800,490156,43.56
2024-06-17,86500,86800,86000,86800,104525,43.57
2024-06-18,86700,87000,86100,86500,213667,43.53
2024-06-19,87200,87300,86000,86400,153855,43.5
2024-06-20,86000,86900,86000,86700,165516,43.4
2024-06-21,86800,87000,86100,86300,206548,43.35
2024-06-24,86500,86500,85700,85900,171990,43.32
2024-06-25,86600,86600,85700,85800,222460,43.29
2024-06-26,85500,86500,85000,86500,272263,43.27
2024-06-27,85600,86000,84800,85900,414448,43.28
2024-06-28,85900,88200,85800,88200,366547,43.37
2024-07-01,87300,87400,86300,87300,217362,43.38
2024-07-02,86600,88000,86500,88000,214172,43.45
2024-07-03,88400,88400,87300,88000,212138,43.45
2024-07-04,88000,88200,87100,88000,189932,43.38
2024-07-05,88000,88200,87300,88000,225187,43.34
2024-07-08,87200,87500,86000,86000,232173,43.26
2024-07-09,86400,86800,85800,86100,151944,43.25
2024-07-10,85900,86500,85800,86100,139837,43.26
2024-07-11,86500,86900,85700,86900,254240,43.25
2024-07-12,87100,87700,86600,87500,270507,43.28
2024-07-15,87800,87800,86900,87000,167883,43.31
2024-07-16,87300,87400,86800,87200,163617,43.33
2024-07-17,87500,88000,87000,87900,190683,43.36
2024-07-18,88100,90500,87800,90000,520569,43.57
2024-07-19,89200,90400,89000,90400,245583,43.65
2024-07-22,90400,93200,90100,92900,674656,43.92
2024-07-23,92100,93500,91700,93400,364168,44.05
2024-07-24,92600,93500,92500,93400,177357,44.1
2024-07-25,93400,93600,92200,93200,229656,44.15
2024-07-26,93000,93900,92300,93800,307783,44.25
2024-07-29,93500,93900,91800,92500,165741,44.27
2024-07-30,91100,93200,90700,92700,244180,44.35
2024-07-31,92900,93300,91600,93300,315317,44.47
2024-08-01,92200,92700,91500,92600,202121,44.51
2024-08-02,92600,92900,91100,92000,223028,44.54
2024-08-05,90800,91200,87100,87300,484912,44.55
2024-08-06,90900,91000,87600,89100,398711,44.61
2024-08-07,87900,93400,87700,93400,406099,44.67
2024-08-08,93300,95000,92600,94800,492641,44.72
2024-08-09,95000,101500,94300,100600,1372172,45.19
2024-08-12,100600,100600,99000,100200,381600,45.16
2024-08-13,99900,104300,99800,103000,609565,45.13
2024-08-14,102400,103800,100900,101900,365851,45.11
2024-08-16,102800,102800,99000,99100,546074,45.11
2024-08-19,98500,101500,98300,101100,429122,45.1
2024-08-20,101100,101600,100000,100100,245611,45.05
2024-08-21,100900,103000,100500,102200,348800,44.98
2024-08-22,102200,104300,101600,104300,370413,44.98
2024-08-23,104300,108300,104100,107300,524108,44.95
2024-08-26,106300,109500,106100,109400,344226,44.89
2024-08-27,110000,111300,108100,111000,455442,44.9
2024-08-28,110500,113500,109400,109800,462445,44.84
2024-08-29,109800,111200,107300,108100,387630,44.81
2024-08-30,108000,109600,107100,108200,368997,44.74
2024-09-02,107500,108800,106200,107400,308855,44.75
2024-09-03,107500,110900,107300,108500,277092,44.69
2024-09-04,108000,110200,107400,108700,378910,44.68
2024-09-05,108700,110400,107800,108900,299962,44.58
2024-09-06,110000,113500,109200,111400,720222,44.55
2024-09-09,109500,110700,107400,109700,351418,44.54
2024-09-10,109200,112900,108900,111000,475284,44.58
2024-09-11,112000,113300,109700,110200,401359,44.57
2024-09-12,110700,111500,108100,110000,554347,44.61
2024-09-13,109800,112200,109400,111500,290833,44.62
2024-09-19,111500,111500,105400,106700,552656,44.51
2024-09-20,106900,107500,105400,107100,434967,44.57
2024-09-23,107800,107800,105600,107500,339102,44.6
2024-09-24,107500,108400,106300,107700,304550,44.58
2024-09-25,111200,111300,107300,108300,426727,44.58
2024-09-26,108500,108900,106700,107200,400214,44.6
2024-09-27,108200,110300,106300,108900,330932,44.66
2024-09-30,110400,111300,108200,108900,357896,44.68
2024-10-02,107800,107800,104000,104500,381912,44.64
2024-10-04,104600,105000,102100,103900,319382,44.64
2024-10-07,102900,104500,102000,103700,294902,44.65
2024-10-08,103000,104000,102600,103500,133554,44.66
2024-10-10,105500,116900,104100,116900,393924,44.62
2024-10-11,110300,110400,102100,102200,360879,44.52
2024-10-14,103000,107500,102800,107300,266095,44.55
2024-10-15,106500,106800,104700,105300,260552,44.53
2024-10-16,104600,108500,104600,107500,251790,44.52
2024-10-17,108000,109400,107100,107500,146401,44.49
2024-10-18,108500,109600,106800,106800,143666,44.47
2024-10-21,107500,109200,106600,106600,81992,44.48
2024-10-22,104900,108900,104800,107900,215929,44.46
2024-10-23,109700,111600,107500,107500,189445,44.47
2024-10-24,108200,109900,107600,109300,265077,44.46
2024-10-25,108800,111800,108700,111600,173220,44.43
2024-10-28,111600,112400,110000,110700,132127,44.4
2024-10-29,110300,111300,108700,110600,130912,44.39
2024-10-30,111500,111500,109700,110000,210077,44.38
2024-10-31,110900,111800,109100,109700,191505,45.63
2024-11-01,109800,111400,109400,110000,126119,45.64
2024-11-04,109400,110800,107600,110800,146134,45.63
2024-11-05,109700,110800,108700,109200,124685,45.62
2024-11-06,108700,112600,108700,110600,111992,45.62
2024-11-07,109500,113600,107900,107900,221040,45.6
2024-11-08,113600,123000,113300,119500,740193,45.71
2024-11-11,119400,122200,119200,122000,345564,45.66
2024-11-12,120800,124000,120300,122900,421710,45.6
2024-11-13,122900,124900,121800,123000,316727,45.48
2024-11-14,123000,123300,119300,120800,343627,45.38
2024-11-15,121500,122000,115700,118100,296532,45.29
2024-11-18,115400,117900,114000,116700,290566,45.21
2024-11-19,116200,118400,114900,115900,327701,45.11
2024-11-20,114700,116600,114700,115500,307003,45.0
2024-11-21,115600,118600,115600,115900,636745,44.87
2024-11-22,118200,120800,117300,119200,252214,44.79
2024-11-25,120300,122000,117700,117900,707488,44.61
2024-11-26,115600,121100,115000,119900,224356,44.57
2024-11-27,119000,122000,119000,120700,253651,44.52
2024-11-28,121900,121900,119800,121400,105850,44.49
2024-11-29,121400,126400,120100,121800,389053,44.47
2024-12-02,125400,125400,119700,120900,315099,44.39
2024-12-03,122100,124700,121100,122900,274542,44.4
2024-12-04,122700,125000,121200,123400,267948,44.36
2024-12-05,123500,126000,120900,122000,164571,44.27
2024-12-06,122900,122900,117600,118100,198518,44.23
2024-12-09,119000,120000,116900,119200,202230,44.18
2024-12-10,120400,122300,116500,117100,270126,44.13
2024-12-11,116300,117900,115900,116300,209944,44.11
2024-12-12,116900,117500,115100,116000,446774,44.22
2024-12-13,115100,115500,111700,114900,282729,44.19
2024-12-16,114400,115500,113300,113900,153066,44.65
2024-12-17,112700,113600,108500,110300,386779,44.65
2024-12-18,110300,110900,109200,110600,188852,44.62
2024-12-19,109100,111900,108600,110600,309181,44.62
2024-12-20,109200,109700,106800,107600,385864,44.59
2024-12-23,108300,110200,108200,110100,129000,44.52
2024-12-24,110500,110600,109000,110000,92374,44.5
2024-12-26,110500,110600,108500,109300,110901,44.51
2024-12-27,108300,109100,107000,107600,99689,44.5
2024-12-30,108200,109100,106800,107100,100000,44.49
2025-01-02,106000,108000,106000,107100,98883,44.5
2025-01-03,105600,107300,105000,105700,204126,44.5
2025-01-06,104700,105400,102500,104600,270217,44.54
2025-01-07,105000,107600,105000,106300,196401,44.54
2025-01-08,105500,107000,105500,106200,159411,44.5
2025-01-09,105500,109300,105400,107300,400617,44.61
2025-01-10,107300,110200,107300,109000,304001,44.62
2025-01-13,108000,111400,108000,109500,209595,44.61
2025-01-14,109900,109900,108200,109000,156949,44.6
2025-01-15,109000,109500,107200,108100,182422,44.61
2025-01-16,107800,108100,106000,106300,164316,44.6
2025-01-17,106600,107300,105600,105900,177352,44.59
2025-01-20,105600,107200,104400,104600,94925,44.59
2025-01-21,105600,107900,105300,105800,171857,44.59
2025-01-22,107000,107200,104800,105200,101506,44.58
2025-01-23,106100,106300,104200,105500,164961,44.54
2025-01-24,105800,107200,105600,105900,134249,44.51
2025-01-31,109000,110800,108100,110600,305920,44.53
2025-02-03,108200,113900,108200,113200,337758,44.49
2025-02-04,112700,113200,110400,110400,303999,44.42
2025-02-05,110400,113000,110400,111000,162854,44.4
2025-02-06,111000,113600,111000,112700,171723,44.38
2025-02-07,111400,111400,106700,109200,358008,44.29
2025-02-10,109600,110800,108300,108300,163745,44.26
2025-02-11,108300,109300,108100,108500,171472,44.22
2025-02-12,109500,109500,106800,106900,165230,44.17
2025-02-13,107200,107600,104900,104900,382824,44.06
2025-02-14,105100,106800,104500,106500,176588,44.04
2025-02-17,107000,107400,105600,107400,152500,44.02
2025-02-18,106700,107400,103300,105000,272611,43.93
2025-02-19,104200,106400,104200,105900,181954,43.9
2025-02-20,104900,105600,104700,105200,182083,43.85
2025-02-21,105100,105200,104100,104100,267203,43.75
2025-02-24,104400,104800,102900,103500,263548,43.65
2025-02-25,102500,103500,101200,103500,366891,43.55
2025-02-26,102500,104700,102000,104100,369570,43.44
2025-02-27,101300,102400,99600,100100,509928,43.38
2025-02-28,98200,99900,97300,98300,1051878,43.29
2025-03-04,97200,100300,97100,99600,324390,43.31
2025-03-05,98700,99500,96900,96900,350677,44.45
2025-03-06,96800,99300,95700,99200,318797,44.5
2025-03-07,99000,99400,97500,97500,227354,44.46
2025-03-10,97000,98900,97000,97700,223592,44.46
2025-03-11,96700,97700,96000,96000,178155,44.44
2025-03-12,95500,95900,94800,95200,259338,44.44
2025-03-13,95000,96200,94600,96100,415717,44.48
2025-03-14,95400,96100,94600,95000,179380,44.45
2025-03-17,95400,96300,94800,96300,183054,44.42
2025-03-18,96400,98100,96000,96800,237595,44.41
2025-03-19,97400,98300,96800,97500,225467,44.34
2025-03-20,97500,102100,97500,102100,445765,44.34
2025-03-21,101000,102000,99900,100600,323131,44.29
2025-03-24,100600,102400,100300,101100,262741,44.25
2025-03-25,100100,101800,99800,101300,184063,44.22
2025-03-26,102000,102000,99500,100100,176341,44.18
2025-03-27,98700,103300,98700,102000,324127,44.11
2025-03-28,103100,103600,101800,102700,324007,44.03
2025-03-31,101600,102200,100100,101100,289959,43.93
2025-04-01,100400,102700,100300,102200,194830,43.93
2025-04-02,101600,103700,101600,102200,198035,43.96
2025-04-03,99400,102900,99200,102700,386378,43.94
2025-04-04,102200,103200,101400,102600,210634,43.96
2025-04-07,99400,101400,97900,100500,332984,43.9
2025-04-08,101500,104600,99300,103900,443363,43.93
2025-04-09,104000,104700,100700,101900,328430,43.86
2025-04-10,101700,105000,101000,104900,415921,43.81
2025-04-11,103900,105600,103600,105600,229364,43.85
2025-04-14,105600,108100,104500,106600,253696,43.87
2025-04-15,106800,107800,106400,107800,225281,43.86
2025-04-16,107800,110400,107500,109400,348897,43.86
2025-04-17,110200,110600,108500,110000,240698,43.91
2025-04-18,109500,110700,109200,109600,101635,43.93
2025-04-21,109500,110700,109300,110600,171700,43.93
2025-04-22,111300,115600,110300,114500,406191,43.96
2025-04-23,115200,115300,111700,112900,303594,43.94
2025-04-24,111900,114200,111800,113500,232176,43.98
2025-04-25,113500,114100,112100,112900,272425,44.03
2025-04-28,111500,114100,111500,113400,210257,44.04
2025-04-29,113000,114200,112600,113300,193556,44.01
2025-04-30,112100,115700,112000,114700,357380,44.01
2025-05-02,113700,116400,113700,116000,174752,44.0
2025-05-07,118900,119000,114400,114800,209308,44.0
2025-05-08,114000,119200,114000,117500,618900,43.92
2025-05-09,117500,121000,117400,118200,356899,43.87
2025-05-12,118400,119800,115500,116100,306412,43.79
2025-05-13,114700,116300,113200,115700,306571,43.72
2025-05-14,115300,117700,115000,116600,275214,43.69
2025-05-15,115200,117400,115200,115900,175261,43.7
2025-05-16,115600,120000,115600,119700,273447,43.65
2025-05-19,118700,120300,117400,118000,265046,43.62
2025-05-20,118800,120200,117800,118200,217964,43.55
2025-05-21,118000,119500,117800,118400,240677,43.51
2025-05-22,116100,120200,116100,119600,248753,43.48
2025-05-23,118500,120100,118500,119400,113853,43.45
2025-05-26,119400,125000,119300,125000,250411,43.43
2025-05-27,123800,124800,122500,123500,223311,43.4
2025-05-28,122200,124700,121800,122600,309123,43.35
2025-05-29,122700,123400,120100,121000,314033,43.35
2025-05-30,119200,121600,119100,120200,632476,43.31
2025-06-02,119200,125400,119200,120600,319843,43.33
2025-06-04,123200,125700,123100,124400,447300,43.36
2025-06-05,122200,124900,121900,122200,249131,43.33
2025-06-09,121800,124200,120900,123300,317244,43.41
2025-06-10,122200,123400,120300,122000,317841,43.42
2025-06-11,120800,122400,119200,121600,341557,43.45
2025-06-12,120100,123900,120100,122200,382836,43.54
2025-06-13,123100,125100,122300,123200,375743,43.62
2025-06-16,124500,124700,121100,123000,249972,43.59
2025-06-17,121400,124300,121000,123700,265507,43.66
2025-06-18,122500,127600,122500,126500,375694,43.66
2025-06-19,126400,127000,124500,125600,177468,43.66
2025-06-20,125900,126700,122300,125500,619936,43.67
2025-06-23,124300,125200,122400,123700,279205,43.69
2025-06-24,125000,125100,122900,124600,496360,43.7
2025-06-25,123500,126600,123400,125300,317989,43.76
2025-06-26,124600,125800,124200,124800,432100,43.77
2025-06-27,124800,125300,122500,123300,338115,43.77
2025-06-30,124600,128200,123600,127700,338240,43.74
2025-07-01,127600,128800,126500,127200,411331,43.69
2025-07-02,126300,130300,126200,130200,448537,43.62
2025-07-03,130200,130500,127900,128400,276376,43.52
2025-07-04,128800,131200,128700,129600,304612,43.44
2025-07-07,130500,137800,130200,136200,432010,43.35
2025-07-08,138600,138800,134300,134500,366422,43.3
2025-07-09,134000,138000,134000,137400,247265,43.26
2025-07-10,136600,136900,134300,135600,358856,43.26
2025-07-11,135000,141000,135000,136400,257589,43.21
2025-07-14,137600,144000,137500,140700,370593,43.18
2025-07-15,141000,142700,139000,140500,283478,43.13
2025-07-16,139600,141000,138600,140000,254278,43.08
2025-07-17,140500,141800,139200,140700,170768,43.06
2025-07-18,140500,141800,138100,139500,205945,43.01
2025-07-21,138400,139400,136500,136900,248447,43.05
2025-07-22,136000,137800,135600,136500,178292,43.05
2025-07-23,137200,137800,134400,134900,215097,43.0
2025-07-24,134800,135900,130100,131500,350537,43.01
2025-07-25,130200,133800,129700,132500,254636,42.97
2025-07-28,131300,131800,129800,131700,237391,42.99
2025-07-29,130200,131900,130000,131800,151062,42.98
2025-07-30,131000,132500,130500,131500,148281,42.97
2025-07-31,130200,131400,128600,130700,364854,42.97
2025-08-01,128300,132000,128100,129100,363694,43.02
2025-08-04,129200,137300,128700,136100,462112,42.91
2025-08-05,135400,138300,135100,137200,276809,42.8
2025-08-06,136300,140700,136300,140500,359163,42.75
2025-08-07,139800,141000,133900,138500,471443,42.68
2025-08-08,141400,149400,141400,147200,956482,42.8
2025-08-11,146500,146500,139000,140100,502812,42.7
2025-08-12,139600,141600,139100,140500,448170,42.61
2025-08-13,140000,140600,136100,137600,382035,42.55
2025-08-14,137000,138300,133700,133700,608992,42.46
2025-08-18,135300,137000,133500,133900,315502,42.38
2025-08-19,134700,137000,133200,133600,372358,42.27
2025-08-20,134900,137500,133400,136500,625091,42.14
2025-08-21,136000,137800,134900,137100,282823,41.99
2025-08-22,137200,138300,136900,136900,237003,41.89
2025-08-25,136600,138200,135700,137900,222227,41.8
2025-08-26,137000,140200,137000,137500,417755,41.69
2025-08-27,138200,139600,136700,137000,359913,41.66
2025-08-28,136500,137800,135000,136000,339433,41.58
2025-08-29,135300,136100,134300,134700,347393,41.5
2025-09-01,136000,139200,135300,137100,346368,41.42
2025-09-02,136500,137500,135200,135600,264416,41.3
2025-09-03,134200,136500,134200,135500,241907,41.25
2025-09-04,134400,137700,134400,136200,333047,41.16
2025-09-05,135800,137400,134400,135200,374890,41.08
2025-09-08,135800,136600,133700,134700,340062,41.0
2025-09-09,135300,135400,131200,131900,520769,41.01
2025-09-10,131700,133000,130900,131400,391917,41.06
2025-09-11,131500,134000,129700,132700,526644,41.08
2025-09-12,133500,136300,132600,133700,337098,41.03
2025-09-15,132600,139400,132400,136600,444862,40.96
2025-09-16,136000,138000,134400,135100,305389,40.94
2025-09-17,135000,137100,134900,136800,233972,40.91
2025-09-18,135700,140400,135700,139300,437640,40.84
2025-09-19,138600,141300,137900,140400,357012,40.85
2025-09-22,142300,147200,141900,142600,337932,40.8
2025-09-23,143800,147400,142400,142600,402124,40.72
2025-09-24,144100,146500,136900,140700,668907,40.76
2025-09-25,139900,140200,134100,134300,832342,40.68
2025-09-26,134300,138400,134100,137600,645794,40.69
2025-09-29,139700,140700,136000,136200,338408,40.64
2025-09-30,135000,135900,133000,133600,454421,41.37
2025-10-01,135700,136100,133900,134500,291164,41.38
2025-10-02,135300,135300,132700,134000,459383,41.38
2025-10-10,133500,135900,132300,135200,455552,41.27
2025-10-13,136300,137000,133700,134000,299645,41.19
2025-10-14,132700,139500,132400,139100,470888,41.23
2025-10-15,138000,140700,136500,136500,413797,41.16
2025-10-16,136100,140400,136100,138700,343614,41.09
2025-10-17,138100,140300,138100,139400,321837,41.03
2025-10-20,139100,140300,138200,139500,279618,40.98
2025-10-21,139000,140300,137300,138500,258185,40.99
2025-10-22,138100,139200,137200,137800,155039,40.97
2025-10-23,137200,138600,137100,137400,181064,41.01
2025-10-24,137700,137800,135400,136400,228973,41.02
2025-10-27,135500,136500,135500,135800,243015,41.01
2025-10-28,136200,136500,134700,135300,241600,41.0
2025-10-29,136900,136900,133800,134400,257196,40.98
2025-10-30,133500,135300,133400,134500,218507,41.03
2025-10-31,133900,135100,133500,134200,168404,41.01
2025-11-03,133500,134100,132700,133700,248230,41.01
2025-11-04,132700,136400,132100,136300,301464,41.03
2025-11-05,137600,138000,134800,135900,285743,41.01
2025-11-06,137100,138600,135100,137700,280952,41.05
2025-11-07,139300,143300,133900,135800,528669,41.08
2025-11-10,138000,139500,136300,139000,265988,41.15
2025-11-11,137700,139200,136500,137000,255876,41.17
2025-11-12,136700,141000,136600,141000,366247,41.28
2025-11-13,139600,141300,138500,140700,321910,41.31
2025-11-14,141300,143400,140100,142700,337461,42.02
2025-11-17,141500,143400,140700,142100,203167,42.07
2025-11-18,141800,143200,141100,141100,228703,42.11
2025-11-19,142600,146100,141300,144800,525737,42.19
2025-11-20,144800,144800,141800,141800,281440,42.16
2025-11-21,143900,146200,142300,145600,434334,42.17
2025-11-24,146000,146800,144600,146500,564200,42.12
2025-11-25,146400,146500,139800,140200,322552,42.07
2025-11-26,141000,142700,140300,142600,479813,42.11
2025-11-27,141400,144000,141400,144000,138853,42.12
2025-11-28,144000,146300,143400,145500,236465,42.15
2025-12-01,145600,145900,142200,143500,176245,42.16
2025-12-02,143700,145200,143100,144800,241958,42.2
2025-12-03,143800,145000,142800,144700,166315,42.21
2025-12-04,143700,144500,142200,143300,213311,42.17
2025-12-05,141900,143600,141600,143000,165393,42.15
2025-12-08,143000,143400,139000,141000,236702,42.17
2025-12-09,141000,141600,139300,141100,183780,42.19
2025-12-10,142000,142400,140900,141700,178822,42.26
2025-12-11,142200,142300,139100,141600,525150,42.42
2025-12-12,141600,143000,140000,141600,250053,42.46
2025-12-15,141600,143400,140700,143000,195933,42.54
2025-12-16,142600,150500,142600,150000,671134,42.63
2025-12-17,149100,149500,145000,145300,204316,42.6
2025-12-18,146700,146700,143600,143600,168291,42.58
2025-12-19,145800,146700,143500,146700,300065,42.6
2025-12-22,148000,148000,144100,144800,216068,42.59
2025-12-23,144900,145700,144200,145500,149341,42.64
2025-12-24,145500,146800,144500,145000,173335,42.69
2025-12-26,145300,145600,143600,144800,166353,42.73
2025-12-29,142000,144000,141500,143400,164694,42.76
2025-12-30,142500,143800,142000,142100,195611,42.75
2026-01-02,142100,142400,139500,140400,289112,42.79
2026-01-05,140500,142300,140000,141800,206288,42.88
2026-01-06,142300,142900,140500,142600,289486,42.99
2026-01-07,141200,143200,140300,143200,303379,43.07
2026-01-08,141800,142700,140600,142500,324875,43.11
2026-01-09,142500,143500,141600,142200,260196,43.13
2026-01-12,143000,143700,141700,143700,183983,43.19
2026-01-13,143800,144200,141200,142300,406633,43.19
2026-01-14,142800,144900,142000,144300,257069,43.25
2026-01-15,143700,144600,142800,143700,362981,43.18
2026-01-16,143400,143900,142100,142300,300217,43.16
2026-01-19,143000,146300,143000,144800,341277,43.26
2026-01-20,143400,148200,143300,146000,317731,43.31
2026-01-21,146100,147000,143200,144000,263017,43.26
2026-01-22,143100,146100,143100,144000,348412,43.29
2026-01-23,144200,145000,143100,144900,315179,43.29
2026-01-26,143800,145400,141700,142000,562810,43.22
2026-01-27,143300,145600,142200,144800,308382,43.32
2026-01-28,144000,144800,141900,143500,281618,43.29
2026-01-29,143000,145800,142200,145600,374672,43.37
2026-01-30,145100,153900,145100,153900,934467,43.64
2026-02-02,155500,157800,151200,154700,578834,43.67
2026-02-03,156800,157700,152800,157700,255217,43.68
2026-02-04,158900,164000,158900,161800,297174,43.69
2026-02-05,161800,163600,160100,161800,253036,43.73
2026-02-06,163000,166000,155000,163300,464036,43.71
2026-02-09,167600,170800,164600,168500,334073,43.67
2026-02-10,171200,173500,169200,172000,331305,43.61
2026-02-11,173200,174200,169600,171300,298625,43.57
2026-02-12,172100,173600,170000,172200,414317,43.48
2026-02-13,173300,175800,170100,173800,271724,43.46
2026-02-19,177200,178600,173400,175100,291334,43.43
2026-02-20,175200,180800,175100,177100,391647,43.39
2026-02-23,177100,178900,174700,176500,428220,43.36
2026-02-24,177200,177900,173000,173400,400123,43.27
2026-02-25,172800,181500,171000,179700,536213,43.26
2026-02-26,177700,177700,168600,169700,585083,43.1
2026-02-27,170600,171300,162700,163100,753342,43.06
2026-03-03,164100,165500,161000,162300,345972,43.1
2026-03-04,160000,160100,150500,151600,468822,43.26
2026-03-05,160100,160800,153100,156600,506566,43.34
2026-03-06,153000,155500,152200,154700,205487,43.38
2026-03-09,153000,156500,148000,153600,383462,43.45
2026-03-10,154400,157000,152600,154600,363840,43.44
2026-03-11,158800,158800,154300,154600,331171,43.44
2026-03-12,154500,157300,153100,155600,232965,44.73
2026-03-13,152600,154700,152100,153000,210944,44.78
2026-03-16,152900,155400,152100,152500,165822,44.81
2026-03-17,152700,156200,152700,155500,190944,44.85
2026-03-18,156100,159000,156000,158700,216109,44.83
2026-03-19,155300,157900,154400,157000,214761,44.86
2026-03-20,156200,159200,156200,157500,634794,44.87
2026-03-23,153800,155700,150700,151800,256426,44.93
2026-03-24,159200,159300,154100,157600,160153,44.92
2026-03-25,159300,160500,155800,155900,237720,44.89
2026-03-26,158000,158600,155200,155500,217390,44.86
2026-03-27,155400,158200,153200,158000,165718,44.85
2026-03-30,152400,159300,152100,157100,288919,44.82
2026-03-31,154600,164800,154400,159200,455757,44.79
2026-04-01,160300,162000,155900,160000,321925,44.74
2026-04-02,159000,161700,153200,154600,317054,44.75
2026-04-03,155500,158800,155300,156300,306643,44.76
2026-04-06,156500,159600,156000,157300,135560,44.75
2026-04-07,155800,157400,154000,154700,174395,44.75
2026-04-08,161000,162300,156000,158500,295081,44.72
2026-04-09,157700,164800,157700,163200,363496,44.79
2026-04-10,161100,164900,161100,164300,316978,44.83
2026-04-13,162300,167000,162300,165600,237808,44.89
2026-04-14,166000,169300,165900,168100,286053,44.95
2026-04-15,169900,171000,168100,170400,316874,45.0
2026-04-16,170800,172300,170500,171000,216498,45.01
2026-04-17,173300,173300,169400,171300,192731,45.03
2026-04-20,173500,174100,171500,171500,169349,45.08
2026-04-21,170600,175200,170000,173000,234094,45.1
2026-04-22,171500,173000,168000,171000,349101,45.13
2026-04-23,175000,175900,170000,171000,403614,45.19
2026-04-24,171500,179500,171300,176200,297692,45.24
2026-04-27,176600,179500,176300,177800,186304,45.27
2026-04-28,177300,178600,176000,178000,200115,45.31
2026-04-29,178300,179500,175200,176500,151392,45.32
2026-04-30,175400,179700,175400,178300,201945,45.35
2026-05-04,179700,181800,178500,179600,290753,45.41
2026-05-06,179600,179700,175200,175400,417035,45.48
2026-05-07,175400,177900,172900,176700,254358,45.5
2026-05-08,178800,183500,176700,181000,341984,45.61
2026-05-11,180200,184000,179300,180300,356102,45.68
2026-05-12,181900,184800,179200,182100,439130,45.75
2026-05-13,185400,186000,176200,178000,412520,45.79
2026-05-14,179500,189500,179200,189000,790963,50.8
2026-05-15,187200,188700,178100,179800,358267,50.75
2026-05-18,180000,181300,175100,178200,296118,50.76
2026-05-19,178100,179600,174400,177200,292938,50.81
2026-05-20,180900,181000,176100,178200,620469,50.88
2026-05-21,180100,181800,177100,181000,263330,50.92
2026-05-22,182700,188000,182000,188000,282513,51.01
2026-05-26,188000,190000,180600,182100,213091,51.01
2026-05-27,181300,184200,177700,179700,227834,51.05
2026-05-28,179700,183800,179600,183700,262744,51.13
2026-05-29,184000,186000,180000,184700,634103,51.16
2026-06-01,183300,186800,183300,185100,265352,51.24
2026-06-02,187100,188000,181600,184600,284061,51.26
2026-06-04,189900,189900,175600,175800,505523,51.14
2026-06-05,179600,182600,177300,179300,229262,51.14
2026-06-08,176700,178000,173200,177200,499333,51.1
2026-06-09,176700,185800,176600,184300,295569,51.18
2026-06-10,182000,185900,180800,185100,501047,51.24
2026-06-11,185000,186100,181400,185100,634757,51.04
2026-06-12,188900,190000,185100,187800,306772,51.13
2026-06-15,191300,192000,186700,188500,350831,51.08
2026-06-16,188000,192400,183700,185000,458876,51.23
2026-06-17,186300,189100,181300,187200,311158,51.25
2026-06-18,185400,187200,179600,180400,200543,51.25
2026-06-19,181500,182700,176600,180000,311038,51.29
2026-06-22,180700,180700,174200,174900,160942,51.31
2026-06-23,177200,180300,171000,172600,312098,51.28
2026-06-24,175000,175300,168000,168600,265975,51.31
2026-06-25,170900,175200,167900,170500,234385,51.34
2026-06-26,169700,171600,164000,167400,253878,51.36
2026-06-29,169000,172700,165000,172700,276985,51.36
2026-06-30,170400,172500,169200,169700,295656,51.32
