date,open,high,low,close,volume,foreign_ownership_ratio
2016-07-01,16255,16485,16255,16372,315231,13.59
2016-07-04,16524,17136,16371,16985,797555,13.64
2016-07-05,17136,17250,16600,16716,760118,13.59
2016-07-06,16600,16945,16179,16372,702002,13.53
2016-07-07,16639,17098,16524,16907,642556,13.62
2016-07-08,16868,16906,16447,16525,445682,13.35
2016-07-11,16752,17824,16639,17749,1420556,13.56
2016-07-12,17977,18589,17786,18284,1643947,13.37
2016-07-13,18627,18743,18092,18552,890491,13.4
2016-07-14,18397,18551,18054,18131,756330,13.26
2016-07-15,18321,18704,18207,18361,745790,13.23
2016-07-18,18589,19201,18513,19088,1246234,13.23
2016-07-19,18895,18895,18321,18667,1183830,13.25
2016-07-20,18589,19125,18513,19049,708392,13.21
2016-07-21,19125,19163,18780,19011,533980,13.37
2016-07-22,18857,19125,18665,18743,491472,13.39
2016-07-25,18895,19086,18321,18819,782963,13.43
2016-07-26,18665,19813,18665,19700,1336947,13.53
2016-07-27,19661,19737,19392,19662,837783,13.56
2016-07-28,19698,20311,19661,20235,1518719,13.61
2016-07-29,20119,20158,19698,20044,1046164,13.66
2016-08-01,20043,20158,19622,19968,569894,13.68
2016-08-02,20043,20272,19813,20274,705615,13.81
2016-08-03,20043,20081,19355,19662,826436,13.77
2016-08-04,19852,20004,19278,19471,619998,13.79
2016-08-05,19392,20655,19392,20656,1576752,14.06
2016-08-08,20961,21190,20617,20810,1108198,14.04
2016-08-09,20847,21190,20807,20962,499930,14.0
2016-08-10,20923,21153,20617,20847,471321,13.96
2016-08-11,20655,21534,20655,21497,862334,14.01
2016-08-12,21610,21840,21267,21574,753714,13.96
2016-08-16,21573,21764,21267,21344,614907,13.89
2016-08-17,21267,21650,20770,21497,755323,13.92
2016-08-18,21496,21802,21229,21574,478157,14.02
2016-08-19,21650,22032,21420,21880,675424,14.02
2016-08-22,21802,21802,21190,21344,608079,14.0
2016-08-23,21305,21764,21190,21613,494269,14.11
2016-08-24,21573,21726,21229,21613,406342,14.11
2016-08-25,21802,21879,21496,21497,385008,14.12
2016-08-26,21343,21420,20884,20962,695576,14.22
2016-08-29,20655,20923,20081,20810,963085,14.37
2016-08-30,20807,21305,20578,20694,753386,14.44
2016-08-31,20501,21343,20501,21153,995655,14.62
2016-09-01,20961,21687,20847,21650,695507,14.69
2016-09-02,21726,21802,21343,21727,511498,14.68
2016-09-05,21879,22568,21802,22531,866728,14.87
2016-09-06,22605,23027,22376,22760,782467,14.92
2016-09-07,22911,22911,22568,22798,576193,14.95
2016-09-08,22835,22950,22146,22262,832646,14.97
2016-09-09,22262,22911,22070,22568,579267,15.02
2016-09-12,21879,22376,21650,21650,701618,15.02
2016-09-13,22108,22223,21650,22225,939574,15.12
2016-09-19,21879,22146,21650,21919,645231,15.12
2016-09-20,22108,22146,21114,21230,968926,15.2
2016-09-21,21153,21153,20655,21039,922496,15.27
2016-09-22,21229,21420,20578,20656,1102329,15.29
2016-09-23,20807,20847,20119,20465,1147467,15.32
2016-09-26,20311,20425,19775,19929,1141346,15.34
2016-09-27,19813,20272,19546,19968,1061958,15.44
2016-09-28,20081,20158,19201,19355,1303492,15.36
2016-09-29,19508,19813,19392,19471,753845,15.44
2016-09-30,19278,19852,19278,19776,871742,15.47
2016-10-04,19928,19966,19546,19547,905537,15.35
2016-10-05,19546,19584,18895,19088,1164369,15.16
2016-10-06,19086,20540,18857,20465,1688492,15.17
2016-10-07,20578,20731,20004,20082,1185443,15.05
2016-10-10,18780,19622,18359,19547,2153091,15.26
2016-10-11,19468,19584,18972,19432,1072933,15.17
2016-10-12,19392,20464,19355,20312,1047823,15.05
2016-10-13,20195,20234,19775,19968,642950,14.96
2016-10-14,20655,20923,20043,20044,953140,14.89
2016-10-17,20272,20349,19698,20082,464459,14.9
2016-10-18,20081,20119,19698,19929,387135,14.91
2016-10-19,19928,19928,19316,19355,779460,14.9
2016-10-20,19355,20004,19278,19968,668096,14.93
2016-10-21,20158,20540,19813,20388,643626,14.9
2016-10-24,20464,21267,20425,21116,959647,14.94
2016-10-25,21114,21382,20884,21116,808165,14.94
2016-10-26,21114,21114,20349,20656,591564,14.89
2016-10-27,20770,20999,20387,20580,444528,14.86
2016-10-28,20807,20847,20311,20694,437596,14.77
2016-10-31,20425,20540,20004,20044,441653,14.77
2016-11-01,19889,20464,19661,20198,442905,14.72
2016-11-02,20043,20464,19775,19776,499692,14.69
2016-11-03,19852,19889,19316,19662,857876,14.58
2016-11-04,19661,19661,19163,19203,623826,14.6
2016-11-07,19584,20158,19508,19852,688140,14.7
2016-11-08,20119,20119,19508,19585,508711,14.68
2016-11-09,19584,19584,17786,18476,1898510,14.75
2016-11-10,19086,20464,19086,20312,1516273,14.88
2016-11-11,20272,21420,20004,21383,1655848,14.87
2016-11-14,21382,22759,21343,21956,1931506,14.8
2016-11-15,21458,21802,21076,21268,1258695,14.73
2016-11-16,21267,21420,20731,21268,1152483,14.45
2016-11-17,21229,21610,20884,21574,740666,14.47
2016-11-18,21267,21305,20272,20580,1394855,14.46
2016-11-21,20272,20807,20081,20541,600481,14.54
2016-11-22,20807,20884,20234,20618,466636,14.6
2016-11-23,20311,20884,20119,20541,744261,14.7
2016-11-24,20578,20807,20425,20580,495619,14.66
2016-11-25,20655,20884,20158,20312,362390,14.65
2016-11-28,20311,20349,19928,19968,352686,14.66
2016-11-29,19889,20272,19698,19738,542041,14.67
2016-11-30,19737,19852,19584,19738,533627,14.66
2016-12-01,19737,20655,19698,20465,572955,14.56
2016-12-02,20311,20655,19966,20006,293790,14.51
2016-12-05,19966,20387,19661,20121,290535,14.5
2016-12-06,20349,20770,20272,20580,454757,14.49
2016-12-07,20578,20617,19431,19509,867415,14.4
2016-12-08,19546,19698,19086,19585,947804,14.42
2016-12-09,19546,19737,19392,19471,315864,14.46
2016-12-12,19508,20349,19508,20121,625824,14.53
2016-12-13,20311,20425,19966,20198,482737,14.44
2016-12-14,20387,20425,19546,19662,881713,14.3
2016-12-15,19468,20004,19316,19968,375355,14.27
2016-12-16,20004,20195,19661,19968,549704,14.19
2016-12-19,19813,20617,19737,20006,737598,14.04
2016-12-20,20234,21305,20195,21192,1612427,14.27
2016-12-21,21190,21343,20961,20962,738495,14.19
2016-12-22,21153,21267,20770,21077,398392,14.15
2016-12-23,21229,21496,20961,21421,600836,14.04
2016-12-26,21802,21993,21037,21536,1052371,13.9
2016-12-27,21726,21917,21305,21307,1016612,13.86
2016-12-28,21190,21534,20923,21230,601305,13.9
2016-12-29,21267,21382,20807,20810,400691,13.85
2017-01-02,20847,21534,20617,21459,379991,13.85
2017-01-03,21610,22146,21305,21880,730984,13.9
2017-01-04,21956,22070,21076,21116,1026905,13.9
2017-01-05,21153,21650,21037,21574,626035,13.99
2017-01-06,21534,22338,21458,22186,1205009,14.09
2017-01-09,22338,22376,21687,21956,561762,13.95
2017-01-10,22070,22605,21956,22454,811976,13.97
2017-01-11,22491,22874,22262,22568,692591,13.95
2017-01-12,22568,22874,22376,22645,432862,13.96
2017-01-13,22605,22644,22070,22339,489332,13.95
2017-01-16,22032,22453,21802,22378,585889,14.01
2017-01-17,22299,22568,22186,22378,376028,13.98
2017-01-18,22414,22491,21840,21880,563097,13.91
2017-01-19,21956,22108,21496,21880,494477,13.91
2017-01-20,21956,22223,21573,21574,457664,13.87
2017-01-23,21534,21802,21343,21344,363952,13.9
2017-01-24,21153,21496,20961,21344,426012,13.84
2017-01-25,21573,21726,20884,20886,433633,14.03
2017-01-26,20807,21650,20807,21497,402825,14.05
2017-01-31,21343,21458,20999,21001,273998,13.99
2017-02-01,21076,21993,21076,21842,551301,13.99
2017-02-02,21840,22299,21573,21613,559125,13.96
2017-02-03,21650,21879,21420,21804,356801,13.92
2017-02-06,22032,22186,21573,22148,434257,13.88
2017-02-07,22146,22146,21650,21804,371406,13.83
2017-02-08,21764,22070,21726,21804,335135,13.83
2017-02-09,21956,22682,21917,22531,1092521,13.97
2017-02-10,22644,22874,22376,22760,881313,13.84
2017-02-13,22835,23408,22644,23257,1219358,13.92
2017-02-14,23371,23408,22835,22875,816618,13.82
2017-02-15,23026,23026,22759,22951,426083,13.83
2017-02-16,23026,23179,21993,22072,843642,13.82
2017-02-17,21650,21726,21153,21421,1901544,13.94
2017-02-20,21420,21458,20847,21077,1200136,13.67
2017-02-21,21153,21343,20847,20886,1147667,13.64
2017-02-22,21037,21305,20847,20962,895540,13.56
2017-02-23,21114,21114,20425,20580,1028643,13.2
2017-02-24,20693,20884,19966,20121,1236791,13.2
2017-02-27,20234,20617,20158,20350,665804,13.22
2017-02-28,19355,19468,18551,18782,4256322,12.79
2017-03-02,18857,19240,18513,18743,1603385,12.81
2017-03-03,18627,18857,18168,18400,1281671,12.84
2017-03-06,18207,18474,17940,18323,889117,12.51
2017-03-07,18397,19278,18359,19203,1602135,12.42
2017-03-08,19201,19201,18704,18706,863578,12.05
2017-03-09,18589,18857,18589,18629,772763,12.01
2017-03-10,18589,18857,18397,18743,520988,11.65
2017-03-13,18743,19086,18627,18935,516829,11.63
2017-03-14,19086,19086,18437,18743,1029333,11.25
2017-03-15,18819,19049,18551,18591,570267,11.24
2017-03-16,18819,19010,18589,18743,727500,11.18
2017-03-17,18743,19201,18665,19088,947279,11.06
2017-03-20,19125,19201,18933,18973,482354,11.05
2017-03-21,19086,19125,18743,18973,615690,10.98
2017-03-22,18819,19086,18704,18743,561005,11.01
2017-03-23,18895,19661,18857,19547,1589482,11.06
2017-03-24,19698,19737,18933,19088,1160695,10.84
2017-03-27,19163,19201,18665,18935,958878,10.79
2017-03-28,18743,18819,18627,18706,720013,10.75
2017-03-29,18743,18780,18321,18476,877052,10.65
2017-03-30,18704,18704,18207,18284,688323,11.35
2017-03-31,18207,18665,18207,18323,785845,11.82
2017-04-03,18397,18551,18207,18284,464671,12.63
2017-04-04,18359,18474,18207,18246,553211,12.89
2017-04-05,18397,19125,18321,19088,2028737,12.93
2017-04-06,18933,19125,18704,18935,554267,12.88
2017-04-07,18933,19163,18819,19049,480748,12.92
2017-04-10,19049,19049,18397,18513,774036,12.99
2017-04-11,18397,18704,18245,18361,526030,12.99
2017-04-12,18397,18627,18245,18323,494536,13.06
2017-04-13,18359,18589,18283,18591,643001,13.08
2017-04-14,18437,18474,18130,18246,515630,13.0
2017-04-17,18245,18359,17977,18131,743806,13.0
2017-04-18,18321,18359,18054,18323,531872,12.78
2017-04-19,18245,18283,17786,17864,1154818,12.7
2017-04-20,17824,18321,17710,18207,648590,12.82
2017-04-21,18207,18245,17862,17979,579671,12.65
2017-04-24,17977,18283,17901,18170,536977,12.72
2017-04-25,18207,18245,17977,18170,532239,12.69
2017-04-26,18283,18704,18245,18400,974698,12.77
2017-04-27,18397,18665,18054,18284,462057,12.72
2017-04-28,18130,18283,17748,17788,833684,12.58
2017-05-02,18092,18321,17862,17864,597995,12.54
2017-05-04,17977,18130,17824,17940,430603,12.71
2017-05-08,17977,18054,17862,18055,461208,12.68
2017-05-10,18054,18397,17977,18170,837553,12.53
2017-05-11,18321,18437,17824,18437,1161423,12.49
2017-05-12,18397,18704,18283,18667,760450,12.54
2017-05-15,18704,18743,18245,18323,607692,12.49
2017-05-16,18321,18397,17786,17902,1137267,12.54
2017-05-17,17940,18168,17671,18094,634037,12.54
2017-05-18,17824,18054,17710,17940,491380,12.57
2017-05-19,18054,18321,17977,18131,565712,12.6
2017-05-22,18359,18589,18321,18361,629281,12.63
2017-05-23,18359,18551,18207,18476,561753,12.71
2017-05-24,18437,18474,18092,18131,801327,12.65
2017-05-25,18130,18474,18092,18400,868852,12.7
2017-05-26,18397,18513,17901,17979,1902433,12.24
2017-05-29,17671,17671,17098,17137,2461852,12.1
2017-05-30,17136,17480,17136,17404,846921,12.17
2017-05-31,17480,17480,17250,17443,949214,12.1
2017-06-01,17518,17862,17442,17826,871122,12.24
2017-06-02,17862,18054,17748,17826,797582,12.29
2017-06-05,17862,18054,17748,17864,462927,12.29
2017-06-07,17862,17901,17442,17710,598853,12.21
2017-06-08,17824,17862,17518,17826,601740,12.31
2017-06-09,17824,17901,17634,17826,447021,12.44
2017-06-12,17824,18016,17748,17902,433116,12.47
2017-06-13,17977,18130,17901,17979,519496,12.44
2017-06-14,18016,18665,17901,18513,1725747,12.58
2017-06-15,18589,18665,18283,18513,862105,12.46
2017-06-16,18589,18780,18397,18437,883205,12.43
2017-06-19,18437,18474,16295,16410,4381364,12.13
2017-06-20,16295,16791,16141,16525,2222533,11.85
2017-06-21,16485,16715,16255,16525,799688,11.76
2017-06-22,16409,16485,16065,16334,811254,11.77
2017-06-23,16295,16752,16295,16755,507353,11.85
2017-06-26,16752,16830,16524,16678,406578,11.84
2017-06-27,16600,16830,16447,16525,430359,11.76
2017-06-28,16065,16065,15720,15798,1789528,11.72
2017-06-29,15835,16371,15759,16182,871074,11.8
2017-06-30,16255,16409,15988,16028,717315,11.85
2017-07-03,15912,16371,15912,16258,413967,11.98
2017-07-04,16295,16409,16141,16219,314262,11.96
2017-07-05,16371,16676,16255,16410,600328,11.95
2017-07-06,16524,16524,16333,16372,336806,11.89
2017-07-07,16295,16333,16179,16258,324100,11.91
2017-07-10,16333,16562,16255,16372,381111,11.97
2017-07-11,16295,16409,16103,16142,466149,11.93
2017-07-12,16600,16676,16255,16295,578272,11.88
2017-07-13,16333,16409,16065,16182,543890,11.83
2017-07-14,16179,16179,15223,15416,1803814,11.74
2017-07-17,15490,15643,15337,15569,573924,11.85
2017-07-18,15643,15873,15567,15836,487650,11.89
2017-07-19,15873,15912,15643,15875,440871,11.9
2017-07-20,15912,16141,15835,15952,381416,11.96
2017-07-21,15988,16218,15912,16066,270712,11.97
2017-07-24,16141,16141,15567,15760,365400,11.95
2017-07-25,15643,15912,15643,15875,277595,11.88
2017-07-26,15949,16141,15873,15913,405151,11.9
2017-07-27,16065,16333,15988,16066,559710,11.99
2017-07-28,16065,16255,15835,15913,384176,12.01
2017-07-31,15835,16103,15337,15760,426828,12.04
2017-08-01,15682,16103,15643,16028,407295,12.08
2017-08-02,16141,16255,15643,15722,547646,12.05
2017-08-03,15643,15643,14191,14345,2812150,11.57
2017-08-04,14305,14420,13693,14230,1336906,11.47
2017-08-07,14381,14879,14343,14536,1281560,11.31
2017-08-08,14611,14764,14343,14536,638880,10.99
2017-08-09,14343,14803,14305,14497,513596,10.87
2017-08-10,14649,14687,14343,14497,485848,10.85
2017-08-11,14343,14497,14151,14268,526092,10.82
2017-08-14,14343,14381,13961,14000,418621,10.78
2017-08-16,13961,14151,13922,13962,402010,10.73
2017-08-17,13999,14534,13769,14230,872887,10.67
2017-08-18,14075,14151,13731,13809,1133643,10.52
2017-08-21,13769,13845,13655,13771,572144,10.46
2017-08-22,13693,13884,13463,13542,792858,10.43
2017-08-23,13578,13884,13578,13809,768740,10.41
2017-08-24,13808,13884,13502,13542,679601,10.29
2017-08-25,13616,13808,13539,13732,490058,10.32
2017-08-28,13769,14075,13731,13848,365794,10.29
2017-08-29,13808,13845,13578,13694,506085,10.24
2017-08-30,13731,13808,13693,13771,267636,10.22
2017-08-31,13769,13845,13655,13771,469719,10.22
2017-09-01,13808,13808,13425,13465,872973,10.15
2017-09-04,13272,13731,13234,13618,584797,10.2
2017-09-05,13693,13731,13272,13350,530026,10.19
2017-09-06,13348,13463,13042,13121,611760,10.11
2017-09-07,13081,13348,13081,13273,339491,10.1
2017-09-08,13196,13311,12812,12968,592176,10.12
2017-09-11,12966,13042,12699,12776,597808,10.1
2017-09-12,12812,13234,12775,13082,744743,10.2
2017-09-13,13042,13119,12928,12929,443931,10.18
2017-09-14,12928,13311,12928,13159,638764,10.28
2017-09-15,13042,13234,13005,13197,437522,10.24
2017-09-18,13158,13272,13042,13082,321293,10.08
2017-09-19,13081,13539,13042,13312,703052,10.08
2017-09-20,13311,13387,13005,13082,614402,10.06
2017-09-21,13042,13081,12775,12891,584145,9.9
2017-09-22,12775,12890,12622,12739,642036,9.92
2017-09-25,12584,12736,12277,12433,608394,9.9
2017-09-26,12316,12775,12316,12700,394296,9.99
2017-09-27,12699,13234,12660,13006,903091,10.04
2017-09-28,12966,13081,12660,12739,479327,9.99
2017-09-29,12736,13158,12736,13082,593714,10.01
2017-10-10,13348,13502,13234,13465,808468,9.98
2017-10-11,13425,14305,13387,13924,1562408,9.95
2017-10-12,14037,14075,13655,14000,798595,9.84
2017-10-13,14075,14458,13884,14268,982082,9.8
2017-10-16,14191,14458,13808,14077,858233,9.81
2017-10-17,14114,14687,13961,14421,1320001,9.7
2017-10-18,14573,14573,13999,14191,838948,9.42
2017-10-19,14343,15337,14343,15033,2632442,9.42
2017-10-20,14955,16830,13922,14842,10594767,8.78
2017-10-23,15031,15108,14037,14077,2675015,8.33
2017-10-24,14191,14381,13693,13771,1561944,8.45
2017-10-25,13808,13922,13425,13771,1369209,8.71
2017-10-26,13808,14037,13731,13924,819247,8.75
2017-10-27,13884,14191,13884,14077,769981,8.87
2017-10-30,14114,14151,13655,13694,646008,8.89
2017-10-31,13731,13845,13272,13388,1308149,8.88
2017-11-01,13272,13387,12852,12968,1674461,8.88
2017-11-02,13005,13119,12928,13082,608742,8.92
2017-11-03,13119,13272,13119,13197,521067,8.92
2017-11-06,13196,13234,12890,13006,931369,8.8
2017-11-07,12928,13005,12699,12815,1141117,8.6
2017-11-08,12699,12928,12699,12929,739259,8.43
2017-11-09,12928,13425,12852,13388,1648838,8.49
2017-11-10,13387,13693,13234,13618,1048798,8.4
2017-11-13,13655,13693,13387,13465,654990,8.42
2017-11-14,13387,13463,13158,13388,699243,8.41
2017-11-15,13348,13387,12812,12853,1147939,8.46
2017-11-16,12812,12812,12507,12585,1277149,8.32
2017-11-17,12545,12736,12430,12470,933965,8.33
2017-11-20,12393,12584,12316,12355,812717,8.33
2017-11-21,12354,12430,12009,12087,1677331,8.21
2017-11-22,12124,12430,12048,12164,1029133,8.15
2017-11-23,12239,12430,12163,12433,636151,8.17
2017-11-24,12469,12507,12316,12355,498983,8.11
2017-11-27,12354,12469,12201,12241,478663,8.09
2017-11-28,12201,12316,12124,12164,518119,7.93
2017-11-29,12163,12393,12087,12241,526038,8.19
2017-11-30,12393,12545,12277,12547,899947,8.25
2017-12-01,12584,12584,12163,12241,759687,8.1
2017-12-04,12239,12354,12163,12317,446936,8.13
2017-12-05,12469,13616,12469,13426,3946903,8.53
2017-12-06,13425,13502,12775,12968,2017690,8.2
2017-12-07,13425,13655,12622,12776,2109503,8.0
2017-12-08,12736,12736,12009,12087,1819164,7.69
2017-12-11,12163,12354,12048,12087,616912,7.5
2017-12-12,12087,12201,12009,12126,504346,7.44
2017-12-13,12124,12354,12124,12241,514186,7.35
2017-12-14,12277,12507,12163,12164,998741,7.37
2017-12-15,12239,12393,12163,12317,646078,7.3
2017-12-18,12316,12354,12048,12050,697020,7.17
2017-12-19,12048,12239,12009,12126,517422,7.17
2017-12-20,12087,12277,12048,12241,373913,7.19
2017-12-21,12201,12277,12087,12126,446842,7.32
2017-12-22,12201,12201,11857,11973,623672,7.24
2017-12-26,12009,12201,12009,12126,659923,7.34
2017-12-27,11895,12048,11742,11820,646691,7.35
2017-12-28,11742,11895,11666,11744,571802,7.39
2018-01-02,11703,11933,11513,11935,698328,7.6
2018-01-03,11857,12277,11857,11973,759444,8.07
2018-01-04,12087,12430,11971,12355,952964,8.29
2018-01-05,12354,12469,12201,12355,578239,8.46
2018-01-08,12316,12545,12316,12355,824488,8.65
2018-01-09,12354,12699,12354,12623,785576,8.84
2018-01-10,12812,13463,12775,13159,2693779,9.41
2018-01-11,13234,13311,12928,13006,831536,9.63
2018-01-12,13005,13425,13005,13159,994313,9.65
2018-01-15,13234,13387,12852,12929,510985,9.83
2018-01-16,12852,13158,12507,12585,915158,9.85
2018-01-17,12545,12584,10938,12241,5304503,9.74
2018-01-18,12201,12239,11818,11935,1044683,9.61
2018-01-19,11857,12048,11703,12011,697340,9.47
2018-01-22,11933,12048,11781,11820,540829,9.51
2018-01-23,11781,12163,11781,12164,585545,9.59
2018-01-24,12239,12469,12124,12241,750787,9.58
2018-01-25,12239,12430,12239,12317,1087426,9.83
2018-01-26,12393,12469,12048,12355,826588,9.76
2018-01-29,12430,13119,12393,12929,2392035,9.9
2018-01-30,13005,13234,12736,12815,995788,9.89
2018-01-31,12699,13005,12354,13006,941348,9.9
2018-02-01,13005,13119,12775,12776,425967,9.78
2018-02-02,12812,12890,12316,12433,673637,9.72
2018-02-05,12163,12239,12048,12050,730957,9.67
2018-02-06,11742,11857,11513,11781,1246055,9.57
2018-02-07,11971,12009,11781,11857,725419,9.62
2018-02-08,11933,12009,11513,11552,1037310,9.61
2018-02-09,11360,11703,11168,11629,856744,9.53
2018-02-12,11627,11703,11398,11438,561487,9.61
2018-02-13,11474,11551,11054,11054,833032,9.53
2018-02-14,11092,11206,10978,11094,552014,9.55
2018-02-19,11092,11398,11054,11400,433950,9.65
2018-02-20,11398,11933,11360,11705,725526,9.66
2018-02-21,11742,11818,11551,11590,360541,9.63
2018-02-22,11551,11666,11398,11438,318446,9.66
2018-02-23,11513,11589,11360,11552,466711,9.64
2018-02-26,11742,11781,11551,11744,381581,9.65
2018-02-27,11742,11818,11590,11590,306646,9.64
2018-02-28,11474,11666,11321,11438,515770,9.69
2018-03-02,11284,11398,11168,11208,425368,9.66
2018-03-05,11206,11360,11092,11132,411260,9.74
2018-03-06,11168,11284,11054,11132,487624,9.7
2018-03-07,11130,11245,10978,11017,531589,9.9
2018-03-08,11054,11360,10978,11361,755321,9.91
2018-03-09,11360,11666,11284,11514,715073,9.93
2018-03-12,11703,11818,11551,11629,678848,10.07
2018-03-13,11551,11781,11513,11629,480574,10.12
2018-03-14,11703,12239,11513,11590,3168797,9.87
2018-03-15,11168,11474,11130,11246,1592581,9.64
2018-03-16,11284,11703,11245,11590,999213,9.69
2018-03-19,11666,11781,11513,11629,646325,9.61
2018-03-20,11551,11781,11513,11667,444844,9.6
2018-03-21,11666,12201,11666,11857,1062067,9.74
2018-03-22,12048,12239,11857,11935,904732,9.72
2018-03-23,11742,11895,11436,11476,869106,9.66
2018-03-26,11703,11895,11436,11705,560902,9.72
2018-03-27,12124,12736,11933,12661,2929042,10.42
2018-03-28,12584,12852,12163,12393,1301368,10.33
2018-03-29,12354,12430,11933,12164,1189083,10.34
2018-03-30,12201,12354,12087,12164,692095,10.39
2018-04-02,12277,12354,11627,11705,1333653,10.4
2018-04-03,11513,11895,11513,11820,693439,10.41
2018-04-04,11857,11857,11436,11476,893061,10.15
2018-04-05,11590,11666,11474,11590,497077,10.44
2018-04-06,11590,11666,11360,11438,613496,10.39
2018-04-09,11436,11513,11245,11361,554735,10.42
2018-04-10,11321,11474,11168,11400,502125,10.41
2018-04-11,11436,11513,11321,11438,382964,10.42
2018-04-12,11474,11551,11321,11438,426317,10.36
2018-04-13,11436,11513,11245,11284,614433,10.25
2018-04-16,11436,11513,11360,11438,507956,10.15
2018-04-17,11513,11666,11436,11590,525525,10.18
2018-04-18,11666,12430,11627,12279,2406033,10.34
2018-04-19,12316,12622,12163,12547,1329569,10.48
2018-04-20,12622,13081,12469,12929,2451435,10.76
2018-04-23,13158,13387,12699,13006,3050890,10.66
2018-04-24,12890,12966,12393,12929,1097586,10.94
2018-04-25,12736,13119,12736,12891,828490,10.99
2018-04-26,12966,13196,12660,13045,948068,10.9
2018-04-27,13119,13463,13005,13197,1515196,11.06
2018-04-30,13387,13884,13348,13694,3114728,11.45
2018-05-02,14151,14343,13578,13885,2252341,11.02
2018-05-03,13884,14840,13731,14115,3550511,11.27
2018-05-04,14497,14879,14228,14689,2198935,11.26
2018-05-08,14687,14840,14305,14345,1587210,11.4
2018-05-09,14420,14497,13884,14154,1214935,11.46
2018-05-10,14381,15070,14343,14994,2328568,11.46
2018-05-11,15184,15184,14458,14842,1897014,11.23
2018-05-14,15184,15759,15031,15683,2424714,11.33
2018-05-15,15912,16447,15606,16258,3395739,11.5
2018-05-16,15452,16141,15414,15646,1950653,11.35
2018-05-17,15797,16295,15376,15530,1369051,11.39
2018-05-18,15682,15912,15223,15606,940828,11.48
2018-05-21,15530,15682,15108,15224,1012236,11.58
2018-05-23,14994,15376,14458,15224,1863507,11.61
2018-05-24,15223,15376,14649,14842,1026188,11.53
2018-05-25,13808,14687,13808,14230,1835008,11.83
2018-05-28,14994,15682,14879,15148,2504935,12.04
2018-05-29,14994,14994,14228,14307,1689053,11.96
2018-05-30,14228,14420,13884,14268,1564233,11.92
2018-05-31,14381,14803,14037,14613,1910782,11.97
2018-06-01,14649,14879,14114,14268,587256,11.94
2018-06-04,14534,14534,14075,14154,544842,11.9
2018-06-05,14228,14573,14037,14574,798794,11.93
2018-06-07,14458,14840,14191,14497,1034043,11.85
2018-06-08,14497,14534,14267,14268,435483,11.76
2018-06-11,14228,14840,14228,14536,799480,11.81
2018-06-12,14687,14726,14267,14307,756074,11.85
2018-06-14,14228,14228,13387,13465,1665092,11.75
2018-06-15,13463,13731,13348,13579,944319,11.68
2018-06-18,13234,13425,12852,13045,1285968,11.4
2018-06-19,12660,12890,12163,12203,3144064,11.95
2018-06-20,12124,12430,12009,12433,1430411,12.57
2018-06-21,12277,12430,11818,11857,1136589,12.74
2018-06-22,11666,12087,11666,11973,1053024,13.12
2018-06-25,11895,12239,11857,12011,868412,13.09
2018-06-26,11857,12469,11781,12203,1077217,13.19
2018-06-27,12201,12277,11703,11744,1096613,13.29
2018-06-28,11666,12124,11666,11744,982363,13.25
2018-06-29,11857,12048,11666,11973,649809,13.51
2018-07-02,12009,12048,11015,11094,2182526,13.34
2018-07-03,11245,11360,10938,11246,845591,13.48
2018-07-04,11054,11321,11054,11170,435221,13.67
2018-07-05,11206,11245,10748,10941,775822,13.71
2018-07-06,11054,11513,11015,11400,829058,13.65
2018-07-09,11321,11398,11092,11284,463992,13.73
2018-07-10,11398,11474,11284,11323,585728,13.74
2018-07-11,11245,11321,11054,11132,733208,13.95
2018-07-12,11130,11206,10862,10864,1212618,13.95
2018-07-13,10862,11015,10786,10902,733832,13.96
2018-07-16,10978,10978,10786,10864,548574,13.94
2018-07-17,10824,11130,10824,11017,598706,13.92
2018-07-18,11015,11054,10594,10635,990906,13.92
2018-07-19,10671,10709,10289,10596,889442,14.04
2018-07-20,10518,10786,10442,10635,545858,14.08
2018-07-23,10632,11092,10632,10941,894146,14.07
2018-07-24,11015,11284,10824,11208,714069,14.14
2018-07-25,11398,11627,11206,11284,992407,14.06
2018-07-26,11512,11512,11245,11246,492896,14.03
2018-07-27,11321,11436,11168,11361,535379,14.08
2018-07-30,11321,11590,11321,11514,512119,14.13
2018-07-31,11474,11513,11245,11514,668719,14.26
2018-08-01,11398,11398,10862,10941,1923549,14.18
2018-08-02,10938,11245,10900,10978,825027,14.31
2018-08-03,11054,11360,11015,11361,825080,14.5
2018-08-06,11360,11513,11092,11284,520714,14.58
2018-08-07,11321,11398,10978,11323,312958,14.57
2018-08-08,11284,11398,11206,11323,404273,14.56
2018-08-09,11360,11474,11206,11208,621406,14.59
2018-08-10,11321,11590,11206,11590,1169536,14.67
2018-08-13,11666,11666,11130,11132,817895,14.51
2018-08-14,11092,11284,11092,11208,425307,14.57
2018-08-16,11092,11284,11054,11208,411333,14.59
2018-08-17,11360,11398,11206,11284,352649,14.6
2018-08-20,11321,11436,11284,11438,436961,14.56
2018-08-21,11474,11474,11206,11361,641403,14.53
2018-08-22,11360,11551,11284,11323,484888,14.59
2018-08-23,11398,11436,11168,11284,475273,14.61
2018-08-24,11245,11284,11130,11208,423661,14.6
2018-08-27,11206,11245,10978,11054,661374,14.62
2018-08-28,11168,11551,11092,11438,1140057,14.83
2018-08-29,11474,11666,11398,11552,790216,14.85
2018-08-30,11590,11665,11168,11170,1039915,14.82
2018-08-31,11168,11284,10709,10826,1594383,14.75
2018-09-03,10900,10978,10748,10902,473825,14.82
2018-09-04,10978,11054,10862,10941,409446,14.83
2018-09-05,10862,11206,10862,11017,575394,14.76
2018-09-06,11054,11245,11054,11170,517601,14.84
2018-09-07,11245,11321,11092,11284,471629,14.8
2018-09-10,11284,11589,11168,11552,766013,14.87
2018-09-11,11627,11627,11245,11323,643861,14.8
2018-09-12,11398,11436,11130,11246,449721,14.79
2018-09-13,11321,11474,11206,11400,693372,14.95
2018-09-14,11474,11551,11284,11361,490395,14.94
2018-09-17,11436,11436,11245,11323,424633,14.89
2018-09-18,11245,11398,11168,11400,488819,14.92
2018-09-19,11436,11666,11360,11438,810103,14.94
2018-09-20,11474,11590,11245,11323,518617,14.96
2018-09-21,11398,11590,11284,11361,827852,15.01
2018-09-27,11360,11551,11321,11438,615366,15.01
2018-09-28,11398,11513,11321,11400,551013,14.92
2018-10-01,11436,11512,11206,11476,654049,14.89
2018-10-02,11551,11781,11321,11323,1017916,14.86
2018-10-04,11436,11436,10900,11054,922503,14.79
2018-10-05,11015,11284,10938,11094,687332,14.83
2018-10-08,11092,11206,10862,10941,371268,14.78
2018-10-10,10862,10900,10135,10251,1466123,14.45
2018-10-11,9791,10059,9639,9639,1351916,14.5
2018-10-12,9562,9715,9485,9639,1032583,14.46
2018-10-15,9639,9868,9523,9716,538111,14.48
2018-10-16,9791,9868,9639,9716,296402,14.49
2018-10-17,9868,9906,9753,9869,455975,14.4
2018-10-18,9829,9829,9371,9563,1150060,14.23
2018-10-19,9447,9485,9217,9448,677630,14.25
2018-10-22,9409,9409,9256,9372,575493,14.24
2018-10-23,9332,9371,8911,9066,1182259,14.04
2018-10-24,9103,9179,8874,8990,784087,14.0
2018-10-25,8568,8950,8568,8722,1151473,13.93
2018-10-26,8796,8835,8147,8377,1330800,13.97
2018-10-29,8299,8644,8070,8148,875728,13.99
2018-10-30,7955,8414,7955,8224,1013058,13.96
2018-10-31,8414,8452,8070,8377,1052091,13.71
2018-11-01,8299,8452,8184,8377,956061,13.48
2018-11-02,8414,8835,8375,8836,1046577,13.59
2018-11-05,8835,8874,8528,8607,674498,13.56
2018-11-06,8681,8758,8568,8607,648455,13.48
2018-11-07,8644,8874,8338,8492,1310056,13.42
2018-11-08,8681,8758,8605,8644,723985,13.52
2018-11-09,8681,8950,8452,8760,1332690,13.62
2018-11-12,8681,8874,8528,8568,625583,13.59
2018-11-13,8375,8528,8223,8492,957642,13.63
2018-11-14,8414,8414,7765,7918,3343593,13.38
2018-11-15,7917,7955,7725,7881,1469165,13.65
2018-11-16,7955,8032,7841,7995,1443070,13.66
2018-11-19,8032,8261,7993,8148,1164943,13.96
2018-11-20,8032,8414,7993,8416,1356482,14.32
2018-11-21,8299,8681,8261,8568,1068826,14.42
2018-11-22,8605,8644,8261,8377,731248,14.25
2018-11-23,8414,8452,8261,8301,473198,14.31
2018-11-26,8414,8950,8414,8760,2130444,14.15
2018-11-27,8874,9103,8720,9027,1358736,14.25
2018-11-28,9141,9447,8950,9142,1408176,14.31
2018-11-29,9141,9179,8796,8874,1413510,14.18
2018-11-30,8874,8874,8568,8722,9226250,13.71
2018-12-03,8835,9217,8796,8951,1217590,13.68
2018-12-04,8950,9141,8950,8990,737965,13.5
2018-12-05,8758,8987,8758,8798,609239,13.32
2018-12-06,8796,9026,8758,8874,917376,13.46
2018-12-07,8911,8950,8644,8722,389558,13.34
2018-12-10,8605,8720,8452,8568,518064,13.18
2018-12-11,8605,8796,8528,8530,421974,13.23
2018-12-12,8568,8681,8414,8492,769428,13.31
2018-12-13,8490,8720,8452,8722,986030,13.4
2018-12-14,8758,9026,8681,8836,676866,13.33
2018-12-17,8911,8987,8758,8798,432814,13.39
2018-12-18,8720,8758,8528,8607,605247,13.42
2018-12-19,8681,8911,8644,8798,730912,13.48
2018-12-20,8681,8796,8568,8644,537547,13.48
2018-12-21,8644,8681,8184,8338,1275589,13.38
2018-12-24,8261,8338,8147,8224,393016,13.3
2018-12-26,7993,8070,7358,7413,2979511,13.07
2018-12-27,7542,7626,7374,7421,1596821,13.08
2018-12-28,7419,7565,7412,7445,963847,13.1
2019-01-02,7496,7535,7182,7229,1056964,13.18
2019-01-03,7236,7428,7206,7322,849267,13.33
2019-01-04,7282,7396,7282,7391,558098,13.34
2019-01-07,7458,7558,7419,7498,570171,13.46
2019-01-08,7558,7725,7535,7589,786894,13.58
2019-01-09,7580,7725,7580,7689,571413,13.6
2019-01-10,7687,7725,7596,7689,633674,13.52
2019-01-11,7687,7802,7649,7804,438903,13.53
2019-01-14,8032,8338,7917,8033,1382520,13.52
2019-01-15,8184,8375,8070,8071,737142,13.51
2019-01-16,8147,8184,7955,7957,838132,13.55
2019-01-17,8032,8338,8032,8224,878111,13.66
2019-01-18,8299,8375,8070,8262,749703,13.65
2019-01-21,8375,8681,8261,8416,913854,13.5
2019-01-22,8375,8528,8375,8416,518160,13.47
2019-01-23,8414,8605,8375,8530,465866,13.49
2019-01-24,8452,8644,8414,8416,404316,13.44
2019-01-25,8338,8568,8299,8492,423654,13.48
2019-01-28,8528,8758,8452,8607,671347,13.49
2019-01-29,8568,8681,8490,8644,483325,13.51
2019-01-30,8720,8796,8568,8644,508981,13.47
2019-01-31,8720,8758,8605,8684,601500,13.5
2019-02-01,8681,8758,8490,8530,515914,13.51
2019-02-07,8605,9103,8605,8874,1040088,13.62
2019-02-08,8835,8874,8605,8644,503594,13.48
2019-02-11,8644,8681,8490,8492,529018,13.45
2019-02-12,8568,8835,8375,8377,1011570,13.52
2019-02-13,8490,8490,7917,7995,1943810,13.27
2019-02-14,7496,7512,7099,7206,6842951,10.97
2019-02-15,7266,7297,7128,7215,1868934,9.02
2019-02-18,7206,7206,6877,6947,4808781,8.34
2019-02-19,6953,7083,6945,7061,1666193,8.59
2019-02-20,7099,7099,6937,6993,1494791,8.59
2019-02-21,7022,7052,6999,7008,1323075,8.64
2019-02-22,6509,6578,6310,6389,7377263,8.42
2019-02-25,6372,6448,6318,6342,2572010,8.24
2019-02-26,6386,6448,6356,6396,1728818,8.26
2019-02-27,6379,6463,6349,6457,1279434,8.36
2019-02-28,6487,6493,6333,6335,1770604,8.41
2019-03-04,6341,6479,6333,6350,1201212,8.45
2019-03-05,6341,6341,6097,6204,2705889,8.48
2019-03-06,6240,6240,6142,6173,1075560,8.61
2019-03-07,6187,6234,6111,6136,1278277,8.72
2019-03-08,6097,6164,5996,6021,1704331,8.79
2019-03-11,6027,6043,5867,5967,1360246,8.79
2019-03-12,5981,6057,5966,6036,757366,8.91
2019-03-13,6034,6057,5943,5967,941058,8.97
2019-03-14,5973,6142,5973,6083,1385445,9.06
2019-03-15,6119,6234,6088,6204,2201315,9.33
2019-03-18,6219,6325,6134,6150,1624409,9.32
2019-03-19,6173,6257,6103,6159,1207131,9.44
2019-03-20,6134,6196,6080,6150,1308986,9.38
2019-03-21,6341,6440,6057,6060,4482315,9.14
2019-03-22,6103,6127,6012,6021,1439671,9.28
2019-03-25,5958,6303,5958,6074,2763605,9.73
2019-03-26,6043,6318,6004,6304,2830746,9.9
2019-03-27,6471,6471,6019,6038,3076720,9.23
2019-03-28,6011,6100,5833,5869,1310003,8.87
2019-03-29,5851,5984,5806,5931,1604041,9.03
2019-04-01,5922,6295,5922,6286,1868106,9.67
2019-04-02,6276,6418,6232,6312,950227,9.98
2019-04-03,6339,6427,6285,6411,921456,10.11
2019-04-04,6382,6436,6339,6411,737996,10.24
2019-04-05,6445,6604,6409,6534,1184507,10.36
2019-04-08,6578,6649,6471,6473,979546,10.37
2019-04-09,6560,6569,6436,6473,515263,10.35
2019-04-10,6427,6436,6295,6384,810574,10.0
2019-04-11,6427,6507,6401,6508,1133147,10.21
2019-04-12,6507,6543,6436,6517,560974,10.1
2019-04-15,6524,6596,6498,6561,869071,10.09
2019-04-16,6622,6755,6560,6561,1294559,9.98
2019-04-17,6560,6560,6356,6366,1099736,9.89
2019-04-18,6339,6356,6100,6109,1606803,9.69
2019-04-19,6108,6276,6045,6153,2024995,9.44
2019-04-22,6134,6232,6117,6189,1043903,9.44
2019-04-23,6197,6285,6187,6259,1725894,9.85
2019-04-24,6276,6276,6108,6117,1502211,9.86
2019-04-25,6100,6161,6064,6091,1259039,9.98
2019-04-26,6117,6507,6117,6233,4051367,10.09
2019-04-29,6259,6259,6090,6136,1425944,9.91
2019-04-30,6143,6197,6081,6198,1258975,9.98
2019-05-02,6267,6720,6232,6596,5250059,10.85
2019-05-03,6587,6604,6206,6215,2786763,10.39
2019-05-07,6134,6179,5966,5976,2351518,10.14
2019-05-08,5958,6108,5948,6020,1210224,9.95
2019-05-09,6028,6055,5833,5834,2112167,9.72
2019-05-10,5895,5922,5674,5746,1819173,9.66
2019-05-13,5744,5780,5425,5444,2000891,9.28
2019-05-14,5363,5664,5363,5550,1524635,9.48
2019-05-15,5549,5700,5549,5683,842224,9.49
2019-05-16,5683,5683,5558,5594,551370,9.34
2019-05-17,5674,5683,5585,5613,523506,9.48
2019-05-20,5594,5683,5461,5471,608923,9.53
2019-05-21,5425,5488,5319,5399,1288950,9.46
2019-05-22,5399,5488,5327,5346,891215,9.34
2019-05-23,5354,5363,5239,5329,989406,9.4
2019-05-24,5301,5416,5301,5329,731800,9.35
2019-05-27,5310,5443,5293,5426,855932,9.38
2019-05-28,5435,5611,5407,5533,1306073,9.96
2019-05-29,5496,5576,5248,5302,2306058,12.37
2019-05-30,5310,5576,5301,5550,2055248,12.95
2019-05-31,5532,5629,5461,5541,1263748,12.91
2019-06-03,5505,5549,5363,5506,1307249,12.63
2019-06-04,5505,5886,5505,5674,2658758,12.76
2019-06-05,5736,5851,5576,5586,1236206,12.62
2019-06-07,5629,5683,5541,5594,1024123,12.69
2019-06-10,5656,5664,5558,5604,801958,12.74
2019-06-11,5611,5797,5611,5772,1482556,12.88
2019-06-12,5833,5913,5771,5834,1331821,12.88
2019-06-13,5878,5931,5816,5888,1775341,12.87
2019-06-14,5939,5939,5824,5878,1558844,12.71
2019-06-17,5886,5922,5816,5852,750837,12.64
2019-06-18,5851,5948,5806,5808,733505,12.69
2019-06-19,5806,5975,5806,5941,1251343,12.8
2019-06-20,5966,6073,5958,5976,1050190,12.7
2019-06-21,6001,6045,5939,6020,1254588,12.73
2019-06-24,6037,6045,5789,5825,1568913,12.64
2019-06-25,5851,5975,5744,5763,1236328,12.67
2019-06-26,5762,5816,5709,5763,811008,12.56
2019-06-27,5771,5913,5762,5852,813449,12.65
2019-06-28,5851,5878,5469,5497,2933957,12.09
2019-07-01,5558,5638,5549,5586,909933,12.16
2019-07-02,5594,5647,5522,5577,624103,12.22
2019-07-03,5576,5656,5514,5515,860586,12.21
2019-07-04,5514,5567,5354,5471,1040545,12.14
2019-07-05,5425,5576,5425,5533,470186,12.16
2019-07-08,5549,5549,5461,5471,773115,12.12
2019-07-09,5461,5478,5319,5329,1078258,11.98
2019-07-10,5293,5372,5257,5302,1096021,11.91
2019-07-11,5301,5522,5301,5479,1200117,11.89
2019-07-12,5478,5567,5469,5515,421371,11.95
2019-07-15,5505,5567,5380,5408,583117,11.93
2019-07-16,5416,5576,5416,5479,869635,12.03
2019-07-17,5469,5496,5363,5382,642803,12.03
2019-07-18,5380,5452,5363,5373,444588,12.01
2019-07-19,5380,5576,5380,5550,925422,12.05
2019-07-22,5549,5656,5496,5550,697911,12.09
2019-07-23,5522,5647,5505,5577,733865,12.11
2019-07-24,5629,5736,5585,5630,1308172,12.23
2019-07-25,5674,5700,5310,5418,2630761,11.8
2019-07-26,5478,5842,5452,5674,4697029,12.19
2019-07-29,5762,5816,5408,5444,2143199,12.1
2019-07-30,5425,5514,5337,5346,1880389,11.77
2019-07-31,5301,5399,5301,5399,1258603,11.83
2019-08-01,5399,5399,5257,5320,1304771,11.78
2019-08-02,5274,5274,5141,5151,1927813,11.44
2019-08-05,5062,5097,4583,4611,3962866,11.17
2019-08-06,4388,4814,4388,4611,2158703,11.28
2019-08-07,4636,4707,4539,4664,1167656,11.4
2019-08-08,4672,4760,4672,4700,1199108,11.44
2019-08-09,4742,4831,4681,4708,1054498,11.47
2019-08-12,4734,4814,4681,4797,739465,11.55
2019-08-13,4742,4840,4734,4814,735495,11.57
2019-08-14,4857,4964,4823,4948,1059674,11.59
2019-08-16,4857,4973,4814,4921,823873,11.5
2019-08-19,4964,5221,4937,5178,1417037,11.66
2019-08-20,5186,5213,5106,5178,812049,11.66
2019-08-21,5177,5319,5159,5240,1149691,11.62
2019-08-22,5230,5266,5168,5213,1010792,11.64
2019-08-23,5151,5274,5132,5223,674308,11.74
2019-08-26,5062,5168,5044,5089,851062,11.85
2019-08-27,5186,5257,5088,5125,992447,11.8
2019-08-28,5079,5213,5079,5187,600876,11.81
2019-08-29,5195,5363,5159,5169,1149988,11.77
2019-08-30,5186,5337,5186,5302,1162331,12.01
2019-09-02,5301,5372,5257,5338,536210,12.04
2019-09-03,5337,5408,5337,5346,589746,12.06
2019-09-04,5346,5416,5310,5418,749357,12.1
2019-09-05,5399,5461,5310,5311,1195720,12.02
2019-09-06,5363,5390,5293,5311,615221,12.04
2019-09-09,5319,5452,5319,5329,1043716,12.16
2019-09-10,5354,5514,5337,5497,1438571,12.33
2019-09-11,5522,5629,5478,5594,1591940,12.41
2019-09-16,5585,5958,5585,5931,2458767,12.55
2019-09-17,6329,6569,6187,6215,7869196,12.05
2019-09-18,6153,6153,5948,6003,3450521,11.84
2019-09-19,6019,6303,5975,6251,3161221,11.77
2019-09-20,6267,6295,6100,6153,1790293,11.62
2019-09-23,6179,6524,6179,6384,3798849,11.51
2019-09-24,6382,6392,6232,6269,1754084,11.32
2019-09-25,6267,6348,6143,6153,2017197,11.33
2019-09-26,6197,6240,5939,6073,2114279,11.66
2019-09-27,6073,6143,5984,5994,1052802,11.61
2019-09-30,5984,6073,5833,6030,1290781,11.69
2019-10-01,6073,6143,5922,6047,1042957,11.65
2019-10-02,5984,6011,5851,5861,1487323,11.61
2019-10-04,5789,5886,5691,5701,1355621,11.66
2019-10-07,5700,5753,5594,5639,1011997,11.65
2019-10-08,5620,5851,5620,5692,1263629,11.56
2019-10-10,5691,5709,5558,5586,1035883,11.49
2019-10-11,5674,5744,5585,5586,804750,11.4
2019-10-14,5638,5851,5629,5781,1172230,11.35
2019-10-15,5833,5913,5780,5789,1068432,11.25
2019-10-16,5824,5886,5806,5852,543179,11.29
2019-10-17,5851,5913,5762,5772,639953,11.29
2019-10-18,5824,5869,5736,5789,605463,11.29
2019-10-21,5789,5824,5674,5683,572703,11.31
2019-10-22,5744,5816,5691,5772,753727,11.33
2019-10-23,5727,5780,5594,5630,1094711,11.31
2019-10-24,5629,5691,5594,5639,647472,11.32
2019-10-25,5638,5709,5594,5666,466710,11.29
2019-10-28,5647,5762,5629,5657,715955,11.29
2019-10-29,5700,5700,5532,5533,1148688,11.18
2019-10-30,5629,5664,5514,5533,778114,11.2
2019-10-31,5576,5576,5416,5444,1393680,11.17
2019-11-01,5327,5346,5079,5116,3789675,10.9
2019-11-04,5079,5239,5079,5204,1366070,10.99
2019-11-05,5177,5239,5151,5187,1339524,10.98
2019-11-06,5186,5230,5141,5204,742924,10.93
2019-11-07,5204,5274,5186,5196,752395,10.91
2019-11-08,5230,5257,5204,5231,615149,10.9
2019-11-11,5230,5239,5124,5169,735126,10.84
2019-11-12,5151,5204,5106,5134,514359,10.82
2019-11-13,5097,5168,5071,5071,656521,10.87
2019-11-14,5062,5088,4999,5054,1103934,10.83
2019-11-15,5035,5115,5035,5036,853324,10.88
2019-11-18,5071,5132,5026,5071,813552,10.9
2019-11-19,5106,5106,4982,5018,1004194,10.89
2019-11-20,4999,5018,4840,4850,1925096,10.71
2019-11-21,4840,4902,4698,4744,1506265,10.74
2019-11-22,4734,4804,4707,4726,812279,10.71
2019-11-25,4734,4804,4734,4779,899152,10.67
2019-11-26,4770,4902,4751,4867,1178998,10.56
2019-11-27,4893,4920,4831,4841,697551,10.52
2019-11-28,4893,4956,4814,4895,751139,10.43
2019-11-29,4902,4982,4831,4841,857147,10.4
2019-12-02,4857,4937,4849,4929,583934,10.49
2019-12-03,4893,4920,4840,4876,527742,10.49
2019-12-04,4840,4911,4725,4779,1110364,10.32
2019-12-05,4770,4814,4681,4700,791354,9.7
2019-12-06,4698,4804,4583,4664,1677340,9.49
2019-12-09,4689,4742,4636,4673,831529,9.6
2019-12-10,4689,4840,4672,4708,944102,9.61
2019-12-11,4698,4751,4681,4734,483962,9.66
2019-12-12,4760,4946,4742,4948,2018787,9.76
2019-12-13,4956,4991,4742,4850,1994773,9.21
2019-12-16,4849,4956,4823,4929,1832140,8.48
2019-12-17,4902,4902,4787,4841,1025023,8.31
2019-12-18,4840,4867,4814,4850,550225,8.32
2019-12-19,5035,5213,4956,5036,5056849,7.95
2019-12-20,5071,5088,4991,5062,1657650,8.0
2019-12-23,5106,5106,5018,5107,1073572,7.78
2019-12-24,5106,5124,4999,5054,995194,7.86
2019-12-26,5009,5079,4999,5045,734675,7.94
2019-12-27,5044,5106,4982,5089,860600,8.11
2019-12-30,5071,5115,5044,5071,570295,8.17
2020-01-02,5079,5141,5018,5081,825990,8.22
2020-01-03,5079,5124,5035,5071,858341,8.6
2020-01-06,5026,5062,4893,4921,1518839,8.73
2020-01-07,4964,4999,4893,4903,762157,8.75
2020-01-08,4876,4884,4654,4708,1958849,8.61
2020-01-09,4787,4814,4734,4806,953778,8.66
2020-01-10,4778,4902,4770,4867,932072,8.65
2020-01-13,4867,4937,4849,4929,661272,8.51
2020-01-14,4929,4982,4911,4921,591528,8.63
2020-01-15,4920,5079,4902,5036,1060583,8.75
2020-01-16,5044,5124,5035,5062,1090579,8.77
2020-01-17,5079,5106,5018,5018,730121,8.83
2020-01-20,5053,5062,4920,4939,892570,8.88
2020-01-21,4911,4982,4884,4886,574470,8.82
2020-01-22,4893,5151,4831,5143,2290182,8.82
2020-01-23,5097,5469,5071,5444,4424601,9.0
2020-01-28,5327,5514,5159,5515,3581749,8.8
2020-01-29,5496,5505,5274,5276,2079665,8.61
2020-01-30,5293,5293,4973,4974,2382454,8.44
2020-01-31,4964,5035,4814,4850,1803245,8.32
2020-02-03,4742,4831,4636,4770,1924724,8.28
2020-02-04,4751,4867,4751,4823,1021385,8.39
2020-02-05,4849,4876,4760,4841,1066352,8.55
2020-02-06,4857,4991,4857,4956,1336319,8.66
2020-02-07,4956,4999,4893,4929,750151,8.73
2020-02-10,4902,4982,4857,4929,757113,8.71
2020-02-11,4929,4973,4902,4948,753838,8.8
2020-02-12,4937,4999,4911,4956,903978,8.78
2020-02-13,4964,4973,4804,4806,2179435,8.54
2020-02-14,4840,5141,4831,5045,3084467,8.85
2020-02-17,5071,5443,5062,5338,5025838,7.54
2020-02-18,5327,5372,5115,5143,2847694,7.37
2020-02-19,5115,5124,4911,4965,2339735,7.01
2020-02-20,4999,5009,4823,4850,1841194,6.74
2020-02-21,4804,4849,4751,4770,1639195,6.62
2020-02-24,4672,4707,4565,4566,2180819,6.47
2020-02-25,4539,4672,4530,4602,2353843,6.21
2020-02-26,4530,4618,4512,4584,1253074,5.97
2020-02-27,4565,4628,4512,4531,1171770,6.16
2020-02-28,4459,4494,4392,4442,2194277,6.22
2020-03-02,4433,4467,4344,4394,1671209,6.12
2020-03-03,4494,4512,4414,4424,1032379,6.2
2020-03-04,4406,4441,4401,4424,875903,6.08
2020-03-05,4459,4503,4423,4505,1100304,6.07
2020-03-06,4459,4467,4406,4416,1276613,5.98
2020-03-09,4379,4383,4135,4176,2261136,6.07
2020-03-10,4077,4153,4024,4052,2611925,6.06
2020-03-11,4055,4131,3036,3183,21239295,6.19
2020-03-12,3000,3310,2850,2903,10913326,6.19
2020-03-13,2650,2766,2504,2753,7451554,6.4
2020-03-16,2752,2831,2552,2558,4691129,6.45
2020-03-17,2304,2778,2304,2758,5778619,6.8
2020-03-18,2805,2809,2539,2566,3732767,6.65
2020-03-19,2570,2614,2308,2345,4275653,7.19
2020-03-20,2344,2468,2220,2358,4152855,7.13
2020-03-23,2132,2260,2123,2190,3033644,6.87
2020-03-24,2243,2486,2243,2487,3194321,7.35
2020-03-25,2761,2885,2624,2713,4788569,7.56
2020-03-26,2712,2969,2579,2891,7060363,7.55
2020-03-27,3612,3612,2987,3183,14202134,7.38
2020-03-30,3147,3147,2872,3028,5047801,7.58
2020-03-31,3080,3142,2973,3028,4631775,7.48
2020-04-01,2987,3652,2850,3178,12487470,7.48
2020-04-02,3133,3222,3005,3170,3158619,7.34
2020-04-03,3235,3493,3213,3298,5254632,7.3
2020-04-06,3289,3368,3204,3325,3126158,7.28
2020-04-07,3390,3457,3298,3339,3306160,7.29
2020-04-08,3337,3395,3244,3307,2358129,7.37
2020-04-09,3351,3409,3320,3409,2673153,7.35
2020-04-10,3537,3590,3386,3511,4791238,7.22
2020-04-13,3532,3718,3439,3537,4825327,7.2
2020-04-14,3572,3679,3572,3618,3150661,7.27
2020-04-16,3293,3390,3178,3312,5492021,7.37
2020-04-17,3328,3412,3315,3387,2675400,7.48
2020-04-20,3493,3802,3412,3626,6836696,7.65
2020-04-21,3648,3768,3368,3582,6053801,7.43
2020-04-22,3723,3821,3501,3534,5986682,7.24
2020-04-23,3546,3550,3386,3467,2625683,7.28
2020-04-24,3466,3466,3306,3325,1976038,7.23
2020-04-27,3324,3421,3231,3400,2339551,7.39
2020-04-28,3723,3723,3457,3489,4483328,7.2
2020-04-29,3484,3554,3435,3542,2165180,7.27
2020-05-04,3457,3532,3426,3471,1435989,7.24
2020-05-06,3537,3546,3457,3476,1159047,7.18
2020-05-07,3484,3501,3435,3476,1156665,7.25
2020-05-08,3501,3506,3470,3484,1034967,7.28
2020-05-11,3484,3577,3412,3493,2587262,7.31
2020-05-12,3532,3541,3399,3404,1707443,7.22
2020-05-13,3382,3466,3359,3462,1200783,7.24
2020-05-14,3457,3523,3417,3467,1524098,7.25
2020-05-15,3448,3585,3431,3471,2323264,7.31
2020-05-18,3457,3479,3373,3440,1117895,7.32
2020-05-19,3448,3621,3448,3600,3820277,7.76
2020-05-20,3599,3599,3515,3542,1503319,7.69
2020-05-21,3559,3683,3546,3648,2924334,7.89
2020-05-22,3643,3652,3439,3502,2789628,7.68
2020-05-25,3501,3519,3443,3502,1034300,7.68
2020-05-26,3501,3559,3474,3537,1273281,7.72
2020-05-27,3563,4228,3546,4043,20332136,7.67
2020-05-28,4108,4108,3802,3883,5923844,7.62
2020-05-29,3887,3891,3723,3795,3050819,7.5
2020-06-01,3910,4051,3905,3937,3880033,7.33
2020-06-02,4051,4636,4051,4309,13767101,7.58
2020-06-03,4406,4441,4224,4322,6711506,7.56
2020-06-04,4406,4618,4379,4385,5557618,7.59
2020-06-05,4433,4494,4295,4469,3259845,7.77
2020-06-08,4601,4628,4428,4513,3518747,7.68
2020-06-09,4645,4742,4583,4690,4715752,7.77
2020-06-10,4698,4707,4530,4690,2491901,7.72
2020-06-11,4628,4770,4494,4558,4132207,7.85
2020-06-12,4224,4433,4202,4397,3056799,7.83
2020-06-15,4308,4423,4131,4136,2685267,7.8
2020-06-16,4334,4867,4237,4566,8629377,7.74
2020-06-17,4459,4609,4322,4406,3147500,7.72
2020-06-18,4414,4414,4250,4331,1552784,7.72
2020-06-19,4428,4428,4219,4286,1989077,7.79
2020-06-22,4259,4388,4197,4256,1898445,7.78
2020-06-23,4317,4330,4122,4132,1721938,7.72
2020-06-24,4166,4237,4113,4132,1049682,7.7
2020-06-25,4033,4073,3975,4016,1499178,7.76
2020-06-26,4024,4077,3989,4025,910174,7.78
2020-06-29,3958,4433,3922,4114,3810725,7.76
2020-06-30,4175,4414,4122,4286,4952761,7.79
2020-07-01,4330,4339,4166,4172,1254410,7.78
2020-07-02,4193,4281,4171,4233,1069730,7.75
2020-07-03,4277,4286,4171,4225,806817,7.72
2020-07-06,4224,4237,4131,4176,822492,7.75
2020-07-07,4188,4211,4082,4083,1019777,7.7
2020-07-08,4117,4144,4082,4096,871369,7.68
2020-07-09,4122,4127,4069,4096,1153824,7.64
2020-07-10,4117,4149,3980,3999,1218942,7.54
2020-07-13,4038,4113,3980,4079,1073263,7.56
2020-07-14,4077,4153,4055,4114,1142871,7.58
2020-07-15,4184,4414,4144,4238,2867685,7.55
2020-07-16,4192,4450,4192,4363,2621380,7.61
2020-07-17,4433,4530,4326,4358,2355173,7.44
2020-07-20,5115,5115,4715,4876,16379042,7.49
2020-07-21,5018,6339,4893,6339,38277414,7.5
2020-07-22,6986,8236,6986,7608,92389322,7.41
2020-07-23,7775,8041,7189,7634,26409487,7.5
2020-07-24,7394,7394,7242,7244,4492334,7.52
2020-07-27,7403,7765,7403,7723,5403047,7.53
2020-07-28,8023,8821,7828,8822,8257523,7.52
2020-07-29,9531,10461,8866,9620,25460903,7.49
2020-07-30,9176,9885,8954,9620,10323593,7.49
2020-07-31,9841,9885,9131,9309,6047259,7.45
2020-08-03,9486,9486,7987,8219,16168015,7.46
2020-08-04,7970,8599,7633,8299,18706468,7.44
2020-08-05,8422,8511,8156,8273,4954117,7.39
2020-08-06,8191,8236,7934,8033,5960161,7.33
2020-08-07,8413,8777,7987,8104,10090600,7.37
2020-08-10,7987,8236,7731,8201,7002492,7.58
2020-08-11,8201,8201,8006,8024,4070160,7.54
2020-08-12,7917,8404,7820,8059,8499231,7.52
2020-08-13,8138,8201,7934,7989,3952786,7.52
2020-08-14,8059,9309,7979,8583,33777692,7.4
2020-08-18,8511,8954,8236,8689,16336867,7.44
2020-08-19,8954,9176,8626,8911,10331787,7.38
2020-08-20,9176,9264,8458,8911,11857733,7.4
2020-08-21,8909,8998,8644,8786,6104794,7.36
2020-08-24,8572,8759,8094,8671,6173885,7.35
2020-08-25,8688,9087,8582,8999,10016794,7.43
2020-08-26,8998,8998,8733,8866,6303277,7.41
2020-08-27,8866,9131,8759,9133,8614697,7.5
2020-08-28,9220,11836,9176,11526,81905959,8.02
2020-08-31,11969,14672,11747,14275,82099317,7.56
2020-09-01,14761,14894,13343,14142,26784834,7.6
2020-09-02,14318,16224,13564,14851,50660966,7.63
2020-09-03,14894,15604,14274,14452,16358554,7.53
2020-09-04,13520,15293,13431,14452,17495819,7.67
2020-09-07,13166,15028,12944,14275,42615447,7.64
2020-09-08,14939,15293,13476,13521,16394230,7.65
2020-09-09,13299,13431,12101,12501,13406567,7.57
2020-09-10,12678,13831,11836,13033,27491118,7.45
2020-09-11,12766,13875,12634,13166,13720222,7.49
2020-09-14,13343,13476,13077,13211,4583314,7.48
2020-09-15,13210,13342,12722,13299,4661241,7.48
2020-09-16,13564,14007,13387,13920,9173210,7.5
2020-09-17,14363,14717,13653,13698,13823254,7.2
2020-09-18,14096,14229,13033,13299,8731665,7.02
2020-09-21,13077,13476,12456,12768,6746929,6.87
2020-09-22,12501,13077,12058,12412,10153776,6.84
2020-09-23,12456,12501,11658,11881,5835657,6.89
2020-09-24,11525,12456,11304,11704,6714498,7.01
2020-09-25,11747,11925,11304,11393,4063528,7.03
2020-09-28,11525,12412,11393,11969,6178206,7.05
2020-09-29,12146,12323,11703,11792,2678088,7.03
2020-10-05,11969,12456,11747,12412,4054760,7.18
2020-10-06,12634,12678,12190,12280,3290465,7.15
2020-10-07,12101,12368,11925,12058,2321857,7.14
2020-10-08,12279,12545,12058,12325,5678884,7.57
2020-10-12,12501,12501,11836,11925,3940148,7.56
2020-10-13,11969,12013,11437,11704,4158147,7.64
2020-10-14,11658,11703,11215,11438,5040006,7.33
2020-10-15,11823,12209,11244,11389,5895644,7.18
2020-10-16,11341,11823,11148,11631,2961494,7.28
2020-10-19,11823,12981,11485,12885,8468530,7.36
2020-10-20,12885,13512,11968,12982,9693364,7.36
2020-10-21,12885,13271,12547,12982,3641828,7.51
2020-10-22,13030,13367,12788,13223,3569969,7.55
2020-10-23,13319,13705,13223,13416,5341821,7.57
2020-10-26,13464,13464,12692,12692,3392692,7.54
2020-10-27,12354,12933,12064,12934,2996361,7.6
2020-10-28,12933,13416,12788,13320,3213910,7.68
2020-10-29,12933,13657,12885,13658,5580170,7.78
2020-10-30,13754,13947,13126,13271,3875618,7.62
2020-11-02,13126,13512,13078,13416,2317881,7.62
2020-11-03,13561,13995,13319,13851,4853289,7.93
2020-11-04,14043,14091,12885,13368,7571634,8.15
2020-11-05,13754,14091,13464,14044,5729962,8.65
2020-11-06,14188,14381,13657,14188,5173601,8.81
2020-11-09,14477,15877,14477,15105,17479313,9.1
2020-11-10,15201,15394,14670,15395,6646163,8.73
2020-11-11,15684,16118,15201,15781,11910652,8.96
2020-11-12,15732,15974,15298,15829,5887078,8.95
2020-11-13,15732,16022,15539,15877,5378151,9.04
2020-11-16,15829,15925,15153,15202,6006986,9.3
2020-11-17,15250,15587,14622,15298,4220041,9.3
2020-11-18,15105,15153,14284,14381,7874776,9.58
2020-11-19,14091,14477,13802,14140,5183267,9.73
2020-11-20,14140,14477,13947,14285,2782424,9.84
2020-11-23,14284,14864,14140,14768,4568419,10.13
2020-11-24,14864,15057,14574,14768,4011765,10.27
2020-11-25,14767,15008,14333,14864,4686437,10.49
2020-11-26,14719,15587,14574,15491,7657765,11.07
2020-11-27,15539,16794,15250,16505,17133271,12.13
2020-11-30,16842,17083,15587,16167,29033623,13.13
2020-12-01,15780,16022,14960,14961,9433777,12.86
2020-12-02,14719,15394,14429,14526,8009790,12.69
2020-12-03,14574,14912,14188,14478,4192430,12.55
2020-12-04,14429,14477,14091,14381,3546145,12.49
2020-12-07,14188,14236,13705,13899,3815378,12.5
2020-12-08,13898,14622,13754,13899,3771114,12.47
2020-12-09,14091,14236,13898,14044,2259109,12.45
2020-12-10,13850,14188,13705,14092,3134196,12.52
2020-12-11,14284,14429,13898,14237,3668539,12.55
2020-12-14,14091,14140,13850,13899,1767211,12.57
2020-12-15,13995,14140,13754,13802,1470495,12.64
2020-12-16,13947,13995,13174,13368,4278447,12.4
2020-12-17,13367,14284,12933,13851,5872262,12.53
2020-12-18,13802,13802,13367,13416,2789612,12.45
2020-12-21,13271,13609,13223,13416,2214304,12.55
2020-12-22,13223,13512,12885,12934,2996006,13.14
2020-12-23,13030,13319,12595,12644,2986487,11.41
2020-12-24,12499,13223,12161,12885,7242997,11.26
2020-12-28,12981,13030,12258,12403,5052701,11.19
2020-12-29,12402,12837,12306,12596,3078807,11.17
2020-12-30,12644,13078,12451,13030,3336707,11.19
2021-01-04,13126,13464,12981,13416,3758591,11.14
2021-01-05,13561,14477,13416,14188,7488840,11.09
2021-01-06,14284,14381,13609,13658,4334704,11.01
2021-01-07,14043,14091,13561,13658,3413939,11.01
2021-01-08,13898,13947,13512,13706,4577632,10.63
2021-01-11,13657,13657,12740,12982,7233682,10.65
2021-01-12,12788,12981,12451,12789,3400191,10.67
2021-01-13,12933,13174,12644,12837,2761095,10.69
2021-01-14,12837,13898,12644,13416,8268947,10.82
2021-01-15,13512,13705,12933,13078,3346617,10.73
2021-01-18,12933,12981,12547,12644,2838067,10.71
2021-01-19,12547,12933,12451,12837,2999100,10.75
2021-01-20,12885,12981,12499,12789,2634050,10.74
2021-01-21,12933,13367,12837,12885,3596076,10.84
2021-01-22,13126,13223,12837,12934,2742160,10.77
2021-01-25,12885,12981,12692,12789,2288590,10.78
2021-01-26,13416,13416,12788,12837,3838225,10.72
2021-01-27,12837,12885,12595,12692,2084823,10.74
2021-01-28,12354,12547,12161,12210,3154871,10.69
2021-01-29,12258,12402,11003,11341,7121094,10.67
2021-02-01,11099,11582,10713,11534,4242122,10.68
2021-02-02,11582,11727,11244,11438,2501207,10.66
2021-02-03,11485,11582,11292,11486,2302163,10.68
2021-02-04,11534,11582,11051,11148,2276664,10.65
2021-02-05,11244,12113,11099,11389,4993404,10.57
2021-02-08,11678,12113,11630,11824,4155540,10.55
2021-02-09,11920,12161,11823,11824,1914214,10.54
2021-02-10,11775,11823,11485,11775,2059342,10.55
2021-02-15,11775,11823,11485,11727,1922053,10.59
2021-02-16,11727,11727,11292,11438,2385733,10.57
2021-02-17,11341,11389,11003,11100,2473217,10.58
2021-02-18,10954,11630,10954,11100,2380840,10.54
2021-02-19,11099,11244,10713,11003,2170103,10.57
2021-02-22,11051,11196,10713,10810,1972062,10.54
2021-02-23,10568,10761,10327,10617,2669102,10.64
2021-02-24,10617,10713,9845,9893,4306794,10.69
2021-02-25,10086,10810,9893,10714,3487705,10.89
2021-02-26,10327,10375,9893,10231,3914959,10.61
2021-03-02,10520,10520,10134,10328,1940875,10.67
2021-03-03,10279,10906,10231,10907,3234110,10.79
2021-03-04,10665,10954,10472,10762,2191866,10.68
2021-03-05,10568,10617,10231,10424,1745624,10.6
2021-03-08,10472,10713,10279,10328,1454225,10.56
2021-03-09,10472,10520,10086,10424,1820421,10.59
2021-03-10,10617,10665,10182,10279,1511902,10.57
2021-03-11,10279,10327,10038,10231,2444182,10.72
2021-03-12,10327,11292,10279,10955,5030048,10.93
2021-03-15,11051,11244,10713,10955,1802468,10.84
2021-03-16,11099,11292,10906,11245,2194428,10.81
2021-03-17,11292,11437,11003,11438,1699489,10.82
2021-03-18,11485,11534,11099,11245,2120401,10.78
2021-03-19,10906,11389,10906,11196,2617070,10.81
2021-03-22,11678,12064,11341,11486,6715213,10.66
2021-03-23,11582,11630,11389,11389,1853777,10.13
2021-03-24,11341,11678,11148,11631,1898044,9.99
2021-03-25,11582,11920,11485,11824,2149782,10.01
2021-03-26,11920,12451,11871,12258,4534073,10.2
2021-03-29,12499,13319,12354,12789,8265923,10.21
2021-03-30,13030,13223,12451,12741,3657634,10.12
2021-03-31,12788,12885,12354,12548,2641621,10.14
2021-04-01,12644,12692,12113,12210,2424497,10.11
2021-04-02,12161,12644,12064,12548,2193922,10.11
2021-04-05,12644,12933,12547,12644,1675265,10.12
2021-04-06,12692,12740,12402,12548,1553969,10.1
2021-04-07,12499,12547,12354,12499,1356197,10.12
2021-04-08,12692,12981,12644,12934,3491735,10.08
2021-04-09,12933,13030,12788,12837,1714816,10.1
2021-04-12,12837,12885,12547,12741,1722041,10.11
2021-04-13,12788,12981,12692,12982,2759241,9.03
2021-04-14,13030,14043,12981,13851,10156892,9.15
2021-04-15,13802,13802,13319,13465,5250262,9.06
2021-04-16,13464,13705,13126,13513,3502910,9.07
2021-04-19,13561,13754,13416,13465,2236916,9.11
2021-04-20,13126,13609,13030,13416,2947841,9.18
2021-04-21,13416,13416,13030,13127,2486474,9.17
2021-04-22,13223,13705,13174,13513,3579910,9.2
2021-04-23,13464,13657,13223,13320,2231279,9.14
2021-04-26,13464,13512,13319,13513,2003123,9.13
2021-04-27,13657,13850,13416,13465,3646002,9.14
2021-04-28,13995,14140,13561,13754,6676927,9.14
2021-04-29,13850,13898,13416,13658,3628390,9.0
2021-04-30,13705,13802,13223,13465,3538966,9.02
2021-05-03,13271,13319,12161,12355,6820747,8.92
2021-05-04,12016,12258,11534,12210,5542156,8.88
2021-05-06,12064,12354,11871,12065,3717118,8.71
2021-05-07,12161,12451,12064,12210,2664881,8.59
2021-05-10,12258,12740,12209,12644,3254235,8.58
2021-05-11,12451,12788,12354,12548,2642653,8.46
2021-05-12,12499,12499,12064,12161,2511866,8.43
2021-05-13,11775,12258,11727,12017,2942165,8.41
2021-05-14,12064,12209,11823,11872,1670129,8.32
2021-05-17,12016,12402,11920,12065,2650245,8.29
2021-05-18,12064,12258,12016,12161,1473644,8.23
2021-05-20,12499,13512,12209,13320,10932370,8.38
2021-05-21,13416,13561,12837,13416,6481544,8.13
2021-05-24,14333,14477,13802,14044,14799770,7.79
2021-05-25,14091,14381,13609,14188,6947261,7.89
2021-05-26,14284,15829,14236,15540,26708230,8.37
2021-05-27,15780,16649,15636,16215,23470620,8.42
2021-05-28,16360,17470,15925,17229,23797626,8.84
2021-05-31,17856,19496,17421,19207,41760974,8.37
2021-06-01,19496,19931,18338,19063,25546342,8.14
2021-06-02,18628,23502,18483,21283,67934185,7.55
2021-06-03,21765,22344,21089,21958,27589743,6.75
2021-06-04,22054,24516,21668,24226,50411596,6.66
2021-06-07,25046,30886,24998,30886,81784993,6.32
2021-06-08,30789,30789,24467,24468,71801269,6.22
2021-06-09,23936,26687,22826,25192,51082790,6.28
2021-06-10,24612,25095,22247,22586,27787232,6.51
2021-06-11,23068,23599,21813,22923,21210949,6.73
2021-06-14,23068,23068,21620,22730,15979595,6.85
2021-06-15,22682,23357,22247,22779,7453228,6.84
2021-06-16,22440,24998,22199,23599,22421398,7.0
2021-06-17,23357,23936,22923,23261,5813291,7.01
2021-06-18,23502,24371,22730,24371,9996171,7.1
2021-06-21,24612,25481,23840,24902,11344649,7.14
2021-06-22,24950,26301,24757,25819,16771479,7.21
2021-06-23,25867,26253,24853,25095,13152297,7.18
2021-06-24,25384,25529,23647,23792,14783123,6.98
2021-06-25,23647,24371,23261,23889,8977925,6.82
2021-06-28,23743,24033,22875,22923,9909084,6.76
2021-06-29,22875,23695,22585,23358,8607966,6.84
2021-06-30,23309,23357,22682,23020,5068510,6.81
2021-07-01,23261,24322,22826,23985,11482301,7.08
2021-07-02,24660,24950,23840,23889,8555495,6.92
2021-07-05,23936,24564,23454,24082,7245664,7.64
2021-07-06,24564,25722,24322,25143,21369097,7.86
2021-07-07,25143,25481,24322,24468,9203665,7.62
2021-07-08,24226,24660,23936,24371,7145981,7.76
2021-07-09,23985,25336,23647,25192,11886824,8.28
2021-07-12,26012,26156,24612,24613,9526027,7.73
2021-07-13,24612,25384,24564,24613,7382775,7.85
2021-07-14,24757,25191,24467,24999,5217081,8.06
2021-07-15,25143,25722,24853,25143,8623735,8.14
2021-07-16,25191,25239,24129,24226,7895511,7.84
2021-07-19,23743,24371,23261,23937,4638584,7.79
2021-07-20,23647,24564,23550,24226,8324479,8.55
2021-07-21,23406,24129,22778,23551,23977814,4.69
2021-07-22,23599,23695,22585,22682,11058230,4.72
2021-07-23,22585,22923,22199,22586,6208731,4.79
2021-07-26,22682,22826,21813,22006,6947948,4.99
2021-07-27,22103,22633,21909,22151,5269838,5.13
2021-07-28,22054,22296,21523,21765,5210606,5.22
2021-07-29,22199,22247,21620,21765,3730604,5.14
2021-07-30,21620,21716,20800,20993,9733965,5.11
2021-08-02,20944,21379,20558,21041,4692093,5.19
2021-08-03,21089,21089,19786,19980,9532826,5.27
2021-08-04,20076,20944,19690,20897,8247052,5.52
2021-08-05,21089,21379,20510,20897,5271833,5.4
2021-08-06,20800,21716,20703,21620,6904642,5.42
2021-08-09,21620,21620,20655,20703,5603765,5.04
2021-08-10,20703,20993,20317,20752,4994317,5.23
2021-08-11,20558,21089,20510,20607,3278698,5.34
2021-08-12,20703,21475,20655,20945,8235636,5.66
2021-08-13,21041,21089,19786,20076,6455804,9.68
2021-08-17,20365,20462,19786,19931,4843754,9.68
2021-08-18,19690,20413,19448,20173,5365736,9.86
2021-08-19,19979,20027,18821,18821,9241322,9.61
2021-08-20,18869,19400,18676,18821,7162932,10.0
2021-08-23,18966,19400,18145,19111,6197770,10.37
2021-08-24,19448,20269,19303,20028,6079921,10.38
2021-08-25,20076,20413,19834,20124,4281663,10.3
2021-08-26,20269,20317,19207,19400,5316925,10.14
2021-08-27,19110,19883,18966,19738,3765143,10.28
2021-08-30,20027,20124,19641,19690,2922910,10.23
2021-08-31,19690,20172,19400,20173,4381267,10.29
2021-09-01,20172,21958,19931,21138,17313479,9.93
2021-09-02,21427,21668,20558,20559,8211790,9.49
2021-09-03,21379,21765,20703,20993,8966393,9.27
2021-09-06,21089,21282,20751,21090,3519543,9.24
2021-09-07,21089,21716,20993,21138,7801203,9.32
2021-09-08,20848,20896,20365,20414,4976009,9.24
2021-09-09,20317,20510,19931,20173,4268063,9.33
2021-09-10,20124,20317,19545,19690,3594695,9.25
2021-09-13,19593,19883,19303,19594,3412892,9.33
2021-09-14,19690,20558,19690,20269,3893380,9.62
2021-09-15,20317,20944,20220,20317,4404744,9.59
2021-09-16,20606,21379,20413,21090,7837821,9.78
2021-09-17,21330,21620,20751,20897,8504125,9.74
2021-09-23,20462,20944,20269,20366,4053982,9.6
2021-09-24,20510,20558,19786,19835,4391013,9.43
2021-09-27,19593,20220,19593,19931,2921285,9.42
2021-09-28,20076,20365,19931,20269,3768022,9.53
2021-09-29,19883,20027,19496,19738,4444053,9.42
2021-09-30,19690,20365,19593,19835,3826058,9.45
2021-10-01,19641,19738,18917,19014,5540286,9.24
2021-10-05,18676,19352,18580,18821,4370102,9.34
2021-10-06,19014,19159,17421,17518,8294689,9.32
2021-10-07,17614,18435,17614,18339,3963006,9.47
2021-10-08,18531,18773,18242,18435,3009198,9.54
2021-10-12,18338,18821,18097,18290,2881248,9.48
2021-10-13,18580,21282,18387,20993,21802612,9.72
2021-10-14,21523,22247,20751,21669,23023562,9.65
2021-10-15,21861,23309,21716,22634,26797443,9.6
2021-10-18,23116,23309,22006,22296,13747479,9.38
2021-10-19,22199,22730,21861,22200,9347618,9.38
2021-10-20,22392,22440,21041,21041,11357252,9.29
2021-10-21,21282,22537,21137,22296,15563218,9.08
2021-10-22,22440,22682,21765,21813,12090012,8.99
2021-10-25,22585,24998,22489,24854,46741882,9.48
2021-10-26,24564,25432,24178,25192,24476450,9.33
2021-10-27,24902,25432,24371,24806,13695310,9.26
2021-10-28,24467,25384,23116,23358,21727686,9.15
2021-10-29,23647,24129,23261,23551,9832627,8.88
2021-11-01,24129,24564,22826,23213,11976572,8.72
2021-11-02,23309,24274,23068,24226,10560196,8.84
2021-11-03,24902,24998,23406,23744,12386449,8.45
2021-11-04,24371,26591,24226,25336,52443254,9.14
2021-11-05,25674,25915,24757,25578,19060137,8.78
2021-11-08,25770,26060,24998,25626,12713938,8.48
2021-11-09,25722,26687,25384,25481,20941744,8.09
2021-11-10,25384,25674,24660,24806,12333518,8.2
2021-11-11,24516,25095,23985,24902,11258227,8.13
2021-11-12,24998,26108,24950,25288,13124467,8.12
2021-11-15,25384,25481,24612,24661,7317478,7.96
2021-11-16,24612,25143,24371,24806,7447883,8.03
2021-11-17,25143,25770,24467,24516,12172826,7.84
2021-11-18,24371,24419,23550,23599,10259766,7.87
2021-11-19,23212,23599,22392,23213,11366685,7.98
2021-11-22,23406,23888,22778,22875,7488441,7.91
2021-11-23,23261,23743,22778,22827,6692288,7.91
2021-11-24,23309,23406,22537,23165,6250045,7.94
2021-11-25,23212,23406,22489,22489,5193571,7.84
2021-11-26,22392,22826,22103,22248,6270266,8.0
2021-11-29,19593,20027,18966,19207,21345904,8.16
2021-11-30,19352,19400,18242,18339,16738333,8.23
2021-12-01,18338,19496,18145,19207,11022583,8.18
2021-12-02,18773,19352,18724,19159,4704419,8.17
2021-12-03,19400,19786,19207,19449,4919205,8.12
2021-12-06,19400,20076,19255,20028,6055492,8.14
2021-12-07,20124,20317,19834,20028,3560485,8.2
2021-12-08,20317,20993,20269,20462,5260019,8.29
2021-12-09,20462,20896,20413,20897,4639028,8.36
2021-12-10,20944,21379,20655,21234,3644562,8.28
2021-12-13,21234,21716,21234,21524,3061535,8.29
2021-12-14,21523,21523,20751,20848,3755475,8.24
2021-12-15,20606,21186,20510,20945,2321749,8.35
2021-12-16,20993,21186,20510,20752,2855348,8.45
2021-12-17,20510,21089,20462,20945,2704613,8.67
2021-12-20,20993,21330,20800,21041,3160926,8.76
2021-12-21,21137,21234,20462,20559,2941254,8.62
2021-12-22,20655,20655,19786,19931,4206997,8.81
2021-12-23,20076,20172,19593,19690,4279994,8.88
2021-12-24,19690,19979,19545,19545,3112104,8.91
2021-12-27,19496,19738,19303,19449,4105409,8.97
2021-12-28,19496,20413,19496,20028,8203606,9.16
2021-12-29,20365,21041,20220,20800,7467936,8.97
2021-12-30,21000,21050,20300,20400,3039827,8.69
2022-01-03,21300,21600,20700,20950,4473282,8.65
2022-01-04,20850,20900,20500,20650,2509924,8.53
2022-01-05,20600,21050,20350,20750,3656521,8.71
2022-01-06,20300,20650,20000,20050,3070341,8.6
2022-01-07,20050,20300,19800,20250,2427353,8.64
2022-01-10,20450,21000,20300,20550,4477914,8.63
2022-01-11,20350,20800,20250,20550,2249008,8.67
2022-01-12,20550,21000,20500,20900,3187490,8.82
2022-01-13,21000,21050,20300,20700,4245573,8.66
2022-01-14,20350,20400,20050,20150,3275824,8.35
2022-01-17,20150,20150,19600,19800,3459380,8.32
2022-01-18,19700,19900,19000,19050,3870925,8.07
2022-01-19,18950,19650,18800,19100,3723958,7.31
2022-01-20,19100,19200,18400,18650,5004206,7.37
2022-01-21,18650,19050,18400,18450,3878332,7.29
2022-01-24,18150,18350,17800,18000,3771113,7.33
2022-01-25,18050,18150,17100,17200,4290190,7.37
2022-01-26,17200,18200,17200,17900,5332300,7.39
2022-01-27,18100,18250,17650,17800,3808893,7.33
2022-01-28,18050,18150,17300,17700,3837197,7.19
2022-02-03,18150,18350,17850,17950,3220029,7.26
2022-02-04,18150,18550,17850,18050,4498749,7.38
2022-02-07,18250,18300,17300,17300,6895516,7.15
2022-02-08,17400,17850,17250,17450,6761982,7.12
2022-02-09,17450,17900,17300,17800,5412405,7.12
2022-02-10,17850,18100,17250,17400,6863862,7.41
2022-02-11,17250,17600,16900,17350,3696217,7.44
2022-02-14,16850,16900,15500,15600,10091884,7.37
2022-02-15,15350,15900,15200,15450,4637764,7.64
2022-02-16,15800,16450,15700,16350,4367655,7.82
2022-02-17,16350,17250,16200,16850,6290708,7.84
2022-02-18,16400,18500,16350,18500,9967745,7.84
2022-02-21,18050,19000,18000,18900,7252419,7.73
2022-02-22,18500,19100,18250,18600,5141221,7.9
2022-02-23,18600,18850,18350,18700,4207236,7.97
2022-02-24,18600,19100,18050,18100,5745352,8.05
2022-02-25,18550,19350,18400,18900,8935172,8.04
2022-02-28,21000,21900,20350,20800,28646876,7.84
2022-03-02,20200,21700,20150,21150,14896142,7.73
2022-03-03,22250,22300,21150,21250,14544579,8.73
2022-03-04,21350,22350,21000,21700,19438353,8.86
2022-03-07,21750,21850,20800,21250,11144900,8.64
2022-03-08,20650,21000,20050,20800,12991783,8.59
2022-03-10,22450,22500,20650,21100,24667383,8.2
2022-03-11,21150,23250,20850,23250,30782087,8.66
2022-03-14,23500,23900,22900,23350,20952739,8.32
2022-03-15,22900,23300,22100,22300,12494051,8.36
2022-03-16,22650,23250,22350,22600,8732663,8.34
2022-03-17,22700,22950,22150,22600,7140677,8.53
2022-03-18,22800,22950,22300,22400,6259772,8.55
2022-03-21,22500,22550,21700,21800,7570199,8.65
2022-03-22,22100,22250,21600,21700,6374280,8.67
2022-03-23,21850,22300,21450,21850,10300993,8.45
2022-03-24,22000,23150,21650,22700,17831949,8.38
2022-03-25,22800,22800,22100,22150,7278083,8.19
2022-03-28,22150,22450,21800,21900,5036040,8.14
2022-03-29,21900,22050,21000,21100,8905252,8.07
2022-03-30,21050,21400,20250,20400,10862771,8.1
2022-03-31,20150,20550,20100,20450,7618745,7.95
2022-04-01,20800,20850,20250,20300,5220407,7.93
2022-04-04,20300,21200,20100,21000,7439470,8.01
2022-04-05,21150,21200,20600,21000,3709805,8.21
2022-04-06,20850,21300,20550,20550,4044908,8.32
2022-04-07,20450,20800,20300,20500,4346786,8.26
2022-04-08,20650,20850,20350,20700,3206462,8.48
2022-04-11,20500,20650,20150,20200,3097217,8.47
2022-04-12,20000,20450,19950,20100,3453023,8.5
2022-04-13,20250,20800,20050,20750,3800172,8.62
2022-04-14,20800,21050,20600,20850,4053377,8.55
2022-04-15,20700,21150,20500,20950,2971405,8.61
2022-04-18,21050,21650,20950,21300,4614365,8.73
2022-04-19,21450,21550,21000,21350,4335130,8.79
2022-04-20,21400,21850,21250,21650,5462781,9.39
2022-04-21,22000,22200,21700,21750,6695408,9.51
2022-04-22,21600,21600,21150,21150,3859930,9.43
2022-04-25,20550,20850,20400,20400,4784194,9.4
2022-04-26,20450,20700,20400,20500,2365288,9.39
2022-04-27,19950,20750,19950,20600,3564588,9.4
2022-04-28,20600,21150,20350,21150,3398623,9.4
2022-04-29,21300,21450,20600,20600,4595157,9.36
2022-05-02,20350,20750,20300,20450,2783810,9.38
2022-05-03,20650,21350,20650,20800,4848099,9.34
2022-05-04,21050,21300,20700,21000,5223209,9.44
2022-05-06,20850,21250,20650,20850,4320206,9.35
2022-05-09,20850,21250,20700,20950,4130879,9.35
2022-05-10,20750,20800,20150,20450,4949976,9.28
2022-05-11,20500,20550,20050,20100,3465350,9.19
2022-05-12,19950,20100,18600,18750,10685592,9.16
2022-05-13,18550,19750,18550,19650,7318326,9.39
2022-05-16,19700,20200,19600,20050,4383477,9.58
2022-05-17,20050,20550,20000,20550,3244332,9.7
2022-05-18,20650,20750,19800,19850,4869301,9.61
2022-05-19,19150,20000,19100,19800,3526501,9.64
2022-05-20,20450,20700,20150,20600,6503125,9.68
2022-05-23,21150,21400,20350,20400,6226683,9.56
2022-05-24,20450,20750,20050,20150,3085693,9.52
2022-05-25,20350,20450,19850,20050,2571857,9.67
2022-05-26,20200,20450,19900,20000,2968052,9.65
2022-05-27,20350,20400,20000,20150,2303180,9.7
2022-05-30,20450,20700,20150,20250,3302730,9.67
2022-05-31,20300,20800,20250,20750,9076600,9.97
2022-06-02,20900,20900,20200,20200,3812110,9.81
2022-06-03,20350,20350,19800,19900,4467731,9.67
2022-06-07,19900,19950,19400,19550,3593852,9.64
2022-06-08,19650,19800,19400,19400,2350430,9.65
2022-06-09,19350,19550,18900,19550,3939507,9.65
2022-06-10,19250,19400,19000,19150,2222339,9.69
2022-06-13,18550,18800,18000,18050,6026327,9.7
2022-06-14,17400,18250,17200,18100,5457793,9.85
2022-06-15,18000,18200,17250,17350,4370373,9.87
2022-06-16,17600,17900,17050,17150,4332508,9.89
2022-06-17,16500,17400,16500,17050,6564565,9.99
2022-06-20,17450,17600,16100,16400,6005704,9.88
2022-06-21,16400,16900,16200,16650,3711977,9.94
2022-06-22,16850,16950,16000,16050,5566173,9.87
2022-06-23,16850,17700,16450,16900,16726876,9.76
2022-06-24,16950,17050,16400,16950,5081279,9.64
2022-06-27,17350,18250,16950,18200,8556329,9.73
2022-06-28,18200,19050,18100,18750,8277865,9.67
2022-06-29,18450,19950,18300,19800,10608126,9.83
2022-06-30,19900,20300,19350,19400,8387736,10.03
2022-07-01,19450,19950,19050,19400,6164425,10.1
2022-07-04,19600,19750,18100,18350,6645916,10.15
2022-07-05,18350,18700,17850,18400,5072898,10.11
2022-07-06,18600,18800,17400,17450,6581996,10.08
2022-07-07,18100,18850,17800,18700,7893062,10.22
2022-07-08,19100,19100,18400,18550,4196993,10.15
2022-07-11,18650,18700,18100,18350,2783456,10.18
2022-07-12,18200,18500,17650,18150,3507711,10.13
2022-07-13,18100,18300,17550,17750,2736093,10.05
2022-07-14,17650,17950,17350,17800,3196017,10.09
2022-07-15,17650,17750,17150,17450,2771850,10.1
2022-07-18,17500,17800,17400,17650,2452112,10.12
2022-07-19,17700,17950,17450,17550,2495171,9.99
2022-07-20,17850,17850,17550,17650,2104671,9.97
2022-07-21,17750,17950,17600,17800,2103324,10.02
2022-07-22,17800,18150,17700,17800,2371293,10.05
2022-07-25,17750,17800,17450,17500,2278064,10.0
2022-07-26,17700,18450,17650,17750,5269771,9.92
2022-07-27,17750,17950,17600,17900,1948230,9.97
2022-07-28,18200,18200,17800,18150,3017942,9.96
2022-07-29,18200,19000,18100,18750,6072369,10.11
2022-08-01,18800,18950,18500,18750,3055710,10.07
2022-08-02,18800,19200,18300,18450,4349423,10.02
2022-08-03,18350,18800,18200,18700,3029896,10.1
2022-08-04,18850,18900,18550,18600,2014279,10.01
2022-08-05,18550,18900,18450,18850,2680909,10.12
2022-08-08,18900,19350,18750,19250,3787880,10.15
2022-08-09,19300,19800,19200,19750,4577464,10.3
2022-08-10,19800,20500,19600,20200,9019644,10.33
2022-08-11,20500,20650,20100,20300,5736690,10.49
2022-08-12,20400,21700,20350,21150,14352395,10.65
2022-08-16,21250,21800,20850,21200,8389809,10.65
2022-08-17,21200,21700,21100,21200,6344352,10.67
2022-08-18,20950,21600,20950,21450,4423900,10.76
2022-08-19,21650,21700,21100,21150,4048714,10.79
2022-08-22,21050,21550,21050,21300,4535155,10.82
2022-08-23,21200,22100,20800,22000,11179633,11.08
2022-08-24,21950,21950,20850,21600,8237100,10.97
2022-08-25,21650,22700,21600,22650,12553535,11.15
2022-08-26,23000,23050,22000,22150,12269911,11.11
2022-08-29,21400,22350,21350,22150,6584232,11.17
2022-08-30,22400,22550,21600,21700,7621825,10.98
2022-08-31,20100,20550,20050,20350,52609426,13.44
2022-09-01,20450,20600,19150,19200,16906202,12.78
2022-09-02,19400,19750,19000,19100,9852175,12.53
2022-09-05,19100,19550,18700,18900,8944145,12.44
2022-09-06,19050,19400,18950,19100,4387576,12.32
2022-09-07,19100,19100,17900,18100,10575237,12.08
2022-09-08,18300,18350,17800,17800,6224734,11.86
2022-09-13,18200,18200,17850,17900,5112500,11.68
2022-09-14,17350,17800,17300,17500,6230561,11.58
2022-09-15,17700,18250,17500,17750,7263129,11.35
2022-09-16,17650,17900,17400,17600,4721699,11.36
2022-09-19,17650,17700,16750,16800,6541172,11.33
2022-09-20,17000,17450,16900,17350,4510077,11.38
2022-09-21,17200,17600,17000,17250,3948430,11.34
2022-09-22,16950,17400,16750,17300,3991641,11.27
2022-09-23,17350,17350,16550,16900,4826991,11.22
2022-09-26,16650,16700,15400,15500,9796673,11.27
2022-09-27,15500,15950,15250,15600,6867788,11.28
2022-09-28,15500,15600,14500,14700,9314852,11.32
2022-09-29,15100,15200,14250,14300,6781006,11.42
2022-09-30,14050,14600,13950,14250,7095899,11.66
2022-10-04,14600,15000,14450,14950,4214728,11.55
2022-10-05,15400,15400,14200,14250,5982745,11.37
2022-10-06,14350,14900,14350,14800,3523594,11.41
2022-10-07,14600,14800,14400,14550,3196493,11.2
2022-10-11,14100,14250,13300,13500,6229330,11.36
2022-10-12,13450,13800,13300,13600,4229805,11.53
2022-10-13,13500,13550,12450,12600,8495686,11.7
2022-10-14,13000,13300,12750,13100,4981767,11.79
2022-10-17,12700,13300,12500,13250,3638614,11.83
2022-10-18,13600,13700,13150,13500,3732353,11.76
2022-10-19,13600,13950,13250,13350,4351355,11.73
2022-10-20,14000,14450,13800,14050,12749283,11.53
2022-10-21,14000,14150,13300,13300,5746289,11.31
2022-10-24,13600,13850,13400,13600,3951589,11.62
2022-10-25,13350,13500,12750,12950,7667300,11.46
2022-10-26,13100,13400,12850,12950,5972837,11.59
2022-10-27,13050,13450,13000,13400,4645660,11.73
2022-10-28,13400,13800,13300,13600,4035580,11.7
2022-10-31,13500,13550,13000,13250,4839931,11.69
2022-11-01,14350,16650,14000,15850,50186813,11.59
2022-11-02,15400,15650,14200,14400,20279801,11.23
2022-11-03,14150,15500,14000,14950,19890236,11.17
2022-11-04,15000,15250,14800,14900,5788652,11.08
2022-11-07,15100,15600,14850,15400,9139897,11.13
2022-11-08,15500,15900,15300,15600,5850774,11.16
2022-11-09,15700,16150,15650,15950,6887616,11.26
2022-11-10,15850,16600,15650,15850,11015018,11.16
2022-11-11,16600,16600,16100,16500,7965255,11.34
2022-11-14,16700,17500,16500,16900,11611161,11.31
2022-11-15,17000,17200,16700,16950,4690274,11.3
2022-11-16,17100,17300,16550,17250,7407932,11.37
2022-11-17,17350,17450,16350,16350,7979032,11.16
2022-11-18,16450,16700,16200,16300,5738679,11.29
2022-11-21,16350,16600,16200,16450,3476157,11.42
2022-11-22,16400,16950,16350,16850,4999521,11.57
2022-11-23,17000,17100,16700,16900,3257156,11.56
2022-11-24,17000,17200,16800,17150,3324916,11.63
2022-11-25,17250,17450,16850,16950,3817941,11.55
2022-11-28,16900,16950,16500,16550,3299209,11.59
2022-11-29,16450,16700,16400,16600,2073572,11.61
2022-11-30,16600,16850,16500,16750,3419935,11.71
2022-12-01,16950,17050,16700,16750,2790804,11.7
2022-12-02,16750,16750,16100,16150,3972630,11.68
2022-12-05,16250,16500,15800,16150,3201044,11.76
2022-12-06,16200,16250,15850,15900,2622275,11.81
2022-12-07,15750,16100,15650,15950,2371499,11.88
2022-12-08,15950,16050,15500,15950,4343309,11.72
2022-12-09,15950,16150,15800,16000,2354866,11.69
2022-12-12,15900,16200,15750,16050,2525210,11.76
2022-12-13,16300,16750,16050,16050,5146930,11.55
2022-12-14,16200,16400,15950,16350,2971007,11.62
2022-12-15,16600,17000,16450,16600,7259840,11.53
2022-12-16,16250,16450,16050,16200,3523031,11.5
2022-12-19,15950,16000,15550,15550,3198517,11.39
2022-12-20,15550,15800,15300,15500,2608459,11.44
2022-12-21,15600,15750,15400,15450,1821977,11.46
2022-12-22,15600,15750,15500,15650,1825069,11.45
2022-12-23,15350,15500,14900,15000,4741720,11.74
2022-12-26,15000,15100,14650,14800,2643007,11.8
2022-12-27,14800,15050,14800,14850,4755935,11.94
2022-12-28,14950,15800,14900,15700,7173101,12.11
2022-12-29,15750,16200,15350,15400,4185941,12.23
2023-01-02,15550,15650,15200,15250,2055671,12.12
2023-01-03,15200,15350,14800,15100,2882312,11.95
2023-01-04,14950,15400,14750,15350,2774250,11.99
2023-01-05,15450,15500,14900,15150,2824340,11.93
2023-01-06,14950,15600,14900,15500,3520392,12.02
2023-01-09,15600,16350,15450,16250,5007477,12.14
2023-01-10,16500,16600,16150,16400,6079252,12.15
2023-01-11,16600,16750,16350,16400,3744965,12.18
2023-01-12,16600,17050,16450,16900,7585935,12.26
2023-01-13,17000,17200,16750,17150,5199400,12.36
2023-01-16,17400,17450,16450,16500,8834739,12.25
2023-01-17,16500,16750,16250,16300,3098591,12.28
2023-01-18,16350,16400,15900,16000,3162026,12.33
2023-01-19,16100,16400,16050,16100,2731748,12.24
2023-01-20,16150,16350,15900,16250,2108912,12.26
2023-01-25,16360,16420,16100,16110,3354716,12.25
2023-01-26,16110,16300,16070,16280,2875285,12.24
2023-01-27,16320,16900,16260,16590,5215081,12.22
2023-01-30,16710,16870,16570,16610,3894790,12.2
2023-01-31,16580,16750,16370,16700,3626527,12.23
2023-02-01,16760,16770,16430,16530,3314405,12.15
2023-02-02,16610,16700,16400,16600,3154847,12.22
2023-02-03,16570,16690,16480,16500,2696530,12.18
2023-02-06,16480,16480,15840,15840,4853484,12.1
2023-02-07,15840,15960,15690,15710,3766903,12.04
2023-02-08,15750,16210,15750,16090,3679734,12.12
2023-02-09,16030,16040,15850,15880,2419606,12.1
2023-02-10,15840,15860,15520,15650,3276002,12.1
2023-02-13,15710,15920,15650,15720,2636363,12.14
2023-02-14,15800,16030,15780,15960,2766498,12.23
2023-02-15,15970,16010,15290,15320,4650959,12.09
2023-02-16,15430,15620,15380,15470,2673879,12.15
2023-02-17,15300,15620,15230,15470,2271405,12.24
2023-02-20,15500,15880,15290,15720,2891928,12.29
2023-02-21,15900,16260,15800,16200,5130282,12.43
2023-02-22,15970,16460,15950,16230,4564945,12.5
2023-02-23,16300,16420,16020,16330,3445835,12.55
2023-02-24,16330,16640,16250,16320,4298766,12.55
2023-02-27,16180,16430,16110,16260,2645855,12.58
2023-02-28,16360,16500,16260,16260,3788123,12.55
2023-03-02,16160,16670,16160,16580,5444938,12.8
2023-03-03,16600,16780,16210,16720,5530314,12.77
2023-03-06,16700,16980,16600,16890,5199228,12.85
2023-03-07,16900,16990,16670,16840,4017290,12.88
2023-03-08,16800,17260,16660,17130,8722695,12.85
2023-03-09,17290,18320,17280,18140,25659871,12.82
2023-03-10,18030,18370,17690,17890,10207127,12.69
2023-03-13,17780,18040,17400,17810,6962135,12.64
2023-03-14,17700,17860,16730,16780,8669240,12.66
2023-03-15,17250,17990,17120,17690,8767717,12.72
2023-03-16,17690,17690,17200,17360,5005319,12.62
2023-03-17,17560,17580,17050,17090,4404664,12.62
2023-03-20,16990,17390,16860,17020,4221727,12.6
2023-03-21,17130,17140,16680,16750,4084065,12.44
2023-03-22,16830,16970,16480,16510,4702727,12.35
2023-03-23,16380,16450,16080,16130,5722913,12.3
2023-03-24,16210,16790,16000,16300,6524954,12.16
2023-03-27,16300,16310,15840,15950,4820797,12.09
2023-03-28,15960,16170,15820,16100,3746813,12.09
2023-03-29,16170,16920,15970,16650,7640751,12.01
2023-03-30,16660,16690,16210,16350,6071505,11.86
2023-03-31,16340,17150,16300,17000,10667172,12.05
2023-04-03,17020,17290,16810,17060,5999794,12.06
2023-04-04,17020,17480,17020,17280,5979172,12.14
2023-04-05,17080,17220,16610,16980,6849792,12.22
2023-04-06,16950,17350,16900,17050,5869627,12.29
2023-04-07,17130,17150,16800,16830,4015924,12.22
2023-04-10,16830,16940,16390,16750,5000474,12.3
2023-04-11,16750,17230,16650,16970,5106654,12.41
2023-04-12,17020,17910,17000,17700,12799902,12.69
2023-04-13,17740,17980,17570,17860,6339687,12.71
2023-04-14,17980,18250,17670,18080,8155956,12.83
2023-04-17,18350,19480,18250,19300,23326779,13.13
2023-04-18,19400,19400,18560,18640,11148031,13.04
2023-04-19,18330,19000,18300,18540,7611256,13.0
2023-04-20,18700,19080,18240,18370,7734047,12.99
2023-04-21,18340,18660,18020,18410,5970460,13.05
2023-04-24,18440,18850,17910,18080,5888901,13.0
2023-04-25,18290,18770,17870,18100,8874845,12.86
2023-04-26,17740,17980,17100,17100,9133999,12.66
2023-04-27,16900,17240,16660,16930,6525535,12.77
2023-04-28,17100,17290,16560,16690,7092891,12.82
2023-05-02,16630,16630,16100,16130,8497929,12.68
2023-05-03,15800,16000,15550,15570,8122231,12.52
2023-05-04,15990,16070,15720,15810,6676920,12.39
2023-05-08,15980,15980,15800,15810,3558213,12.27
2023-05-09,15810,15820,15520,15540,3899445,12.15
2023-05-10,15510,15690,15310,15360,3872476,12.13
2023-05-11,15380,15620,15290,15330,3668960,12.06
2023-05-12,15350,15400,15100,15140,3518129,11.98
2023-05-15,15140,15480,15060,15380,3569530,11.91
2023-05-16,15600,16050,15590,15820,6090991,11.91
2023-05-17,15940,16110,15690,15770,3662141,11.84
2023-05-18,15840,15930,15570,15780,3108159,11.84
2023-05-19,15790,16080,15780,16050,3664969,11.89
2023-05-22,16120,16700,16100,16380,5867434,11.92
2023-05-23,16460,16500,16270,16410,2635166,11.95
2023-05-24,16380,16500,16230,16370,2876212,12.01
2023-05-25,16310,16540,16110,16160,2823124,12.05
2023-05-26,16100,16260,15920,16000,2667363,12.08
2023-05-30,16030,16260,15960,16060,3003648,12.12
2023-05-31,16020,16080,15870,16080,4768120,12.16
2023-06-01,16100,16380,16030,16200,3553945,12.21
2023-06-02,16300,16480,16270,16440,3337794,12.3
2023-06-05,16550,16950,16530,16950,5109308,12.5
2023-06-07,17150,17490,17070,17400,6632297,12.63
2023-06-08,17400,17990,17360,17910,8344601,12.9
2023-06-09,18030,19140,18010,18970,21807559,13.72
2023-06-12,18980,19150,18030,18440,13980557,13.81
2023-06-13,18580,19190,18550,18870,11632474,13.81
2023-06-14,18980,19000,18480,18750,6886391,13.65
2023-06-15,18820,19060,18640,18750,6261737,13.54
2023-06-16,18880,19360,18660,19270,9271007,13.75
2023-06-19,19340,19370,19010,19280,6161779,13.68
2023-06-20,19370,20200,19160,19270,15170674,13.64
2023-06-21,19400,19660,19040,19270,7437770,13.75
2023-06-22,19260,19280,18000,18010,13508101,13.54
2023-06-23,17900,18370,17890,18110,5520005,13.55
2023-06-26,17900,18040,17550,17790,5166894,13.6
2023-06-27,17830,18300,17810,18230,5005256,13.59
2023-06-28,18340,18340,17970,18000,3466874,13.54
2023-06-29,18140,18180,17700,17750,3398202,13.54
2023-06-30,17870,18180,17860,18110,3431001,13.56
2023-07-03,18210,18220,17910,18100,3281662,13.52
2023-07-04,18080,18080,17800,17920,3546173,13.49
2023-07-05,18050,18200,17610,17740,4161144,13.45
2023-07-06,17700,17810,17360,17400,4432982,13.42
2023-07-07,17330,17590,17160,17400,3739076,13.42
2023-07-10,17500,17940,17500,17730,4260814,13.43
2023-07-11,18050,18930,18030,18850,12449251,13.63
2023-07-12,19020,19110,18350,18390,7333258,13.54
2023-07-13,18480,19180,18170,19060,8868816,13.58
2023-07-14,18870,18870,17840,17890,12639660,13.02
2023-07-17,17910,18020,17550,17600,5080681,12.91
2023-07-18,17690,17780,17310,17350,4769079,12.93
2023-07-19,17350,17690,17180,17670,4079456,12.9
2023-07-20,17650,17650,17270,17570,2853528,12.88
2023-07-21,17500,17570,17260,17370,3059896,12.88
2023-07-24,17370,17390,17030,17280,4077810,12.95
2023-07-25,17310,17790,17310,17710,5707891,13.07
2023-07-26,17760,17770,16550,16720,10079108,12.84
2023-07-27,16630,17210,16630,16860,4696296,12.92
2023-07-28,16860,17480,16570,17480,5137810,12.94
2023-07-31,17850,17850,17370,17490,5780632,12.8
2023-08-01,17460,17730,17350,17500,3702874,12.87
2023-08-02,17440,18240,17330,17690,10983837,13.03
2023-08-03,17840,17850,16940,16970,6967040,12.83
2023-08-04,16970,17080,16710,16920,3665049,12.87
2023-08-07,17050,17240,16780,16800,3702972,12.81
2023-08-08,16830,17060,16680,16760,2897858,12.85
2023-08-09,16800,17040,16730,17000,2682800,12.85
2023-08-10,16910,17080,16810,16880,2426479,12.83
2023-08-11,16900,17070,16810,16930,2143319,12.84
2023-08-14,16960,17050,16590,16610,3222873,12.75
2023-08-16,16450,16580,16300,16310,2911073,12.77
2023-08-17,16230,16350,15950,16250,3587408,12.77
2023-08-18,16020,16260,15940,16020,2713901,12.73
2023-08-21,16000,16280,15980,16020,2066185,12.72
2023-08-22,16070,16110,15960,15990,2318700,12.74
2023-08-23,15990,16850,15990,16380,5050867,12.83
2023-08-24,16700,16700,16220,16570,3075005,12.81
2023-08-25,16360,16810,16340,16700,2370322,12.86
2023-08-28,16870,17330,16870,17170,5669524,12.98
2023-08-29,17290,17440,17100,17360,3520744,13.09
2023-08-30,17400,17820,17350,17750,5876303,13.4
2023-08-31,17990,18760,17830,18220,17523405,13.82
2023-09-01,18290,18550,17410,17470,9137701,13.78
2023-09-04,17480,17710,17170,17190,4217999,13.7
2023-09-05,17230,17240,16910,16970,3644463,13.61
2023-09-06,17000,17080,16600,16610,4131111,13.43
2023-09-07,16530,16760,16520,16660,3142247,13.54
2023-09-08,16800,16870,16610,16850,2658948,13.48
2023-09-11,16970,17730,16970,17220,8021543,13.52
2023-09-12,17290,17290,16750,16770,4082563,13.33
2023-09-13,16770,17010,16600,16910,2985320,13.3
2023-09-14,16900,17020,16790,17020,2531644,13.23
2023-09-15,17040,17190,16900,17170,2925758,13.27
2023-09-18,17170,17320,17020,17020,2142331,13.23
2023-09-19,17950,18090,17410,17900,17114186,13.46
2023-09-20,17850,17850,17050,17060,6875625,13.09
2023-09-21,16980,17200,16800,16840,4370886,13.01
2023-09-22,16650,16950,16550,16670,3567261,12.94
2023-09-25,16630,16680,16460,16550,2921505,12.89
2023-09-26,16620,16760,16310,16330,3017727,12.86
2023-09-27,16140,16500,16090,16430,2166027,12.84
2023-10-04,16340,16380,15760,15770,4253850,12.72
2023-10-05,15880,16050,15500,15530,3060416,12.69
2023-10-06,15400,15650,15370,15440,2209136,12.64
2023-10-10,14950,15330,14750,14800,6464477,12.59
2023-10-11,14950,15280,14860,15210,3159069,12.64
2023-10-12,15280,15440,14970,15130,4094298,12.6
2023-10-13,15300,15310,14400,14530,7824978,12.49
2023-10-16,14390,14570,14170,14290,3670542,12.59
2023-10-17,14440,14730,14270,14270,3452233,12.61
2023-10-18,14280,14520,14280,14420,2341923,12.63
2023-10-19,14190,14270,13960,14030,3101406,12.59
2023-10-20,13950,14090,13730,13830,3044333,12.72
2023-10-23,13830,14050,13800,13860,2164663,12.74
2023-10-24,13990,14130,13460,14050,2718220,12.75
2023-10-25,14120,14160,13930,14060,1728852,12.77
2023-10-26,13810,13930,13560,13630,2597308,12.77
2023-10-27,13740,13870,13500,13580,2140230,12.82
2023-10-30,13450,13790,13450,13780,1976907,12.84
2023-10-31,13910,13920,13350,13420,2783847,12.76
2023-11-01,13550,13690,13410,13460,1675872,12.78
2023-11-02,13690,14030,13580,13910,2901997,12.77
2023-11-03,14020,14190,13770,13980,2417312,12.72
2023-11-06,14540,15000,14360,15000,5270912,12.82
2023-11-07,15000,15000,14350,14580,3590867,12.79
2023-11-08,14610,14850,14470,14550,2276346,12.84
2023-11-09,14290,14410,14020,14110,3451251,12.87
2023-11-10,13850,13940,13770,13840,1636104,12.9
2023-11-13,13980,14040,13680,13720,1697288,12.91
2023-11-14,13860,14210,13800,14210,1811655,12.97
2023-11-15,14450,14660,14360,14660,2557703,13.0
2023-11-16,14700,14740,14530,14600,1614014,13.02
2023-11-17,14610,14620,14340,14390,1386982,13.01
2023-11-20,14370,14720,14290,14680,1707728,13.03
2023-11-21,14700,14780,14530,14690,2008313,13.06
2023-11-22,14750,14770,14450,14610,1688901,13.06
2023-11-23,14730,15080,14710,14940,3026285,13.13
2023-11-24,14950,15130,14880,15020,1703946,13.12
2023-11-27,15080,15100,14840,14960,1661963,13.16
2023-11-28,15110,15340,15030,15260,2643879,13.15
2023-11-29,15260,15260,14970,15070,1786131,13.15
2023-11-30,14990,15800,14870,15800,3705112,13.28
2023-12-01,15600,15600,15220,15270,2260691,13.19
2023-12-04,15380,15720,15380,15610,3099825,13.3
2023-12-05,15600,16170,15570,15900,5270726,13.38
2023-12-06,16150,16240,15840,15950,3611870,13.37
2023-12-07,15890,15900,15580,15890,2155438,13.37
2023-12-08,15870,16080,15710,15720,2014425,13.37
2023-12-11,15390,15570,15210,15510,2764922,13.38
2023-12-12,15730,15950,15700,15800,2277725,13.39
2023-12-13,15810,15810,15380,15450,1851766,13.4
2023-12-14,15670,15840,15600,15840,2730039,13.46
2023-12-15,15900,15930,15740,15910,2139101,13.51
2023-12-18,15850,15910,15690,15750,1443735,13.51
2023-12-19,15450,15840,15450,15680,1562940,13.52
2023-12-20,15790,15980,15720,15910,2253632,13.66
2023-12-21,15780,15900,15480,15550,2524263,13.93
2023-12-22,15650,15650,15410,15510,1671315,14.08
2023-12-26,15610,15700,15370,15420,2084693,14.52
2023-12-27,15430,15640,15400,15640,1567855,14.52
2023-12-28,15660,15900,15510,15900,2335589,14.6
2024-01-02,15900,16040,15720,16010,2109268,14.65
2024-01-03,15850,15900,15600,15600,2191181,14.65
2024-01-04,15510,15660,15410,15570,1514733,14.67
2024-01-05,15690,15780,15550,15560,1539993,14.69
2024-01-08,15680,15730,15530,15560,1581709,14.7
2024-01-09,15700,15780,15580,15580,1259097,14.72
2024-01-10,15580,15640,15160,15190,2340544,14.69
2024-01-11,15200,15480,15150,15150,1719484,14.73
2024-01-12,15200,15270,15020,15060,1704650,14.73
2024-01-15,15120,15320,15060,15320,1318881,14.76
2024-01-16,15320,15360,15090,15230,1531386,14.78
2024-01-17,15270,15270,14560,14570,2935031,14.74
2024-01-18,14750,14920,14640,14780,1941646,14.76
2024-01-19,14870,15130,14870,15130,1636362,14.82
2024-01-22,15270,15280,15000,15010,1287642,14.81
2024-01-23,15030,15150,14980,15000,1248628,14.86
2024-01-24,15010,15020,14800,14860,1197281,14.91
2024-01-25,14840,14870,14300,14870,2985230,14.97
2024-01-26,14870,15280,14790,15170,2122184,15.09
2024-01-29,15230,15560,15200,15320,2313980,15.14
2024-01-30,15480,15600,15030,15030,1877476,15.14
2024-01-31,14900,15440,14890,15440,3684053,15.25
2024-02-01,15440,15580,15210,15380,1935366,15.28
2024-02-02,15400,16100,15310,16000,5846733,15.51
2024-02-05,15960,15960,15340,15370,3312720,15.39
2024-02-06,15290,15450,15230,15320,1409909,15.41
2024-02-07,15280,15430,15170,15240,1694519,15.42
2024-02-08,15300,15710,15290,15620,2392223,15.48
2024-02-13,15690,15780,15550,15620,1614544,15.47
2024-02-14,15460,15460,15290,15360,1559104,15.48
2024-02-15,15550,15620,15370,15390,1518495,15.57
2024-02-16,15490,15570,15330,15370,1438734,15.64
2024-02-19,15370,15670,15340,15630,2066654,15.75
2024-02-20,15720,15720,15430,15540,1828555,15.79
2024-02-21,15540,16150,15460,15970,4448086,15.96
2024-02-22,15990,16490,15770,16300,6214676,16.06
2024-02-23,16600,16630,16210,16350,4013239,16.02
2024-02-26,16490,16530,16080,16130,2244025,15.97
2024-02-27,16210,16390,15850,15960,2117223,15.99
2024-02-28,15970,16270,15860,16140,1681722,16.01
2024-02-29,16100,16240,15950,16240,2035766,16.12
2024-03-04,16300,16420,15770,15770,3110647,16.02
2024-03-05,15800,15870,15460,15460,2319953,15.94
2024-03-06,15500,15710,15350,15630,1752227,15.95
2024-03-07,15680,15680,15420,15580,1401354,15.95
2024-03-08,15710,15900,15440,15860,2084140,15.98
2024-03-11,15960,17290,15890,16720,22523304,16.34
2024-03-12,16970,17150,16610,17030,8074010,16.29
2024-03-13,17110,17790,17000,17480,14079981,16.63
2024-03-14,17700,18500,17550,18230,18288130,16.9
2024-03-15,18470,18550,17760,17980,8533585,16.92
2024-03-18,18150,18180,17810,17860,3999193,16.92
2024-03-19,18350,18920,17780,17840,12722844,16.78
2024-03-20,17500,17750,17210,17740,6722040,16.91
2024-03-21,17650,18130,17610,18070,5160145,17.03
2024-03-22,17890,18190,17790,17890,3747422,17.08
2024-03-25,17890,17980,17230,17300,4860054,17.12
2024-03-26,17300,17460,16970,17210,4156582,17.78
2024-03-27,17150,17550,17010,17480,3863061,17.79
2024-03-28,17850,18100,17500,17520,4830265,17.77
2024-03-29,17490,17600,17220,17220,2524536,17.78
2024-04-01,17340,17400,17060,17270,2146515,17.78
2024-04-02,17200,17200,16640,16780,5075350,17.79
2024-04-03,16630,16760,16460,16500,2499652,17.76
2024-04-04,16710,16850,16480,16810,2412736,17.78
2024-04-05,16630,17080,16570,16980,2715731,17.75
2024-04-08,16980,16980,16500,16550,2300795,17.76
2024-04-09,16580,16650,16210,16250,2301107,17.77
2024-04-11,15860,15860,15000,15120,9126279,17.7
2024-04-12,15060,15380,14940,15310,3335803,17.76
2024-04-15,15160,15380,15000,15120,2081675,17.76
2024-04-16,15000,15060,14540,14600,3657519,17.8
2024-04-17,14630,14800,14320,14320,2717485,17.78
2024-04-18,14400,14960,14400,14900,2901014,17.82
2024-04-19,14750,14790,14360,14690,2638314,17.9
2024-04-22,14950,15800,14950,15730,4363033,18.03
2024-04-23,15640,15720,15430,15540,2243428,17.99
2024-04-24,15770,15910,15580,15770,2265827,18.04
2024-04-25,15700,16400,15610,15860,4182658,18.05
2024-04-26,15950,16250,15780,16210,2584334,18.21
2024-04-29,16480,16950,16300,16790,4319136,18.3
2024-04-30,16860,17040,16600,16800,3357626,18.51
2024-05-02,16860,17090,16500,16500,3091806,18.43
2024-05-03,16670,16900,16290,16550,2742456,18.45
2024-05-07,16670,17150,16620,17080,4909006,18.79
2024-05-08,17040,17350,16970,17350,4228373,18.95
2024-05-09,17370,17940,17330,17640,5610241,19.06
2024-05-10,17790,17820,17260,17330,3452162,19.02
2024-05-13,17480,17840,17270,17700,3857620,19.1
2024-05-14,17750,17890,17530,17670,2709021,19.08
2024-05-16,17890,18230,17860,18100,6900766,19.41
2024-05-17,17990,18370,17960,18050,4289283,19.48
2024-05-20,18100,18180,17690,17800,4049716,19.61
2024-05-21,17800,17990,17660,17710,2644936,19.69
2024-05-22,17750,18380,17710,18060,7405159,19.93
2024-05-23,18380,18400,17970,18120,4907488,19.89
2024-05-24,17950,18280,17440,18260,4634875,20.06
2024-05-27,20050,21750,19700,21300,69376008,21.0
2024-05-28,21900,22000,20550,21800,40450557,21.41
2024-05-29,21500,22000,20550,20950,24131082,21.45
2024-05-30,20700,21000,20200,20600,13731664,21.46
2024-05-31,20550,21750,20400,20800,23319880,21.46
2024-06-03,21350,21350,20700,20750,10844092,21.43
2024-06-04,20300,20600,19060,19200,22201157,21.35
2024-06-05,19190,19400,18700,19120,11131017,21.4
2024-06-07,19320,19840,19060,19170,9572160,21.36
2024-06-10,19270,19740,19230,19450,8708921,21.28
2024-06-11,19720,19920,19050,19160,7737686,21.24
2024-06-12,19300,20250,19290,20000,13075043,21.31
2024-06-13,20050,20200,19520,19520,8249591,21.23
2024-06-14,19760,20150,19520,19660,8012095,21.28
2024-06-17,19800,19920,19550,19680,3791849,21.23
2024-06-18,19790,19940,19350,19720,5968659,21.15
2024-06-19,20050,21400,19820,21150,22507234,21.34
2024-06-20,21200,21300,20600,20850,8196543,21.29
2024-06-21,20850,21150,20400,20900,6442943,21.35
2024-06-24,21100,21150,20550,20800,5116277,21.28
2024-06-25,20700,20800,20150,20500,4365817,21.37
2024-06-26,20750,20800,20100,20400,3944738,21.39
2024-06-27,20200,20200,19410,19890,8053252,21.53
2024-06-28,19790,20450,19630,20100,4460272,21.52
2024-07-01,20100,20400,19850,19950,3308069,21.43
2024-07-02,20000,20050,19230,19330,5001382,21.42
2024-07-03,19390,19710,19220,19260,3217410,21.43
2024-07-04,19280,19610,19230,19450,3031068,21.38
2024-07-05,19450,19680,19310,19540,3669523,21.33
2024-07-08,19850,21600,19700,21000,17115452,21.68
2024-07-09,21350,22300,21150,22250,27672205,22.02
2024-07-10,22350,22350,21500,21850,10787800,21.89
2024-07-11,21850,22150,21400,21850,9593927,21.98
2024-07-12,20800,21700,19970,20900,25828467,22.18
2024-07-15,21700,21900,20900,21600,13663975,22.15
2024-07-16,21700,21700,20300,21000,11853733,21.77
2024-07-17,21100,22500,21050,21250,28715925,21.99
2024-07-18,23850,25000,20900,21000,63401772,21.24
2024-07-19,21100,21100,20100,20200,14963385,21.32
2024-07-22,20300,20750,20000,20200,10307333,21.42
2024-07-23,20050,20350,19610,19880,9843278,21.53
2024-07-24,19760,20100,19640,19820,6287396,21.59
2024-07-25,19750,20200,18910,18930,9151927,21.52
2024-07-26,18800,19300,18800,18870,5558211,21.54
2024-07-29,18930,18970,18310,18530,5559272,21.54
2024-07-30,18410,18720,18150,18560,5141839,21.51
2024-07-31,18640,19800,18640,18830,14217304,21.32
2024-08-01,18850,19040,18710,18710,3223275,21.29
2024-08-02,18440,18440,17660,17690,6333063,21.2
2024-08-05,17280,17290,15150,15860,8528030,21.2
2024-08-06,16020,17300,16020,16870,7701706,21.34
2024-08-07,16800,17170,16610,16850,3752220,21.23
2024-08-08,16610,17680,16590,17540,6916530,21.29
2024-08-09,17720,17880,17500,17690,2791297,21.24
2024-08-12,17790,18490,17720,18340,3352235,21.28
2024-08-13,18450,18700,18120,18150,3047042,21.27
2024-08-14,18440,18470,18100,18170,1949539,21.27
2024-08-16,18410,18960,18410,18750,4173741,21.4
2024-08-19,18890,18890,18160,18230,3153671,21.31
2024-08-20,18350,18350,17960,17970,2970641,21.25
2024-08-21,17840,18100,17600,18040,2239981,21.25
2024-08-22,18060,18120,17630,17760,1844964,21.23
2024-08-23,17730,18110,17600,18010,2158110,21.26
2024-08-26,18010,18020,17230,17430,3234955,21.17
2024-08-27,17250,17870,17050,17860,2821052,21.22
2024-08-28,17780,18840,17730,18480,8797648,21.24
2024-08-29,18420,18450,17660,17750,4748040,21.1
2024-08-30,18000,18460,17990,18100,3987360,21.11
2024-09-02,18300,18300,17830,17890,1972917,21.08
2024-09-03,17890,18020,17600,17650,2152522,21.05
2024-09-04,17100,17650,16900,17200,3900091,21.0
2024-09-05,17200,17350,16570,16620,3117440,20.93
2024-09-06,16620,16890,16490,16570,2141879,20.92
2024-09-09,16150,16890,16100,16800,1829627,20.96
2024-09-10,16910,16970,16540,16560,1575573,20.93
2024-09-11,16700,16830,16260,16370,2024091,20.9
2024-09-12,16500,17710,16500,17710,4467950,21.03
2024-09-13,18290,18670,17820,18160,5730891,21.03
2024-09-19,18500,18750,18310,18710,4720304,21.08
2024-09-20,18710,18790,17950,17960,5353964,21.03
2024-09-23,18300,18720,18120,18200,3924727,21.02
2024-09-24,18250,18330,17760,18160,2653431,20.98
2024-09-25,18340,18620,18080,18100,2332580,20.99
2024-09-26,18110,18480,17980,18450,2525949,21.04
2024-09-27,18470,18520,18050,18050,2136062,21.01
2024-09-30,18170,18310,17850,17910,2322831,21.01
2024-10-02,17710,17710,17250,17310,2532931,20.94
2024-10-04,17470,17580,17140,17410,2178359,20.89
2024-10-07,17490,18270,17280,18270,3744724,21.04
2024-10-08,18130,18760,18110,18370,4087833,21.16
2024-10-10,18400,18470,18130,18200,2389396,21.18
2024-10-11,18290,18460,18060,18100,1659316,21.2
2024-10-14,18200,18500,18150,18470,2294944,21.25
2024-10-15,18650,19350,18650,19000,9302369,21.29
2024-10-16,18820,19950,18550,19460,10748471,21.3
2024-10-17,21100,21500,20550,21150,34706921,21.97
2024-10-18,20900,21300,20100,20450,10127307,22.0
2024-10-21,21350,21400,20300,20650,12710750,21.9
2024-10-22,20300,21300,20000,20650,13625006,21.9
2024-10-23,20650,20800,19960,20100,6418161,21.97
2024-10-24,19850,21000,19840,20850,8918248,22.29
2024-10-25,20850,21300,20550,20600,4764600,22.32
2024-10-28,20800,21700,20750,21400,11033510,22.63
2024-10-29,21800,22150,21500,21850,12069996,22.77
2024-10-30,21850,22000,21250,21400,6459985,22.86
2024-10-31,20150,20800,19700,20050,14011947,22.78
2024-11-01,20600,20750,19850,19980,5749622,22.76
2024-11-04,20050,20150,19350,20000,4911648,22.75
2024-11-05,19930,20550,19790,20400,4022063,22.78
2024-11-06,20450,21150,20450,20900,7885107,22.76
2024-11-07,21200,21700,20500,21400,9313005,22.62
2024-11-08,21400,21700,21100,21450,4591326,22.56
2024-11-11,21300,21900,20900,20900,6806611,22.61
2024-11-12,20700,21400,20600,20850,5632665,22.56
2024-11-13,21000,21650,20550,20750,7911988,22.52
2024-11-14,21200,22450,20950,22450,17292496,23.04
2024-11-15,22400,22500,21250,21850,10709767,22.91
2024-11-18,21550,22150,21300,21550,7772892,22.86
2024-11-19,21950,22800,21750,22400,12909089,23.04
2024-11-20,22350,22400,21600,21700,5971125,22.91
2024-11-21,21650,21900,20850,20900,5994908,22.84
2024-11-22,21300,22750,21250,22100,15909665,23.48
2024-11-25,22350,22500,22000,22150,7335876,23.45
2024-11-26,22000,22000,21000,21050,7907491,23.15
2024-11-27,21050,21400,21000,21100,4066364,23.19
2024-11-28,21250,21800,21150,21450,3953289,23.23
2024-11-29,21300,21350,20300,21150,7293479,23.25
2024-12-02,21200,21350,20700,20700,3268088,23.25
2024-12-03,20850,21350,20750,21150,3594136,23.36
2024-12-04,20600,20900,18580,19000,25531530,23.55
2024-12-05,19180,19390,18480,18690,8487418,23.58
2024-12-06,18550,18900,17640,18080,10277179,23.91
2024-12-09,17790,17850,17200,17380,7621883,24.05
2024-12-10,17500,17900,16910,17180,13229410,24.08
2024-12-11,17390,17520,16970,17230,6769658,23.97
2024-12-12,17390,18190,17310,17830,10237930,23.93
2024-12-13,17830,17880,17220,17240,6652260,23.81
2024-12-16,17350,17910,17350,17640,5640808,23.89
2024-12-17,17840,17850,17420,17490,4083393,23.83
2024-12-18,17590,18270,17490,18060,5186115,24.11
2024-12-19,17700,18060,17470,17850,4646486,24.12
2024-12-20,18530,18550,17570,17570,7472877,23.96
2024-12-23,17830,18330,17770,18160,4139796,23.85
2024-12-24,18160,18690,18160,18280,4603391,23.96
2024-12-26,18470,18520,17860,17860,3625772,23.91
2024-12-27,18130,18180,17430,17620,4586870,23.87
2024-12-30,17600,17840,17500,17550,2594742,23.82
2025-01-02,17600,18240,17600,18060,3032474,23.87
2025-01-03,18220,18370,17960,18200,4544088,23.76
2025-01-06,18500,18740,18190,18630,5055167,23.82
2025-01-07,18900,19080,18740,18980,4591740,23.96
2025-01-08,18690,18900,18370,18900,3834048,23.94
2025-01-09,19060,19060,18350,18830,4165547,23.86
2025-01-10,19770,20550,19300,20000,21673672,23.99
2025-01-13,20300,20550,19820,20100,7574561,23.95
2025-01-14,19940,20200,19830,20100,3913984,23.97
2025-01-15,20200,20600,19900,20300,5122024,23.89
2025-01-16,21000,21100,20600,20800,6025092,23.89
2025-01-17,21500,22000,21150,21750,13756111,23.94
2025-01-20,22100,22900,21600,21900,16311734,23.83
2025-01-21,22150,22350,21700,22050,6325422,23.81
2025-01-22,22550,24250,22500,23950,31258484,24.73
2025-01-23,24050,24100,23400,23850,10160667,24.59
2025-01-24,24900,25150,24300,24700,15520011,24.7
2025-01-31,23500,24100,23150,23900,15303404,24.38
2025-02-03,23150,23800,23100,23350,9026940,24.46
2025-02-04,24000,24750,23650,24400,9612429,24.56
2025-02-05,24600,24600,23700,23950,5969958,24.52
2025-02-06,24500,24500,23850,24000,5496725,24.54
2025-02-07,23250,23650,22700,23200,8864252,24.59
2025-02-10,23600,23800,22900,23000,5482455,24.57
2025-02-11,23050,23950,23050,23550,5280321,24.64
2025-02-12,23600,24350,23350,24250,7299965,24.67
2025-02-13,24500,24650,24050,24550,6884176,24.72
2025-02-14,24550,28250,24450,27600,55550815,25.16
2025-02-17,26900,28700,26150,28200,29333641,24.91
2025-02-18,29400,30550,29050,30300,35485391,25.25
2025-02-19,30900,30900,29500,29850,17987673,25.14
2025-02-20,29400,29800,28100,28650,17575818,25.11
2025-02-21,28750,29450,28300,28950,10117896,24.97
2025-02-24,28250,28750,27500,28100,9711056,25.03
2025-02-25,27700,28600,27400,28250,8160438,25.01
2025-02-26,28000,28200,27200,27600,7857812,24.91
2025-02-27,28000,28200,26900,27050,6824895,24.82
2025-02-28,26500,26900,25250,25400,13565445,24.81
2025-03-04,24750,25850,24700,25500,9094716,24.63
2025-03-05,26550,27200,25650,26900,13199012,24.4
2025-03-06,27000,27400,26325,26500,7474904,24.07
2025-03-07,25850,26700,25350,26350,7395091,24.02
2025-03-10,26300,26600,25650,26250,6310178,24.01
2025-03-11,25150,25700,24650,25550,8281822,24.04
2025-03-12,26050,26950,25800,26250,9482846,24.08
2025-03-13,26350,27150,25850,25850,9559895,23.95
2025-03-14,26400,27100,26000,26750,11307695,24.01
2025-03-17,27100,27100,25550,25600,12152675,23.68
2025-03-18,25300,26200,24750,25800,9464041,23.71
2025-03-19,26050,27400,26000,26600,15416506,23.77
2025-03-20,27050,27100,25450,25500,7791782,23.69
2025-03-21,25250,27650,25250,27000,16078140,23.95
2025-03-24,27000,27150,26500,26600,3809578,23.86
2025-03-25,27000,27750,26350,26550,6096858,23.81
2025-03-26,26700,27050,25700,25750,4072877,23.77
2025-03-27,25400,25850,25000,25050,3399033,23.77
2025-03-28,24700,25050,24100,24350,4248520,23.92
2025-03-31,23450,23850,23300,23450,4304162,24.01
2025-04-01,23700,24350,23700,23850,3603990,24.05
2025-04-02,24150,24700,23650,23950,3804949,24.03
2025-04-03,23050,23950,23000,23600,3317518,23.81
2025-04-04,23050,24250,22250,23050,9303071,23.88
2025-04-07,21800,21950,20500,20650,6966945,23.96
2025-04-08,21600,21600,20550,20750,4971559,24.03
2025-04-09,20500,21100,19960,20150,4963918,24.1
2025-04-10,21950,22150,21400,22150,4519005,23.96
2025-04-11,21600,23400,21400,23400,4735671,23.96
2025-04-14,23800,23850,22950,23350,3014484,23.77
2025-04-15,23550,24350,23200,24100,3836499,23.68
2025-04-16,24250,24250,23200,23350,3167471,23.63
2025-04-17,23250,24600,23250,24450,5611133,23.61
2025-04-18,25250,26200,25000,25950,9342636,23.58
2025-04-21,26550,26600,25600,26050,5684586,23.5
2025-04-22,25600,26200,25550,25650,3763759,23.51
2025-04-23,26250,26250,25600,25750,3008282,23.49
2025-04-24,25750,26950,25700,26900,7151830,23.67
2025-04-25,27850,28000,27450,27900,6572442,23.76
2025-04-28,28250,28500,27650,28300,4927227,23.82
2025-04-29,28450,28950,28050,28900,5013948,23.97
2025-04-30,29350,29900,28400,28950,7230121,24.02
2025-05-02,29450,29500,27050,27700,11490437,23.92
2025-05-07,25150,27500,25150,27300,12312853,24.52
2025-05-08,27450,28000,26650,27750,6334443,24.54
2025-05-09,28050,28700,27600,27850,4958723,24.45
2025-05-12,28850,30150,28400,28800,13828502,24.59
2025-05-13,29150,29950,28450,29650,7723345,24.65
2025-05-14,30400,31450,30250,31300,14737537,24.84
2025-05-15,31900,32750,31100,31950,9164026,25.0
2025-05-16,32450,34750,31900,34300,17619218,25.38
2025-05-19,34900,35000,33750,34600,9332808,25.08
2025-05-20,34450,37300,34350,37200,15739607,25.65
2025-05-21,38650,39300,37100,39100,17374970,25.77
2025-05-22,38500,39000,37600,38250,10239052,25.54
2025-05-23,39850,41400,39300,40800,16382809,25.7
2025-05-26,42800,42850,40150,41500,15784843,25.63
2025-05-27,40800,42550,40550,42350,10536843,25.86
2025-05-28,43300,43450,39100,39800,23906372,26.09
2025-05-29,40100,42400,39800,42200,14449764,26.3
2025-05-30,41750,41750,39850,40350,12787928,25.93
2025-06-02,39300,41850,39300,40950,10013882,26.25
2025-06-04,40900,42900,40750,42650,11387783,26.56
2025-06-05,45750,46250,43100,45900,20061143,26.64
2025-06-09,47200,48200,46100,47500,12678443,26.41
2025-06-10,47550,48500,45800,48000,12176419,26.27
2025-06-11,47950,51600,47450,51100,14201108,26.59
2025-06-12,54300,56300,53000,54600,16430444,26.26
2025-06-13,55300,55400,52400,54600,14943904,25.73
2025-06-16,55500,59800,54200,59600,14476095,25.36
2025-06-17,62500,63200,56500,59400,23039564,24.51
2025-06-18,58900,62300,57700,61000,14495257,24.27
2025-06-19,60500,61500,59200,61000,7994191,24.23
2025-06-20,60200,61000,58200,60200,10039131,24.31
2025-06-23,59100,69400,59100,68600,28367599,24.83
2025-06-24,70600,71400,67000,68900,13780632,24.55
2025-06-25,68400,69300,64200,65800,11308003,24.35
2025-06-26,63800,67100,62500,64700,13499836,24.33
2025-06-27,64300,66500,63800,65800,7601019,24.43
2025-06-30,70400,72200,66800,68400,12295863,24.27
2025-07-01,67800,69300,61700,62500,14134978,24.31
2025-07-02,62300,63000,59500,61600,12016774,24.27
2025-07-03,63100,64100,61300,61900,6984206,24.18
2025-07-04,61500,64000,59800,60000,7881195,24.27
2025-07-07,58900,63500,58600,62900,9074725,24.3
2025-07-08,63700,66800,62900,66600,10035127,24.31
2025-07-09,67100,67100,64100,64400,6921230,24.0
2025-07-10,65200,65300,62500,63100,7153224,23.92
2025-07-11,63500,63700,60500,60500,7581825,23.79
2025-07-14,60800,63000,59000,60200,7522323,23.9
2025-07-15,62400,65300,61100,65300,12238170,24.11
2025-07-16,64800,65100,62900,63600,6041772,24.02
2025-07-17,64900,65500,62600,63300,5721579,23.9
2025-07-18,63700,65000,62600,64800,5840366,24.01
2025-07-21,65800,68500,64700,68400,12003142,24.34
2025-07-22,67000,67000,62500,62600,12619813,23.67
2025-07-23,63400,64100,62400,63400,4609170,23.61
2025-07-24,65500,67100,64800,65400,8285648,23.9
2025-07-25,65900,66700,64000,65900,6428969,24.0
2025-07-28,65100,65200,62600,63500,6552841,23.63
2025-07-29,63800,65400,62300,65100,6058820,23.76
2025-07-30,64400,64700,63500,63700,3994493,23.64
2025-07-31,64900,66800,63600,65600,10172066,23.78
2025-08-01,64900,65200,60900,61400,9805226,23.23
2025-08-04,61200,64900,61100,64300,7644885,23.7
2025-08-05,65100,65800,64000,64800,4234409,23.78
2025-08-06,65400,66900,64800,66300,7621974,23.99
2025-08-07,66300,67800,65100,65400,7028428,23.94
2025-08-08,65800,66500,64700,66400,3430734,23.99
2025-08-11,66900,70000,66600,69400,12119383,24.37
2025-08-12,70000,70600,65100,65500,11456932,23.77
2025-08-13,66900,67000,65200,66500,3751147,23.74
2025-08-14,66100,66400,64400,65500,4562288,23.7
2025-08-18,65300,66800,64900,65100,3325497,23.63
2025-08-19,62700,63800,59500,59500,11588978,23.51
2025-08-20,54300,58300,51100,57400,27973111,23.37
2025-08-21,58200,63300,57200,61500,18858670,23.38
2025-08-22,62800,63000,61500,62200,6049757,23.3
2025-08-25,63800,66200,62700,65900,9091500,23.6
2025-08-26,64400,64500,62500,63300,8035078,23.28
2025-08-27,64000,64800,62700,63100,5128958,23.3
2025-08-28,63100,63600,62500,62900,3239392,23.29
2025-08-29,63100,63300,61500,61700,4054284,23.28
2025-09-01,60800,62700,59100,59600,5716620,23.25
2025-09-02,60500,61300,59600,60400,2966108,23.23
2025-09-03,61300,63100,61200,62400,5684184,23.25
2025-09-04,63800,64500,62400,62800,5423711,23.24
2025-09-05,62500,62600,61400,61800,2993213,23.15
2025-09-08,61200,61400,60500,60900,2969015,23.05
2025-09-09,61100,62700,60200,62200,4166491,23.15
2025-09-10,62500,63100,61700,62600,4417144,23.2
2025-09-11,62700,62800,60700,61000,5153511,23.12
2025-09-12,59900,61000,58400,61000,6545777,23.39
2025-09-15,60500,60700,58600,58800,6290788,23.15
2025-09-16,60100,63500,59900,63300,10211386,23.96
2025-09-17,62200,62200,60800,61300,4251068,23.77
2025-09-18,62400,62500,60600,60600,4347323,23.43
2025-09-19,61900,63300,60600,60800,4819288,23.37
2025-09-22,63000,64200,62200,62400,6830285,23.72
2025-09-23,62000,64400,61800,63100,7614160,23.92
2025-09-24,63400,66400,63300,65900,12114101,24.19
2025-09-25,67000,67000,63500,64000,7602443,23.85
2025-09-26,63500,64300,62100,63100,5541302,23.59
2025-09-29,62700,64200,62100,62900,3647678,23.61
2025-09-30,62900,62900,61900,62700,3606043,23.55
2025-10-01,62700,65600,62700,64600,6938399,23.94
2025-10-02,65200,66300,63800,64800,6999933,24.08
2025-10-10,66300,74800,66100,74500,19302308,25.02
2025-10-13,74900,78500,73400,77600,14272165,24.76
2025-10-14,79600,79700,74500,75800,12010193,24.77
2025-10-15,77200,83100,76500,82900,11930455,25.08
2025-10-16,84700,84700,82400,83700,7429581,24.91
2025-10-17,81200,83600,79800,80200,7348394,24.78
2025-10-20,82200,82300,79400,80300,4709983,24.67
2025-10-21,81100,83800,79500,80000,7005242,24.56
2025-10-22,78300,79100,77100,79000,4895634,24.45
2025-10-23,76600,77800,75500,76300,5543167,24.32
2025-10-24,78300,81000,77400,80900,8095168,24.26
2025-10-27,82400,82800,80900,81900,4964095,24.19
2025-10-28,83600,86500,82300,86400,9619982,24.35
2025-10-29,90700,97400,90100,96400,16679002,24.86
2025-10-30,93200,93700,89100,89700,10224579,24.42
2025-10-31,90600,91200,88200,88700,5182993,24.18
2025-11-03,89500,90300,88700,89500,4163376,24.08
2025-11-04,88300,91900,88100,89500,5250243,24.03
2025-11-05,86200,86500,79200,83600,12058956,23.7
2025-11-06,85700,87500,79000,79300,9627107,23.41
2025-11-07,76000,80900,75800,77900,8514588,23.41
2025-11-10,78700,80600,77300,79600,4562734,23.32
2025-11-11,80000,80600,76900,78200,5045991,23.36
2025-11-12,78900,79600,77800,78400,2934998,23.38
2025-11-13,78900,83900,78600,83100,7945958,23.61
2025-11-14,80500,81400,78200,78400,6117065,23.23
2025-11-17,79200,79900,78400,78800,2785151,23.19
2025-11-18,77100,79300,75000,75400,4481145,23.19
2025-11-19,77200,77500,72500,74400,4874642,23.06
2025-11-20,77100,79500,76500,77700,4284021,23.07
2025-11-21,73600,73900,72500,73100,3710469,22.93
2025-11-24,74200,74500,71700,72500,4434839,22.86
2025-11-25,74500,75300,72800,73500,2759653,22.87
2025-11-26,74600,78400,74400,77700,4463298,22.99
2025-11-27,79400,79900,77000,77600,3201206,22.95
2025-11-28,77800,77800,76100,76400,2094782,22.82
2025-12-01,77400,77900,74600,74900,2242179,22.78
2025-12-02,74600,76800,74200,75000,2978860,22.75
2025-12-03,78000,78700,76200,78400,3892884,22.8
2025-12-04,80600,81200,78000,79200,3902774,22.69
2025-12-05,79600,80700,78400,80400,3813990,22.77
2025-12-08,78100,78100,76300,76800,5826257,22.66
2025-12-09,76700,77900,75300,76700,2739253,22.64
2025-12-10,76700,78100,76400,76800,2489211,22.64
2025-12-11,78000,79200,77100,77300,4672243,22.67
2025-12-12,78700,80400,77600,79700,5474020,22.71
2025-12-15,76800,77600,76100,77100,4304510,22.56
2025-12-16,77100,79000,73400,77300,7621947,22.49
2025-12-17,78100,78500,74800,75500,3971897,22.41
2025-12-18,74400,75900,72600,74500,3102027,22.43
2025-12-19,75700,77600,74800,77400,3687392,22.48
2025-12-22,79400,80100,77700,78000,4089864,22.46
2025-12-23,78600,79000,77500,77600,2742514,22.49
2025-12-24,77900,78000,75800,75900,2536166,22.47
2025-12-26,75900,75900,73500,73600,5247445,22.37
2025-12-29,74400,76500,73800,76500,3657688,22.49
2025-12-30,75600,77700,75100,75300,2834603,22.47
2026-01-02,75800,76200,74600,75200,2800553,22.45
2026-01-05,76600,83300,76500,83200,15125707,23.13
2026-01-06,86000,86100,81900,85900,9538963,23.04
2026-01-07,85000,86900,83200,84000,6931439,23.07
2026-01-08,85000,86000,83300,83700,4745395,23.05
2026-01-09,84900,87300,83300,84200,5124556,22.98
2026-01-12,87700,90400,86200,88100,11400912,23.16
2026-01-13,88000,88100,85500,87000,5385770,22.94
2026-01-14,88000,90800,86500,89600,11558755,23.21
2026-01-15,90000,90100,88400,89500,4591674,23.12
2026-01-16,90100,96400,89900,95300,17969737,23.86
2026-01-19,97000,97000,93700,95400,8509605,23.6
2026-01-20,96100,98100,92500,95300,10795773,23.55
2026-01-21,91500,92900,90200,91300,7923831,23.39
2026-01-22,94100,95700,89500,90000,8033403,23.39
2026-01-23,90800,94900,90000,93300,8194841,23.69
2026-01-26,94600,94600,91100,91800,5800785,23.49
2026-01-27,96000,96200,92700,93600,6846342,23.39
2026-01-28,94100,94200,91200,92000,6937694,23.17
2026-01-29,92400,95600,92400,94000,10185321,23.54
2026-01-30,93000,94000,90400,90600,6970845,23.19
2026-02-02,87800,91400,85400,86200,6823888,23.19
2026-02-03,88300,91200,87300,91200,4647177,23.4
2026-02-04,94400,96700,92100,96500,12423583,24.04
2026-02-05,94000,96100,90300,90600,7594510,23.56
2026-02-06,88300,89500,85200,89000,5838705,23.24
2026-02-09,93100,96900,91800,95400,9843507,23.74
2026-02-10,95100,95400,93300,94100,3956141,23.76
2026-02-11,95400,96500,94000,95500,5915111,23.96
2026-02-12,94700,95500,92300,95500,6335775,23.62
2026-02-13,94000,99900,93700,96700,17459913,24.0
2026-02-19,100500,100600,98300,98400,5026177,23.81
2026-02-20,99200,106800,98400,103500,12069557,24.19
2026-02-23,105300,105300,101000,102000,5545186,24.01
2026-02-24,101800,102700,99100,101300,3886617,23.93
2026-02-25,102300,104200,101400,103200,4216954,24.01
2026-02-26,104100,104500,102600,103800,4153497,23.99
2026-02-27,105500,110200,105500,106300,8296804,24.16
2026-03-03,104700,106200,96700,96900,7514576,23.96
2026-03-04,91300,93300,79000,80600,13364978,24.0
2026-03-05,91000,93200,89100,90500,6781072,23.92
2026-03-06,88600,98200,88600,98000,7901291,23.86
2026-03-09,98600,99700,91500,96200,7957034,23.47
2026-03-10,100300,104900,99900,102500,10814168,24.08
2026-03-11,103800,104500,99200,101000,6103321,23.97
2026-03-12,101000,104600,101000,103500,4875165,24.09
2026-03-13,100700,108500,100700,106500,9435079,24.18
2026-03-16,108000,110700,105000,105700,5817407,24.0
2026-03-17,107100,107200,104400,104400,3105960,23.96
2026-03-18,106800,108600,106500,107300,4134308,24.19
2026-03-19,105100,108500,105000,106300,3330546,24.24
2026-03-20,107500,112100,105600,109600,8066734,24.51
2026-03-23,107100,107200,100400,100700,6026425,24.13
2026-03-24,105700,106800,97200,100100,5096704,23.96
2026-03-25,102400,104800,101300,102600,3200148,24.09
2026-03-26,103000,104200,99600,100900,2606678,24.12
2026-03-27,97700,99200,95100,98100,3549743,23.98
2026-03-30,93000,94500,91400,94200,2828606,23.94
2026-03-31,94900,95900,91100,91800,4215936,23.84
2026-04-01,97800,100400,96000,99600,3416180,23.98
2026-04-02,100500,101400,92500,93600,5180190,23.94
2026-04-03,96200,97400,95300,96600,2522536,23.99
2026-04-06,96500,99000,95500,95700,2040458,23.94
2026-04-07,96900,97700,94000,94900,2102382,23.94
2026-04-08,99200,101700,99200,101200,4010457,24.18
2026-04-09,100100,101700,99500,100000,2195437,24.24
2026-04-10,101200,101200,99500,100200,2785465,24.14
2026-04-13,97900,99300,96700,99300,1746075,24.16
2026-04-14,100800,101300,99600,99700,1937143,24.15
2026-04-15,101900,105700,101600,104200,5470474,24.5
2026-04-16,107800,112000,106500,110800,8123993,25.0
2026-04-17,111600,111800,107300,108500,3591052,24.81
2026-04-20,109200,114700,108600,111000,5644556,24.98
2026-04-21,113500,116400,112600,115700,4773848,25.16
2026-04-22,115000,116800,112000,115900,3779530,25.08
2026-04-23,119600,123900,118100,122600,8119024,25.45
2026-04-24,123000,127950,122600,127100,5682618,25.58
2026-04-27,130300,130300,125600,128900,3984476,25.49
2026-04-28,128400,129400,126300,127800,3191190,25.47
2026-04-29,126200,131100,126200,129200,3292329,25.53
2026-04-30,129800,129900,126000,127100,3380571,25.44
2026-05-04,128800,129700,125600,127200,3214565,25.38
2026-05-06,127900,130000,126100,127000,3905996,25.43
2026-05-07,131400,139200,131200,136400,7805577,25.67
2026-05-08,134500,134800,128000,129600,4535272,25.25
2026-05-11,130700,130700,126800,128000,3619903,25.21
2026-05-12,130600,134000,120500,125600,6170656,25.27
2026-05-13,123800,124600,117500,120000,4596035,25.1
2026-05-14,121600,122300,116000,117100,4374858,24.98
2026-05-15,118800,118900,108400,110800,5217764,24.96
2026-05-18,108100,113600,103500,112100,4669776,24.9
2026-05-19,111000,112900,103900,106000,3654573,24.8
2026-05-20,106400,107100,99700,101300,4332142,24.93
2026-05-21,107200,109500,106800,108400,2673341,24.87
2026-05-22,117000,117000,110600,111600,2908260,24.79
2026-05-26,114300,115800,111000,112600,3027392,24.74
2026-05-27,114700,114800,108200,108500,3275977,24.73
2026-05-28,110600,111800,102200,105900,3224326,24.75
2026-05-29,107400,107500,102500,105600,4626529,24.75
2026-06-01,109300,114200,106900,106900,4623394,24.74
2026-06-02,108800,109300,99700,100000,4963793,24.48
2026-06-04,100000,100400,97900,99200,2776755,24.39
2026-06-05,100000,100100,92600,95600,3954422,24.37
2026-06-08,87000,90400,85500,85800,3956048,24.31
2026-06-09,88300,93300,87700,92300,3082661,24.34
2026-06-10,89900,92100,87500,91100,2646807,24.25
2026-06-11,88500,89200,85300,88600,3002950,24.17
2026-06-12,93300,95000,91100,93100,2998526,24.09
2026-06-15,100400,101200,97600,99800,2520626,24.06
2026-06-16,105100,105500,101800,103300,3301721,23.96
2026-06-17,104500,106200,102500,103200,2408504,23.98
2026-06-18,108600,109300,99600,99600,4268637,23.75
2026-06-19,101000,101900,94300,97900,4391283,23.78
2026-06-22,95600,97000,94100,94200,2146567,23.86
2026-06-23,94000,98700,89000,89200,4439638,23.96
2026-06-24,89300,92800,87200,90600,3053656,24.03
2026-06-25,92100,93200,87600,87800,2738234,23.99
2026-06-26,86900,87800,79300,81100,4769262,24.06
2026-06-29,80400,88600,79600,88000,4231835,24.23
2026-06-30,88400,88600,84500,86800,2498630,24.14
