date,open,high,low,close,volume,foreign_ownership_ratio
2016-07-01,142801,144803,142801,142802,76569,58.99
2016-07-04,143402,146006,142601,145606,117837,59.0
2016-07-05,146207,151414,146207,150213,127066,59.09
2016-07-06,150212,150212,146206,149211,122446,59.08
2016-07-07,150612,154216,149811,150813,68516,59.09
2016-07-08,150413,151414,149812,150213,73753,59.08
2016-07-11,149211,151815,148811,151014,108205,59.05
2016-07-12,152015,153818,149812,151214,127011,59.0
2016-07-13,152215,153818,149812,151815,155150,59.0
2016-07-14,150411,151012,147007,147008,165410,58.93
2016-07-15,150213,150813,141400,143403,306084,58.91
2016-07-18,143603,143803,141400,142602,150928,58.93
2016-07-19,143802,144403,141599,143803,110798,59.0
2016-07-20,143203,143603,138396,139197,201850,59.04
2016-07-21,139798,141400,139598,141000,108311,59.09
2016-07-22,141400,142602,141000,141200,90330,59.13
2016-07-25,141800,143001,141800,142201,51417,59.13
2016-07-26,142400,143001,140598,142201,57867,59.14
2016-07-27,142201,143803,142201,142602,58607,59.13
2016-07-28,143601,144003,141599,142201,98214,59.13
2016-07-29,142200,143601,141800,142201,106351,59.19
2016-08-01,142401,142802,135792,140399,145886,59.37
2016-08-02,140398,143202,139997,142802,48938,59.42
2016-08-03,142201,142802,140599,141200,49681,59.46
2016-08-04,142801,143001,140398,141600,51248,59.48
2016-08-05,142401,145205,141200,144805,55159,59.56
2016-08-08,145805,150011,145605,150012,116945,59.65
2016-08-09,151014,151615,150213,151214,168810,59.69
2016-08-10,153217,155420,152015,155220,160412,59.8
2016-08-11,156021,156021,154018,155821,76227,59.85
2016-08-12,155620,157022,155620,156622,51184,59.89
2016-08-16,157022,159826,156822,158224,112935,59.96
2016-08-17,155220,158625,155220,158224,69851,59.97
2016-08-18,158624,160426,158223,160427,92495,60.12
2016-08-19,161628,162428,159825,161228,137384,60.26
2016-08-22,160226,160826,158824,159225,80005,60.29
2016-08-23,160426,161827,159224,161428,69435,60.35
2016-08-24,161628,163030,160226,162630,71904,60.4
2016-08-25,162630,162630,160627,161028,96952,60.5
2016-08-26,159425,162028,159425,161228,75008,60.59
2016-08-29,161428,164032,160227,162230,84039,60.68
2016-08-30,162430,164433,161228,164433,70624,60.76
2016-08-31,168839,170241,165634,169240,158267,60.87
2016-09-01,169238,169638,164031,166035,90304,60.89
2016-09-02,166836,167237,164633,166436,65593,60.93
2016-09-05,168639,171242,168639,170241,51800,60.92
2016-09-06,171843,175248,166836,168839,120907,60.95
2016-09-07,168838,175047,167837,174647,87219,60.98
2016-09-08,174045,174646,170440,174046,78393,60.99
2016-09-09,170640,172242,168437,169640,83335,60.98
2016-09-12,167236,168838,166435,168238,69512,60.97
2016-09-13,170239,170439,166835,168438,69669,61.04
2016-09-19,170842,174247,169240,171443,117354,61.08
2016-09-20,171841,173644,167236,167437,109454,61.12
2016-09-21,167436,173043,167436,171242,108756,61.22
2016-09-22,173646,175048,171242,174848,112398,61.21
2016-09-23,176650,176650,172444,175849,74094,61.22
2016-09-26,176048,177050,174045,175448,42051,61.21
2016-09-27,175448,178252,173446,177051,80703,61.19
2016-09-28,177450,179253,177050,177651,54783,61.11
2016-09-29,178251,180855,177651,180255,77187,61.1
2016-09-30,177449,177851,172043,176850,172513,61.02
2016-10-04,176848,177049,170240,171843,109200,61.03
2016-10-05,170842,175248,170441,173646,66523,61.03
2016-10-06,174044,175046,170641,172444,54843,61.05
2016-10-07,172244,172444,167036,168839,75928,61.09
2016-10-10,170841,176249,169839,174647,69249,61.1
2016-10-11,177850,179051,170841,172644,70122,61.06
2016-10-12,174247,176250,172644,173045,64084,61.05
2016-10-13,172042,172843,165633,165634,96099,61.06
2016-10-14,166435,170040,166435,169039,56239,61.09
2016-10-17,168638,171641,166835,170441,77721,61.14
2016-10-18,171042,171843,167838,169440,81061,61.18
2016-10-19,168436,169238,164832,166035,85601,61.23
2016-10-20,166234,169239,165433,169039,116179,61.29
2016-10-21,167838,168238,166035,166436,60552,61.34
2016-10-24,165433,167436,165433,166836,135275,61.37
2016-10-25,165233,168837,165233,167637,86741,61.36
2016-10-26,165633,170641,165633,169840,71085,61.41
2016-10-27,172845,176850,170842,172044,178398,61.46
2016-10-28,174447,175448,171242,172244,80422,61.52
2016-10-31,171843,173446,169640,171643,66212,61.55
2016-11-01,172242,172242,166635,169640,224653,61.53
2016-11-02,170039,170239,164832,165434,85366,61.51
2016-11-03,165432,165432,162629,162630,68345,61.46
2016-11-04,161829,162230,157223,158024,102475,61.45
2016-11-07,159825,166033,159224,164232,99899,61.47
2016-11-08,166033,167836,162429,163231,62904,61.42
2016-11-09,165432,165632,157021,161228,124375,61.34
2016-11-10,163429,164030,160426,161428,82529,61.31
2016-11-11,156419,158222,151614,152215,214331,61.22
2016-11-14,152213,156019,149410,149411,139465,61.21
2016-11-15,149411,152616,148009,149011,133064,61.16
2016-11-16,150413,152015,148410,150413,154996,61.02
2016-11-17,149811,151212,148810,149211,99389,60.95
2016-11-18,152215,154819,150213,154419,144474,60.95
2016-11-21,154419,160026,152015,157423,147242,60.95
2016-11-22,157823,162830,157623,162230,105354,60.95
2016-11-23,159224,162027,158624,159225,75510,60.9
2016-11-24,158023,161227,156821,160627,70341,60.86
2016-11-25,162228,163630,160626,161228,124784,60.83
2016-11-28,160626,163229,158624,161829,76152,60.84
2016-11-29,160626,163229,160426,160427,56621,60.81
2016-11-30,160625,162228,157422,159826,168587,60.79
2016-12-01,158224,159826,153017,153017,103862,60.72
2016-12-02,155620,155620,151014,151214,79960,60.7
2016-12-05,150012,154018,149011,153017,82134,60.65
2016-12-06,155017,155819,150212,151414,98542,60.52
2016-12-07,151615,152616,150012,150213,52901,60.45
2016-12-08,151414,161028,151414,161028,134987,60.45
2016-12-09,161028,163031,159426,160227,82302,60.46
2016-12-12,161028,161829,157823,158625,60521,60.46
2016-12-13,159025,159225,156622,157423,60797,60.43
2016-12-14,158825,159426,156421,157223,52767,60.44
2016-12-15,157223,159025,157022,157423,83964,60.44
2016-12-16,159625,161427,158023,161428,100221,60.49
2016-12-19,160427,161428,159426,160227,47789,60.48
2016-12-20,160225,160625,157222,157623,65614,60.5
2016-12-21,159225,159626,156021,156021,44194,60.5
2016-12-22,156019,157421,153616,154819,78677,60.47
2016-12-23,154419,155620,152616,153818,53375,60.46
2016-12-26,153417,154819,153217,153217,20665,60.47
2016-12-27,153417,154819,152816,154619,31962,60.53
2016-12-28,157221,157221,152815,152816,57737,60.54
2016-12-29,151815,155620,151014,155220,56324,60.58
2017-01-02,155820,157621,155219,155620,30777,60.59
2017-01-03,155618,155618,153616,153617,51766,60.57
2017-01-04,155220,162230,154419,162230,120359,60.63
2017-01-05,162228,162228,158423,158424,68724,60.59
2017-01-06,158423,160426,157422,160026,50269,60.57
2017-01-09,158424,160027,155620,156021,76688,60.61
2017-01-10,157623,158825,156021,158625,47372,60.62
2017-01-11,157423,160627,157423,159426,48742,60.62
2017-01-12,160025,163229,159425,160627,56389,60.62
2017-01-13,160627,161228,157623,158224,68231,60.57
2017-01-16,158624,160425,155018,159025,55042,60.61
2017-01-17,157622,159625,156621,159225,50942,60.62
2017-01-18,160225,160225,157622,157823,55176,60.64
2017-01-19,157622,161427,157622,160427,67811,60.67
2017-01-20,159626,159826,157223,157223,73435,60.67
2017-01-23,155821,156021,152816,154419,90668,60.69
2017-01-24,154419,154419,152215,152416,106880,60.63
2017-01-25,152815,153817,152214,152816,119005,60.72
2017-01-26,150412,152814,147408,150813,274419,60.64
2017-01-31,150213,153617,148811,151815,127610,60.65
2017-02-01,152416,155019,152215,154419,92541,60.67
2017-02-02,155420,156221,154218,154619,121050,60.74
2017-02-03,154217,155419,153616,155019,142414,60.75
2017-02-06,156421,156421,154619,156021,127029,60.76
2017-02-07,155821,160627,155220,160227,135111,60.77
2017-02-08,160025,160025,158423,159225,77643,60.77
2017-02-09,157822,159424,156821,157623,102023,60.75
2017-02-10,159224,159224,157622,159225,67489,60.78
2017-02-13,160226,160826,157822,159225,59380,60.8
2017-02-14,157221,158222,153416,154218,119907,60.74
2017-02-15,154017,155618,153817,154819,66435,60.72
2017-02-16,154217,155619,154017,155620,73821,60.75
2017-02-17,154818,157222,154618,156221,104341,60.76
2017-02-20,154818,157021,154618,156421,75042,60.77
2017-02-21,155821,158825,155420,158224,115574,60.8
2017-02-22,157823,160227,157423,159626,107372,60.9
2017-02-23,161227,163229,161027,161829,96955,60.99
2017-02-24,160828,161629,158825,160828,77173,60.96
2017-02-27,160227,161629,158625,159426,33895,60.91
2017-02-28,159025,160227,155420,155420,97398,60.82
2017-03-02,160025,164031,158223,163231,150962,61.0
2017-03-03,163430,168036,159024,162029,98302,60.98
2017-03-06,162230,163632,159225,160227,57995,61.03
2017-03-07,160226,161427,159024,160026,48316,61.02
2017-03-08,159826,161629,158424,160227,56378,61.04
2017-03-09,160427,161428,158024,158024,75785,61.08
2017-03-10,158024,160627,156822,160227,48907,61.12
2017-03-13,160226,166835,160025,165434,83464,61.18
2017-03-14,165632,166834,162429,163231,94487,61.19
2017-03-15,163631,165432,162229,164232,40787,61.18
2017-03-16,167034,167235,163631,164032,53315,61.19
2017-03-17,165233,166834,164031,165634,59069,61.22
2017-03-20,166235,166235,162230,163832,59293,61.2
2017-03-21,165835,174647,165234,174447,150195,61.3
2017-03-22,174247,174447,169440,170041,79212,61.24
2017-03-23,172244,174647,170441,173045,80062,61.2
2017-03-24,173044,176249,173044,174647,55786,61.18
2017-03-27,173245,178653,173245,177251,60459,61.18
2017-03-28,177251,177451,170441,170842,82475,61.22
2017-03-29,172044,173245,171042,173045,58716,61.34
2017-03-30,173244,175046,171442,172444,57075,61.35
2017-03-31,172442,174245,171041,171242,50026,61.39
2017-04-03,171242,175849,168839,174848,54884,61.39
2017-04-04,173846,174046,169440,170241,59594,61.37
2017-04-05,171643,172044,167237,168839,99674,61.25
2017-04-06,167837,168237,165433,168238,72103,61.17
2017-04-07,167637,168639,165234,165835,57671,61.11
2017-04-10,164833,165835,162430,163832,71406,61.1
2017-04-11,162228,162428,153616,154218,263066,60.89
2017-04-12,154819,155620,151615,153818,205449,60.76
2017-04-13,154818,160827,154217,160627,173040,60.85
2017-04-14,159824,162428,157422,157623,59789,60.85
2017-04-17,156221,158825,154819,157223,55583,60.82
2017-04-18,158424,158424,155620,155821,54222,60.77
2017-04-19,155820,157221,155619,155620,82834,60.78
2017-04-20,157223,160227,156421,159426,98297,60.83
2017-04-21,160426,162829,159425,162830,85913,60.89
2017-04-24,162430,162830,161228,162230,86866,60.98
2017-04-25,163230,163230,160827,163231,151351,61.06
2017-04-26,163231,163431,161028,161629,161105,61.14
2017-04-27,159425,160226,157222,158424,169134,61.08
2017-04-28,158424,160828,158424,160227,112573,61.19
2017-05-02,160226,161628,158223,160427,108742,61.19
2017-05-04,161427,164832,160827,164833,88182,61.3
2017-05-08,164833,169240,163231,169240,133891,61.35
2017-05-10,172044,175849,164833,165034,141076,61.27
2017-05-11,168438,173446,167637,173446,174898,61.39
2017-05-12,173043,173243,168638,169840,76597,61.41
2017-05-15,170842,171042,167036,168038,47526,61.42
2017-05-16,168038,170241,166235,168038,54957,61.42
2017-05-17,167237,167838,166035,166636,73344,61.33
2017-05-18,166035,166636,163632,165034,58999,61.44
2017-05-19,164633,166836,164633,166636,125157,61.42
2017-05-22,169839,169839,167035,169640,70139,61.44
2017-05-23,169440,170241,167838,168639,74596,61.45
2017-05-24,170241,171242,168639,170642,91609,61.47
2017-05-25,171242,171843,169840,170642,66807,61.42
2017-05-26,172242,172843,171041,171242,61658,61.41
2017-05-29,172244,173045,170642,171443,45405,61.41
2017-05-30,171443,172044,169240,170642,67161,61.39
2017-05-31,170041,173045,168839,169240,95528,61.36
2017-06-01,170241,172244,168639,168639,55107,61.36
2017-06-02,168839,173045,168839,173045,68640,61.42
2017-06-05,171041,177650,171041,175448,104348,61.45
2017-06-07,175447,177850,174446,175448,84108,61.43
2017-06-08,177250,178852,175648,178252,105056,61.51
2017-06-09,179253,195274,179052,192272,183462,61.55
2017-06-12,185463,186865,179254,179254,198383,61.28
2017-06-13,179254,184061,178453,179254,112622,61.32
2017-06-14,179853,183057,175247,176850,133198,61.3
2017-06-15,176250,179454,176049,177251,76874,61.29
2017-06-16,178052,178653,174848,178653,96765,61.32
2017-06-19,177651,179855,175448,175849,63532,61.29
2017-06-20,178653,178853,173045,173446,83933,61.26
2017-06-21,171643,176450,166636,176250,97753,61.24
2017-06-22,175849,177852,174447,176250,59325,61.24
2017-06-23,177050,179452,175247,177651,61621,61.26
2017-06-26,178453,180856,176450,177852,58948,61.28
2017-06-27,178250,180654,173445,174046,686346,61.22
2017-06-28,171842,173244,170440,172444,101311,61.15
2017-06-29,173045,173846,170441,170842,72186,61.12
2017-06-30,169240,170241,167237,167838,111979,61.12
2017-07-03,169038,170239,166835,169039,64145,61.13
2017-07-04,168237,169638,167636,168238,44926,61.1
2017-07-05,167637,168238,166436,167237,65120,61.08
2017-07-06,167036,167237,163832,165234,108236,61.02
2017-07-07,165234,168438,164633,167838,93149,61.0
2017-07-10,166033,167034,162829,162830,94323,60.95
2017-07-11,162829,167236,162829,166235,82714,60.97
2017-07-12,166436,168038,163231,164433,70912,60.88
2017-07-13,163631,167635,163631,166235,91884,60.92
2017-07-14,166035,168038,165434,168038,98662,60.95
2017-07-17,168238,169039,167237,168038,84952,60.93
2017-07-18,168436,169037,165433,166235,63292,60.92
2017-07-19,166436,168639,166235,167237,69438,60.88
2017-07-20,166836,168639,165634,167237,63638,60.87
2017-07-21,166636,168238,166636,168038,60799,60.89
2017-07-24,167636,167837,164432,166836,68561,60.87
2017-07-25,167035,167837,165033,167637,65990,60.86
2017-07-26,168238,168438,164032,165234,82343,60.8
2017-07-27,164232,166035,164032,165234,70479,60.78
2017-07-28,164431,165032,160025,160026,125875,60.67
2017-07-31,160026,161829,157423,160828,87685,60.63
2017-08-01,159025,160627,158224,159426,82928,60.56
2017-08-02,158624,160226,158423,159225,83691,60.52
2017-08-03,159025,159826,155220,155821,134930,60.46
2017-08-04,156021,157223,155420,155420,67353,60.42
2017-08-07,155620,160828,153818,159426,148923,60.39
2017-08-08,160427,163431,160227,162230,104049,60.4
2017-08-09,159825,161627,159625,159826,51973,60.37
2017-08-10,159024,160625,158423,159025,73502,60.32
2017-08-11,156420,159825,156220,159225,53942,60.31
2017-08-14,161629,161629,155420,156021,79397,60.24
2017-08-16,156220,158223,156020,157623,69817,60.27
2017-08-17,156419,157421,155419,155620,73408,60.27
2017-08-18,154818,157222,154818,157022,52621,60.32
2017-08-21,157021,157221,155219,156421,40484,60.33
2017-08-22,156419,156419,152815,153617,229898,60.59
2017-08-23,154618,156419,154217,154819,97015,60.55
2017-08-24,154218,155019,153417,154419,116996,60.53
2017-08-25,154418,157622,154418,156221,82607,60.51
2017-08-28,156421,158825,156021,156822,109037,60.48
2017-08-29,156021,156221,153617,155821,105691,60.4
2017-08-30,155820,156820,154418,155019,112999,60.41
2017-08-31,154018,154218,150413,151214,198250,60.36
2017-09-01,151613,152414,149210,149411,146540,60.3
2017-09-04,145005,147008,145005,145406,140477,60.26
2017-09-05,145806,148610,145606,147409,97577,60.23
2017-09-06,146007,148009,145205,147609,80239,60.2
2017-09-07,147409,147609,146207,146207,68175,60.16
2017-09-08,145204,146806,145004,145606,70880,60.13
2017-09-11,145605,145605,143602,144204,75517,60.12
2017-09-12,144804,148608,143802,147208,83031,60.07
2017-09-13,146808,147208,145205,146007,74276,60.04
2017-09-14,146207,154018,146007,153217,226589,60.08
2017-09-15,153015,153015,150612,152215,99262,60.02
2017-09-18,152615,157422,152415,156421,122896,60.05
2017-09-19,155219,155619,153016,154218,73974,60.03
2017-09-20,155019,157623,153617,156822,86367,60.01
2017-09-21,155618,156419,152214,152816,67757,59.96
2017-09-22,153217,155220,151214,153017,64961,59.93
2017-09-25,152215,152816,150012,151014,73864,59.91
2017-09-26,149410,151213,147408,150813,75843,59.84
2017-09-27,150211,150611,147007,147008,92054,59.76
2017-09-28,146207,149211,146207,146808,108761,59.76
2017-09-29,146807,150010,146807,149211,52799,59.92
2017-10-10,149611,154216,149010,151414,164559,59.89
2017-10-11,150413,151214,149411,150413,59229,59.78
2017-10-12,150413,154619,150413,153818,114527,59.71
2017-10-13,153818,153818,151815,152616,73043,59.65
2017-10-16,153017,153617,152015,152616,65306,59.57
2017-10-17,153617,154619,153017,153818,92894,59.45
2017-10-18,153817,163631,153817,163231,219631,59.43
2017-10-19,163832,165434,161228,162430,179233,59.31
2017-10-20,163830,164831,158624,160427,103091,59.31
2017-10-23,161427,162628,158824,160026,64870,59.32
2017-10-24,159625,162228,159224,160427,55457,59.36
2017-10-25,160227,162430,159225,161028,93258,59.32
2017-10-26,169038,171040,166234,168238,342341,59.41
2017-10-27,172243,176048,172243,176049,236645,59.66
2017-10-30,177650,180053,174246,175448,105718,59.67
2017-10-31,175247,179453,173845,179053,131019,59.81
2017-11-01,174247,176049,170842,172244,232078,59.74
2017-11-02,172244,174848,171242,171443,70554,59.73
2017-11-03,170642,173846,170241,172845,62974,59.71
2017-11-06,172243,175046,171241,172444,64415,59.72
2017-11-07,174647,174647,170241,172244,84428,59.71
2017-11-08,171042,171443,168639,170041,102691,59.71
2017-11-09,168839,169039,165034,165234,176602,59.63
2017-11-10,164633,166235,161629,163031,157249,59.56
2017-11-13,162429,165033,161628,164032,94173,59.47
2017-11-14,164631,164631,160626,161228,118432,59.43
2017-11-15,161227,161828,158624,161228,91183,59.4
2017-11-16,161227,161828,159825,160627,86510,59.36
2017-11-17,161628,164631,160626,161228,145275,59.33
2017-11-20,161827,162027,159425,160427,85893,59.33
2017-11-21,160626,162229,159825,161829,79682,59.32
2017-11-22,163029,163229,159825,160427,95432,59.27
2017-11-23,161227,161628,159024,160427,67619,59.25
2017-11-24,160227,162630,159626,162230,68255,59.25
2017-11-27,161827,162027,157822,159225,117386,59.18
2017-11-28,160027,162430,159426,161629,95372,59.26
2017-11-29,161227,163030,160626,162630,91818,59.28
2017-11-30,162430,162430,160227,160227,157332,59.29
2017-12-01,162029,166836,160427,166436,153285,59.37
2017-12-04,167637,169840,165835,168038,136027,59.39
2017-12-05,168237,168837,166435,166836,64004,59.4
2017-12-06,166835,167035,165033,165434,69199,59.4
2017-12-07,167035,169838,166034,167637,155000,59.44
2017-12-08,167236,167836,164432,166235,58893,59.43
2017-12-11,166234,167235,164231,165434,57600,59.42
2017-12-12,164633,169240,164633,165835,73019,59.42
2017-12-13,166034,168638,165033,168438,71600,59.47
2017-12-14,168639,170041,167237,167237,143097,59.58
2017-12-15,168437,169038,167636,169039,91136,59.6
2017-12-18,169039,173245,168238,172244,118097,59.65
2017-12-19,172843,174245,170240,171242,79667,59.65
2017-12-20,172044,173846,170041,170041,68341,59.62
2017-12-21,170041,170842,167036,168639,82697,59.6
2017-12-22,170240,173044,168838,172644,87458,59.65
2017-12-26,173245,176250,172044,175048,103805,59.66
2017-12-27,174647,175849,173446,175649,57356,59.67
2017-12-28,176250,176450,172244,174247,65370,59.66
2018-01-02,174447,177251,174247,177251,93587,59.69
2018-01-03,175448,177051,173045,174447,84790,59.71
2018-01-04,176048,179653,174847,178853,130112,59.78
2018-01-05,178852,183858,176249,181857,136811,59.82
2018-01-08,183258,190869,181856,190269,196338,59.83
2018-01-09,189068,190670,186865,189068,78027,59.79
2018-01-10,188865,195275,185662,185863,120097,59.73
2018-01-11,185861,187063,182057,183660,93854,59.74
2018-01-12,184261,186264,180455,182058,89414,59.73
2018-01-15,183659,185261,182457,184461,59200,59.7
2018-01-16,184059,185060,178852,180856,95302,59.72
2018-01-17,180856,181457,177852,177852,107026,59.66
2018-01-18,178852,181455,178852,180856,90308,59.61
2018-01-19,181257,181657,176250,176450,100565,59.64
2018-01-22,177050,178852,176649,178853,75543,59.63
2018-01-23,180053,180053,177050,178052,80475,59.58
2018-01-24,178052,178052,174247,175849,118121,59.53
2018-01-25,175849,184661,173646,182859,169190,59.49
2018-01-26,182859,186062,182258,185663,111369,59.43
2018-01-29,184861,189868,184660,186664,102916,59.38
2018-01-30,185863,190269,184862,186464,102118,59.36
2018-01-31,186863,189266,182257,182258,125184,59.29
2018-02-01,182258,186664,182058,184862,80607,59.25
2018-02-02,186264,186664,180656,181257,82151,59.25
2018-02-05,181255,181255,175648,176049,96967,59.28
2018-02-06,173043,175847,167837,170441,154539,59.24
2018-02-07,174247,174647,168238,168839,95763,59.27
2018-02-08,172244,172244,168639,168839,102950,59.26
2018-02-09,163630,166233,161427,161829,158070,59.09
2018-02-12,163632,163632,159826,160227,190743,58.97
2018-02-13,162828,164631,160827,161228,137025,59.0
2018-02-14,162630,164032,161829,162430,74164,58.96
2018-02-19,166233,166233,163230,164232,83337,58.91
2018-02-20,163832,163832,161028,161629,67201,58.88
2018-02-21,162229,167436,162028,166836,141568,58.88
2018-02-22,166435,167635,164031,165634,72242,58.85
2018-02-23,166435,168637,164231,166035,70864,58.82
2018-02-26,167036,167036,161829,162230,127128,58.75
2018-02-27,162230,162830,160427,161028,142978,58.67
2018-02-28,161829,163832,160627,160828,390265,59.22
2018-03-02,159025,160227,154619,157423,217305,59.09
2018-03-05,157423,158224,156021,156021,79122,59.07
2018-03-06,157423,160227,156622,159426,78012,59.07
2018-03-07,161027,161226,158423,159225,72110,59.09
2018-03-08,159825,160025,158423,160026,79218,59.09
2018-03-09,160827,163029,159625,160627,85805,59.09
2018-03-12,161827,163229,161027,161428,69011,59.1
2018-03-13,161427,165432,160827,164232,121223,59.14
2018-03-14,162829,163029,160426,162029,75328,59.08
2018-03-15,162829,165033,161628,164232,68305,59.12
2018-03-16,163429,163630,159625,160427,143598,58.99
2018-03-19,160427,160627,156622,157223,120014,58.98
2018-03-20,155619,159425,155018,159225,88391,59.0
2018-03-21,159224,159825,158624,159025,84913,59.02
2018-03-22,160026,161228,159826,160828,67346,59.07
2018-03-23,157823,158624,156221,156822,97868,59.05
2018-03-26,155821,158224,155620,158024,55239,59.07
2018-03-27,160227,160227,157423,158024,56632,59.09
2018-03-28,157622,158823,155619,157022,52460,59.12
2018-03-29,157022,158224,155821,157423,67560,59.16
2018-03-30,159025,160026,157423,158625,57761,59.2
2018-04-02,156822,158625,156622,157223,79620,59.24
2018-04-03,159826,160027,156221,157223,68203,59.21
2018-04-04,156622,157423,149612,151014,165929,59.14
2018-04-05,153017,156021,152616,156021,94462,59.28
2018-04-06,155418,156620,153416,154218,76814,59.35
2018-04-09,154017,155018,153016,155019,58079,59.41
2018-04-10,154419,156822,154018,155220,79128,59.49
2018-04-11,154619,156421,154018,154419,61650,59.49
2018-04-12,154018,154419,151214,151615,111805,59.52
2018-04-13,151815,153417,150813,153017,68271,59.57
2018-04-16,153217,153217,150213,150413,78420,59.56
2018-04-17,151012,151814,149210,149812,88425,59.56
2018-04-18,150412,151813,150212,150613,83269,59.59
2018-04-19,148609,149810,147007,147809,124519,59.56
2018-04-20,147807,149209,145405,145806,95897,59.52
2018-04-23,145605,147808,145605,147208,62432,59.59
2018-04-24,147206,147206,144604,145205,99598,59.61
2018-04-25,145406,150413,145005,148811,123783,59.68
2018-04-26,146605,149409,145204,145205,214225,59.68
2018-04-27,145205,145606,142602,143403,209837,59.72
2018-04-30,144404,144404,142602,143403,79731,59.72
2018-05-02,145405,148008,145004,147809,101865,59.77
2018-05-03,148007,149209,145405,145606,63328,59.72
2018-05-04,145203,147206,143602,143603,102357,59.69
2018-05-08,145605,147807,144403,146407,97455,59.74
2018-05-09,146206,148208,144804,145606,95131,59.72
2018-05-10,146205,147206,143802,144204,83361,59.7
2018-05-11,144403,146005,143001,143603,109545,59.65
2018-05-14,144203,144604,143001,143603,57749,59.67
2018-05-15,143001,143802,142400,142401,79945,59.63
2018-05-16,142600,143201,139797,140198,124013,59.49
2018-05-17,140198,140799,139598,139598,92363,59.49
2018-05-18,139598,140198,136994,137795,113041,59.43
2018-05-21,137393,138194,135391,136593,101118,59.44
2018-05-23,136193,137795,135592,136994,86056,59.45
2018-05-24,136593,137194,135792,136193,44487,59.43
2018-05-25,137193,138995,136592,137194,75755,59.44
2018-05-28,137194,137595,135992,136193,54086,59.41
2018-05-29,135990,136191,133588,133789,93537,59.39
2018-05-30,133589,134190,129784,130585,133965,59.39
2018-05-31,132187,134390,130985,133990,210193,59.46
2018-06-01,134991,137394,134590,136193,91461,59.4
2018-06-04,136393,137595,134390,134791,81871,59.39
2018-06-05,135792,136193,132988,134991,67152,59.37
2018-06-07,135191,136593,134991,136193,78181,59.34
2018-06-08,136193,141801,136193,140399,188291,59.34
2018-06-11,140398,142601,139196,142401,137850,59.17
2018-06-12,142601,144002,140999,143603,124267,59.05
2018-06-14,144002,145203,141199,141600,158911,59.01
2018-06-15,141200,141400,137595,138196,140302,58.96
2018-06-18,138196,139197,137394,138997,105859,58.91
2018-06-19,138196,138997,137795,137795,110322,58.91
2018-06-20,137994,138595,137594,137995,106479,58.91
2018-06-21,137193,140798,136993,139998,117882,58.91
2018-06-22,138196,145005,138196,144805,160314,58.89
2018-06-25,145805,150212,145605,149812,255266,58.96
2018-06-26,148608,149409,146206,147208,107528,58.93
2018-06-27,149610,149810,148008,148009,87276,58.95
2018-06-28,147809,150413,145406,149612,136537,58.94
2018-06-29,150212,153016,149811,152816,155915,59.12
2018-07-02,153217,153217,149211,150413,107918,59.2
2018-07-03,152015,152816,148811,149612,86305,59.29
2018-07-04,154018,156021,152215,153818,179939,59.47
2018-07-05,151414,154018,151414,153217,57319,59.48
2018-07-06,151212,151813,149410,150012,81867,59.46
2018-07-09,150012,156021,149812,151214,94376,59.45
2018-07-10,151614,153817,151413,152215,75129,59.47
2018-07-11,152816,154419,151615,154018,86885,59.48
2018-07-12,155220,156622,153017,156622,95967,59.6
2018-07-13,156221,156622,153217,154419,75970,59.62
2018-07-16,154419,154819,153617,154419,57725,59.64
2018-07-17,154016,154016,151213,152015,52977,59.64
2018-07-18,152616,154419,152015,153017,31762,59.65
2018-07-19,154619,156221,152816,153217,50422,59.67
2018-07-20,153216,154617,151213,154218,50449,59.69
2018-07-23,154418,155619,153216,155019,81430,59.72
2018-07-24,155218,155418,148609,149211,84503,59.72
2018-07-25,152013,152013,148609,149411,94581,59.82
2018-07-26,150613,152416,143403,150413,224252,59.91
2018-07-27,147208,150413,146808,150413,113819,60.27
2018-07-30,149612,149812,145406,146207,108666,60.16
2018-07-31,145406,145806,142602,143403,123684,60.22
2018-08-01,143802,145805,143202,145806,102959,60.25
2018-08-02,145805,147807,144403,145806,80977,60.28
2018-08-03,144804,146406,144403,146407,106877,60.28
2018-08-06,146807,149810,146406,147208,60607,60.35
2018-08-07,148610,151014,147409,149011,64837,60.38
2018-08-08,148610,151414,148610,150213,62482,60.41
2018-08-09,150813,156021,149211,156021,133034,60.51
2018-08-10,155620,156622,154218,154419,69084,60.52
2018-08-13,153617,153617,150213,151214,83668,60.48
2018-08-14,152215,153617,151014,151615,61603,60.49
2018-08-16,150213,152816,149211,150213,114099,60.53
2018-08-17,151014,153818,149812,151214,38780,60.55
2018-08-20,153017,153417,150813,151214,38936,60.56
2018-08-21,151014,152416,149612,149612,48321,60.57
2018-08-22,149612,149812,148410,149612,47935,60.58
2018-08-23,151214,154819,150613,154619,99084,60.67
2018-08-24,154419,156021,151214,151815,54260,60.65
2018-08-27,152816,155220,152215,154018,44748,60.67
2018-08-28,154617,154617,150812,151414,46667,60.64
2018-08-29,151412,152213,149811,149812,54950,60.61
2018-08-30,149811,151613,149210,149411,47795,60.64
2018-08-31,149611,151412,149410,150613,57953,60.66
2018-09-03,150813,151214,149612,151014,31207,60.67
2018-09-04,151615,151615,150012,151214,37456,60.71
2018-09-05,150813,150813,145606,147409,118285,60.73
2018-09-06,147409,148210,145606,146207,70491,60.76
2018-09-07,146606,147207,144604,146607,64573,60.74
2018-09-10,144203,146605,144203,145205,71966,60.77
2018-09-11,144805,146407,144605,145406,58594,60.8
2018-09-12,146207,147008,145406,146207,58216,60.81
2018-09-13,147208,147208,144805,144805,102811,60.84
2018-09-14,145406,146808,145005,146207,73168,60.84
2018-09-17,145204,146406,144804,145806,53951,60.86
2018-09-18,144203,146006,144203,145205,55452,60.86
2018-09-19,145405,147006,145204,146407,55286,60.89
2018-09-20,144604,147006,144604,146407,57439,60.95
2018-09-21,148408,148809,144804,145205,75131,60.94
2018-09-27,143202,146205,142601,142802,78015,60.94
2018-09-28,143603,144004,142802,143403,97465,60.93
2018-10-01,143801,144603,142401,142802,42217,60.95
2018-10-02,143201,143201,137393,137995,148984,61.0
2018-10-04,140198,140599,137194,139197,70697,61.01
2018-10-05,136593,143403,136593,141000,85596,61.04
2018-10-08,0,0,0,141000,0,61.02
2018-10-10,0,0,0,141000,0,61.02
2018-10-11,0,0,0,141000,0,60.09
2018-10-12,138000,142000,132500,142000,654013,59.95
2018-10-15,138500,139000,135000,136000,642772,60.04
2018-10-16,137500,138500,130000,133500,575704,60.17
2018-10-17,132500,134500,129500,130000,5304519,60.14
2018-10-18,128000,128000,123500,125000,880738,60.12
2018-10-19,124500,127500,124000,127500,1114452,60.15
2018-10-22,127500,130000,125500,129000,324730,60.11
2018-10-23,129000,130000,123500,125500,822259,60.11
2018-10-24,127500,129000,124500,127000,679196,60.12
2018-10-25,120500,121000,114000,119000,1529110,60.1
2018-10-26,119000,119000,110000,113000,1544405,60.22
2018-10-29,112500,113500,109000,109500,649910,60.22
2018-10-30,108000,112000,104000,110500,939865,60.22
2018-10-31,110500,115000,108500,114500,1016429,60.3
2018-11-01,113500,116500,110500,111500,805655,60.21
2018-11-02,111500,118499,111500,116500,1320415,60.17
2018-11-05,115000,115500,111500,113500,442640,60.31
2018-11-06,114000,117500,113500,117000,453810,60.29
2018-11-07,117500,119000,113500,115500,385827,60.26
2018-11-08,118000,120000,115500,116500,404191,60.27
2018-11-09,115000,118000,115000,115000,295733,60.26
2018-11-12,114500,116500,114500,115000,260849,60.22
2018-11-13,115500,117500,113999,116000,435937,60.15
2018-11-14,115500,116500,114000,115500,335405,60.13
2018-11-15,116000,116500,111500,112500,576671,60.1
2018-11-16,113500,114500,111500,112500,872059,60.06
2018-11-19,113000,114000,110500,111500,697289,60.02
2018-11-20,109999,112000,107000,108000,693868,59.95
2018-11-21,105500,107000,104500,106500,525328,59.89
2018-11-22,107000,111500,107000,109500,504744,59.91
2018-11-23,110000,115499,109500,114000,691736,59.86
2018-11-26,115000,124500,114500,124000,805023,59.77
2018-11-27,124000,129500,122500,125000,637199,59.76
2018-11-28,128500,130500,126500,129000,645902,59.82
2018-11-29,133000,134000,129000,130500,559552,59.89
2018-11-30,131000,131000,126000,126500,801837,59.84
2018-12-03,130500,130500,125000,126000,486166,59.84
2018-12-04,127500,127500,122500,123500,512742,59.82
2018-12-05,124500,127000,123000,125000,308805,59.83
2018-12-06,122999,124000,119500,120000,445309,59.76
2018-12-07,121500,123500,119499,121000,565663,59.71
2018-12-10,119000,121500,117500,119000,376421,59.67
2018-12-11,119999,123500,117500,123000,506349,59.59
2018-12-12,124000,126000,122500,124500,490812,59.51
2018-12-13,125500,125500,123000,124000,972556,59.67
2018-12-14,123500,124000,121500,123500,259268,59.65
2018-12-17,124000,124000,120500,122000,294847,59.62
2018-12-18,120500,124000,120000,122000,342972,59.52
2018-12-19,123000,128500,122500,127500,385472,59.49
2018-12-20,125500,128000,123500,127000,364624,59.53
2018-12-21,127000,127000,121000,121500,507653,59.34
2018-12-24,122000,124500,121000,123000,278884,59.34
2018-12-26,121000,122000,117500,119000,275517,59.31
2018-12-27,120500,122999,118500,122500,371637,59.31
2018-12-28,122500,123000,120500,122000,322665,59.3
2019-01-02,121000,122000,117000,118000,356120,59.36
2019-01-03,120000,125000,119000,122000,525020,59.42
2019-01-04,123500,126000,122500,125500,520785,59.45
2019-01-07,128000,132500,127000,131500,502619,59.55
2019-01-08,132000,134000,129000,130000,376127,59.55
2019-01-09,131000,134500,129500,133000,381372,59.57
2019-01-10,132000,134500,130000,131000,293112,59.57
2019-01-11,133000,134500,130500,131000,322925,59.54
2019-01-14,130000,130500,125000,127000,525411,59.54
2019-01-15,127500,132500,127500,132500,335999,59.55
2019-01-16,132500,135000,131000,132500,272719,59.57
2019-01-17,131500,138000,131500,136000,407099,59.63
2019-01-18,137000,138500,136500,137500,328761,59.66
2019-01-21,138000,138000,131000,131000,457161,59.67
2019-01-22,128500,130500,126500,130000,502285,59.68
2019-01-23,130000,134500,130000,132500,259375,59.66
2019-01-24,131000,132500,127500,129500,562335,59.69
2019-01-25,127500,131000,127000,130000,281650,59.7
2019-01-28,129500,132500,129500,132000,283360,59.69
2019-01-29,129999,136500,129999,136000,411369,59.74
2019-01-30,139000,139500,133000,136000,462280,59.75
2019-01-31,138000,143500,136000,136000,1054276,59.77
2019-02-01,138000,140000,133000,133500,530284,59.74
2019-02-07,132000,134000,128500,129000,737938,59.7
2019-02-08,126500,129000,124500,126000,704393,59.62
2019-02-11,127000,128500,125000,125500,801465,59.6
2019-02-12,123500,124000,121500,123500,1160217,59.48
2019-02-13,123500,126500,123500,125000,373571,59.42
2019-02-14,125000,130500,125000,127500,700427,59.41
2019-02-15,128500,131000,127500,127500,420100,59.36
2019-02-18,129500,131000,125500,127000,533191,59.29
2019-02-19,127000,128000,125500,126500,218351,59.29
2019-02-20,126500,128000,125500,127000,231753,59.32
2019-02-21,126500,130000,126500,129000,347083,59.35
2019-02-22,129500,129500,125000,127000,301395,59.34
2019-02-25,127000,128500,125500,126000,338113,59.34
2019-02-26,126500,134000,126000,131500,591643,59.44
2019-02-27,132000,134000,129000,129500,322664,59.46
2019-02-28,130500,136000,130000,133000,584183,59.5
2019-03-04,135000,139500,134000,138000,743644,59.45
2019-03-05,140000,140000,135000,135500,387063,59.43
2019-03-06,136500,139000,134500,137500,403724,59.43
2019-03-07,139500,139500,136500,138500,254573,59.45
2019-03-08,135500,136000,131500,133000,304114,59.41
2019-03-11,131500,133500,131000,133500,151479,59.42
2019-03-12,135000,135500,129500,130500,367651,59.46
2019-03-13,129500,132000,128000,130500,268047,59.44
2019-03-14,132500,133500,129000,131000,554454,59.43
2019-03-15,131000,132000,129500,130500,907507,59.27
2019-03-18,131500,133500,130999,132000,248810,59.25
2019-03-19,132000,132500,130000,130500,200830,59.24
2019-03-20,130000,131000,126500,128500,371499,59.18
2019-03-21,128500,131000,127000,128000,399492,59.19
2019-03-22,127000,129500,126000,127000,379311,59.2
2019-03-25,126000,128000,125000,126000,279179,59.23
2019-03-26,125500,127000,125000,126500,452377,59.21
2019-03-27,126000,126000,122000,123000,429156,59.15
2019-03-28,122500,123000,120500,122000,449545,59.16
2019-03-29,121500,124500,121500,124000,421477,59.16
2019-04-01,124000,125500,123500,124000,367014,59.11
2019-04-02,124500,125500,123500,124500,471744,59.12
2019-04-03,123000,123500,121000,122000,958364,59.04
2019-04-04,122500,123500,121500,122500,361821,58.99
2019-04-05,122500,123500,122000,123000,365838,59.0
2019-04-08,122500,123000,121000,121500,393376,58.98
2019-04-09,121500,122500,121000,121500,423498,58.98
2019-04-10,121500,122500,121000,122000,459206,58.93
2019-04-11,121500,123000,121000,121500,615217,58.89
2019-04-12,121500,122000,119500,119500,953216,58.81
2019-04-15,119000,120000,118000,119500,596131,58.74
2019-04-16,119500,120500,119000,119500,973625,58.65
2019-04-17,120000,120000,119000,119500,639441,58.58
2019-04-18,119000,120000,117000,118000,776721,58.57
2019-04-19,119000,119000,117500,118000,247009,58.52
2019-04-22,118000,119500,117500,118000,531346,58.39
2019-04-23,119000,121000,119000,120500,815629,58.24
2019-04-24,122000,122500,119499,121000,906235,58.13
2019-04-25,122000,122000,120000,120500,720472,58.06
2019-04-26,120000,120500,117500,118000,544042,58.07
2019-04-29,118500,120000,117000,120000,429353,58.05
2019-04-30,119000,120000,117500,119500,569162,58.08
2019-05-02,119000,124000,118500,122000,691901,58.07
2019-05-03,122000,124500,121500,124000,705503,58.1
2019-05-07,122000,125500,121500,124000,696627,58.13
2019-05-08,122000,124000,122000,123500,317483,58.12
2019-05-09,122500,124000,119000,119000,799208,58.18
2019-05-10,120500,122999,120000,122500,474352,58.24
2019-05-13,121500,124000,121500,122500,343827,58.19
2019-05-14,121000,123500,119500,122000,532037,58.13
2019-05-15,121500,122999,120000,120000,460936,58.15
2019-05-16,120500,121000,118000,119000,484468,58.17
2019-05-17,120000,123500,118500,121000,439545,58.25
2019-05-20,121500,121500,118000,118500,449916,58.25
2019-05-21,117500,119500,113500,114500,603105,58.21
2019-05-22,115000,115000,110999,113000,567069,58.23
2019-05-23,112500,114000,110000,113000,545497,58.25
2019-05-24,113000,115000,112500,113500,408081,58.25
2019-05-27,112500,113000,109500,110500,369902,58.2
2019-05-28,109500,112500,108500,108500,1490526,58.11
2019-05-29,109000,111000,108500,109500,515196,58.14
2019-05-30,110000,114000,109499,112000,378379,58.27
2019-05-31,111500,112500,110000,111500,310649,58.32
2019-06-03,113000,115000,112000,115000,391824,58.38
2019-06-04,114000,114500,110500,111000,531826,58.31
2019-06-05,112000,112500,109500,110500,471689,58.23
2019-06-07,110000,112000,110000,111000,386800,58.22
2019-06-10,111500,114500,111000,114000,464590,58.23
2019-06-11,114000,114500,112500,113000,423258,58.17
2019-06-12,112000,114500,112000,114000,354664,58.17
2019-06-13,114500,115499,112000,113000,551067,58.16
2019-06-14,111999,113000,110500,111500,553083,58.12
2019-06-17,111499,111499,110000,110500,475346,58.04
2019-06-18,109500,110000,106500,109000,791946,58.03
2019-06-19,110000,110000,107000,110000,483689,58.08
2019-06-20,110000,111999,109000,111500,282163,58.12
2019-06-21,112500,115000,111500,113000,555965,58.08
2019-06-24,113000,113500,111999,113500,254210,58.07
2019-06-25,114000,116000,113000,114500,473961,58.06
2019-06-26,114500,116500,114000,115500,300077,58.1
2019-06-27,115500,116000,113000,115000,375582,58.1
2019-06-28,114500,115499,112500,114000,267404,58.08
2019-07-01,114500,115500,114000,114500,306736,58.1
2019-07-02,114000,115500,112000,115000,273980,58.14
2019-07-03,116000,118500,115000,117500,408701,58.26
2019-07-04,116000,119500,116000,118000,355658,58.31
2019-07-05,118500,121500,118500,121000,409700,58.36
2019-07-08,120500,121000,118000,118500,306897,58.38
2019-07-09,118000,120000,115000,115500,460058,58.43
2019-07-10,116500,119000,115500,115500,267438,58.48
2019-07-11,115500,118000,115500,117000,293389,58.51
2019-07-12,117000,118500,116500,117000,160685,58.51
2019-07-15,118000,120000,116500,118000,263893,58.56
2019-07-16,118999,120500,117500,120000,391260,58.6
2019-07-17,119999,119999,118000,119000,205316,58.59
2019-07-18,118500,122000,118500,120500,267715,58.62
2019-07-19,121000,122999,121000,122500,445122,58.61
2019-07-22,122000,122500,120500,121000,346897,58.62
2019-07-23,122500,122999,122000,122500,358255,58.66
2019-07-24,122500,124500,122500,123500,606769,58.72
2019-07-25,125500,134500,125000,134000,1635774,58.95
2019-07-26,137500,142000,136500,141000,1440686,59.24
2019-07-29,139500,141000,137000,138500,583629,59.34
2019-07-30,140000,140500,136500,138500,364674,59.37
2019-07-31,139000,139500,136000,138000,361525,59.35
2019-08-01,139500,141500,138500,140500,460049,59.29
2019-08-02,139000,142500,138500,142000,484009,59.27
2019-08-05,141000,142000,135500,138000,733982,59.24
2019-08-06,134000,140000,132000,138500,610095,59.15
2019-08-07,139000,139500,136000,137500,336416,59.12
2019-08-08,139500,142000,136500,140000,496443,59.14
2019-08-09,142000,145000,140500,142500,368133,59.14
2019-08-12,142500,144500,140500,140500,217292,59.15
2019-08-13,139000,144500,138500,142500,352863,59.13
2019-08-14,142500,143000,138500,139000,433070,59.08
2019-08-16,138500,140500,137500,139500,351686,59.09
2019-08-19,139000,141000,138000,139000,487500,59.07
2019-08-20,139000,145500,139000,145500,556246,59.14
2019-08-21,144500,148500,142500,147500,514109,59.09
2019-08-22,148000,150500,147500,148000,499537,59.04
2019-08-23,149000,149000,145500,148500,491690,59.06
2019-08-26,145500,147000,143000,143500,423695,59.04
2019-08-27,144000,147500,141500,146500,904199,59.03
2019-08-28,146500,147500,144500,146500,309159,59.12
2019-08-29,146500,146500,143500,145000,408164,59.15
2019-08-30,146000,149000,144500,146500,424498,59.19
2019-09-02,156000,156000,147500,150000,371788,59.25
2019-09-03,151500,151500,149000,150500,308863,59.25
2019-09-04,149500,151000,149000,151000,351494,59.24
2019-09-05,150000,151000,145000,147000,548033,59.25
2019-09-06,146000,150000,145500,149500,223250,59.29
2019-09-09,149500,154000,148500,153000,464232,59.36
2019-09-10,153000,153000,150000,150500,297053,59.33
2019-09-11,150500,154000,150000,153500,738431,59.31
2019-09-16,154500,156500,153500,154500,449618,59.36
2019-09-17,153000,155500,153000,155000,304106,59.39
2019-09-18,156000,159500,155500,159000,465208,59.46
2019-09-19,157000,158000,156000,157500,377446,59.44
2019-09-20,156000,158000,156000,157000,390181,59.42
2019-09-23,157500,158000,155500,157000,204570,59.43
2019-09-24,157000,158500,155500,158000,195994,59.39
2019-09-25,155500,159000,155500,158000,274586,59.38
2019-09-26,157500,159000,156500,158000,313084,59.38
2019-09-27,158500,158500,154500,156000,241249,59.4
2019-09-30,155000,157500,154500,157000,313910,59.43
2019-10-01,157500,160000,157000,160000,260668,59.46
2019-10-02,159000,160000,156500,157000,203708,59.48
2019-10-04,155500,159000,148500,150500,602642,59.44
2019-10-07,150500,153500,150000,153000,387749,59.51
2019-10-08,154500,154500,151500,153500,250805,59.5
2019-10-10,151500,155500,150500,153500,404228,59.53
2019-10-11,156500,157000,153500,156000,216730,59.57
2019-10-14,156000,156500,153500,156000,246407,59.57
2019-10-15,156500,156500,150500,151500,297569,59.56
2019-10-16,151500,155000,151000,154500,280882,59.56
2019-10-17,155000,156500,152000,153000,280276,59.54
2019-10-18,151500,153500,150000,150500,245740,59.51
2019-10-21,151500,153500,149000,152000,245735,59.48
2019-10-22,150500,154500,150500,154000,360102,59.41
2019-10-23,152000,153500,151500,152500,226744,59.41
2019-10-24,151500,153000,150500,153000,224666,59.37
2019-10-25,151000,153500,151000,152500,162510,59.38
2019-10-28,152500,158000,152500,157000,335238,59.39
2019-10-29,157500,158000,152000,153000,321007,59.3
2019-10-30,152000,154500,151500,154500,290658,59.27
2019-10-31,159000,167000,157500,164000,1409619,59.39
2019-11-01,166000,168500,164000,167000,720358,59.36
2019-11-04,165500,167000,162000,164500,455199,59.24
2019-11-05,164000,164500,159500,161500,662116,59.1
2019-11-06,161500,164000,160500,161500,332755,59.1
2019-11-07,162000,166500,161000,165500,390866,59.13
2019-11-08,165000,165000,162000,163500,306968,59.09
2019-11-11,163500,165000,162500,163000,231149,59.11
2019-11-12,164000,164000,160000,162000,236652,59.06
2019-11-13,158500,159000,156000,158000,500221,59.03
2019-11-14,170000,180000,169500,180000,2042648,59.28
2019-11-15,177000,179000,173000,173500,886846,59.05
2019-11-18,177500,181500,172500,178500,876975,59.02
2019-11-19,174500,176000,169500,170500,1055749,58.89
2019-11-20,170500,174000,168000,169500,602206,58.84
2019-11-21,169000,172500,168000,170000,543754,58.84
2019-11-22,169500,171000,165500,167500,481529,58.81
2019-11-25,168000,174500,167000,174000,490795,58.76
2019-11-26,173500,175500,171500,173000,774461,58.71
2019-11-27,175000,175500,172000,172500,299949,58.72
2019-11-28,172500,174500,170000,173000,252885,58.71
2019-11-29,173000,173500,168500,172000,349615,58.7
2019-12-02,172500,175000,170000,171500,275601,58.69
2019-12-03,170500,173500,168500,172000,245675,58.69
2019-12-04,172000,175500,171000,174500,228851,58.7
2019-12-05,173000,174000,170000,170500,271499,58.66
2019-12-06,172000,174500,170500,174000,208849,58.67
2019-12-09,174000,175500,173000,175000,271990,58.68
2019-12-10,174500,175500,173000,174500,215711,58.66
2019-12-11,175000,175500,173500,174000,200711,58.65
2019-12-12,174500,176500,173000,175500,609714,58.72
2019-12-13,177500,177500,173000,175500,317833,58.71
2019-12-16,175000,180000,174000,179500,335819,58.49
2019-12-17,180000,181000,178000,180500,370752,58.47
2019-12-18,180000,180000,175000,178500,310567,58.47
2019-12-19,175000,179500,175000,179000,296857,58.48
2019-12-20,180000,187000,179500,183500,560761,58.49
2019-12-23,185000,185500,182000,184000,250256,58.45
2019-12-24,184000,184000,179000,182000,193440,58.36
2019-12-26,181500,183000,179000,180500,173426,58.28
2019-12-27,182000,185000,179000,183500,323473,58.29
2019-12-30,183500,190000,183500,186500,376541,58.32
2020-01-02,187500,188000,182000,182500,300640,58.34
2020-01-03,185000,186000,180500,181500,454492,58.38
2020-01-06,180000,182000,178000,180500,287970,58.41
2020-01-07,182500,187000,181500,187000,328624,58.44
2020-01-08,182000,183500,179000,183000,820867,58.44
2020-01-09,183500,186500,183500,186000,531355,58.48
2020-01-10,185000,188000,183999,188000,398739,58.54
2020-01-13,187500,188499,185999,188000,337749,58.56
2020-01-14,188000,194499,188000,190500,501286,58.58
2020-01-15,189500,191999,188500,191500,323778,58.62
2020-01-16,190000,192500,189000,191500,245107,58.59
2020-01-17,190500,192499,189500,191000,286019,58.63
2020-01-20,190000,190500,187000,187500,454733,58.59
2020-01-21,187500,189500,181000,182000,547678,58.65
2020-01-22,185000,190000,184500,186000,429852,58.65
2020-01-23,185000,185500,181500,183000,375929,58.67
2020-01-28,182000,184500,178000,178500,476253,58.67
2020-01-29,183000,183500,180000,180000,434897,58.73
2020-01-30,179500,183000,175000,180000,772160,58.67
2020-01-31,180000,180500,177500,179500,537062,58.63
2020-02-03,178000,180500,176000,177500,485913,58.55
2020-02-04,177500,181500,175000,180500,563463,58.48
2020-02-05,181000,183500,178500,181500,653809,58.49
2020-02-06,182500,183500,180500,181500,659850,58.37
2020-02-07,181500,188500,181000,185000,728633,58.42
2020-02-10,182500,184000,180500,183500,433051,58.57
2020-02-11,183500,185000,183000,184500,400386,58.55
2020-02-12,183000,185000,181500,185000,351892,58.57
2020-02-13,184000,185000,183000,184500,555923,58.3
2020-02-14,184000,187499,184000,186500,659429,58.28
2020-02-17,184500,189000,184500,188500,312407,58.28
2020-02-18,186500,188500,185500,186500,345642,58.3
2020-02-19,188000,191000,185000,189500,560743,58.24
2020-02-20,189500,191500,187500,190000,427402,58.24
2020-02-21,187500,191000,187000,189500,434019,58.25
2020-02-24,185500,187500,183500,184000,567036,58.24
2020-02-25,184000,191000,183500,190500,704859,58.29
2020-02-26,189500,189999,186499,187000,494066,58.24
2020-02-27,185000,187000,179000,182000,535696,58.17
2020-02-28,179000,180000,172000,174000,830654,58.11
2020-03-02,175000,177000,172500,175000,659376,58.06
2020-03-03,179000,180000,174000,175000,544379,58.02
2020-03-04,174500,179500,173000,178500,450252,58.01
2020-03-05,180500,181000,178500,181000,483840,58.03
2020-03-06,179500,181000,177500,179500,293897,58.06
2020-03-09,174500,174500,167500,168000,668089,57.94
2020-03-10,168000,176000,165000,172000,666532,57.91
2020-03-11,172000,174000,167500,170000,483822,57.94
2020-03-12,170000,170000,161000,166500,980814,57.92
2020-03-13,151000,168000,149500,166000,1242510,57.8
2020-03-16,166000,166500,155000,155000,812823,57.92
2020-03-17,147500,155500,147000,151000,979243,57.91
2020-03-18,152500,156000,146000,146000,666723,57.9
2020-03-19,150000,151500,135000,144000,1154230,57.94
2020-03-20,147500,156500,146000,154000,997895,57.93
2020-03-23,141500,149500,140000,143000,1033851,57.92
2020-03-24,151500,157000,148000,156000,960786,57.85
2020-03-25,160500,163000,152000,156000,1039579,57.8
2020-03-26,156000,158000,149500,152500,988725,57.8
2020-03-27,161500,164500,158500,164000,1217815,58.29
2020-03-30,160000,165000,159000,162500,630830,58.24
2020-03-31,163500,171000,163500,170000,858165,58.26
2020-04-01,166500,171000,163000,163000,720283,58.2
2020-04-02,166500,175000,164500,173500,1086863,58.18
2020-04-03,170000,172500,168000,172000,663454,58.08
2020-04-06,173500,176000,170500,173000,655547,57.99
2020-04-07,174000,174500,167500,169500,873091,57.9
2020-04-08,169000,169500,166500,166500,588577,57.85
2020-04-09,168500,169000,165000,167500,682921,57.8
2020-04-10,166000,167000,164000,166500,483720,57.78
2020-04-13,164500,168000,162500,166000,413768,57.77
2020-04-14,168000,170000,166500,168500,520725,57.7
2020-04-16,168000,172500,167500,170500,841066,57.69
2020-04-17,175500,180000,173500,179000,900031,57.74
2020-04-20,181000,182000,179000,180000,663723,57.82
2020-04-21,180500,181500,173500,178500,759150,57.83
2020-04-22,175000,182500,173000,182000,611589,57.78
2020-04-23,190000,196000,186500,190000,1521478,57.83
2020-04-24,189000,197499,189000,192500,928695,57.91
2020-04-27,193000,200000,192499,197500,927347,57.9
2020-04-28,197500,198000,194500,198000,433549,57.9
2020-04-29,199500,200000,196499,197500,676743,57.97
2020-05-04,198500,203000,193500,199000,1104027,58.09
2020-05-06,201500,212500,200499,212000,992225,58.1
2020-05-07,211499,220000,210500,215500,984024,58.07
2020-05-08,216000,218499,212000,214000,732394,58.08
2020-05-11,214500,221000,214000,214500,599328,58.05
2020-05-12,218000,226500,214999,219500,1056584,57.97
2020-05-13,217500,222500,213500,218500,1014692,57.85
2020-05-14,214500,222000,214500,219000,866427,57.82
2020-05-15,219000,219500,209500,213000,1050469,57.71
2020-05-18,215000,218000,211500,215000,638906,57.67
2020-05-19,215000,216500,210500,213500,917603,57.7
2020-05-20,215500,225500,215000,222000,977544,57.71
2020-05-21,227500,233500,222500,225000,1004395,57.64
2020-05-22,227000,232500,222500,230500,1108281,57.64
2020-05-25,234500,241000,234000,241000,1015069,57.61
2020-05-26,244000,246000,230000,239000,1568016,57.38
2020-05-27,231000,234500,226500,228500,1351505,57.23
2020-05-28,226000,241000,222000,240500,1625154,57.32
2020-05-29,240000,243000,226000,226000,3114298,56.87
2020-06-01,233500,237000,229999,237000,1140644,56.92
2020-06-02,235000,236000,232000,234000,689584,56.81
2020-06-03,235000,235500,225000,225500,1476614,56.61
2020-06-04,228000,235000,227000,232500,1052789,56.69
2020-06-05,229000,231000,225000,231000,1061922,56.54
2020-06-08,234500,242000,230999,240500,1624752,56.68
2020-06-09,240000,243000,235500,237500,934440,56.63
2020-06-10,241000,247500,240000,244000,1431071,56.69
2020-06-11,244000,249000,239000,240500,1423978,56.65
2020-06-12,229000,242500,228500,242000,1318334,56.48
2020-06-15,240000,244500,230500,231500,1311773,56.39
2020-06-16,239000,243500,236000,243500,1155474,56.52
2020-06-17,244000,252000,243500,251000,1357900,56.55
2020-06-18,251500,254000,247000,247500,744330,56.46
2020-06-19,249999,249999,244000,249500,919945,56.47
2020-06-22,249500,271500,247500,270000,1841479,56.54
2020-06-23,272000,289000,270500,276000,2104075,56.42
2020-06-24,273500,279500,270500,279000,995065,56.36
2020-06-25,273500,276500,269500,269500,1196267,56.17
2020-06-26,274500,275000,263000,269000,937593,56.11
2020-06-29,265000,270500,261000,264000,814814,56.19
2020-06-30,268000,270500,263000,267000,862860,56.16
2020-07-01,270000,275000,266000,269000,655711,56.14
2020-07-02,274000,277000,271000,277000,1015829,56.13
2020-07-03,276500,280500,274500,277500,971940,56.04
2020-07-06,278000,287500,278000,281500,1211636,55.97
2020-07-07,285000,289500,279000,279500,1365047,55.87
2020-07-08,280000,284500,274000,282500,1353345,55.78
2020-07-09,286500,296500,284500,287500,2006662,55.53
2020-07-10,291500,308500,290000,299000,2120904,55.4
2020-07-13,303500,303500,288000,297000,1254800,55.29
2020-07-14,290000,291000,285000,287000,1360849,55.14
2020-07-15,290500,293000,280500,286500,1276196,55.12
2020-07-16,283000,285000,272000,273000,1338814,55.11
2020-07-17,270000,279500,266000,276000,926932,55.16
2020-07-20,276500,278000,260500,263000,1556415,55.01
2020-07-21,273000,273500,269000,270000,1179638,55.04
2020-07-22,264000,272500,261499,270000,905784,54.98
2020-07-23,272000,284000,271000,284000,1396607,55.21
2020-07-24,281000,290500,278500,281000,1233584,55.19
2020-07-27,281000,287500,276500,284500,691075,55.19
2020-07-28,289500,292000,284000,288000,978238,55.23
2020-07-29,286000,292000,283000,292000,964066,55.19
2020-07-30,296000,297500,291000,294000,1150474,55.29
2020-07-31,299000,303000,296500,301000,1567503,55.43
2020-08-03,301500,314500,299000,314500,1341104,55.54
2020-08-04,317500,322000,307500,311000,1330818,55.41
2020-08-05,312000,314500,306500,313500,809939,55.48
2020-08-06,313000,322000,310500,322000,1032045,55.56
2020-08-07,324500,325500,312000,314000,1063254,55.51
2020-08-10,308500,314500,303500,313500,968592,55.5
2020-08-11,311000,314500,307500,311500,665863,55.48
2020-08-12,308000,311000,303500,305000,856711,55.41
2020-08-13,310000,311500,304000,307000,1406370,55.33
2020-08-14,305000,308500,303000,305000,608156,55.28
2020-08-18,307500,317500,305000,307500,1494966,55.36
2020-08-19,311500,316000,305500,315000,941038,55.41
2020-08-20,315000,319000,302500,305500,1186809,55.43
2020-08-21,311500,314500,308000,312500,781961,55.42
2020-08-24,313000,320000,310000,320000,783392,55.44
2020-08-25,323000,325000,317000,325000,897649,55.51
2020-08-26,321500,338500,321000,334000,1155853,55.57
2020-08-27,337000,347000,336500,337000,1232239,55.55
2020-08-28,337000,338500,329500,333000,969408,55.5
2020-08-31,336500,340000,322000,322500,1528978,55.23
2020-09-01,322500,329500,322000,324500,691864,55.23
2020-09-02,332500,335500,327000,332500,808064,55.33
2020-09-03,333500,339500,329500,339000,776547,55.46
2020-09-04,322500,335000,322000,328500,1174337,55.36
2020-09-07,325500,325500,313500,314500,1308247,55.18
2020-09-08,316000,318000,305500,311000,989171,55.12
2020-09-09,303000,307000,300000,304500,925825,55.13
2020-09-10,309000,311000,305000,307500,834946,55.13
2020-09-11,302500,307000,301000,306000,517023,55.13
2020-09-14,307500,308000,300000,303000,608816,55.12
2020-09-15,304000,314000,303000,312000,797985,55.17
2020-09-16,311500,312000,306000,307000,696219,55.11
2020-09-17,302500,304000,299000,300500,823516,55.11
2020-09-18,299500,302000,296000,298000,750488,55.07
2020-09-21,297000,301500,292000,292000,656024,55.09
2020-09-22,290500,295000,282000,284500,864846,55.19
2020-09-23,290000,298000,285500,296500,984136,55.24
2020-09-24,291500,295500,287000,294000,848971,55.3
2020-09-25,296000,297500,289500,295000,648182,55.3
2020-09-28,297000,302000,296000,298500,724465,55.3
2020-09-29,303000,303000,294000,296500,765489,55.31
2020-10-05,297500,299000,289500,298500,906516,55.39
2020-10-06,299500,307500,296500,305000,868540,55.45
2020-10-07,302000,305000,299500,305000,534644,55.49
2020-10-08,307500,307500,300000,301000,756735,55.54
2020-10-12,303000,303000,291500,292000,914860,55.53
2020-10-13,292000,298000,292000,295000,636487,55.58
2020-10-14,295000,301000,293000,298500,759464,55.68
2020-10-15,300500,300500,291000,292500,624097,55.66
2020-10-16,292500,297500,291500,293500,446832,55.69
2020-10-19,293500,296500,286000,286000,434420,55.67
2020-10-20,286500,291000,281000,290000,535870,55.75
2020-10-21,292500,301000,291000,297500,640501,55.81
2020-10-22,295000,296000,292000,293000,416425,55.74
2020-10-23,295500,295500,286000,286500,451654,55.72
2020-10-26,286500,289000,281500,281500,349163,55.75
2020-10-27,281500,288500,280500,283500,2071432,55.77
2020-10-28,282000,298500,281500,298500,698195,55.84
2020-10-29,297000,301000,294500,298500,785050,55.9
2020-10-30,299000,300000,290000,290000,939833,55.92
2020-11-02,292000,293000,285500,285500,503831,55.92
2020-11-03,284000,287000,280000,283000,1066923,55.82
2020-11-04,282500,300500,282000,298500,1623712,55.99
2020-11-05,295000,302000,291500,299000,1082388,56.05
2020-11-06,303000,307000,299000,301000,968971,56.13
2020-11-09,304000,304500,298000,298000,678531,56.09
2020-11-10,287000,288000,282000,283000,1728995,55.91
2020-11-11,281000,283000,277500,280000,1183499,55.82
2020-11-12,283000,285500,279000,279000,1016673,55.74
2020-11-13,277500,282000,277500,281000,710865,55.71
2020-11-16,282500,283000,277500,278000,887878,55.65
2020-11-17,277500,278000,273500,275000,816320,55.64
2020-11-18,274500,283500,274000,281000,912899,55.71
2020-11-19,282500,284000,279500,280500,520114,55.71
2020-11-20,281500,283500,278500,281000,439077,55.71
2020-11-23,282000,282500,278500,281500,565213,55.8
2020-11-24,281500,287000,280000,282500,809745,55.84
2020-11-25,287000,287000,278500,278500,909937,55.8
2020-11-26,280000,285500,280000,285500,797094,55.94
2020-11-27,287000,287500,283000,284500,417510,55.93
2020-11-30,286000,286500,277500,277500,1176272,55.72
2020-12-01,282000,286000,280000,285500,709278,55.85
2020-12-02,287000,287000,282000,283500,601596,55.85
2020-12-03,285000,287000,283500,287000,740985,55.96
2020-12-04,287500,295500,284500,294000,1174932,56.01
2020-12-07,300000,300500,288000,289500,821860,55.88
2020-12-08,291500,291500,285000,285000,566981,55.84
2020-12-09,285500,289000,285000,288000,533304,55.86
2020-12-10,288000,290000,284500,286000,959427,55.86
2020-12-11,288000,291500,287500,290000,503588,55.86
2020-12-14,292500,294000,286000,286000,555272,55.83
2020-12-15,286500,287500,282500,283000,491995,55.79
2020-12-16,286500,287000,283000,285500,381896,55.8
2020-12-17,286000,287000,282000,285000,522344,55.79
2020-12-18,284000,285500,282000,282500,487305,55.7
2020-12-21,284000,285500,280000,284000,473545,55.71
2020-12-22,285000,293500,284000,284000,750095,55.78
2020-12-23,288500,289000,283000,284000,508019,55.65
2020-12-24,284500,284500,280000,282000,453095,55.6
2020-12-28,282000,282500,280000,281000,537848,55.62
2020-12-29,281500,285000,280500,283000,506090,55.64
2020-12-30,285000,293000,284000,292500,1190327,55.91
2021-01-04,291500,294000,285500,293000,947178,55.94
2021-01-05,291500,292500,286500,292500,912657,55.98
2021-01-06,292500,300500,289500,290000,1375856,56.0
2021-01-07,288500,292000,286500,289500,1155734,55.92
2021-01-08,293500,312000,290000,312000,3175396,56.29
2021-01-11,320000,323500,301000,309000,2765169,56.34
2021-01-12,305000,308500,292500,304000,1573299,56.31
2021-01-13,306000,317500,304000,314000,1894304,56.49
2021-01-14,318500,326000,314000,318000,1548585,56.5
2021-01-15,320500,323000,305500,306000,1106810,56.49
2021-01-18,304500,308500,300000,300500,864969,56.53
2021-01-19,303500,310500,299500,308000,880238,56.52
2021-01-20,313500,313500,302000,308000,885472,56.52
2021-01-21,316500,326000,316000,322500,1941446,56.8
2021-01-22,332000,350000,326000,343500,3303950,57.18
2021-01-25,349000,353000,340000,349000,1593848,57.2
2021-01-26,350500,351000,338000,342000,1247284,57.16
2021-01-27,347000,352000,339500,341500,1149246,57.11
2021-01-28,336000,366000,335000,355000,2285696,57.22
2021-01-29,362000,362000,340500,343000,1607894,57.08
2021-02-01,346500,352500,341500,348000,988630,57.08
2021-02-02,358000,373000,353000,362500,1951062,57.05
2021-02-03,366500,371000,361000,370500,1197680,57.13
2021-02-04,368000,368500,356000,358000,1160116,57.06
2021-02-05,363500,371500,356500,362500,982325,57.13
2021-02-08,361500,364500,357000,357500,712484,57.13
2021-02-09,359500,362000,355000,358500,667655,57.19
2021-02-10,365000,368500,359000,366500,1147417,57.37
2021-02-15,383500,387999,378000,385500,1172475,57.41
2021-02-16,391500,405000,390000,394000,1567108,57.31
2021-02-17,396500,396500,386000,392000,1161595,57.27
2021-02-18,391500,400000,386500,388000,1020222,57.21
2021-02-19,387000,398500,385500,398000,1047043,57.29
2021-02-22,400000,405500,384500,386500,1289395,57.23
2021-02-23,379000,394500,378499,390500,1017577,57.31
2021-02-24,389500,391500,374000,374000,1078485,57.3
2021-02-25,380500,384500,374500,383000,757476,57.34
2021-02-26,372000,378499,368500,375000,1170208,57.28
2021-03-02,389000,390000,375500,377500,1240322,57.24
2021-03-03,379000,399500,377500,399500,1287551,57.43
2021-03-04,392000,401000,389000,391500,1585134,57.36
2021-03-05,386000,386500,371000,377500,1594386,57.25
2021-03-08,382000,386000,366500,368500,1031748,57.23
2021-03-09,366500,371500,350000,361500,1313900,57.22
2021-03-10,373000,378000,368000,372000,946917,57.25
2021-03-11,372500,377500,366000,373500,1024741,57.21
2021-03-12,396000,396000,378499,380500,969276,57.2
2021-03-15,382000,385500,377499,383000,609496,57.21
2021-03-16,384500,389500,384000,385500,574082,57.24
2021-03-17,388000,391500,380500,383500,1200355,57.26
2021-03-18,388500,410000,386499,403500,1818409,57.48
2021-03-19,397000,407500,394999,402000,1258199,57.47
2021-03-22,402500,405500,393000,396500,911358,57.3
2021-03-23,396999,399000,384000,386000,1167110,57.2
2021-03-24,380000,387000,376000,387000,763754,57.17
2021-03-25,381500,384000,378000,380000,672585,57.09
2021-03-26,380000,383000,377000,383000,691786,57.12
2021-03-29,383499,384000,372000,372000,878014,57.04
2021-03-30,373500,381000,373500,376500,623997,57.04
2021-03-31,379500,383000,377000,377000,568103,57.04
2021-04-01,375499,379000,372000,378500,547402,57.03
2021-04-02,381500,382500,378000,379500,476668,57.0
2021-04-05,379500,379999,374500,377000,421508,56.99
2021-04-06,378500,391000,378000,388500,997518,57.12
2021-04-07,390500,391000,381500,384500,578490,57.07
2021-04-08,384500,387000,380000,381500,626575,57.07
2021-04-09,382000,385000,381500,383500,469100,57.07
2021-04-12,384500,393000,383000,385500,680329,57.06
2021-04-13,384000,389000,381999,388500,586643,57.12
2021-04-14,391500,398000,390000,391500,757969,57.11
2021-04-15,391500,398500,386500,391000,889538,57.07
2021-04-16,394500,395000,391000,391500,423962,57.09
2021-04-19,391500,393500,388500,390000,449064,57.07
2021-04-20,389000,391500,387500,391000,417892,57.09
2021-04-21,389000,389000,380500,380500,835828,56.97
2021-04-22,382000,384500,380000,380500,394350,56.94
2021-04-23,377500,379500,374000,378000,505140,56.93
2021-04-26,376500,379000,374500,377500,484369,56.93
2021-04-27,378000,381500,376000,380000,392509,56.93
2021-04-28,381500,382000,373000,373500,485971,56.91
2021-04-29,373500,377500,366000,366500,743106,56.88
2021-04-30,366000,366000,353500,359500,1028215,56.91
2021-05-03,366000,370500,360500,363000,507361,56.93
2021-05-04,366000,367000,360500,364500,398383,56.94
2021-05-06,360500,364500,359500,361500,632873,56.9
2021-05-07,360500,364000,360000,361000,446152,56.89
2021-05-10,362500,364000,360000,362000,572111,56.8
2021-05-11,356500,358000,347500,349000,2373361,56.73
2021-05-12,349500,350500,340500,343000,1120816,56.63
2021-05-13,337500,341500,334500,337500,992326,56.62
2021-05-14,338000,344500,337500,342500,460390,56.63
2021-05-17,345500,349000,341000,344000,453316,56.59
2021-05-18,347000,349500,345000,349500,445015,56.58
2021-05-20,351500,355000,348500,351000,561151,56.56
2021-05-21,355000,360000,353500,360000,618431,56.65
2021-05-24,356500,358500,353000,355500,361765,56.63
2021-05-25,355500,358000,352500,358000,433413,56.59
2021-05-26,359500,366500,359500,363000,543316,56.63
2021-05-27,363000,363500,353500,358000,963669,56.49
2021-05-28,361500,361500,355500,358000,439112,56.46
2021-05-31,359500,364000,357000,362500,397118,56.52
2021-06-01,362500,368500,362500,367000,404110,56.54
2021-06-02,367000,369000,362000,363000,397044,56.56
2021-06-03,362500,365000,361000,362000,292257,56.56
2021-06-04,360500,360500,355000,357000,433146,56.53
2021-06-07,358500,364000,357000,362500,393697,56.57
2021-06-08,361500,365500,361500,362500,370929,56.57
2021-06-09,360500,363500,358500,358500,361808,56.54
2021-06-10,365000,377000,361500,373500,1502316,56.81
2021-06-11,378000,378500,367500,372500,658403,56.75
2021-06-14,377500,388000,375500,387000,1208589,56.9
2021-06-15,387000,389000,381500,387000,625594,56.8
2021-06-16,384500,395000,383000,391000,836281,56.84
2021-06-17,389500,394500,385000,389500,670522,56.87
2021-06-18,391500,400500,391000,398000,1268656,56.89
2021-06-21,398000,402000,392000,397000,809114,56.95
2021-06-22,400000,400500,391000,391000,702840,56.81
2021-06-23,393000,427000,392500,423500,2721355,56.96
2021-06-24,430000,436000,413000,419500,2143286,56.92
2021-06-25,420000,420000,405000,410000,1382051,56.88
2021-06-28,406000,413000,403000,408000,623480,56.91
2021-06-29,409500,411500,406000,411500,572319,56.97
2021-06-30,415000,425000,409000,417500,955297,57.03
2021-07-01,418000,423500,410500,413000,592869,57.03
2021-07-02,412500,418500,407000,414000,517934,57.08
2021-07-05,415500,418000,408500,410000,492899,57.02
2021-07-06,411500,412500,408000,409500,342771,57.03
2021-07-07,411000,419000,410500,417500,663260,57.07
2021-07-08,419000,431500,418500,422000,1142267,57.09
2021-07-09,420000,424000,408000,415500,1090218,56.96
2021-07-12,418500,421500,413000,418500,475697,56.97
2021-07-13,421000,442000,419000,441000,1498546,57.1
2021-07-14,436000,444500,436000,444000,931990,56.97
2021-07-15,446500,452500,439500,449000,950460,56.93
2021-07-16,448000,461000,443000,447000,1246425,56.97
2021-07-19,443000,449500,438500,443000,704307,56.95
2021-07-20,438500,441500,431000,439000,789090,56.9
2021-07-21,443000,446000,428000,428000,885519,56.83
2021-07-22,433000,445000,429000,440000,1035882,56.82
2021-07-23,443500,454500,441000,452000,1094026,56.78
2021-07-26,460000,465000,447500,452000,855277,56.75
2021-07-27,457500,463000,452000,452000,757638,56.75
2021-07-28,446000,447000,440000,442000,913055,56.64
2021-07-29,444000,445000,438500,439500,556532,56.62
2021-07-30,438000,440500,433000,433500,628812,56.63
2021-08-02,429000,437000,428500,433500,551937,56.6
2021-08-03,439000,439000,422000,428000,830841,56.57
2021-08-04,425000,434500,423000,433000,545873,56.56
2021-08-05,442000,451500,438500,442500,744924,56.63
2021-08-06,443000,447500,440500,444500,416829,56.65
2021-08-09,438000,449000,435000,447500,528032,56.67
2021-08-10,446000,453500,442500,446500,461940,56.71
2021-08-11,445000,449000,442000,445000,446275,56.74
2021-08-12,448000,448500,438000,440500,671083,56.74
2021-08-13,445000,446000,433000,436500,515855,56.8
2021-08-17,435500,437500,420000,428500,763564,56.78
2021-08-18,429500,433500,421500,429000,496576,56.78
2021-08-19,431000,434000,424500,424500,504352,56.82
2021-08-20,425000,432000,421000,422500,587940,56.85
2021-08-23,428000,436000,423500,429500,515679,56.89
2021-08-24,435000,439000,431500,437500,546884,56.97
2021-08-25,434000,439000,427000,430500,677224,56.86
2021-08-26,427500,430500,420000,423500,645901,56.78
2021-08-27,422000,423500,416500,420000,567004,56.72
2021-08-30,425500,429000,423000,428000,399336,56.77
2021-08-31,430000,439500,427000,439000,768823,56.91
2021-09-01,442000,448500,436500,445000,655075,57.07
2021-09-02,445500,448500,439500,442500,431529,57.09
2021-09-03,442500,452500,441000,452500,646199,57.23
2021-09-06,452500,454500,445500,454000,368743,57.24
2021-09-07,450500,453000,444000,444500,356293,57.2
2021-09-08,437500,439000,408000,409500,2470864,56.88
2021-09-09,400500,406000,396000,399000,1972500,56.8
2021-09-10,398000,416500,398000,410000,1326870,56.77
2021-09-13,405000,414000,402500,408000,771749,56.77
2021-09-14,403500,406500,393500,402500,1636660,56.65
2021-09-15,403000,409500,400000,400500,730616,56.57
2021-09-16,405000,410000,401000,402000,614987,56.59
2021-09-17,404500,405000,397500,403000,558566,56.56
2021-09-23,400500,401500,397500,400000,615295,56.56
2021-09-24,398500,406000,398000,405500,574341,56.61
2021-09-27,406000,407500,401000,403000,455667,56.61
2021-09-28,399500,400000,391000,392500,857556,56.54
2021-09-29,380500,390000,380000,387000,664216,56.55
2021-09-30,383000,390000,381000,388000,611128,56.58
2021-10-01,388500,389500,381500,382000,402239,56.59
2021-10-05,378500,380000,370000,370500,828794,56.57
2021-10-06,373000,383500,371500,373000,826716,56.59
2021-10-07,380500,394000,378000,393500,832068,56.59
2021-10-08,397500,397500,388000,388500,542514,56.58
2021-10-12,384500,387000,372000,372000,817135,56.49
2021-10-13,372500,383000,372000,382000,612239,56.57
2021-10-14,387500,396000,385500,395000,689827,56.6
2021-10-15,400000,400000,392000,393500,444506,56.57
2021-10-18,395000,399500,389000,396500,448726,56.59
2021-10-19,400000,408000,398500,407500,560257,56.62
2021-10-20,411500,417000,407000,407500,591636,56.6
2021-10-21,407500,412000,404000,410500,482389,56.6
2021-10-22,411500,411500,402500,407500,395564,56.56
2021-10-25,408500,413000,401500,402500,461889,56.54
2021-10-26,402500,413500,402500,412500,471083,56.61
2021-10-27,415000,419000,411500,414500,497113,56.66
2021-10-28,419000,419500,411500,413000,494766,56.67
2021-10-29,413000,414500,405500,407000,472080,56.65
2021-11-01,407000,411500,404000,408500,337049,56.63
2021-11-02,409500,414500,409000,410000,352579,56.63
2021-11-03,410000,411000,400000,402500,366530,56.63
2021-11-04,409500,415500,406500,411500,537599,56.67
2021-11-05,411500,415000,405000,410500,309468,56.71
2021-11-08,414500,415500,405500,408000,365376,56.71
2021-11-09,409500,419000,408500,417500,542759,56.76
2021-11-10,415500,419000,411000,414500,414599,56.78
2021-11-11,411000,413000,405000,407000,566739,56.74
2021-11-12,407500,412500,403500,409000,412100,56.75
2021-11-15,409000,412500,408000,411000,331770,56.79
2021-11-16,410000,412500,405000,405500,490783,56.81
2021-11-17,406000,406500,399000,401000,540444,56.82
2021-11-18,403500,413000,402000,407000,729079,56.89
2021-11-19,407000,410000,404000,404000,415847,56.84
2021-11-22,403000,411500,400500,410000,555854,56.84
2021-11-23,401000,405000,399500,400000,682033,56.7
2021-11-24,399000,401000,392000,395000,554151,56.61
2021-11-25,400000,401000,395500,397000,323058,56.59
2021-11-26,394000,395500,388000,389500,473540,56.5
2021-11-29,386500,391500,382500,386500,457264,56.48
2021-11-30,391000,392500,381000,381000,1103481,56.5
2021-12-01,385000,392500,382000,390000,548840,56.54
2021-12-02,382500,399000,382000,398500,613006,56.62
2021-12-03,397500,402000,394500,402000,501099,56.68
2021-12-06,400500,400500,389500,392000,456773,56.63
2021-12-07,390500,392500,388500,391000,384366,56.63
2021-12-08,395000,399500,394000,395000,534080,56.61
2021-12-09,397000,399500,394000,399500,748143,56.56
2021-12-10,394000,396500,393500,395000,224452,56.55
2021-12-13,398000,398000,390000,390500,346330,56.52
2021-12-14,388500,392500,387000,392000,322068,56.51
2021-12-15,387000,390000,387000,387500,290339,56.45
2021-12-16,389500,395500,384500,387500,543865,56.37
2021-12-17,387000,387500,383500,384500,505284,56.34
2021-12-20,381500,383000,373000,373000,630690,56.27
2021-12-21,370000,379000,370000,375000,480367,56.2
2021-12-22,376000,380000,375500,378500,263513,56.29
2021-12-23,379500,380500,374500,378000,354342,56.27
2021-12-24,378000,388000,378000,384000,412695,56.23
2021-12-27,384500,384500,380000,380500,226757,56.14
2021-12-28,380000,385500,378000,384500,551228,56.15
2021-12-29,389000,389000,382000,382000,352409,56.17
2021-12-30,381000,382000,376000,378500,369314,56.2
2022-01-03,379000,381000,375500,376000,378920,56.14
2022-01-04,376000,376000,365000,365500,803676,56.0
2022-01-05,362000,362000,352000,355000,1151703,56.0
2022-01-06,348500,349500,337500,338500,1280916,55.82
2022-01-07,338000,343500,337000,338000,787839,55.71
2022-01-10,339000,339500,329000,335000,828611,55.67
2022-01-11,336000,344500,334500,335000,805084,55.56
2022-01-12,339500,352500,339500,345500,1047713,55.5
2022-01-13,348000,352000,344000,348000,677226,55.51
2022-01-14,341000,342500,335500,342000,504907,55.48
2022-01-17,340500,346500,339500,343500,418789,55.47
2022-01-18,346500,348000,335500,338000,441573,55.46
2022-01-19,330000,334000,328000,332500,749338,55.39
2022-01-20,331000,336500,326500,335000,695553,55.31
2022-01-21,330500,340500,330000,333000,580928,55.42
2022-01-24,333000,334000,327500,328500,494977,55.38
2022-01-25,329500,331500,318000,322000,799996,55.32
2022-01-26,318500,321000,312000,313000,811297,55.21
2022-01-27,307000,315500,303000,303000,949565,55.19
2022-01-28,297000,311000,297000,310000,974351,55.04
2022-02-03,325500,326000,320000,320500,884438,55.12
2022-02-04,321500,329500,321000,327500,548945,55.13
2022-02-07,328500,329000,320500,327000,492656,55.17
2022-02-08,329000,329500,320000,322000,427530,55.13
2022-02-09,324000,327000,322000,326000,377538,55.14
2022-02-10,326500,337500,326500,331500,701866,55.19
2022-02-11,326500,330500,323500,327500,450896,55.19
2022-02-14,326000,327000,318000,322000,424845,55.19
2022-02-15,325000,325500,316000,318500,335584,55.15
2022-02-16,322500,325500,320000,324500,447832,55.13
2022-02-17,325000,328000,319000,324500,481773,55.12
2022-02-18,319500,320000,315500,318000,549382,55.02
2022-02-21,311000,318500,308000,318000,550016,55.05
2022-02-22,309500,313000,308000,313000,484404,55.02
2022-02-23,316000,316500,308500,309000,443348,54.98
2022-02-24,305000,306000,300000,302500,666538,54.95
2022-02-25,308000,317500,305000,314500,857872,55.04
2022-02-28,312000,318500,310500,318000,542469,55.08
2022-03-02,319000,319500,312000,317000,546099,55.02
2022-03-03,319000,327000,318500,325500,580888,55.02
2022-03-04,325500,326000,317000,317500,445607,54.92
2022-03-07,309000,309500,305000,307000,535033,54.81
2022-03-08,302000,309500,301500,304500,559921,54.74
2022-03-10,319000,337000,316000,330500,1521280,54.91
2022-03-11,330000,332000,323000,329000,737003,54.78
2022-03-14,328500,338000,325000,329000,679812,54.68
2022-03-15,328500,335000,326000,327500,627012,54.62
2022-03-16,333500,334000,324000,330500,584708,54.59
2022-03-17,337500,348000,337500,344500,1070200,54.7
2022-03-18,345000,346500,341500,344500,722326,54.69
2022-03-21,347500,347500,336000,339000,398441,54.66
2022-03-22,340000,341000,336000,339500,301259,54.64
2022-03-23,343000,347500,341500,345500,504911,54.66
2022-03-24,339500,342000,335000,340000,528012,54.62
2022-03-25,339500,340000,332500,333000,559026,54.54
2022-03-28,329500,332500,324000,331500,356589,54.51
2022-03-29,334500,338000,332000,334000,323767,54.54
2022-03-30,342000,342000,337000,339000,454373,54.61
2022-03-31,341500,342000,338500,340500,427064,54.64
2022-04-01,340000,340500,335500,335500,446987,54.64
2022-04-04,335500,339000,332000,338000,283687,54.63
2022-04-05,340500,343000,338000,342500,389951,54.7
2022-04-06,336500,338000,329000,330000,647201,54.62
2022-04-07,323000,328500,321000,321000,493204,54.62
2022-04-08,322000,324500,311500,316500,626173,54.61
2022-04-11,311000,313000,308000,313000,507362,54.56
2022-04-12,306000,311000,305000,308500,467984,54.5
2022-04-13,306000,311500,304000,310500,519629,54.42
2022-04-14,311500,315500,308500,313000,459979,54.38
2022-04-15,309000,314000,305500,308500,369642,54.39
2022-04-18,306000,308000,305000,306500,209787,54.37
2022-04-19,308000,314000,307500,312000,371024,54.41
2022-04-20,315500,317000,312000,315500,496286,54.49
2022-04-21,310500,311000,306000,309500,803990,54.48
2022-04-22,302000,304000,299500,300000,1166406,54.39
2022-04-25,292500,295000,288000,288500,823308,54.32
2022-04-26,288500,291500,285000,287000,804555,54.17
2022-04-27,279500,282000,277000,280500,875090,54.06
2022-04-28,286000,286000,278500,280500,547958,53.96
2022-04-29,282500,287500,281500,286500,540274,53.95
2022-05-02,281000,282500,279000,281000,509250,53.96
2022-05-03,280500,284000,280000,282000,419535,53.96
2022-05-04,282000,287000,279500,282000,394212,53.91
2022-05-06,272500,275000,268000,272000,787063,53.78
2022-05-09,269500,277000,269000,275000,538607,53.83
2022-05-10,269000,277500,269000,276000,732705,53.85
2022-05-11,273500,279000,273000,279000,473201,53.84
2022-05-12,273500,276000,270000,270000,611860,53.85
2022-05-13,272000,275000,269500,274500,474153,53.8
2022-05-16,278000,279000,273000,273500,385763,53.81
2022-05-17,273500,276000,272000,275500,430794,53.7
2022-05-18,279500,280500,275000,276500,536493,53.73
2022-05-19,268500,273000,266500,271500,625683,53.75
2022-05-20,270000,277000,269000,275000,468832,53.76
2022-05-23,275000,278000,273500,277500,317519,53.77
2022-05-24,275000,275500,266000,266000,574617,53.61
2022-05-25,266500,268500,262500,266000,533307,53.57
2022-05-26,269500,272500,266000,266000,541194,53.61
2022-05-27,271000,272000,268500,270000,481191,53.63
2022-05-30,274000,282500,273500,281000,751170,53.66
2022-05-31,281500,289500,277500,288000,1515701,53.76
2022-06-02,290500,291000,284000,290000,608586,53.78
2022-06-03,293500,294500,286000,287500,470483,53.78
2022-06-07,282500,284000,276000,278000,660801,53.8
2022-06-08,279500,280000,274500,278000,400681,53.79
2022-06-09,275500,277500,269000,273000,753205,53.75
2022-06-10,269000,274500,268500,270000,497525,53.75
2022-06-13,262000,263000,254000,254000,928643,53.65
2022-06-14,246000,255500,245000,253000,731127,53.62
2022-06-15,250000,252000,241500,244500,751618,53.58
2022-06-16,249000,251000,239500,240000,737844,53.56
2022-06-17,232500,241500,232500,237500,990192,53.51
2022-06-20,239500,241000,230000,234000,719666,53.52
2022-06-21,236000,241500,234500,239500,526317,53.56
2022-06-22,239500,239500,227000,229000,894578,53.53
2022-06-23,229000,239500,229000,234000,894526,53.62
2022-06-24,238500,250000,236000,247500,990710,53.54
2022-06-27,247500,253500,244500,249000,634239,53.56
2022-06-28,248500,253000,246000,252500,460119,53.78
2022-06-29,246500,249000,244500,246500,464699,53.78
2022-06-30,241500,245000,236500,240000,764891,53.83
2022-07-01,240000,242500,233500,237000,527033,53.86
2022-07-04,237500,240000,230500,235000,512776,53.69
2022-07-05,238500,248500,237000,243000,654854,53.68
2022-07-06,240000,249500,236500,243500,875386,53.59
2022-07-07,246000,249000,243000,245000,547620,53.47
2022-07-08,247000,252500,246000,249000,652395,53.48
2022-07-11,246000,248000,238500,240500,554603,53.46
2022-07-12,236500,237500,230500,233500,601679,53.38
2022-07-13,232000,239000,232000,237500,451619,53.37
2022-07-14,232000,236000,231000,233500,611226,53.39
2022-07-15,234500,234500,228000,231000,826920,53.25
2022-07-18,234000,247000,233000,246500,986963,53.4
2022-07-19,242500,244000,240000,243500,350932,53.39
2022-07-20,251000,253500,244500,246000,635582,53.32
2022-07-21,248500,256500,246500,250500,567875,53.31
2022-07-22,250000,253500,247000,250000,465586,53.32
2022-07-25,248000,249000,244000,248000,380368,53.28
2022-07-26,244500,245000,240500,245000,432397,53.26
2022-07-27,247500,247500,241000,246000,576997,53.16
2022-07-28,251000,255000,245500,247000,564324,53.11
2022-07-29,252000,262000,251500,259000,1105156,53.25
2022-08-01,260500,261500,256500,259000,532517,53.2
2022-08-02,260500,260500,254000,259000,551218,53.22
2022-08-03,256000,271000,255000,269000,831121,53.26
2022-08-04,272500,278000,271000,273500,960547,53.26
2022-08-05,277500,281000,265500,267000,949836,53.2
2022-08-08,261000,261500,257000,258500,940226,53.15
2022-08-09,261000,267000,259500,265000,529474,53.23
2022-08-10,262500,266000,261000,262000,317975,53.26
2022-08-11,269500,271000,266000,267500,517715,53.26
2022-08-12,267500,269500,265000,265500,402713,53.25
2022-08-16,268500,269000,258000,259500,864710,53.2
2022-08-17,259000,260000,254500,258000,433453,53.21
2022-08-18,254000,256000,249000,250000,788467,53.25
2022-08-19,250500,251000,246000,248000,382703,53.23
2022-08-22,245000,247000,241500,245500,340467,53.24
2022-08-23,243500,244500,240000,241000,400035,53.22
2022-08-24,242000,243500,240500,241500,344838,53.22
2022-08-25,243000,248500,242000,244500,347778,53.22
2022-08-26,246000,246500,241500,242000,306637,53.19
2022-08-29,232500,235500,231500,234000,610295,53.21
2022-08-30,234500,239500,234500,238000,306143,53.25
2022-08-31,234500,240500,232500,240000,424718,53.27
2022-09-01,236000,238000,233000,236000,410984,53.29
2022-09-02,237500,239000,232500,234000,374672,53.33
2022-09-05,233500,238000,233500,236000,327916,53.35
2022-09-06,237500,237500,233500,235000,240015,53.34
2022-09-07,233500,233500,228000,231500,480805,53.24
2022-09-08,233000,234500,228500,231500,542651,53.21
2022-09-13,236000,239500,235500,238500,510894,53.2
2022-09-14,228500,231000,226000,230000,552863,53.14
2022-09-15,231000,231000,225500,225500,525459,53.03
2022-09-16,221500,223000,219500,220000,777712,53.0
2022-09-19,219500,221000,217000,218000,502182,53.0
2022-09-20,220500,222000,218000,218000,240498,52.94
2022-09-21,216500,217000,212000,213000,493972,52.91
2022-09-22,207500,209500,204000,206500,693460,52.96
2022-09-23,207500,212500,207500,210500,655441,53.07
2022-09-26,205500,208000,204000,204500,513342,53.04
2022-09-27,202500,206000,199000,204500,641394,52.93
2022-09-28,202500,203500,198000,200500,579635,52.94
2022-09-29,203000,205000,196000,196500,612278,52.87
2022-09-30,191500,198000,190500,193500,924294,52.72
2022-10-04,192000,192000,175500,176500,3753785,51.66
2022-10-05,170500,176000,164000,164000,6634375,50.24
2022-10-06,163500,169000,163000,167000,3477299,50.19
2022-10-07,164000,167500,159500,160000,2596863,50.18
2022-10-11,156500,159500,156000,158500,1835014,50.02
2022-10-12,158500,164500,158000,162000,1515631,50.11
2022-10-13,160500,161000,155000,158500,1487183,50.03
2022-10-14,163500,168500,163000,165500,1568930,49.93
2022-10-17,162500,168000,160500,167000,1436527,49.9
2022-10-18,170500,173000,169000,172500,1414552,49.76
2022-10-19,172500,173500,168500,168500,1172766,49.67
2022-10-20,168000,168500,163000,168500,1098598,49.78
2022-10-21,165000,168000,164000,166000,749769,49.76
2022-10-24,169000,170000,163000,164000,888373,49.7
2022-10-25,164500,167000,164000,165500,547041,49.68
2022-10-26,165000,165000,159000,159500,1352211,49.63
2022-10-27,159000,162000,156000,161000,1058992,49.63
2022-10-28,158000,161000,157000,160000,777329,49.63
2022-10-31,163500,170500,161500,169500,1585289,49.81
2022-11-01,168000,171000,166500,170500,768757,49.76
2022-11-02,170000,177000,169000,174000,1585072,49.77
2022-11-03,168500,170500,166000,169000,1017930,49.7
2022-11-04,167500,174500,167500,174000,1248339,49.74
2022-11-07,177000,178000,168000,169000,2128304,49.4
2022-11-08,172000,179000,171000,177500,2549625,49.48
2022-11-09,178500,183000,177500,180000,1596245,49.32
2022-11-10,177500,180000,176000,176000,975484,49.19
2022-11-11,189000,196500,186000,193500,3312709,49.26
2022-11-14,194000,194500,188000,188500,1776156,49.11
2022-11-15,190000,192500,188000,192000,889734,49.06
2022-11-16,194000,194500,187000,189500,1156594,48.91
2022-11-17,188000,189500,186500,188000,825254,48.86
2022-11-18,187500,190000,184500,185500,784241,48.88
2022-11-21,186000,187500,181000,182500,614738,48.87
2022-11-22,181500,184500,179500,180500,631550,48.9
2022-11-23,184000,186000,181000,181500,780342,48.78
2022-11-24,183000,188000,182500,188000,969322,48.75
2022-11-25,187000,189000,185000,185000,440351,48.69
2022-11-28,184000,184500,180500,180500,550985,48.72
2022-11-29,178500,183500,178500,182500,481120,48.73
2022-11-30,181500,187000,180500,187000,880333,48.8
2022-12-01,194500,195000,187500,187500,1218297,48.76
2022-12-02,188000,190500,185500,185500,796841,48.75
2022-12-05,187000,195000,186500,191500,1224361,48.91
2022-12-06,189500,190000,185000,185500,877534,48.75
2022-12-07,183000,187500,182500,183500,646753,48.7
2022-12-08,184000,186500,181500,185500,709428,48.75
2022-12-09,187500,195000,187000,195000,1081470,48.83
2022-12-12,192500,196500,190500,193000,652814,48.82
2022-12-13,195500,197000,191000,193000,692706,48.77
2022-12-14,194000,195000,191500,193500,708760,48.7
2022-12-15,191000,191000,182500,182500,1270685,48.47
2022-12-16,178000,182500,177500,180500,913806,48.42
2022-12-19,179500,184000,179500,183500,574398,48.41
2022-12-20,182000,184000,179000,180500,625022,48.43
2022-12-21,182500,183000,180000,180000,302976,48.41
2022-12-22,182000,185500,180500,184500,466951,48.43
2022-12-23,180500,182000,178000,178000,613209,48.28
2022-12-26,178500,180500,177000,178500,350843,48.32
2022-12-27,179500,182500,179000,181000,492232,48.29
2022-12-28,179000,183500,178000,180000,580495,48.37
2022-12-29,180000,185000,177500,177500,656658,48.38
2023-01-02,179500,180000,176000,179500,438162,48.45
2023-01-03,177000,179500,173500,178500,573137,48.5
2023-01-04,177000,183500,177000,182500,792920,48.55
2023-01-05,184500,190000,184000,186000,1107483,48.6
2023-01-06,185500,187000,182500,185000,741129,48.58
2023-01-09,189500,196500,189000,196500,1115201,48.81
2023-01-10,193000,196000,190500,193000,839225,48.66
2023-01-11,197500,200500,194500,195000,1030650,48.57
2023-01-12,198000,199000,194000,194000,797343,48.57
2023-01-13,196000,200500,195000,195000,869459,48.57
2023-01-16,197000,201000,195000,200500,846276,48.54
2023-01-17,201000,201000,193500,193500,976576,48.39
2023-01-18,194000,196000,193000,195500,518929,48.42
2023-01-19,194000,196500,192500,196000,475600,48.46
2023-01-20,195500,201000,195000,196000,787881,48.4
2023-01-25,200500,203500,199600,202000,988822,48.46
2023-01-26,202500,204000,199900,204000,873219,48.42
2023-01-27,204500,211500,202000,211500,1212987,48.5
2023-01-30,212000,214000,206500,207000,1204050,48.39
2023-01-31,206000,208500,202000,202500,1076468,48.3
2023-02-01,204500,208500,202500,205500,860204,48.29
2023-02-02,213000,213500,210500,211500,1245591,48.21
2023-02-03,214000,225500,210500,223500,3065767,48.11
2023-02-06,221000,224500,215500,215500,1390741,47.85
2023-02-07,216000,220500,215000,219500,1041746,47.81
2023-02-08,224500,232000,224000,230500,1777709,47.81
2023-02-09,224500,230500,224000,230000,1575905,47.67
2023-02-10,226000,230500,222000,230000,1412939,47.71
2023-02-13,231000,231000,220500,223000,1308899,47.69
2023-02-14,226500,228500,223000,224000,745937,47.66
2023-02-15,224500,224500,215000,215500,1424562,47.65
2023-02-16,218000,222500,218000,220500,959443,47.64
2023-02-17,216000,219000,212000,215500,904481,47.66
2023-02-20,215500,220000,213500,219000,571053,47.67
2023-02-21,220500,220500,215000,215500,646501,47.58
2023-02-22,211500,213500,210500,211500,820639,47.66
2023-02-23,212000,214500,211000,213500,563669,47.64
2023-02-24,213500,214000,207000,208000,851405,47.61
2023-02-27,204000,209000,204000,208000,930467,47.67
2023-02-28,209500,212000,207500,208500,848323,47.64
2023-03-02,207500,209500,205000,206000,817689,47.67
2023-03-03,207500,210500,205500,205500,729689,47.62
2023-03-06,208500,214500,208500,214500,1052243,47.67
2023-03-07,214000,214500,210500,211000,640146,47.63
2023-03-08,208500,209000,202000,202500,1027023,47.53
2023-03-09,204500,206000,202000,202000,760330,47.47
2023-03-10,198000,201000,197800,199800,854741,47.48
2023-03-13,199800,203000,194600,202500,1035513,47.47
2023-03-14,200000,202000,196000,196000,776395,47.42
2023-03-15,200000,201000,194500,196400,838555,47.3
2023-03-16,193600,198400,192100,197100,708127,47.31
2023-03-17,201000,202000,197200,198000,778496,47.31
2023-03-20,198000,204000,198000,201500,602589,47.37
2023-03-21,202500,203500,200000,200500,403322,47.38
2023-03-22,203500,207500,203000,207000,655503,47.48
2023-03-23,204000,205000,202000,204000,607503,47.51
2023-03-24,204500,204500,200500,202500,599102,47.48
2023-03-27,201500,202000,198200,199300,611569,47.45
2023-03-28,199600,201000,197800,199500,586388,47.43
2023-03-29,198000,201000,198000,199100,442034,47.48
2023-03-30,200500,201000,198100,201000,788108,47.48
2023-03-31,203500,203500,199100,202000,937726,47.48
2023-04-03,203500,204500,198100,198200,794745,47.45
2023-04-04,198200,201000,198100,201000,575220,47.55
2023-04-05,201000,202500,199100,199200,485125,47.53
2023-04-06,198200,198300,191900,191900,1409355,47.41
2023-04-07,193000,195400,192900,193400,531141,47.46
2023-04-10,193300,193700,190500,193000,783772,47.6
2023-04-11,193300,200000,193300,199900,1137837,47.64
2023-04-12,199300,200500,196900,198000,700638,47.64
2023-04-13,196200,198800,195600,196400,727674,47.52
2023-04-14,198700,200500,197000,199000,964852,47.56
2023-04-17,199000,199300,196300,197000,556371,47.54
2023-04-18,196100,196900,191500,192800,1022386,47.41
2023-04-19,192400,192500,191400,191400,612192,47.31
2023-04-20,191600,192700,189900,191600,581315,47.3
2023-04-21,191500,192100,190100,190300,479007,47.25
2023-04-24,189000,191800,188500,190000,469050,47.26
2023-04-25,190000,191200,186000,186100,778485,47.28
2023-04-26,185800,190900,185700,188100,671910,47.31
2023-04-27,188000,189400,186500,188200,470891,47.33
2023-04-28,190000,193400,190000,192300,902999,47.51
2023-05-02,192200,193200,191400,193200,491178,47.52
2023-05-03,191800,193400,191300,192600,448203,47.6
2023-05-04,191100,197300,189000,196100,900385,47.57
2023-05-08,200500,207500,198200,207000,2034862,47.82
2023-05-09,209000,214500,208500,211000,1855368,48.07
2023-05-10,211000,212500,206500,210000,763447,48.12
2023-05-11,213000,216000,210500,211000,825757,48.14
2023-05-12,212000,214000,210000,213500,666880,48.19
2023-05-15,212000,213500,207500,212000,584184,48.19
2023-05-16,212500,213500,207000,207500,528940,48.17
2023-05-17,207500,214000,207500,213000,538104,48.22
2023-05-18,213500,214000,210000,212500,378470,48.21
2023-05-19,214000,217000,212500,216500,870698,48.26
2023-05-22,215500,218000,214000,215000,534887,48.16
2023-05-23,215500,216000,211500,212000,550247,48.15
2023-05-24,208000,209500,202500,203000,1210194,48.1
2023-05-25,202500,207500,202500,206000,791642,48.18
2023-05-26,204500,207000,202500,202500,505880,48.12
2023-05-30,205000,205000,200500,201500,609318,48.14
2023-05-31,201500,203000,199100,199500,993582,48.06
2023-06-01,199900,204000,199900,204000,547388,48.07
2023-06-02,204500,205000,202500,204500,405330,48.05
2023-06-05,205500,206500,204000,204500,428762,48.0
2023-06-07,206500,208000,204000,205000,553505,47.93
2023-06-08,203000,203500,200000,200500,717690,47.87
2023-06-09,202000,205000,200500,200500,546093,47.83
2023-06-12,202500,203500,199700,200500,417698,47.8
2023-06-13,202000,203000,199600,201000,565013,47.88
2023-06-14,201000,202000,198300,199200,666340,47.89
2023-06-15,200000,202500,199900,200500,557684,47.93
2023-06-16,202500,204500,202000,202500,751013,47.9
2023-06-19,202500,202500,198500,198600,669785,47.79
2023-06-20,199500,201000,197900,198500,437974,47.72
2023-06-21,199100,199200,189900,189900,1358963,47.51
2023-06-22,189400,193200,189300,191300,580244,47.33
2023-06-23,191500,192000,188900,188900,689964,47.28
2023-06-26,187700,191200,187600,188900,489487,47.23
2023-06-27,188000,188000,184100,185900,877288,47.06
2023-06-28,187500,188100,182800,184800,717140,46.91
2023-06-29,183800,186200,183400,183400,578195,46.84
2023-06-30,183300,184500,180600,182800,683584,46.72
2023-07-03,182800,190600,182800,189300,869777,46.71
2023-07-04,188200,190200,186700,188700,491576,46.7
2023-07-05,188000,190200,186500,186500,686759,46.65
2023-07-06,185500,196200,185500,195500,1503767,46.72
2023-07-07,195600,197300,193800,195000,832803,46.7
2023-07-10,195000,196300,192700,193200,509523,46.67
2023-07-11,196700,197600,194600,197400,524208,46.74
2023-07-12,197400,202500,195700,202000,865666,46.87
2023-07-13,204500,206500,199500,199700,941626,46.89
2023-07-14,202000,204500,200500,204500,739825,47.05
2023-07-17,206000,207000,202500,206500,705819,47.03
2023-07-18,205500,209500,204500,209000,803341,47.02
2023-07-19,209500,209500,204500,204500,687227,47.01
2023-07-20,202500,208500,202500,204500,578731,47.09
2023-07-21,202500,206500,200500,206000,629745,47.13
2023-07-24,205500,206500,201500,203000,662414,47.18
2023-07-25,202000,203500,199300,201000,661241,47.22
2023-07-26,201500,202500,194900,197700,1068784,47.2
2023-07-27,197500,212000,197000,211500,1442727,47.26
2023-07-28,211500,212500,206000,211000,952122,47.3
2023-07-31,214500,228000,212500,227000,2725703,47.44
2023-08-01,232500,239500,230500,233000,3102468,47.41
2023-08-02,235000,235000,226000,227500,1388773,47.35
2023-08-03,226500,227500,219000,223000,1430439,47.23
2023-08-04,230500,235500,220000,223500,2561625,47.05
2023-08-07,226500,241500,225000,234500,3055268,47.1
2023-08-08,241000,241500,223000,223000,1933999,46.91
2023-08-09,225000,232500,224000,227500,1277473,47.04
2023-08-10,223500,225000,220000,225000,928409,46.99
2023-08-11,227000,231500,222000,222000,939248,46.91
2023-08-14,222500,224500,220500,221000,572079,46.94
2023-08-16,219500,225500,218000,222500,943493,46.96
2023-08-17,221000,222000,216000,218000,880587,46.94
2023-08-18,213500,217500,211000,212500,886686,46.94
2023-08-21,213000,218000,213000,214500,691652,46.91
2023-08-22,218000,224500,217000,221000,1005692,46.87
2023-08-23,222000,222000,215500,215500,868139,46.84
2023-08-24,221000,235000,218500,229000,3013711,47.0
2023-08-25,221500,222000,210500,211000,2072800,46.66
2023-08-28,213000,213500,210000,213500,695518,46.66
2023-08-29,213500,218500,213500,218000,805948,46.78
2023-08-30,221000,222000,216500,217500,600149,46.76
2023-08-31,217500,219000,213000,214500,808546,46.77
2023-09-01,215000,215500,212000,214500,569772,46.8
2023-09-04,213500,214000,207500,211500,660388,46.78
2023-09-05,211500,213000,209500,212000,390882,46.76
2023-09-06,210500,214500,207500,214000,808331,46.75
2023-09-07,216000,222000,214500,216500,1234068,46.85
2023-09-08,218000,218000,212500,215000,595117,46.84
2023-09-11,214000,214500,210000,211500,724040,46.86
2023-09-12,213500,222500,213000,219500,1284472,47.05
2023-09-13,220000,222000,215500,222000,923349,47.1
2023-09-14,223000,226000,220500,225500,990793,47.12
2023-09-15,225000,230000,224500,229500,1162871,47.19
2023-09-18,227000,229000,221500,221500,720909,47.2
2023-09-19,222000,222000,219000,219500,448589,47.23
2023-09-20,219000,221500,216500,217500,374274,47.2
2023-09-21,215000,216500,210000,210000,685787,47.17
2023-09-22,206500,210000,206000,208000,485769,47.23
2023-09-25,209000,211500,206000,206500,490044,47.17
2023-09-26,207000,207500,200000,201000,660374,47.11
2023-09-27,198000,202500,197600,201500,419270,47.11
2023-10-04,196000,198100,191200,191200,1163452,47.11
2023-10-05,192500,193800,189000,189400,622759,47.06
2023-10-06,189300,192300,189200,190900,403501,47.01
2023-10-10,192800,196300,189800,191200,627779,46.98
2023-10-11,194000,195800,192800,193000,603727,46.91
2023-10-12,193700,194900,191500,193600,570782,46.87
2023-10-13,191700,193700,190900,191800,368249,46.87
2023-10-16,190500,192000,188400,189700,568781,46.86
2023-10-17,191500,192800,188500,188500,512662,46.84
2023-10-18,188400,190000,185500,186300,531306,46.82
2023-10-19,183100,183600,180700,181400,789241,46.79
2023-10-20,178400,181600,178000,180200,579075,46.77
2023-10-23,179300,182200,178200,178300,446010,46.73
2023-10-24,181500,187100,180100,187000,802790,46.74
2023-10-25,189900,191200,184800,189100,802846,46.78
2023-10-26,184000,186800,181300,181900,757629,46.77
2023-10-27,183400,186300,182500,185400,520566,46.75
2023-10-30,184100,187200,183000,186100,392043,46.75
2023-10-31,191000,192700,186700,187400,823369,46.72
2023-11-01,190000,191600,187000,187700,511161,46.64
2023-11-02,191100,192700,190300,190800,633508,46.6
2023-11-03,195800,200500,193100,200500,1272388,46.72
2023-11-06,204500,207500,200000,205500,1000560,46.74
2023-11-07,202500,204000,197600,200500,782666,46.7
2023-11-08,200000,202000,197400,197400,586525,46.71
2023-11-09,197100,200500,196000,198200,592942,46.73
2023-11-10,196300,198500,193500,194700,674585,46.74
2023-11-13,197400,199000,192500,192600,499910,46.78
2023-11-14,194100,198900,194000,198600,478385,46.8
2023-11-15,203500,206000,202000,205500,846436,46.82
2023-11-16,204000,204500,200500,203000,425403,47.3
2023-11-17,203000,204000,200000,202000,406874,47.32
2023-11-20,200500,203500,200000,202500,272327,47.33
2023-11-21,205000,207500,204000,204500,463033,47.35
2023-11-22,202500,207500,200500,207500,357391,47.39
2023-11-23,206500,208000,204500,205500,345224,47.41
2023-11-24,205500,207500,204000,205500,335280,47.43
2023-11-27,205500,211000,205000,206000,538210,47.44
2023-11-28,208000,210000,204500,207500,550801,47.46
2023-11-29,208500,209000,205500,207500,496563,47.48
2023-11-30,206500,209500,206500,208000,642304,47.48
2023-12-01,208000,210000,204000,206000,542598,47.5
2023-12-04,208000,214000,207500,210500,706500,47.54
2023-12-05,210000,216500,209500,213000,890514,47.63
2023-12-06,214000,215500,212500,213500,494143,47.57
2023-12-07,214000,215000,210000,212500,521170,47.56
2023-12-08,215500,219000,215000,217500,685720,47.57
2023-12-11,218500,220500,215000,217500,513760,47.59
2023-12-12,216500,219500,212500,213500,710270,47.58
2023-12-13,212000,215500,212000,213500,435945,47.64
2023-12-14,218500,225000,217000,223000,1761941,47.83
2023-12-15,223000,226500,222000,226000,899325,47.98
2023-12-18,226000,226500,222000,223000,555176,47.96
2023-12-19,222500,224500,221000,222500,497403,48.0
2023-12-20,224000,225500,219500,220500,874344,47.93
2023-12-21,218500,220000,215500,216500,844340,47.93
2023-12-22,218500,219000,215000,215000,571741,47.95
2023-12-26,216500,217500,215000,215500,458545,48.17
2023-12-27,216000,223000,215500,223000,609910,48.29
2023-12-28,224000,224000,221000,224000,525435,48.3
2024-01-02,222500,229000,221000,227500,716469,48.34
2024-01-03,223500,224000,220000,222000,690960,48.36
2024-01-04,221000,225500,220500,223000,538911,48.42
2024-01-05,222500,224000,219500,220500,387884,48.42
2024-01-08,222000,231500,222000,226500,1054917,48.49
2024-01-09,229500,233000,228500,229500,835945,48.52
2024-01-10,229500,233500,227000,231000,702562,48.61
2024-01-11,232500,234500,229500,231500,879647,48.69
2024-01-12,232000,232500,228000,230500,516678,48.64
2024-01-15,230000,230500,223500,229500,536029,48.58
2024-01-16,227500,235500,227000,230000,695734,48.65
2024-01-17,228500,230500,218500,219000,961856,48.6
2024-01-18,217000,219500,215000,216500,730722,48.59
2024-01-19,219000,221500,213500,215500,916193,48.48
2024-01-22,219000,222500,217000,217000,533513,48.43
2024-01-23,218000,219500,215500,218000,388908,48.42
2024-01-24,219000,219500,215500,218000,380731,48.45
2024-01-25,216000,217000,212500,213500,582265,48.4
2024-01-26,211500,218500,211500,216500,406869,48.45
2024-01-29,216500,218000,211500,212000,616505,48.42
2024-01-30,214000,214500,208000,209500,614246,48.4
2024-01-31,208500,209500,200000,200500,1318605,48.38
2024-02-01,199500,202500,198600,202500,818613,48.43
2024-02-02,209500,221500,208000,221500,1841501,48.56
2024-02-05,220500,221500,208000,208000,1721981,48.25
2024-02-06,208000,209000,203500,205500,896400,48.24
2024-02-07,208000,209500,204000,204500,706209,48.21
2024-02-08,206500,208000,205000,206000,628984,48.22
2024-02-13,206500,208000,204500,205000,860778,48.08
2024-02-14,200500,203500,199300,202500,627951,48.02
2024-02-15,205000,209500,203500,203500,945641,47.96
2024-02-16,205500,209000,204000,205000,999143,48.02
2024-02-19,206500,206500,203000,203500,618150,47.92
2024-02-20,203500,205500,202000,202500,708867,47.89
2024-02-21,202000,203500,201000,202500,592041,47.88
2024-02-22,204000,204500,200500,202000,881700,47.85
2024-02-23,202500,203000,200000,200500,731357,47.78
2024-02-26,200000,201500,199500,199900,630834,47.74
2024-02-27,199900,200500,198700,200000,650795,47.69
2024-02-28,200500,204000,199700,204000,597421,47.67
2024-02-29,200000,200500,195000,195000,2016957,47.24
2024-03-04,194400,197400,192000,192000,1186323,47.1
2024-03-05,191800,192800,188700,188700,1096733,46.98
2024-03-06,189000,192800,189000,189800,876283,46.88
2024-03-07,191200,191500,188200,189000,775759,46.77
2024-03-08,190000,190700,188000,188000,750757,46.61
2024-03-11,188200,190900,188200,189900,653165,46.62
2024-03-12,190700,191200,188400,190500,708580,46.53
2024-03-13,191100,191200,188300,188400,812716,46.38
2024-03-14,188800,189400,186800,186800,1148654,46.25
2024-03-15,186100,188500,186000,186100,1015837,46.21
2024-03-18,186200,186500,183200,184100,1054143,46.04
2024-03-19,183200,183800,182100,182600,726483,45.97
2024-03-20,183000,184400,182600,183100,569076,45.88
2024-03-21,184700,187800,184400,184400,1047858,45.75
2024-03-22,184600,190800,184600,188900,1280053,45.74
2024-03-25,187300,189400,185400,188000,654494,45.71
2024-03-26,188000,191000,187300,188900,746583,45.66
2024-03-27,188900,191200,188400,189300,590542,45.61
2024-03-28,190000,190200,187100,187100,661837,45.51
2024-03-29,187300,188900,185100,187400,633233,45.47
2024-04-01,188000,194500,188000,194300,1393825,45.56
2024-04-02,192500,193100,190500,192000,918137,45.52
2024-04-03,191000,197300,190600,193400,1132978,45.56
2024-04-04,195900,196000,194100,194300,682404,45.63
2024-04-05,192100,193800,190000,193100,484403,45.67
2024-04-08,193100,193200,188500,189900,614052,45.64
2024-04-09,189100,190500,186600,189000,457312,45.63
2024-04-11,186100,188300,183100,183600,1192681,45.45
2024-04-12,184700,189300,184600,185900,835729,45.48
2024-04-15,183800,184600,182600,182800,636607,45.4
2024-04-16,181600,181700,179500,179500,796179,45.32
2024-04-17,180800,181600,179600,179600,405813,45.33
2024-04-18,180000,181500,179800,180700,599743,45.3
2024-04-19,179900,183800,179100,182400,759807,45.36
2024-04-22,185200,185300,180300,180900,492109,45.27
2024-04-23,181400,182400,180000,180100,468831,45.2
2024-04-24,181400,184400,181300,183700,597721,45.2
2024-04-25,181500,184600,180200,182700,437455,45.22
2024-04-26,184100,184500,181500,181500,438747,45.2
2024-04-29,182200,184800,181600,184700,510519,45.26
2024-04-30,184600,187500,183800,184400,620050,45.24
2024-05-02,185200,190000,184600,188800,1046087,45.27
2024-05-03,195000,196400,191500,194600,2291415,45.55
2024-05-07,197400,198500,193800,194800,1272598,45.62
2024-05-08,194100,194100,189700,190900,1000782,45.6
2024-05-09,185900,188700,185500,188300,1129421,45.68
2024-05-10,188300,189300,187100,188600,691790,45.68
2024-05-13,186900,186900,182400,184300,723861,45.73
2024-05-14,185100,187200,184300,184400,542815,45.73
2024-05-16,186300,190600,186200,188500,805720,45.75
2024-05-17,188600,189800,187000,187300,394214,45.74
2024-05-20,187900,188000,183600,184000,569690,45.64
2024-05-21,182100,184500,182100,183200,469119,45.6
2024-05-22,182800,183300,182300,182600,316154,45.6
2024-05-23,181900,183000,180100,182100,406392,45.6
2024-05-24,180300,181100,179000,179000,730052,45.47
2024-05-27,180000,180100,177400,179000,558709,45.39
2024-05-28,178500,178700,177400,177400,563865,45.34
2024-05-29,178100,179800,175100,175300,898094,45.23
2024-05-30,173500,174900,170400,170400,947416,45.12
2024-05-31,170500,172000,170000,170200,1117529,44.75
2024-06-03,172000,175500,171800,172700,661878,44.66
2024-06-04,172600,177400,172600,176800,758259,44.61
2024-06-05,177400,178200,175600,177100,467925,44.59
2024-06-07,177500,178500,174900,175400,638712,44.51
2024-06-10,173100,175000,170700,170700,744709,44.42
2024-06-11,171000,171500,170000,170200,606686,44.37
2024-06-12,170000,170900,167700,168400,977784,44.2
2024-06-13,170000,173000,169900,169900,982883,44.27
2024-06-14,169300,171100,168700,169900,677657,44.25
2024-06-17,168800,169400,166000,166100,876593,44.11
2024-06-18,166700,169400,166300,166800,663328,44.13
2024-06-19,167700,168400,165100,167900,773616,44.12
2024-06-20,167500,169700,166500,167200,581688,44.09
2024-06-21,166200,168000,165600,167600,872036,44.04
2024-06-24,167700,170700,167200,168900,591088,44.03
2024-06-25,168200,168400,165700,166400,675119,43.98
2024-06-26,165800,169400,165000,168400,635128,44.02
2024-06-27,166800,167700,165400,165400,582846,43.92
2024-06-28,167300,169000,165900,166900,709968,43.88
2024-07-01,165400,166000,161500,162900,1140154,43.7
2024-07-02,161600,162500,159600,159900,932343,43.66
2024-07-03,160000,162400,159700,159800,608424,43.65
2024-07-04,160100,161000,159600,159800,505466,43.63
2024-07-05,160600,168600,160200,168100,1306514,43.72
2024-07-08,168100,171900,166100,170500,1148160,43.71
2024-07-09,171100,172900,169800,170700,661077,43.7
2024-07-10,170600,178300,169700,177500,1659106,43.98
2024-07-11,178400,178700,175300,176100,791229,44.0
2024-07-12,176100,181600,174000,174800,1393405,43.92
2024-07-15,178200,180500,176000,176300,925722,43.91
2024-07-16,175600,176200,171100,171600,812128,43.84
2024-07-17,172000,174500,171600,173400,560011,43.83
2024-07-18,173300,175500,171300,174900,523719,43.84
2024-07-19,173700,174700,169800,172200,616972,43.78
2024-07-22,172000,173900,170700,172700,464293,43.8
2024-07-23,174000,177000,170600,170600,599169,43.73
2024-07-24,169000,172500,167000,171700,411210,43.77
2024-07-25,170000,179200,169500,178000,1473198,43.87
2024-07-26,178400,179000,174500,174800,880999,43.79
2024-07-29,175300,176200,173600,175000,429619,43.8
2024-07-30,174500,176600,172600,173300,402895,43.77
2024-07-31,173900,175100,171500,174000,425047,43.76
2024-08-01,176500,177000,174500,175000,481980,43.79
2024-08-02,172000,172500,170500,171400,674484,43.76
2024-08-05,169000,169600,151100,156100,1447269,43.64
2024-08-06,160000,163300,156600,158400,1115733,43.56
2024-08-07,156100,163500,156000,162700,778054,43.62
2024-08-08,160100,163500,158900,162700,724039,43.52
2024-08-09,170000,170000,163100,163700,1236721,43.39
2024-08-12,164600,164700,159400,160300,811411,43.23
2024-08-13,159800,160300,156100,156400,1035007,42.99
2024-08-14,157300,158000,155700,157300,858853,42.88
2024-08-16,159200,159200,157000,157500,825934,42.78
2024-08-19,157900,159300,156600,156600,548046,43.17
2024-08-20,157900,158900,156500,156600,541953,43.09
2024-08-21,156700,157500,155600,156400,464862,43.05
2024-08-22,157200,164700,157100,164700,1616355,43.18
2024-08-23,164300,165400,163300,164900,589333,43.15
2024-08-26,165600,172200,164500,170700,1277462,43.28
2024-08-27,170900,171900,167900,167900,628385,43.2
2024-08-28,168000,168500,163600,163800,781672,43.09
2024-08-29,162800,165900,162100,164900,448071,43.08
2024-08-30,165500,170300,165200,169100,950399,43.09
2024-09-02,169100,169100,164900,166600,505605,43.04
2024-09-03,167200,169700,165300,165300,536586,43.02
2024-09-04,160300,162600,156700,157500,1217431,42.82
2024-09-05,158300,161800,158000,159800,830603,42.84
2024-09-06,160200,160600,157100,157200,649137,42.76
2024-09-09,153800,155500,152500,155000,612322,42.66
2024-09-10,156500,159100,156400,159000,956903,42.74
2024-09-11,157200,160300,155900,156400,425569,42.69
2024-09-12,157600,160000,156600,160000,586471,42.71
2024-09-13,159900,160400,158900,160100,352083,42.72
2024-09-19,161900,162600,159500,160600,606948,42.64
2024-09-20,162000,165400,159700,159900,780267,42.59
2024-09-23,160700,166700,159900,166700,951074,42.76
2024-09-24,166600,168000,164100,168000,661159,42.76
2024-09-25,169200,169800,166100,166200,676074,42.95
2024-09-26,167100,170900,167100,170900,700659,43.28
2024-09-27,170900,171400,168600,170400,844604,43.25
2024-09-30,174000,177300,169400,169400,1947054,43.15
2024-10-02,168200,171100,168100,168200,940787,43.09
2024-10-04,169300,171900,168200,170700,1171102,43.03
2024-10-07,171800,171900,165800,166100,1084682,42.8
2024-10-08,166500,167400,165100,166200,893907,42.73
2024-10-10,167900,174700,167800,172400,1408359,42.98
2024-10-11,172900,173500,171200,173300,576782,42.93
2024-10-14,173300,174300,169900,171400,677634,42.8
2024-10-15,172400,175700,172400,175200,1056877,42.84
2024-10-16,173900,177700,173300,177000,864891,42.85
2024-10-17,177000,177700,175000,175000,571148,42.76
2024-10-18,176500,177600,175400,176800,570513,42.78
2024-10-21,176800,179200,176200,176800,537952,42.8
2024-10-22,176900,177100,170800,171200,765563,42.75
2024-10-23,172000,174600,170800,172500,589358,42.76
2024-10-24,172100,173400,170800,172100,384523,42.74
2024-10-25,172100,172900,167100,167800,627017,42.72
2024-10-28,167800,170700,167800,170400,319943,42.73
2024-10-29,170400,171800,166700,169200,352478,42.72
2024-10-30,170600,175300,170500,174400,716996,42.84
2024-10-31,172100,174800,169700,170000,485411,42.77
2024-11-01,169000,170800,168500,169700,244187,42.78
2024-11-04,170200,175900,170100,175700,697688,42.97
2024-11-05,174000,177100,173700,176500,346402,43.01
2024-11-06,176700,177400,174100,176300,432475,43.05
2024-11-07,175900,179700,174600,179700,675120,43.11
2024-11-08,182600,182800,173700,174600,1233287,43.06
2024-11-11,174600,177000,171500,176000,654961,43.12
2024-11-12,175700,182800,175700,181400,1708052,43.45
2024-11-13,181400,184100,179700,182200,1224589,43.61
2024-11-14,183800,190500,183000,188500,2172828,44.11
2024-11-15,190500,191900,188100,190000,1153043,44.33
2024-11-18,191000,191800,189300,190800,760104,44.43
2024-11-19,190300,194200,190200,193000,964416,44.54
2024-11-20,193500,194000,191300,193100,693589,44.63
2024-11-21,192600,192700,188900,189700,887174,44.7
2024-11-22,189600,190800,187400,190000,759493,45.44
2024-11-25,190100,193200,187400,193200,2335917,45.61
2024-11-26,192200,196000,192200,195600,995917,45.71
2024-11-27,196800,205000,196200,203000,2305266,45.97
2024-11-28,204000,208000,202000,204500,1341153,46.03
2024-11-29,204500,209000,201500,206500,1243799,46.16
2024-12-02,208500,210500,203000,203500,1220401,46.25
2024-12-03,207500,210000,204500,209000,1101247,46.38
2024-12-04,205000,209000,200500,202500,1758995,46.43
2024-12-05,204500,208000,203000,204000,1438398,46.49
2024-12-06,204000,206000,197300,204500,1336764,46.6
2024-12-09,200500,204000,200500,201500,1206493,46.71
2024-12-10,204500,209000,203000,209000,905766,46.8
2024-12-11,209000,218000,208500,218000,1547595,46.97
2024-12-12,219000,220000,206000,208000,2167932,46.94
2024-12-13,209000,212000,205000,210000,1102386,46.99
2024-12-16,213500,218000,211500,214000,945545,47.04
2024-12-17,214500,215000,209000,209500,895923,47.05
2024-12-18,209500,215000,209500,212500,663879,47.11
2024-12-19,208500,211500,207500,209500,640399,47.14
2024-12-20,211000,213000,208500,210000,775746,47.17
2024-12-23,212500,213000,200000,201000,1169871,47.17
2024-12-24,200500,204000,200500,202500,557658,46.95
2024-12-26,202500,203000,197000,199900,645976,46.95
2024-12-27,198700,200500,195500,197700,689235,47.02
2024-12-30,196800,201500,196400,198900,577293,47.06
2025-01-02,199500,202000,191700,193800,698458,47.05
2025-01-03,193200,202000,193200,200500,798480,47.11
2025-01-06,200500,208500,200500,208500,770359,47.2
2025-01-07,210000,213000,207000,208000,603701,47.24
2025-01-08,206500,210000,206000,207000,523637,47.29
2025-01-09,208500,210000,201000,202500,777551,47.3
2025-01-10,203000,204500,201000,202000,441863,47.29
2025-01-13,201000,205000,200000,204000,543782,47.34
2025-01-14,204000,205500,202000,202000,499095,47.35
2025-01-15,203000,207000,202000,206500,678808,47.43
2025-01-16,210000,211000,205000,206500,642605,47.41
2025-01-17,206000,210000,203500,209000,701799,47.48
2025-01-20,209000,209500,204500,205000,398841,47.47
2025-01-21,205000,208000,203000,204500,357682,47.47
2025-01-22,207000,211500,204000,204000,555170,47.51
2025-01-23,206000,207500,204000,204500,487301,47.57
2025-01-24,205500,209000,203500,204000,419464,47.56
2025-01-31,208500,218500,208500,216500,1964710,47.84
2025-02-03,217500,219500,213500,217000,1410072,47.72
2025-02-04,220000,224000,217000,218500,1432688,47.75
2025-02-05,222500,232000,219000,229000,2336982,48.05
2025-02-06,229500,232000,223500,232000,1718369,47.98
2025-02-07,235500,235500,223000,225500,1908836,48.09
2025-02-10,229500,232000,227000,227500,1234703,48.14
2025-02-11,227500,231500,225500,228500,808905,48.19
2025-02-12,230000,230500,222500,225000,945298,48.23
2025-02-13,225000,226000,218000,220000,1028493,48.24
2025-02-14,222000,224500,220000,221000,574538,48.25
2025-02-17,221500,224000,219500,221000,615576,48.24
2025-02-18,221500,223000,218000,222500,630070,48.29
2025-02-19,222500,224000,220000,222000,569222,48.25
2025-02-20,221000,225500,218500,221500,614258,48.22
2025-02-21,222500,228000,222000,226500,821558,48.32
2025-02-24,224000,228000,224000,228000,526842,48.42
2025-02-25,226000,230000,224500,228500,622624,48.57
2025-02-26,228500,232000,227500,231500,708250,48.66
2025-02-27,230500,230500,218000,219000,1125911,48.49
2025-02-28,214500,217000,206500,207000,1660981,48.49
2025-03-04,205000,210000,204500,205500,673266,48.52
2025-03-05,210500,212000,205500,207500,761832,48.47
2025-03-06,208500,220000,207500,219000,998317,48.56
2025-03-07,216000,216500,213000,213000,630434,48.49
2025-03-10,211500,217000,210500,215000,542653,48.51
2025-03-11,205500,214500,205000,212500,586599,48.57
2025-03-12,212500,215500,211000,214000,409913,48.62
2025-03-13,217500,219500,213000,216000,622944,48.57
2025-03-14,215500,216500,208000,208000,519114,48.49
2025-03-17,210000,211000,207500,211000,481843,48.5
2025-03-18,211000,214000,208000,209000,669726,48.52
2025-03-19,208000,211500,207500,208000,710932,48.51
2025-03-20,210000,210000,207500,208000,593445,48.58
2025-03-21,209500,210500,206000,209500,685909,48.66
2025-03-24,209500,210500,206000,207000,354434,48.72
2025-03-25,208500,209000,206500,207500,365297,48.76
2025-03-26,207500,208500,203000,204000,790441,48.69
2025-03-27,201000,203000,196500,197800,1501086,48.62
2025-03-28,197600,197700,193900,194700,700564,48.64
2025-03-31,191400,192100,189200,191000,668750,48.66
2025-04-01,191600,198000,191600,196700,485068,48.67
2025-04-02,197600,197800,194200,195600,461848,48.64
2025-04-03,190900,199600,190800,198600,577896,48.66
2025-04-04,196700,202500,194100,197800,672143,48.61
2025-04-07,192400,195200,189300,191800,597627,48.63
2025-04-08,192100,193000,179200,179600,1366603,48.56
2025-04-09,179000,181300,176200,176900,621304,48.61
2025-04-10,184200,184600,179800,183900,656557,48.53
2025-04-11,180200,184100,180100,183000,569473,48.53
2025-04-14,183000,185100,182500,182700,391419,48.51
2025-04-15,184800,186400,183700,183900,345595,48.48
2025-04-16,183900,186300,183000,184400,427131,48.53
2025-04-17,184800,185400,182100,183600,237641,48.51
2025-04-18,184700,187900,184000,187500,287707,48.54
2025-04-21,189100,190800,187200,187500,246628,48.52
2025-04-22,187200,195700,186000,193700,645159,48.55
2025-04-23,196000,196300,192600,192900,391879,48.54
2025-04-24,192600,193800,190400,191500,417055,48.49
2025-04-25,193400,195100,192200,193500,391764,48.58
2025-04-28,194300,196500,192700,195500,313415,48.56
2025-04-29,195500,197400,193700,196500,325432,48.58
2025-04-30,196200,200500,195800,200500,523186,48.67
2025-05-02,199800,200500,197300,197400,280801,48.65
2025-05-07,200000,202000,198200,199100,622014,48.69
2025-05-08,195100,196600,188500,188700,1199556,48.57
2025-05-09,190000,192100,189500,191000,558440,48.64
2025-05-12,192800,194300,189700,190200,437578,48.62
2025-05-13,190000,191000,187600,188200,680047,48.58
2025-05-14,189900,191400,188900,191200,363846,48.66
2025-05-15,189800,190300,188200,189200,355097,48.68
2025-05-16,189100,189700,187500,187800,285272,48.66
2025-05-19,187600,188200,184500,185400,262018,48.62
2025-05-20,185800,186500,184000,185000,293512,48.56
2025-05-21,185900,186500,184600,184800,382117,48.56
2025-05-22,183200,184500,181100,183200,469433,48.59
2025-05-23,184100,185300,182800,183100,257074,48.63
2025-05-26,183100,188000,181800,188000,472314,48.67
2025-05-27,186200,186900,183000,183800,668670,48.56
2025-05-28,184600,189000,184100,187700,727369,48.6
2025-05-29,189300,190600,187700,189300,649059,48.53
2025-05-30,188700,188800,186100,187500,989028,48.51
2025-06-02,185800,188300,185700,186500,408085,48.44
2025-06-04,189000,189100,185500,185500,817069,48.52
2025-06-05,186300,192000,186300,191200,911249,48.54
2025-06-09,195400,202500,192300,198500,1407038,48.5
2025-06-10,204000,204000,196800,200000,911907,48.48
2025-06-11,200500,202000,198900,201000,512085,48.49
2025-06-12,199500,201500,198900,198900,624703,48.56
2025-06-13,203500,206000,197400,200500,1050533,48.62
2025-06-16,211000,211500,202000,209500,1159906,48.5
2025-06-17,212000,213000,204000,206500,837169,48.5
2025-06-18,204500,244500,204000,243500,5706879,48.99
2025-06-19,254500,259000,248500,252000,3810468,48.84
2025-06-20,249000,269500,245000,269500,4889308,48.85
2025-06-23,276500,295000,270000,290000,5050411,48.22
2025-06-24,288500,292500,277500,290500,4326501,47.21
2025-06-25,282500,286500,276000,283500,2862461,46.81
2025-06-26,270000,275000,254000,261000,4314779,46.47
2025-06-27,263500,265000,252000,257500,2316733,46.2
2025-06-30,257000,268000,255500,262500,2219752,45.92
2025-07-01,264000,269000,260000,262000,1791173,45.72
2025-07-02,263000,263500,250000,252000,1870730,45.65
2025-07-03,250500,260000,249500,253000,1207730,45.56
2025-07-04,252500,254500,247500,249000,874760,45.46
2025-07-07,248500,260500,248500,256000,1175356,45.45
2025-07-08,261500,263000,255000,258000,903743,45.39
2025-07-09,258500,258500,251000,254000,952460,45.32
2025-07-10,255500,265000,251000,259500,1754234,45.28
2025-07-11,261000,261500,253000,253000,1249355,45.02
2025-07-14,252000,252500,244000,249000,1205192,45.03
2025-07-15,247500,253000,247000,249500,791762,44.88
2025-07-16,251000,255500,249000,250000,785410,44.82
2025-07-17,254000,255000,242500,243500,1262077,44.59
2025-07-18,243500,245000,240000,242000,703602,44.61
2025-07-21,241500,245500,240000,240000,674282,44.64
2025-07-22,241500,242000,234500,235000,930384,44.66
2025-07-23,236000,237500,229500,231500,719824,44.56
2025-07-24,233000,234500,225000,227000,1177878,44.38
2025-07-25,226500,236000,225000,234500,1202489,44.17
2025-07-28,236000,237000,232000,235500,600063,44.04
2025-07-29,235500,240000,232000,233000,928345,43.91
2025-07-30,233500,240000,233500,234000,768748,43.86
2025-07-31,235000,236500,232500,235000,521064,43.84
2025-08-01,232500,233000,224000,225000,827729,43.82
2025-08-04,225500,239500,225000,232500,1276649,43.72
2025-08-05,236000,236500,229000,232000,683813,43.61
2025-08-06,236500,236500,226000,228500,1076418,43.35
2025-08-07,230000,235500,228000,235500,1019496,43.24
2025-08-08,241000,241500,228500,229500,1638049,42.8
2025-08-11,229500,230000,222500,223000,1264837,42.52
2025-08-12,223500,228000,223000,223000,743541,42.49
2025-08-13,225500,226000,221500,225000,1017399,42.41
2025-08-14,228500,233500,224000,224500,1165222,42.28
2025-08-18,224500,228500,223500,226000,479724,42.3
2025-08-19,228000,228500,223000,225500,419214,42.28
2025-08-20,221500,224000,219500,221500,507825,42.23
2025-08-21,222000,226500,222000,223000,463923,42.25
2025-08-22,224000,227000,221000,222000,543978,42.16
2025-08-25,224500,225500,221500,225500,564999,42.11
2025-08-26,224000,224500,221000,221000,685341,42.04
2025-08-27,222000,222000,216500,218000,691579,41.97
2025-08-28,217500,218500,215000,217500,663919,42.41
2025-08-29,217500,218000,214000,214500,750586,42.3
2025-09-01,211500,216500,210500,215500,634984,42.22
2025-09-02,216000,229000,216000,225000,1790972,42.21
2025-09-03,224500,225000,220000,221000,711207,41.97
2025-09-04,221500,229500,221500,227000,971838,41.95
2025-09-05,227500,230500,225500,229000,941824,41.95
2025-09-08,228500,229500,226000,228000,716688,41.9
2025-09-09,228500,233000,226000,231000,929473,41.91
2025-09-10,232000,234500,230500,233500,915806,41.89
2025-09-11,234500,236000,231500,233000,808213,41.9
2025-09-12,234500,239000,232500,236000,1191699,41.99
2025-09-15,236000,236000,231500,234000,710904,41.97
2025-09-16,239500,241000,234500,235000,923864,41.86
2025-09-17,233500,235000,229500,233500,2083776,41.94
2025-09-18,235000,238500,233500,238500,1004507,42.02
2025-09-19,239000,240000,233500,234000,1585243,41.68
2025-09-22,234000,235000,229000,232000,1004689,41.59
2025-09-23,232000,235500,230000,231000,735957,41.54
2025-09-24,231000,233500,224500,228000,982181,41.52
2025-09-25,226500,257000,225500,254000,8314576,41.15
2025-09-26,251500,262000,250000,256500,4597910,40.94
2025-09-29,268500,278500,266000,274500,3486022,41.05
2025-09-30,279000,279500,265500,268500,2764865,40.96
2025-10-01,267000,268500,253000,254500,3385774,40.82
2025-10-02,255500,258000,250500,253000,2205648,40.79
2025-10-10,256500,275000,255500,267500,3490894,41.02
2025-10-13,258000,266500,258000,262500,1454859,41.0
2025-10-14,262000,270500,257000,258000,2072061,41.03
2025-10-15,260500,261000,255000,258500,1438737,40.79
2025-10-16,257500,270000,255500,260500,2154638,40.73
2025-10-17,260000,260500,254000,255500,1478832,40.72
2025-10-20,255000,262500,250000,258000,1527621,40.77
2025-10-21,260000,260500,254000,254500,1321294,40.59
2025-10-22,254000,256500,247000,255500,1076507,40.67
2025-10-23,251500,251500,242000,242500,2033710,40.32
2025-10-24,245000,248500,242500,247000,1005395,40.33
2025-10-27,245000,251500,242000,251000,1317125,40.43
2025-10-28,250500,255000,248000,253000,908952,40.42
2025-10-29,255000,268500,253500,265000,2466385,40.52
2025-10-30,267000,267000,254500,255500,1393179,40.32
2025-10-31,263000,273500,261000,267500,2861914,40.38
2025-11-03,283500,287500,271500,274500,2760215,40.12
2025-11-04,272500,274000,267000,267000,1325780,39.98
2025-11-05,269000,280000,256500,278500,3470467,39.78
2025-11-06,281500,282000,264000,264000,2287056,39.55
2025-11-07,256000,267000,256000,260000,1648859,39.67
2025-11-10,263500,264000,258000,260000,974635,39.54
2025-11-11,261500,270500,261000,263000,1341337,39.67
2025-11-12,265500,265500,262000,263500,600486,39.67
2025-11-13,262500,266000,258500,265500,724253,39.66
2025-11-14,258000,260000,253000,253500,923411,39.55
2025-11-17,256500,257000,254000,255000,507818,39.58
2025-11-18,251500,260500,248500,249000,959645,39.63
2025-11-19,250500,251000,243000,248500,570754,39.64
2025-11-20,260000,263000,254500,257000,970537,39.68
2025-11-21,251000,265000,249500,262500,1278706,39.69
2025-11-24,267500,269500,259000,261000,1673646,39.56
2025-11-25,262500,262500,250500,253000,1218659,39.37
2025-11-26,255000,264500,252000,263500,944519,39.48
2025-11-27,259500,261500,250500,251500,2028550,39.16
2025-11-28,253500,254000,243500,244000,1580887,38.89
2025-12-01,246500,247500,242500,243000,666662,38.8
2025-12-02,243000,245000,241500,243000,618439,38.73
2025-12-03,246500,248500,245500,246500,630018,38.77
2025-12-04,245500,248500,244500,247000,487370,38.76
2025-12-05,247500,250000,246000,249500,575298,38.78
2025-12-08,250500,250500,247000,249000,466382,38.78
2025-12-09,248000,248500,246000,248000,497708,38.8
2025-12-10,248000,248000,244000,244500,654772,38.72
2025-12-11,245500,246000,241000,243500,1056918,38.7
2025-12-12,243000,245000,241500,244500,485052,38.75
2025-12-15,241500,244000,240000,240500,522965,38.73
2025-12-16,240500,240500,231000,231500,1520556,38.57
2025-12-17,233000,233000,229500,231000,769339,38.45
2025-12-18,227500,233250,226500,230500,744015,38.37
2025-12-19,232500,235500,231500,235500,1487738,38.46
2025-12-22,238500,239000,236500,238000,610805,38.44
2025-12-23,238000,238500,235500,237000,689469,38.46
2025-12-24,237000,238000,234500,236500,640875,38.54
2025-12-26,236500,237500,231000,231500,738058,38.51
2025-12-29,231500,242500,231500,242000,1067392,38.66
2025-12-30,241000,244500,239000,242500,652269,38.72
2026-01-02,243500,249000,238000,247000,1362199,38.81
2026-01-05,248500,251000,247000,249500,1011640,38.89
2026-01-06,249500,262500,248000,260000,2462129,39.32
2026-01-07,258000,258000,246500,252500,1886634,39.16
2026-01-08,249500,258000,245000,251000,1311262,39.18
2026-01-09,253000,256500,250500,254000,918991,39.26
2026-01-12,256000,258500,249000,255500,1328415,39.34
2026-01-13,259000,264500,256500,264500,1671879,39.68
2026-01-14,268000,270000,255500,259500,1574617,39.48
2026-01-15,257000,263500,244000,247500,2397110,39.55
2026-01-16,248500,248500,243500,245500,1898586,39.48
2026-01-19,242000,243500,237500,238000,1689244,39.26
2026-01-20,241500,244500,240500,244000,1205903,39.35
2026-01-21,239500,242500,238000,238500,1022540,39.24
2026-01-22,242000,247500,239500,245500,1341056,39.38
2026-01-23,248000,269500,246500,266000,5042292,40.0
2026-01-26,274000,276500,265000,272500,2706664,40.12
2026-01-27,270500,292000,270000,281500,4948006,40.43
2026-01-28,285000,285500,271000,277500,2822531,40.61
2026-01-29,276000,290500,275000,287000,2812259,40.85
2026-01-30,285500,285500,274500,275000,1819960,40.73
2026-02-02,270000,278500,265000,268000,1862631,41.0
2026-02-03,274500,274500,265000,269000,1894227,40.7
2026-02-04,266000,267000,260000,264500,1700411,40.54
2026-02-05,262500,264500,255500,257000,1551427,40.33
2026-02-06,251000,254000,244000,249000,1919017,40.17
2026-02-09,253500,254500,248000,250000,1426634,39.96
2026-02-10,254000,259000,252000,254000,1475536,39.86
2026-02-11,258500,261000,255000,257500,1133876,39.79
2026-02-12,261500,262000,255500,255500,1404228,39.74
2026-02-13,254000,257500,250000,252500,820046,39.75
2026-02-19,254500,255000,252000,253000,806208,39.62
2026-02-20,254500,260000,254000,254500,948594,39.57
2026-02-23,257500,262000,255000,255500,747019,39.52
2026-02-24,256500,256500,254000,255000,652490,39.45
2026-02-25,255500,256000,251000,253000,937503,39.39
2026-02-26,258500,267000,258000,260500,1890166,39.44
2026-02-27,261000,261500,254500,254500,1259511,39.14
2026-03-03,250500,252000,236000,236000,1507045,38.93
2026-03-04,225500,231000,207500,208000,2051989,39.12
2026-03-05,224000,227500,218000,220000,1671549,38.83
2026-03-06,216000,225500,216000,222500,1042652,38.82
2026-03-09,209500,218500,207000,218500,940462,38.99
2026-03-10,226500,227000,218000,220500,935756,38.77
2026-03-11,227000,230000,221000,222000,757145,38.77
2026-03-12,223500,225500,220500,222000,700973,38.68
2026-03-13,216500,224000,216000,223000,706127,38.63
2026-03-16,222000,222500,216000,218000,531797,38.54
2026-03-17,221500,227500,220500,224000,614390,38.64
2026-03-18,228500,228500,225000,226500,687521,38.53
2026-03-19,221500,222500,220000,220500,474188,38.47
2026-03-20,222000,224500,220000,221500,673277,38.48
2026-03-23,215500,215500,208500,209000,692498,38.45
2026-03-24,215500,217000,209000,213500,468548,38.44
2026-03-25,216500,218000,214000,215500,465850,38.37
2026-03-26,216500,218500,211000,211500,414907,38.39
2026-03-27,208000,213000,206000,212500,439328,38.47
2026-03-30,205500,208500,204000,207000,379513,38.45
2026-03-31,202500,205500,200000,201500,890860,38.47
2026-04-01,208500,212000,205500,210000,575814,38.46
2026-04-02,211500,212000,194600,195800,1464904,38.07
2026-04-03,198900,200000,196600,197500,659137,38.19
2026-04-06,197100,199400,194200,196800,717180,38.22
2026-04-07,197200,202000,195100,195900,668729,38.22
2026-04-08,202500,204000,200000,201500,699966,38.16
2026-04-09,200000,206500,198600,201500,1258361,37.95
2026-04-10,202500,205000,201000,202000,525142,38.0
2026-04-13,197700,199500,196800,199000,514728,37.99
2026-04-14,203500,206500,201000,201500,623470,37.99
2026-04-15,206000,214500,205000,211000,992297,38.02
2026-04-16,219500,220000,216500,218500,752603,37.97
2026-04-17,218500,219000,214500,216500,1121630,37.85
2026-04-20,216000,217500,212500,213500,457862,37.82
2026-04-21,215000,215500,211500,214000,545889,37.75
2026-04-22,215000,216000,212500,214000,364648,37.76
2026-04-23,220500,221000,213000,217500,800536,37.66
2026-04-24,216000,216500,213000,214000,476096,37.55
2026-04-27,216000,218500,215000,215000,458738,37.53
2026-04-28,215500,223500,215000,219500,758420,37.58
2026-04-29,223000,227500,219000,220000,673160,37.46
2026-04-30,223000,223000,210500,211000,1387029,37.02
2026-05-04,213500,213500,208000,209000,875803,36.92
2026-05-06,210500,213000,207500,208000,839509,36.9
2026-05-07,209000,214000,206000,207500,1014658,36.9
2026-05-08,210000,219000,209000,215000,1542717,37.11
2026-05-11,215500,216000,210000,211500,780013,37.04
2026-05-12,213000,213000,200500,204000,991427,36.98
2026-05-13,206000,206500,198600,201500,904464,36.82
2026-05-14,204000,216000,203500,213000,1601442,36.94
2026-05-15,215000,216500,201000,203500,997805,37.03
2026-05-18,203000,203500,196700,200000,890762,36.91
2026-05-19,200500,206250,195100,198100,950434,36.73
2026-05-20,198100,200000,190800,191500,992090,36.69
2026-05-21,194600,202000,194600,199500,869601,36.77
2026-05-22,201500,207000,199300,203000,751620,36.71
2026-05-26,205500,207000,199900,200000,580181,36.63
2026-05-27,199800,202000,197300,198800,912403,36.77
2026-05-28,202000,213000,195800,205000,1978430,36.71
2026-05-29,211500,247500,211000,234000,7569228,36.94
2026-06-01,251000,304000,244500,271500,14505895,35.95
2026-06-02,285000,289500,244000,280500,9275907,35.0
2026-06-04,267500,275000,255000,267500,3324373,34.69
2026-06-05,254500,266500,245000,255500,3143220,34.62
2026-06-08,239500,294000,238500,279000,10148390,34.91
2026-06-09,286000,288500,243000,257000,6918079,34.55
2026-06-10,245000,253500,222000,227000,3562725,34.51
2026-06-11,218500,228500,218500,224000,2218764,34.4
2026-06-12,232000,263000,231000,247000,5215884,35.1
2026-06-15,256000,257500,245500,248000,2001006,34.92
2026-06-16,255000,265500,239500,242000,2480043,34.91
2026-06-17,239500,247500,234500,243500,1156913,35.01
2026-06-18,241000,241000,234000,235000,1322859,35.05
2026-06-19,236500,245500,224000,229500,2109401,35.26
2026-06-22,230000,231000,222000,222000,866623,35.25
2026-06-23,219000,220000,201500,202500,1683494,35.14
2026-06-24,203000,204000,195900,199400,1455973,34.8
2026-06-25,202500,208000,199500,199700,1024898,34.84
2026-06-26,200500,201000,190300,196400,1473699,34.83
2026-06-29,198300,206000,191700,204000,1093200,34.92
2026-06-30,205000,205500,198700,199000,822445,34.66
