date,open,high,low,close,volume,foreign_ownership_ratio
2016-07-01,18501,18945,18501,18701,1223538,8.65
2016-07-04,18612,19100,18567,19034,1390086,8.72
2016-07-05,19056,19234,18901,19012,959530,8.72
2016-07-06,19012,19767,18590,18812,2063929,8.83
2016-07-07,18745,19567,18745,19100,1651247,8.9
2016-07-08,19100,19167,18656,18901,1444303,8.85
2016-07-11,18967,19678,18901,19300,1416185,8.96
2016-07-12,19522,19678,19234,19411,1088073,9.0
2016-07-13,19456,20544,19434,20033,4007176,9.08
2016-07-14,19878,20167,19478,19900,2059260,9.13
2016-07-15,19900,19900,19900,19900,0,9.14
2016-07-18,19900,19900,19900,19900,0,9.14
2016-07-19,19900,19900,19900,19900,0,9.14
2016-07-20,19900,19900,19900,19900,0,9.12
2016-07-21,19900,19900,19900,19900,0,9.12
2016-07-22,19900,19900,19900,19900,0,9.15
2016-07-25,19900,19900,19900,19900,0,9.15
2016-07-26,19900,19900,19900,19900,0,9.15
2016-07-27,19900,19900,19900,19900,0,9.15
2016-07-28,19900,19900,19900,19900,0,9.07
2016-07-29,19900,19900,19900,19900,0,9.06
2016-08-01,19900,19900,19900,19900,0,9.14
2016-08-02,19900,19900,19900,19900,0,9.14
2016-08-03,19900,19900,19900,19900,0,9.13
2016-08-04,19900,19900,19900,19900,0,9.1
2016-08-05,19900,19900,19900,19900,0,9.1
2016-08-08,19900,19900,19900,19900,0,9.1
2016-08-09,19900,19900,19900,19900,0,9.09
2016-08-10,19900,19900,19900,19900,0,9.03
2016-08-11,19900,19900,19900,19900,0,9.03
2016-08-12,19900,19900,19900,19900,0,9.03
2016-08-16,19900,19900,19900,19900,0,9.03
2016-08-17,19900,19900,19900,19900,0,9.12
2016-08-18,19900,19900,19900,19900,0,9.12
2016-08-19,19900,19900,19900,19900,0,9.12
2016-08-22,19900,19900,19900,19900,0,9.12
2016-08-23,19900,19900,19900,19900,0,9.11
2016-08-24,19900,19900,19900,19900,0,9.11
2016-08-25,19900,19900,19900,19900,0,9.1
2016-08-26,19900,19900,19900,19900,0,9.1
2016-08-29,19900,19900,19900,19900,0,9.11
2016-08-30,19900,19900,19900,19900,0,9.1
2016-08-31,19900,19900,19900,19900,0,9.12
2016-09-01,19900,19900,19900,19900,0,9.12
2016-09-02,19900,19900,19900,19900,0,9.12
2016-09-05,19900,19900,19900,19900,0,9.12
2016-09-06,19900,19900,19900,19900,0,9.12
2016-09-07,19900,19900,19900,19900,0,9.12
2016-09-08,19900,19900,19900,19900,0,9.12
2016-09-09,19900,19900,19900,19900,0,9.12
2016-09-12,19900,19900,19900,19900,0,9.12
2016-09-13,19900,19900,19900,19900,0,9.12
2016-09-19,19900,19900,19900,19900,0,9.12
2016-09-20,19900,19900,19900,19900,0,9.11
2016-09-21,19900,19900,19900,19900,0,9.11
2016-09-22,19900,19900,19900,19900,0,9.11
2016-09-23,19900,19900,19900,19900,0,9.11
2016-09-26,19900,19900,19900,19900,0,9.11
2016-09-27,19900,19900,19900,19900,0,9.11
2016-09-28,19900,19900,19900,19900,0,9.11
2016-09-29,19900,19900,19900,19900,0,9.11
2016-09-30,19900,19900,19900,19900,0,9.15
2016-10-04,19900,19900,19900,19900,0,9.15
2016-10-05,19900,19900,19900,19900,0,9.15
2016-10-06,19900,19900,19900,19900,0,9.15
2016-10-07,19900,19900,19900,19900,0,9.06
2016-10-10,19900,19900,19900,19900,0,9.01
2016-10-11,19900,19900,19900,19900,0,9.01
2016-10-12,19900,19900,19900,19900,0,9.01
2016-10-13,19900,19900,19900,19900,0,9.01
2016-10-14,19900,19900,19900,19900,0,9.01
2016-10-17,19900,19900,19900,19900,0,9.01
2016-10-18,19900,19900,19900,19900,0,9.01
2016-10-19,19900,19900,19900,19900,0,9.01
2016-10-20,19900,19900,19900,19900,0,9.03
2016-10-21,19900,19900,19900,19900,0,9.03
2016-10-24,19900,19900,19900,19900,0,9.02
2016-10-25,19900,19900,19900,19900,0,9.02
2016-10-26,19900,19900,19900,19900,0,9.02
2016-10-27,19900,19900,19900,19900,0,9.02
2016-10-28,19900,19900,19900,19900,0,9.02
2016-10-31,19900,19900,19900,19900,0,9.02
2016-11-01,19900,19900,19900,19900,0,9.02
2016-11-02,19900,19900,19900,19900,0,9.03
2016-11-03,19900,19900,19900,19900,0,9.02
2016-11-04,19900,19900,19900,19900,0,9.02
2016-11-07,19900,19900,19900,19900,0,9.02
2016-11-08,19900,19900,19900,19900,0,9.02
2016-11-09,19900,19900,19900,19900,0,9.02
2016-11-10,19900,19900,19900,19900,0,9.02
2016-11-11,19900,19900,19900,19900,0,9.02
2016-11-14,19900,19900,19900,19900,0,9.02
2016-11-15,19900,19900,19900,19900,0,9.02
2016-11-16,19900,19900,19900,19900,0,9.02
2016-11-17,19900,19900,19900,19900,0,9.02
2016-11-18,19900,19900,19900,19900,0,9.02
2016-11-21,19900,19900,19900,19900,0,9.02
2016-11-22,19900,19900,19900,19900,0,9.02
2016-11-23,19900,19900,19900,19900,0,9.02
2016-11-24,19900,19900,19900,19900,0,9.02
2016-11-25,19900,19900,19900,19900,0,9.02
2016-11-28,19900,19900,19900,19900,0,9.0
2016-11-29,19900,19900,19900,19900,0,8.97
2016-11-30,19900,19900,19900,19900,0,8.97
2016-12-01,19900,19900,19900,19900,0,8.97
2016-12-02,19900,19900,19900,19900,0,8.97
2016-12-05,19900,19900,19900,19900,0,8.97
2016-12-06,19900,19900,19900,19900,0,8.96
2016-12-07,19900,19900,19900,19900,0,8.96
2016-12-08,19900,19900,19900,19900,0,8.96
2016-12-09,19900,19900,19900,19900,0,8.91
2016-12-12,19900,19900,19900,19900,0,8.91
2016-12-13,19900,19900,19900,19900,0,8.91
2016-12-14,19900,19900,19900,19900,0,8.91
2016-12-15,19900,19900,19900,19900,0,8.91
2016-12-16,19900,19900,19900,19900,0,8.91
2016-12-19,19900,19900,19900,19900,0,8.91
2016-12-20,19900,19900,19900,19900,0,8.91
2016-12-21,19900,19900,19900,19900,0,8.91
2016-12-22,19900,19900,19900,19900,0,8.91
2016-12-23,19900,19900,19900,19900,0,8.91
2016-12-26,19900,19900,19900,19900,0,8.91
2016-12-27,19900,19900,19900,19900,0,8.91
2016-12-28,19900,19900,19900,19900,0,8.91
2016-12-29,19900,19900,19900,19900,0,8.91
2017-01-02,19900,19900,19900,19900,0,8.91
2017-01-03,19900,19900,19900,19900,0,8.91
2017-01-04,19900,19900,19900,19900,0,8.91
2017-01-05,19900,19900,19900,19900,0,8.91
2017-01-06,19900,19900,19900,19900,0,8.91
2017-01-09,19900,19900,19900,19900,0,8.91
2017-01-10,19900,19900,19900,19900,0,8.91
2017-01-11,19900,19900,19900,19900,0,8.91
2017-01-12,19900,19900,19900,19900,0,8.91
2017-01-13,19900,19900,19900,19900,0,11.47
2017-01-16,19900,19900,19900,19900,0,11.47
2017-01-17,19900,19900,19900,19900,0,3.73
2017-01-18,19900,19900,19900,19900,0,3.73
2017-01-19,19900,19900,19900,19900,0,3.73
2017-01-20,19900,19900,19900,19900,0,3.73
2017-01-23,19900,19900,19900,19900,0,3.73
2017-01-24,19900,19900,19900,19900,0,3.73
2017-01-25,19900,19900,19900,19900,0,3.73
2017-01-26,19900,19900,19900,19900,0,3.73
2017-01-31,19900,19900,19900,19900,0,3.73
2017-02-01,19900,19900,19900,19900,0,3.73
2017-02-02,19900,19900,19900,19900,0,3.73
2017-02-03,19900,19900,19900,19900,0,3.77
2017-02-06,19900,19900,19900,19900,0,3.77
2017-02-07,19900,19900,19900,19900,0,3.77
2017-02-08,19900,19900,19900,19900,0,3.77
2017-02-09,19900,19900,19900,19900,0,3.77
2017-02-10,19900,19900,19900,19900,0,3.77
2017-02-13,19900,19900,19900,19900,0,3.77
2017-02-14,19900,19900,19900,19900,0,3.77
2017-02-15,19900,19900,19900,19900,0,3.77
2017-02-16,19900,19900,19900,19900,0,3.77
2017-02-17,19900,19900,19900,19900,0,3.77
2017-02-20,19900,19900,19900,19900,0,3.77
2017-02-21,19900,19900,19900,19900,0,3.77
2017-02-22,19900,19900,19900,19900,0,3.77
2017-02-23,19900,19900,19900,19900,0,3.77
2017-02-24,19900,19900,19900,19900,0,3.77
2017-02-27,19900,19900,19900,19900,0,3.77
2017-02-28,19900,19900,19900,19900,0,3.77
2017-03-02,19900,19900,19900,19900,0,3.77
2017-03-03,19900,19900,19900,19900,0,3.77
2017-03-06,19900,19900,19900,19900,0,3.77
2017-03-07,19900,19900,19900,19900,0,3.77
2017-03-08,19900,19900,19900,19900,0,3.77
2017-03-09,19900,19900,19900,19900,0,3.77
2017-03-10,19900,19900,19900,19900,0,3.77
2017-03-13,19900,19900,19900,19900,0,3.77
2017-03-14,19900,19900,19900,19900,0,3.77
2017-03-15,19900,19900,19900,19900,0,3.77
2017-03-16,19900,19900,19900,19900,0,3.77
2017-03-17,19900,19900,19900,19900,0,3.78
2017-03-20,19900,19900,19900,19900,0,3.78
2017-03-21,19900,19900,19900,19900,0,3.78
2017-03-22,19900,19900,19900,19900,0,3.78
2017-03-23,19900,19900,19900,19900,0,3.78
2017-03-24,19900,19900,19900,19900,0,3.78
2017-03-27,19900,19900,19900,19900,0,3.78
2017-03-28,19900,19900,19900,19900,0,3.78
2017-03-29,19900,19900,19900,19900,0,3.78
2017-03-30,19900,19900,19900,19900,0,3.78
2017-03-31,19900,19900,19900,19900,0,3.78
2017-04-03,19900,19900,19900,19900,0,3.78
2017-04-04,19900,19900,19900,19900,0,3.78
2017-04-05,19900,19900,19900,19900,0,3.78
2017-04-06,19900,19900,19900,19900,0,3.78
2017-04-07,19900,19900,19900,19900,0,3.78
2017-04-10,19900,19900,19900,19900,0,3.78
2017-04-11,19900,19900,19900,19900,0,3.78
2017-04-12,19900,19900,19900,19900,0,3.78
2017-04-13,19900,19900,19900,19900,0,3.78
2017-04-14,19900,19900,19900,19900,0,3.78
2017-04-17,19900,19900,19900,19900,0,3.78
2017-04-18,19900,19900,19900,19900,0,3.78
2017-04-19,19900,19900,19900,19900,0,3.78
2017-04-20,19900,19900,19900,19900,0,3.78
2017-04-21,19900,19900,19900,19900,0,3.77
2017-04-24,19900,19900,19900,19900,0,3.77
2017-04-25,19900,19900,19900,19900,0,3.77
2017-04-26,19900,19900,19900,19900,0,3.77
2017-04-27,19900,19900,19900,19900,0,3.77
2017-04-28,19900,19900,19900,19900,0,3.77
2017-05-02,19900,19900,19900,19900,0,3.77
2017-05-04,19900,19900,19900,19900,0,3.77
2017-05-08,19900,19900,19900,19900,0,3.77
2017-05-10,19900,19900,19900,19900,0,3.77
2017-05-11,19900,19900,19900,19900,0,3.77
2017-05-12,19900,19900,19900,19900,0,3.77
2017-05-15,19900,19900,19900,19900,0,3.77
2017-05-16,19900,19900,19900,19900,0,3.77
2017-05-17,19900,19900,19900,19900,0,3.77
2017-05-18,19900,19900,19900,19900,0,3.77
2017-05-19,19900,19900,19900,19900,0,3.77
2017-05-22,19900,19900,19900,19900,0,3.77
2017-05-23,19900,19900,19900,19900,0,3.77
2017-05-24,19900,19900,19900,19900,0,3.77
2017-05-25,19900,19900,19900,19900,0,3.77
2017-05-26,19900,19900,19900,19900,0,3.77
2017-05-29,19900,19900,19900,19900,0,3.77
2017-05-30,19900,19900,19900,19900,0,3.77
2017-05-31,19900,19900,19900,19900,0,3.77
2017-06-01,19900,19900,19900,19900,0,3.77
2017-06-02,19900,19900,19900,19900,0,3.77
2017-06-05,19900,19900,19900,19900,0,3.77
2017-06-07,19900,19900,19900,19900,0,3.77
2017-06-08,19900,19900,19900,19900,0,3.77
2017-06-09,19900,19900,19900,19900,0,3.77
2017-06-12,19900,19900,19900,19900,0,3.77
2017-06-13,19900,19900,19900,19900,0,3.77
2017-06-14,19900,19900,19900,19900,0,3.77
2017-06-15,19900,19900,19900,19900,0,3.77
2017-06-16,19900,19900,19900,19900,0,3.77
2017-06-19,19900,19900,19900,19900,0,3.77
2017-06-20,19900,19900,19900,19900,0,3.77
2017-06-21,19900,19900,19900,19900,0,3.77
2017-06-22,19900,19900,19900,19900,0,3.77
2017-06-23,19900,19900,19900,19900,0,3.77
2017-06-26,19900,19900,19900,19900,0,3.77
2017-06-27,19900,19900,19900,19900,0,3.77
2017-06-28,19900,19900,19900,19900,0,3.77
2017-06-29,19900,19900,19900,19900,0,3.77
2017-06-30,19900,19900,19900,19900,0,3.77
2017-07-03,19900,19900,19900,19900,0,3.77
2017-07-04,19900,19900,19900,19900,0,3.77
2017-07-05,19900,19900,19900,19900,0,3.77
2017-07-06,19900,19900,19900,19900,0,3.77
2017-07-07,19900,19900,19900,19900,0,3.77
2017-07-10,19900,19900,19900,19900,0,3.77
2017-07-11,19900,19900,19900,19900,0,3.77
2017-07-12,19900,19900,19900,19900,0,3.77
2017-07-13,19900,19900,19900,19900,0,3.77
2017-07-14,19900,19900,19900,19900,0,3.77
2017-07-17,19900,19900,19900,19900,0,3.77
2017-07-18,19900,19900,19900,19900,0,3.77
2017-07-19,19900,19900,19900,19900,0,2.9
2017-07-20,19900,19900,19900,19900,0,2.9
2017-07-21,19900,19900,19900,19900,0,2.9
2017-07-24,19900,19900,19900,19900,0,2.9
2017-07-25,19900,19900,19900,19900,0,2.9
2017-07-26,19900,19900,19900,19900,0,2.9
2017-07-27,19900,19900,19900,19900,0,2.9
2017-07-28,19900,19900,19900,19900,0,2.9
2017-07-31,19900,19900,19900,19900,0,2.9
2017-08-01,19900,19900,19900,19900,0,2.9
2017-08-02,19900,19900,19900,19900,0,2.9
2017-08-03,19900,19900,19900,19900,0,2.9
2017-08-04,19900,19900,19900,19900,0,2.9
2017-08-07,19900,19900,19900,19900,0,2.9
2017-08-08,19900,19900,19900,19900,0,2.9
2017-08-09,19900,19900,19900,19900,0,2.9
2017-08-10,19900,19900,19900,19900,0,2.9
2017-08-11,19900,19900,19900,19900,0,2.9
2017-08-14,19900,19900,19900,19900,0,2.9
2017-08-16,19900,19900,19900,19900,0,2.9
2017-08-17,19900,19900,19900,19900,0,2.9
2017-08-18,19900,19900,19900,19900,0,2.9
2017-08-21,19900,19900,19900,19900,0,2.9
2017-08-22,19900,19900,19900,19900,0,2.9
2017-08-23,19900,19900,19900,19900,0,2.9
2017-08-24,19900,19900,19900,19900,0,2.9
2017-08-25,19900,19900,19900,19900,0,2.9
2017-08-28,19900,19900,19900,19900,0,2.9
2017-08-29,19900,19900,19900,19900,0,2.9
2017-08-30,19900,19900,19900,19900,0,2.36
2017-08-31,19900,19900,19900,19900,0,2.36
2017-09-01,19900,19900,19900,19900,0,2.36
2017-09-04,19900,19900,19900,19900,0,2.36
2017-09-05,19900,19900,19900,19900,0,2.36
2017-09-06,19900,19900,19900,19900,0,2.36
2017-09-07,19900,19900,19900,19900,0,2.36
2017-09-08,19900,19900,19900,19900,0,2.36
2017-09-11,19900,19900,19900,19900,0,2.36
2017-09-12,19900,19900,19900,19900,0,2.36
2017-09-13,19900,19900,19900,19900,0,2.36
2017-09-14,19900,19900,19900,19900,0,2.36
2017-09-15,19900,19900,19900,19900,0,2.36
2017-09-18,19900,19900,19900,19900,0,2.36
2017-09-19,19900,19900,19900,19900,0,2.36
2017-09-20,19900,19900,19900,19900,0,2.36
2017-09-21,19900,19900,19900,19900,0,2.36
2017-09-22,19900,19900,19900,19900,0,2.36
2017-09-25,19900,19900,19900,19900,0,2.36
2017-09-26,19900,19900,19900,19900,0,2.36
2017-09-27,19900,19900,19900,19900,0,2.36
2017-09-28,19900,19900,19900,19900,0,2.36
2017-09-29,19900,19900,19900,19900,0,2.36
2017-10-10,19900,19900,19900,19900,0,2.36
2017-10-11,19900,19900,19900,19900,0,2.36
2017-10-12,19900,19900,19900,19900,0,2.36
2017-10-13,19900,19900,19900,19900,0,2.36
2017-10-16,19900,19900,19900,19900,0,2.36
2017-10-17,19900,19900,19900,19900,0,2.36
2017-10-18,19900,19900,19900,19900,0,2.36
2017-10-19,19900,19900,19900,19900,0,2.36
2017-10-20,19900,19900,19900,19900,0,2.36
2017-10-23,19900,19900,19900,19900,0,2.36
2017-10-24,19900,19900,19900,19900,0,2.36
2017-10-25,19900,19900,19900,19900,0,2.36
2017-10-26,19900,19900,19900,19900,0,2.36
2017-10-27,19900,19900,19900,19900,0,2.36
2017-10-30,19900,19900,13948,17235,12449536,2.87
2017-10-31,16702,17057,16169,16302,2107261,2.89
2017-11-01,16302,17102,15947,16169,1533665,2.79
2017-11-02,16346,16568,15458,15725,1069984,2.81
2017-11-03,15591,15813,14969,15103,1092729,2.85
2017-11-06,14836,16346,14792,15991,1607009,2.75
2017-11-07,16169,16791,15813,16702,1094234,2.83
2017-11-08,16791,18523,16480,18212,2963483,3.6
2017-11-09,18745,21899,18256,18656,4503081,3.54
2017-11-10,18612,18967,17235,17546,1422978,3.55
2017-11-13,18079,18212,16835,17013,1023444,3.62
2017-11-14,17013,17057,16346,16746,784479,3.59
2017-11-15,16746,16746,15813,16391,964661,3.46
2017-11-16,16258,16480,16035,16302,449038,3.36
2017-11-17,16346,16480,16080,16258,318086,3.33
2017-11-20,16435,16480,15902,15991,450647,3.31
2017-11-21,15902,15902,15636,15769,383872,3.27
2017-11-22,15725,16657,15191,16346,854667,3.18
2017-11-23,16568,16702,15902,15902,594991,3.19
2017-11-24,15902,15902,15414,15458,543989,3.04
2017-11-27,15725,15813,15369,15369,510515,3.01
2017-11-28,15280,15502,14925,14925,608628,2.86
2017-11-29,15103,15325,14881,15236,358106,2.91
2017-11-30,15502,16213,15414,15947,1123150,2.96
2017-12-01,16080,16124,15636,15947,359025,2.99
2017-12-04,15902,16258,15680,16169,383220,3.14
2017-12-05,16213,16435,15991,16169,317414,3.15
2017-12-06,15813,16080,14969,15725,779142,3.07
2017-12-07,15725,16080,15058,15725,683287,3.31
2017-12-08,15725,15769,15103,15191,262338,3.3
2017-12-11,15191,15502,15103,15280,258892,3.32
2017-12-12,15280,15458,15147,15191,120920,3.34
2017-12-13,15191,15325,15147,15191,228143,3.34
2017-12-14,15191,15280,14969,15014,200124,3.36
2017-12-15,15014,15191,14658,14658,283574,3.29
2017-12-18,14658,14747,14481,14614,147202,3.31
2017-12-19,14658,14658,14081,14081,276870,3.3
2017-12-20,14081,14125,13459,13503,386231,3.29
2017-12-21,13326,13370,12970,13148,308810,3.32
2017-12-22,13281,13415,13015,13415,145173,3.35
2017-12-26,13503,13859,13326,13326,178231,3.34
2017-12-27,13059,13104,12260,12482,452493,3.28
2017-12-28,12571,12837,12349,12349,330787,3.28
2018-01-02,12437,13681,12393,13637,430048,3.29
2018-01-03,13726,15325,13637,15280,922958,3.5
2018-01-04,15858,15858,14614,14658,592579,3.49
2018-01-05,14747,15014,14392,14703,274962,3.51
2018-01-08,14747,14747,13948,14125,320390,3.44
2018-01-09,14037,14081,13503,13681,297217,3.45
2018-01-10,13503,14614,13503,14125,480241,3.56
2018-01-11,13992,14481,13992,14125,366073,3.62
2018-01-12,14481,15591,14392,15369,1019741,3.99
2018-01-15,15636,17057,15547,16968,2070223,4.74
2018-01-16,17057,17190,16302,16879,717743,4.99
2018-01-17,16879,16879,15858,16124,820452,5.17
2018-01-18,16346,16346,15636,15947,278449,5.18
2018-01-19,15947,16346,15591,16080,275750,5.16
2018-01-22,16346,17324,16346,17235,1228292,5.37
2018-01-23,17457,17501,16702,17324,763210,5.37
2018-01-24,17324,17768,17324,17590,866694,5.52
2018-01-25,17590,18967,17501,18790,1787433,5.82
2018-01-26,18878,20033,18834,19234,1389519,5.93
2018-01-29,19545,19989,19189,19944,1073522,6.06
2018-01-30,20611,21766,20300,21099,2092628,6.17
2018-01-31,20655,21632,19634,21544,1540837,6.21
2018-02-01,21855,21855,20478,20833,775687,6.21
2018-02-02,20344,21766,20033,20744,1045068,6.17
2018-02-05,20033,20611,19545,19545,888256,6.14
2018-02-06,18479,20611,18123,19545,1466929,6.15
2018-02-07,20389,20433,18434,18567,772820,6.05
2018-02-08,18701,19456,18034,19056,1085277,5.79
2018-02-09,18212,18656,17812,18301,711545,5.82
2018-02-12,18701,18701,17013,17324,1148364,5.51
2018-02-13,17501,17501,16746,16835,462065,5.45
2018-02-14,16879,17857,16835,17812,345540,5.42
2018-02-19,18479,19678,18168,19411,965767,5.35
2018-02-20,19411,20033,18656,18923,719683,5.25
2018-02-21,19189,20078,18745,20078,822311,5.25
2018-02-22,20433,20922,19678,20211,1248528,5.1
2018-02-23,20344,22388,20344,21766,1880588,5.33
2018-02-26,22210,23365,21144,22166,1082302,5.24
2018-02-27,22476,22743,21632,22166,680197,5.18
2018-02-28,22299,23187,21677,22210,825791,5.15
2018-03-02,21810,22121,21499,21810,596195,5.14
2018-03-05,22210,22254,21011,21011,559622,5.12
2018-03-06,21499,23232,21455,23187,1426948,5.24
2018-03-07,23409,25319,22699,23409,1669125,5.23
2018-03-08,23676,24298,23543,23898,920716,5.18
2018-03-09,24342,25097,23676,24031,1129811,5.28
2018-03-12,24120,24786,24120,24564,513224,5.27
2018-03-13,25186,25231,23098,24120,1508404,4.95
2018-03-14,23676,23809,22299,22565,1286417,4.86
2018-03-15,22210,23765,21855,23765,1184571,4.83
2018-03-16,23543,23720,23010,23143,602107,4.72
2018-03-19,22876,22965,22254,22476,459675,4.75
2018-03-20,22521,23765,22476,23676,1355796,4.69
2018-03-21,24164,24475,23631,24164,811364,4.78
2018-03-22,24520,25008,23720,24209,1276887,4.77
2018-03-23,23942,27141,23365,25053,4988234,4.34
2018-03-26,25186,26252,24964,25764,1780242,4.13
2018-03-27,25764,26519,25053,25542,1443155,3.9
2018-03-28,25053,25630,24520,24875,922826,3.92
2018-03-29,25142,25142,24076,24831,771351,3.95
2018-03-30,25142,25275,23942,24520,998425,3.91
2018-04-02,24120,24342,23054,23631,1329232,3.89
2018-04-03,23010,23232,22299,22565,1163159,3.98
2018-04-04,22654,23543,22432,22743,900425,4.01
2018-04-05,23365,24786,23187,24387,1461049,4.22
2018-04-06,24653,25408,24475,24786,1061191,4.24
2018-04-09,24253,24475,23631,24164,714115,4.19
2018-04-10,23987,24698,22965,24387,889484,4.11
2018-04-11,24698,25008,23631,23676,631596,4.13
2018-04-12,24209,24786,24120,24564,778888,4.26
2018-04-13,24786,24786,24120,24520,374198,4.25
2018-04-16,24698,24742,23631,23809,477157,4.21
2018-04-17,23987,24031,23098,23365,585554,4.21
2018-04-18,23543,23987,23143,23854,486801,4.26
2018-04-19,23987,24564,23720,23898,606117,4.29
2018-04-20,24076,24076,23365,23854,420911,4.42
2018-04-23,23543,23809,22965,23143,719374,4.4
2018-04-24,23187,23454,22699,23409,362389,4.53
2018-04-25,23098,23143,21988,22210,736162,4.44
2018-04-26,22299,23187,22254,22565,565721,4.42
2018-04-27,22565,22654,22032,22388,344507,4.48
2018-04-30,22343,22388,20478,21322,1414230,4.44
2018-05-02,20877,21899,20255,21499,909858,4.46
2018-05-03,21499,22032,21366,21677,365405,4.46
2018-05-04,21766,22699,21721,22388,664280,4.54
2018-05-08,22699,23498,22432,22743,703941,4.5
2018-05-09,22743,22921,21899,22521,340152,4.53
2018-05-10,23187,23587,22921,23276,650136,4.54
2018-05-11,23365,23409,22832,23010,334809,4.59
2018-05-14,23187,24120,23054,23987,810979,4.72
2018-05-15,23987,24475,23365,24031,848080,4.58
2018-05-16,24076,24520,23143,23498,691026,4.55
2018-05-17,23942,24076,23320,23365,448798,4.48
2018-05-18,23365,24253,23365,23987,739685,4.5
2018-05-21,24031,24431,23765,24253,461808,4.53
2018-05-23,24342,24387,23765,23987,374817,4.48
2018-05-24,23809,23898,23409,23676,320844,4.49
2018-05-25,23631,24742,23454,24475,1202737,4.62
2018-05-28,24076,24253,23232,23898,1115280,4.65
2018-05-29,23587,23809,23276,23720,569112,4.68
2018-05-30,23276,23942,23098,23320,676221,4.84
2018-05-31,23898,24342,23454,24120,698104,4.88
2018-06-01,23898,24120,23720,23854,346404,4.87
2018-06-04,23898,24209,23676,24031,343762,4.84
2018-06-05,24209,24253,23631,24209,405488,4.87
2018-06-07,24253,24342,23942,24076,404279,4.86
2018-06-08,24253,24387,23631,23631,315665,4.82
2018-06-11,23498,24920,23454,24786,1353815,5.05
2018-06-12,25008,25008,24076,24609,732501,4.92
2018-06-14,24698,24698,23098,23232,2892971,3.77
2018-06-15,23543,23854,22699,22965,1030592,3.72
2018-06-18,22965,23010,21144,21632,1014669,3.59
2018-06-19,21499,22166,20833,20922,902091,3.39
2018-06-20,20833,21632,20833,21366,388184,3.39
2018-06-21,21322,21943,21011,21188,329384,3.39
2018-06-22,21144,22254,20922,22254,551380,3.47
2018-06-25,22077,23365,22032,23365,729242,3.53
2018-06-26,22965,23987,22876,23631,694671,3.82
2018-06-27,23320,24164,22432,22743,739239,3.8
2018-06-28,23010,23765,22787,23543,406674,3.89
2018-06-29,23765,24164,23232,23987,560720,3.97
2018-07-02,23854,24209,22476,22565,622488,3.88
2018-07-03,22565,23054,22121,22521,349095,4.0
2018-07-04,22343,22699,22121,22476,271419,4.05
2018-07-05,22299,22610,21721,22077,299538,4.08
2018-07-06,22121,23720,22121,23409,848812,4.31
2018-07-09,23187,23720,22965,23498,379170,4.32
2018-07-10,23543,23987,23010,23054,382173,4.23
2018-07-11,22743,22787,22388,22699,312776,4.33
2018-07-12,22654,22699,22299,22432,486022,4.42
2018-07-13,22476,22743,22299,22610,382590,4.56
2018-07-16,22476,22876,22254,22476,284792,4.6
2018-07-17,22476,22565,21766,22166,835230,4.87
2018-07-18,22166,22254,21233,21366,946197,5.14
2018-07-19,21410,21632,21144,21366,361579,5.22
2018-07-20,21366,21499,20433,20700,961387,5.27
2018-07-23,20433,21988,20433,21721,589130,5.37
2018-07-24,21721,21721,20078,20833,941676,5.29
2018-07-25,20833,21322,20478,20522,447676,5.43
2018-07-26,20922,22521,20611,22254,1054451,5.5
2018-07-27,22254,22876,22254,22610,227425,5.55
2018-07-30,22299,23276,22299,23010,286921,5.56
2018-07-31,23187,23809,23010,23409,575277,5.7
2018-08-01,23409,23898,22921,22965,421801,5.85
2018-08-02,22921,23631,22921,23232,428834,6.02
2018-08-03,23187,23720,23054,23587,459479,6.05
2018-08-06,23587,23809,23320,23543,215155,6.06
2018-08-07,23454,23587,22832,23587,201259,6.1
2018-08-08,23765,23942,23498,23720,322934,6.19
2018-08-09,23631,23854,23365,23543,315498,6.26
2018-08-10,23543,23543,22654,23143,397580,6.25
2018-08-13,22965,23143,22432,22565,581985,6.34
2018-08-14,22521,22743,22343,22476,473153,6.36
2018-08-16,22654,23010,22476,22921,346907,6.47
2018-08-17,22832,23498,22832,23187,288906,6.43
2018-08-20,23276,25586,23276,25275,2133773,7.2
2018-08-21,25275,25808,24875,25319,878918,7.3
2018-08-22,25319,26386,25319,26030,814239,7.43
2018-08-23,26341,26341,25453,25897,525225,7.57
2018-08-24,25630,25719,25142,25630,329601,7.58
2018-08-27,25764,25764,24431,24653,736452,7.46
2018-08-28,24920,25941,24431,25453,559635,7.5
2018-08-29,25719,25852,25275,25319,341603,7.45
2018-08-30,25586,25586,24964,25142,273380,7.54
2018-08-31,25186,25453,24742,25275,232485,7.51
2018-09-03,25097,26030,25008,25986,394265,7.53
2018-09-04,25852,25986,25586,25897,389316,7.56
2018-09-05,25719,26741,25675,25986,574356,7.63
2018-09-06,26075,26919,26075,26563,670868,7.7
2018-09-07,26785,26963,26341,26741,447931,7.75
2018-09-10,26652,26652,25986,26608,451415,7.9
2018-09-11,26519,27585,26386,27540,888393,8.15
2018-09-12,27629,27718,27407,27496,409640,8.16
2018-09-13,27585,28251,27540,28207,448420,8.23
2018-09-14,28207,28340,27496,27763,381833,8.28
2018-09-17,27629,28873,27185,28873,622156,8.53
2018-09-18,28518,29939,28473,29673,655579,8.65
2018-09-19,29628,29850,29184,29673,362216,8.72
2018-09-20,29495,30383,29406,29939,377043,8.79
2018-09-21,30339,30383,29140,29717,1945956,8.94
2018-09-27,29539,31272,29495,31050,734532,9.16
2018-09-28,31227,31361,30206,30783,528274,9.27
2018-10-01,30961,31583,30872,31272,401510,9.34
2018-10-02,31316,33271,31094,32960,852407,9.42
2018-10-04,33182,34159,32160,33626,859660,9.53
2018-10-05,33493,33759,32427,32782,519664,9.5
2018-10-08,32871,32871,30472,30694,857451,9.57
2018-10-10,31050,31983,30694,31405,439827,9.63
2018-10-11,29939,30872,29095,29228,740120,9.52
2018-10-12,29140,29895,28473,29717,671558,9.6
2018-10-15,29584,31316,28695,30383,563354,9.58
2018-10-16,30383,30694,29184,29762,426206,9.62
2018-10-17,30295,30295,26208,28162,2949711,9.26
2018-10-18,27896,28607,27007,27629,813659,9.62
2018-10-19,27185,27318,26297,27185,659975,9.7
2018-10-22,27185,27674,26563,27629,383250,9.73
2018-10-23,27318,27496,26474,26696,367737,9.78
2018-10-24,27052,27141,26119,26519,408736,9.76
2018-10-25,25453,26341,25097,26119,669784,9.87
2018-10-26,26430,26430,23809,24520,752440,10.01
2018-10-29,24342,25630,24076,24253,661537,10.07
2018-10-30,23854,25097,23854,24742,465437,10.05
2018-10-31,24742,26519,24342,25986,606381,10.01
2018-11-01,25675,26652,25186,25231,622396,10.0
2018-11-02,25453,26474,25453,26430,254989,10.01
2018-11-05,26785,26919,25630,25852,433757,10.07
2018-11-06,26386,28074,26075,27807,774487,10.08
2018-11-07,28296,29184,26608,27007,785774,10.13
2018-11-08,27851,28962,27674,28118,575946,10.15
2018-11-09,28296,29051,27674,28651,476084,10.16
2018-11-12,28829,30650,28429,29762,820776,10.28
2018-11-13,29539,30072,28873,29762,652173,10.27
2018-11-14,29673,32382,29495,30517,1868427,10.65
2018-11-15,30961,32338,30961,31983,830237,10.9
2018-11-16,32427,33315,32338,33049,675868,11.04
2018-11-19,32693,33626,30783,31494,1382556,11.32
2018-11-20,31050,32293,30828,31627,815210,11.35
2018-11-21,31227,31627,30828,31450,492792,11.31
2018-11-22,31272,32027,30517,30783,644022,11.39
2018-11-23,30828,31494,30606,31094,394339,11.43
2018-11-26,31139,31316,29362,30828,849302,11.37
2018-11-27,30694,31094,29939,30783,463738,11.41
2018-11-28,31227,31849,30650,30739,615313,11.38
2018-11-29,31183,31227,29717,30117,819248,11.47
2018-11-30,30383,30472,29006,29184,4813050,11.38
2018-12-03,29673,30339,29184,29895,610250,11.45
2018-12-04,30117,31005,29717,30472,648498,11.41
2018-12-05,29762,30916,29762,30783,557360,11.35
2018-12-06,30783,31183,29140,29228,704374,11.28
2018-12-07,29895,30339,29362,29806,398920,11.36
2018-12-10,29451,30472,29362,30117,315810,11.42
2018-12-11,30250,30339,29628,29984,217585,11.38
2018-12-12,30161,32649,29895,32649,874300,11.35
2018-12-13,32782,33226,32382,32738,764490,11.35
2018-12-14,33226,34204,32427,33226,859279,11.29
2018-12-17,33493,34026,32516,33137,385264,11.21
2018-12-18,33049,33893,32427,33004,329384,11.07
2018-12-19,33004,33004,30472,30739,1238111,10.81
2018-12-20,30206,31005,29850,30250,505032,10.91
2018-12-21,29762,30828,28962,30828,864216,10.74
2018-12-24,30828,31005,30161,30339,247870,10.75
2018-12-26,29406,29762,28518,28873,762268,10.8
2018-12-27,29806,31139,29673,30872,743959,10.89
2018-12-28,30916,31139,30117,30339,305510,10.93
2019-01-02,30428,30650,29406,29584,271568,10.84
2019-01-03,29939,30383,29495,29762,485440,10.92
2019-01-04,29495,29850,29006,29584,426228,10.98
2019-01-07,30161,30783,29051,29140,602442,10.9
2019-01-08,29317,29451,27763,27896,720275,10.82
2019-01-09,27985,28473,27585,27896,573228,10.83
2019-01-10,28162,29451,28162,28740,613371,10.99
2019-01-11,28962,29006,28029,28162,330194,10.96
2019-01-14,28251,28784,28207,28695,301221,10.88
2019-01-15,29006,29273,28829,28873,479210,10.86
2019-01-16,28651,28784,28162,28518,390316,10.77
2019-01-17,28651,28740,28074,28074,288489,10.88
2019-01-18,28384,28562,28074,28384,241931,10.8
2019-01-21,28829,30295,28784,30206,1240508,10.96
2019-01-22,30295,30650,29628,30117,326644,10.97
2019-01-23,29895,30295,29762,30250,237220,10.98
2019-01-24,30383,30383,29806,30295,288106,10.98
2019-01-25,30295,30783,29939,30694,457019,11.11
2019-01-28,31405,33226,31405,31938,1059985,11.15
2019-01-29,32560,33137,31849,32160,609190,10.98
2019-01-30,32427,32516,31583,32071,458850,11.02
2019-01-31,37313,39090,32560,32871,8113107,10.53
2019-02-01,32249,32649,29806,30028,3483101,10.35
2019-02-07,30072,31005,29673,30739,1349836,10.47
2019-02-08,30161,31272,29362,29673,1373613,10.53
2019-02-11,29806,29984,29184,29317,738190,10.47
2019-02-12,29228,30117,29228,29362,669038,10.43
2019-02-13,29539,29628,28518,28607,826945,10.49
2019-02-14,28784,28784,27141,27540,1149248,10.59
2019-02-15,27540,28074,27318,27674,551563,10.59
2019-02-18,27940,28651,27807,28518,601964,10.58
2019-02-19,28607,28740,28162,28384,330047,10.64
2019-02-20,28384,28695,28074,28340,286611,10.61
2019-02-21,28251,28918,28029,28651,505017,10.75
2019-02-22,28873,29051,28695,28784,462159,10.74
2019-02-25,29006,29362,28873,28962,501036,10.74
2019-02-26,29006,29006,28473,28473,289471,10.78
2019-02-27,28473,28651,28029,28296,251942,10.8
2019-02-28,28384,28784,27807,28074,602763,10.8
2019-03-04,28029,28473,27985,28074,302843,10.78
2019-03-05,27807,27985,27363,27807,306548,10.83
2019-03-06,27851,27940,27540,27585,216216,10.89
2019-03-07,27585,27807,26696,26830,334613,10.93
2019-03-08,26474,27274,26208,26830,402479,10.91
2019-03-11,26830,26874,25675,25897,632050,10.93
2019-03-12,26163,26430,25986,26430,344373,10.85
2019-03-13,26430,26608,25897,25897,275776,10.91
2019-03-14,25941,26386,25719,25719,599333,11.2
2019-03-15,25852,26563,25852,25986,1047196,11.15
2019-03-18,26030,26252,25497,25586,357258,11.03
2019-03-19,25497,25675,25142,25497,370765,11.04
2019-03-20,25275,25586,25186,25364,237795,11.07
2019-03-21,25319,25586,24831,25275,436179,11.12
2019-03-22,25097,25275,24786,24831,212826,11.08
2019-03-25,24475,25097,24164,24209,327210,11.2
2019-03-26,24298,25008,24164,24920,301163,11.25
2019-03-27,25008,25142,24609,24875,175671,11.26
2019-03-28,24653,24742,24031,24120,197904,11.28
2019-03-29,24253,25008,24209,24831,232544,11.29
2019-04-01,25053,26119,25053,26030,346304,11.3
2019-04-02,26030,26163,25497,25542,229017,11.27
2019-04-03,25231,25408,24920,25319,324375,11.31
2019-04-04,25453,25852,25408,25542,217639,11.33
2019-04-05,25497,25852,25364,25719,171245,11.27
2019-04-08,25719,25941,25275,25364,292928,11.3
2019-04-09,25408,26119,25408,25675,272605,11.32
2019-04-10,25675,26030,25586,26030,175060,11.37
2019-04-11,26163,26297,25808,26075,246994,11.37
2019-04-12,25852,27096,25764,26474,438891,11.4
2019-04-15,27052,27052,26519,26608,317836,11.41
2019-04-16,26608,26874,26430,26696,189077,11.43
2019-04-17,26741,26785,26430,26474,166282,11.47
2019-04-18,26430,26741,26252,26386,232372,11.5
2019-04-19,26430,26430,25497,25675,261197,11.54
2019-04-22,25897,25897,25364,25630,142736,11.55
2019-04-23,26163,26830,25897,26297,472664,11.63
2019-04-24,26608,26608,25408,25497,313188,11.62
2019-04-25,25497,25542,25053,25408,124183,11.56
2019-04-26,25142,25542,24920,25097,143998,11.55
2019-04-29,24786,25764,24786,25764,162707,11.57
2019-04-30,25719,25941,25408,25808,110656,11.57
2019-05-02,25808,26474,25586,26430,259077,11.6
2019-05-03,26297,26652,26297,26386,199704,11.61
2019-05-07,26030,26030,25453,25497,209283,11.56
2019-05-08,25186,25764,25186,25275,211413,11.57
2019-05-09,24964,25497,24342,24342,269554,11.56
2019-05-10,24342,24742,24031,24520,183298,11.52
2019-05-13,24209,24609,24076,24120,156002,11.48
2019-05-14,23942,24209,23543,23987,206328,11.47
2019-05-15,23987,25008,23987,24786,198090,11.48
2019-05-16,24564,25275,24431,24653,235663,11.51
2019-05-17,24875,25097,24520,24564,155497,11.52
2019-05-20,24698,25231,24698,25097,231004,11.56
2019-05-21,25097,25719,24920,25675,233957,11.55
2019-05-22,25586,25852,25275,25497,168102,11.57
2019-05-23,25497,26075,25453,25941,314676,11.63
2019-05-24,25675,25808,25186,25186,235345,11.64
2019-05-27,25097,25497,25008,25231,116852,11.64
2019-05-28,25008,25808,25008,25808,230133,11.66
2019-05-29,25764,25897,25364,25719,133755,11.66
2019-05-30,25852,26608,25719,26563,281303,11.78
2019-05-31,26386,26741,26297,26474,279225,11.81
2019-06-03,26519,26830,26297,26785,221355,11.84
2019-06-04,26785,26919,26608,26874,165581,11.87
2019-06-05,26696,27007,25764,25897,370708,11.9
2019-06-07,25941,26119,25364,26119,204214,11.9
2019-06-10,26119,26830,25986,26785,222622,11.9
2019-06-11,26652,27363,26652,27274,261111,11.9
2019-06-12,27540,28429,27496,28340,568386,12.04
2019-06-13,28340,28651,28074,28429,413323,12.07
2019-06-14,28429,28695,28207,28607,241022,12.13
2019-06-17,28607,28784,28251,28384,207335,12.15
2019-06-18,28340,28918,28296,28518,272361,12.19
2019-06-19,28740,28829,28296,28340,244630,12.25
2019-06-20,28429,28873,28384,28607,179292,12.29
2019-06-21,28651,29317,28651,29317,386589,12.37
2019-06-24,29362,29451,28873,28962,214842,12.37
2019-06-25,29006,29406,28651,28829,236834,12.43
2019-06-26,28607,29317,28340,29317,272523,12.47
2019-06-27,29317,29317,29006,29006,172989,12.47
2019-06-28,29006,29317,28695,29051,230598,12.55
2019-07-01,29317,29362,28784,28829,150959,12.59
2019-07-02,28784,29273,28695,29095,199304,12.64
2019-07-03,29273,29317,28518,28607,158549,12.65
2019-07-04,28562,28873,28384,28695,166518,12.7
2019-07-05,28962,29006,28651,28873,129865,12.73
2019-07-08,28695,28873,27807,27851,233099,12.78
2019-07-09,27851,28207,27585,27629,117622,12.81
2019-07-10,27363,28207,27318,27985,126804,12.83
2019-07-11,27851,28251,27807,27985,80642,12.83
2019-07-12,27985,28251,27718,28162,84903,12.84
2019-07-15,28118,28296,27807,27896,90311,12.84
2019-07-16,27763,28074,27674,27807,70711,12.86
2019-07-17,27807,27851,27230,27496,81041,12.89
2019-07-18,27585,27718,27185,27318,78790,12.91
2019-07-19,27007,28029,27007,27807,103420,12.92
2019-07-22,27629,28162,27585,27674,65540,12.92
2019-07-23,27674,27763,27185,27318,96890,12.91
2019-07-24,27407,27718,27185,27185,77350,12.91
2019-07-25,27141,27185,25941,25941,189294,12.93
2019-07-26,25941,26163,25497,25630,114170,12.94
2019-07-29,25586,27007,24964,26341,178412,12.94
2019-07-30,25719,26297,25719,25719,93471,12.9
2019-07-31,25364,26297,25319,26075,131497,12.92
2019-08-01,25497,25986,25319,25319,115492,12.91
2019-08-02,25008,25275,23498,23720,282347,12.88
2019-08-05,23232,23854,22121,22610,341409,12.9
2019-08-06,21099,22610,21099,21277,581338,12.9
2019-08-07,21099,21588,20611,21322,314666,12.89
2019-08-08,21588,21943,21455,21499,244962,12.85
2019-08-09,21810,21899,21499,21677,168129,12.8
2019-08-12,21766,21943,21455,21855,93951,12.8
2019-08-13,21677,22121,21322,21766,116417,12.69
2019-08-14,21988,21988,21721,21721,140074,12.64
2019-08-16,21943,21943,21366,21410,166834,12.64
2019-08-19,21632,23809,21588,23676,456541,12.63
2019-08-20,23409,24342,23320,23987,216541,12.63
2019-08-21,23720,24120,23543,23942,164013,12.64
2019-08-22,23898,23942,23454,23587,206223,12.59
2019-08-23,23720,24120,23454,23676,140595,12.57
2019-08-26,23010,23187,22476,22743,218094,12.59
2019-08-27,22876,23365,22565,23187,236318,12.6
2019-08-28,23187,23187,22299,23010,116655,12.61
2019-08-29,23187,23409,22965,23098,79761,12.62
2019-08-30,23365,24342,23365,24253,255854,12.65
2019-09-02,23898,24742,23898,24564,110619,12.65
2019-09-03,24387,25186,24387,24786,158284,12.65
2019-09-04,24609,25142,24564,25142,126246,12.61
2019-09-05,24875,25542,24875,25231,146725,12.59
2019-09-06,25275,26341,25186,25630,222122,12.59
2019-09-09,26119,26830,26030,26696,282871,12.59
2019-09-10,26563,27007,26297,26696,154111,12.58
2019-09-11,26696,26919,26563,26919,222015,12.57
2019-09-16,27274,27674,27007,27407,252338,12.6
2019-09-17,27452,27540,27096,27452,121495,12.64
2019-09-18,27496,27496,26519,26963,215860,12.63
2019-09-19,26963,27185,26563,26652,129362,12.66
2019-09-20,26652,27274,26652,27274,192757,12.72
2019-09-23,27274,28029,26963,27985,211367,12.74
2019-09-24,27985,28029,27407,27718,172539,12.74
2019-09-25,27896,28029,27052,27363,196476,12.72
2019-09-26,27230,27807,27007,27585,137607,12.74
2019-09-27,27674,27718,26341,26608,159889,12.75
2019-09-30,26430,27185,26208,27185,120929,12.79
2019-10-01,26919,27363,26741,27185,89119,12.78
2019-10-02,26652,27141,26430,26430,135357,12.79
2019-10-04,26030,26519,25897,26075,150453,12.8
2019-10-07,26075,26297,25231,26252,130749,12.79
2019-10-08,26474,27052,26163,26919,190607,12.8
2019-10-10,27007,27407,26386,26696,226825,12.78
2019-10-11,27052,27318,26474,26519,194370,12.77
2019-10-14,26963,27052,26474,26919,175756,12.81
2019-10-15,26696,27407,26652,27141,137469,12.82
2019-10-16,27363,27585,26830,26919,132677,12.82
2019-10-17,27141,27230,26519,26563,118613,12.83
2019-10-18,26563,26741,25852,25941,103640,12.82
2019-10-21,25941,26386,25852,26386,64924,12.82
2019-10-22,26474,26830,26386,26519,105933,12.81
2019-10-23,26252,26696,25986,25986,158591,12.83
2019-10-24,25986,26519,25986,26341,134275,12.87
2019-10-25,26386,26830,26386,26652,87687,12.9
2019-10-28,26652,26963,26519,26563,87010,12.9
2019-10-29,26608,26652,26119,26119,99837,12.86
2019-10-30,25986,26119,24653,25408,159455,12.88
2019-10-31,25453,25453,24698,25008,200015,12.84
2019-11-01,24875,25275,24653,24920,127928,12.84
2019-11-04,25008,25941,25008,25852,137757,12.88
2019-11-05,25542,26030,25497,25897,86148,12.88
2019-11-06,25986,26030,25542,25719,130268,12.89
2019-11-07,25364,26163,25319,25852,89815,12.9
2019-11-08,26030,26030,25675,25986,96935,12.89
2019-11-11,25675,25986,25453,25764,78994,12.89
2019-11-12,25542,26030,25542,25897,88816,12.9
2019-11-13,25897,25986,25453,25497,80714,12.92
2019-11-14,25497,25630,25053,25542,114719,12.92
2019-11-15,25053,25453,24742,25364,236510,12.93
2019-11-18,24920,25586,24831,24920,120244,12.86
2019-11-19,24564,24920,24298,24298,202619,12.84
2019-11-20,24076,24253,23454,23587,222577,12.87
2019-11-21,23587,23676,22921,23098,173622,12.85
2019-11-22,22699,23631,22699,23365,140948,12.82
2019-11-25,23454,23809,23454,23543,194572,12.73
2019-11-26,23454,24164,23454,24120,251645,12.7
2019-11-27,24342,24431,23987,24031,77632,12.69
2019-11-28,23854,24164,23631,23720,87275,12.67
2019-11-29,24164,24164,23276,23409,118919,12.64
2019-12-02,23365,23720,22787,22965,201023,12.73
2019-12-03,22565,23498,22476,23498,184473,12.71
2019-12-04,23143,23276,22876,23010,152000,12.66
2019-12-05,23010,23498,23010,23098,105735,12.68
2019-12-06,22832,23676,22832,23454,138196,12.69
2019-12-09,23454,23676,23143,23276,159625,12.64
2019-12-10,23720,24209,23543,24031,186393,12.67
2019-12-11,24387,24875,24164,24831,251736,12.71
2019-12-12,24831,24875,24253,24653,264770,12.71
2019-12-13,24920,25186,24920,25008,193392,12.71
2019-12-16,24875,25053,24698,24831,128498,12.67
2019-12-17,24786,25097,24609,24920,163201,12.55
2019-12-18,24920,25053,24253,24609,199893,12.49
2019-12-19,24342,24609,24164,24609,104433,12.49
2019-12-20,24609,24786,24387,24564,119375,12.54
2019-12-23,24698,24742,24431,24609,78323,12.52
2019-12-24,24520,24698,24475,24520,71775,12.48
2019-12-26,24475,24698,24342,24342,97601,12.43
2019-12-27,24342,25053,24164,24786,162086,12.44
2019-12-30,24964,25142,24698,24742,134315,12.41
2020-01-02,24742,24786,24298,24298,120074,12.44
2020-01-03,24431,24875,24164,24431,158219,12.46
2020-01-06,24120,24342,23631,23631,134413,12.45
2020-01-07,23942,24209,23720,23809,114390,12.46
2020-01-08,23498,23587,22965,23098,189459,12.46
2020-01-09,23187,23942,23187,23942,164428,12.46
2020-01-10,24031,24209,23720,24209,131456,12.44
2020-01-13,24076,24298,24031,24164,85480,12.46
2020-01-14,24076,24564,24031,24031,108501,12.47
2020-01-15,24031,24253,23987,24031,102303,12.49
2020-01-16,24076,24076,23854,23942,87798,12.52
2020-01-17,23587,24164,23543,23631,104379,12.53
2020-01-20,23543,23676,23365,23454,116738,12.54
2020-01-21,23409,23676,23098,23454,157035,12.42
2020-01-22,23543,23587,23098,23365,88976,12.41
2020-01-23,23276,23365,22921,23010,143111,12.41
2020-01-28,22565,22876,21899,21899,223762,12.37
2020-01-29,22254,22787,21899,22699,150595,12.37
2020-01-30,22743,23054,22210,22565,120622,12.37
2020-01-31,22699,22876,21943,21943,122687,12.34
2020-02-03,21233,22032,21233,21677,193766,12.33
2020-02-04,21410,21855,21410,21588,149628,12.33
2020-02-05,21632,21766,21277,21322,204132,12.39
2020-02-06,21277,23010,21277,22876,380190,12.41
2020-02-07,22787,23010,22388,22610,195779,12.39
2020-02-10,22254,22610,21988,22343,115042,12.34
2020-02-11,22343,22743,22343,22699,109431,12.33
2020-02-12,22432,23010,22432,23010,172938,12.34
2020-02-13,23010,23010,22476,22476,183929,12.31
2020-02-14,22921,22921,22388,22654,109843,12.3
2020-02-17,22654,22699,22210,22432,113553,12.27
2020-02-18,22299,22432,22032,22299,114574,12.3
2020-02-19,22699,22743,21899,22121,115176,12.26
2020-02-20,22210,22476,22032,22121,148089,12.27
2020-02-21,21855,22077,21455,21499,154231,12.31
2020-02-24,20788,20966,20255,20300,235305,12.29
2020-02-25,20211,20833,20211,20566,160458,12.27
2020-02-26,20389,20788,20167,20433,167256,12.27
2020-02-27,20255,20478,20078,20344,162197,12.23
2020-02-28,20078,20078,19456,19678,339855,12.22
2020-03-02,19545,19856,19367,19456,179194,12.24
2020-03-03,19767,20078,19278,19456,187890,12.27
2020-03-04,19367,19989,19367,19856,142677,12.29
2020-03-05,19989,20566,19900,20566,179380,12.3
2020-03-06,20300,20389,19545,19722,181151,12.28
2020-03-09,19411,19411,18079,18301,282457,12.26
2020-03-10,17768,18567,17768,18212,246326,12.23
2020-03-11,18479,18790,17546,17723,211264,12.23
2020-03-12,17723,17857,16124,16346,388161,12.22
2020-03-13,14214,15280,13681,15058,599781,12.24
2020-03-16,15325,15725,14037,14125,266654,12.22
2020-03-17,13104,14037,12482,13770,321773,12.18
2020-03-18,13770,13948,12393,12437,377835,12.16
2020-03-19,12437,12793,10527,10661,499167,12.23
2020-03-20,10749,11238,10483,11060,685150,12.11
2020-03-23,10083,10350,9639,9950,587506,12.07
2020-03-24,10127,10394,9728,10261,750299,11.93
2020-03-25,10749,11727,10527,11016,1341414,11.68
2020-03-26,11194,11815,10927,10927,1047623,11.51
2020-03-27,11593,12349,11060,11727,913916,11.48
2020-03-30,11194,11860,10883,11815,485433,11.49
2020-03-31,12260,12260,11638,11949,608005,11.4
2020-04-01,11815,12571,11727,11727,602592,11.38
2020-04-02,11727,12437,11371,12437,497901,11.37
2020-04-03,12748,13104,12082,12304,613216,11.28
2020-04-06,12659,12970,12393,12882,402164,11.25
2020-04-07,13370,13681,13015,13548,562968,11.3
2020-04-08,13459,13903,13148,13415,403492,11.25
2020-04-09,13859,14392,13681,14392,489928,11.29
2020-04-10,14481,15591,14170,15191,725145,11.2
2020-04-13,14969,15191,14392,14481,401271,11.17
2020-04-14,14570,15280,14570,14969,310875,11.19
2020-04-16,14703,15058,14481,14703,317421,11.16
2020-04-17,14836,15014,14658,14747,390643,11.1
2020-04-20,14792,15103,14658,14658,323056,11.09
2020-04-21,14392,14658,13770,14658,415819,11.13
2020-04-22,14658,15547,14125,15414,534336,11.12
2020-04-23,15947,16568,15591,15725,995105,11.1
2020-04-24,16213,16435,15369,15725,806262,11.05
2020-04-27,15547,15813,15280,15502,331616,11.02
2020-04-28,15236,15369,14925,15058,457474,10.98
2020-04-29,14925,15680,14925,15236,676926,10.87
2020-05-04,14703,15191,14570,14881,326318,10.83
2020-05-06,15280,15502,15058,15280,260964,10.8
2020-05-07,15103,15414,15014,15236,205281,10.81
2020-05-08,15369,15502,15191,15325,162692,10.81
2020-05-11,15369,15458,15147,15191,213746,10.8
2020-05-12,15236,15325,14747,14836,215879,10.78
2020-05-13,14436,14792,14392,14703,213295,10.77
2020-05-14,14614,14658,14170,14436,242638,10.75
2020-05-15,14614,14747,14081,14658,339869,10.71
2020-05-18,15014,15058,14570,14792,282883,10.69
2020-05-19,15280,15547,15191,15414,578819,10.68
2020-05-20,15458,15547,15236,15414,279790,10.66
2020-05-21,15636,15769,15325,15502,564411,10.55
2020-05-22,15725,15769,15014,15103,390365,10.47
2020-05-25,15902,16391,15591,16346,1172831,10.47
2020-05-26,17324,17324,16746,17013,903964,10.33
2020-05-27,17279,19367,17013,18834,2106543,10.05
2020-05-28,19411,19456,17723,18567,1185291,9.86
2020-05-29,18523,19767,17946,19367,1038974,9.84
2020-06-01,19456,21277,19456,21277,1180225,9.8
2020-06-02,25852,27274,24253,24342,4972227,9.72
2020-06-03,25719,26785,24875,26075,4702766,9.79
2020-06-04,26608,27141,24520,24520,2734866,9.57
2020-06-05,24520,24698,23098,24076,2007593,9.49
2020-06-08,24742,26386,24342,25186,3981839,9.41
2020-06-09,26030,26163,24609,24831,1447288,9.31
2020-06-10,25097,25142,24298,24698,740074,9.32
2020-06-11,24653,24831,23765,23987,888460,9.37
2020-06-12,22476,23232,22388,23187,900013,9.47
2020-06-15,23010,23010,20788,20788,1108221,9.46
2020-06-16,21766,22254,21322,22166,956327,9.56
2020-06-17,21855,22743,21322,22166,1043348,9.45
2020-06-18,22876,23942,22743,22787,1656075,9.38
2020-06-19,23365,23409,22343,22743,560643,9.36
2020-06-22,23098,23276,22388,22521,548488,9.32
2020-06-23,22565,22699,21410,21677,632452,9.32
2020-06-24,21632,21810,20966,21721,483307,9.34
2020-06-25,21144,22476,20700,21943,622510,9.34
2020-06-26,21988,22876,21943,22743,660636,9.36
2020-06-29,22565,23942,22299,23898,1236861,9.38
2020-06-30,24564,24875,23365,24031,1506716,9.36
2020-07-01,23409,23543,21721,22121,1157885,9.36
2020-07-02,22343,22343,21588,21810,373242,9.37
2020-07-03,21899,21988,21410,21899,338195,9.34
2020-07-06,21588,22077,21544,21988,292577,9.37
2020-07-07,21988,22032,21410,21410,442882,9.31
2020-07-08,21277,21366,20833,20833,410798,9.29
2020-07-09,20966,21188,20655,20700,374372,9.29
2020-07-10,20522,20611,19767,19856,483113,9.3
2020-07-13,19944,20788,19589,20700,351216,9.32
2020-07-14,20700,20700,20255,20433,213425,9.32
2020-07-15,20922,21455,20788,21099,414848,9.32
2020-07-16,21277,21588,21099,21233,297276,9.32
2020-07-17,21233,21499,20833,20833,192141,9.31
2020-07-20,20566,20877,20478,20655,211819,9.33
2020-07-21,20700,21988,20611,21632,554589,9.36
2020-07-22,21455,21766,21366,21455,291239,9.35
2020-07-23,21233,21455,20788,21366,319551,9.36
2020-07-24,21188,21721,20833,21011,448521,9.36
2020-07-27,21011,21455,20877,21011,233558,9.34
2020-07-28,20966,21188,20788,20922,254934,9.34
2020-07-29,20744,20877,20566,20744,198584,9.35
2020-07-30,20788,20922,20433,20700,243280,9.34
2020-07-31,20566,21188,20566,21011,289486,9.39
2020-08-03,20833,20877,20344,20478,280653,9.37
2020-08-04,20433,20877,20389,20655,209545,9.39
2020-08-05,20655,21322,20433,21322,316711,9.44
2020-08-06,21322,21544,21011,21233,332884,9.47
2020-08-07,21277,21366,20700,20788,230232,9.47
2020-08-10,20566,21055,20344,20966,332798,9.49
2020-08-11,21188,22832,21188,22787,1372296,9.66
2020-08-12,22610,22654,21855,22654,682598,9.69
2020-08-13,22743,23187,21943,22210,671113,9.62
2020-08-14,22210,23098,22032,22787,856879,9.63
2020-08-18,22699,22787,20744,20877,793248,9.56
2020-08-19,20700,21410,20700,20922,306088,9.54
2020-08-20,20788,20833,19634,19634,565860,9.56
2020-08-21,19811,20389,19367,19811,287915,9.58
2020-08-24,19722,20122,19500,19811,196765,9.59
2020-08-25,20122,20744,19989,20433,311615,9.59
2020-08-26,20833,20966,20255,20389,269878,9.6
2020-08-27,20522,20566,19856,19900,297244,9.57
2020-08-28,20389,20566,19900,20255,282458,9.55
2020-08-31,20522,20566,19678,19678,452754,9.4
2020-09-01,19678,20167,19678,20122,202109,9.41
2020-09-02,20167,20300,19856,20122,253263,9.4
2020-09-03,20122,20300,19989,20167,195776,9.37
2020-09-04,19456,20033,19456,19944,259757,9.37
2020-09-07,19811,21188,19767,20788,555566,9.42
2020-09-08,21055,21233,20433,20433,356271,9.34
2020-09-09,20122,20344,20078,20078,229029,9.32
2020-09-10,20389,21144,20255,21099,618402,9.38
2020-09-11,21099,21766,20877,21677,593917,9.32
2020-09-14,22077,22521,21943,22254,616965,9.37
2020-09-15,22610,22654,21499,21677,723804,9.31
2020-09-16,21721,21766,21233,21366,367732,9.3
2020-09-17,21366,21721,20922,21677,335673,9.26
2020-09-18,21455,21766,21144,21366,293532,9.23
2020-09-21,21099,21366,20611,20788,266348,9.22
2020-09-22,20389,20478,19989,20033,335008,9.19
2020-09-23,20078,20433,19856,20255,225397,9.16
2020-09-24,19634,20033,19500,19545,300176,9.12
2020-09-25,19589,20033,19589,19589,168258,9.12
2020-09-28,19722,20478,19722,20255,170646,9.15
2020-09-29,20522,21277,20255,21144,455264,9.15
2020-10-05,21188,21677,20522,21544,425010,9.13
2020-10-06,21455,21632,20833,20922,219964,9.11
2020-10-07,20744,21499,20700,21233,209094,9.09
2020-10-08,21766,21766,21011,21588,352023,9.08
2020-10-12,22077,22476,21455,21766,1051970,9.03
2020-10-13,21988,22077,20966,21099,1209849,9.02
2020-10-14,21277,21322,20522,20566,392710,9.01
2020-10-15,20344,20788,20033,20255,302599,9.02
2020-10-16,20522,20566,19989,20167,238178,9.0
2020-10-19,20522,20611,20300,20433,173024,9.01
2020-10-20,20255,20389,19989,20211,173234,9.01
2020-10-21,20211,20522,20167,20522,143307,9.02
2020-10-22,20522,20522,20167,20344,129409,9.01
2020-10-23,20433,20433,20167,20300,132500,9.0
2020-10-26,20211,20255,19944,20122,164476,8.99
2020-10-27,19900,20033,19634,19767,214293,8.96
2020-10-28,19634,19989,19589,19811,108389,8.96
2020-10-29,19500,19545,19234,19323,272997,8.92
2020-10-30,19411,19411,18923,18967,226949,8.87
2020-11-02,18923,19189,18923,19012,113148,8.86
2020-11-03,19012,19411,19012,19234,186218,8.86
2020-11-04,19367,19989,19278,19856,308743,8.89
2020-11-05,19856,20211,19722,20211,180580,8.9
2020-11-06,20255,20255,19767,20078,172408,8.89
2020-11-09,20167,21277,20167,21188,700053,8.92
2020-11-10,21588,21766,20922,21588,822750,8.92
2020-11-11,21499,21899,21277,21677,650235,8.97
2020-11-12,21499,21677,21099,21322,453549,8.94
2020-11-13,21322,21899,21099,21499,664106,8.89
2020-11-16,22077,23454,21899,23232,1957910,9.05
2020-11-17,23720,24031,22921,23676,1428191,9.06
2020-11-18,23720,23765,22787,23054,650587,9.05
2020-11-19,22876,22921,21899,22210,793752,9.06
2020-11-20,21943,22787,21899,22654,449458,9.1
2020-11-23,22876,24831,22432,24031,2490777,9.14
2020-11-24,24475,24520,23543,23765,869518,9.07
2020-11-25,23854,24653,23409,24209,1123911,9.14
2020-11-26,24164,24164,23498,23987,438979,9.06
2020-11-27,24298,24387,23854,24209,504598,9.0
2020-11-30,24431,24564,23809,24031,801155,8.9
2020-12-01,24076,24831,23987,24520,736189,8.89
2020-12-02,24520,24520,24076,24475,411653,8.87
2020-12-03,24475,24520,24031,24387,485217,8.87
2020-12-04,24564,25319,24431,24831,780235,8.9
2020-12-07,25186,25231,24120,25008,553705,8.89
2020-12-08,25275,25319,24431,24475,426711,8.87
2020-12-09,24475,24786,24209,24564,300360,8.89
2020-12-10,24609,25053,24298,24831,565529,8.91
2020-12-11,25142,25852,25053,25319,945887,8.9
2020-12-14,25319,25364,24520,24698,445811,8.92
2020-12-15,24698,24786,23987,24031,444386,8.99
2020-12-16,24164,24431,24120,24298,265125,9.04
2020-12-17,24387,24387,23631,23942,408495,8.99
2020-12-18,24120,24120,23720,23942,250310,8.98
2020-12-21,23898,23898,23454,23765,310429,9.02
2020-12-22,23809,24475,23187,23187,502206,9.04
2020-12-23,23676,23720,22743,23276,276967,9.05
2020-12-24,24431,24475,23498,23676,622567,8.97
2020-12-28,23854,23987,23454,23987,425725,9.0
2020-12-29,24031,24209,23543,23942,338080,8.99
2020-12-30,23765,24342,23765,24342,458485,8.97
2021-01-04,24253,24786,23631,24742,603920,8.97
2021-01-05,24698,25852,24475,25542,1099115,8.94
2021-01-06,26030,26163,25097,25497,837129,8.99
2021-01-07,25808,26386,25586,26252,894528,9.13
2021-01-08,26386,26386,25586,26252,667270,9.13
2021-01-11,26252,26252,24964,25364,820424,9.14
2021-01-12,25364,25586,24653,25231,509247,9.21
2021-01-13,25408,25586,24964,25275,369554,9.28
2021-01-14,25142,25852,25053,25319,499780,9.33
2021-01-15,25408,25497,24431,24653,406541,9.3
2021-01-18,24031,24342,23765,24253,442657,9.35
2021-01-19,24475,24520,23898,24387,407914,9.36
2021-01-20,24431,24431,23765,24031,412567,9.33
2021-01-21,24164,25231,23987,24964,621752,9.37
2021-01-22,25053,25097,24387,24431,294959,9.34
2021-01-25,25008,25186,24653,24875,348086,9.32
2021-01-26,24875,24875,23987,23987,361251,9.3
2021-01-27,24164,24253,23587,23631,296561,9.31
2021-01-28,23098,23232,22743,22876,335083,9.29
2021-01-29,22965,23098,21721,21721,469092,9.24
2021-02-01,21544,22743,21455,22743,294313,9.27
2021-02-02,22787,23232,22299,23098,262903,9.28
2021-02-03,23320,23587,22965,23098,266825,9.29
2021-02-04,23276,23320,22476,22610,218372,9.27
2021-02-05,22921,23054,22565,23054,176240,9.28
2021-02-08,22832,23631,22743,23143,205855,9.28
2021-02-09,23720,23720,23232,23498,172440,9.27
2021-02-10,23543,23765,23187,23631,179799,9.3
2021-02-15,23898,24253,23854,24076,294523,9.28
2021-02-16,24164,24164,23720,23898,221101,9.27
2021-02-17,23942,23987,23276,23320,210010,9.24
2021-02-18,23276,23676,23098,23187,218256,9.25
2021-02-19,22965,23543,22699,23454,182578,9.26
2021-02-22,23587,23631,22921,23010,194665,9.26
2021-02-23,23365,23854,23098,23498,395310,9.26
2021-02-24,23543,23720,22787,22787,241443,9.25
2021-02-25,22965,23276,22699,23232,235480,9.28
2021-02-26,22743,22921,22254,22610,396651,9.22
2021-03-02,22921,23098,22343,22610,223562,9.23
2021-03-03,22565,22743,22299,22610,170953,9.22
2021-03-04,22254,22432,22077,22299,214182,9.22
2021-03-05,22032,22254,21810,22077,165373,9.23
2021-03-08,22299,23098,22032,22787,339641,9.23
2021-03-09,23054,23320,22610,23098,340762,9.19
2021-03-10,23187,23276,22743,22876,208233,9.16
2021-03-11,22965,23143,22432,22432,365413,9.18
2021-03-12,22610,23720,22254,23498,779877,9.27
2021-03-15,23854,23898,23232,23498,419623,9.19
2021-03-16,23676,23765,23276,23454,400815,9.12
2021-03-17,23676,23720,23143,23409,236444,9.07
2021-03-18,23631,23720,23409,23409,228241,9.05
2021-03-19,23276,23320,22921,23320,229149,9.02
2021-03-22,23320,23631,23232,23631,278142,8.98
2021-03-23,23676,23854,23276,23276,225123,8.96
2021-03-24,23276,23809,23010,23587,385081,8.93
2021-03-25,23587,23854,23409,23631,349761,8.87
2021-03-26,23765,25586,23720,25275,1473956,9.08
2021-03-29,25941,26963,25675,25808,1994895,8.99
2021-03-30,26119,26163,24875,24920,770103,8.86
2021-03-31,24875,25986,24653,25142,628615,8.81
2021-04-01,25097,25097,24209,24342,563095,8.77
2021-04-02,24475,24698,24164,24698,288510,8.75
2021-04-05,24964,25764,24964,25186,396218,8.75
2021-04-06,25275,25319,24964,25319,240255,8.75
2021-04-07,25408,25408,24920,25008,229321,8.76
2021-04-08,24964,25319,24786,25142,263323,8.76
2021-04-09,25053,25319,24920,24964,189958,8.73
2021-04-12,25586,25986,25053,25764,564606,8.75
2021-04-13,25764,26119,25586,25675,303232,8.69
2021-04-14,25675,25852,25142,25319,428433,8.62
2021-04-15,25275,25408,25053,25231,250965,8.61
2021-04-16,25319,25364,25008,25231,255317,8.59
2021-04-19,25630,25941,25364,25852,538970,8.62
2021-04-20,25808,26163,25675,25719,384270,8.61
2021-04-21,25852,25941,25453,25764,370529,8.59
2021-04-22,25764,26163,25630,26030,370706,8.6
2021-04-23,25986,25986,25408,25808,248823,8.61
2021-04-26,25941,27674,25941,27540,1471649,8.92
2021-04-27,27674,28207,27096,28162,899878,8.87
2021-04-28,28429,29584,28340,28562,1277334,8.79
2021-04-29,28784,31627,28562,30828,1906956,8.87
2021-04-30,31183,33226,31139,32604,2409407,8.74
2021-05-03,33182,35447,32471,33493,2525209,8.46
2021-05-04,32782,33049,30206,32338,2275024,8.3
2021-05-06,31627,33671,30828,33093,1438513,8.29
2021-05-07,33182,35092,32915,33093,1459486,8.35
2021-05-10,33893,35447,33182,35181,1674666,8.48
2021-05-11,35181,36203,34559,35803,1423507,8.32
2021-05-12,35492,35492,34026,34603,1242469,8.24
2021-05-13,33582,35181,32560,33404,1294900,8.22
2021-05-14,33715,34115,31760,32338,955919,8.29
2021-05-17,32782,33271,32338,32649,536553,8.28
2021-05-18,31627,32915,31183,32516,927745,8.3
2021-05-20,31894,31938,30694,30739,835221,8.26
2021-05-21,30828,31405,29584,30295,841105,8.32
2021-05-24,30295,31050,29628,29806,629226,8.29
2021-05-25,29806,30072,29006,30072,612154,8.17
2021-05-26,30072,30206,29184,29362,417757,8.11
2021-05-27,29140,29584,28740,29051,638559,8.12
2021-05-28,29184,30072,29184,29984,519670,8.03
2021-05-31,30383,30428,29673,29939,535127,7.89
2021-06-01,30206,33226,30072,32915,1944699,7.85
2021-06-02,33537,33626,32471,33049,874324,7.75
2021-06-03,33049,33404,32160,33315,706864,7.63
2021-06-04,33004,35136,32604,34070,1290487,7.54
2021-06-07,34648,35714,33626,35003,1329914,7.58
2021-06-08,35003,35048,33360,33937,895558,7.51
2021-06-09,33937,34870,33182,33271,522715,7.49
2021-06-10,33271,33804,32516,33049,476373,7.49
2021-06-11,33049,33937,32649,33804,434009,7.46
2021-06-14,35536,35847,33626,33804,1243998,7.34
2021-06-15,33893,33937,32693,33137,602523,7.34
2021-06-16,32915,33937,32427,33493,812728,7.3
2021-06-17,33049,33226,32782,33004,275292,7.28
2021-06-18,33004,33182,32116,32205,644493,7.2
2021-06-21,31627,33315,31094,31983,1122028,7.21
2021-06-22,32738,32960,32027,32604,705049,7.24
2021-06-23,32516,32871,31849,31894,411506,7.21
2021-06-24,31849,32205,31183,31494,352881,7.18
2021-06-25,31538,32249,31272,31938,309150,7.17
2021-06-28,32516,32516,31983,32205,239246,7.2
2021-06-29,32338,32560,31805,31983,324539,7.16
2021-06-30,32649,32649,31805,31805,317346,7.13
2021-07-01,31805,31805,31005,31094,420849,7.14
2021-07-02,31227,32293,31139,32027,484174,7.22
2021-07-05,32160,32205,31450,31938,214735,7.21
2021-07-06,32027,32249,31672,31716,235523,7.22
2021-07-07,31716,31716,31005,31050,275974,7.2
2021-07-08,30872,30916,29584,29584,766019,7.15
2021-07-09,29228,29451,28473,29051,576856,7.22
2021-07-12,29184,30339,29184,29628,582752,7.27
2021-07-13,29584,30295,29539,29806,267614,7.25
2021-07-14,29806,29850,29095,29451,357836,7.19
2021-07-15,29806,30739,29717,29806,446766,7.2
2021-07-16,29762,29939,29406,29584,260199,7.22
2021-07-19,29273,29273,28784,29095,201866,7.22
2021-07-20,28473,28829,28429,28562,269967,7.19
2021-07-21,28784,29228,28562,28829,464592,7.12
2021-07-22,28962,29806,28962,29495,260847,7.17
2021-07-23,29495,29939,29451,29673,229289,7.15
2021-07-26,29673,29673,28918,29051,180757,7.12
2021-07-27,29406,29495,29051,29140,136146,7.15
2021-07-28,29140,29362,28740,29095,207701,7.14
2021-07-29,29140,29762,29095,29717,195579,7.19
2021-07-30,29584,29584,28740,28873,263072,7.14
2021-08-02,29140,29362,28296,28607,332998,7.13
2021-08-03,28429,28473,27807,28162,271565,7.15
2021-08-04,28074,28829,27807,28829,262358,7.18
2021-08-05,28562,29140,28251,28740,201550,7.2
2021-08-06,28829,28962,28162,28340,296734,7.21
2021-08-09,28118,28340,27407,27407,418924,7.19
2021-08-10,27407,27718,26830,27096,402478,7.26
2021-08-11,27096,27629,26830,26963,299222,7.3
2021-08-12,27007,27807,27007,27407,329510,7.31
2021-08-13,27763,28118,26963,27096,357852,7.23
2021-08-17,27141,27185,25453,25675,640110,7.23
2021-08-18,25008,25986,24964,25231,717307,7.29
2021-08-19,25053,25053,23365,23365,1007686,7.28
2021-08-20,23365,23720,22121,22388,942151,7.4
2021-08-23,22432,23365,22032,22921,578003,7.46
2021-08-24,23143,23942,23143,23854,397826,7.46
2021-08-25,24076,24564,23631,23942,364515,7.44
2021-08-26,24298,24342,23587,23987,242250,7.43
2021-08-27,23765,23942,23543,23854,232307,7.43
2021-08-30,23898,25142,23854,24920,431029,7.44
2021-08-31,25364,25497,24342,24920,588611,7.35
2021-09-01,24875,25142,24031,24164,448946,7.33
2021-09-02,24164,24609,23765,23987,404661,7.34
2021-09-03,23898,24342,23765,24120,202636,7.35
2021-09-06,24076,24742,24031,24609,261821,7.34
2021-09-07,24609,25231,24342,25097,406736,7.27
2021-09-08,25097,25364,24742,25231,322903,7.21
2021-09-09,24964,25186,24076,24209,409176,7.14
2021-09-10,24609,25186,24431,24698,451509,7.12
2021-09-13,24920,25275,24564,25142,406860,7.11
2021-09-14,25319,26519,25142,26252,840753,7.05
2021-09-15,26341,26652,25897,26341,447113,7.01
2021-09-16,26741,27052,25852,26075,361422,6.98
2021-09-17,26252,26297,25142,25586,525923,6.99
2021-09-23,25053,25453,24564,24564,412346,6.94
2021-09-24,24698,24786,23631,23765,481645,6.86
2021-09-27,23765,23942,22787,23010,647125,6.84
2021-09-28,23054,23898,22876,23765,523393,6.79
2021-09-29,23409,23631,22921,23454,472716,6.73
2021-09-30,23454,24209,23409,23898,452825,6.75
2021-10-01,23543,24031,23320,23409,303198,6.77
2021-10-05,23098,23409,22299,22787,455956,6.76
2021-10-06,22743,22876,21233,21233,633327,6.74
2021-10-07,21322,21943,21322,21632,452884,6.7
2021-10-08,21766,22210,20700,21144,559995,6.76
2021-10-12,21144,21588,20255,20611,646742,6.68
2021-10-13,20389,20744,20389,20655,507776,6.65
2021-10-14,20788,21233,20611,21233,413413,6.64
2021-10-15,21544,22254,21322,21588,519069,6.53
2021-10-18,21988,21988,21322,21410,363165,6.44
2021-10-19,21544,21721,20877,21011,442639,6.34
2021-10-20,21144,21322,20833,20966,428839,6.24
2021-10-21,20966,21233,20788,20877,383211,6.16
2021-10-22,20788,20966,20566,20566,381787,6.05
2021-10-25,20566,22388,20389,22166,1034989,6.08
2021-10-26,22432,22476,21943,22166,483616,5.95
2021-10-27,22166,23454,22077,22610,982540,5.91
2021-10-28,22521,23587,22343,22343,680568,5.8
2021-10-29,22654,23587,22521,22921,510374,5.78
2021-11-01,23098,23720,22787,22965,581253,5.69
2021-11-02,23010,23098,22476,22832,344838,5.61
2021-11-03,22832,22876,21810,21855,522627,5.55
2021-11-04,21943,22121,20833,21322,700788,5.46
2021-11-05,21499,21988,20833,21899,468046,5.55
2021-11-08,22388,22521,21410,21810,428647,5.48
2021-11-09,21810,22254,21499,21810,394978,5.5
2021-11-10,21588,21943,21011,21188,433299,5.56
2021-11-11,20966,21455,20788,21322,357095,5.6
2021-11-12,21499,23409,21455,23098,1138182,5.83
2021-11-15,23454,24298,23143,23365,821810,5.89
2021-11-16,23276,23720,22743,23409,530006,5.9
2021-11-17,23809,24253,22876,23098,732390,5.81
2021-11-18,23054,23498,22699,23187,463980,5.87
2021-11-19,23232,24031,22654,22965,614890,5.93
2021-11-22,22787,23587,22210,23409,408785,5.97
2021-11-23,23098,23676,22832,22921,479411,5.95
2021-11-24,22743,23054,21544,21677,981714,5.79
2021-11-25,21322,22299,21322,22121,455786,5.85
2021-11-26,22121,22121,21588,21632,338212,5.9
2021-11-29,20877,21588,20877,21055,581833,5.88
2021-11-30,21144,21677,19989,20522,4821341,5.92
2021-12-01,20255,20966,20167,20655,827491,5.8
2021-12-02,20389,21588,20344,21499,565814,5.77
2021-12-03,21499,21721,21144,21499,301151,5.74
2021-12-06,21499,21988,21455,21588,266680,5.7
2021-12-07,21632,22432,21632,22343,395264,5.77
2021-12-08,22343,22654,21899,21943,317564,5.7
2021-12-09,21943,22343,21810,22121,277187,5.72
2021-12-10,22210,22299,21855,22077,162933,5.66
2021-12-13,21322,21899,20877,21455,701566,5.66
2021-12-14,21188,21588,20922,21055,301584,5.59
2021-12-15,20833,21233,20522,20922,265031,5.47
2021-12-16,20922,21410,20922,21277,210239,5.56
2021-12-17,21099,21588,20833,21410,315059,5.54
2021-12-20,21322,21322,20522,20655,308216,5.47
2021-12-21,20700,20833,20389,20744,217377,5.51
2021-12-22,20788,20922,20300,20389,291640,5.45
2021-12-23,20433,20566,20300,20522,182200,5.43
2021-12-24,20433,20655,20344,20433,187715,5.4
2021-12-27,20433,20433,20122,20211,216385,5.41
2021-12-28,20211,20433,19989,20122,421948,5.36
2021-12-29,20211,20700,19856,20300,336575,5.38
2021-12-30,20255,20478,20167,20478,225918,5.42
2022-01-03,20611,20744,20255,20389,218018,5.38
2022-01-04,20211,20966,20122,20922,440422,5.42
2022-01-05,21011,21499,20700,20966,526158,5.39
2022-01-06,20744,22610,20700,22121,1438011,5.48
2022-01-07,22521,22521,21810,22388,546963,5.45
2022-01-10,22388,22876,22166,22699,494526,5.44
2022-01-11,22921,22921,21943,22343,449244,5.46
2022-01-12,22388,22610,21499,22166,526858,5.45
2022-01-13,22121,22610,21855,22432,366919,5.44
2022-01-14,22032,22965,21588,22432,769353,5.32
2022-01-17,22077,22254,20566,20877,805583,5.24
2022-01-18,20966,21011,19456,19500,881360,5.15
2022-01-19,19100,19767,18967,19056,519174,5.08
2022-01-20,18967,19278,18878,19234,281910,4.88
2022-01-21,19056,19056,18745,18923,344542,4.88
2022-01-24,18745,19100,17812,17990,438941,4.86
2022-01-25,17946,18168,17235,17279,384334,4.81
2022-01-26,17235,17812,17235,17368,267252,4.76
2022-01-27,17368,17590,16258,16302,473109,4.8
2022-01-28,16613,17590,16391,17546,368898,4.75
2022-02-03,17768,18923,17768,18701,509879,4.75
2022-02-04,18878,19634,18834,19545,441537,4.75
2022-02-07,19545,19545,18923,19100,284688,4.71
2022-02-08,19100,19634,18745,19012,224789,4.66
2022-02-09,19278,19856,19100,19678,215824,4.68
2022-02-10,19989,19989,19545,19589,228098,4.71
2022-02-11,19278,19411,18878,19056,168063,4.7
2022-02-14,18656,19012,18301,18790,239697,4.71
2022-02-15,18567,19012,18345,18479,131120,4.7
2022-02-16,18834,19145,18745,18923,138671,4.69
2022-02-17,19100,19367,18567,18745,288795,4.64
2022-02-18,18390,19411,18301,19189,277748,4.61
2022-02-21,18923,19589,18790,19500,220666,4.59
2022-02-22,19234,20167,18878,19678,485897,4.53
2022-02-23,20033,24253,19944,23987,3795556,4.57
2022-02-24,23587,24164,22476,22832,2512239,4.73
2022-02-25,23232,25453,22832,22921,3306479,4.6
2022-02-28,22654,24076,22610,23543,1070557,4.58
2022-03-02,23898,25231,23765,24431,1678084,4.87
2022-03-03,24564,24564,23098,23143,1584356,4.72
2022-03-04,23143,24342,23143,23854,1303832,4.87
2022-03-07,23809,25008,23543,24120,1555170,4.74
2022-03-08,23809,24342,22388,22965,1101471,4.68
2022-03-10,22787,22787,21544,22343,1142942,4.61
2022-03-11,22299,22921,21988,22832,536416,4.6
2022-03-14,22654,23098,22121,22210,538010,4.56
2022-03-15,22077,22210,20833,21099,775750,4.56
2022-03-16,21366,21410,20877,21099,411182,4.55
2022-03-17,21322,21544,20966,21011,390666,4.54
2022-03-18,21188,21855,21055,21810,552241,4.51
2022-03-21,21988,21988,21277,21455,319650,4.49
2022-03-22,21544,22699,21544,22610,680354,4.53
2022-03-23,22610,22832,22077,22654,403807,4.52
2022-03-24,22699,23320,22432,23098,716669,4.51
2022-03-25,23543,23543,22832,22921,452690,4.54
2022-03-28,23098,23276,22610,23010,404345,4.55
2022-03-29,23010,23187,22032,22077,480524,4.47
2022-03-30,22210,22343,21677,21899,288273,4.42
2022-03-31,21943,22388,21766,22032,224531,4.4
2022-04-01,22032,22077,21410,21544,301460,4.42
2022-04-04,21366,22032,21277,21988,222396,4.4
2022-04-05,21988,22476,21899,22254,232570,4.43
2022-04-06,22166,22388,21632,21766,209078,4.4
2022-04-07,21410,21721,21055,21099,302645,4.33
2022-04-08,21188,21322,20700,21144,227032,4.29
2022-04-11,20877,21410,20877,21322,156466,4.28
2022-04-12,21011,22432,21011,22210,679486,4.45
2022-04-13,22166,23587,22077,23543,1065885,4.61
2022-04-14,23409,24387,23232,23365,996158,4.66
2022-04-15,23320,25008,23098,25008,1431606,4.74
2022-04-18,25186,25764,23854,23987,1360710,4.49
2022-04-19,24164,25142,23854,24742,849453,4.45
2022-04-20,24698,24875,23942,24076,839827,4.45
2022-04-21,23765,23898,22965,23765,899392,4.44
2022-04-22,23676,24342,23098,23232,556193,4.34
2022-04-25,22699,23143,22521,23010,510213,4.39
2022-04-26,23232,23587,22521,23454,413906,4.4
2022-04-27,22743,23809,22743,23276,498433,4.38
2022-04-28,23676,24387,23232,23498,583142,4.36
2022-04-29,23631,23631,23054,23365,306328,4.28
2022-05-02,23098,23454,22787,23143,288941,4.26
2022-05-03,23187,23320,22299,22476,513940,4.23
2022-05-04,22476,22654,21899,22254,533298,4.22
2022-05-06,21766,22254,21677,21988,415410,4.26
2022-05-09,21766,21988,21277,21499,395100,4.28
2022-05-10,21055,21277,20611,21277,443833,4.25
2022-05-11,21099,21322,20788,20922,307091,4.15
2022-05-12,20788,21810,20522,20922,612175,4.18
2022-05-13,21011,21588,20966,21455,332923,4.22
2022-05-16,21455,21499,20877,21055,385701,4.25
2022-05-17,20700,21099,19012,19056,1876839,3.9
2022-05-18,19189,19367,18612,18745,540170,3.83
2022-05-19,18168,18567,17946,18212,750512,3.84
2022-05-20,18256,18612,18123,18434,321341,3.83
2022-05-23,18301,18434,18168,18345,350838,3.78
2022-05-24,18256,18834,18168,18256,394654,3.77
2022-05-25,18256,18656,18123,18212,244799,3.77
2022-05-26,18168,19456,18168,19278,678008,3.91
2022-05-27,19278,19856,19145,19411,376961,3.94
2022-05-30,19722,19856,19189,19323,263015,3.97
2022-05-31,19367,19900,19323,19589,397885,4.02
2022-06-02,19589,20078,19411,19856,356566,3.61
2022-06-03,19856,20167,19678,19989,220356,3.56
2022-06-07,20033,20611,19767,20344,689303,3.6
2022-06-08,20611,20744,19989,20255,436967,3.67
2022-06-09,20300,20700,19811,20433,448374,3.69
2022-06-10,20433,20788,20078,20300,418941,3.65
2022-06-13,19722,19900,18967,18967,483936,3.59
2022-06-14,18434,19056,18345,18834,501388,3.55
2022-06-15,18567,18745,17812,18168,551938,3.41
2022-06-16,18434,18834,17990,18079,395660,3.37
2022-06-17,17501,19367,17412,19145,643170,3.42
2022-06-20,19145,19234,18345,18567,389887,3.4
2022-06-21,18612,20433,18567,20255,910583,3.54
2022-06-22,20300,20566,19545,19589,658990,3.5
2022-06-23,19989,20167,18745,18790,614007,3.47
2022-06-24,18834,19145,18479,18967,349056,3.41
2022-06-27,19189,20344,19100,20167,515284,3.48
2022-06-28,20167,20433,19767,20255,289727,3.45
2022-06-29,19900,21188,19900,20211,606781,3.43
2022-06-30,20478,21588,20300,21322,1392629,3.54
2022-07-01,21455,21499,20611,20833,660560,3.39
2022-07-04,20788,20922,19234,19722,737452,3.17
2022-07-05,19811,19944,19189,19722,424256,3.24
2022-07-06,19411,19411,17768,17857,1334755,3.05
2022-07-07,18079,18390,17679,17990,619833,3.13
2022-07-08,18212,18523,18034,18123,394635,3.13
2022-07-11,18079,18168,17679,17812,321466,3.09
2022-07-12,17412,18079,17412,17590,432966,3.07
2022-07-13,17590,17590,16524,17057,612388,3.05
2022-07-14,16968,17457,16613,17190,306639,3.05
2022-07-15,17235,17279,16791,17146,261812,3.08
2022-07-18,17279,17901,17279,17768,421271,3.08
2022-07-19,17546,18345,17546,17857,318893,3.06
2022-07-20,18212,18212,17590,17812,581519,3.02
2022-07-21,17946,18479,17768,18256,539473,3.08
2022-07-22,18301,18434,17812,18079,681281,3.13
2022-07-25,18256,18479,16657,17368,1325145,3.09
2022-07-26,17368,17857,17190,17679,459755,3.15
2022-07-27,17679,17679,17057,17190,418226,3.12
2022-07-28,17368,17457,17013,17146,447889,3.14
2022-07-29,17235,17635,17057,17635,491999,3.3
2022-08-01,17723,18390,17546,18301,640518,3.36
2022-08-02,18168,18345,17857,18123,415448,3.38
2022-08-03,17901,18656,17901,18212,492321,3.41
2022-08-04,18612,18745,17857,18079,380618,3.35
2022-08-05,18034,18301,17812,18256,437100,3.5
2022-08-08,17635,18301,17457,18256,418828,3.64
2022-08-09,18034,18434,18034,18256,337401,3.73
2022-08-10,18212,19545,18212,19323,1129751,4.01
2022-08-11,19722,19722,18790,19145,608161,3.89
2022-08-12,19367,20167,19056,19278,752008,3.87
2022-08-16,19323,19456,18834,18878,357229,3.78
2022-08-17,19100,19500,18790,18878,360349,3.76
2022-08-18,18701,18923,18390,18612,294328,3.77
2022-08-19,18612,19056,18434,18612,348531,3.73
2022-08-22,18301,19100,18256,18390,277879,3.73
2022-08-23,18390,19234,18168,19145,546491,3.63
2022-08-24,19189,19589,18923,19500,477230,3.73
2022-08-25,19634,19811,18967,19189,483782,3.64
2022-08-26,19056,19234,18656,18745,507939,3.57
2022-08-29,17901,18567,17901,17990,503227,3.57
2022-08-30,18034,18345,17946,18123,346753,3.55
2022-08-31,17946,18212,17590,17901,435924,3.45
2022-09-01,17723,17857,17102,17102,588898,3.36
2022-09-02,17279,17368,16791,16879,676941,3.23
2022-09-05,16924,17324,16702,16924,478526,3.28
2022-09-06,16746,18567,16746,17190,1588291,3.1
2022-09-07,17102,17235,16524,16568,624551,2.96
2022-09-08,16791,16835,16302,16391,570091,2.83
2022-09-13,16657,16924,16568,16702,411783,2.84
2022-09-14,16258,16879,16169,16835,410361,2.81
2022-09-15,17235,17946,17013,17901,758372,2.99
2022-09-16,18168,18434,17590,17679,624292,2.97
2022-09-19,17901,18123,17102,17190,473895,2.89
2022-09-20,17590,17590,17146,17412,284674,2.79
2022-09-21,17501,19634,17501,18967,2626229,2.98
2022-09-22,18923,19989,18612,19767,1889710,2.99
2022-09-23,19900,20033,19056,19545,1000257,2.78
2022-09-26,19900,23098,18834,22166,16659868,2.47
2022-09-27,20833,20877,17812,18123,6364298,2.23
2022-09-28,18256,19189,17057,17057,3339879,2.39
2022-09-29,17412,17546,16924,17057,1329747,2.56
2022-09-30,16702,17324,16702,16835,872080,2.63
2022-10-04,17279,17590,16746,17368,951903,2.71
2022-10-05,17501,17946,17146,17190,889665,2.73
2022-10-06,17368,18701,17324,18656,1386813,2.97
2022-10-07,18523,18923,18123,18123,905025,2.9
2022-10-11,17635,17990,17013,17190,609385,2.73
2022-10-12,17013,17235,16524,16791,665262,2.64
2022-10-13,16835,16835,15725,15725,883052,2.51
2022-10-14,16213,16391,15902,16124,451213,2.45
2022-10-17,15858,16080,15325,16080,502907,2.43
2022-10-18,16346,16613,15858,16213,589691,2.46
2022-10-19,16213,16657,16080,16213,517546,2.54
2022-10-20,16124,16879,16124,16657,713023,2.6
2022-10-21,16613,16613,15902,15947,541748,2.58
2022-10-24,16169,16391,16080,16169,386322,2.49
2022-10-25,16258,16302,15947,16035,263814,2.52
2022-10-26,16124,16124,15636,15636,367665,2.51
2022-10-27,15725,16169,15636,16035,286963,2.52
2022-10-28,16080,16613,16035,16391,626713,2.56
2022-10-31,16568,16613,16124,16258,384726,2.53
2022-11-01,16258,16568,16080,16435,250880,2.54
2022-11-02,16302,16791,16213,16568,505042,2.53
2022-11-03,16302,16613,16169,16302,464579,2.56
2022-11-04,16435,16879,16391,16480,446526,2.56
2022-11-07,16524,16702,16258,16657,478131,2.62
2022-11-08,16791,17057,16657,16924,345225,2.66
2022-11-09,17057,17235,16791,16968,454378,2.7
2022-11-10,16968,17279,16702,16702,395392,2.71
2022-11-11,17279,17279,16924,17190,697153,2.68
2022-11-14,17190,17190,16480,16702,679940,2.7
2022-11-15,16702,17279,16568,17190,395412,2.83
2022-11-16,17279,17990,17057,17901,665247,2.93
2022-11-17,17901,18123,17590,17901,375791,2.94
2022-11-18,17901,18390,17635,17857,345427,2.97
2022-11-21,17857,17857,17102,17102,357717,2.89
2022-11-22,17013,17457,17013,17324,162971,2.92
2022-11-23,17368,17590,17102,17235,178300,2.88
2022-11-24,17279,17279,16924,17102,181971,2.81
2022-11-25,17102,17324,16968,17235,123660,2.83
2022-11-28,17279,17324,16613,16791,232418,2.78
2022-11-29,16568,17013,16568,16968,137786,2.78
2022-11-30,16968,17146,16702,16968,166151,2.78
2022-12-01,17146,17368,16968,17013,255575,2.67
2022-12-02,17013,17057,16391,16480,402728,2.59
2022-12-05,16480,16702,16391,16524,206540,2.61
2022-12-06,16302,16702,16302,16391,160753,2.63
2022-12-07,16435,16480,16213,16302,139600,2.61
2022-12-08,16391,16391,16080,16169,191082,2.57
2022-12-09,16169,16524,16169,16435,167140,2.56
2022-12-12,16480,16746,16435,16480,188809,2.54
2022-12-13,16568,17102,16568,17102,420015,2.62
2022-12-14,17102,17190,16835,17057,197168,2.55
2022-12-15,17057,17279,16879,16879,213100,2.57
2022-12-16,17146,17901,16524,16746,1298286,2.52
2022-12-19,16968,17235,16435,16613,526370,2.45
2022-12-20,16613,16613,16213,16258,331472,2.43
2022-12-21,16391,16435,16169,16302,270193,2.4
2022-12-22,16302,17190,16302,16835,517603,2.49
2022-12-23,16657,17013,16613,16791,358692,2.54
2022-12-26,16968,17057,16346,16435,350176,2.47
2022-12-27,16346,16746,16302,16702,340382,2.5
2022-12-28,16568,17190,16524,17102,398242,2.54
2022-12-29,17102,17279,16524,16835,310402,2.52
2023-01-02,16879,17146,16524,16613,178023,2.49
2023-01-03,16568,16924,15636,16080,450020,2.39
2023-01-04,15858,16213,15813,16080,265521,2.32
2023-01-05,16080,16213,15813,15902,218269,2.35
2023-01-06,15769,16080,15725,15947,228387,2.37
2023-01-09,16169,16746,16035,16702,345277,2.47
2023-01-10,16613,16835,16524,16746,215735,2.49
2023-01-11,16702,17146,16702,17102,339782,2.57
2023-01-12,17235,17501,17146,17279,321707,2.63
2023-01-13,17368,17590,17279,17412,279627,2.72
2023-01-16,17457,17546,17190,17412,222467,2.75
2023-01-17,17324,17679,17324,17590,258812,2.86
2023-01-18,17590,17723,17013,17279,248652,2.81
2023-01-19,17190,17368,16879,17102,158570,2.81
2023-01-20,17102,17990,17102,17768,485304,2.89
2023-01-25,17857,17946,17723,17857,234694,2.88
2023-01-26,18034,18168,17723,18123,295345,2.79
2023-01-27,18123,18790,17946,18701,490818,2.74
2023-01-30,18479,19634,18434,19411,939296,2.77
2023-01-31,19411,20611,19367,20478,1037647,2.85
2023-02-01,20478,20922,20167,20877,566723,2.85
2023-02-02,20788,21099,20522,20833,578344,2.83
2023-02-03,20700,21988,20478,21677,816331,2.89
2023-02-06,21677,22254,20833,21632,911915,2.87
2023-02-07,21632,21899,20788,20966,748753,2.8
2023-02-08,21011,21011,20122,20389,697225,2.89
2023-02-09,20389,21544,20255,21188,532402,2.84
2023-02-10,20922,22565,20833,21988,1127363,2.89
2023-02-13,22121,23498,21943,23098,1257220,2.79
2023-02-14,23143,23898,22565,23543,930604,2.74
2023-02-15,23498,24164,23054,23232,717922,2.79
2023-02-16,23320,23898,22476,23098,516619,2.76
2023-02-17,23054,23054,21855,22343,861836,2.8
2023-02-20,22343,22521,21632,21810,482279,2.86
2023-02-21,21855,23276,21855,23098,696520,2.88
2023-02-22,22832,23765,22743,23232,640172,2.87
2023-02-23,23365,23409,22654,23098,345900,2.9
2023-02-24,22876,23365,22565,23054,487765,3.05
2023-02-27,22787,22787,22077,22610,420328,3.12
2023-02-28,22832,23187,22521,22876,397622,3.19
2023-03-02,22876,23187,22565,22921,470507,3.24
2023-03-03,22921,23054,21277,21855,827268,3.11
2023-03-06,21677,21766,20877,21322,728319,3.2
2023-03-07,21544,22032,20744,20833,823911,3.22
2023-03-08,20700,20700,19545,19811,1209270,3.38
2023-03-09,20033,20122,19323,19767,560403,3.3
2023-03-10,19500,20167,19323,19856,465949,3.22
2023-03-13,19589,20078,19012,19944,521172,3.18
2023-03-14,19545,20522,19278,20167,569154,3.17
2023-03-15,20655,21632,19989,21410,705268,3.14
2023-03-16,21188,21410,20522,21233,390743,3.09
2023-03-17,21233,21455,20611,20788,374886,3.12
2023-03-20,20744,21366,20522,20655,235494,3.16
2023-03-21,20833,22299,20833,21810,578416,3.28
2023-03-22,22299,22299,21588,21810,501799,3.24
2023-03-23,21988,22699,21366,21499,515446,3.22
2023-03-24,21410,21455,20344,20966,484070,3.22
2023-03-27,20877,21055,20389,20700,445100,3.32
2023-03-28,20966,22254,20877,22121,603155,3.43
2023-03-29,22121,22299,21144,21188,490107,3.37
2023-03-30,21277,21410,20566,21144,467173,3.42
2023-03-31,21277,22121,20966,21766,493594,3.45
2023-04-03,22121,23010,21810,22521,842323,3.48
2023-04-04,22743,23232,22476,23143,605107,3.51
2023-04-05,23187,23365,22610,22787,385458,3.45
2023-04-06,22876,23276,22077,22299,412990,3.51
2023-04-07,22299,22699,21943,22166,359060,3.56
2023-04-10,22299,22343,21721,22077,350990,3.61
2023-04-11,22299,22521,21677,22210,336073,3.6
2023-04-12,22254,23232,22254,22787,626119,3.67
2023-04-13,22832,23454,22610,23365,551387,3.63
2023-04-14,23543,24387,22965,23631,724634,3.6
2023-04-17,23987,25497,23720,25097,1266274,3.72
2023-04-18,25275,25408,24609,24920,637069,3.68
2023-04-19,24964,26652,24742,26386,1252139,3.79
2023-04-20,26474,26963,25852,26474,831713,3.84
2023-04-21,26474,26474,24742,24964,928253,3.97
2023-04-24,24698,25764,24653,25053,587963,3.92
2023-04-25,25319,26208,24475,25364,860293,3.85
2023-04-26,25231,25319,24298,24475,540228,3.85
2023-04-27,24698,25008,23898,23987,623612,3.88
2023-04-28,24253,25142,23365,23942,938884,3.94
2023-05-02,23942,23942,22743,23320,757278,4.03
2023-05-03,23187,23543,22432,22610,755101,4.05
2023-05-04,22432,22832,21899,22388,567015,3.99
2023-05-08,22299,23232,22121,22565,431259,3.89
2023-05-09,22832,24298,22832,23587,762640,3.89
2023-05-10,23809,23809,22610,22699,564272,3.84
2023-05-11,22654,23187,22521,22699,415992,3.91
2023-05-12,22699,22699,21899,22166,344012,3.85
2023-05-15,22210,22699,21766,22388,278326,3.78
2023-05-16,22432,22699,22032,22432,323602,3.72
2023-05-17,22699,23232,22343,22521,531120,3.61
2023-05-18,22521,22610,22210,22565,294655,3.6
2023-05-19,22610,23054,22432,23054,450908,3.61
2023-05-22,23098,26386,23098,25764,2472556,4.06
2023-05-23,26297,26297,25008,25586,1126268,4.23
2023-05-24,25542,27585,25053,27496,2446610,4.31
2023-05-25,27007,27452,25808,25852,2080864,4.44
2023-05-26,25852,25897,24786,25453,962244,4.34
2023-05-30,25497,26430,25142,25453,858864,4.18
2023-05-31,25497,25719,24875,25186,541302,4.17
2023-06-01,24742,25408,24120,24164,1027427,4.03
2023-06-02,24164,24475,23898,24253,797253,3.92
2023-06-05,24786,25675,24520,25586,1157155,3.79
2023-06-07,25897,26075,25275,25808,711648,3.76
2023-06-08,25764,26430,25542,25897,1328798,3.83
2023-06-09,25897,26075,25053,25764,820562,3.75
2023-06-12,25941,26963,25453,26741,1849981,1.76
2023-06-13,26741,26919,24875,24920,2808091,1.35
2023-06-14,25186,26474,24920,25941,1695768,1.43
2023-06-15,25986,26474,25586,26297,928974,1.38
2023-06-16,26474,30650,26119,29451,6507867,1.88
2023-06-19,29495,30783,29140,30295,2607490,1.7
2023-06-20,30250,34781,30117,33937,7093552,1.85
2023-06-21,34159,35980,33671,34914,3976420,1.7
2023-06-22,34204,34914,32649,34737,3314023,1.85
2023-06-23,34248,34870,32827,33448,1769567,1.84
2023-06-26,32960,33537,32160,32738,1153274,1.87
2023-06-27,33093,33804,32160,33493,1298225,1.83
2023-06-28,33759,34115,32871,33271,996914,1.79
2023-06-29,33582,34026,33137,33404,800680,1.77
2023-06-30,33404,33804,32560,33493,844441,1.77
2023-07-03,33493,33759,31805,33671,1201360,1.76
2023-07-04,33626,35003,33226,34115,1220368,1.75
2023-07-05,34026,35359,33360,34381,1185938,1.75
2023-07-06,35270,35403,34159,34470,1417386,1.66
2023-07-07,34648,36958,34292,36513,3181567,1.74
2023-07-10,36824,37535,35803,37357,1654968,1.72
2023-07-11,37357,39978,36602,39889,1906121,1.84
2023-07-12,39401,44332,39356,40867,4217039,2.15
2023-07-13,41267,43221,40334,43043,2152410,2.29
2023-07-14,43043,43887,41311,42377,2141847,2.26
2023-07-17,42377,44154,41222,41844,1765674,2.24
2023-07-18,42022,42155,40378,41311,1284173,2.31
2023-07-19,41489,43576,40867,41311,1746845,2.32
2023-07-20,40867,40911,38646,39401,1583950,2.43
2023-07-21,39401,40911,38823,39090,1566773,2.57
2023-07-24,38779,39356,38201,38557,1401841,2.61
2023-07-25,38290,40689,37624,40289,1960244,2.69
2023-07-26,40511,40511,37757,38468,1808421,2.62
2023-07-27,39090,41489,37091,37446,2430199,2.64
2023-07-28,37713,40511,35936,40156,1534757,2.75
2023-07-31,40733,42155,39356,41533,1127178,2.76
2023-08-01,41888,44243,41311,43443,1709395,2.85
2023-08-02,43443,43976,41400,42111,1169112,2.86
2023-08-03,41577,42111,39978,40956,995198,2.81
2023-08-04,41000,43043,41000,41311,1017285,2.83
2023-08-07,40867,41355,39579,40200,875848,2.89
2023-08-08,40689,42155,40200,41311,1062324,2.93
2023-08-09,41222,41222,39756,40556,886800,2.87
2023-08-10,40334,41355,40245,41267,987037,2.92
2023-08-11,42244,42288,39223,41222,1545238,3.02
2023-08-14,40867,41133,37757,38468,1521191,2.98
2023-08-16,37091,37757,35892,36114,1450909,3.14
2023-08-17,35314,36025,34603,35359,1149233,3.15
2023-08-18,34515,35048,33848,33981,849019,3.17
2023-08-21,33759,34914,33404,33537,929089,3.2
2023-08-22,30828,32471,30650,31849,2459836,3.43
2023-08-23,31316,31983,30739,31272,1036756,3.44
2023-08-24,30295,31405,29495,31139,1891304,3.48
2023-08-25,30739,31538,29984,31094,1065751,3.52
2023-08-28,31183,34026,31183,33448,1700388,3.58
2023-08-29,34426,35980,33937,35758,1955671,3.63
2023-08-30,35803,35847,34515,35136,1498350,3.72
2023-08-31,35225,35403,34070,34070,4959473,3.81
2023-09-01,33759,34292,30961,31094,2129531,3.87
2023-09-04,31316,32560,31227,32071,1049088,3.93
2023-09-05,31983,32027,31183,31494,618876,3.9
2023-09-06,31716,32027,31361,31627,568982,3.36
2023-09-07,31672,31672,30739,31183,520005,3.34
2023-09-08,31361,31361,30339,30739,425153,3.14
2023-09-11,31094,32027,30916,31361,723886,3.12
2023-09-12,31627,31672,30650,30961,459905,3.08
2023-09-13,30961,31183,30428,30739,531020,3.05
2023-09-14,30739,30872,29895,30561,1530049,3.18
2023-09-15,30606,31627,30561,31494,1044168,3.21
2023-09-18,31183,31805,30961,31361,535846,3.23
2023-09-19,31450,32782,30650,30872,946375,3.2
2023-09-20,31094,31494,30428,31139,500709,3.25
2023-09-21,30916,31494,30828,31450,650879,3.2
2023-09-22,30400,30900,29000,30150,1086728,3.06
2023-09-25,30300,31350,30150,31050,481982,3.05
2023-09-26,31150,31850,30300,30600,395055,3.05
2023-09-27,30250,31200,30100,30950,408555,3.02
2023-10-04,30900,30900,29450,29550,1089434,2.65
2023-10-05,29650,30000,28900,29250,327018,2.61
2023-10-06,29700,29800,28300,28800,385571,2.66
2023-10-10,29400,30050,28450,28650,631716,2.69
2023-10-11,28950,30000,28850,29600,634507,2.78
2023-10-12,29850,29900,29100,29600,1587341,2.74
2023-10-13,29300,29500,27550,27700,780381,2.67
2023-10-16,27650,28300,27200,27700,623760,2.83
2023-10-17,27700,28200,26900,27250,821997,2.96
2023-10-18,26800,27200,25850,26450,987489,3.06
2023-10-19,26000,26300,25550,25850,1006690,3.18
2023-10-20,25450,26000,25050,25400,480090,3.18
2023-10-23,25350,25400,24250,24400,873011,3.32
2023-10-24,24600,24950,23750,24700,734573,3.34
2023-10-25,25050,26250,24650,25400,1270166,3.34
2023-10-26,24950,25600,23800,24650,786377,3.31
2023-10-27,24950,25300,24150,24400,602767,3.29
2023-10-30,24550,25100,24100,24750,349122,3.31
2023-10-31,24950,25150,23350,23600,645204,3.33
2023-11-01,23400,24150,23350,23550,630969,3.4
2023-11-02,23850,24200,23650,23900,726042,3.47
2023-11-03,24150,24550,23300,23900,1326721,3.62
2023-11-06,24400,26800,23950,26800,1284009,3.63
2023-11-07,26500,26600,25550,26300,847910,3.67
2023-11-08,26500,26500,24400,24550,816420,3.63
2023-11-09,23350,24200,23200,24100,597001,3.64
2023-11-10,23600,24100,23250,23700,450645,3.65
2023-11-13,24150,24150,22600,22650,571538,3.57
2023-11-14,22850,23300,22700,23200,452108,3.51
2023-11-15,24000,25050,23650,25050,845908,3.57
2023-11-16,25100,25450,24200,25400,739018,3.45
2023-11-17,25400,25400,24350,24500,385235,3.37
2023-11-20,24450,27750,24400,27450,1488313,3.45
2023-11-21,27600,27650,26300,26750,908615,3.46
2023-11-22,27000,29250,26900,27600,1260402,3.39
2023-11-23,28000,28250,26850,27200,709007,3.38
2023-11-24,23300,24100,22600,22650,9829657,2.73
2023-11-27,22650,23550,21900,23350,3875489,9.88
2023-11-28,23200,26450,23000,25550,8997979,10.06
2023-11-29,26050,27300,25250,26800,5131577,9.97
2023-11-30,27000,27400,25950,27300,2481576,10.07
2023-12-01,27000,28050,26950,27150,1684519,10.01
2023-12-04,27650,28250,26800,26950,1476572,9.96
2023-12-05,26650,27050,25600,25750,1677097,9.9
2023-12-06,26400,26850,25750,26550,1538782,9.84
2023-12-07,26600,26600,25600,25700,1033986,9.8
2023-12-08,25900,25950,25450,25750,821760,9.81
2023-12-11,25750,26050,25250,25450,822761,9.8
2023-12-12,25650,26300,25300,26250,1014618,9.8
2023-12-13,26100,26250,25600,26050,841778,9.75
2023-12-14,26400,26450,25450,25850,3549263,9.56
2023-12-15,26000,27450,25800,27150,3928720,9.67
2023-12-18,27450,27500,26000,26300,1452928,9.5
2023-12-19,26350,26400,25200,25500,1735423,9.37
2023-12-20,25600,25800,25200,25500,1471164,9.37
2023-12-21,25100,25150,24100,24500,1676641,9.35
2023-12-22,24650,24850,24400,24550,795156,9.37
2023-12-26,25100,25100,24300,24600,793350,9.34
2023-12-27,24700,24950,24300,24950,680279,9.36
2023-12-28,24950,25400,24700,25100,834015,9.37
2024-01-02,25150,25500,24750,25450,731093,9.39
2024-01-03,25300,25300,24750,24900,618955,9.4
2024-01-04,24750,25200,24500,25100,550343,9.4
2024-01-05,25150,25150,24550,24900,475167,9.38
2024-01-08,24850,24850,24150,24200,775733,9.4
2024-01-09,24350,24450,23750,23800,704392,9.42
2024-01-10,23800,23950,23200,23500,591751,9.45
2024-01-11,23600,23750,22550,22750,1368625,9.44
2024-01-12,22750,23150,22650,23000,640102,9.42
2024-01-15,22750,23200,22400,23050,632459,9.43
2024-01-16,22700,22800,22100,22100,692324,9.4
2024-01-17,22100,22250,21100,21400,915300,9.36
2024-01-18,21400,22100,21200,21600,487054,9.35
2024-01-19,21900,22600,21750,22400,565316,9.36
2024-01-22,22450,22750,22150,22250,468133,9.34
2024-01-23,22350,22650,22050,22250,603247,9.33
2024-01-24,22250,22300,21700,21900,358005,9.34
2024-01-25,21800,22250,21050,22200,625319,9.35
2024-01-26,22000,22300,21750,21950,394214,9.36
2024-01-29,22050,22600,21650,22000,548498,9.38
2024-01-30,22200,22450,21650,21700,462502,9.35
2024-01-31,21500,22000,21500,21950,375133,9.38
2024-02-01,21800,22100,21650,22050,435111,9.38
2024-02-02,22050,22700,21800,22550,498687,9.4
2024-02-05,22800,23050,22150,22350,583324,9.37
2024-02-06,22150,22500,22100,22300,347137,9.36
2024-02-07,22300,22900,22300,22850,514730,9.4
2024-02-08,22950,23300,22700,23000,706791,9.43
2024-02-13,23350,23650,23150,23500,770113,9.49
2024-02-14,23400,23650,22900,23100,569341,9.45
2024-02-15,23400,23450,22500,22650,701386,9.44
2024-02-16,22850,22950,22400,22500,533806,9.44
2024-02-19,22800,22900,22450,22550,632799,9.47
2024-02-20,22700,23000,22050,22050,734552,17.43
2024-02-21,22100,22400,21950,22150,559539,17.44
2024-02-22,22350,22550,21650,21750,1000589,17.41
2024-02-23,21750,22250,21500,21900,745572,17.44
2024-02-26,22000,22950,21800,22950,1106711,17.49
2024-02-27,23050,24350,22550,24150,2288524,17.54
2024-02-28,23550,24650,23100,24300,1672759,17.55
2024-02-29,24300,24300,23550,23600,2459141,17.55
2024-03-04,23800,23850,22700,22900,1054949,17.52
2024-03-05,22900,23350,22400,22500,778362,17.51
2024-03-06,22500,22800,22250,22300,637436,17.47
2024-03-07,22350,23150,22300,22700,696934,17.48
2024-03-08,22900,22950,22300,22550,525214,17.44
2024-03-11,22700,24450,22600,24450,2313386,17.58
2024-03-12,24600,24750,23600,24250,872378,17.54
2024-03-13,24600,24600,23850,24250,643427,17.53
2024-03-14,24300,27450,24300,27000,5879802,17.81
2024-03-15,27600,28500,26700,27000,3236597,17.67
2024-03-18,28050,29200,27200,29100,4098347,17.52
2024-03-19,28950,29050,27350,28200,2159521,17.39
2024-03-20,28450,29550,28300,29400,2141031,17.3
2024-03-21,29500,30600,28450,30350,2430255,17.26
2024-03-22,30350,30900,29550,30700,1607646,17.22
2024-03-25,30850,30900,29200,30000,2001419,17.18
2024-03-26,30900,30900,29200,29500,2105685,17.15
2024-03-27,29150,29350,27350,28200,2796833,17.15
2024-03-28,28150,28750,27200,27400,1782687,17.14
2024-03-29,27500,28000,27100,27600,1130827,17.08
2024-04-01,27600,28100,26850,27950,1418398,17.05
2024-04-02,27950,28600,27300,28250,1290839,17.0
2024-04-03,28350,28350,27300,27750,1188839,16.99
2024-04-04,27600,27650,24850,25850,4558583,16.74
2024-04-05,25450,27150,25450,27150,1973968,16.83
2024-04-08,26950,27100,26250,26800,866139,16.82
2024-04-09,27000,28200,26950,27250,1011715,16.82
2024-04-11,26850,27000,25950,26150,1109155,16.8
2024-04-12,26450,28600,25850,28500,2566981,16.85
2024-04-15,28550,29850,27800,29650,2490110,16.77
2024-04-16,29050,29650,28150,29000,1389361,16.74
2024-04-17,29100,29400,28500,29000,1035021,16.69
2024-04-18,29400,34100,29400,33300,7142175,16.86
2024-04-19,33250,33750,31000,32700,4102845,16.67
2024-04-22,33000,33650,31550,32200,2387510,16.57
2024-04-23,32500,35600,32450,34750,6754412,16.59
2024-04-24,35050,36400,34100,34450,5335817,16.47
2024-04-25,33950,34150,32100,32600,4021822,16.45
2024-04-26,32600,33600,32100,32500,2787699,16.46
2024-04-29,32850,33250,31750,33200,1823306,16.48
2024-04-30,32850,33050,31850,32050,1504191,16.46
2024-05-02,32100,32800,31150,31200,1566482,16.49
2024-05-03,31650,31650,30750,31000,987521,16.5
2024-05-07,31250,32750,30600,32200,2132782,16.57
2024-05-08,32250,33000,31800,32450,1310763,16.52
2024-05-09,32450,33150,32250,32550,1207232,16.53
2024-05-10,32950,33250,31150,31650,1706846,16.49
2024-05-13,31850,33200,31700,33200,2240936,16.56
2024-05-14,33400,33400,31850,32500,1397693,16.47
2024-05-16,32600,32950,31650,32900,1390425,16.54
2024-05-17,32500,32550,31450,32050,1395513,16.51
2024-05-20,32050,32100,31100,31250,1113996,16.6
2024-05-21,31300,31700,31000,31150,706674,16.6
2024-05-22,31150,31250,30000,30300,1447108,16.64
2024-05-23,30300,31100,29800,30800,855904,16.66
2024-05-24,30150,31800,30050,31700,1058144,16.69
2024-05-27,32400,32400,30500,30800,1293707,16.68
2024-05-28,30800,31350,30300,30900,834773,16.71
2024-05-29,30650,30950,30150,30750,912137,16.75
2024-05-30,30500,30900,29650,29850,910382,16.72
2024-05-31,29900,30150,28800,29700,2429660,16.8
2024-06-03,29600,31650,29200,31100,1968961,16.85
2024-06-04,30700,31000,29450,29900,1093361,16.81
2024-06-05,29900,30650,28950,28950,1062482,16.77
2024-06-07,29300,30900,29200,30500,1675996,16.82
2024-06-10,29850,31300,29600,30300,1221784,16.81
2024-06-11,31100,31600,30100,30350,1050470,16.77
2024-06-12,30350,31950,29550,31900,2242575,16.82
2024-06-13,32000,32600,31450,31450,2285687,16.87
2024-06-14,31450,32700,31250,32250,1956161,16.81
2024-06-17,33000,33200,31500,32500,1838401,16.81
2024-06-18,32750,32800,31450,31850,1184423,16.82
2024-06-19,32000,33300,31700,33100,2169037,16.91
2024-06-20,33150,33400,31950,32050,1364334,16.83
2024-06-21,33400,34450,31450,31750,3947353,16.8
2024-06-24,32100,33100,31750,32000,1956929,16.82
2024-06-25,32300,33400,31650,31700,2437574,16.79
2024-06-26,31700,31900,30000,30300,2545313,16.72
2024-06-27,30300,30500,29600,29750,1348254,16.71
2024-06-28,29750,30550,29300,30550,1084684,16.74
2024-07-01,30700,31450,30300,31450,1940760,16.82
2024-07-02,31800,31800,30600,31100,986506,16.79
2024-07-03,31000,31050,29900,30050,1164483,16.75
2024-07-04,30050,30350,29750,30150,888895,16.73
2024-07-05,30150,30200,29750,30100,829472,16.73
2024-07-08,30150,30900,30050,30400,1000946,16.79
2024-07-09,30550,30600,30100,30250,528686,16.71
2024-07-10,30100,30650,29650,29850,1376969,16.67
2024-07-11,29900,30150,29400,30000,1165777,16.68
2024-07-12,30000,30250,29700,29900,605903,16.7
2024-07-15,30150,30550,29900,30100,1213619,16.73
2024-07-16,30250,30650,30150,30500,1413578,16.8
2024-07-17,31150,32900,30950,31400,5024659,16.88
2024-07-18,31100,31650,30250,30450,1923604,16.77
2024-07-19,30350,30400,29750,30100,895161,16.77
2024-07-22,30300,31150,30250,30400,1321797,16.8
2024-07-23,30650,31100,30400,30950,1594335,16.91
2024-07-24,31100,31100,30250,30300,1363197,16.83
2024-07-25,29550,30050,28900,29000,2383661,16.77
2024-07-26,29400,31050,29300,30950,4299741,16.99
2024-07-29,30900,31000,29700,30100,2173949,16.8
2024-07-30,30000,30700,29600,30100,1286856,16.83
2024-07-31,30250,31150,30150,30550,2015374,16.9
2024-08-01,30600,32950,30200,32600,4640047,17.33
2024-08-02,32050,32500,30700,31150,2443976,17.14
2024-08-05,30200,30200,25400,26950,3510391,16.94
2024-08-06,28100,29500,27500,29300,2154772,17.0
2024-08-07,29550,30700,29050,30400,1579480,16.95
2024-08-08,29750,31500,29500,31350,2001554,17.0
2024-08-09,31800,31800,30750,31500,1171028,16.96
2024-08-12,31500,31750,30950,31500,812349,16.96
2024-08-13,31350,32100,30900,30950,729398,16.95
2024-08-14,31250,31300,30500,31250,793244,16.95
2024-08-16,31600,32050,31050,31800,1253041,16.97
2024-08-19,32000,32550,31200,31300,1131395,16.94
2024-08-20,31600,32900,31000,32800,1984111,17.12
2024-08-21,32350,33800,32250,33200,2408540,17.17
2024-08-22,33150,33150,31500,32250,2029029,17.2
2024-08-23,31800,33200,31600,33150,1402757,17.37
2024-08-26,33550,33550,32500,32700,1125788,17.39
2024-08-27,32600,34400,32600,33200,1806460,17.41
2024-08-28,33050,33600,32300,32350,1162566,17.42
2024-08-29,32200,33300,32000,32700,1516173,17.46
2024-08-30,33500,35300,33050,34550,4971118,17.72
2024-09-02,35050,35100,33700,34550,1948901,17.6
2024-09-03,34700,34750,33800,34000,1058054,17.58
2024-09-04,32800,33500,32200,32750,1558774,17.66
2024-09-05,33400,34200,31800,32100,1802330,17.68
2024-09-06,32100,32150,30550,30650,1461425,17.69
2024-09-09,29750,30500,29700,30100,1169419,17.7
2024-09-10,30400,30500,29700,29700,892234,17.67
2024-09-11,29900,30450,28650,29050,1298653,17.63
2024-09-12,29550,30300,29150,30300,806813,17.6
2024-09-13,30550,31400,30450,30600,918530,17.62
2024-09-19,31050,31650,30650,31600,884249,17.66
2024-09-20,31950,33150,31950,32750,1384790,17.77
2024-09-23,33000,33500,32100,32650,867246,17.77
2024-09-24,32600,32600,31750,32350,739918,17.76
2024-09-25,32650,33250,31900,32100,940207,17.81
2024-09-26,32150,32300,31600,32000,824459,17.83
2024-09-27,32000,32050,30400,30550,1583927,17.74
2024-09-30,30800,31350,30550,30550,689704,17.77
2024-10-02,30450,30950,30050,30600,645498,17.78
2024-10-04,30750,31650,30650,31300,740027,17.81
2024-10-07,31450,31500,30200,31000,949749,17.78
2024-10-08,30800,31300,30500,30850,662906,17.79
2024-10-10,31100,31950,30750,31700,1268723,17.81
2024-10-11,31950,31950,30800,30850,694058,17.8
2024-10-14,31150,31150,30450,30700,530186,17.79
2024-10-15,31000,31600,30900,31150,810251,17.85
2024-10-16,30950,31550,30500,30950,731003,17.89
2024-10-17,31200,31450,30500,31350,820760,17.95
2024-10-18,31500,31600,30800,30850,684836,17.97
2024-10-21,30900,31250,30650,31000,310454,17.98
2024-10-22,30950,31200,30350,30500,605787,17.97
2024-10-23,30500,31250,30500,30550,630140,17.96
2024-10-24,30550,30650,29550,29750,1066227,17.91
2024-10-25,29750,30100,29500,29750,548590,17.9
2024-10-28,29800,29900,29350,29550,542733,17.9
2024-10-29,29650,29900,27600,28450,1714444,17.9
2024-10-30,28450,28450,27250,27550,1564197,17.82
2024-10-31,27350,27450,26350,26750,1302949,17.87
2024-11-01,26500,27100,26100,26800,651694,17.86
2024-11-04,26850,27250,26700,27050,667554,17.85
2024-11-05,27050,27650,26650,27600,547709,17.87
2024-11-06,27700,28050,26850,27800,932248,17.86
2024-11-07,28150,33950,27800,33850,13838216,18.11
2024-11-08,35850,38750,34250,36200,16575920,18.22
2024-11-11,37550,39350,36650,37300,12098563,18.06
2024-11-12,37550,39200,36000,36800,11247222,18.11
2024-11-13,37900,37900,33650,33800,12598160,18.61
2024-11-14,33950,39450,33900,39200,19865082,18.71
2024-11-15,39600,41050,37900,39100,14950198,18.44
2024-11-18,38250,39100,36850,38100,8969896,18.23
2024-11-19,38650,38900,36900,37050,7219418,18.03
2024-11-20,36700,38000,36050,37550,5861863,18.03
2024-11-21,37300,37700,34950,35850,5442320,18.07
2024-11-22,36100,38300,35600,38150,4853832,18.12
2024-11-25,38350,39950,37400,37750,8828873,17.98
2024-11-26,37900,37900,35850,36000,4180714,17.95
2024-11-27,35600,37450,35500,36400,3672104,17.98
2024-11-28,36250,36650,35200,36000,2165422,17.96
2024-11-29,34650,35450,34100,35000,8353851,18.03
2024-12-02,35050,35200,33200,33200,4198289,18.03
2024-12-03,33600,34750,33600,34500,3357704,18.04
2024-12-04,33800,34400,32900,33750,3832592,18.03
2024-12-05,33750,34000,32550,32550,2738430,18.03
2024-12-06,32600,32700,30500,31900,4190990,18.13
2024-12-09,30900,31400,29850,29850,3831147,18.23
2024-12-10,30500,32050,30050,31800,3183615,18.22
2024-12-11,31900,33450,31550,33100,2889057,18.09
2024-12-12,33400,33550,32550,33150,3246708,18.04
2024-12-13,32700,34450,32400,34050,2956401,17.89
2024-12-16,34300,34400,33200,33700,1963347,17.8
2024-12-17,33500,33900,32250,32300,2384863,17.8
2024-12-18,32300,34400,32250,32350,4303943,17.81
2024-12-19,31500,33150,31200,32250,3341661,17.85
2024-12-20,33200,34600,32350,33400,6391430,17.89
2024-12-23,35000,36150,34550,35750,7967681,17.95
2024-12-24,35800,36350,35400,36000,3860416,17.82
2024-12-26,36400,38250,36250,37750,7838511,18.08
2024-12-27,37650,38000,36350,36900,3734023,18.04
2024-12-30,37700,37900,36650,37350,3660705,17.95
2025-01-02,37350,38750,37000,37800,3648890,17.95
2025-01-03,37900,38550,36700,37350,4003943,17.95
2025-01-06,37500,38100,36300,38100,3190589,18.02
2025-01-07,39150,42900,38900,42900,22747126,18.93
2025-01-08,43250,44600,42000,44300,11169783,18.85
2025-01-09,43950,45300,43200,44750,6867386,18.9
2025-01-10,44750,45500,44100,45000,4430941,18.84
2025-01-13,45850,45900,43600,45150,5213515,18.65
2025-01-14,45350,49400,45350,47950,12292999,18.87
2025-01-15,48250,51300,48000,51000,9766689,19.11
2025-01-16,51100,51500,49700,51500,5613836,19.15
2025-01-17,50500,51700,49600,50700,5016400,19.09
2025-01-20,49950,52700,49150,51800,5270575,19.13
2025-01-21,52100,55000,51600,54700,7518296,19.14
2025-01-22,54700,57200,52500,52900,8793440,19.27
2025-01-23,53700,54600,51100,51500,6810660,19.34
2025-01-24,51900,57100,51400,56700,10396751,19.63
2025-01-31,57100,59900,56100,57200,8325636,19.26
2025-02-03,55700,58700,55600,57100,6004540,19.02
2025-02-04,58300,62500,56600,60900,8085340,19.18
2025-02-05,61500,62500,58400,60000,6764963,18.81
2025-02-06,59800,64500,58600,61700,11537056,19.12
2025-02-07,62100,62500,60500,61900,3919651,18.94
2025-02-10,62900,64800,57200,58100,7897697,18.7
2025-02-11,59900,65500,59500,63300,12693582,19.08
2025-02-12,65000,74600,64100,72900,18170867,19.36
2025-02-13,73200,78900,71700,77500,14968130,19.28
2025-02-14,76300,79500,73900,77900,10139029,19.1
2025-02-17,76000,80900,75900,77900,6483474,18.95
2025-02-18,79000,79300,77100,77600,4520559,18.68
2025-02-19,77000,81000,75600,78200,8074276,18.83
2025-02-20,77000,77100,70800,72900,11235969,18.74
2025-02-21,70100,74200,69700,73000,5729692,18.84
2025-02-24,74600,76300,69600,71500,6293340,18.75
2025-02-25,70500,75600,70400,75200,5669109,18.82
2025-02-26,75800,76100,72000,72500,4491348,18.47
2025-02-27,73600,75100,72600,74000,4468337,18.54
2025-02-28,74000,76500,72600,74300,7653204,18.31
2025-03-04,76900,87200,75700,85100,16811533,18.78
2025-03-05,83300,84100,77600,80500,10207415,18.25
2025-03-06,80600,81200,78500,79700,4122669,18.17
2025-03-07,79700,82500,78500,80400,5490438,18.21
2025-03-10,80400,81100,76900,79800,4357802,18.13
2025-03-11,76900,79000,75950,78000,26261988,11.5
2025-03-12,77600,78000,70600,71000,9440490,11.45
2025-03-13,72100,75100,72100,73500,5571764,11.58
2025-03-14,74000,75500,72500,74300,2861617,11.61
2025-03-17,73800,77400,73400,76300,5731492,11.69
2025-03-18,79100,82200,78600,81400,9087386,12.04
2025-03-19,82900,84300,79750,80100,5717348,11.96
2025-03-20,80500,80600,74500,74800,5491310,11.84
2025-03-21,70500,75100,70100,73100,6577804,11.84
2025-03-24,73300,73950,71500,73100,1551881,11.82
2025-03-25,73300,73400,67300,68500,3026833,11.91
2025-03-26,67900,70900,65900,70400,2910250,11.95
2025-03-27,72500,72500,66900,67500,2606503,11.84
2025-03-28,68000,69500,66200,67000,1790358,11.98
2025-03-31,64900,69100,64600,67100,2457580,11.9
2025-04-01,69100,71100,68600,69300,2213169,11.74
2025-04-02,70800,70900,68300,69600,1663181,11.66
2025-04-03,68600,72000,68200,71600,1896496,11.56
2025-04-04,71200,72300,66900,69300,3616908,11.34
2025-04-07,66000,66100,62350,62500,3000005,11.43
2025-04-08,65600,68000,65000,67700,2668105,11.55
2025-04-09,70900,70900,67500,68600,2926001,11.25
2025-04-10,74500,74600,71900,73100,2764273,11.2
2025-04-11,75000,78200,74100,77600,4571802,11.23
2025-04-14,81100,81100,78800,80100,2553658,11.2
2025-04-15,79900,80000,78500,79400,1973213,11.15
2025-04-16,77200,79400,76200,77300,2023987,11.19
2025-04-17,77700,78600,76500,77900,1479940,11.17
2025-04-18,78700,79800,76900,78400,2214342,11.19
2025-04-21,79200,79200,76600,77900,1369990,11.05
2025-04-22,76900,79600,76800,79000,2051026,11.16
2025-04-23,80000,81300,78800,79900,2700319,11.2
2025-04-24,80500,82400,79400,80900,2616604,11.19
2025-04-25,82700,90000,81900,89900,7364955,11.66
2025-04-28,95000,95300,88300,89300,6344048,11.33
2025-04-29,82400,82400,78000,78500,23657169,13.42
2025-04-30,79800,79900,76300,78500,5235325,12.96
2025-05-02,78500,80500,78200,78900,2513918,12.85
2025-05-07,81300,81800,79500,80400,2860249,12.73
2025-05-08,80200,81100,79300,80300,2192029,12.77
2025-05-09,80500,80600,79600,79800,1382044,12.8
2025-05-12,80100,80700,75100,76200,3248756,12.62
2025-05-13,74600,78800,73200,77700,2835750,12.61
2025-05-14,77500,80000,77500,79500,1720359,12.76
2025-05-15,80500,81300,78700,80500,1786722,12.78
2025-05-16,81400,82900,80700,81200,2157291,12.78
2025-05-19,80100,81900,78400,78900,1732321,12.66
2025-05-20,79600,79600,77200,77600,1534112,12.59
2025-05-21,77600,80100,77600,79200,1367156,12.68
2025-05-22,78200,78400,77100,77300,1162756,12.58
2025-05-23,77500,77700,75700,76000,1394220,12.58
2025-05-26,75200,79500,74700,78900,1999042,12.73
2025-05-27,79400,80000,78000,78800,1500108,12.72
2025-05-28,79200,79600,76300,76500,2049074,12.64
2025-05-29,77300,78800,76600,78100,1439566,12.74
2025-05-30,78400,78700,76300,78000,2995093,12.7
2025-06-02,77600,79100,76500,77800,1499970,12.65
2025-06-04,77500,77600,75600,76800,1957149,12.6
2025-06-05,77500,79400,77200,78000,2446125,12.78
2025-06-09,77800,77800,75000,75600,2388406,12.5
2025-06-10,76200,79700,75800,78900,4552742,12.95
2025-06-11,81400,81400,78300,79400,2671173,12.74
2025-06-12,79600,86600,79600,84000,11376916,12.7
2025-06-13,84000,85000,81100,84700,4055268,12.59
2025-06-16,84100,85700,82700,85300,3234826,12.42
2025-06-17,87500,93800,86900,92000,11084468,13.1
2025-06-18,91400,95800,91200,92400,5032513,13.2
2025-06-19,92200,93300,87300,89200,3862329,12.92
2025-06-20,88300,91400,86400,88600,2973226,13.05
2025-06-23,87000,88200,86000,86300,1907520,12.99
2025-06-24,87300,88800,84500,87400,2679955,12.9
2025-06-25,88400,89300,82100,82500,3391991,12.63
2025-06-26,83000,83500,78600,80300,2781027,12.6
2025-06-27,82000,82400,79000,79400,1769254,12.41
2025-06-30,79400,82200,79100,79400,1849414,12.4
2025-07-01,80300,81200,77800,78800,1537506,12.28
2025-07-02,79300,79600,76000,76600,1734906,12.22
2025-07-03,76700,77800,75700,77000,1461348,12.17
2025-07-04,76800,76900,72300,73100,2445898,12.08
2025-07-07,71500,75000,71500,73900,1264357,12.08
2025-07-08,76100,77900,75100,76700,1885968,12.05
2025-07-09,79000,79200,77500,78100,1441793,12.0
2025-07-10,78100,80000,76900,78200,1733988,12.11
2025-07-11,78600,78800,77100,77500,1242558,12.09
2025-07-14,76800,78500,75800,76600,972322,12.13
2025-07-15,76800,78100,76500,78000,780893,12.21
2025-07-16,78400,79700,77300,78000,1212567,12.16
2025-07-17,78800,81900,77800,80700,2879405,12.4
2025-07-18,81600,81700,79000,80400,1353803,12.22
2025-07-21,82800,85100,82300,84400,2654951,12.45
2025-07-22,84600,86500,83100,86100,2345933,12.55
2025-07-23,85900,87000,82300,83500,2031904,12.45
2025-07-24,84100,90000,84100,88800,6358841,13.42
2025-07-25,88000,90500,86200,90000,2582320,13.4
2025-07-28,94000,98100,92800,97600,8088069,14.16
2025-07-29,100100,101700,95100,96800,8189040,14.12
2025-07-30,99400,101600,97100,99000,5150754,14.21
2025-07-31,103700,114900,102800,112300,14226437,15.13
2025-08-01,116200,118000,109500,117400,9262548,15.1
2025-08-04,114800,116900,108500,114300,5049581,14.93
2025-08-05,114500,117300,113100,116100,3300902,15.04
2025-08-06,113800,115100,111500,114200,2253902,15.08
2025-08-07,115100,119400,114200,117000,3705475,15.18
2025-08-08,116500,118900,114500,117700,2059977,15.24
2025-08-11,114600,114600,107000,107000,5606247,14.99
2025-08-12,106700,110100,102200,104000,3192221,14.96
2025-08-13,105500,108200,103400,106300,2295639,14.84
2025-08-14,106500,109500,104700,106600,2250745,14.74
2025-08-18,106600,111000,106600,109200,2108944,14.74
2025-08-19,110200,110500,105000,106000,1705666,14.67
2025-08-20,102000,107000,99100,105200,3086401,14.61
2025-08-21,106000,111700,105900,111400,2329291,14.63
2025-08-22,113000,116000,112400,114000,2384774,14.65
2025-08-25,116300,116400,109200,114900,3404521,14.56
2025-08-26,119300,119400,107200,107800,5715081,13.97
2025-08-27,110900,113000,108400,110900,3269360,13.93
2025-08-28,108900,110700,106100,109800,1733882,13.99
2025-08-29,109400,114200,108800,112000,2568211,14.11
2025-09-01,112600,116600,111300,116400,2631238,14.35
2025-09-02,118200,123700,116700,123200,4364919,14.57
2025-09-03,123800,123800,116700,117700,3438865,14.23
2025-09-04,116100,120900,115500,118900,2091765,14.26
2025-09-05,115000,115000,110100,112500,19178685,13.07
2025-09-08,111800,112900,109700,110900,2083291,12.86
2025-09-09,112700,112800,109700,110000,1777225,12.61
2025-09-10,109600,111000,108500,110700,2229298,12.48
2025-09-11,111700,112600,110300,112600,2813669,12.25
2025-09-12,112400,114000,110200,113200,1929822,12.23
2025-09-15,111300,111400,109400,109500,1503737,12.15
2025-09-16,110000,112100,110000,110800,1261066,12.19
2025-09-17,114600,115200,111800,113000,2359178,12.14
2025-09-18,112500,114200,110500,111000,1438433,12.03
2025-09-19,110500,112100,109800,111700,1487037,12.1
2025-09-22,111000,111000,109000,109600,1182021,11.98
2025-09-23,108300,111900,107900,110500,1661930,12.16
2025-09-24,111300,111800,109600,110600,981430,12.15
2025-09-25,110700,112300,109300,109600,1255970,12.16
2025-09-26,109800,110200,105100,107000,1368632,12.08
2025-09-29,105600,107400,105200,107000,1018809,12.14
2025-09-30,107200,111000,106800,110300,1409352,12.27
2025-10-01,110200,112000,109000,110400,1099877,12.27
2025-10-02,110700,111500,109100,111500,1191342,12.26
2025-10-10,110700,110800,107000,109300,1406682,12.21
2025-10-13,108000,113000,107700,109400,1657628,12.16
2025-10-14,109400,111400,99600,103100,3853812,11.87
2025-10-15,104200,106800,103400,105100,1595415,11.86
2025-10-16,108700,112000,107700,109100,2020291,11.9
2025-10-17,113200,113700,105500,107200,3468221,11.76
2025-10-20,109400,114500,108300,113700,3226161,11.94
2025-10-21,115600,121400,113900,120700,4394249,12.18
2025-10-22,123900,132800,118000,132400,6520651,12.37
2025-10-23,129300,138300,128600,134900,5914162,12.67
2025-10-24,134400,136700,131800,135200,2516846,12.5
2025-10-27,140400,143500,134500,139700,4505399,12.28
2025-10-28,137100,137100,129300,131500,3506856,11.77
2025-10-29,133500,134700,127200,131900,4039971,11.4
2025-10-30,149600,151600,137500,141000,6605801,11.32
2025-10-31,136900,141600,133700,137600,3867152,11.17
2025-11-03,141100,144000,137600,138800,3952415,11.07
2025-11-04,138800,140000,135000,136600,2604923,11.02
2025-11-05,136000,136000,120000,126400,4289853,10.81
2025-11-06,129400,131800,123000,123000,2066794,10.74
2025-11-07,119000,139100,117000,126800,4418401,10.71
2025-11-10,128100,130500,124600,129600,1860111,10.62
2025-11-11,130100,134500,126300,126600,2065914,10.58
2025-11-12,127100,129400,125700,126500,1031163,10.55
2025-11-13,126500,130600,123800,130500,1627651,10.52
2025-11-14,126800,132500,125700,129100,2817706,10.29
2025-11-17,131200,133800,129300,130900,1331927,10.27
2025-11-18,129200,133700,127500,127800,1712956,10.27
2025-11-19,129200,129200,121100,123000,1433995,10.21
2025-11-20,124600,127100,124200,125000,817151,10.27
2025-11-21,121200,122400,119000,119800,877135,10.23
2025-11-24,120800,121100,115500,118800,3089480,10.23
2025-11-25,120000,121100,112200,113000,1722922,10.17
2025-11-26,113000,114900,111000,113900,1161054,10.2
2025-11-27,113500,113600,110000,110500,1348372,10.17
2025-11-28,110000,111400,107100,107800,1800329,10.07
2025-12-01,108700,109500,104300,105000,1316451,10.11
2025-12-02,106200,110600,105500,106100,1578148,10.03
2025-12-03,108400,109000,106700,108200,813697,9.97
2025-12-04,109300,109300,105800,106500,835236,9.89
2025-12-05,106900,108500,105700,108500,767742,9.9
2025-12-08,113700,114000,110500,114000,1936008,9.79
2025-12-09,112600,115900,112100,115200,1213523,9.75
2025-12-10,113900,114000,111800,112500,1071257,9.7
2025-12-11,113600,113800,111000,113100,1244846,9.63
2025-12-12,113800,114500,112400,114100,1900731,9.65
2025-12-15,112700,114400,111600,113300,898036,9.66
2025-12-16,113300,113300,108500,108700,1219583,9.55
2025-12-17,109900,110000,106600,108300,745191,9.52
2025-12-18,104800,106000,103500,103500,1093229,9.49
2025-12-19,104500,109500,103700,109500,1696060,9.53
2025-12-22,112700,112700,109100,109700,992142,9.49
2025-12-23,117600,124800,114700,123400,8971820,9.69
2025-12-24,130800,130800,117800,119000,6204256,9.29
2025-12-26,120600,121800,115800,116500,2715108,9.25
2025-12-29,115300,117700,115100,115600,1564314,9.24
2025-12-30,114600,115000,113200,113600,1082149,9.25
2026-01-02,113700,115400,111500,114700,1511307,9.21
2026-01-05,113300,119000,113000,117900,2268773,9.29
2026-01-06,118100,120900,115800,119800,2251742,9.31
2026-01-07,119800,124200,118700,121200,2606259,9.4
2026-01-08,122700,131900,121900,129700,6916119,9.95
2026-01-09,129500,134700,127100,134400,4732814,10.08
2026-01-12,135200,148500,133700,145700,9140134,10.83
2026-01-13,144500,149900,143900,149900,5116633,11.33
2026-01-14,148200,148200,140100,142000,4302491,11.23
2026-01-15,145100,152400,143900,148900,4316335,11.44
2026-01-16,149800,151100,144600,147000,2175830,11.45
2026-01-19,149300,149400,146100,148800,1856620,11.49
2026-01-20,149000,149400,144000,147100,1773393,11.5
2026-01-21,141400,143900,140100,141500,2247852,11.34
2026-01-22,143000,143100,137200,137700,2255607,11.33
2026-01-23,138200,148900,138200,140300,3902320,11.33
2026-01-26,142300,142300,138500,139800,1635740,11.23
2026-01-27,144000,144100,138100,140500,1651826,11.13
2026-01-28,141300,144900,140000,143400,1991492,11.24
2026-01-29,141800,142500,138800,141900,2000567,11.15
2026-01-30,142000,142600,138500,138500,1631827,11.01
2026-02-02,139500,142100,132100,133600,2510290,11.1
2026-02-03,137700,142300,135700,141400,2058145,11.1
2026-02-04,144000,144800,140700,144000,3025185,11.09
2026-02-05,142200,144900,135600,135600,2449813,10.79
2026-02-06,130300,132500,125900,130600,1800746,10.61
2026-02-09,135300,135500,132300,133200,1038060,10.54
2026-02-10,134700,136200,130100,130900,1116966,10.52
2026-02-11,131100,131800,129200,129700,999891,10.47
2026-02-12,130800,132000,129100,131800,949644,10.47
2026-02-13,129500,131000,128500,129800,1069902,10.44
2026-02-19,134000,142500,134000,140600,2959645,10.71
2026-02-20,143000,151400,140100,149900,4322685,11.09
2026-02-23,148900,150900,145000,147200,2140635,11.12
2026-02-24,144500,144600,140800,143100,1644971,11.03
2026-02-25,144200,144300,141000,142000,1220639,10.96
2026-02-26,142000,142400,139100,140000,1393956,10.93
2026-02-27,143300,143600,140000,141200,1708661,10.94
2026-03-03,144700,154800,135000,135400,6443038,11.0
2026-03-04,127800,131000,108500,108500,4515106,10.95
2026-03-05,121200,124700,118500,122100,2260208,10.93
2026-03-06,117000,126800,117000,126700,1797553,10.98
2026-03-09,122000,131400,120100,123700,1821801,10.99
2026-03-10,127500,128800,122000,124400,1275705,10.87
2026-03-11,131000,141200,130700,133600,4435288,11.18
2026-03-12,132300,139800,131000,136700,1942228,11.26
2026-03-13,135400,136900,133200,136900,1188043,11.23
2026-03-16,135400,139000,131000,131900,1222379,11.15
2026-03-17,133800,135600,132000,132700,682572,11.18
2026-03-18,133900,134500,130600,132900,1000923,11.13
2026-03-19,130600,132000,130000,130000,579582,11.15
2026-03-20,130000,131600,127700,129100,853925,11.16
2026-03-23,125000,125200,118900,118900,993984,11.13
2026-03-24,124500,126200,117400,122300,798598,11.13
2026-03-25,123700,124800,121100,124700,753232,11.1
2026-03-26,129300,130300,124700,125700,932327,11.07
2026-03-27,120500,123400,117300,123200,833837,11.01
2026-03-30,117100,120500,115100,118200,770279,11.01
2026-03-31,121100,127400,119100,120200,1636326,10.91
2026-04-01,125400,127000,123000,127000,1038804,10.89
2026-04-02,130200,132100,118700,119300,1673741,10.85
2026-04-03,122200,129400,120600,128000,1301116,10.83
2026-04-06,126800,128400,121500,122000,14221161,10.79
2026-04-07,123000,125300,120200,120900,738425,10.81
2026-04-08,127000,128600,125200,127700,977536,10.96
2026-04-09,127600,127700,123300,123500,1089778,10.83
2026-04-10,125300,125700,123200,123400,572233,10.8
2026-04-13,120700,121600,120000,120100,592187,10.85
2026-04-14,123200,124400,121900,124100,661991,10.87
2026-04-15,126400,127600,125100,125800,738583,10.91
2026-04-16,126900,132000,126900,131900,2222323,11.16
2026-04-17,131900,131900,127100,130000,1594098,11.05
2026-04-20,130800,130800,128200,128700,813879,10.93
2026-04-21,129500,131200,128400,131200,1915814,11.02
2026-04-22,131300,135900,130600,135000,2872125,11.18
2026-04-23,136300,136800,130200,134400,2523968,11.13
2026-04-24,135400,135600,133000,134900,1520273,11.16
2026-04-27,136500,137500,131700,133500,2554842,10.96
2026-04-28,133900,134400,131800,133900,1494935,11.06
2026-04-29,132400,134400,130700,132300,1487810,11.07
2026-04-30,132400,132900,130500,131800,1169530,11.15
2026-05-04,133200,134200,130700,133000,1518622,11.24
2026-05-06,133400,133900,129500,130200,1853477,11.17
2026-05-07,130100,131700,127100,129900,1465815,11.22
2026-05-08,129600,130500,125300,126100,1278409,11.09
2026-05-11,130700,135900,129200,130500,3244572,11.37
2026-05-12,129700,129700,118400,122000,2716797,10.97
2026-05-13,125600,127900,120100,121400,1318787,10.89
2026-05-14,122600,122700,118800,120400,1251981,10.85
2026-05-15,121600,124300,116500,118100,2595567,10.72
2026-05-18,117900,118600,111800,115800,1193666,10.73
2026-05-19,115700,119200,111000,111900,1035014,10.69
2026-05-20,111100,113300,107100,110500,1146955,10.76
2026-05-21,113600,114700,110900,113600,1114617,10.7
2026-05-22,117400,124200,115800,122200,1469928,10.77
2026-05-26,126300,139700,123300,134700,4650970,11.18
2026-05-27,134000,137800,131500,134900,2924745,11.26
2026-05-28,133000,133000,119200,124200,2595272,11.07
2026-05-29,126700,126800,120200,123300,1816929,11.07
2026-06-01,126300,130800,122600,124900,1902393,11.08
2026-06-02,122700,124700,116000,116000,1919672,10.84
2026-06-04,118300,119500,114200,115100,1284204,10.7
2026-06-05,113200,115700,109400,112200,998501,10.65
2026-06-08,101300,108300,101300,103100,1260480,10.64
2026-06-09,104200,107400,100000,102200,1351983,10.52
2026-06-10,102600,110600,102300,110200,1652201,10.54
2026-06-11,108400,108600,101800,104500,1514159,10.41
2026-06-12,117400,117400,111100,112700,2647406,10.23
2026-06-15,117000,123700,115200,123400,1642714,10.36
2026-06-16,123900,130700,121700,129200,2044579,10.55
2026-06-17,129300,141900,129200,133100,5967526,11.11
2026-06-18,132200,134900,124700,125100,2116886,10.98
2026-06-19,125400,128400,120400,128400,3363271,10.94
2026-06-22,125100,125200,116300,116500,2060359,10.66
2026-06-23,118400,121900,104500,104500,2015373,10.62
2026-06-24,105900,109700,103100,106000,1315530,10.58
2026-06-25,109300,116400,105600,105600,1480002,10.58
2026-06-26,106500,106800,95500,98000,1638269,10.55
2026-06-29,99100,105500,96100,105500,1043494,10.5
2026-06-30,105600,107200,99500,100300,1259330,10.43
