date,open,high,low,close,volume,foreign_ownership_ratio
2016-07-01,2800,2870,2780,2850,547296,10.78
2016-07-04,2850,2880,2770,2780,594416,10.74
2016-07-05,2800,2800,2670,2700,686240,10.8
2016-07-06,2720,2740,2670,2710,292756,10.66
2016-07-07,2710,2760,2700,2720,356450,10.7
2016-07-08,2720,2760,2660,2670,204760,10.66
2016-07-11,2700,2730,2660,2680,410736,10.67
2016-07-12,2690,2840,2680,2820,1041390,10.6
2016-07-13,2830,2980,2780,2980,1089030,10.64
2016-07-14,2980,3000,2920,2940,460520,10.54
2016-07-15,3000,3040,2900,2940,660556,10.5
2016-07-18,2940,2950,2840,2910,351556,10.42
2016-07-19,2900,2920,2820,2830,285800,10.39
2016-07-20,2820,2920,2820,2920,397140,10.36
2016-07-21,2970,2970,2860,2870,358786,10.3
2016-07-22,2840,2880,2820,2830,544040,10.23
2016-07-25,2850,2920,2820,2880,352906,10.24
2016-07-26,2850,2920,2800,2910,633616,10.24
2016-07-27,2920,3180,2870,3040,1831020,10.14
2016-07-28,3100,3100,2890,2900,1458076,9.96
2016-07-29,2910,3020,2890,3010,696916,9.91
2016-08-01,3030,3230,3000,3140,1755346,9.95
2016-08-02,3150,3190,3100,3180,586510,9.99
2016-08-03,3140,3260,3110,3190,698396,9.97
2016-08-04,3190,3230,3090,3130,426716,9.88
2016-08-05,3120,3210,3060,3170,463270,9.9
2016-08-08,3200,3210,3110,3160,413416,9.84
2016-08-09,3140,3150,3030,3060,772340,9.82
2016-08-10,3080,3080,2980,3020,583450,9.89
2016-08-11,3020,3030,2940,2940,507146,9.88
2016-08-12,2950,2980,2900,2940,425670,9.84
2016-08-16,2920,2990,2920,2960,521390,9.91
2016-08-17,2970,2980,2840,2860,985630,9.97
2016-08-18,2880,3100,2870,3080,1370726,10.44
2016-08-19,3100,3120,3030,3100,627246,10.35
2016-08-22,3130,3140,3040,3040,396810,10.31
2016-08-23,3070,3180,3040,3160,570720,10.33
2016-08-24,3180,3180,3120,3140,376980,10.26
2016-08-25,3160,3180,3070,3070,458910,10.32
2016-08-26,3090,3140,3060,3100,224780,10.3
2016-08-29,3050,3070,2950,2960,403866,10.32
2016-08-30,2970,3060,2960,2960,283126,10.36
2016-08-31,2950,3030,2880,2950,602816,10.51
2016-09-01,2930,2940,2870,2910,350520,10.47
2016-09-02,2950,2960,2880,2890,594526,10.51
2016-09-05,2940,2940,2900,2910,310656,10.58
2016-09-06,2930,2990,2890,2900,389560,10.6
2016-09-07,2910,2950,2880,2880,351230,10.56
2016-09-08,2890,2890,2830,2830,405070,10.58
2016-09-09,2840,2860,2780,2790,267500,10.6
2016-09-12,2740,2780,2720,2760,199670,10.59
2016-09-13,2780,2830,2710,2740,325556,10.61
2016-09-19,2770,2910,2740,2890,535680,10.67
2016-09-20,2900,2930,2850,2910,240430,10.6
2016-09-21,2910,2950,2860,2870,248150,10.61
2016-09-22,2900,2930,2870,2920,160156,10.61
2016-09-23,2920,2940,2870,2930,227050,10.64
2016-09-26,2940,2940,2880,2900,222016,10.65
2016-09-27,2920,2920,2840,2850,242716,10.62
2016-09-28,2850,2870,2780,2790,483540,10.58
2016-09-29,2830,2830,2770,2770,301030,10.58
2016-09-30,2770,2790,2730,2770,407796,10.58
2016-10-04,2780,2830,2770,2790,234470,10.56
2016-10-05,2790,2800,2740,2770,258336,10.58
2016-10-06,2800,2880,2750,2800,512540,10.63
2016-10-07,2820,2820,2740,2770,348236,10.64
2016-10-10,2780,2780,2720,2720,263916,10.63
2016-10-11,2770,2770,2720,2760,219890,10.62
2016-10-12,2720,2760,2690,2760,186836,10.61
2016-10-13,2760,2780,2690,2730,323030,10.59
2016-10-14,2750,2770,2730,2760,235670,10.62
2016-10-17,2760,2770,2730,2760,219606,10.59
2016-10-18,2740,2810,2740,2790,247160,10.56
2016-10-19,2820,2900,2790,2870,684910,10.51
2016-10-20,2880,2890,2840,2870,303716,10.48
2016-10-21,2880,3000,2830,3000,710346,10.55
2016-10-24,2950,2980,2900,2910,522790,10.45
2016-10-25,2900,2910,2840,2870,214140,10.44
2016-10-26,2870,2880,2780,2820,331290,10.39
2016-10-27,2840,2890,2820,2870,283116,10.37
2016-10-28,2870,2880,2780,2780,281480,10.37
2016-10-31,2820,2820,2770,2770,265036,10.37
2016-11-01,2810,2870,2770,2860,298650,10.42
2016-11-02,2840,2890,2790,2810,293346,10.37
2016-11-03,2790,2860,2780,2840,191766,10.36
2016-11-04,2830,2850,2780,2800,242336,10.33
2016-11-07,2830,2840,2800,2830,142946,10.36
2016-11-08,2840,2840,2790,2820,109116,10.36
2016-11-09,2830,2830,2620,2670,772346,10.32
2016-11-10,2710,2810,2700,2780,319116,10.31
2016-11-11,2790,2910,2770,2880,403256,10.27
2016-11-14,2860,2980,2800,2830,961516,10.2
2016-11-15,2820,2850,2760,2760,427200,10.08
2016-11-16,2770,2850,2770,2840,538780,9.92
2016-11-17,2860,2870,2820,2840,161410,9.89
2016-11-18,2840,2870,2720,2760,685620,9.75
2016-11-21,2760,2770,2720,2730,197410,9.75
2016-11-22,2750,2760,2730,2730,157650,9.7
2016-11-23,2730,2800,2730,2780,276500,9.72
2016-11-24,2800,2810,2760,2780,266760,9.7
2016-11-25,2760,2810,2760,2790,150180,9.71
2016-11-28,2790,2810,2710,2710,288996,9.62
2016-11-29,2700,2740,2620,2650,536710,9.49
2016-11-30,2650,2660,2600,2620,265780,9.44
2016-12-01,2610,2640,2560,2600,417950,9.37
2016-12-02,2580,2600,2520,2520,357120,9.31
2016-12-05,2490,2570,2490,2490,346320,9.25
2016-12-06,2500,2560,2500,2530,306940,9.25
2016-12-07,2530,2540,2460,2470,349730,9.23
2016-12-08,2490,2600,2480,2600,484816,9.17
2016-12-09,2620,2630,2570,2630,679090,8.99
2016-12-12,2640,2660,2620,2630,198436,8.91
2016-12-13,2620,2670,2620,2660,302190,8.92
2016-12-14,2700,2720,2650,2660,458230,8.76
2016-12-15,2640,2710,2640,2680,607726,8.6
2016-12-16,2690,2830,2660,2820,836976,8.72
2016-12-19,2830,2880,2800,2850,492990,8.64
2016-12-20,2850,2910,2800,2910,631396,8.59
2016-12-21,2920,2940,2870,2890,335366,8.54
2016-12-22,2890,2920,2850,2870,345916,8.53
2016-12-23,2860,2910,2850,2900,271666,8.51
2016-12-26,2930,3070,2890,3020,904116,8.45
2016-12-27,3020,3040,2970,3000,726786,8.39
2016-12-28,2950,3110,2930,3090,1198640,8.39
2016-12-29,3080,3110,3040,3090,456140,8.25
2017-01-02,3080,3190,3050,3070,938010,8.26
2017-01-03,3070,3130,3060,3080,518380,8.27
2017-01-04,3080,3100,2990,3000,544410,8.29
2017-01-05,3030,3030,2890,2980,852900,8.24
2017-01-06,2960,2970,2920,2940,424776,8.21
2017-01-09,2950,2970,2910,2970,582780,8.22
2017-01-10,2970,2970,2880,2880,527480,8.17
2017-01-11,2880,2980,2870,2940,398366,8.15
2017-01-12,2930,2970,2840,2870,633206,8.17
2017-01-13,2930,3120,2930,3070,2452920,8.26
2017-01-16,3100,3170,3020,3030,1470366,8.05
2017-01-17,3050,3090,3000,3060,622040,8.04
2017-01-18,3040,3100,3000,3060,645570,7.96
2017-01-19,3070,3090,3010,3020,515116,7.84
2017-01-20,3010,3050,2940,2940,576350,7.82
2017-01-23,2960,3070,2950,3040,609790,7.77
2017-01-24,3090,3100,3030,3070,658970,7.69
2017-01-25,3080,3140,3020,3120,850600,7.66
2017-01-26,3150,3150,3060,3080,584996,7.57
2017-01-31,3060,3180,3040,3170,914406,7.6
2017-02-01,3160,3190,3100,3160,660060,7.43
2017-02-02,3160,3160,3020,3040,669790,7.37
2017-02-03,3040,3070,2990,2990,592640,7.32
2017-02-06,2990,3050,2960,3020,408260,7.31
2017-02-07,3030,3030,2940,2960,579140,7.28
2017-02-08,2980,3070,2970,3060,409336,7.29
2017-02-09,3060,3160,3020,3130,704456,7.22
2017-02-10,3130,3150,3080,3110,510806,7.17
2017-02-13,3140,3250,3110,3220,1703050,7.29
2017-02-14,3250,3250,3090,3100,1495706,7.13
2017-02-15,3070,3160,3070,3110,964870,7.18
2017-02-16,3150,3150,3080,3110,660210,7.17
2017-02-17,3110,3110,3060,3100,587970,7.17
2017-02-20,3100,3150,3070,3150,374506,7.19
2017-02-21,3150,3200,3110,3180,598460,7.08
2017-02-22,3180,3200,3160,3180,308410,7.02
2017-02-23,3180,3180,3140,3140,303326,6.99
2017-02-24,3140,3160,3090,3120,334630,7.04
2017-02-27,3120,3170,3100,3160,288580,7.06
2017-02-28,3160,3180,3120,3160,312690,7.04
2017-03-02,3150,3180,3060,3060,480470,7.02
2017-03-03,3050,3130,3030,3070,412070,7.07
2017-03-06,3040,3100,3040,3060,355260,7.06
2017-03-07,3060,3110,3060,3090,240240,7.07
2017-03-08,3090,3150,3070,3100,315540,7.07
2017-03-09,3110,3130,3060,3080,354160,7.12
2017-03-10,3060,3130,3060,3120,274926,7.19
2017-03-13,3130,3190,3130,3160,329190,7.22
2017-03-14,3120,3200,3120,3190,445810,7.23
2017-03-15,3220,3220,3160,3180,279390,7.2
2017-03-16,3160,3240,3160,3220,427536,7.21
2017-03-17,3220,3230,3170,3230,229186,7.22
2017-03-20,3240,3250,3180,3230,282436,7.21
2017-03-21,3250,3250,3170,3170,364530,7.2
2017-03-22,3160,3220,3120,3200,264260,7.21
2017-03-23,3180,3210,3160,3170,216596,7.18
2017-03-24,3170,3220,3150,3160,421776,7.24
2017-03-27,3140,3260,3140,3250,560496,7.3
2017-03-28,3270,3300,3180,3280,513226,7.25
2017-03-29,3290,3380,3240,3290,780270,7.38
2017-03-30,3300,3390,3280,3390,753696,7.41
2017-03-31,3400,3420,3340,3370,423390,7.42
2017-04-03,3400,3520,3370,3520,666326,7.49
2017-04-04,3540,3550,3480,3520,423950,7.46
2017-04-05,3560,3570,3430,3450,564896,7.5
2017-04-06,3470,3480,3420,3460,399580,7.56
2017-04-07,3460,3600,3460,3590,744740,7.62
2017-04-10,3600,3670,3570,3590,655896,7.61
2017-04-11,3590,3740,3550,3740,1184870,7.77
2017-04-12,0,0,0,3740,0,7.77
2017-04-13,0,0,0,3740,0,7.75
2017-04-14,0,0,0,3740,0,7.75
2017-04-17,0,0,0,3740,0,7.75
2017-04-18,0,0,0,3740,0,7.75
2017-04-19,0,0,0,3740,0,7.75
2017-04-20,0,0,0,3740,0,7.75
2017-04-21,0,0,0,3740,0,7.75
2017-04-24,0,0,0,3740,0,7.75
2017-04-25,0,0,0,3740,0,7.75
2017-04-26,0,0,0,3740,0,7.75
2017-04-27,0,0,0,3740,0,7.75
2017-04-28,0,0,0,3740,0,7.75
2017-05-02,0,0,0,3740,0,7.75
2017-05-04,0,0,0,3740,0,7.75
2017-05-08,0,0,0,3740,0,7.75
2017-05-10,0,0,0,3740,0,7.73
2017-05-11,4350,4750,3890,3890,6512210,7.57
2017-05-12,3940,3940,3735,3790,1236462,7.39
2017-05-15,3710,3970,3710,3950,1289784,7.37
2017-05-16,3925,4100,3925,4020,1411554,7.37
2017-05-17,4055,4060,3975,3975,631500,7.38
2017-05-18,3915,3950,3810,3860,519478,7.37
2017-05-19,3800,3870,3760,3795,647468,7.32
2017-05-22,3785,3855,3750,3805,560956,7.29
2017-05-23,3785,3865,3765,3855,611010,7.48
2017-05-24,3865,4224,3825,4005,1377586,7.53
2017-05-25,4045,4095,3895,3905,863292,7.38
2017-05-26,3920,4020,3895,3935,581358,7.42
2017-05-29,3960,3965,3870,3890,453114,7.46
2017-05-30,3895,3950,3895,3950,325752,7.48
2017-05-31,3975,4040,3910,3925,738484,7.48
2017-06-01,3950,3965,3880,3900,272266,7.53
2017-06-02,3910,4030,3905,4030,663710,7.67
2017-06-05,4035,4050,3920,3955,511886,7.66
2017-06-07,3955,3960,3875,3890,525662,7.64
2017-06-08,3890,4940,3875,4520,10906902,7.84
2017-06-09,4480,4585,4295,4425,3378838,7.85
2017-06-12,4395,4460,4330,4440,1403354,7.82
2017-06-13,4465,4465,4335,4420,1394832,7.73
2017-06-14,4455,4635,4170,4180,2826864,7.43
2017-06-15,4190,4245,4090,4225,822212,7.46
2017-06-16,4200,4280,4160,4190,624272,7.48
2017-06-19,4200,4250,4160,4240,443284,7.5
2017-06-20,4255,4270,4145,4150,507702,7.48
2017-06-21,4190,4380,4160,4265,945340,7.43
2017-06-22,4210,4320,4160,4260,519512,7.46
2017-06-23,4260,4300,4210,4240,382658,7.51
2017-06-26,4240,4270,4160,4260,492530,7.58
2017-06-27,4290,4625,4270,4435,2906300,7.7
2017-06-28,4435,4460,4270,4285,886710,7.57
2017-06-29,4315,4325,4230,4270,285888,7.55
2017-06-30,4225,4270,4150,4205,448448,7.55
2017-07-03,4185,4285,4130,4145,411184,7.47
2017-07-04,4185,4415,4150,4340,1299476,7.53
2017-07-05,4360,4425,4230,4260,581910,7.47
2017-07-06,4260,4275,4175,4200,405424,7.39
2017-07-07,4175,4265,4155,4185,201080,7.36
2017-07-10,4205,4230,4045,4075,557912,7.28
2017-07-11,4070,4150,4050,4095,137896,7.3
2017-07-12,4125,4145,4005,4125,306750,7.33
2017-07-13,4115,4215,4115,4165,321674,7.39
2017-07-14,4170,4270,4130,4255,595482,7.46
2017-07-17,4440,4455,4260,4300,972168,7.33
2017-07-18,4300,4395,4270,4320,647918,7.44
2017-07-19,4360,4415,4280,4335,618570,7.44
2017-07-20,4350,4360,4255,4280,377044,7.46
2017-07-21,4300,4510,4270,4455,2909584,7.7
2017-07-24,4515,4780,4480,4730,5623942,7.63
2017-07-25,4760,4770,4590,4590,1798092,7.54
2017-07-26,4635,4670,4415,4495,1574290,7.47
2017-07-27,4485,4565,4330,4395,951672,7.48
2017-07-28,4345,4375,4160,4225,1351582,7.43
2017-07-31,4180,4250,4150,4225,490438,7.42
2017-08-01,4190,4295,4170,4225,503400,7.38
2017-08-02,4240,4275,4185,4215,485598,7.36
2017-08-03,4240,4240,3950,4025,1007722,7.37
2017-08-04,4050,4060,3905,3975,487074,7.4
2017-08-07,3980,4110,3910,4010,722520,7.36
2017-08-08,4010,4040,3955,3975,369450,7.35
2017-08-09,3950,3975,3870,3870,447052,7.39
2017-08-10,3875,3960,3780,3835,429742,7.45
2017-08-11,3760,3850,3745,3765,466560,7.51
2017-08-14,3755,3835,3755,3810,212792,7.49
2017-08-16,3835,3870,3755,3770,348112,7.47
2017-08-17,3805,3815,3690,3710,919962,7.62
2017-08-18,3690,3825,3650,3760,307626,7.65
2017-08-21,3770,3850,3750,3820,340766,7.66
2017-08-22,3845,3850,3805,3815,184544,7.67
2017-08-23,3860,3875,3805,3815,300788,7.64
2017-08-24,3810,3840,3800,3820,187156,7.65
2017-08-25,3810,3830,3755,3780,279486,7.65
2017-08-28,3800,3800,3700,3705,316452,7.68
2017-08-29,3685,3720,3625,3675,504794,7.76
2017-08-30,3660,3900,3660,3900,700886,7.79
2017-08-31,3925,4040,3855,3995,916864,7.79
2017-09-01,4010,4035,3915,4015,429396,7.72
2017-09-04,3850,4070,3840,3990,614260,7.57
2017-09-05,4000,4045,3895,3970,219820,7.52
2017-09-06,3930,4060,3930,4025,380416,7.5
2017-09-07,4030,4225,4030,4225,1126574,7.42
2017-09-08,4230,4265,3940,4090,677710,7.33
2017-09-11,4130,4235,4090,4140,430134,7.34
2017-09-12,4160,4220,4020,4050,592340,7.4
2017-09-13,4075,4135,4000,4125,532844,7.39
2017-09-14,4110,4205,4075,4105,373348,7.38
2017-09-15,4140,4200,4074,4175,343048,7.38
2017-09-18,4175,4195,4090,4165,379096,7.29
2017-09-19,4195,4235,4035,4050,390558,7.2
2017-09-20,4035,4100,3985,4035,275852,7.21
2017-09-21,4025,4075,3980,3995,213136,7.19
2017-09-22,4025,4065,3950,3955,254612,7.22
2017-09-25,3890,4145,3890,4140,470228,7.24
2017-09-26,4140,4140,3975,4045,506592,7.08
2017-09-27,4105,4160,4010,4155,473156,7.08
2017-09-28,4185,4500,4160,4470,3047916,7.36
2017-09-29,4475,4500,4370,4420,992376,7.26
2017-10-10,4435,4475,4320,4475,931572,7.22
2017-10-11,4565,4620,4480,4525,1426484,7.09
2017-10-12,4540,4610,4405,4435,764954,7.04
2017-10-13,4420,4420,4300,4405,780496,7.04
2017-10-16,4395,4420,4240,4335,555088,6.97
2017-10-17,4340,4645,4335,4550,3517576,7.31
2017-10-18,4560,4725,4490,4650,2216226,7.23
2017-10-19,4695,4700,4560,4590,764116,7.16
2017-10-20,4590,4790,4580,4775,1929388,7.4
2017-10-23,4820,4925,4745,4775,941538,7.24
2017-10-24,4735,4900,4735,4810,865036,7.37
2017-10-25,4850,4850,4715,4805,491524,7.41
2017-10-26,4745,4765,4645,4645,736118,7.4
2017-10-27,4700,4905,4685,4895,1237480,7.49
2017-10-30,4945,4990,4755,4870,983190,7.34
2017-10-31,4900,5025,4850,5025,1100524,7.31
2017-11-01,5025,5075,4910,4920,618232,7.23
2017-11-02,4910,5025,4825,4845,626214,7.23
2017-11-03,4865,4885,4775,4850,545772,7.3
2017-11-06,4875,4890,4800,4825,425394,7.32
2017-11-07,4825,4875,4655,4735,556074,7.35
2017-11-08,4735,5025,4735,5000,1172356,7.38
2017-11-09,5025,5025,4655,4770,1148668,7.25
2017-11-10,4770,5075,4770,5000,1179890,7.27
2017-11-13,5025,5300,4990,5125,1461138,7.31
2017-11-14,5150,5325,5050,5325,1250144,7.52
2017-11-15,5250,5300,5000,5200,1321008,7.45
2017-11-16,5150,5375,5075,5325,719032,7.44
2017-11-17,5400,5550,5250,5450,1042146,7.41
2017-11-20,5450,5575,5300,5325,540704,7.3
2017-11-21,5350,5825,5300,5675,1529598,7.33
2017-11-22,5750,6849,5725,6425,7484682,7.76
2017-11-23,6450,6525,6300,6475,1396646,7.77
2017-11-24,6475,6900,6350,6450,2114854,7.82
2017-11-27,6450,6600,6175,6375,1280230,7.94
2017-11-28,6450,6525,6150,6150,968624,7.94
2017-11-29,6200,6325,6074,6150,1193604,7.88
2017-11-30,6125,6125,5875,5925,1102186,7.97
2017-12-01,5949,6050,5850,5975,573990,7.87
2017-12-04,5949,6050,5725,5875,866032,7.87
2017-12-05,5800,5850,5575,5675,1218526,7.77
2017-12-06,5650,5825,5625,5625,955796,7.74
2017-12-07,5650,5725,5375,5525,753738,7.9
2017-12-08,5525,5600,5400,5450,301012,7.94
2017-12-11,5400,5725,5375,5675,714338,7.81
2017-12-12,5750,5800,5625,5725,528584,7.67
2017-12-13,5700,5825,5650,5775,368250,7.59
2017-12-14,5800,5900,5675,5675,555906,7.55
2017-12-15,5725,5825,5675,5750,411294,7.53
2017-12-18,5800,5900,5750,5800,430866,7.55
2017-12-19,5875,6175,5825,6075,1028980,8.48
2017-12-20,6124,6124,5950,6050,467774,8.39
2017-12-21,6049,6049,5725,5725,524252,8.36
2017-12-22,5749,6000,5650,5875,500108,8.39
2017-12-26,5900,5950,5700,5725,601528,8.39
2017-12-27,5700,5974,5575,5950,467558,8.4
2017-12-28,5950,5975,5825,5925,400030,8.32
2018-01-02,5925,5975,5625,5700,449464,8.33
2018-01-03,5775,5850,5625,5750,803850,8.39
2018-01-04,5775,6125,5700,5875,1528400,8.3
2018-01-05,5975,6150,5875,5925,1608074,8.16
2018-01-08,6000,6000,5625,5700,962346,8.15
2018-01-09,5700,5825,5675,5700,478396,8.19
2018-01-10,5725,5750,5525,5750,678168,8.18
2018-01-11,5750,5850,5675,5725,362998,8.16
2018-01-12,5725,5725,5550,5600,486236,8.17
2018-01-15,5575,5625,5475,5525,349470,8.19
2018-01-16,5575,5825,5575,5750,633970,8.28
2018-01-17,5800,5850,5700,5800,349492,8.27
2018-01-18,5850,6150,5775,5900,1734910,8.42
2018-01-19,5900,5974,5750,5750,601630,8.37
2018-01-22,5750,5900,5600,5850,607564,8.38
2018-01-23,5800,6075,5800,6025,851286,8.42
2018-01-24,6075,6400,6025,6225,1858000,8.6
2018-01-25,6300,6375,6175,6300,749446,8.58
2018-01-26,6350,6375,6024,6050,833334,8.53
2018-01-29,6075,6200,6050,6175,485154,8.49
2018-01-30,6200,6200,5925,6075,829574,8.45
2018-01-31,5975,6025,5825,5925,496776,8.37
2018-02-01,5925,6000,5825,5825,344602,8.35
2018-02-02,5850,5900,5675,5725,495746,8.43
2018-02-05,5600,5725,5500,5550,617102,8.6
2018-02-06,5400,5575,5150,5550,981062,8.85
2018-02-07,5675,5775,5250,5250,991684,8.91
2018-02-08,5450,6050,5400,5975,1565720,9.12
2018-02-09,5850,6074,5750,5950,5568886,8.26
2018-02-12,5925,6000,5700,5800,536216,8.16
2018-02-13,5825,5825,5625,5625,320208,8.12
2018-02-14,5650,5975,5600,5900,405130,8.05
2018-02-19,5925,6000,5825,5875,346394,7.96
2018-02-20,5949,6200,5600,5675,1631130,7.85
2018-02-21,5725,5875,5700,5800,468794,7.92
2018-02-22,5850,5874,5700,5750,279688,7.95
2018-02-23,5725,5924,5725,5850,338588,8.01
2018-02-26,5925,5975,5825,5900,360992,8.05
2018-02-27,5849,5975,5825,5925,471958,8.09
2018-02-28,5900,5925,5700,5900,441096,8.01
2018-03-02,5800,5875,5700,5800,259448,7.98
2018-03-05,5750,5775,5350,5500,791734,7.89
2018-03-06,5550,5600,5400,5550,469484,7.91
2018-03-07,5525,5600,5250,5250,664144,7.96
2018-03-08,5300,5325,5100,5200,726990,8.15
2018-03-09,5250,5525,5250,5400,499838,8.21
2018-03-12,5500,5525,5375,5500,329400,8.21
2018-03-13,5525,5600,5425,5575,268264,8.38
2018-03-14,5500,5575,5375,5575,300968,8.38
2018-03-15,5550,5550,5350,5400,571720,8.34
2018-03-16,5400,5500,5250,5425,730424,8.35
2018-03-19,5450,5500,5375,5425,248264,8.36
2018-03-20,5475,5500,5325,5425,396644,8.32
2018-03-21,5375,5475,5325,5375,431384,8.38
2018-03-22,5450,5750,5375,5600,755304,8.51
2018-03-23,5600,5625,5325,5400,683862,8.38
2018-03-26,5350,5725,5350,5675,577856,8.45
2018-03-27,5725,5725,5450,5650,618908,8.37
2018-03-28,5525,5700,5500,5550,378380,8.34
2018-03-29,5550,5650,5500,5550,213144,8.16
2018-03-30,5575,5625,5500,5625,365308,8.15
2018-04-02,5525,5600,5300,5350,618514,8.28
2018-04-03,5275,5375,5200,5250,499354,8.25
2018-04-04,5275,5350,4995,5025,849114,8.32
2018-04-05,5075,5225,5075,5175,374012,8.33
2018-04-06,5175,5300,5100,5150,375138,8.4
2018-04-09,5125,5300,5125,5200,317034,8.44
2018-04-10,5200,5275,5150,5225,327492,8.41
2018-04-11,5250,5400,5225,5375,533708,8.44
2018-04-12,5375,5575,5350,5400,784158,8.44
2018-04-13,5450,5525,5375,5475,374580,8.43
2018-04-16,5475,5500,5350,5500,318548,8.44
2018-04-17,5500,5550,5400,5500,259250,8.44
2018-04-18,5550,5550,5350,5425,250152,8.42
2018-04-19,5425,5525,5325,5475,350450,8.45
2018-04-20,5450,5475,5300,5350,313396,8.43
2018-04-23,5350,5375,5250,5300,248068,8.44
2018-04-24,5300,5325,5200,5275,272648,8.45
2018-04-25,5225,5325,5225,5275,212154,8.48
2018-04-26,5275,5425,5225,5375,302000,8.56
2018-04-27,5425,5500,5375,5450,290990,8.6
2018-04-30,5450,5475,5225,5250,489862,8.54
2018-05-02,5250,5375,5225,5300,431196,8.58
2018-05-03,5300,5400,5275,5350,211794,8.6
2018-05-04,5350,5375,5225,5250,251344,8.58
2018-05-08,5250,5300,5050,5150,427928,8.46
2018-05-09,5125,5150,4995,5100,443296,8.42
2018-05-10,5125,5250,5025,5225,383856,8.42
2018-05-11,5200,5225,5100,5200,425558,8.42
2018-05-14,5200,5250,5075,5125,424988,8.38
2018-05-15,5175,5200,5050,5150,507626,8.4
2018-05-16,5125,5175,5050,5100,451190,8.41
2018-05-17,5100,5175,5050,5075,278920,8.42
2018-05-18,5050,5175,5050,5125,230300,8.45
2018-05-21,5125,5150,5000,5050,437234,8.35
2018-05-23,5075,5075,4970,4995,610264,8.2
2018-05-24,5000,5150,4995,5000,667282,8.14
2018-05-25,5000,5075,4990,5000,296844,8.13
2018-05-28,5025,5125,4935,4950,784872,8.03
2018-05-29,4955,5000,4745,4750,627336,7.96
2018-05-30,4750,4760,4550,4635,639576,7.91
2018-05-31,4680,4850,4635,4720,440414,7.99
2018-06-01,4775,4895,4710,4875,266244,8.0
2018-06-04,4895,4970,4835,4925,187602,7.98
2018-06-05,4915,5025,4895,4925,229074,7.97
2018-06-07,4990,5125,4930,5075,410238,8.0
2018-06-08,5100,5100,4950,4965,276514,7.97
2018-06-11,4975,5050,4945,4990,206158,7.94
2018-06-12,5000,5025,4950,4985,198730,7.96
2018-06-14,5000,5025,4670,4835,1048760,7.88
2018-06-15,5025,5025,4690,4715,453798,7.87
2018-06-18,4680,4765,4550,4630,215654,7.77
2018-06-19,4580,4735,4580,4610,378724,7.83
2018-06-20,4615,4725,4615,4670,261800,7.83
2018-06-21,4740,4755,4675,4690,239016,7.82
2018-06-22,4695,4745,4515,4610,396538,7.81
2018-06-25,4575,4610,4515,4550,263906,7.81
2018-06-26,4505,4510,4335,4490,497092,7.83
2018-06-27,4490,4490,4355,4375,304498,7.88
2018-06-28,4355,4375,4105,4120,465888,7.9
2018-06-29,4100,4295,4035,4220,445192,7.92
2018-07-02,4260,4460,4260,4325,560704,7.95
2018-07-03,4400,4420,4260,4355,288132,7.95
2018-07-04,4280,4370,4150,4215,359608,7.99
2018-07-05,4185,4225,4060,4100,198906,8.01
2018-07-06,4150,4195,4055,4160,208234,8.06
2018-07-09,4155,4240,4125,4180,135838,8.11
2018-07-10,4215,4490,4180,4420,357634,8.09
2018-07-11,4385,4450,4260,4400,344006,8.02
2018-07-12,4365,4445,4300,4445,216532,7.97
2018-07-13,4485,4785,4430,4785,692592,7.92
2018-07-16,4785,5025,4715,4930,644214,7.83
2018-07-17,4870,5150,4870,4990,628742,7.8
2018-07-18,5000,5175,4995,5025,423308,7.72
2018-07-19,5050,5050,4900,5000,234646,7.71
2018-07-20,4970,5000,4785,4835,385536,7.75
2018-07-23,4835,4870,4715,4720,262864,7.79
2018-07-24,4740,4865,4740,4780,127786,7.79
2018-07-25,4785,4880,4700,4820,230836,7.58
2018-07-26,4830,4995,4780,4985,299662,7.54
2018-07-27,5000,5150,4970,5050,546696,7.5
2018-07-30,5050,5150,4995,5075,242942,7.43
2018-07-31,5000,5325,4995,5325,916248,7.33
2018-08-01,5400,5550,5350,5450,935556,7.31
2018-08-02,5450,5450,5250,5325,418536,7.2
2018-08-03,5300,5375,5200,5225,347960,7.17
2018-08-06,5200,5250,5000,5025,539976,7.15
2018-08-07,5000,5150,4985,5025,557264,7.14
2018-08-08,5025,5125,4915,4945,616810,7.06
2018-08-09,5000,5050,4855,4900,401990,7.07
2018-08-10,4905,4970,4840,4940,287332,7.05
2018-08-13,4885,4950,4680,4770,295222,7.01
2018-08-14,4735,4980,4725,4950,297372,6.92
2018-08-16,4910,4945,4705,4885,294446,6.86
2018-08-17,4900,4975,4800,4800,171414,6.8
2018-08-20,4800,4870,4765,4785,193646,6.79
2018-08-21,4845,4975,4825,4950,193052,6.78
2018-08-22,4990,5600,4965,5500,2498892,6.92
2018-08-23,5475,5500,5350,5475,789646,6.87
2018-08-24,5425,5850,5400,5700,1967456,6.69
2018-08-27,5700,6075,5675,5975,1424268,6.72
2018-08-28,5975,6075,5849,5925,823120,7.32
2018-08-29,5925,5950,5700,5925,1116912,7.48
2018-08-30,5900,6075,5849,6025,743610,7.48
2018-08-31,5975,6175,5950,6100,510540,7.55
2018-09-03,6200,6200,6000,6025,340312,7.54
2018-09-04,6025,6074,5900,5950,406340,7.65
2018-09-05,6000,6050,5800,5975,359736,7.76
2018-09-06,5975,6000,5875,5875,339088,7.79
2018-09-07,5775,5850,5550,5800,834872,8.0
2018-09-10,5800,5900,5675,5700,257718,7.99
2018-09-11,5725,5800,5675,5675,295304,7.99
2018-09-12,5725,5750,5375,5450,1011694,8.2
2018-09-13,5425,5500,5100,5250,1036456,8.45
2018-09-14,5275,5425,5200,5300,704002,8.45
2018-09-17,5325,5375,5175,5275,400678,8.43
2018-09-18,5250,5275,5125,5175,405484,8.4
2018-09-19,5275,6250,5250,5600,4503434,8.04
2018-09-20,5600,5700,5425,5500,1000434,7.98
2018-09-21,5500,5600,5300,5325,638960,7.9
2018-09-27,5325,5450,5225,5350,384404,7.88
2018-09-28,5375,5375,5075,5175,539146,7.74
2018-10-01,5175,5225,5075,5125,203766,7.7
2018-10-02,5150,5175,4875,4875,473706,7.65
2018-10-04,4880,4950,4790,4900,239240,7.61
2018-10-05,4800,4960,4800,4865,342088,7.49
2018-10-08,4765,4865,4730,4730,314646,7.39
2018-10-10,4750,4800,4505,4650,431450,7.37
2018-10-11,4400,4550,4300,4305,462474,7.36
2018-10-12,4395,4585,4345,4555,340000,7.41
2018-10-15,4610,4775,4475,4750,457146,7.34
2018-10-16,4725,4865,4720,4785,248140,7.32
2018-10-17,4825,4950,4725,4750,291690,7.3
2018-10-18,4825,4875,4635,4815,240050,7.29
2018-10-19,4735,4830,4660,4775,249040,7.26
2018-10-22,4770,4875,4725,4805,211658,7.24
2018-10-23,4775,4775,4625,4640,208738,7.19
2018-10-24,4655,4735,4555,4605,179326,7.17
2018-10-25,4490,4605,4475,4515,163876,7.14
2018-10-26,4500,4530,4290,4360,169008,7.14
2018-10-29,4350,4470,4285,4325,253242,7.07
2018-10-30,4175,4570,4175,4440,301438,7.02
2018-10-31,4475,4640,4375,4595,233072,6.99
2018-11-01,4605,4850,4605,4700,304764,6.92
2018-11-02,4790,4840,4675,4735,273074,6.85
2018-11-05,4690,4735,4475,4550,289028,6.8
2018-11-06,4595,4600,4500,4540,212292,6.83
2018-11-07,4540,4640,4325,4335,477730,6.82
2018-11-08,4390,4475,4350,4435,411250,6.95
2018-11-09,4415,4475,4305,4440,271258,6.96
2018-11-12,4400,4475,4350,4365,200628,7.0
2018-11-13,4350,4365,4160,4360,268252,6.95
2018-11-14,4350,4355,4210,4225,315756,6.93
2018-11-15,4265,4295,4140,4280,168412,6.94
2018-11-16,4280,4405,4275,4350,213204,6.97
2018-11-19,4350,4410,4270,4370,124800,6.99
2018-11-20,4300,4300,4020,4040,1167388,6.83
2018-11-21,3995,4005,3800,3905,1340010,7.01
2018-11-22,3935,3980,3890,3970,437952,7.1
2018-11-23,3970,3985,3875,3885,280924,7.13
2018-11-26,3900,4035,3885,3985,606112,7.27
2018-11-27,4020,4035,3930,3980,286924,7.31
2018-11-28,3985,4155,3980,4145,437552,7.42
2018-11-29,4175,4205,4145,4190,372084,7.44
2018-11-30,4185,4245,4035,4110,440334,7.5
2018-12-03,4170,4450,4145,4440,838968,7.72
2018-12-04,4485,4485,4290,4345,433938,7.64
2018-12-05,4245,4415,4215,4350,353396,7.62
2018-12-06,4370,4395,4175,4200,288904,7.59
2018-12-07,4255,4415,4250,4380,394058,7.7
2018-12-10,4300,4380,4120,4145,630936,7.59
2018-12-11,4190,4305,4040,4115,384280,7.61
2018-12-12,4130,4255,4130,4180,152494,7.62
2018-12-13,4215,4270,4180,4270,211162,7.64
2018-12-14,4250,4260,4080,4110,331838,7.55
2018-12-17,4090,4160,3925,3965,586842,7.54
2018-12-18,3930,4005,3850,3870,493426,7.64
2018-12-19,3895,3965,3890,3920,399340,7.78
2018-12-20,3895,3915,3815,3845,447238,7.84
2018-12-21,3850,3955,3850,3920,388062,7.94
2018-12-24,3920,3955,3895,3935,145114,7.97
2018-12-26,3890,3955,3865,3950,387298,7.98
2018-12-27,3975,3980,3850,3875,254160,7.94
2018-12-28,3875,3930,3875,3890,135156,7.89
2019-01-02,3895,3910,3725,3755,363622,7.92
2019-01-03,3710,3775,3450,3485,662236,7.99
2019-01-04,3470,3485,3220,3450,1062320,8.06
2019-01-07,3495,3600,3485,3580,385088,8.14
2019-01-08,3620,3790,3540,3645,693048,8.22
2019-01-09,3650,3730,3635,3650,446754,8.18
2019-01-10,3705,3710,3585,3700,240606,8.19
2019-01-11,3685,3735,3655,3680,155974,8.18
2019-01-14,3640,3735,3610,3615,132900,8.17
2019-01-15,3605,3680,3585,3645,295574,8.22
2019-01-16,3660,3700,3600,3650,261060,8.22
2019-01-17,3675,3675,3580,3580,188628,8.24
2019-01-18,3620,3650,3580,3630,156562,8.27
2019-01-21,3635,3750,3630,3735,303250,8.31
2019-01-22,3735,3745,3640,3675,319328,8.26
2019-01-23,3635,3670,3630,3650,297396,8.29
2019-01-24,3645,3670,3615,3625,355392,8.36
2019-01-25,3660,3790,3640,3695,813140,8.51
2019-01-28,3755,3870,3720,3810,1068730,8.62
2019-01-29,3810,3815,3695,3730,477464,8.56
2019-01-30,3750,3845,3690,3830,541734,8.66
2019-01-31,3915,4135,3865,3990,2138626,8.63
2019-02-01,4005,4190,4005,4085,1118994,8.45
2019-02-07,4135,4135,4010,4060,358902,8.43
2019-02-08,4025,4070,3980,4015,347632,8.46
2019-02-11,4020,4020,3825,3915,799246,8.5
2019-02-12,3915,4255,3885,4255,1029818,8.65
2019-02-13,4295,4470,4235,4415,1359624,8.65
2019-02-14,4415,4530,4345,4460,594368,8.63
2019-02-15,4455,4485,4365,4365,330480,8.62
2019-02-18,4350,4445,4350,4380,319782,8.6
2019-02-19,4425,4425,4235,4260,644766,8.64
2019-02-20,4275,4355,4275,4335,321458,8.68
2019-02-21,4360,4360,4265,4350,180604,8.72
2019-02-22,4345,4345,4255,4295,183202,8.7
2019-02-25,4295,4430,4295,4415,506180,8.76
2019-02-26,4415,4420,4325,4360,291578,8.67
2019-02-27,4365,4400,4325,4330,293794,8.6
2019-02-28,4330,4330,4100,4140,655000,8.6
2019-03-04,4155,4224,4085,4085,330052,8.6
2019-03-05,4100,4110,4015,4045,234656,8.62
2019-03-06,4080,4080,4000,4055,200690,8.62
2019-03-07,4045,4150,4000,4055,301542,8.6
2019-03-08,4040,4040,3870,3940,413300,8.57
2019-03-11,3900,4000,3890,3990,154092,8.57
2019-03-12,4020,4095,3975,4050,216584,8.51
2019-03-13,4070,4070,3990,4035,178560,8.48
2019-03-14,4070,4420,4040,4415,1332710,8.57
2019-03-15,4440,4445,4155,4155,736682,8.34
2019-03-18,4185,4265,4145,4145,327148,8.31
2019-03-19,4160,4180,4080,4080,262928,8.28
2019-03-20,4080,4130,4035,4085,217472,8.24
2019-03-21,4125,4280,4100,4225,782548,8.36
2019-03-22,4310,4325,4230,4260,607562,8.38
2019-03-25,4135,4220,4080,4085,269908,8.35
2019-03-26,4125,4135,4010,4055,157828,8.33
2019-03-27,4060,4140,3975,4095,281374,8.36
2019-03-28,4095,4095,3995,4000,245174,8.28
2019-03-29,3975,4075,3960,4005,136078,8.24
2019-04-01,4050,4165,4045,4155,226050,8.27
2019-04-02,4180,4215,4110,4120,159660,8.25
2019-04-03,4190,4190,4050,4095,410782,8.17
2019-04-04,4120,4345,4115,4195,1376496,8.35
2019-04-05,4235,4270,4160,4200,626874,8.31
2019-04-08,4215,4255,4165,4210,281472,8.3
2019-04-09,4190,4310,4175,4200,602008,8.32
2019-04-10,4200,4295,4125,4285,572122,8.31
2019-04-11,4300,4325,4250,4285,323166,8.27
2019-04-12,4285,4285,4205,4240,337810,8.18
2019-04-15,4250,4270,4215,4250,228196,8.15
2019-04-16,4250,4250,4100,4155,422320,8.05
2019-04-17,4185,4520,4170,4440,2328496,8.49
2019-04-18,4490,4530,4245,4310,1138524,8.25
2019-04-19,4350,4415,4285,4315,502000,8.17
2019-04-22,4330,4335,4220,4265,418052,8.08
2019-04-23,4290,4615,4290,4575,2658496,8.18
2019-04-24,4575,4605,4390,4500,1446910,7.79
2019-04-25,4525,4840,4525,4640,2911370,7.6
2019-04-26,4605,4700,4415,4600,1510838,7.39
2019-04-29,4650,4800,4620,4700,997244,7.29
2019-04-30,4715,4715,4610,4630,565506,7.3
2019-05-02,4660,4730,4630,4705,841318,7.3
2019-05-03,4705,4720,4555,4645,585050,7.27
2019-05-07,4560,4570,4455,4465,838038,7.24
2019-05-08,4400,4400,4250,4315,937062,7.25
2019-05-09,4275,4300,4040,4100,1058844,7.19
2019-05-10,4100,4170,4015,4075,562920,7.03
2019-05-13,4075,4135,3965,3965,357352,6.91
2019-05-14,3870,4025,3850,3945,409076,6.89
2019-05-15,3960,4105,3960,4060,376628,6.81
2019-05-16,4000,4010,3910,3920,545774,6.79
2019-05-17,3925,4020,3760,3775,549694,6.73
2019-05-20,3800,3865,3665,3695,501650,6.72
2019-05-21,3615,3750,3590,3615,618178,6.73
2019-05-22,3680,3680,3555,3575,450026,6.72
2019-05-23,3575,3590,3530,3545,337416,6.67
2019-05-24,3525,3620,3450,3500,547716,6.61
2019-05-27,3475,3565,3455,3530,164414,6.57
2019-05-28,3510,3630,3500,3630,393842,6.52
2019-05-29,3590,3620,3460,3490,439180,6.46
2019-05-30,3485,3580,3485,3540,383020,6.47
2019-05-31,3540,3575,3505,3525,246318,6.44
2019-06-03,3500,3510,3455,3465,427926,6.43
2019-06-04,3470,3520,3465,3500,330062,6.51
2019-06-05,3560,3605,3525,3565,686828,6.52
2019-06-07,3565,3665,3550,3640,468250,6.41
2019-06-10,3675,3720,3625,3700,433732,6.36
2019-06-11,3695,3770,3690,3705,357182,6.34
2019-06-12,3730,3750,3675,3705,237256,6.31
2019-06-13,3705,3730,3645,3730,338124,6.31
2019-06-14,3730,3730,3635,3650,213248,6.28
2019-06-17,3635,3665,3550,3560,338072,6.27
2019-06-18,3550,3630,3550,3565,234598,6.27
2019-06-19,3645,3785,3610,3740,849290,6.32
2019-06-20,3700,3855,3690,3805,420188,6.34
2019-06-21,3845,3885,3780,3795,336350,6.37
2019-06-24,3795,3825,3700,3790,321076,6.35
2019-06-25,3750,3810,3730,3740,207242,6.34
2019-06-26,3790,3790,3715,3760,291812,6.34
2019-06-27,3775,3865,3765,3790,303262,6.4
2019-06-28,3790,3890,3780,3780,299840,6.4
2019-07-01,3840,3840,3680,3725,313526,6.41
2019-07-02,3690,3825,3690,3810,257848,6.48
2019-07-03,3800,3815,3740,3780,184996,6.48
2019-07-04,3780,3890,3770,3890,345546,6.5
2019-07-05,3900,3905,3740,3750,263928,6.45
2019-07-08,3740,3740,3405,3420,1019056,6.26
2019-07-09,3410,3470,3250,3385,294794,6.22
2019-07-10,3365,3490,3365,3440,189794,6.23
2019-07-11,3440,3580,3440,3565,255718,6.28
2019-07-12,3555,3605,3555,3565,75096,6.27
2019-07-15,3575,3600,3485,3575,121896,6.29
2019-07-16,3600,3610,3545,3555,93904,6.32
2019-07-17,3515,3545,3445,3480,136632,6.34
2019-07-18,3505,3595,3485,3530,250984,6.37
2019-07-19,3535,3575,3525,3555,77416,6.39
2019-07-22,3540,3610,3540,3590,118734,6.42
2019-07-23,3580,3645,3570,3595,258916,6.4
2019-07-24,3590,3625,3550,3550,153250,6.4
2019-07-25,3580,3580,3450,3510,146782,6.4
2019-07-26,3500,3545,3375,3390,304922,6.37
2019-07-29,3335,3365,3200,3200,323934,6.36
2019-07-30,3170,3350,3170,3275,187112,6.41
2019-07-31,3205,3380,3200,3280,295842,6.44
2019-08-01,3265,3305,3220,3245,94994,6.45
2019-08-02,3220,3295,3175,3265,151838,6.44
2019-08-05,3250,3275,3010,3025,424434,6.38
2019-08-06,2990,3015,2725,2750,649084,6.48
2019-08-07,2710,2935,2710,2820,466566,6.48
2019-08-08,2855,2955,2840,2865,735330,6.43
2019-08-09,2880,2940,2880,2920,173574,6.42
2019-08-12,2910,2945,2865,2930,129158,6.44
2019-08-13,2930,3070,2890,3060,313372,6.5
2019-08-14,3080,3165,3025,3030,261838,6.47
2019-08-16,3020,3020,2845,2950,185744,6.46
2019-08-19,2960,3000,2915,2940,109946,6.46
2019-08-20,2925,3005,2925,2965,164810,6.47
2019-08-21,3065,3090,2955,2970,335560,6.45
2019-08-22,2985,3005,2910,2920,172620,6.44
2019-08-23,2910,2920,2820,2835,373820,6.41
2019-08-26,2760,2800,2630,2675,372544,6.43
2019-08-27,2715,2780,2645,2645,443122,6.51
2019-08-28,2645,2735,2645,2735,185568,6.58
2019-08-29,2750,2770,2660,2730,99708,6.58
2019-08-30,2755,2890,2755,2870,273884,6.65
2019-09-02,2845,2890,2830,2870,110644,6.67
2019-09-03,2870,2995,2870,2945,254742,6.68
2019-09-04,2925,3075,2920,3075,465598,6.65
2019-09-05,3090,3300,3070,3265,888952,6.79
2019-09-06,3260,3315,3190,3250,409582,6.69
2019-09-09,3250,3285,3065,3090,483272,6.73
2019-09-10,3090,3155,3050,3100,234968,6.78
2019-09-11,3130,3175,3090,3170,249016,6.75
2019-09-16,3180,3185,3100,3155,114016,6.73
2019-09-17,3255,3255,3130,3135,190240,6.71
2019-09-18,3170,3170,3095,3130,178180,6.7
2019-09-19,3160,3250,3135,3140,198020,6.74
2019-09-20,3205,3360,3150,3260,491760,6.73
2019-09-23,3260,3300,3220,3250,183862,6.7
2019-09-24,3255,3365,3215,3315,346920,6.65
2019-09-25,3295,3395,3260,3385,328820,6.6
2019-09-26,3400,3500,3400,3450,627986,6.55
2019-09-27,3425,3465,3335,3355,209884,6.51
2019-09-30,3350,3355,3280,3305,151736,6.5
2019-10-01,3305,3465,3305,3415,290786,6.5
2019-10-02,3415,3415,3335,3340,170086,6.46
2019-10-04,3340,3360,3305,3340,69844,6.44
2019-10-07,3340,3375,3265,3300,89742,6.42
2019-10-08,3275,3340,3230,3295,198770,6.48
2019-10-10,3290,3320,3210,3270,76480,6.48
2019-10-11,3285,3310,3240,3240,141790,6.48
2019-10-14,3285,3400,3280,3400,316636,6.49
2019-10-15,3400,3450,3300,3430,377204,6.43
2019-10-16,3470,3495,3400,3415,195158,6.43
2019-10-17,3405,3465,3405,3455,150390,6.42
2019-10-18,3490,3495,3450,3495,163840,6.41
2019-10-21,3475,3600,3450,3455,249158,6.34
2019-10-22,3455,3530,3455,3490,123298,6.33
2019-10-23,3500,3505,3395,3410,106516,6.28
2019-10-24,3405,3460,3400,3410,65938,6.26
2019-10-25,3450,3510,3400,3445,218516,6.22
2019-10-28,3435,3525,3435,3490,194062,6.17
2019-10-29,3535,3550,3475,3490,156656,6.22
2019-10-30,3520,3520,3390,3390,205968,6.13
2019-10-31,3450,3465,3395,3405,153230,6.11
2019-11-01,3445,3445,3370,3375,125188,6.07
2019-11-04,3405,3430,3325,3400,313752,6.02
2019-11-05,3370,3425,3370,3395,171434,6.0
2019-11-06,3375,3430,3370,3375,139260,5.97
2019-11-07,3360,3405,3305,3325,168410,5.9
2019-11-08,3335,3370,3210,3220,347222,5.87
2019-11-11,3265,3295,3180,3225,253088,5.77
2019-11-12,3210,3260,3120,3165,349140,5.64
2019-11-13,3200,3225,3165,3175,132754,5.66
2019-11-14,3175,3230,3165,3190,145470,5.63
2019-11-15,3170,3225,3170,3190,154430,5.63
2019-11-18,3235,3235,3200,3215,103800,5.63
2019-11-19,3235,3340,3175,3340,388734,5.62
2019-11-20,3315,3325,3150,3170,567626,5.5
2019-11-21,3195,3195,3040,3045,339292,5.5
2019-11-22,3025,3135,3025,3050,114838,5.5
2019-11-25,3110,3185,3080,3180,158668,5.51
2019-11-26,3175,3240,3175,3200,185694,5.49
2019-11-27,3240,3240,3160,3220,85098,5.51
2019-11-28,3225,3230,3150,3150,51852,5.5
2019-11-29,3165,3230,3110,3120,177700,5.51
2019-12-02,3105,3175,3065,3065,138902,5.54
2019-12-03,3065,3075,2990,3030,365364,5.44
2019-12-04,3015,3020,2925,2955,254146,5.4
2019-12-05,2975,3045,2960,3000,229550,5.41
2019-12-06,3035,3055,3005,3025,142862,5.42
2019-12-09,3060,3135,3050,3080,223884,5.46
2019-12-10,3100,3135,2995,3080,351438,5.45
2019-12-11,3080,3115,3045,3085,96196,5.44
2019-12-12,3225,3225,3145,3150,268218,5.4
2019-12-13,3220,3715,3220,3465,7029600,5.71
2019-12-16,3460,3730,3440,3685,2652780,5.76
2019-12-17,3700,3965,3635,3925,2579492,5.79
2019-12-18,3890,4075,3845,3955,1854174,5.69
2019-12-19,3955,4080,3925,3970,1073282,5.78
2019-12-20,3985,4035,3885,4015,728970,5.87
2019-12-23,4030,4035,3810,3980,626030,5.94
2019-12-24,4000,4000,3850,3885,445532,6.0
2019-12-26,3865,4040,3835,4030,667234,6.02
2019-12-27,4015,4115,3950,4090,752504,6.0
2019-12-30,4085,4100,4035,4050,215990,6.01
2020-01-02,4055,4125,3970,3980,366562,5.99
2020-01-03,4040,4155,3975,3985,715858,6.06
2020-01-06,3895,3970,3865,3920,396028,6.15
2020-01-07,3955,3975,3885,3925,266992,6.13
2020-01-08,3945,4015,3750,3925,890948,6.09
2020-01-09,4085,4205,4025,4175,1232534,6.2
2020-01-10,4175,4320,4170,4320,873406,6.18
2020-01-13,4340,4350,4185,4280,554394,6.06
2020-01-14,4340,4590,4270,4340,2229950,6.19
2020-01-15,4400,4400,4200,4220,618008,6.03
2020-01-16,4250,4535,4220,4480,1339852,6.09
2020-01-17,4570,4615,4430,4565,1078400,5.91
2020-01-20,4610,4615,4515,4520,572020,5.82
2020-01-21,4550,4650,4460,4510,634530,5.86
2020-01-22,4495,5425,4495,4755,7958660,5.8
2020-01-23,4835,5075,4680,4960,2789722,5.93
2020-01-28,4800,4940,4705,4755,1644896,5.58
2020-01-29,4875,4885,4695,4715,1144280,5.33
2020-01-30,4725,4730,4540,4560,1132250,5.4
2020-01-31,4575,4615,4330,4350,1634122,5.67
2020-02-03,4245,4415,4090,4375,1034404,5.72
2020-02-04,4355,4500,4355,4500,802392,5.62
2020-02-05,4630,4745,4520,4520,1413904,5.55
2020-02-06,4610,4675,4570,4635,392226,5.54
2020-02-07,4680,4700,4545,4690,542724,5.48
2020-02-10,4635,4810,4585,4715,816778,5.35
2020-02-11,4785,4825,4700,4700,349018,5.91
2020-02-12,4725,4745,4625,4665,479668,5.98
2020-02-13,4700,5125,4670,4945,2792730,6.28
2020-02-14,4915,4940,4815,4930,1040896,6.03
2020-02-17,4930,5050,4840,4970,886974,6.02
2020-02-18,4995,4995,4840,4845,735994,5.93
2020-02-19,4895,5000,4790,4900,755586,5.98
2020-02-20,4940,4980,4855,4885,1461346,5.97
2020-02-21,4845,4910,4745,4780,569508,5.99
2020-02-24,4585,4685,4545,4595,603522,6.07
2020-02-25,4590,4840,4560,4835,622402,6.09
2020-02-26,4700,4855,4680,4840,571008,6.03
2020-02-27,4840,4885,4475,4555,703840,5.94
2020-02-28,4400,4495,4220,4330,863442,6.09
2020-03-02,4365,4595,4285,4560,607270,6.19
2020-03-03,4715,4730,4515,4535,475574,6.19
2020-03-04,4495,4700,4485,4625,498266,6.33
2020-03-05,4650,4785,4610,4780,661768,6.35
2020-03-06,4665,4735,4585,4610,430138,6.26
2020-03-09,4550,4550,4400,4405,476440,6.21
2020-03-10,4345,4505,4310,4495,551520,6.3
2020-03-11,4540,4540,4230,4275,460674,6.22
2020-03-12,4150,4290,3850,3960,873318,6.2
2020-03-13,3705,3890,3295,3775,1235082,6.1
2020-03-16,3830,3995,3585,3585,529812,5.95
2020-03-17,3450,3615,3365,3480,865520,5.91
2020-03-18,3525,3575,3255,3255,476054,5.87
2020-03-19,3330,3410,2600,2635,893792,5.93
2020-03-20,2645,3045,2645,3035,1276414,6.0
2020-03-23,2885,2935,2750,2805,639974,5.91
2020-03-24,2980,3085,2880,3045,828548,5.84
2020-03-25,3200,3425,3195,3415,931714,5.87
2020-03-26,3430,3540,3315,3450,560074,5.82
2020-03-27,3630,3640,3280,3390,676324,5.72
2020-03-30,3285,3500,3210,3500,400186,5.61
2020-03-31,3560,3570,3375,3435,616986,5.52
2020-04-01,3385,3500,3335,3340,306524,5.43
2020-04-02,3340,3380,3245,3370,421164,5.43
2020-04-03,3400,3450,3315,3385,251382,5.42
2020-04-06,3395,3525,3375,3515,542392,5.45
2020-04-07,3620,3770,3580,3745,1013072,5.58
2020-04-08,3795,3800,3650,3700,649242,5.52
2020-04-09,3780,3815,3650,3675,494998,5.45
2020-04-10,3675,3705,3515,3580,570148,5.46
2020-04-13,3635,3635,3480,3525,409916,5.55
2020-04-14,3540,3660,3540,3625,512810,5.73
2020-04-16,3625,3675,3550,3670,446586,5.82
2020-04-17,3765,3955,3725,3900,1025026,6.02
2020-04-20,3900,3975,3825,3945,420230,6.05
2020-04-21,3885,3950,3765,3900,513190,6.13
2020-04-22,3855,3950,3795,3950,339326,6.25
2020-04-23,4000,4015,3920,3965,312160,6.27
2020-04-24,3950,3965,3835,3850,299554,6.29
2020-04-27,3900,3960,3885,3925,205198,6.32
2020-04-28,3965,3990,3885,3905,276464,6.3
2020-04-29,3905,4045,3855,3915,620822,6.33
2020-05-04,3870,3915,3780,3835,251004,6.33
2020-05-06,3915,3995,3840,3985,356346,6.32
2020-05-07,4005,4215,3970,4190,650474,6.39
2020-05-08,4240,4485,4220,4375,999130,6.42
2020-05-11,4375,4490,4275,4485,528900,6.46
2020-05-12,4455,4480,4280,4400,443980,6.42
2020-05-13,4310,4350,4215,4245,493528,6.39
2020-05-14,4175,4225,4075,4120,408870,6.34
2020-05-15,4135,4305,4135,4245,535464,6.4
2020-05-18,4255,4370,4160,4330,518668,6.38
2020-05-19,4400,4440,4280,4290,532326,6.27
2020-05-20,4340,5125,4315,4800,9331090,6.34
2020-05-21,4835,4870,4700,4750,1589248,6.25
2020-05-22,4800,4860,4575,4635,1295850,6.27
2020-05-25,4680,5000,4635,4995,2648242,6.28
2020-05-26,5075,5100,4840,4900,1594868,6.12
2020-05-27,4890,4905,4655,4700,1154664,6.1
2020-05-28,4730,4755,4405,4500,1126422,6.13
2020-05-29,4480,4615,4375,4615,600008,6.18
2020-06-01,4605,4675,4520,4600,1006546,6.02
2020-06-02,4625,4630,4535,4580,573144,5.99
2020-06-03,4640,4640,4440,4460,1016176,5.96
2020-06-04,4520,4545,4345,4420,929428,6.02
2020-06-05,4415,4455,4365,4390,556564,6.0
2020-06-08,4415,4445,4290,4330,1046866,6.08
2020-06-09,4355,4400,4190,4225,1495336,6.15
2020-06-10,4250,4320,4180,4310,771728,6.27
2020-06-11,4320,4335,4200,4225,703006,6.16
2020-06-12,3995,4100,3985,4060,908282,6.27
2020-06-15,4060,4115,3755,3800,1205518,6.24
2020-06-16,3905,3945,3850,3885,717330,6.22
2020-06-17,3855,3940,3810,3890,542352,6.31
2020-06-18,3860,4015,3825,3930,463808,6.33
2020-06-19,3955,4085,3910,4040,508746,6.39
2020-06-22,4075,4100,4000,4005,360490,6.36
2020-06-23,4050,4080,3905,3935,515738,6.41
2020-06-24,3955,4010,3915,3960,541932,6.5
2020-06-25,3900,3915,3825,3860,640118,6.56
2020-06-26,3920,3925,3825,3845,411912,6.56
2020-06-29,3800,3800,3675,3710,603376,6.48
2020-06-30,3765,3780,3660,3735,749768,6.5
2020-07-01,3750,3780,3675,3715,747242,6.42
2020-07-02,3705,3770,3660,3680,722650,6.36
2020-07-03,3720,3955,3695,3940,1351428,6.5
2020-07-06,3915,4095,3895,4045,1433564,6.32
2020-07-07,4105,4105,3920,3960,868146,6.12
2020-07-08,3960,4295,3945,4185,2407496,6.23
2020-07-09,4250,4340,4165,4260,1567622,6.08
2020-07-10,4250,4370,4180,4340,1273694,6.1
2020-07-13,4390,4510,4315,4465,1603874,6.16
2020-07-14,4435,4625,4425,4620,1883828,6.23
2020-07-15,4650,4660,4495,4570,1410332,6.19
2020-07-16,4630,4630,4420,4455,1025356,6.23
2020-07-17,4385,5050,4375,4905,9494576,6.43
2020-07-20,4925,4955,4720,4805,2280784,6.24
2020-07-21,4835,5850,4810,5575,19645896,5.92
2020-07-22,5525,6150,5475,5725,14462614,5.77
2020-07-23,6050,6350,5750,5900,8135624,5.57
2020-07-24,5750,6174,5650,5950,5069068,5.63
2020-07-27,6000,6175,5800,6100,3841122,5.41
2020-07-28,6100,6300,5975,6125,3121320,5.37
2020-07-29,6175,6225,6000,6175,2166108,5.57
2020-07-30,6250,6274,6074,6150,1657326,5.79
2020-07-31,6150,6150,5550,5925,3489722,6.54
2020-08-03,6000,6175,5875,6100,2245244,6.56
2020-08-04,6175,6349,6050,6075,1646772,6.51
2020-08-05,6100,6125,5825,5950,1735758,6.55
2020-08-06,6000,6024,5725,5850,1548926,6.77
2020-08-07,5949,6050,5800,5875,1133260,6.68
2020-08-10,5850,5975,5750,5900,1028036,6.64
2020-08-11,5875,6100,5725,6100,2433686,6.16
2020-08-12,6224,6824,5775,5850,10996560,5.1
2020-08-13,5900,6025,5700,5700,1784478,5.22
2020-08-14,5675,5675,5300,5500,2267276,5.55
2020-08-18,5425,5550,5025,5225,1560824,5.55
2020-08-19,5275,5425,5200,5400,875046,5.57
2020-08-20,5400,5400,4920,4955,2331996,5.63
2020-08-21,5000,5075,4860,4990,1238640,5.63
2020-08-24,4990,5075,4860,5000,958878,5.62
2020-08-25,5025,5200,4975,5150,871626,5.53
2020-08-26,5200,5200,4985,5050,784224,5.39
2020-08-27,5050,5075,4900,4900,922272,5.25
2020-08-28,4900,5125,4870,4985,1181984,5.13
2020-08-31,5100,5100,4975,5050,719290,5.12
2020-09-01,5000,5225,4980,5125,1117928,5.01
2020-09-02,5175,5250,5000,5150,1123846,5.01
2020-09-03,5275,5450,5200,5350,1943094,4.86
2020-09-04,5075,5250,5025,5250,1135048,4.83
2020-09-07,5275,5300,5100,5250,1079382,4.72
2020-09-08,5250,5800,5200,5650,4773488,4.53
2020-09-09,5500,5874,5475,5750,2971364,4.51
2020-09-10,5900,5925,5600,5750,1916634,4.44
2020-09-11,5750,5750,5550,5575,1357590,4.43
2020-09-14,5625,5675,5500,5650,688376,4.46
2020-09-15,5775,5775,5500,5525,1125618,4.03
2020-09-16,5525,5525,5325,5400,1158470,3.86
2020-09-17,5350,5400,5125,5250,1401010,3.61
2020-09-18,5200,5275,5125,5250,434684,3.59
2020-09-21,5250,5300,5100,5125,583090,3.52
2020-09-22,5100,5150,4930,5050,677890,3.57
2020-09-23,5100,5225,4930,5150,636034,3.55
2020-09-24,5000,5075,4935,5000,756004,3.43
2020-09-25,5000,5050,4920,4950,487000,3.39
2020-09-28,5000,5175,4980,5175,507492,3.43
2020-09-29,5225,5250,5075,5225,720844,3.4
2020-10-05,5225,5275,5100,5275,422948,3.4
2020-10-06,5300,5325,5200,5250,497020,3.38
2020-10-07,5150,5275,5125,5275,271266,3.38
2020-10-08,5325,5325,5175,5250,530926,3.38
2020-10-12,5250,5600,5225,5550,1687594,3.41
2020-10-13,5625,5725,5500,5700,1996534,3.36
2020-10-14,5625,5725,5525,5600,865836,3.32
2020-10-15,5625,5625,5375,5500,930146,3.3
2020-10-16,5500,5775,5450,5650,2310608,3.34
2020-10-19,5900,5925,5575,5700,3447468,3.15
2020-10-20,5625,5650,5400,5525,1716112,3.09
2020-10-21,5575,5600,5450,5525,810044,3.07
2020-10-22,5425,5550,5400,5400,829698,3.03
2020-10-23,5425,5425,5100,5125,1338338,2.83
2020-10-26,5100,5125,4980,5025,849430,2.84
2020-10-27,4965,5175,4925,5050,546346,2.78
2020-10-28,5075,5175,5050,5175,434918,2.76
2020-10-29,5000,5450,4995,5425,1198464,2.75
2020-10-30,5425,5675,5325,5425,2307874,2.83
2020-11-02,5450,5525,5375,5475,461788,2.77
2020-11-03,5525,5650,5425,5525,893188,2.64
2020-11-04,5600,5675,5475,5625,817218,2.71
2020-11-05,5675,5700,5525,5675,975100,2.73
2020-11-06,5775,5900,5675,5800,2169142,2.91
2020-11-09,5825,5874,5700,5750,929152,2.85
2020-11-10,5700,5750,5650,5750,726754,2.92
2020-11-11,5700,5725,5500,5600,1071338,2.86
2020-11-12,5625,5625,5525,5550,448366,2.88
2020-11-13,5600,5825,5550,5800,1341472,2.96
2020-11-16,5900,6300,5850,6275,5739526,3.47
2020-11-17,6250,6350,6100,6350,2485018,3.54
2020-11-18,6300,6400,6100,6150,1559706,3.3
2020-11-19,6075,6449,5975,6425,2559738,3.31
2020-11-20,6400,6450,6250,6300,1201412,3.14
2020-11-23,6250,6525,6250,6400,1919704,3.07
2020-11-24,6425,6500,6350,6400,990358,3.1
2020-11-25,6475,6475,6075,6175,1479046,3.08
2020-11-26,6175,6324,6124,6250,906774,3.21
2020-11-27,6175,6325,6175,6225,486702,3.24
2020-11-30,6275,6275,6100,6100,658586,3.15
2020-12-01,6150,6275,6075,6250,896180,3.09
2020-12-02,6325,6475,6275,6375,1655532,3.3
2020-12-03,6425,6449,6200,6225,985300,3.24
2020-12-04,6225,6275,6150,6200,912762,3.29
2020-12-07,6275,6425,6175,6300,1193336,3.21
2020-12-08,6375,6950,6375,6725,5911106,4.16
2020-12-09,6750,6850,6575,6850,2105596,3.92
2020-12-10,6724,7100,6700,6850,2328932,3.82
2020-12-11,6900,7225,6775,7025,1775974,3.78
2020-12-14,7025,7100,6875,6875,1036580,3.71
2020-12-15,6875,7200,6850,7100,1217034,3.7
2020-12-16,7100,8375,7000,7950,6248648,3.68
2020-12-17,7925,8700,7825,8375,5803126,4.41
2020-12-18,8400,8450,8025,8150,1853240,4.35
2020-12-21,8225,8675,8075,8525,2138790,4.39
2020-12-22,8500,8925,8225,8475,2206778,4.45
2020-12-23,8650,8800,8175,8450,1666130,4.38
2020-12-24,8350,8700,8250,8450,1297956,4.46
2020-12-28,8400,8475,8200,8250,1671792,4.73
2020-12-29,8350,9150,8325,8950,2970250,4.9
2020-12-30,8950,9125,8725,9050,1596880,4.73
2021-01-04,9175,9300,9000,9125,1262386,4.7
2021-01-05,9125,9225,8700,8950,1366120,4.72
2021-01-06,9000,9275,8800,8800,1221788,4.77
2021-01-07,8900,9025,8375,8750,1345218,4.89
2021-01-08,8800,8925,8475,8750,1865204,4.86
2021-01-11,8800,8875,8375,8600,1944666,5.08
2021-01-12,8775,8875,8550,8700,1326638,5.13
2021-01-13,8850,9025,8725,9025,1862764,5.22
2021-01-14,9025,9025,8750,8850,1127990,5.06
2021-01-15,9000,10550,8950,9425,15989658,5.22
2021-01-18,9625,10350,9425,10000,6177552,5.22
2021-01-19,10050,10250,9700,10125,2988394,5.21
2021-01-20,10275,10325,9950,10125,1827480,5.21
2021-01-21,10425,10900,10175,10275,3856694,5.16
2021-01-22,10550,10725,10075,10350,2217442,5.21
2021-01-25,10425,10475,9750,10375,1257788,5.28
2021-01-26,10575,10725,10300,10525,1451702,5.34
2021-01-27,10575,10600,9775,10000,1787466,5.23
2021-01-28,9675,10200,9600,9900,1133040,5.33
2021-01-29,10150,10150,9150,9450,1556314,5.38
2021-02-01,9500,10125,9175,10100,1732082,5.41
2021-02-02,10600,10725,10025,10100,1946784,5.12
2021-02-03,10250,10250,9900,10050,966872,5.14
2021-02-04,10000,10000,9625,9800,931398,5.19
2021-02-05,9900,9975,9575,9750,788550,5.23
2021-02-08,9750,9900,9625,9650,627744,5.17
2021-02-09,9675,9825,9650,9650,660412,5.2
2021-02-10,9650,9750,9475,9675,526420,5.18
2021-02-15,9875,10400,9775,10275,2270364,5.51
2021-02-16,10525,10625,10100,10300,1518420,5.22
2021-02-17,10325,10900,10100,10700,2400316,5.85
2021-02-18,10825,11325,10500,10800,2594948,5.94
2021-02-19,10775,12825,10650,12125,20679814,6.13
2021-02-22,12175,12674,11950,12050,4531848,6.1
2021-02-23,11675,11850,11325,11350,2760088,6.09
2021-02-24,11225,11550,10750,10750,2628360,5.93
2021-02-25,11125,11275,10750,11150,1577162,5.85
2021-02-26,10875,11150,10550,11075,1356072,5.79
2021-03-02,11375,11650,11075,11200,1368312,5.72
2021-03-03,11175,11625,11150,11350,972742,5.7
2021-03-04,11150,11325,10875,11325,935088,5.64
2021-03-05,11000,11650,10825,11125,1845048,5.43
2021-03-08,11250,11275,10750,10800,807038,5.44
2021-03-09,10800,10875,10200,10400,1307646,5.41
2021-03-10,10725,10800,10100,10100,897486,5.5
2021-03-11,10250,10975,10200,10975,1722158,5.77
2021-03-12,11500,11700,11050,11350,2174328,5.52
2021-03-15,11475,11950,11350,11850,2106070,5.66
2021-03-16,12049,12200,11575,11675,1589824,5.6
2021-03-17,11700,11875,11574,11825,1041206,5.64
2021-03-18,11950,12500,11925,12350,2216882,6.03
2021-03-19,12075,13200,11950,12750,4308046,6.3
2021-03-22,12825,13250,12575,13075,2044278,6.43
2021-03-23,13225,13375,12475,12525,1846446,6.47
2021-03-24,12350,12925,12125,12400,1887860,6.29
2021-03-25,12400,12500,12050,12150,897932,6.27
2021-03-26,12274,12350,11850,12050,1044304,6.23
2021-03-29,12100,12249,11925,12100,808034,6.2
2021-03-30,12125,12425,12000,12225,639814,6.21
2021-03-31,12324,12375,12000,12200,568158,6.14
2021-04-01,12300,13250,12250,13025,3562420,6.38
2021-04-02,13250,13775,13175,13250,3196736,5.91
2021-04-05,13700,15225,13500,14800,11602766,6.09
2021-04-06,15175,16000,15175,15350,6421120,6.0
2021-04-07,15475,15575,14875,15450,2845828,6.14
2021-04-08,15300,16500,15125,15900,3759330,6.48
2021-04-09,16150,16675,16050,16425,2645216,6.24
2021-04-12,16275,16500,15750,16500,1817454,6.22
2021-04-13,16500,16800,15700,15875,2503458,6.13
2021-04-14,15975,16300,15425,15875,1751134,6.39
2021-04-15,15900,16000,15500,15600,1116956,6.45
2021-04-16,15625,16000,15550,15750,1059060,6.4
2021-04-19,15800,16550,15800,16125,2996066,6.27
2021-04-20,16300,16450,16025,16450,1339854,6.35
2021-04-21,16450,16575,16175,16525,1291796,6.33
2021-04-22,16800,17750,16800,17000,4297548,6.4
2021-04-23,17025,18000,17000,17875,3122780,6.64
2021-04-26,18025,19075,18025,19025,3235500,6.59
2021-04-27,19000,19375,18500,19075,2623278,6.43
2021-04-28,19100,19150,17275,17500,4114002,6.31
2021-04-29,17350,17600,16500,16800,3980472,6.3
2021-04-30,17250,17825,16825,17225,3069562,6.01
2021-05-03,17225,17500,16675,16900,1353092,5.94
2021-05-04,16825,17000,15850,16750,2760888,6.01
2021-05-06,16600,16650,16175,16275,1616386,5.84
2021-05-07,16200,16875,16100,16350,1582086,5.8
2021-05-10,16600,16600,15925,16100,1890760,5.8
2021-05-11,15750,15800,15400,15550,2154090,6.08
2021-05-12,15625,16099,15500,15850,2171594,6.05
2021-05-13,15350,15474,14800,15000,2517318,6.03
2021-05-14,15425,16500,15300,16425,4100712,6.12
2021-05-17,17000,17200,15899,16350,3085444,5.6
2021-05-18,16375,17100,15950,17100,2588224,5.78
2021-05-20,17250,17775,16750,17125,2580210,5.53
2021-05-21,17425,17600,16900,17125,2023732,5.51
2021-05-24,17125,17125,16075,16275,1866560,5.42
2021-05-25,16600,16625,16000,16125,1337188,5.42
2021-05-26,16149,16175,15749,15900,1179716,5.38
2021-05-27,15875,16850,15450,16850,1977114,5.67
2021-05-28,16700,16950,16425,16650,1264306,5.76
2021-05-31,16650,16750,16050,16300,1244322,5.68
2021-06-01,16150,16600,16100,16100,941376,5.65
2021-06-02,16374,16600,16225,16500,1435622,5.9
2021-06-03,16825,17725,16525,17450,4758854,6.59
2021-06-04,17300,17325,16700,16975,2335914,6.14
2021-06-07,17300,17450,17025,17100,1428372,6.14
2021-06-08,17250,17300,16775,16800,913352,6.1
2021-06-09,16850,16975,16300,16450,1015066,6.09
2021-06-10,16324,16750,16324,16725,657662,6.09
2021-06-11,16725,16950,16575,16650,723092,6.11
2021-06-14,16750,16775,16400,16475,678624,6.09
2021-06-15,16675,17100,16500,16675,1204618,6.22
2021-06-16,16775,16850,16525,16800,683444,6.22
2021-06-17,16625,17125,16475,16825,1054548,6.46
2021-06-18,17150,17525,16825,16850,2147726,6.47
2021-06-21,16525,16700,16325,16350,1090898,6.31
2021-06-22,16525,16625,16374,16425,463528,6.29
2021-06-23,16550,16575,16100,16150,911034,6.28
2021-06-24,16299,16700,16275,16350,820146,6.39
2021-06-25,16700,16700,16299,16350,644502,6.37
2021-06-28,16375,16450,16275,16375,505742,6.4
2021-06-29,16600,16875,16450,16525,1059106,6.57
2021-06-30,16425,16950,16425,16925,1279522,6.93
2021-07-01,17300,17550,16875,17050,2420446,6.61
2021-07-02,17075,18100,16875,17925,5041686,8.25
2021-07-05,17975,18075,17300,17525,2416162,7.34
2021-07-06,17550,17825,17300,17550,1161176,7.19
2021-07-07,17550,17625,17100,17625,945308,7.18
2021-07-08,17600,17625,17075,17075,999650,7.05
2021-07-09,16800,17200,16650,17125,1053144,7.18
2021-07-12,17150,17250,16925,16925,645864,7.03
2021-07-13,16950,17075,16725,16975,563738,6.99
2021-07-14,16825,16900,16650,16800,668066,6.97
2021-07-15,16825,17200,16675,17125,1051124,7.04
2021-07-16,17150,17650,16975,16975,1801290,6.78
2021-07-19,17000,18925,16975,18275,9694092,8.17
2021-07-20,18250,19275,17900,18750,5777948,8.49
2021-07-21,18950,19475,18625,18650,2226722,8.68
2021-07-22,18975,20675,18975,19600,8395980,9.12
2021-07-23,19825,20575,19525,20150,3956906,9.65
2021-07-26,20150,20175,19075,19150,2539882,9.3
2021-07-27,19225,19525,18750,19050,1229630,9.28
2021-07-28,18775,19175,18600,19125,1278986,9.26
2021-07-29,19275,19400,18375,18450,1642624,8.77
2021-07-30,18250,18925,18250,18325,1405004,8.97
2021-08-02,18525,18725,18200,18725,988264,8.9
2021-08-03,18825,19450,18600,18750,1459730,8.69
2021-08-04,19075,19075,18375,18600,901542,8.53
2021-08-05,18625,18825,18400,18625,745942,8.46
2021-08-06,18700,18700,18400,18425,682826,8.4
2021-08-09,18250,18800,18200,18750,992102,8.41
2021-08-10,18775,18825,18225,18225,981666,8.21
2021-08-11,18225,18400,17525,17700,1338970,8.33
2021-08-12,17575,18200,17200,17950,1172442,8.37
2021-08-13,17825,17900,16900,17100,1656808,8.16
2021-08-17,17100,17350,16500,16650,1128656,8.25
2021-08-18,16600,16950,16124,16850,940300,8.14
2021-08-19,16525,16925,15850,15850,1279496,7.96
2021-08-20,16099,16450,15850,16050,1206362,7.81
2021-08-23,16525,16850,16425,16600,1020794,7.64
2021-08-24,17150,17225,16700,17200,899386,7.61
2021-08-25,17925,17925,17350,17425,1384978,7.42
2021-08-26,17750,17775,17350,17425,556540,7.38
2021-08-27,17425,17425,17025,17250,438266,7.38
2021-08-30,17475,17525,17025,17175,396124,7.33
2021-08-31,17100,17400,16900,17275,497640,7.3
2021-09-01,17200,17350,17000,17100,347016,7.34
2021-09-02,17175,17200,16900,17000,301022,7.29
2021-09-03,17125,17125,16850,17025,557464,7.25
2021-09-06,17025,17050,16525,16650,1110196,6.99
2021-09-07,16750,16750,16325,16375,773970,6.85
2021-09-08,16250,16525,16025,16275,697696,6.67
2021-09-09,16075,16350,16050,16050,549872,6.55
2021-09-10,16075,16250,15925,16125,477666,6.55
2021-09-13,16000,16275,15900,15975,489480,6.52
2021-09-14,16199,16199,16000,16025,380820,6.49
2021-09-15,15950,16100,15849,16100,390038,6.5
2021-09-16,16175,16250,15925,15925,354032,6.46
2021-09-17,15875,16300,15575,16250,587240,6.46
2021-09-23,16050,16225,15925,16225,402452,6.41
2021-09-24,16300,16400,16000,16200,421848,6.36
2021-09-27,16200,16725,16050,16500,937002,6.35
2021-09-28,16500,16575,16000,16100,534152,6.28
2021-09-29,15525,15699,15175,15450,936128,6.11
2021-09-30,15225,15750,15225,15550,461286,6.11
2021-10-01,15550,15650,15250,15250,466096,6.03
2021-10-05,14849,15100,14400,14500,830716,6.0
2021-10-06,14825,14850,13625,13750,1089812,6.2
2021-10-07,13800,15175,13775,15100,1229154,6.34
2021-10-08,15100,15175,14475,14700,620908,6.21
2021-10-12,14600,14700,14050,14050,687974,6.2
2021-10-13,14050,14275,13850,14050,390074,6.21
2021-10-14,14175,14650,14150,14600,454182,6.26
2021-10-15,15075,15925,15075,15700,1789460,6.24
2021-10-18,15600,15799,15225,15575,612162,6.15
2021-10-19,15575,15675,15250,15325,464204,6.04
2021-10-20,15475,15650,15150,15150,337024,5.96
2021-10-21,15150,15275,14875,15075,534444,5.94
2021-10-22,15100,15475,14850,15275,430420,5.9
2021-10-25,15175,15399,14750,15325,357834,5.83
2021-10-26,15700,15925,15625,15825,771038,5.76
2021-10-27,15900,16000,15725,15775,468848,5.69
2021-10-28,15775,16425,15500,16275,1323724,5.85
2021-10-29,16550,16575,15825,16075,879056,5.65
2021-11-01,16049,16125,15675,15700,453250,5.73
2021-11-02,15950,16100,15800,15825,374522,5.67
2021-11-03,16149,16149,15500,15500,399742,5.66
2021-11-04,15825,15849,15575,15700,337904,5.74
2021-11-05,16025,16500,15950,16150,1161626,5.87
2021-11-08,16275,16350,15575,16150,684964,5.82
2021-11-09,16150,16400,16075,16175,444372,5.8
2021-11-10,16100,16150,15650,15725,505866,5.8
2021-11-11,15425,15650,15300,15550,369280,5.82
2021-11-12,15700,16175,15625,16100,571892,5.87
2021-11-15,16575,17375,16500,17225,3213818,6.16
2021-11-16,17300,17625,17075,17325,1880240,6.1
2021-11-17,17650,17650,17000,17300,1169994,6.19
2021-11-18,17350,17650,17025,17625,1029288,6.16
2021-11-19,17800,18200,17700,17900,1625572,6.07
2021-11-22,18850,19825,18750,19300,6340724,6.28
2021-11-23,19075,19125,18525,18650,1663022,6.24
2021-11-24,18700,18825,17400,17850,2311252,6.09
2021-11-25,17875,18200,17250,17300,1083798,6.05
2021-11-26,17350,17625,16825,16925,958794,6.05
2021-11-29,16200,17075,16150,16600,1346052,6.22
2021-11-30,17175,17275,16225,16300,1254174,6.12
2021-12-01,16550,17400,16350,17350,1266642,6.23
2021-12-02,17250,18825,17025,18250,3568130,6.47
2021-12-03,18475,18600,18050,18375,1357930,6.55
2021-12-06,18275,19150,18275,18825,1949504,6.56
2021-12-07,18950,19000,18525,18825,1019434,6.44
2021-12-08,19450,19550,18100,18150,1939954,6.36
2021-12-09,18100,18375,17900,18150,746724,6.38
2021-12-10,18000,18150,17875,17950,527576,6.37
2021-12-13,18175,18750,17950,18575,1224432,6.44
2021-12-14,18400,18725,18325,18550,652778,6.43
2021-12-15,18525,18675,18175,18350,470552,6.37
2021-12-16,18775,18825,18100,18150,567086,6.32
2021-12-17,17900,18050,17500,17650,815396,6.33
2021-12-20,17650,17900,17425,17525,468436,6.34
2021-12-21,17750,17925,17425,17925,534476,6.37
2021-12-22,18375,18500,17850,17875,1100282,6.34
2021-12-23,18050,18475,17875,18050,982476,6.44
2021-12-24,18450,18450,18050,18050,638734,6.4
2021-12-27,18450,18600,18200,18300,1094980,6.42
2021-12-28,18400,18475,18175,18425,947904,6.44
2021-12-29,18425,18650,18250,18500,751000,6.45
2021-12-30,18525,19050,18450,18925,1390814,6.6
2022-01-03,19175,19200,18825,19075,928800,6.52
2022-01-04,19125,19225,18500,18625,902302,6.48
2022-01-05,18575,18625,17950,18000,865856,6.41
2022-01-06,17500,17900,17450,17500,726640,6.37
2022-01-07,17675,18125,17625,18000,500912,6.37
2022-01-10,17850,17875,17425,17625,395352,6.38
2022-01-11,17650,17875,17125,17225,585862,6.27
2022-01-12,17475,17700,17375,17650,476126,6.32
2022-01-13,17800,17975,17500,17975,453200,6.35
2022-01-14,17925,18825,17675,18575,2572212,6.51
2022-01-17,18775,18925,18450,18625,1041178,6.38
2022-01-18,18625,19100,18125,18300,1337322,6.43
2022-01-19,18050,18175,17550,17800,965234,6.24
2022-01-20,18050,18575,17825,18550,900366,6.31
2022-01-21,18300,18475,17825,18075,966570,6.19
2022-01-24,17825,18225,17750,18175,714030,6.22
2022-01-25,18300,18400,17800,18100,1084136,6.15
2022-01-26,18050,18200,17825,18050,673222,6.12
2022-01-27,18250,18350,17675,17875,958182,6.1
2022-01-28,17925,18475,17150,18450,1200654,6.12
2022-02-03,18950,18975,18350,18375,851020,6.06
2022-02-04,18300,18900,18225,18850,1177388,6.03
2022-02-07,18925,19150,18575,19050,1136462,6.04
2022-02-08,19075,19175,18000,18225,1297934,5.96
2022-02-09,18450,18475,18025,18175,675658,5.9
2022-02-10,18400,18575,18100,18200,569478,5.93
2022-02-11,18000,18200,17525,17550,811122,5.95
2022-02-14,17050,17350,16500,16500,1292888,5.94
2022-02-15,16550,16650,15950,16050,794296,5.95
2022-02-16,16775,16850,16500,16800,739048,5.89
2022-02-17,16875,17100,16300,16775,816200,5.91
2022-02-18,16400,17050,16375,16875,453738,5.93
2022-02-21,16550,16925,16500,16850,335950,5.92
2022-02-22,16500,16900,16500,16650,342466,5.91
2022-02-23,16800,17400,16675,17200,762430,5.84
2022-02-24,16950,17100,16550,16600,731354,5.78
2022-02-25,16975,16975,16625,16675,504732,5.72
2022-02-28,16725,16850,16625,16700,353564,5.71
2022-03-02,16700,16700,16375,16625,479908,5.68
2022-03-03,16775,17150,16750,16975,464868,5.7
2022-03-04,16975,17100,16725,16850,450216,5.68
2022-03-07,16550,16625,16374,16475,379200,5.64
2022-03-08,15975,16400,15975,16075,320402,5.64
2022-03-10,16625,16625,16425,16550,267478,5.68
2022-03-11,16599,16775,16175,16350,349454,5.69
2022-03-14,16349,16349,15675,15900,606478,5.68
2022-03-15,15800,15875,15500,15525,401130,5.68
2022-03-16,15850,15900,15550,15675,340324,5.63
2022-03-17,16025,16249,16000,16100,494448,5.68
2022-03-18,16325,16500,16100,16500,421068,5.73
2022-03-21,16650,16850,16400,16500,546754,5.76
2022-03-22,16525,16600,16325,16525,276184,5.76
2022-03-23,16625,16725,16450,16525,292140,5.76
2022-03-24,16400,16650,16325,16650,290982,5.82
2022-03-25,16925,17225,16850,17175,870992,5.92
2022-03-28,17250,17325,17000,17225,443558,5.89
2022-03-29,17325,17600,17150,17575,558946,5.94
2022-03-30,17725,17775,17325,17350,556910,5.88
2022-03-31,17200,17575,17200,17500,403684,5.9
2022-04-01,0,0,0,17500,0,5.9
2022-04-04,0,0,0,17500,0,5.9
2022-04-05,0,0,0,17500,0,5.9
2022-04-06,17450,17450,16800,16850,566919,5.87
2022-04-07,16600,17150,16400,17000,303890,5.89
2022-04-08,17100,17150,16700,17000,199374,5.88
2022-04-11,16850,16900,16350,16500,276250,5.83
2022-04-12,16100,16300,15650,15900,615607,5.75
2022-04-13,16050,16450,16000,16400,384716,5.77
2022-04-14,17100,17550,16850,17250,1405996,5.81
2022-04-15,17200,17350,16900,16950,481871,5.76
2022-04-18,16950,17050,16600,16850,305094,5.75
2022-04-19,16850,17250,16800,17050,470574,5.72
2022-04-20,17250,17250,16900,16900,357459,5.69
2022-04-21,16900,17250,16900,16950,333675,5.72
2022-04-22,16850,16850,16400,16550,519924,5.68
2022-04-25,16100,16300,15900,15900,752736,5.7
2022-04-26,16100,16200,15700,15750,589820,5.62
2022-04-27,15150,15500,15100,15500,511282,5.7
2022-04-28,15600,15650,14900,15150,593489,5.64
2022-04-29,15300,15400,15100,15300,479538,5.61
2022-05-02,15150,15150,14800,15000,728418,5.7
2022-05-03,15100,15300,15000,15050,467643,5.7
2022-05-04,15150,15200,14850,14950,474285,5.69
2022-05-06,14600,14750,14200,14500,959149,5.74
2022-05-09,14250,14500,13850,13950,786131,5.87
2022-05-10,13800,14400,13350,14300,892155,5.86
2022-05-11,14400,14800,14250,14450,510556,5.8
2022-05-12,14050,14250,13900,13950,388607,5.75
2022-05-13,13800,14250,13750,14100,306824,5.73
2022-05-16,14550,14600,14100,14300,381246,5.67
2022-05-17,14350,14700,14300,14500,420870,5.6
2022-05-18,14750,15100,14650,15050,815586,5.67
2022-05-19,14400,14850,14400,14800,330140,5.66
2022-05-20,15000,15050,14650,14750,333552,5.6
2022-05-23,15000,15000,14650,15000,363080,5.62
2022-05-24,15050,15100,14350,14600,403934,5.58
2022-05-25,14500,14800,14250,14550,285382,5.61
2022-05-26,14650,14750,14350,14350,244995,5.61
2022-05-27,14600,14700,14300,14350,249152,5.63
2022-05-30,14600,14650,14350,14450,170892,5.63
2022-05-31,14550,14600,14400,14400,322301,5.57
2022-06-02,14400,14550,14250,14300,291074,5.6
2022-06-03,14500,15100,14300,14850,734033,5.75
2022-06-07,14900,14950,14650,14700,360897,5.68
2022-06-08,14700,14950,14550,14550,281594,5.66
2022-06-09,14700,14750,14500,14750,236530,5.61
2022-06-10,14750,14750,14450,14450,230441,5.55
2022-06-13,13900,14050,13600,13600,468792,5.52
2022-06-14,13100,13500,13000,13250,508868,5.53
2022-06-15,13100,13650,13100,13400,460416,5.5
2022-06-16,13700,13900,13300,13300,296255,5.51
2022-06-17,13000,13400,12950,13350,249253,5.5
2022-06-20,13400,13450,12150,12400,550785,5.49
2022-06-21,12450,12850,12250,12700,383298,5.54
2022-06-22,12750,13000,11650,11650,796278,5.36
2022-06-23,11600,12250,11550,11650,838262,5.48
2022-06-24,11750,12100,11700,12000,464494,5.43
2022-06-27,12300,13150,12100,12950,717141,5.41
2022-06-28,13100,13350,12950,13200,454187,5.29
2022-06-29,12950,13200,12750,13100,220386,5.31
2022-06-30,13100,13150,12500,12550,275601,5.28
2022-07-01,12600,12900,12150,12300,280052,5.3
2022-07-04,12450,12750,12100,12250,287855,5.3
2022-07-05,12400,12850,12400,12800,301640,5.3
2022-07-06,12850,12900,12350,12350,204557,5.23
2022-07-07,12500,12950,12500,12750,320289,5.25
2022-07-08,13000,13100,12750,12850,268241,5.22
2022-07-11,13150,13850,13100,13800,969821,5.3
2022-07-12,13600,13700,13350,13350,369739,5.25
2022-07-13,13350,14000,13150,13900,358870,5.25
2022-07-14,13750,14100,13700,13950,407321,5.17
2022-07-15,14250,14350,13250,13500,717972,5.14
2022-07-18,13800,13850,13500,13650,380547,5.07
2022-07-19,13600,13650,13300,13500,304965,5.1
2022-07-20,13850,13950,13500,13600,389753,5.11
2022-07-21,13700,14300,13700,14100,714244,5.18
2022-07-22,14300,14900,14200,14400,1257288,5.2
2022-07-25,14250,14350,14050,14050,326254,5.18
2022-07-26,14000,14050,13750,13850,206513,5.17
2022-07-27,13850,14050,13800,13900,194865,5.19
2022-07-28,14250,14250,13650,13700,381314,5.09
2022-07-29,13800,13900,13450,13500,359826,5.08
2022-08-01,13600,13600,13300,13400,177572,5.07
2022-08-02,13350,13600,12850,13200,506777,5.16
2022-08-03,13100,13450,13100,13400,250671,5.24
2022-08-04,13650,13750,13250,13350,365754,5.21
2022-08-05,13400,13700,13200,13650,381611,5.25
2022-08-08,13650,13650,13300,13400,183773,5.25
2022-08-09,13250,13400,12900,12950,584435,5.24
2022-08-10,12750,12800,12350,12400,625599,5.26
2022-08-11,12750,12850,12400,12550,441372,5.27
2022-08-12,12550,12900,12500,12800,345432,5.31
2022-08-16,12950,13200,12800,13000,450016,5.24
2022-08-17,13000,13100,12800,12900,223794,5.23
2022-08-18,12700,13000,12650,12900,175631,5.22
2022-08-19,13000,13050,12650,12650,196702,5.22
2022-08-22,12400,12450,12250,12300,311001,5.28
2022-08-23,12050,12250,11950,12150,347277,5.33
2022-08-24,12150,12250,11950,12050,219528,5.31
2022-08-25,12050,12300,11950,12200,321565,5.36
2022-08-26,12400,12650,12200,12250,317634,5.32
2022-08-29,11650,11900,11650,11650,422606,5.29
2022-08-30,11700,11900,11600,11900,333140,5.34
2022-08-31,11700,12150,11650,12050,322839,5.31
2022-09-01,11850,12100,11650,11700,399317,5.27
2022-09-02,11800,12100,11700,11900,371610,5.24
2022-09-05,11800,12050,11650,11700,312449,5.19
2022-09-06,11700,12050,11700,12000,275569,5.21
2022-09-07,11950,12450,11950,12100,488835,5.21
2022-09-08,12350,12400,12100,12150,380761,5.18
2022-09-13,12250,12650,12200,12600,541454,5.21
2022-09-14,12150,12300,12000,12200,270585,5.18
2022-09-15,12400,12900,12150,12500,531721,5.13
2022-09-16,12400,12750,12250,12500,340554,5.13
2022-09-19,12650,13200,12600,13000,1147794,5.17
2022-09-20,13200,13400,13050,13050,678937,5.12
2022-09-21,12950,13000,12550,12700,359876,5.11
2022-09-22,12450,12850,12350,12750,293544,5.15
2022-09-23,12750,13000,12600,12900,382124,5.14
2022-09-26,12750,12800,12000,12000,488372,5.11
2022-09-27,11900,12150,11650,11950,447482,5.14
2022-09-28,11900,12100,11500,11500,382000,5.14
2022-09-29,11750,11850,11200,11250,320693,5.13
2022-09-30,10950,11250,10550,10800,752543,5.17
2022-10-04,11100,12150,11100,12150,747784,5.31
2022-10-05,12550,12550,11800,11900,502472,5.29
2022-10-06,12100,12600,12100,12500,409598,5.29
2022-10-07,12300,12650,12200,12250,374110,5.3
2022-10-11,11650,12100,11500,11950,321310,5.34
2022-10-12,11850,12150,11700,11950,260884,5.28
2022-10-13,11900,12000,11400,11450,328842,5.29
2022-10-14,11900,12250,11700,12150,414272,5.29
2022-10-17,11900,12300,11900,12300,266342,5.25
2022-10-18,12550,12550,11900,12150,356442,5.13
2022-10-19,12000,12050,11650,11700,454668,5.07
2022-10-20,11650,11650,11250,11250,525192,4.99
2022-10-21,11300,11500,11250,11250,213804,4.97
2022-10-24,11700,11950,11550,11950,566398,5.05
2022-10-25,11850,12550,11750,12300,741600,5.09
2022-10-26,12450,12500,12050,12050,330629,5.0
2022-10-27,12200,12200,11900,12050,261552,4.98
2022-10-28,11900,11950,11600,11600,349953,4.88
2022-10-31,11850,12000,11750,11800,189136,4.92
2022-11-01,11700,11900,11700,11850,171559,4.89
2022-11-02,11700,11800,11600,11650,187863,4.85
2022-11-03,11400,11750,11350,11650,182902,4.86
2022-11-04,11550,11600,11350,11550,160510,4.87
2022-11-07,11550,11800,11500,11750,205128,4.92
2022-11-08,11900,12200,11850,12050,422857,4.95
2022-11-09,12200,12250,12000,12100,265898,4.96
2022-11-10,11900,12050,11850,11850,193054,4.95
2022-11-11,12600,12600,12200,12300,572041,5.07
2022-11-14,12500,12900,12500,12550,824815,5.11
2022-11-15,12850,13100,12500,13050,705291,5.24
2022-11-16,13450,13500,13050,13150,859301,5.11
2022-11-17,12900,12950,12750,12900,283145,5.1
2022-11-18,13200,13550,13000,13000,681864,5.01
2022-11-21,13250,13400,12950,13100,457954,4.94
2022-11-22,12950,13000,12700,12750,245998,4.91
2022-11-23,13000,13050,12750,12850,176198,4.91
2022-11-24,13050,13250,12850,13150,328782,4.97
2022-11-25,13200,13200,12950,13000,189893,4.95
2022-11-28,12900,12950,12600,12900,274012,4.96
2022-11-29,13150,13900,13150,13600,1510942,5.08
2022-11-30,13600,13650,13350,13400,496351,4.97
2022-12-01,13800,13850,13300,13350,501856,4.88
2022-12-02,13350,13450,13100,13150,264723,4.88
2022-12-05,13150,13500,13100,13200,222540,4.89
2022-12-06,12950,13000,12650,12700,370186,4.8
2022-12-07,12400,12650,12300,12550,291282,4.81
2022-12-08,12450,12700,12400,12400,169260,4.8
2022-12-09,12550,12900,12550,12900,415578,4.83
2022-12-12,12750,12750,12500,12600,262898,4.8
2022-12-13,12800,12800,12400,12700,237808,4.76
2022-12-14,12750,13300,12650,13050,577745,4.76
2022-12-15,12850,13050,12750,12950,219146,4.76
2022-12-16,12600,12900,12550,12900,200894,4.79
2022-12-19,12900,13000,12750,12850,183911,4.9
2022-12-20,12750,12900,12500,12550,232735,4.93
2022-12-21,12650,12700,12400,12500,127575,4.93
2022-12-22,12650,12750,12550,12650,201128,4.95
2022-12-23,12400,12500,12150,12200,317125,4.94
2022-12-26,12200,12400,12000,12150,293348,5.02
2022-12-27,12200,12350,12100,12250,335128,5.03
2022-12-28,12050,12100,11750,11900,306633,4.95
2022-12-29,11950,11950,11450,11500,288021,4.9
2023-01-02,11550,11700,11300,11300,193066,4.88
2023-01-03,11200,12000,11150,11750,362468,4.92
2023-01-04,11600,12750,11600,12650,914369,4.99
2023-01-05,12650,12850,12200,12350,460052,4.98
2023-01-06,12250,12850,12200,12650,454738,4.99
2023-01-09,12800,12900,12600,12750,334740,4.94
2023-01-10,12700,13300,12550,13100,760507,5.05
2023-01-11,13250,13350,13000,13100,357150,5.01
2023-01-12,13150,13200,12800,13050,352569,5.0
2023-01-13,13150,13250,12850,13100,282023,5.02
2023-01-16,13200,13250,13050,13200,261677,5.06
2023-01-17,13200,13350,13100,13200,233483,5.07
2023-01-18,13300,13350,13000,13300,205068,5.11
2023-01-19,13200,13400,13100,13300,227591,5.1
2023-01-20,13250,13500,13050,13100,271593,5.07
2023-01-25,13500,13850,13310,13720,888227,5.22
2023-01-26,13780,13910,13540,13810,447891,5.16
2023-01-27,13890,13990,13730,13830,421845,5.2
2023-01-30,13840,13900,13530,13900,430209,5.19
2023-01-31,13830,14450,13710,14210,858088,5.25
2023-02-01,14450,14450,13990,14200,516247,5.24
2023-02-02,14520,14760,14430,14450,772426,5.27
2023-02-03,14510,14740,14370,14540,515707,5.27
2023-02-06,14540,15100,14460,14930,1097683,5.3
2023-02-07,15110,15550,15070,15390,1534579,5.52
2023-02-08,15390,15590,14990,15350,1340660,5.57
2023-02-09,15280,15620,15120,15520,746257,5.56
2023-02-10,15530,15820,15400,15670,826547,5.57
2023-02-13,15810,15940,15500,15780,681585,5.6
2023-02-14,16260,16820,15400,15600,2716916,5.66
2023-02-15,16130,16470,15800,15990,1661980,5.67
2023-02-16,16160,16200,15580,15840,1346442,5.56
2023-02-17,15530,15540,15000,15220,1531750,5.58
2023-02-20,15020,15340,14810,15290,816156,5.67
2023-02-21,15350,15570,15040,15400,625545,5.65
2023-02-22,15020,15630,15020,15470,780627,5.69
2023-02-23,15720,15900,15340,15740,914247,5.67
2023-02-24,16090,16220,15720,15850,1059282,5.6
2023-02-27,15660,16050,15660,16050,614501,5.62
2023-02-28,16200,16200,15950,15960,526521,5.63
2023-03-02,15950,15950,15400,15690,821533,5.56
2023-03-03,15690,15780,15430,15570,496847,5.54
2023-03-06,15570,15960,15220,15860,801070,5.6
2023-03-07,15950,16390,15810,16230,1133451,5.63
2023-03-08,15990,16210,15900,16170,581645,5.6
2023-03-09,16400,16670,15750,15800,812760,5.5
2023-03-10,15460,15500,15040,15170,952715,5.49
2023-03-13,14960,15180,14840,15100,560534,5.63
2023-03-14,14960,15000,14230,14320,810923,5.78
2023-03-15,14770,14790,14170,14230,707102,5.81
2023-03-16,14240,15030,14240,14770,852690,5.83
2023-03-17,15230,16260,15200,16010,1988525,5.96
2023-03-20,16080,16130,15720,16070,849219,5.79
2023-03-21,16050,16190,15720,15760,497499,5.7
2023-03-22,15970,16210,15730,16170,792471,5.74
2023-03-23,16050,16420,15800,16360,1179731,5.8
2023-03-24,16850,20600,16760,19940,28637405,6.02
2023-03-27,20400,21650,20050,20650,12309526,5.79
2023-03-28,20450,21500,20200,21100,7040251,5.78
2023-03-29,21800,22600,20550,21050,8232381,6.71
2023-03-30,21500,23600,21200,21300,12465790,6.8
2023-03-31,23200,24050,20200,20700,8791856,6.81
2023-04-03,21200,21500,20050,20700,4404115,6.51
2023-04-04,20250,20300,18950,19080,5738911,6.3
2023-04-05,18930,19680,18870,19480,4182609,6.16
2023-04-06,19100,19940,18810,19630,3224702,6.06
2023-04-07,20250,21450,20050,20450,8732157,5.86
2023-04-10,20550,20600,19800,19990,2369560,5.71
2023-04-11,20650,22450,20350,21250,10729772,5.82
2023-04-12,20950,21300,20050,20350,2646591,5.67
2023-04-13,19900,20450,19550,20300,2012386,5.58
2023-04-14,20650,20700,19880,19880,1727281,5.54
2023-04-17,19780,20300,19090,20100,1841506,5.65
2023-04-18,20250,20650,19960,20000,1994026,5.77
2023-04-19,20500,21400,20200,20350,3649627,5.71
2023-04-20,19850,21700,19810,21150,7715079,6.04
2023-04-21,21000,22750,20950,21600,8291505,6.11
2023-04-24,21750,22350,20300,20300,3922286,5.8
2023-04-25,20050,20800,19650,20450,2604598,5.9
2023-04-26,20200,22000,20150,21550,7321160,6.17
2023-04-27,21500,21550,20200,21500,2755926,6.13
2023-04-28,21700,21850,20500,20550,2207396,5.9
2023-05-02,20550,21500,20550,21350,1855494,6.27
2023-05-03,20850,23200,20800,23200,7698523,6.78
2023-05-04,22650,22850,21600,21700,3750421,6.11
2023-05-08,22100,22500,21100,21500,2792271,6.08
2023-05-09,21550,21900,20800,21450,1633651,6.15
2023-05-10,21050,21850,21000,21000,1302971,6.17
2023-05-11,21100,21450,20300,20450,1874894,6.26
2023-05-12,20350,20750,20200,20350,1104133,6.34
2023-05-15,20250,20350,19530,19600,1644913,6.42
2023-05-16,20300,20650,19680,19810,1613934,6.36
2023-05-17,19730,20400,19730,20250,965423,6.55
2023-05-18,20600,21450,20450,21350,2601526,6.75
2023-05-19,21900,26450,21800,25950,26313254,7.11
2023-05-22,25950,27350,25700,26150,10488124,7.65
2023-05-23,26350,26950,25800,26600,5785706,7.73
2023-05-24,26050,27600,25750,26550,5267410,7.92
2023-05-25,28650,29450,26750,27300,10827742,7.56
2023-05-26,28150,29100,27000,27150,9735430,7.72
2023-05-30,28300,29250,27100,27200,7003620,7.6
2023-05-31,27200,28350,26050,26550,5339568,7.92
2023-06-01,26050,26650,25650,26350,3004975,8.07
2023-06-02,27050,27100,25550,25700,3266697,8.08
2023-06-05,25400,25550,24950,25150,2280681,8.26
2023-06-07,25150,25400,24800,25000,1751275,7.88
2023-06-08,24650,25800,24500,25650,2778389,7.55
2023-06-09,25900,26950,25350,26600,4478632,7.74
2023-06-12,26900,26950,26050,26500,1663874,7.67
2023-06-13,27350,27850,26450,26600,3954879,7.61
2023-06-14,26850,27500,26100,26350,3508721,7.87
2023-06-15,27000,29600,26800,29150,14530508,8.57
2023-06-16,28700,29800,28050,29100,6155678,8.56
2023-06-19,29600,29900,28450,29300,4082295,8.49
2023-06-20,29000,31100,28100,30900,4987026,8.66
2023-06-21,30600,31850,29100,29200,4806137,8.32
2023-06-22,28600,29850,28550,29050,2305688,8.43
2023-06-23,29350,31150,29200,30350,6336915,8.96
2023-06-26,30000,30850,29350,30650,2391063,8.73
2023-06-27,30150,30450,29450,30100,1990610,8.54
2023-06-28,30450,31100,29700,29800,2530700,8.65
2023-06-29,29050,30300,28850,30200,4049122,9.25
2023-06-30,30250,30850,29350,30150,2211261,9.18
2023-07-03,30400,32150,30400,31200,4390899,9.6
2023-07-04,31400,31850,30850,31500,2257152,9.6
2023-07-05,31550,31650,30400,30750,2050724,9.07
2023-07-06,30700,31050,29200,29250,2426992,8.82
2023-07-07,29250,30700,29050,29350,3032930,8.98
2023-07-10,29350,29850,28500,28900,2332723,9.01
2023-07-11,29050,30500,29050,30500,1980704,9.32
2023-07-12,30500,31800,30300,31700,2730361,9.61
2023-07-13,32650,41200,32300,41200,20838329,11.21
2023-07-14,43250,50100,42200,46800,21767501,11.09
2023-07-17,45000,50000,44850,49500,7552831,10.83
2023-07-18,48750,51000,47300,49550,5066011,10.99
2023-07-19,48700,48750,41650,43500,7899022,10.39
2023-07-20,43800,46850,42550,45950,4565421,10.39
2023-07-21,43700,45300,43250,45000,1791822,10.01
2023-07-24,43250,47500,40550,47200,6560531,9.8
2023-07-25,46950,51500,45100,46300,3878548,9.73
2023-07-26,47600,49000,42000,43800,4815985,9.5
2023-07-27,43500,46950,42350,45900,3908705,10.07
2023-07-28,46400,47350,44550,47150,2410245,9.84
2023-07-31,47900,50500,47550,48500,3685091,9.61
2023-08-01,49150,53800,46800,53400,4672173,9.74
2023-08-02,51500,53300,48000,49250,3730887,9.0
2023-08-03,48850,49850,45000,49300,5200061,8.6
2023-08-04,49000,51100,46100,46950,3865648,8.63
2023-08-07,46600,49450,45800,47200,3651574,8.71
2023-08-08,49350,51300,47050,47700,6310078,8.33
2023-08-09,47100,47550,45500,46750,2011243,8.24
2023-08-10,45100,47150,44450,46800,2466683,8.33
2023-08-11,48200,49500,47150,47850,4007611,8.6
2023-08-14,46500,46950,45600,45600,1640285,8.54
2023-08-16,46600,49500,46550,48150,5017582,9.13
2023-08-17,47200,49900,46500,48750,3676231,9.2
2023-08-18,47900,60700,47750,57800,17063369,9.71
2023-08-21,58800,60900,57500,59700,7634521,9.61
2023-08-22,62200,63300,55300,55800,7321810,9.25
2023-08-23,54800,59400,54800,57000,6208892,9.44
2023-08-24,60600,60900,55200,55500,6139264,8.96
2023-08-25,54400,56400,54100,54400,2579662,9.33
2023-08-28,54600,55300,53400,55000,1679670,9.4
2023-08-29,55400,57600,54700,55300,2487739,9.29
2023-08-30,57200,58300,55900,57100,3388659,9.71
2023-08-31,57100,59800,55700,59800,7087487,10.48
2023-09-01,58500,60400,57600,58500,3404907,10.08
2023-09-04,60000,60300,57600,58200,1925458,10.21
2023-09-05,58000,60400,58000,58800,2094606,10.36
2023-09-06,58800,59500,56700,57500,1350634,10.27
2023-09-07,56600,58200,56500,57300,1157594,10.46
2023-09-08,57000,57000,52600,54200,2618078,10.37
2023-09-11,53400,54200,51600,53300,1755985,10.28
2023-09-12,53500,54200,52400,52800,1394502,10.32
2023-09-13,53500,56900,52700,53100,3302859,10.21
2023-09-14,54900,55500,53400,53800,1806206,10.32
2023-09-15,54500,55200,53400,54100,1289914,10.25
2023-09-18,52200,52900,50200,50300,1904033,10.24
2023-09-19,50800,51300,49300,49550,1082918,10.34
2023-09-20,49300,50300,48800,49700,863206,10.3
2023-09-21,48450,49200,47950,48450,1062342,10.37
2023-09-22,47500,50600,47450,49800,1607929,10.52
2023-09-25,50000,50900,49150,49800,734101,10.42
2023-09-26,50300,51600,49700,50400,1036580,10.42
2023-09-27,50000,52900,48600,52700,1445980,10.34
2023-10-04,51600,55500,51500,54200,2596338,10.39
2023-10-05,56100,56200,52100,53100,1547955,10.28
2023-10-06,53600,54400,53000,53100,904497,10.42
2023-10-10,53700,54400,49750,49750,1647348,10.47
2023-10-11,51200,53200,51200,51500,1464875,10.67
2023-10-12,52900,55800,52300,55700,2638760,11.02
2023-10-13,55200,59400,54700,57300,3977838,11.11
2023-10-16,56400,58400,55800,58400,2137969,10.96
2023-10-17,58900,59600,56600,58900,2232466,10.96
2023-10-18,57100,59000,56700,58500,1385962,10.91
2023-10-19,57300,61700,57200,58700,3210534,10.87
2023-10-20,58400,59900,56500,58500,2110682,10.85
2023-10-23,58400,59000,55200,55400,1503157,10.73
2023-10-24,56200,58800,55800,58600,1398469,10.96
2023-10-25,59000,61700,58800,59500,2266337,11.08
2023-10-26,56000,59400,55800,58100,1530847,11.07
2023-10-27,59000,59200,56400,57200,1078348,10.87
2023-10-30,56500,57600,56100,57000,663365,10.81
2023-10-31,57400,58100,51600,52500,2167824,10.72
2023-11-01,53000,54500,51600,52700,1001234,10.82
2023-11-02,55300,57700,54300,57400,1580494,11.17
2023-11-03,58300,58600,56000,56500,1083856,11.01
2023-11-06,57700,58700,55800,58500,1676140,11.26
2023-11-07,58100,66500,57700,62600,6462160,11.95
2023-11-08,63100,64500,59600,60800,2610160,11.8
2023-11-09,61100,62300,60100,61500,1334881,11.8
2023-11-10,61400,67900,60400,66300,4111622,12.38
2023-11-13,61100,63300,56500,57800,7178821,11.24
2023-11-14,58300,60000,57000,59500,2266601,11.26
2023-11-15,61700,63400,60500,62300,2750021,11.62
2023-11-16,61700,63000,60200,62400,1539467,11.72
2023-11-17,62900,64300,61300,62800,1499992,11.72
2023-11-20,62800,63200,60300,62000,1255859,11.7
2023-11-21,62800,63000,60700,61500,1273028,11.52
2023-11-22,60200,62700,60100,61700,1225169,11.75
2023-11-23,61700,61800,59600,59700,1182420,11.53
2023-11-24,59700,61000,59100,60800,714189,11.63
2023-11-27,60400,61200,59600,59700,782130,11.7
2023-11-28,60300,61700,59500,61600,1081795,11.98
2023-11-29,61200,62000,60200,61100,827016,12.13
2023-11-30,61700,63600,61000,63600,1634387,12.63
2023-12-01,62500,63000,61600,62000,755785,12.48
2023-12-04,61000,61600,59500,59800,1099046,12.32
2023-12-05,59500,61100,57100,57800,1131547,12.41
2023-12-06,58400,59000,57400,57900,601332,12.44
2023-12-07,57200,59500,57100,58900,685390,12.58
2023-12-08,60400,60800,59100,60300,737859,12.57
2023-12-11,60600,60600,58700,58900,504953,12.69
2023-12-12,59500,60000,58700,58900,517824,12.7
2023-12-13,58900,59100,57700,58600,510213,12.77
2023-12-14,59400,59500,57100,59200,1123569,12.87
2023-12-15,59400,60000,57500,58300,1093605,12.91
2023-12-18,58800,59500,58300,58300,709418,13.01
2023-12-19,58800,59500,58300,58900,591248,13.06
2023-12-20,59100,59300,58200,58700,618915,13.05
2023-12-21,58300,59200,58000,59200,530702,13.07
2023-12-22,60100,60400,58600,58600,597400,13.11
2023-12-26,58500,59000,54000,57600,822925,13.28
2023-12-27,58400,62300,58300,61500,2246859,13.79
2023-12-28,61700,64500,59600,61700,1681160,13.72
2024-01-02,61700,63700,60100,60800,1340893,13.68
2024-01-03,59500,60600,59100,59500,723327,13.71
2024-01-04,59300,60000,58200,59000,657612,13.56
2024-01-05,58900,59400,57900,58800,573749,13.47
2024-01-08,58400,59300,58000,58100,385856,13.43
2024-01-09,59900,60500,58000,58700,909403,13.53
2024-01-10,58700,58800,57200,58400,542206,13.41
2024-01-11,58600,59000,58100,59000,387304,13.46
2024-01-12,58800,58900,57100,57100,530923,13.3
2024-01-15,57200,57700,55000,56200,542398,13.39
2024-01-16,55900,56200,51100,52700,2130287,13.21
2024-01-17,53300,53800,52100,52400,756016,13.24
2024-01-18,52400,56500,51800,56200,1364180,13.3
2024-01-19,58100,58400,56300,57700,1278997,13.4
2024-01-22,59000,59200,56700,57700,1271136,13.47
2024-01-23,57700,60100,56500,57700,1182327,13.59
2024-01-24,58500,59500,57800,59200,1325890,13.68
2024-01-25,59900,60300,57500,57700,1016644,13.73
2024-01-26,57600,59100,57300,58700,833854,13.98
2024-01-29,58600,62000,57900,59800,1888189,14.23
2024-01-30,60200,60300,58800,59500,533216,14.26
2024-01-31,58800,60000,58400,58700,554234,14.33
2024-02-01,58200,60600,56000,57400,1021369,14.48
2024-02-02,58200,61200,58100,59400,1377716,14.73
2024-02-05,59800,60400,58800,58800,533151,14.69
2024-02-06,59500,61500,58400,61000,1099905,14.79
2024-02-07,60500,60700,59600,60400,698224,14.62
2024-02-08,61200,78500,60400,78500,12397289,15.92
2024-02-13,82200,84000,77700,81000,8229650,16.49
2024-02-14,79400,80300,76500,79000,3161333,15.99
2024-02-15,80100,80300,74400,75500,2849519,15.59
2024-02-16,75500,78100,74500,75400,2283900,15.71
2024-02-19,74800,77000,73500,74500,1447091,15.71
2024-02-20,75600,77900,73600,74500,1612602,15.43
2024-02-21,72700,74400,70700,71600,1474118,15.36
2024-02-22,75700,76700,73500,76400,2925823,15.39
2024-02-23,79100,79300,72800,73800,2230652,15.33
2024-02-26,74000,85200,73800,77700,7478453,15.42
2024-02-27,76700,84300,76600,82700,5274478,15.47
2024-02-28,82100,91300,80100,90100,5765035,15.89
2024-02-29,87700,88700,84500,84800,2639987,15.71
2024-03-04,87900,101500,87500,95400,9385190,15.85
2024-03-05,96000,97600,93500,94800,2547467,15.51
2024-03-06,94300,101500,92100,101400,3566477,15.6
2024-03-07,101400,107800,96500,98700,3422841,15.37
2024-03-08,102600,105000,98100,100100,3084238,15.36
2024-03-11,94700,99900,93700,97400,2329995,15.53
2024-03-12,97700,100100,96400,98100,1233354,15.42
2024-03-13,102000,102500,98000,100100,1974063,15.39
2024-03-14,99000,100800,98200,98900,876614,15.4
2024-03-15,97000,98500,95700,96200,1693924,15.4
2024-03-18,97000,98500,96200,98300,759938,15.41
2024-03-19,96500,97500,93100,93400,1271874,15.21
2024-03-20,94200,95000,92000,93100,869893,15.25
2024-03-21,95100,95800,92800,93800,1186190,15.12
2024-03-22,94700,98300,93500,93800,1751216,14.9
2024-03-25,95700,101900,95400,97400,3839354,15.02
2024-03-26,99000,117300,98500,112500,7331386,15.84
2024-03-27,110300,119000,109100,114400,4328075,15.85
2024-03-28,115400,139100,115400,134000,10019335,16.28
2024-03-29,134400,139100,128700,133700,4188468,16.36
2024-04-01,134100,146300,134100,142300,4896898,16.06
2024-04-02,145000,152800,140300,145500,4892203,15.75
2024-04-03,141300,146800,138100,144900,2830113,15.43
2024-04-04,148600,151400,135300,137300,3851647,15.16
2024-04-05,131400,138500,129300,135700,3082059,14.96
2024-04-08,137900,139700,130800,132500,1758457,14.88
2024-04-09,132000,137600,130100,132900,1618483,15.01
2024-04-11,134900,147400,131400,141700,4690540,14.99
2024-04-12,149700,153200,145300,145500,4339460,15.07
2024-04-15,144900,148500,142500,146300,2189099,14.76
2024-04-16,143000,146300,138500,140300,2168419,14.57
2024-04-17,142500,144700,135700,136300,1959901,14.39
2024-04-18,135500,143000,133300,142600,2204862,14.35
2024-04-19,139200,141200,131800,136400,2405988,14.01
2024-04-22,132100,132900,125200,127100,2699949,13.48
2024-04-23,132000,135000,130300,131400,2024768,13.6
2024-04-24,137100,146300,136000,142600,4089531,13.6
2024-04-25,139000,142600,136100,136500,1820131,13.16
2024-04-26,141900,141900,137000,137200,1488079,12.9
2024-04-29,139800,140300,133900,137100,1324167,12.78
2024-04-30,136800,139800,134800,135000,1093207,12.71
2024-05-02,132100,134200,130200,133000,968400,12.73
2024-05-03,135500,136300,130000,130000,974269,12.61
2024-05-07,134500,138800,133800,136500,1876204,12.96
2024-05-08,136000,141700,134300,140800,1384326,13.07
2024-05-09,140100,144600,139600,141600,1199839,13.14
2024-05-10,141600,141900,137400,139100,1049541,12.94
2024-05-13,140200,142500,138400,139700,854513,12.93
2024-05-14,140100,144000,136800,141800,1199710,13.07
2024-05-16,147900,150000,142900,144100,2755885,13.15
2024-05-17,144200,144200,139500,139900,927191,12.88
2024-05-20,140000,141400,138400,141300,744233,12.9
2024-05-21,142700,143300,139500,140200,784326,12.77
2024-05-22,139600,149700,139000,147300,2728796,13.15
2024-05-23,152000,152700,143700,146400,3177627,13.14
2024-05-24,146600,151500,142800,147700,2704815,12.82
2024-05-27,151000,164500,149700,152200,5397584,13.2
2024-05-28,157100,164500,155000,163000,3692182,13.5
2024-05-29,166400,173400,165400,169200,3383266,13.57
2024-05-30,166900,174100,164500,165300,1970098,13.41
2024-05-31,163600,164900,161000,161700,1464046,13.3
2024-06-03,158100,158500,138100,146700,7240625,12.57
2024-06-04,147200,151200,145900,148600,2469486,12.63
2024-06-05,151900,162300,150100,155800,3468162,12.69
2024-06-07,155800,163000,153500,156800,2757638,12.99
2024-06-10,159700,161100,156800,160000,1233444,13.22
2024-06-11,161900,162000,158500,159300,880159,13.23
2024-06-12,159300,175500,157400,173900,4537953,14.26
2024-06-13,175900,189000,173900,189000,5653152,14.0
2024-06-14,190200,196200,179900,179900,3293200,13.84
2024-06-17,179200,184300,176900,180100,1233384,13.46
2024-06-18,182200,183800,178100,179500,980995,13.27
2024-06-19,181200,184300,172900,177000,1468010,13.28
2024-06-20,177400,182100,176000,179300,1042435,13.5
2024-06-21,175500,180500,173600,180300,877003,13.64
2024-06-24,178200,178700,172000,175400,834045,13.49
2024-06-25,167300,174600,165000,172900,1229293,13.49
2024-06-26,175500,182200,175500,179800,1366218,13.76
2024-06-27,176500,177600,173500,173700,950933,13.45
2024-06-28,173700,174900,170500,172300,716988,13.44
2024-07-01,171500,174200,170300,170800,586211,13.39
2024-07-02,170900,174000,166000,168600,858735,13.39
2024-07-03,167100,169800,161700,166800,1099850,13.49
2024-07-04,171600,171600,154500,160200,2530573,13.29
2024-07-05,159000,169200,158000,165400,1985852,13.54
2024-07-08,166200,168400,162100,162500,784081,13.38
2024-07-09,165200,167500,164000,164100,849902,13.44
2024-07-10,164700,165500,160000,162400,686356,13.44
2024-07-11,164600,166000,160500,161000,990391,13.41
2024-07-12,157000,160700,155500,160500,958910,13.52
2024-07-15,161300,162500,156000,157900,664824,13.51
2024-07-16,159600,168300,158200,168100,2098271,13.76
2024-07-17,168000,168000,158500,159400,1551976,13.14
2024-07-18,149500,156400,148600,153500,1318546,13.17
2024-07-19,153800,154700,150900,151000,644491,13.03
2024-07-22,149900,151500,143700,145400,1272324,13.19
2024-07-23,150400,150500,142000,145500,1194179,13.18
2024-07-24,142600,148700,140700,143400,1109711,13.17
2024-07-25,138000,138700,132500,135500,1628935,13.51
2024-07-26,135700,140800,132200,137500,1258289,13.41
2024-07-29,138900,140500,136000,137400,665775,13.25
2024-07-30,135200,135600,125300,128700,1784351,13.61
2024-07-31,127500,131200,121800,131200,2126109,13.59
2024-08-01,137400,137500,127000,127300,1920279,13.05
2024-08-02,119100,121200,115100,115400,2054482,13.64
2024-08-05,112500,114500,98100,102600,2438987,14.08
2024-08-06,107500,111000,105300,107600,2072809,13.87
2024-08-07,106400,110400,102000,107900,1962624,13.76
2024-08-08,103100,106300,102400,104900,1006558,13.8
2024-08-09,110900,114600,107300,108500,1644085,13.55
2024-08-12,109100,119300,109000,114200,2225144,13.42
2024-08-13,117100,117700,112000,113200,1097379,13.16
2024-08-14,119300,121200,116600,118500,1738957,13.12
2024-08-16,123700,129700,123100,127700,2119325,12.91
2024-08-19,128000,129000,124600,124900,905341,12.66
2024-08-20,128900,129800,125400,125500,854630,12.39
2024-08-21,123000,126200,121000,124800,621977,12.5
2024-08-22,125600,126200,118300,120700,906777,12.45
2024-08-23,117400,118900,116800,117800,665017,12.45
2024-08-26,120200,120600,115100,115400,631347,12.44
2024-08-27,113200,116800,113000,115100,529080,12.48
2024-08-28,116000,124200,113600,122800,1442239,12.38
2024-08-29,114000,114900,111100,111200,1974828,11.78
2024-08-30,112300,114500,110900,114500,1075656,12.12
2024-09-02,114100,114200,110700,111400,746626,12.05
2024-09-03,111100,112200,108000,108600,661268,12.1
2024-09-04,100000,102400,98900,101000,1229958,12.4
2024-09-05,102100,104100,99100,99800,912271,12.35
2024-09-06,99400,99800,95100,96500,983019,12.38
2024-09-09,93100,98200,92700,97600,796492,12.35
2024-09-10,99100,100200,94500,96400,918538,12.23
2024-09-11,96000,97800,95200,96300,550779,12.29
2024-09-12,102400,103400,100000,101400,1058507,12.3
2024-09-13,101300,101700,98100,99500,631320,12.16
2024-09-19,97900,98000,91300,96200,1242107,12.22
2024-09-20,99500,102100,99100,100300,956159,12.43
2024-09-23,99300,103500,99000,101400,655936,12.38
2024-09-24,102000,107300,101000,105600,892311,12.34
2024-09-25,109200,111500,106000,106600,1093071,12.08
2024-09-26,113600,119000,111500,114200,2555656,11.98
2024-09-27,114200,118000,112900,113000,1246923,11.81
2024-09-30,111000,113000,108300,108300,732766,11.92
2024-10-02,105400,109300,104000,107900,537353,11.87
2024-10-04,107900,109700,107400,107400,458373,11.81
2024-10-07,109000,111200,107100,110800,521747,11.83
2024-10-08,110600,111200,107100,107400,421986,11.79
2024-10-10,109500,114800,109500,110700,925929,11.93
2024-10-11,112200,113300,108200,109500,489050,11.77
2024-10-14,110200,116000,110200,113500,916860,11.89
2024-10-15,116000,116500,110600,112000,840526,11.64
2024-10-16,107400,110700,105800,108700,884075,11.7
2024-10-17,113000,117300,111000,116300,2401909,11.7
2024-10-18,113600,115100,104100,104200,3296876,10.78
2024-10-21,104900,105600,100200,101500,1238276,11.21
2024-10-22,103400,104200,98500,98800,1086967,11.27
2024-10-23,98800,102500,98800,101500,933878,11.44
2024-10-24,99300,101000,98100,98200,827590,11.37
2024-10-25,98500,100100,96100,97800,760816,11.42
2024-10-28,97800,98100,94600,95500,826381,11.39
2024-10-29,95000,95800,91200,92600,1190415,11.56
2024-10-30,94900,99700,94600,96300,1966946,11.77
2024-10-31,94800,96200,92000,92000,936140,11.39
2024-11-01,89800,93700,89600,92800,632192,11.51
2024-11-04,93000,95800,91300,95600,742098,11.59
2024-11-05,94700,98100,93500,95500,833100,11.5
2024-11-06,97500,99000,92700,93100,810771,11.5
2024-11-07,94300,94800,91300,92500,574866,11.56
2024-11-08,93500,96800,93500,94200,695102,11.76
2024-11-11,92500,93300,88000,88100,894260,11.63
2024-11-12,86200,86800,82300,84700,1358606,12.12
2024-11-13,84700,85900,81700,82100,715712,12.23
2024-11-14,82100,82900,79700,81100,679653,12.23
2024-11-15,80700,83000,80300,81700,671264,12.19
2024-11-18,81400,83000,79100,80600,526119,12.24
2024-11-19,80600,81400,79800,80800,366082,12.21
2024-11-20,83100,83300,81300,81700,488805,12.18
2024-11-21,81000,82300,80500,80700,386041,12.49
2024-11-22,82000,85800,81500,83400,635766,12.4
2024-11-25,84000,85100,82600,84200,498558,12.2
2024-11-26,84200,84300,80600,80700,553335,12.08
2024-11-27,80700,80800,75200,76600,926127,12.3
2024-11-28,76000,77400,75800,76900,354820,12.37
2024-11-29,76300,77100,73300,74600,628667,12.8
2024-12-02,75000,75700,72100,72300,488292,12.53
2024-12-03,72700,75500,72700,74900,546403,12.52
2024-12-04,72900,75000,72800,74100,482689,12.55
2024-12-05,75300,76200,73900,74400,656367,12.48
2024-12-06,73700,74300,70500,72300,506307,12.51
2024-12-09,70000,72300,69600,70100,484832,12.59
2024-12-10,70500,72400,70500,71000,455329,12.52
2024-12-11,70600,81700,69400,80900,1850306,12.48
2024-12-12,82700,88000,82600,83800,1958639,12.14
2024-12-13,83600,84700,81500,83000,758247,12.13
2024-12-16,84600,84900,82500,83800,572266,12.02
2024-12-17,84500,89000,84500,86700,1296581,11.73
2024-12-18,86500,88300,84800,86900,606311,11.7
2024-12-19,82200,87100,82000,84900,702629,11.63
2024-12-20,85100,85100,79400,79800,653957,11.64
2024-12-23,80600,88400,80600,86700,994065,11.83
2024-12-24,88500,88700,83900,84700,706303,11.67
2024-12-26,86100,86500,82100,82500,459788,11.61
2024-12-27,82000,85900,81900,83200,660429,11.56
2024-12-30,83000,84900,81700,82500,346602,11.55
2025-01-02,82100,88400,81300,87100,796590,11.57
2025-01-03,87400,94600,87400,93300,1494153,11.56
2025-01-06,95900,100400,95800,99500,1716218,11.37
2025-01-07,103000,107200,99400,101300,2583432,11.49
2025-01-08,98700,116800,98500,115800,3593390,11.54
2025-01-09,115500,119300,114700,115500,2357741,11.74
2025-01-10,115500,118900,112300,112900,1224263,11.6
2025-01-13,112100,112500,106300,106900,1138794,11.73
2025-01-14,108200,108500,104700,106500,1120814,11.65
2025-01-15,106800,107500,104100,105400,926767,11.64
2025-01-16,109200,111900,105600,106500,1257012,11.59
2025-01-17,107000,113500,106500,112500,1712024,12.02
2025-01-20,114300,114600,108100,108100,959141,11.77
2025-01-21,109000,114600,109000,113600,1249024,11.98
2025-01-22,114900,127000,114900,126100,3386393,12.65
2025-01-23,124800,126300,121700,121900,1550357,12.45
2025-01-24,123200,125300,120000,120600,1017256,12.33
2025-01-31,108000,114200,107900,113200,1615426,12.54
2025-02-03,108200,108900,105100,106000,1330582,12.63
2025-02-04,108400,112000,105700,106100,1168101,12.45
2025-02-05,107600,110900,107200,109000,779693,12.51
2025-02-06,113300,114300,108100,108300,880224,12.45
2025-02-07,109300,109700,105600,106000,765628,12.49
2025-02-10,101600,101800,97600,99600,1766147,12.33
2025-02-11,100900,101300,98500,99700,881756,12.36
2025-02-12,98600,99500,97400,98600,665922,12.47
2025-02-13,100000,103500,98600,99700,1168697,12.35
2025-02-14,101500,102500,99800,100500,857695,12.35
2025-02-17,101400,104100,100700,100900,773797,12.35
2025-02-18,100700,100800,97700,98400,865882,12.22
2025-02-19,101800,111000,100100,107000,4008194,12.57
2025-02-20,109000,109800,104100,107900,1372885,12.46
2025-02-21,108500,108600,105200,105900,693046,12.45
2025-02-24,101800,102400,99300,100900,1013179,12.34
2025-02-25,98600,100500,98400,100200,493835,12.46
2025-02-26,99500,102300,99100,100400,778521,12.56
2025-02-27,103500,103600,99700,100000,783896,12.55
2025-02-28,95100,96000,91900,93500,1375402,12.47
2025-03-04,89500,90800,88800,90200,791986,12.44
2025-03-05,91200,92800,90000,91000,667542,12.44
2025-03-06,91100,91700,87000,87300,884594,12.35
2025-03-07,86100,88300,84800,87400,668313,12.34
2025-03-10,86000,88700,85800,87400,494106,12.25
2025-03-11,83000,87000,82400,86100,664444,12.22
2025-03-12,87400,90400,87000,90400,748637,12.24
2025-03-13,91700,92400,88000,91000,968691,12.27
2025-03-14,89700,90300,87600,87800,862579,12.26
2025-03-17,88700,89900,87100,87100,804864,12.33
2025-03-18,87600,91800,87600,88400,1080731,12.36
2025-03-19,88600,90700,87800,88500,597616,12.28
2025-03-20,89600,91000,88600,90400,807118,12.35
2025-03-21,91500,92500,88700,90300,1003828,12.41
2025-03-24,89400,89500,87000,87000,426643,12.31
2025-03-25,88500,88500,84700,85200,344483,12.38
2025-03-26,85200,86700,84700,85000,249655,12.36
2025-03-27,82900,85200,79500,79900,702107,12.5
2025-03-28,78900,79400,76200,76500,492233,12.32
2025-03-31,73100,74000,68000,68200,2451138,11.35
2025-04-01,68900,70300,67500,69700,672781,11.5
2025-04-02,69800,70200,66900,67000,863173,11.27
2025-04-03,63500,67300,63400,67200,477399,11.36
2025-04-04,64900,69200,64000,65500,1272733,11.36
2025-04-07,61900,62400,60000,60200,983431,11.15
2025-04-08,62600,63000,60500,61200,489343,11.16
2025-04-09,59600,60700,58200,59500,973664,10.97
2025-04-10,68700,69100,63700,65800,1677607,10.46
2025-04-11,63700,72300,62200,68700,2876987,10.37
2025-04-14,71200,72300,67300,67900,1128610,10.0
2025-04-15,68300,69100,67500,67600,561984,9.97
2025-04-16,65900,66500,64200,64700,669330,10.03
2025-04-17,63500,72300,63500,68000,2138903,10.01
2025-04-18,69400,73500,67200,73200,2389382,9.59
2025-04-21,76100,77800,73900,75100,1486200,9.26
2025-04-22,73000,77000,72000,74900,1423345,8.96
2025-04-23,78000,85900,76800,85600,4533237,9.57
2025-04-24,88600,88600,83100,83300,2444483,9.13
2025-04-25,86500,86700,80500,82500,1602496,8.81
2025-04-28,81700,81700,74300,75900,1795012,8.9
2025-04-29,76500,79300,75200,77200,1208871,8.67
2025-04-30,76600,78600,74600,76100,731746,8.61
2025-05-02,75800,77200,75400,76300,526966,8.57
2025-05-07,76800,79100,76800,77700,684436,8.64
2025-05-08,78900,81400,77500,78500,1491354,8.32
2025-05-09,79400,79500,77000,77400,442898,8.3
2025-05-12,79000,84900,78800,83000,1993316,8.67
2025-05-13,85800,86000,80400,81000,1429499,8.14
2025-05-14,82600,84800,81600,83800,1427546,8.35
2025-05-15,85000,85100,81400,81900,913822,7.97
2025-05-16,82800,94200,82600,91500,3986502,8.66
2025-05-19,88700,89200,84400,85700,1988844,7.75
2025-05-20,87800,88300,84900,85400,923369,7.67
2025-05-21,86100,86200,83500,84200,630075,7.58
2025-05-22,82500,83500,81100,81200,689630,7.67
2025-05-23,81900,82600,78200,78400,726195,7.67
2025-05-26,78600,84400,78600,83800,927215,8.01
2025-05-27,82900,83200,81100,82300,491514,7.96
2025-05-28,84500,85000,83100,84400,753656,8.06
2025-05-29,86800,86900,82700,83300,1044115,7.68
2025-05-30,82400,82500,80100,80400,745194,7.46
2025-06-02,80300,81300,79800,80000,428944,7.43
2025-06-04,82000,83800,81800,82800,798872,7.71
2025-06-05,83000,85000,81300,82700,1122713,7.7
2025-06-09,84000,84100,82100,83500,689244,7.73
2025-06-10,83900,84200,82200,82900,801422,7.58
2025-06-11,83500,86600,83000,85800,1722126,8.04
2025-06-12,85300,88900,84300,88000,1700786,7.97
2025-06-13,90600,90800,84800,86800,1410001,7.59
2025-06-16,85500,87900,84600,87500,656104,7.71
2025-06-17,88800,91400,86100,87000,1649989,7.58
2025-06-18,86100,87800,86100,87500,498372,7.62
2025-06-19,88400,99100,88300,92500,5141689,7.96
2025-06-20,93800,94500,90600,93000,1220200,7.66
2025-06-23,90500,94500,88600,90400,1265794,7.47
2025-06-24,92300,94500,91600,92800,1183356,7.44
2025-06-25,98100,100500,96200,97500,2227465,7.5
2025-06-26,104900,109000,101400,103700,4807495,7.37
2025-06-27,105100,106500,101200,102900,1217448,7.53
2025-06-30,102200,104200,98600,102000,911057,7.49
2025-07-01,100800,101800,95900,96700,1458462,7.55
2025-07-02,95500,95900,92700,93900,843316,7.64
2025-07-03,96200,96200,94700,95300,626770,7.66
2025-07-04,95500,96200,94000,94300,472748,7.6
2025-07-07,93100,95400,92900,94300,330758,7.66
2025-07-08,93600,96900,92900,96000,576887,7.76
2025-07-09,96200,96200,94400,94600,368383,7.73
2025-07-10,97000,97500,94500,97500,752409,7.48
2025-07-11,96700,98200,95300,95400,640699,7.41
2025-07-14,93800,94200,89200,89600,1118574,7.32
2025-07-15,89700,91500,88400,91300,511251,7.44
2025-07-16,92900,93000,90700,91100,412238,7.43
2025-07-17,90600,90900,87000,88300,700356,7.37
2025-07-18,88900,89400,87500,87800,329941,7.42
2025-07-21,88100,89000,87800,88700,232481,7.39
2025-07-22,89000,89000,86200,86600,375455,7.31
2025-07-23,86200,87200,84800,86100,323488,7.41
2025-07-24,87600,88500,84500,84600,600205,7.35
2025-07-25,84600,87600,84500,85700,377273,7.4
2025-07-28,86300,87100,84100,85200,352416,7.23
2025-07-29,85200,85200,82700,84400,372546,7.15
2025-07-30,84500,88000,84100,85900,723168,7.11
2025-07-31,88800,93000,86700,91900,2082871,7.35
2025-08-01,89700,90400,86500,86800,671230,7.04
2025-08-04,87800,88300,86800,86800,312269,6.84
2025-08-05,88500,89600,87100,87900,407655,6.79
2025-08-06,86900,89200,86100,88400,383634,6.77
2025-08-07,88200,88200,86500,87500,346646,6.81
2025-08-08,87800,88800,86700,87000,432032,6.87
2025-08-11,87200,91500,86900,90600,922276,7.25
2025-08-12,90400,91700,89200,89500,482070,7.05
2025-08-13,91300,93500,90500,91500,825195,7.18
2025-08-14,91100,93000,89800,93000,450162,7.12
2025-08-18,91500,91500,88500,88800,595561,6.94
2025-08-19,89000,93400,87700,89900,760515,6.81
2025-08-20,87700,88900,86000,87100,500004,6.82
2025-08-21,87300,88100,86400,86900,324318,6.99
2025-08-22,87000,87700,86600,86800,342632,6.91
2025-08-25,87800,89700,87400,89000,384990,7.25
2025-08-26,88500,90700,88300,89200,406043,7.3
2025-08-27,89800,89900,87900,89100,250996,7.31
2025-08-28,88500,89600,86600,88400,281825,7.33
2025-08-29,88400,89600,86800,87000,445502,7.21
2025-09-01,85000,85200,81400,81500,789335,7.07
2025-09-02,81900,83300,81800,82900,212946,7.18
2025-09-03,82200,84300,82200,83600,260080,7.26
2025-09-04,83700,83900,82000,82600,467618,7.15
2025-09-05,83600,84400,82900,82900,262184,7.25
2025-09-08,82800,83500,82300,82800,175900,7.27
2025-09-09,83200,84100,82500,84000,454764,7.35
2025-09-10,84700,88300,84500,87300,922065,7.58
2025-09-11,89000,90000,86100,90000,928193,7.48
2025-09-12,90500,94200,90000,90900,1779302,7.66
2025-09-15,92600,92900,90700,91100,622588,7.59
2025-09-16,92000,94400,90200,93300,1045730,7.86
2025-09-17,92300,92300,90700,91000,495932,7.75
2025-09-18,91600,94900,90400,94300,1130724,8.02
2025-09-19,96800,96800,93300,93300,1006274,7.83
2025-09-22,93100,94900,92600,93200,590874,7.8
2025-09-23,95700,96500,94000,96000,1060329,7.98
2025-09-24,95400,96700,93700,96200,779048,7.86
2025-09-25,94900,95900,93000,94100,612260,7.82
2025-09-26,92900,93000,89500,89800,684177,7.63
2025-09-29,90400,93400,89900,91500,609556,7.73
2025-09-30,92300,97500,91300,96500,1988564,8.06
2025-10-01,97500,98300,94300,94900,940391,7.65
2025-10-02,98400,102400,97300,100600,3472737,8.12
2025-10-10,106900,119400,103700,119100,4838068,8.16
2025-10-13,115500,129800,114000,128000,4324161,7.63
2025-10-14,134100,136200,124500,128700,3252050,7.61
2025-10-15,129000,142800,126600,142000,3313731,8.07
2025-10-16,141500,148700,141200,146500,2491252,8.15
2025-10-17,145000,147900,140900,142300,1731032,8.15
2025-10-20,146700,153800,145600,149300,2284959,8.06
2025-10-21,153100,159200,147700,149600,2887720,8.06
2025-10-22,148700,152600,144000,151500,1448205,8.21
2025-10-23,147400,152900,144700,149500,993124,8.29
2025-10-24,155000,155300,147600,149700,1585789,7.99
2025-10-27,151900,151900,147700,149600,1239881,7.97
2025-10-28,148500,148600,141100,143100,1551949,8.07
2025-10-29,145700,146200,133300,138200,3342217,7.75
2025-10-30,138800,147300,138800,143500,2231637,7.81
2025-10-31,140200,144800,139600,143700,999434,7.95
2025-11-03,141900,143700,138400,141600,1340881,8.03
2025-11-04,146600,148900,139200,139700,1396983,7.71
2025-11-05,132700,136100,125900,133100,3124821,7.71
2025-11-06,136900,136900,126700,129000,1920651,7.67
2025-11-07,125000,133000,124400,127200,1620158,7.56
2025-11-10,128000,131500,124000,129600,1279087,7.57
2025-11-11,131100,133700,127600,129700,1245649,7.52
2025-11-12,129500,134500,127300,131100,1115875,7.58
2025-11-13,131300,133500,128200,133500,1001104,7.51
2025-11-14,129100,129100,125300,125600,1106865,7.29
2025-11-17,127300,134200,126800,132300,1724711,7.37
2025-11-18,129700,129800,121500,121700,1604701,6.87
2025-11-19,121900,124000,115700,120700,1285531,6.96
2025-11-20,126400,126500,122800,123500,786081,6.95
2025-11-21,113900,121000,113400,120100,984944,7.18
2025-11-24,122400,122500,117100,119600,816534,7.15
2025-11-25,122100,122700,117200,120100,991214,7.06
2025-11-26,120500,128900,118800,128500,1574505,7.54
2025-11-27,129100,129500,123100,124300,938470,7.25
2025-11-28,124400,125200,122800,123600,570311,7.16
2025-12-01,124600,126700,120500,121700,803895,7.18
2025-12-02,122200,124300,119500,120500,843149,6.95
2025-12-03,120600,124700,120500,121500,847992,7.05
2025-12-04,120800,120800,115600,116100,1278823,6.55
2025-12-05,115800,119400,115500,119100,870118,6.73
2025-12-08,119100,121500,116700,121400,779744,6.91
2025-12-09,121400,123300,119700,121300,605092,6.84
2025-12-10,122000,123200,120000,121100,794502,6.75
2025-12-11,121600,127900,119200,121000,1631660,6.54
2025-12-12,121000,121100,119300,120200,806690,6.39
2025-12-15,116500,119850,115000,118500,543573,6.38
2025-12-16,117300,120900,116200,116300,627010,6.27
2025-12-17,117000,119900,116850,119900,584198,6.24
2025-12-18,117500,119700,116000,116400,588981,6.2
2025-12-19,118500,119400,114700,116400,523834,6.12
2025-12-22,118500,127600,118300,127000,2469789,6.68
2025-12-23,128100,129600,125800,127000,1486199,6.47
2025-12-24,127800,130400,124000,124600,1152048,6.34
2025-12-26,125900,135500,125100,132600,3657878,6.65
2025-12-29,136200,136200,129800,130400,1959990,6.16
2025-12-30,130400,131800,126700,127400,1589454,5.98
2026-01-02,127600,144700,127600,144500,3357195,7.15
2026-01-05,154900,168400,153200,167300,6479709,8.18
2026-01-06,169000,183700,167300,183700,6073528,8.46
2026-01-07,194300,197100,180500,186500,4801481,8.45
2026-01-08,182700,201000,181800,185700,5532705,8.28
2026-01-09,181900,182400,173500,176300,2622280,8.04
2026-01-12,177200,179000,164800,167600,2436807,8.31
2026-01-13,171600,174000,168900,173200,1392596,8.0
2026-01-14,177800,185900,175200,177800,3285414,8.0
2026-01-15,173500,180000,173000,180000,1266591,8.02
2026-01-16,185700,185700,176900,178500,1282769,7.9
2026-01-19,176500,180500,176000,177500,968084,8.01
2026-01-20,176400,176400,169600,172100,974249,7.94
2026-01-21,167400,173300,165500,172200,1012880,7.97
2026-01-22,178700,178800,169400,170400,1034728,7.73
2026-01-23,169800,173800,168900,171100,644666,7.76
2026-01-26,171200,171400,168400,169500,753397,7.9
2026-01-27,169800,175800,164700,174800,1620819,7.8
2026-01-28,182000,184900,177600,182000,2220792,7.98
2026-01-29,198900,210000,189000,203500,7160116,8.3
2026-01-30,199900,220000,198400,211000,4364912,8.25
2026-02-02,205000,205000,186100,187100,2807793,7.54
2026-02-03,197500,199300,191300,199300,1841243,7.21
2026-02-04,194000,208000,191900,202500,1487504,7.23
2026-02-05,197100,200500,191700,193500,1211016,6.93
2026-02-06,190800,199400,180400,196000,1470302,7.03
2026-02-09,202500,203000,193700,197800,1365865,7.04
2026-02-10,197000,201000,194000,194900,825009,6.93
2026-02-11,192700,193900,187500,190500,670835,6.93
2026-02-12,200500,224500,199400,209500,5790612,7.6
2026-02-13,205500,208500,200000,202500,1093939,7.49
2026-02-19,207000,207500,200000,201500,817087,7.31
2026-02-20,200500,202000,197300,200500,836127,6.82
2026-02-23,201500,208500,200500,204000,939820,7.29
2026-02-24,203500,214000,196800,210000,1645860,7.49
2026-02-25,210500,215500,208000,214500,1064978,7.84
2026-02-26,233000,277500,228000,275500,6002195,8.63
2026-02-27,263500,332500,261500,323500,6701641,9.1
2026-03-03,314000,319500,280000,282000,2299627,8.5
2026-03-04,261500,300000,251500,259000,4796391,7.79
2026-03-05,302000,323000,301000,315000,3089855,7.67
2026-03-06,326000,334000,305000,333500,2232244,7.49
2026-03-09,303500,313500,293000,305000,1519978,7.3
2026-03-10,334500,335500,306500,324000,1602070,7.37
2026-03-11,326500,327500,303500,312500,1091554,7.29
2026-03-12,305000,317000,303500,317000,790870,7.15
2026-03-13,303000,313000,299000,305500,830276,7.19
2026-03-16,304500,305000,290000,300000,879249,7.07
2026-03-17,317500,318000,300000,301000,656744,7.04
2026-03-18,308500,312500,302000,311000,920505,7.1
2026-03-19,301000,313500,300000,307000,788358,7.22
2026-03-20,310000,318500,307500,309500,680315,7.38
2026-03-23,301500,313000,296000,297000,788575,7.43
2026-03-24,309500,309500,286500,296500,853963,7.06
2026-03-25,300500,304000,296500,300000,675633,7.14
2026-03-26,296000,298500,277000,278000,650141,7.04
2026-03-27,269000,281000,257000,275500,773071,6.94
2026-03-30,259500,264500,253500,260500,596465,6.87
2026-03-31,251000,265000,242500,251000,886467,7.13
2026-04-01,265500,275000,260000,273500,815377,7.02
2026-04-02,280500,282500,251500,256000,850313,7.06
2026-04-03,264000,264500,252500,260000,528858,6.98
2026-04-06,259500,263500,248500,252000,577342,6.94
2026-04-07,260500,262000,247500,253500,579361,6.84
2026-04-08,277000,281500,267500,280500,1027627,6.65
2026-04-09,278000,286000,271500,286000,646513,6.5
2026-04-10,290000,290500,278500,286000,1087130,6.19
2026-04-13,278000,280000,275000,276500,387276,6.26
2026-04-14,285000,286000,280500,284000,558026,6.23
2026-04-15,296000,296500,289500,295000,898476,6.43
2026-04-16,294000,295000,288000,292000,458794,6.44
2026-04-17,290500,291000,285500,286500,359159,6.28
2026-04-20,286500,290000,282500,287000,317137,6.37
2026-04-21,287500,295000,287500,295000,496193,6.62
2026-04-22,292000,295000,286000,293500,684772,6.35
2026-04-23,295000,306500,283000,293500,1047056,6.38
2026-04-24,292000,298000,291000,295500,570284,6.61
2026-04-27,305000,379500,302000,373500,5287941,7.72
2026-04-28,367000,377500,352500,367000,1775578,7.85
2026-04-29,357000,362500,348000,357500,886254,7.33
2026-04-30,367000,392500,361500,368000,2575384,7.71
2026-05-04,385000,386000,372500,378000,1064176,7.58
2026-05-06,395500,397500,378500,394500,1441060,7.7
2026-05-07,398000,413000,371000,393000,1232988,7.73
2026-05-08,385000,392000,379000,390000,699479,7.53
2026-05-11,392500,401500,389000,400000,1138423,7.44
2026-05-12,397500,426000,358000,377500,2277368,7.55
2026-05-13,371000,400500,365500,400500,1015741,7.6
2026-05-14,393000,409500,385000,409500,1085030,7.31
2026-05-15,405000,406000,365000,369000,1042610,6.99
2026-05-18,337000,338000,296500,317000,2398380,6.73
2026-05-19,303000,305500,277000,288000,1365281,6.62
2026-05-20,295000,300500,283000,287500,1190665,6.51
2026-05-21,298000,334000,296500,332500,1291819,6.52
2026-05-22,326500,329500,315000,320500,721171,6.46
2026-05-26,328500,333000,317000,329000,1002035,6.5
2026-05-27,350500,354000,312000,319000,1860431,6.22
2026-05-28,313000,313000,284000,292500,1395171,5.97
2026-05-29,301000,301000,277500,282000,1603208,6.0
2026-06-01,289500,299000,285500,293000,1225560,6.13
2026-06-02,295500,296500,273000,275500,1077612,6.27
2026-06-04,281000,325000,280000,304000,2395265,6.6
2026-06-05,294000,298500,278000,283000,967822,6.48
2026-06-08,250500,275500,250500,253500,954331,6.25
2026-06-09,269000,284000,255500,276500,851234,6.33
2026-06-10,270000,302500,261000,270000,1022229,6.33
2026-06-11,262500,291000,259000,291000,1379286,6.51
2026-06-12,306000,372500,298000,361000,6018622,6.42
2026-06-15,365000,368500,343000,347000,1252510,6.31
2026-06-16,358500,363000,326000,328500,1083778,6.16
2026-06-17,325000,330000,314000,319500,752108,6.19
2026-06-18,324500,324500,305000,315500,729528,6.27
2026-06-19,345000,345500,287000,295000,4125736,7.19
2026-06-22,293500,305500,291000,301500,883692,7.22
2026-06-23,296500,299000,258000,258000,1237796,6.97
2026-06-24,260000,278000,258500,270000,966603,6.97
2026-06-25,284000,287000,266000,273000,809866,6.96
2026-06-26,270500,272500,250500,257500,851169,6.9
2026-06-29,262500,265000,250000,258000,938008,7.03
2026-06-30,260500,264500,248000,256500,798942,6.96
