date,open,high,low,close,volume,foreign_ownership_ratio
2016-07-01,54500,55200,54100,55100,609842,22.6
2016-07-04,54700,56300,54300,56300,606923,22.61
2016-07-05,56000,56500,55500,55900,457414,22.88
2016-07-06,55800,56600,54700,55100,557909,22.84
2016-07-07,55500,56900,55000,56400,725132,22.89
2016-07-08,56900,57400,56100,56200,642248,22.94
2016-07-11,56100,56600,54900,55100,1028224,22.95
2016-07-12,55300,56700,54800,56400,842443,23.07
2016-07-13,56600,56900,55200,55600,855891,23.05
2016-07-14,55800,56500,55200,55900,625935,23.13
2016-07-15,56000,56300,55500,55600,509023,23.16
2016-07-18,56100,56300,55100,55400,364989,23.15
2016-07-19,55500,55600,54500,55100,455834,23.26
2016-07-20,54900,55400,54200,54300,397794,23.11
2016-07-21,54400,54600,52000,52800,1796452,22.81
2016-07-22,53100,53400,52700,53200,712108,22.78
2016-07-25,53300,54100,53200,53400,489554,22.78
2016-07-26,53200,54500,53100,54400,520865,22.78
2016-07-27,54700,56300,54500,56200,969776,22.91
2016-07-28,56000,56600,54800,55000,796703,22.77
2016-07-29,55100,55500,53400,53500,979250,22.71
2016-08-01,53900,54200,53200,53600,511517,22.64
2016-08-02,53600,53700,52900,52900,389732,22.58
2016-08-03,52700,53400,52700,52700,414150,22.54
2016-08-04,53100,53200,52300,52500,660223,22.46
2016-08-05,52600,53600,52600,53500,726247,22.49
2016-08-08,53700,53900,52500,52700,525468,22.46
2016-08-09,53000,53900,52900,53700,666942,22.55
2016-08-10,53800,53800,52700,53300,821138,22.5
2016-08-11,53100,53100,52500,52500,501118,22.47
2016-08-12,52700,53100,52200,52400,631535,22.39
2016-08-16,53000,53400,52800,52800,500438,22.4
2016-08-17,53200,53500,52800,53400,614904,22.43
2016-08-18,53500,53700,52800,53100,427221,22.41
2016-08-19,53100,53200,52100,52200,931376,22.24
2016-08-22,52300,53300,52300,52400,540501,22.26
2016-08-23,52700,52800,51400,51500,737608,22.2
2016-08-24,51600,51700,51000,51100,653161,22.2
2016-08-25,51400,52300,51400,52100,579633,22.28
2016-08-26,52100,52200,51500,52100,354347,22.29
2016-08-29,52100,52200,51400,51500,353607,22.28
2016-08-30,51600,52400,51600,52200,405074,22.32
2016-08-31,52000,53000,51500,51500,682642,22.38
2016-09-01,52300,52400,51000,51100,732564,22.25
2016-09-02,51500,51800,51300,51500,495103,22.3
2016-09-05,51900,53300,51900,53100,925082,22.43
2016-09-06,53000,54000,52700,53900,855259,22.56
2016-09-07,54200,54500,52800,52900,955324,22.51
2016-09-08,53400,53800,51800,51800,1192036,22.42
2016-09-09,51900,52000,51200,51500,684075,22.32
2016-09-12,51800,52100,51200,51200,875347,22.25
2016-09-13,51400,51600,50000,50000,1060793,22.07
2016-09-19,49950,50500,49800,50000,638793,22.04
2016-09-20,50100,50300,49150,49200,1057822,22.05
2016-09-21,49250,50300,49250,50300,831122,22.2
2016-09-22,50700,50900,49750,49750,699899,22.18
2016-09-23,50200,50400,49900,50100,444660,22.15
2016-09-26,50500,50600,49900,49900,388880,22.16
2016-09-27,49850,50300,49600,50200,412254,22.16
2016-09-28,50100,50200,49000,49000,1095284,21.98
2016-09-29,49250,49550,48700,48800,782458,22.04
2016-09-30,48800,49100,47850,47900,1014013,21.93
2016-10-04,48200,48350,47200,47350,1161282,21.77
2016-10-05,46850,48700,46850,48150,1122116,21.93
2016-10-06,48000,49050,47900,48600,774820,22.04
2016-10-07,49400,49450,47900,48400,810009,22.05
2016-10-10,48700,51200,48600,50900,1730902,22.32
2016-10-11,51600,53500,51300,53500,2898941,22.74
2016-10-12,53700,54200,51500,51600,2135115,22.78
2016-10-13,51900,52000,49900,50200,1263334,22.77
2016-10-14,50400,51300,50200,50300,681536,22.81
2016-10-17,50500,50800,50000,50000,435232,22.82
2016-10-18,50100,50400,49400,49900,570624,22.85
2016-10-19,50200,50700,49850,49900,455099,22.83
2016-10-20,50400,50700,49950,50700,371101,22.82
2016-10-21,51000,51000,50300,50300,396235,22.84
2016-10-24,50800,51500,50700,51300,469435,22.87
2016-10-25,50900,51200,50100,50100,610553,22.83
2016-10-26,50000,50300,49650,50300,467423,22.83
2016-10-27,50300,50400,49050,49150,945087,22.62
2016-10-28,48850,48900,47550,47600,1476994,22.47
2016-10-31,47350,48150,47000,47800,746977,22.41
2016-11-01,47600,47650,46950,47350,606342,22.3
2016-11-02,47150,47900,47100,47400,548417,22.34
2016-11-03,47550,48400,47250,47500,716257,22.3
2016-11-04,47600,47650,47000,47100,418742,22.28
2016-11-07,47600,47750,47150,47350,444815,22.31
2016-11-08,47550,47850,47350,47750,455848,22.31
2016-11-09,48000,48050,45200,45700,1461344,22.17
2016-11-10,46400,47050,46200,46700,896687,22.33
2016-11-11,46500,46650,45600,45750,719669,22.27
2016-11-14,47000,47350,46200,46400,752247,22.25
2016-11-15,46100,47850,46100,47050,725313,22.29
2016-11-16,47200,47750,47000,47000,476989,22.26
2016-11-17,46650,47300,46650,46850,312645,22.21
2016-11-18,46900,47100,46000,46850,514155,22.19
2016-11-21,46700,46850,46050,46050,397425,22.13
2016-11-22,46250,46500,45750,45900,411221,22.11
2016-11-23,45900,46800,45900,46600,611177,22.09
2016-11-24,46550,46800,46000,46000,308749,22.11
2016-11-25,46100,46250,45700,45800,270431,22.08
2016-11-28,45750,45800,45250,45300,526862,22.05
2016-11-29,45200,46150,45200,45350,566553,22.02
2016-11-30,45400,45650,44900,44900,646673,21.88
2016-12-01,44700,46450,44700,46250,667213,22.03
2016-12-02,46300,46450,45900,46350,450435,22.1
2016-12-05,46300,46350,45600,46000,357553,22.08
2016-12-06,46100,47250,46100,47100,644517,22.1
2016-12-07,47250,47500,46800,46950,549707,22.09
2016-12-08,47500,47800,47250,47500,545953,22.05
2016-12-09,47600,48450,47550,47950,743986,22.19
2016-12-12,47900,48600,47850,48150,598286,22.29
2016-12-13,48000,48900,47750,48850,666506,22.39
2016-12-14,49100,49150,48150,48300,609882,22.36
2016-12-15,47850,48200,47400,48150,643676,22.23
2016-12-16,47850,48050,47600,47850,491284,22.24
2016-12-19,47800,48350,47600,47700,390223,22.23
2016-12-20,47900,48200,47800,47800,283044,22.13
2016-12-21,47700,48400,47700,48200,395898,22.24
2016-12-22,48200,49600,48200,49400,864243,22.29
2016-12-23,49350,49750,49200,49650,446610,22.19
2016-12-26,49800,51000,49350,50900,951361,22.25
2016-12-27,50900,51400,50400,50900,731183,22.29
2016-12-28,50800,52200,50700,51500,965048,22.34
2016-12-29,51400,52000,51200,51600,482241,22.37
2017-01-02,51800,52300,51600,51600,431474,22.38
2017-01-03,51800,54400,51800,54300,1715000,22.68
2017-01-04,54200,54500,53100,53800,1262418,22.9
2017-01-05,54000,55700,53400,53600,1428250,23.05
2017-01-06,53800,54000,52400,52600,1382362,23.12
2017-01-09,52300,53600,51200,53600,1555889,23.11
2017-01-10,53100,53200,51800,51800,956045,22.97
2017-01-11,51700,52300,51200,52000,979211,23.01
2017-01-12,52100,53400,52100,53300,795012,23.06
2017-01-13,53100,53500,52500,52900,555164,23.03
2017-01-16,52900,53300,51900,52800,681671,22.99
2017-01-17,52300,53000,52300,52400,451998,22.95
2017-01-18,52800,53900,52500,53700,938989,23.08
2017-01-19,53700,54700,53300,54500,1070070,23.18
2017-01-20,54400,54500,54000,54100,432160,23.14
2017-01-23,54100,54500,53300,53400,345819,23.17
2017-01-24,53300,54200,53300,54100,450680,23.22
2017-01-25,54300,55400,53500,54200,1121403,23.27
2017-01-26,55000,55500,53200,53200,1226161,23.14
2017-01-31,53500,55700,53400,55400,1376669,23.5
2017-02-01,55800,58000,55800,57900,2286272,23.78
2017-02-02,58500,59400,57300,58300,1824780,23.96
2017-02-03,58700,59100,57400,58200,780014,23.97
2017-02-06,58800,59100,57700,58600,852582,24.01
2017-02-07,58900,59300,58200,58800,754879,24.0
2017-02-08,59000,60400,58600,60400,1795800,24.22
2017-02-09,60400,61900,60100,61500,1352533,24.39
2017-02-10,61800,61900,61200,61300,740823,24.51
2017-02-13,61600,62000,59600,60700,1012067,24.57
2017-02-14,61000,61600,60600,61600,720671,24.71
2017-02-15,61700,62900,61700,62200,899514,24.8
2017-02-16,62300,62700,61300,62700,727097,24.97
2017-02-17,62600,62700,61200,61400,795235,25.06
2017-02-20,61100,62100,60700,62000,481297,25.22
2017-02-21,62100,62800,61900,62100,443630,25.2
2017-02-22,62700,63000,62300,62900,703290,25.34
2017-02-23,62900,63300,62200,63100,773393,25.43
2017-02-24,63200,63600,62200,62700,825344,25.52
2017-02-27,63200,63200,58800,59000,2350933,25.54
2017-02-28,58700,60000,58200,59800,1519971,25.65
2017-03-02,60700,62200,60600,61600,1329490,25.83
2017-03-03,61300,62400,60600,62200,1001078,25.98
2017-03-06,61500,62000,59900,60300,959701,26.03
2017-03-07,61600,63300,61500,63300,1734620,26.39
2017-03-08,63400,65400,63300,64900,1777042,26.7
2017-03-09,65500,65800,64100,64800,1196256,26.83
2017-03-10,64200,64800,63800,64100,940025,26.92
2017-03-13,65000,65700,64500,65300,733138,27.05
2017-03-14,66700,67400,66600,67100,1602346,27.29
2017-03-15,67300,67900,66800,67800,891284,27.47
2017-03-16,68400,68500,67000,68100,916464,27.63
2017-03-17,67900,69700,67700,68900,1175426,27.83
2017-03-20,68500,68600,66700,67200,1130043,27.79
2017-03-21,67900,67900,66500,66900,1356321,28.0
2017-03-22,67300,69600,67300,69200,1353787,28.24
2017-03-23,70200,72200,70100,72000,2098932,28.67
2017-03-24,73000,73900,71600,72200,1365959,28.72
2017-03-27,72600,72600,70400,71300,868109,28.74
2017-03-28,72000,72100,69800,70700,932883,28.79
2017-03-29,70400,71000,69200,70100,1062889,28.83
2017-03-30,70100,70200,66500,68100,2225859,28.91
2017-03-31,68300,68700,66900,67900,1201094,28.95
2017-04-03,68400,69900,68300,68700,964628,29.0
2017-04-04,69200,69200,68000,68300,583153,29.03
2017-04-05,68300,69000,66500,67200,1116475,29.11
2017-04-06,66900,70700,66300,70600,1571616,29.1
2017-04-07,71200,72200,69800,70900,1754356,29.32
2017-04-10,70700,70900,67900,67900,1306155,29.22
2017-04-11,68100,69800,68100,69500,1032197,29.36
2017-04-12,70000,70100,68900,69100,555051,29.42
2017-04-13,69300,70300,69200,69500,550004,29.48
2017-04-14,69000,69000,67800,68300,492819,29.5
2017-04-17,68700,70200,68700,69600,558900,29.59
2017-04-18,70000,70300,68900,70000,544965,29.73
2017-04-19,70700,71500,70100,70700,947412,29.88
2017-04-20,71300,71400,70400,71100,718589,30.05
2017-04-21,71100,71300,70400,71000,581937,30.09
2017-04-24,71400,72200,71300,71700,551940,30.16
2017-04-25,72000,72200,71500,72200,545785,30.29
2017-04-26,72800,72900,72300,72700,640000,30.47
2017-04-27,72700,73400,72000,72300,608575,30.51
2017-04-28,72000,72100,68700,69100,2295287,30.03
2017-05-02,69600,71000,69200,70400,1301950,30.33
2017-05-04,71800,72400,71200,71700,799566,30.51
2017-05-08,72900,77000,72900,77000,2624129,31.11
2017-05-10,77100,78800,75900,76300,1904728,31.15
2017-05-11,77000,79800,76900,79800,1876649,31.37
2017-05-12,80200,81300,79300,81200,1589519,31.55
2017-05-15,81800,81800,79200,81000,1261164,31.4
2017-05-16,81400,82000,78600,79000,1357416,31.28
2017-05-17,79500,80900,79400,80000,857014,31.33
2017-05-18,78800,79700,78500,79100,716864,31.42
2017-05-19,79600,81400,79400,81400,1094715,31.57
2017-05-22,82200,82300,81100,81600,585488,31.44
2017-05-23,82200,82200,81000,81100,573284,31.45
2017-05-24,81200,82400,80900,82300,538991,31.56
2017-05-25,82800,82800,81700,82300,513491,31.54
2017-05-26,82300,82400,81300,81900,665382,31.54
2017-05-29,81700,84300,81700,83500,823722,31.66
2017-05-30,83700,84100,82300,83500,525707,31.63
2017-05-31,83500,83600,82100,82500,714803,31.6
2017-06-01,82700,82900,81300,81300,628909,31.63
2017-06-02,82100,86900,82100,86600,1869364,31.99
2017-06-05,87700,88900,86900,87300,998730,31.97
2017-06-07,86700,87100,84900,85300,1346470,31.72
2017-06-08,85800,87800,85000,86800,1330511,31.38
2017-06-09,87500,88800,87300,88300,896973,31.27
2017-06-12,86800,87000,85200,85600,1341050,31.07
2017-06-13,85000,86100,83800,85800,1213895,31.01
2017-06-14,86400,88000,85400,85900,987899,31.0
2017-06-15,85900,87700,85300,87300,877550,31.08
2017-06-16,87200,87500,85800,86100,737508,30.97
2017-06-19,86100,86900,84800,86200,662054,30.98
2017-06-20,87300,87500,85700,86000,628514,31.06
2017-06-21,86000,86300,84100,85900,722785,31.04
2017-06-22,85300,86100,81300,81900,2179462,31.04
2017-06-23,82500,84100,81800,84100,1151493,31.27
2017-06-26,84600,85500,83600,85100,734655,31.25
2017-06-27,84300,84800,82200,82300,1431967,31.22
2017-06-28,81900,82000,78500,79300,1989102,31.21
2017-06-29,80300,81200,79500,79700,1018774,31.24
2017-06-30,78500,80700,78100,80200,999093,31.36
2017-07-03,80400,82300,80300,80900,928999,31.36
2017-07-04,80500,80800,79600,79900,566386,31.34
2017-07-05,79900,81300,79400,79900,648725,31.32
2017-07-06,80500,80600,76600,77100,1965678,31.22
2017-07-07,76400,76400,73800,73900,2330893,31.23
2017-07-10,72700,72800,70700,70800,3056226,31.06
2017-07-11,71300,72000,70000,71500,1546488,30.97
2017-07-12,72000,73000,70800,70800,1208011,30.81
2017-07-13,71300,72500,71000,71200,1363044,30.9
2017-07-14,71900,72200,69000,69500,1764528,30.85
2017-07-17,69900,70400,69700,70100,741053,30.86
2017-07-18,70300,70700,69600,70000,660135,30.81
2017-07-19,70200,71400,70200,70500,1017542,30.35
2017-07-20,70900,71200,69200,69400,956192,30.4
2017-07-21,69800,70100,68200,68200,1015026,30.45
2017-07-24,68200,68400,66700,67500,1417600,30.4
2017-07-25,67500,68200,67300,67500,838858,30.32
2017-07-26,67900,68700,67300,67900,1066820,30.21
2017-07-27,68200,68300,66300,66500,1371488,29.96
2017-07-28,66800,67800,66300,66700,1282188,30.08
2017-07-31,67000,67600,66500,67100,659263,30.07
2017-08-01,68000,69600,67800,68300,1485811,30.03
2017-08-02,69200,69500,67300,68400,838130,29.92
2017-08-03,68900,69200,68100,68400,838838,29.86
2017-08-04,69000,72100,68800,71800,1976833,29.97
2017-08-07,72300,72700,71500,71600,947809,29.93
2017-08-08,72100,72200,70300,71600,713434,29.9
2017-08-09,70700,71500,70500,71400,690037,29.88
2017-08-10,71400,74100,71400,73700,1796419,30.04
2017-08-11,72600,74700,71600,73400,1581856,30.07
2017-08-14,74200,74700,73000,73700,798565,30.07
2017-08-16,74000,74500,73100,74000,769023,30.06
2017-08-17,74000,74200,73000,73600,662603,30.1
2017-08-18,72600,73300,72000,73000,751321,30.09
2017-08-21,72800,75900,72800,75800,1159623,30.26
2017-08-22,76000,76400,75300,75700,697166,30.23
2017-08-23,76200,78500,76100,77500,1309345,30.3
2017-08-24,77800,78000,76600,77400,811372,30.22
2017-08-25,77800,77900,76800,77700,442385,30.16
2017-08-28,77500,77600,75900,76300,553675,30.09
2017-08-29,75500,75500,73400,74400,1540731,29.9
2017-08-30,75500,82400,75200,82300,3932544,30.18
2017-08-31,82700,82800,80200,81500,1889427,30.02
2017-09-01,82900,84300,81000,83600,1944745,29.87
2017-09-04,81700,84100,81600,82700,1508080,29.84
2017-09-05,83300,87000,83300,86500,2612281,30.09
2017-09-06,87000,87400,85300,85300,1564911,30.0
2017-09-07,85900,87100,85000,85300,1268664,30.1
2017-09-08,85700,85800,82200,82500,1944947,30.14
2017-09-11,83300,83600,81500,83100,1501501,29.95
2017-09-12,83800,83900,82400,83000,937921,29.9
2017-09-13,83800,88500,83700,87400,2808612,30.24
2017-09-14,87700,88300,86600,87900,1709823,30.13
2017-09-15,87400,91500,87300,89500,2655625,30.18
2017-09-18,90800,92300,89800,91000,1506118,30.2
2017-09-19,91000,91000,88400,89000,1473897,30.05
2017-09-20,89300,89300,86500,86600,1666502,30.14
2017-09-21,86600,88400,84700,86400,1397736,30.11
2017-09-22,86500,88800,85500,87400,1254640,30.15
2017-09-25,86800,88000,83800,84300,1536892,30.13
2017-09-26,83500,83700,80700,81800,1607876,30.0
2017-09-27,82000,83400,81000,81200,973194,30.01
2017-09-28,81300,81400,78900,80100,1379732,30.01
2017-09-29,80400,82500,80200,82400,909359,30.21
2017-10-10,79700,81500,78900,80800,2417240,30.15
2017-10-11,82100,88000,81800,87400,3091409,30.23
2017-10-12,87600,91700,87500,87900,2679580,30.5
2017-10-13,89300,90500,88000,88500,1148910,30.62
2017-10-16,89400,91700,88800,89300,1370439,30.53
2017-10-17,88800,90900,87700,89800,1201400,30.59
2017-10-18,90500,91700,89700,90400,1235889,30.61
2017-10-19,91500,97500,90600,96500,4384919,31.13
2017-10-20,96500,96800,94300,95300,1516859,31.26
2017-10-23,95600,98500,94800,97200,1696409,31.29
2017-10-24,96900,98200,93400,93400,1526327,31.3
2017-10-25,94600,95900,92900,93900,1127777,31.4
2017-10-26,94200,94900,92500,92700,1028083,31.45
2017-10-27,93500,95500,92100,92800,1312328,31.54
2017-10-30,93500,95700,92600,94800,1146628,31.66
2017-10-31,95300,96100,90800,91000,2091668,31.62
2017-11-01,91100,93400,90600,92300,1413470,31.85
2017-11-02,92500,94200,90500,91600,1238258,31.91
2017-11-03,91800,93000,91000,92000,865372,31.96
2017-11-06,91700,94500,91700,93200,1470396,32.09
2017-11-07,92900,93500,91000,91300,1081425,32.1
2017-11-08,91000,92500,90700,92400,740499,32.26
2017-11-09,92800,97000,92700,96000,2106195,32.6
2017-11-10,96000,96400,93900,94400,1074369,32.54
2017-11-13,94400,95200,92400,93000,877548,32.54
2017-11-14,92500,93000,90300,91500,1235545,32.49
2017-11-15,92100,92200,90600,91300,850027,32.55
2017-11-16,91300,92900,90100,92200,884980,32.63
2017-11-17,93100,93800,92200,92600,750975,32.71
2017-11-20,93000,93700,92200,92200,617288,32.74
2017-11-21,92300,93000,90900,92900,705381,32.82
2017-11-22,92500,96800,92500,95900,1671226,33.0
2017-11-23,96000,96700,94100,94100,745586,32.97
2017-11-24,93600,94400,93000,93400,404062,32.95
2017-11-27,93500,94400,92100,92200,663809,32.83
2017-11-28,92500,93300,91200,91800,608339,32.85
2017-11-29,92500,92800,90600,91400,679015,32.91
2017-11-30,91300,92000,89500,90000,898094,32.99
2017-12-01,90600,93900,90500,93500,840847,33.16
2017-12-04,93600,94400,92500,94400,551331,33.24
2017-12-05,93900,94800,93200,94300,458094,33.26
2017-12-06,94100,96500,93600,93600,862910,33.32
2017-12-07,94500,96500,94000,96200,1287867,33.58
2017-12-08,96000,97200,94200,94500,794868,33.6
2017-12-11,95900,96800,94800,96700,786713,33.6
2017-12-12,96000,98700,96000,98000,1318613,33.54
2017-12-13,98000,98300,96900,97900,723184,33.5
2017-12-14,97900,104000,97900,101500,2495201,33.81
2017-12-15,103000,106000,102500,105500,1496469,33.92
2017-12-18,106500,106500,103000,104000,716415,33.84
2017-12-19,104500,106000,102500,103500,825856,33.86
2017-12-20,104000,104500,101500,103000,587992,33.8
2017-12-21,102500,103000,98400,99300,1115976,33.76
2017-12-22,100500,101500,99400,100000,591818,33.76
2017-12-26,101500,102500,99200,99200,934572,33.78
2017-12-27,101500,107000,101000,107000,1187463,33.7
2017-12-28,107000,109500,105000,106000,822274,33.56
2018-01-02,106500,111000,105500,109500,948226,33.67
2018-01-03,109500,110500,107500,109500,627983,33.66
2018-01-04,110500,111000,105000,106000,977691,33.6
2018-01-05,106000,111500,106000,111000,883832,33.71
2018-01-08,113500,114000,103500,105000,2480029,33.6
2018-01-09,105000,110000,105000,109000,1387659,33.65
2018-01-10,109000,111500,107500,109000,909012,33.64
2018-01-11,110000,111000,108500,110500,791790,33.69
2018-01-12,110500,111500,107000,109500,823474,33.66
2018-01-15,109500,110000,106000,107000,695438,33.66
2018-01-16,106500,108500,105000,108000,555065,33.64
2018-01-17,108500,113000,108000,110500,815085,33.65
2018-01-18,112000,112000,107500,107500,503773,33.59
2018-01-19,107000,109500,106500,107500,533503,33.66
2018-01-22,108500,109000,106500,109000,469543,33.73
2018-01-23,107500,110000,103500,109500,1166939,33.84
2018-01-24,107500,108500,102000,102500,1406328,33.77
2018-01-25,102500,104500,101000,103500,899675,33.87
2018-01-26,104500,105500,102500,103000,777285,33.83
2018-01-29,103000,104000,101000,102000,1031365,33.85
2018-01-30,101500,103000,100500,101000,735284,33.83
2018-01-31,100500,103000,100000,102500,804156,33.88
2018-02-01,103000,104000,101000,103500,860002,33.93
2018-02-02,103000,103500,99900,101000,975164,33.98
2018-02-05,99400,99600,97200,97700,745562,34.01
2018-02-06,94900,96700,93400,96100,1094871,34.03
2018-02-07,98000,100500,96000,96500,1082264,34.02
2018-02-08,97200,99700,97100,99300,813467,34.05
2018-02-09,96500,98200,96200,96300,645790,34.02
2018-02-12,97300,98300,96400,96700,390757,34.0
2018-02-13,97400,101000,96500,99200,782907,34.06
2018-02-14,100000,101000,96900,97200,570366,33.97
2018-02-19,99400,103000,98900,102500,893618,34.11
2018-02-20,102500,104500,101500,104000,632252,34.22
2018-02-21,103500,104000,100000,101000,895703,34.15
2018-02-22,101500,103000,99200,99800,572286,34.14
2018-02-23,100000,102000,99000,102000,502137,34.18
2018-02-26,103000,103000,100500,102000,480011,34.19
2018-02-27,103000,103500,100500,100500,386397,34.18
2018-02-28,100000,102500,99900,99900,508365,34.18
2018-03-02,99400,101500,98000,101000,499607,34.2
2018-03-05,101500,104500,101500,103500,866063,34.33
2018-03-06,105000,106000,102500,106000,813711,34.44
2018-03-07,106500,109000,105000,107000,1125599,34.41
2018-03-08,108500,109000,105500,107000,911403,34.47
2018-03-09,109000,110500,108000,109000,830465,34.49
2018-03-12,110500,111000,108500,109500,573289,34.55
2018-03-13,110500,114000,109500,113500,1151725,34.7
2018-03-14,112500,114000,111000,113000,754011,34.68
2018-03-15,113500,113500,109000,111000,753489,34.69
2018-03-16,111000,111500,109000,110500,639540,34.72
2018-03-19,110500,112500,110000,111000,302806,34.75
2018-03-20,110000,111000,109000,110000,488409,34.73
2018-03-21,109500,112500,109500,112500,575722,34.75
2018-03-22,112500,114500,111000,111500,608489,34.74
2018-03-23,108500,110000,106000,106500,696815,34.71
2018-03-26,106500,110500,106500,109000,730771,34.78
2018-03-27,111500,113000,111000,111500,904837,34.71
2018-03-28,111000,111000,108500,109000,590380,34.73
2018-03-29,109500,110000,107500,109000,561254,34.66
2018-03-30,110500,111000,109500,109500,433535,34.63
2018-04-02,110000,112500,110000,110500,340315,34.65
2018-04-03,109500,112000,109000,110500,377188,34.66
2018-04-04,110500,111000,104500,104500,909945,34.63
2018-04-05,106000,107500,104500,105000,644490,34.69
2018-04-06,105500,111500,105000,111000,1519548,34.69
2018-04-09,111500,112500,108500,109500,727354,34.67
2018-04-10,109000,109000,105500,107000,958899,34.6
2018-04-11,107500,108000,105500,107000,533827,34.6
2018-04-12,106500,108000,105500,106500,861133,34.63
2018-04-13,108000,108500,106000,106500,517401,34.62
2018-04-16,106500,107000,104000,104500,519056,34.59
2018-04-17,105000,107000,104000,105000,473722,34.61
2018-04-18,106500,107000,104000,104000,561642,34.57
2018-04-19,105000,107000,104500,106000,726517,34.63
2018-04-20,105500,111000,105500,109000,1238083,34.69
2018-04-23,110500,111000,103500,104500,1135766,34.57
2018-04-24,105000,105500,101000,102000,868864,34.52
2018-04-25,101500,101500,99100,100000,932572,34.51
2018-04-26,101000,103500,99900,101000,835327,34.51
2018-04-27,103500,104500,101000,101500,721921,34.62
2018-04-30,102500,103500,102000,102000,575630,34.7
2018-05-02,102500,103000,100000,101500,767053,34.73
2018-05-03,102000,103000,101000,103000,625844,34.81
2018-05-04,103000,103000,98700,99000,972728,34.73
2018-05-08,100000,101000,94700,94900,1398768,34.78
2018-05-09,95100,95800,93500,95300,863912,34.84
2018-05-10,95000,97500,94700,95200,751327,34.88
2018-05-11,95600,98600,95600,97700,758454,34.91
2018-05-14,99500,100500,97200,97500,829383,34.87
2018-05-15,97100,97500,95200,96600,814411,34.89
2018-05-16,96300,97500,96100,96900,430070,34.94
2018-05-17,97200,98900,97000,98000,602962,34.97
2018-05-18,98100,98700,97000,98000,473681,35.05
2018-05-21,98000,98800,96900,98700,556964,35.17
2018-05-23,98200,99300,98100,98700,615723,35.19
2018-05-24,98800,100500,97300,98000,652598,35.24
2018-05-25,97900,98700,96600,96700,523804,35.21
2018-05-28,96500,97600,95300,95500,519213,35.22
2018-05-29,96200,96700,95500,96100,403665,35.25
2018-05-30,96200,98300,95800,96100,733711,35.28
2018-05-31,97600,97600,92000,92600,1461934,35.16
2018-06-01,92500,92500,87800,88200,2401034,35.26
2018-06-04,88600,89700,88300,89000,795419,35.35
2018-06-05,89400,90800,89200,90400,736301,35.45
2018-06-07,91000,91800,89600,90600,706966,35.47
2018-06-08,90300,91300,89700,89900,488599,35.51
2018-06-11,90100,90300,88600,89000,705279,35.61
2018-06-12,89200,91400,89200,90000,602030,35.68
2018-06-14,91400,94100,91000,93600,1444370,35.75
2018-06-15,94500,94500,90800,90900,990542,35.73
2018-06-18,91000,92400,88500,89200,767776,35.76
2018-06-19,88200,89900,85100,85200,1012856,35.73
2018-06-20,85100,87400,85000,86200,645081,35.75
2018-06-21,86300,87200,82000,82000,1395643,35.73
2018-06-22,81300,83100,81100,82300,751430,35.76
2018-06-25,82300,85000,81800,85000,636705,35.8
2018-06-26,84300,84700,82500,83900,537279,35.76
2018-06-27,84000,85300,83300,83700,507804,35.8
2018-06-28,82900,83300,80800,80900,715235,35.75
2018-06-29,81200,83100,80800,83000,621098,35.78
2018-07-02,83100,83100,79500,79700,682443,35.72
2018-07-03,80200,80900,79100,79900,530738,35.77
2018-07-04,79500,80300,77400,77700,587475,35.76
2018-07-05,77000,78800,76000,77800,706939,35.78
2018-07-06,77100,78300,73500,75700,1722781,35.72
2018-07-09,75100,78100,75100,77700,799335,35.76
2018-07-10,77700,79300,77400,78200,712585,35.7
2018-07-11,78400,78400,75800,76600,759985,35.65
2018-07-12,76400,76400,75100,75200,946355,35.64
2018-07-13,75900,77800,75900,77600,935008,35.63
2018-07-16,77600,78200,76400,76400,553500,35.55
2018-07-17,76100,79700,75200,78800,1323914,35.49
2018-07-18,78600,82200,78600,80700,1191864,35.44
2018-07-19,81000,83100,80000,82300,1164716,35.33
2018-07-20,82100,83100,81000,81000,829497,35.15
2018-07-23,80900,81200,78100,78400,739344,35.12
2018-07-24,78200,81700,76800,81000,991504,35.08
2018-07-25,80500,82400,79800,80800,772980,35.03
2018-07-26,81400,82200,80300,81800,725896,34.93
2018-07-27,80300,80400,75800,76000,2544391,34.14
2018-07-30,76300,76400,74800,75200,997710,34.08
2018-07-31,75400,75600,74800,74800,725430,34.02
2018-08-01,75500,76200,75000,75300,761449,33.97
2018-08-02,75100,76100,74800,75100,616998,33.92
2018-08-03,75400,75700,74400,75200,582491,33.91
2018-08-06,75400,75900,74200,74400,685629,33.83
2018-08-07,75000,75500,74100,75100,723231,33.83
2018-08-08,75400,77300,75400,75900,1286104,33.72
2018-08-09,76400,80500,76000,80400,2132947,33.98
2018-08-10,80000,80700,78700,79000,961866,33.87
2018-08-13,78200,78400,75800,76300,840750,33.77
2018-08-14,76100,76200,70900,73600,2397515,33.24
2018-08-16,72500,73900,71300,73300,920959,33.17
2018-08-17,74100,74100,72400,72400,849229,33.02
2018-08-20,72800,73500,71900,72200,670001,32.93
2018-08-21,72300,73500,70800,73400,1404794,32.76
2018-08-22,73800,75600,73200,73200,1110406,32.74
2018-08-23,73600,74600,72700,74600,879090,32.71
2018-08-24,74100,75200,73400,74700,815946,32.66
2018-08-27,74400,75200,73700,74300,863531,32.57
2018-08-28,75100,75800,73600,73700,903687,32.47
2018-08-29,74200,77500,73600,77200,1417794,32.5
2018-08-30,77300,77400,75800,76400,1006172,32.38
2018-08-31,75800,77100,75300,76800,762868,32.29
2018-09-03,76800,78800,76600,76700,924434,32.25
2018-09-04,77200,79200,77100,78100,922362,32.25
2018-09-05,77800,78500,76100,76200,873220,32.07
2018-09-06,75900,76200,74000,74400,1144654,31.79
2018-09-07,74200,75100,73400,74300,670262,31.7
2018-09-10,74200,74300,73000,73100,858482,31.66
2018-09-11,73000,74300,72500,72800,712081,31.53
2018-09-12,73200,73500,71900,72100,852910,31.42
2018-09-13,72400,72800,71100,71500,971252,31.35
2018-09-14,72100,72800,71700,72100,809166,31.34
2018-09-17,72400,73200,71800,71900,521629,31.33
2018-09-18,71200,71500,68400,69000,2606048,30.98
2018-09-19,69400,69400,67900,68200,1494446,30.83
2018-09-20,68300,70000,68200,69000,1194328,30.88
2018-09-21,69600,70100,69100,69500,760994,30.86
2018-09-27,69100,70100,68500,69600,897762,30.82
2018-09-28,70000,71900,69900,71000,1255496,30.85
2018-10-01,71000,71500,70200,71100,558633,30.84
2018-10-02,70700,71300,69900,69900,600630,30.84
2018-10-04,69700,70200,68400,69000,681480,30.85
2018-10-05,68600,71200,68000,70500,952571,30.78
2018-10-08,69600,69700,67800,67800,922338,30.63
2018-10-10,67200,67300,65200,65200,1103556,30.52
2018-10-11,62400,63900,61600,62300,1441637,30.6
2018-10-12,62100,65100,62100,64400,1114941,30.7
2018-10-15,64400,65500,63800,64300,434965,30.74
2018-10-16,64300,65000,63400,63500,508133,30.71
2018-10-17,64500,65800,64000,64600,676861,30.71
2018-10-18,64700,66000,64400,64900,499578,30.74
2018-10-19,64400,66000,63200,65700,581306,30.76
2018-10-22,64600,66300,64600,65700,354570,30.77
2018-10-23,65200,65300,63100,63600,597221,30.75
2018-10-24,64200,64700,63500,64500,543722,30.78
2018-10-25,62700,63400,61700,62700,661062,30.78
2018-10-26,63100,63900,60500,61100,920580,30.82
2018-10-29,60900,61900,59100,59400,683052,30.83
2018-10-30,58800,61700,58800,61200,811009,30.92
2018-10-31,61500,63800,61000,63300,819823,30.94
2018-11-01,63700,66500,63400,66000,1056023,30.98
2018-11-02,66600,67700,66200,67200,792881,31.02
2018-11-05,67000,68000,66200,67600,503725,31.03
2018-11-06,67600,68800,67100,68000,497920,31.07
2018-11-07,68400,69200,66600,67300,738870,31.08
2018-11-08,68800,70700,68300,69900,1080894,31.14
2018-11-09,70000,72300,69700,71400,1129981,31.14
2018-11-12,71000,72200,70000,71200,631830,31.2
2018-11-13,70200,71400,68800,70200,680494,31.22
2018-11-14,69600,71000,68700,69500,527813,31.25
2018-11-15,69600,70400,68900,70300,459559,31.25
2018-11-16,70900,72200,70300,71800,690404,31.27
2018-11-19,72200,73100,71200,71600,637905,31.22
2018-11-20,70800,71000,69600,70500,563066,31.23
2018-11-21,69900,70300,69200,69700,483426,31.16
2018-11-22,70500,70600,68200,69200,561708,31.15
2018-11-23,69500,70100,68900,69400,290959,31.14
2018-11-26,69500,71600,69400,71200,658708,31.11
2018-11-27,71700,72300,71500,71800,478157,31.14
2018-11-28,72100,72700,71800,72400,479308,31.3
2018-11-29,73500,74600,73400,73800,923966,31.42
2018-11-30,73800,74400,72000,72500,768135,31.37
2018-12-03,74000,74500,73000,74400,671484,31.42
2018-12-04,74200,74700,73100,73200,514998,31.43
2018-12-05,72100,72600,71200,71700,499091,31.4
2018-12-06,71300,71300,68000,68600,1054851,31.37
2018-12-07,69400,69900,66700,66900,1100511,31.4
2018-12-10,66300,67400,64800,65300,806527,31.34
2018-12-11,65600,67100,65500,66700,626998,31.36
2018-12-12,66600,68200,65600,67900,681318,31.45
2018-12-13,68000,68800,67100,68200,816888,31.4
2018-12-14,68300,68500,66300,67700,517004,31.4
2018-12-17,67700,69200,66900,69100,442744,31.44
2018-12-18,68200,68800,66800,66900,627414,31.39
2018-12-19,66900,67500,65100,65300,885616,31.28
2018-12-20,64500,64500,61800,62600,1670644,31.18
2018-12-21,62000,62900,61800,62400,829833,31.12
2018-12-24,62000,62400,61200,61800,513348,31.08
2018-12-26,61000,61900,60600,61300,453037,30.93
2018-12-27,62500,63300,61700,61900,562848,30.9
2018-12-28,62300,63500,62100,62300,464747,30.84
2019-01-02,63300,64200,62700,62800,568844,30.78
2019-01-03,63100,64100,62100,62900,604561,30.77
2019-01-04,63000,63400,61100,62200,602100,30.77
2019-01-07,63100,64700,62700,64200,660173,30.8
2019-01-08,63700,63700,61200,61900,1338626,30.73
2019-01-09,61700,63700,61600,63200,950285,30.84
2019-01-10,63100,66000,62700,65600,1065551,30.92
2019-01-11,65700,66500,65200,66000,601380,30.87
2019-01-14,66000,66400,65000,65900,401456,30.9
2019-01-15,65600,66500,65300,65800,560337,30.83
2019-01-16,66000,67600,66000,66500,565004,30.81
2019-01-17,66800,67600,66000,66100,467844,30.84
2019-01-18,66800,67300,66300,67000,488762,30.86
2019-01-21,67700,68100,65800,66400,614764,30.83
2019-01-22,66400,66900,64100,64500,997141,30.7
2019-01-23,64400,65700,64300,65200,587708,30.71
2019-01-24,65100,65800,64800,65200,620651,30.68
2019-01-25,65200,69800,65200,69500,1749374,30.8
2019-01-28,69600,70200,67600,67700,809802,30.71
2019-01-29,67400,67400,66200,67400,845170,30.62
2019-01-30,68000,68500,66800,67600,825346,30.53
2019-01-31,68100,68400,66200,66600,903199,30.46
2019-02-01,66300,66300,65200,65400,1039069,30.27
2019-02-07,65900,66400,65300,65900,663706,30.24
2019-02-08,65500,65700,64700,64800,690327,30.19
2019-02-11,65000,69600,64900,69300,1987125,30.45
2019-02-12,70300,72900,70300,71900,2499697,30.57
2019-02-13,72700,73900,71900,72100,1310740,30.6
2019-02-14,70500,73000,70500,72300,799937,30.58
2019-02-15,72700,73000,71400,72000,598744,30.57
2019-02-18,73200,73400,71100,72000,585460,30.56
2019-02-19,72000,73000,71000,72300,520978,30.55
2019-02-20,72400,73200,72300,72700,503913,30.51
2019-02-21,72800,73500,72100,73000,678067,30.52
2019-02-22,72900,73300,72100,73200,534335,30.49
2019-02-25,73500,73600,70500,71300,1097013,30.37
2019-02-26,71300,71700,70400,70500,509895,30.33
2019-02-27,70500,72500,70000,72200,782090,30.4
2019-02-28,72500,72500,70400,70500,882603,30.29
2019-03-04,70800,71800,70800,71200,474980,30.29
2019-03-05,70900,72000,70300,71300,417224,30.26
2019-03-06,72300,74600,72300,74400,1630920,30.27
2019-03-07,75200,76700,74200,75100,1846111,30.27
2019-03-08,75000,76100,73300,73700,734055,30.16
2019-03-11,74000,75900,73000,75300,796316,30.13
2019-03-12,75700,76100,74200,74400,642759,30.04
2019-03-13,74500,76300,74300,76300,671827,30.16
2019-03-14,76600,78100,75800,77500,1256548,30.22
2019-03-15,77600,78200,77000,77200,922796,30.25
2019-03-18,78000,78800,77400,78200,585035,30.31
2019-03-19,78100,78600,75300,76100,874127,30.33
2019-03-20,76500,77500,76000,77400,623145,30.35
2019-03-21,77400,77400,73800,74100,1570980,30.18
2019-03-22,74100,76200,72800,76100,1456647,30.39
2019-03-25,74900,75100,73000,73000,806732,30.4
2019-03-26,73800,75100,73000,73300,778354,30.45
2019-03-27,74000,74900,73800,73900,511443,30.47
2019-03-28,73600,74300,71800,72200,838816,30.5
2019-03-29,72500,75100,72500,75100,1064758,30.69
2019-04-01,75500,76800,75100,76800,626814,30.8
2019-04-02,77000,78100,75500,75900,691913,30.83
2019-04-03,76000,77700,76000,76500,887694,30.89
2019-04-04,77100,77100,75000,75600,794535,31.04
2019-04-05,75600,77500,74500,75800,1051488,31.14
2019-04-08,76500,77300,75500,76400,763891,31.22
2019-04-09,77200,77900,76400,77600,1049976,31.48
2019-04-10,77500,78400,76800,77200,863213,31.57
2019-04-11,78000,78000,76800,77400,603065,31.63
2019-04-12,77600,77800,75800,76000,806869,31.62
2019-04-15,76600,77100,76000,76600,630842,31.71
2019-04-16,76400,78000,76300,77900,767127,31.87
2019-04-17,77900,78000,75700,75900,996833,31.83
2019-04-18,75900,76500,73800,74000,935012,31.84
2019-04-19,74600,74900,73600,73900,451650,31.83
2019-04-22,74400,74500,73100,73500,422266,31.81
2019-04-23,73000,74300,73000,74200,456648,31.89
2019-04-24,75400,75400,73500,73700,611885,31.93
2019-04-25,74200,77000,74100,77000,1382565,32.14
2019-04-26,76200,76800,74500,74800,666597,32.11
2019-04-29,75100,75900,74700,75900,413655,32.16
2019-04-30,75900,76200,74700,75800,476352,32.37
2019-05-02,75300,76900,75300,76800,574899,32.49
2019-05-03,76500,77200,75900,76600,409579,32.51
2019-05-07,75200,77400,75100,77000,685250,32.59
2019-05-08,76300,77100,75900,76300,469011,32.62
2019-05-09,76100,76500,73300,73300,882026,32.64
2019-05-10,73300,74100,71700,72400,889534,32.54
2019-05-13,72400,72500,70200,70400,863415,32.56
2019-05-14,69800,72200,69700,71500,675293,32.56
2019-05-15,71500,72800,71400,72500,481239,32.65
2019-05-16,72500,73300,70300,71000,797872,32.67
2019-05-17,71600,72700,70600,70900,577604,32.71
2019-05-20,71500,71800,70400,70500,455147,32.7
2019-05-21,70000,74000,70000,72900,977936,32.83
2019-05-22,73800,74000,72300,73100,570131,32.91
2019-05-23,74300,75700,73600,75300,1020203,32.95
2019-05-24,75300,76900,75300,76300,996814,33.15
2019-05-27,76000,77100,75500,76600,534540,33.17
2019-05-28,76800,77800,76600,77500,849444,33.22
2019-05-29,77300,77600,76000,77000,566640,33.27
2019-05-30,77500,78400,77100,78400,595073,33.35
2019-05-31,78400,79000,76900,78600,964303,33.42
2019-06-03,78300,81000,77700,81000,1199365,33.6
2019-06-04,81100,81200,78600,78600,746768,33.55
2019-06-05,79400,79800,77300,77600,686357,33.59
2019-06-07,78000,79300,77900,78300,586903,33.59
2019-06-10,79100,79200,76500,77900,788511,33.58
2019-06-11,79100,82600,78600,82600,1765695,33.7
2019-06-12,82600,83400,81400,82000,621262,33.73
2019-06-13,82500,82500,80500,81900,616931,33.74
2019-06-14,81500,81700,79800,80700,697659,33.75
2019-06-17,80500,82600,80400,80700,511634,33.71
2019-06-18,81100,81600,80700,81300,336762,33.73
2019-06-19,82000,82200,80000,80800,600944,33.77
2019-06-20,80700,81500,80000,80500,426167,33.79
2019-06-21,80500,81100,79800,80400,479526,33.85
2019-06-24,81000,81300,80300,81300,340793,33.9
2019-06-25,81200,81300,79600,80300,399565,33.86
2019-06-26,79600,79900,78100,79300,599410,33.93
2019-06-27,79500,80400,79100,79700,494293,34.02
2019-06-28,79600,80500,78900,79300,517996,34.13
2019-07-01,78400,78400,76300,76700,1219190,34.18
2019-07-02,76900,77500,76500,77400,559142,34.34
2019-07-03,77500,77800,76300,76300,436849,34.42
2019-07-04,76700,77200,75700,76600,264621,34.46
2019-07-05,76600,77200,72500,72600,1835388,34.53
2019-07-08,71900,72100,70000,71500,1088645,34.56
2019-07-09,71500,72000,70300,70600,588749,34.63
2019-07-10,70500,71700,70500,70600,733489,34.62
2019-07-11,70800,71400,69900,70600,756217,34.58
2019-07-12,70800,71100,70400,70800,390397,34.56
2019-07-15,70700,70800,69800,70300,441059,34.6
2019-07-16,70300,70800,69500,70000,568181,34.57
2019-07-17,70300,71500,70200,71100,630890,34.63
2019-07-18,70800,71000,68700,69100,1023088,34.59
2019-07-19,69700,70900,69300,70600,582803,34.59
2019-07-22,70600,71300,70300,70700,398652,34.64
2019-07-23,70800,71200,70600,70800,362832,34.61
2019-07-24,70600,71000,69900,70000,317197,34.58
2019-07-25,69800,70400,69300,69700,458863,34.59
2019-07-26,69000,69600,68100,68600,614213,34.59
2019-07-29,68300,69700,68000,68600,377474,34.62
2019-07-30,68400,68700,67400,67500,505505,34.52
2019-07-31,67100,67500,64600,65300,1247381,34.45
2019-08-01,64100,65300,64000,64100,676243,34.36
2019-08-02,63100,64900,62800,63600,816748,34.28
2019-08-05,62800,63300,61600,61600,806856,34.27
2019-08-06,59300,62200,59200,60200,1042821,34.23
2019-08-07,60300,61100,59100,59600,837509,34.18
2019-08-08,60300,60500,59600,59600,864002,34.13
2019-08-09,60500,61500,60100,60300,641409,34.04
2019-08-12,60600,60900,60100,60500,350227,34.02
2019-08-13,60000,60500,59600,59800,405225,33.96
2019-08-14,60500,60800,59800,60100,513745,33.94
2019-08-16,59700,60000,58500,59900,466335,33.85
2019-08-19,60300,60800,60100,60300,306761,33.82
2019-08-20,60400,60900,60200,60800,339259,33.8
2019-08-21,60600,60900,60100,60700,369160,33.75
2019-08-22,60700,61500,60600,60600,465946,33.68
2019-08-23,60600,61000,60000,60700,300527,33.69
2019-08-26,59800,60000,59500,59500,385090,33.65
2019-08-27,60000,60500,59100,59200,611051,33.61
2019-08-28,59500,60500,59500,60300,319818,33.64
2019-08-29,60500,60500,59500,59800,245916,33.59
2019-08-30,60300,61800,60000,61300,624060,33.61
2019-09-02,61100,61500,60700,61400,253018,33.59
2019-09-03,61400,62000,60900,61700,450012,33.57
2019-09-04,61300,62100,60700,62100,385424,33.52
2019-09-05,62300,62600,61800,62300,691827,33.46
2019-09-06,62700,62800,61900,62000,299704,33.43
2019-09-09,61800,62000,61200,61300,468845,33.39
2019-09-10,61300,65500,61300,64900,1293106,33.34
2019-09-11,65000,65600,63700,64500,1005230,33.28
2019-09-16,65700,66500,65000,66200,935319,33.32
2019-09-17,65400,65800,65000,65600,495985,33.27
2019-09-18,65800,66900,65400,66100,454311,33.28
2019-09-19,66600,66700,64800,65200,582024,33.3
2019-09-20,65200,65900,64800,65900,499133,33.29
2019-09-23,65800,65800,65000,65100,348446,33.29
2019-09-24,64800,67200,64800,66800,676438,33.38
2019-09-25,66400,66900,65800,66200,330788,33.34
2019-09-26,66600,68100,66500,67100,579805,33.34
2019-09-27,67300,67300,66200,66700,293599,33.28
2019-09-30,66300,67600,66000,67400,364683,33.31
2019-10-01,67200,67300,66200,66500,488507,33.27
2019-10-02,66500,66900,66000,66300,394430,33.36
2019-10-04,66100,66900,65800,66400,352541,33.39
2019-10-07,66400,69700,66400,69400,955986,33.45
2019-10-08,69600,69600,67900,68300,894099,33.33
2019-10-10,67900,69000,67800,68300,808616,33.38
2019-10-11,69100,69500,68700,68800,374565,33.38
2019-10-14,69600,70100,68800,68900,360306,33.41
2019-10-15,68900,69600,68800,69500,442758,33.43
2019-10-16,70000,70300,69700,70300,392730,33.47
2019-10-17,70300,70300,68300,68800,541697,33.4
2019-10-18,68600,69500,68400,68800,293636,33.41
2019-10-21,69300,69400,68700,69100,208431,33.44
2019-10-22,69100,69700,69100,69400,283529,33.43
2019-10-23,69200,69400,68400,68600,290288,33.42
2019-10-24,68800,69200,68000,69000,327266,33.45
2019-10-25,68600,69100,67600,68200,415169,33.46
2019-10-28,68700,69200,68400,68800,204867,33.56
2019-10-29,69400,69600,68800,69000,307860,33.61
2019-10-30,69300,69600,68200,68500,332728,33.66
2019-10-31,68800,69600,66600,66900,1094750,33.54
2019-11-01,66800,67400,66100,67200,404075,33.51
2019-11-04,67700,67800,67100,67100,450676,33.51
2019-11-05,67200,68400,67200,68300,549499,33.6
2019-11-06,68500,69000,68200,68700,417686,33.69
2019-11-07,68600,69400,68200,69100,427382,33.78
2019-11-08,69300,69800,68800,69400,353530,33.83
2019-11-11,69400,69600,68600,69300,278287,33.83
2019-11-12,69400,69900,68600,69000,311635,33.82
2019-11-13,69000,69000,67900,68800,366473,33.84
2019-11-14,68200,69200,68200,69000,305427,33.85
2019-11-15,69000,70700,69000,70500,728818,33.97
2019-11-18,70700,72200,70400,71500,609015,33.99
2019-11-19,71200,72500,70900,71900,538536,34.02
2019-11-20,71500,71800,70300,70900,479826,33.97
2019-11-21,70700,71300,69700,70400,475086,33.98
2019-11-22,70200,70600,69500,70100,267673,33.95
2019-11-25,70500,71400,70200,71400,380355,33.97
2019-11-26,71400,71900,70900,70900,697121,33.92
2019-11-27,71500,72000,71000,71500,292977,33.95
2019-11-28,71400,71600,70200,71000,259491,33.85
2019-11-29,71200,71200,69700,69900,350465,33.82
2019-12-02,70000,70400,69800,70300,237237,33.94
2019-12-03,69800,70500,69400,70500,217447,33.97
2019-12-04,69600,70100,69400,70000,294889,33.95
2019-12-05,70200,70600,69300,70000,295956,33.96
2019-12-06,69700,70200,69500,70200,272392,33.97
2019-12-09,70400,70500,68700,69100,436982,33.91
2019-12-10,69300,71200,69200,71200,575566,33.99
2019-12-11,71400,71500,70400,71200,339949,33.98
2019-12-12,71200,72100,71000,71700,979009,34.01
2019-12-13,72500,72800,72100,72200,405472,34.0
2019-12-16,72200,72400,71700,72000,271523,33.95
2019-12-17,72200,73100,72100,72400,455261,33.94
2019-12-18,72400,72900,71700,72500,399504,34.07
2019-12-19,72200,72600,71800,72500,302037,34.1
2019-12-20,72700,72700,71600,72500,403031,34.1
2019-12-23,72600,72600,71900,72500,257344,34.08
2019-12-24,72500,72700,71900,71900,220741,34.03
2019-12-26,72000,72200,71200,71300,372424,33.94
2019-12-27,71300,72100,71100,71800,498244,33.73
2019-12-30,71800,72200,71600,72100,283273,33.83
2020-01-02,71800,72100,71000,71000,284758,33.96
2020-01-03,71400,71900,70800,71100,369493,33.99
2020-01-06,70300,70500,69600,69900,337026,34.01
2020-01-07,69800,70600,69800,70300,265311,34.04
2020-01-08,70300,70300,67000,67500,937438,34.11
2020-01-09,68100,68300,66100,66600,1565867,33.71
2020-01-10,67000,67500,66400,66800,797710,33.67
2020-01-13,66900,67000,66200,66600,600906,33.64
2020-01-14,67200,69400,67100,68300,1081428,33.63
2020-01-15,68800,70000,68600,69600,698052,33.71
2020-01-16,69800,70000,68900,69900,440562,33.76
2020-01-17,69800,70200,68900,69200,464204,33.77
2020-01-20,69600,71700,69400,71200,894609,33.94
2020-01-21,71400,71600,70100,70100,379059,34.09
2020-01-22,69800,70500,68600,70400,546215,34.08
2020-01-23,69600,69700,68600,69000,604024,34.0
2020-01-28,66600,67500,66600,67100,729302,33.92
2020-01-29,67100,68000,66900,67200,585990,33.88
2020-01-30,67000,67800,66900,67200,549972,33.87
2020-01-31,67200,67600,65800,65900,697360,33.78
2020-02-03,65400,65600,64100,64900,797729,33.71
2020-02-04,64400,65400,64400,65100,716163,33.66
2020-02-05,65600,65700,64800,65200,657342,33.68
2020-02-06,65600,67000,65500,66800,635295,33.61
2020-02-07,66700,67400,66500,67300,519466,33.71
2020-02-10,67000,67000,66100,67000,364246,33.65
2020-02-11,67500,67600,66800,67200,462160,33.68
2020-02-12,67000,68300,67000,67900,487071,33.73
2020-02-13,68200,68400,67000,67100,699540,33.66
2020-02-14,67200,67600,66700,67000,354348,33.7
2020-02-17,66900,67300,66000,67000,560384,33.64
2020-02-18,67900,70000,67700,68900,1338368,33.69
2020-02-19,69300,69400,68000,68800,636116,33.68
2020-02-20,68700,69000,66700,67200,677402,33.64
2020-02-21,66000,67000,65800,66100,531902,33.61
2020-02-24,64800,65000,63100,63300,874557,33.57
2020-02-25,62200,63500,62100,63000,956415,33.4
2020-02-26,62100,63700,61500,63300,607215,33.39
2020-02-27,63000,63600,62000,62400,524379,33.31
2020-02-28,61400,61700,60000,60400,932828,33.2
2020-03-02,60300,61200,59600,60100,711979,33.07
2020-03-03,61500,61700,60000,60200,587763,33.0
2020-03-04,60100,61200,60100,60600,520867,33.05
2020-03-05,61300,61900,60800,61500,573595,33.04
2020-03-06,60900,61100,60200,60300,542438,32.94
2020-03-09,59000,59300,57500,57800,1001568,32.76
2020-03-10,58800,61400,58400,60000,1500440,32.91
2020-03-11,60000,61000,58100,59000,938290,32.76
2020-03-12,58900,58900,55000,55500,1649095,32.43
2020-03-13,51100,54500,50600,52500,1968749,32.49
2020-03-16,53100,54200,50400,50400,948845,32.46
2020-03-17,48000,52000,48000,49450,1004008,32.58
2020-03-18,50200,50800,47700,48000,886739,32.49
2020-03-19,48900,49600,43650,43650,1601945,32.61
2020-03-20,44600,45700,43550,45100,1539670,32.46
2020-03-23,42350,42850,41600,41850,1186795,32.47
2020-03-24,42700,44450,42200,44400,1316623,32.38
2020-03-25,48400,48850,46800,48500,1506779,32.44
2020-03-26,49450,51300,48600,49000,1377158,32.15
2020-03-27,51300,51500,48000,49400,1110394,32.01
2020-03-30,48400,49200,47100,48500,937027,31.9
2020-03-31,49100,49500,47600,48200,1106424,31.75
2020-04-01,48250,50800,47850,48100,1298461,31.77
2020-04-02,49100,50000,48500,49300,1071663,31.59
2020-04-03,50100,51200,49200,49850,963015,31.52
2020-04-06,50400,51100,49900,51100,868309,31.5
2020-04-07,52500,55600,50900,54500,2123508,31.37
2020-04-08,54800,54800,53300,53300,1593974,31.2
2020-04-09,54200,54300,53300,54200,926771,31.12
2020-04-10,54100,54100,53300,53800,687486,31.08
2020-04-13,53800,54100,52800,53200,626957,31.07
2020-04-14,53600,53900,53000,53600,922591,30.91
2020-04-16,53100,53600,52500,53500,788724,30.87
2020-04-17,54300,55900,53900,54500,1414373,30.88
2020-04-20,54700,54800,53500,53800,809110,30.82
2020-04-21,53400,53500,51700,52600,1029388,30.84
2020-04-22,52000,52400,51300,52400,727548,30.79
2020-04-23,52700,53500,52500,53300,702412,30.84
2020-04-24,52800,53200,52300,52600,529035,30.83
2020-04-27,52800,53800,52700,53400,561740,30.84
2020-04-28,53800,54500,53100,53600,712240,30.9
2020-04-29,53900,55100,53600,54900,1017067,30.98
2020-05-04,54000,55800,53400,55200,1119161,31.17
2020-05-06,56300,56400,55200,55500,805783,31.03
2020-05-07,55100,55100,54100,54700,754248,30.93
2020-05-08,55000,55500,54900,55200,632501,31.02
2020-05-11,55400,55700,54300,54500,536547,31.03
2020-05-12,54600,55400,54000,54500,707739,31.16
2020-05-13,53800,55000,53600,55000,577061,31.12
2020-05-14,54500,54900,53900,54200,593689,31.1
2020-05-15,54200,54500,53400,54400,504474,31.12
2020-05-18,54800,56400,54400,56400,1005066,31.25
2020-05-19,57800,58600,57200,58200,1138915,31.32
2020-05-20,57700,58000,57100,58000,552137,31.31
2020-05-21,58000,58300,57000,57200,709139,31.24
2020-05-22,57200,57300,55900,56300,518452,31.25
2020-05-25,56600,56600,55400,56100,478311,31.21
2020-05-26,56300,57800,56200,57100,674912,31.22
2020-05-27,57500,60000,57400,59500,1707086,31.42
2020-05-28,59700,59800,57400,58500,1094166,31.34
2020-05-29,57900,59300,57500,59300,900113,31.42
2020-06-01,59000,59500,58500,59200,550906,31.39
2020-06-02,59200,61000,59200,60000,846026,31.44
2020-06-03,60500,62400,60500,62100,1433963,31.53
2020-06-04,62800,63100,61200,62200,934862,31.55
2020-06-05,62200,63000,61700,63000,860924,31.59
2020-06-08,64500,64500,63000,64000,975466,31.6
2020-06-09,64800,67100,64500,66600,1897513,31.64
2020-06-10,67400,70400,66600,70100,2744224,31.73
2020-06-11,69500,70800,67500,69000,1942350,31.59
2020-06-12,65300,68900,65200,67800,1689624,31.57
2020-06-15,67000,67100,62800,62900,1545344,31.52
2020-06-16,65100,66100,64400,65200,1220699,31.45
2020-06-17,64700,68300,64600,68200,1576915,31.48
2020-06-18,68000,69200,66900,67800,946224,31.47
2020-06-19,68500,68800,65900,68800,861053,31.48
2020-06-22,67900,68500,67300,67500,632910,31.48
2020-06-23,68100,68100,65000,66600,849668,31.46
2020-06-24,66400,68000,66200,67000,622511,31.48
2020-06-25,65600,66000,64600,64700,798688,31.54
2020-06-26,65500,65500,64500,64700,528872,31.56
2020-06-29,63800,64000,62500,63500,756841,31.59
2020-06-30,64000,64500,63200,63200,648411,31.56
2020-07-01,64000,65400,63600,64400,564319,31.43
2020-07-02,64500,65200,64000,64600,451291,31.44
2020-07-03,65000,65400,64100,65000,494161,31.36
2020-07-06,65500,68800,65000,68100,1461414,31.44
2020-07-07,69400,69500,64600,65500,1720050,31.48
2020-07-08,66200,67900,65600,66400,1111546,31.49
2020-07-09,67500,68400,67100,67700,984866,31.61
2020-07-10,68100,68600,66500,68200,781290,31.7
2020-07-13,69200,69400,68200,68500,569857,31.75
2020-07-14,68700,71200,68600,70800,1780194,31.94
2020-07-15,71700,75000,71600,74900,2504840,32.39
2020-07-16,75100,76000,73000,74500,1184023,32.47
2020-07-17,75100,76700,74200,75700,1266762,32.52
2020-07-20,75600,76200,74500,76000,901831,32.66
2020-07-21,76200,76300,74600,74900,912127,32.76
2020-07-22,75000,76300,74500,75000,801570,32.92
2020-07-23,74800,74800,73100,74100,759138,33.02
2020-07-24,73400,75200,73000,74100,698830,33.11
2020-07-27,73700,75300,73300,73600,568984,33.11
2020-07-28,74000,74200,72100,72500,975596,33.16
2020-07-29,72500,73400,71700,72000,804210,33.34
2020-07-30,72700,73500,71800,72100,735701,33.28
2020-07-31,72200,72500,70600,70700,851076,33.27
2020-08-03,71300,74500,71000,74000,1183563,33.42
2020-08-04,74900,78100,74000,77900,1738014,33.61
2020-08-05,78900,78900,76500,78300,1197933,33.75
2020-08-06,78300,78900,76900,77200,899941,33.75
2020-08-07,77800,78300,76300,77200,759800,33.81
2020-08-10,77100,86200,76500,85700,3706582,34.02
2020-08-11,86300,86300,83000,83000,1684857,33.96
2020-08-12,82900,88900,81300,87300,2704977,34.08
2020-08-13,87700,90300,85000,87000,1950559,34.14
2020-08-14,87400,90000,85900,88700,1669303,34.26
2020-08-18,88300,89200,82500,84000,1462971,34.3
2020-08-19,84000,88000,83600,85000,1316003,34.3
2020-08-20,84700,87300,84000,84900,1424255,34.35
2020-08-21,86800,91000,86700,90300,2978055,34.55
2020-08-24,90000,91600,89100,90600,1265081,34.48
2020-08-25,90500,92400,89600,90300,1161120,34.5
2020-08-26,90200,90200,86800,87900,1571474,34.5
2020-08-27,87700,88700,85500,86200,1330067,34.68
2020-08-28,87100,87900,85200,85900,954228,34.69
2020-08-31,86100,87300,84200,84200,1388783,34.49
2020-09-01,85100,87900,84700,87700,1133236,34.45
2020-09-02,89300,89700,85300,86500,1170481,34.32
2020-09-03,86500,87300,85600,85700,764553,34.32
2020-09-04,83000,84600,83000,84000,974597,34.39
2020-09-07,83700,85300,82900,83800,629528,34.42
2020-09-08,84300,87200,83100,85800,1367597,34.31
2020-09-09,87200,92000,84600,90200,3555936,34.67
2020-09-10,91100,95000,90500,93200,2880767,34.68
2020-09-11,93200,93900,89700,92400,1507008,34.49
2020-09-14,93500,94900,91300,92100,1226790,34.46
2020-09-15,92000,93100,90700,91800,952767,34.44
2020-09-16,91200,93300,90300,90600,815205,34.44
2020-09-17,91000,91200,88900,90600,870174,34.42
2020-09-18,90700,90900,88700,89900,931059,34.36
2020-09-21,90100,92500,89400,90900,1050515,34.43
2020-09-22,90400,91400,88000,88900,1054942,34.44
2020-09-23,89500,91500,88000,91200,1121711,34.56
2020-09-24,89600,91500,89500,89500,1150871,34.49
2020-09-25,91000,93700,90200,92900,1625943,34.61
2020-09-28,93800,94500,91500,91700,905918,34.61
2020-09-29,92700,93400,91500,91700,808542,34.68
2020-10-05,91000,93500,90900,92100,1007727,34.77
2020-10-06,93500,98500,93200,94400,2733167,35.04
2020-10-07,94400,96300,92800,96100,1263545,35.13
2020-10-08,97000,98900,92700,93300,2181852,35.14
2020-10-12,93600,93800,91000,91900,1139080,35.1
2020-10-13,92500,93800,91300,91700,1015570,35.16
2020-10-14,92700,92800,90600,91400,847948,35.18
2020-10-15,91500,92400,91100,91400,678538,35.26
2020-10-16,91600,92200,89200,89900,749853,35.28
2020-10-19,90500,90600,88700,89100,487840,35.28
2020-10-20,87600,90700,87600,90700,498432,35.33
2020-10-21,91400,91400,89800,90400,502901,35.39
2020-10-22,90300,90300,87500,88400,598631,35.34
2020-10-23,89000,89700,88600,89600,453141,35.44
2020-10-26,89400,89800,88600,89100,397433,35.53
2020-10-27,88800,90600,88600,89400,523862,35.61
2020-10-28,88900,90200,88800,90000,375683,35.67
2020-10-29,88900,89200,86800,87200,786668,35.54
2020-10-30,87300,87400,83400,84000,981485,35.54
2020-11-02,85300,86300,84400,85500,510392,35.6
2020-11-03,85800,87100,85700,86300,409909,35.6
2020-11-04,88100,88100,86000,86100,602908,35.6
2020-11-05,86600,87100,85900,86500,754241,35.59
2020-11-06,86700,87200,86100,87100,707090,35.67
2020-11-09,87900,88300,87100,87300,586050,35.68
2020-11-10,87800,87800,85500,85900,898189,35.72
2020-11-11,86000,87200,85800,86800,960361,35.7
2020-11-12,87100,87200,85700,86100,781666,35.74
2020-11-13,85900,86400,85200,85600,592333,35.71
2020-11-16,86500,87500,86300,86500,807027,35.79
2020-11-17,86600,87100,84800,85000,1066813,35.78
2020-11-18,85400,89500,85100,88800,2116015,35.81
2020-11-19,90300,90700,88500,89100,1219430,35.84
2020-11-20,89700,90200,87800,88700,588066,35.86
2020-11-23,89100,89900,87700,89200,746317,35.89
2020-11-24,89400,89500,88000,88600,871390,35.84
2020-11-25,89100,89500,86600,87500,1022025,35.81
2020-11-26,87500,88300,86300,87000,741023,35.79
2020-11-27,87000,88000,86800,87800,750504,35.85
2020-11-30,87800,87900,85500,85500,1428395,35.59
2020-12-01,86100,86500,85500,86000,693134,35.52
2020-12-02,86300,86300,85500,85900,818536,35.5
2020-12-03,86800,90300,86600,90300,2391369,35.75
2020-12-04,90000,91500,89100,90500,1763876,35.75
2020-12-07,92000,92200,89000,89200,1278901,35.71
2020-12-08,91000,96500,90900,95000,4702429,36.17
2020-12-09,96800,98000,95000,96200,2114941,36.11
2020-12-10,95100,95800,93800,95400,1691356,36.15
2020-12-11,96100,97100,94900,95800,1013826,36.15
2020-12-14,95400,95700,94000,95000,1013069,36.15
2020-12-15,94500,94900,93000,93400,1094196,36.12
2020-12-16,94200,97500,94200,97300,1785477,36.35
2020-12-17,97000,97800,96000,96900,1038351,36.36
2020-12-18,97300,97400,95700,95800,835663,36.33
2020-12-21,95800,95900,93600,94900,946927,36.32
2020-12-22,94600,94700,91800,92200,943385,36.26
2020-12-23,92700,119500,91100,119500,16565841,36.4
2020-12-24,125000,128500,110500,112000,11918248,36.26
2020-12-28,114500,136500,113000,124500,21982050,36.24
2020-12-29,127500,134500,125000,131500,7476122,36.12
2020-12-30,128000,136000,128000,135000,1533422,36.12
2021-01-04,136500,144000,136500,142000,1868234,36.05
2021-01-05,139000,140000,137000,140000,1602818,35.88
2021-01-06,148500,150500,137000,137500,5283488,35.48
2021-01-07,139500,155000,137000,150000,9782722,35.4
2021-01-08,145000,151000,140500,147500,9472733,34.39
2021-01-11,148500,152000,138000,142000,6584433,34.2
2021-01-12,140500,147500,135000,138500,4585235,34.24
2021-01-13,141000,143500,137000,140000,2589622,34.32
2021-01-14,138500,150500,138500,147000,5618859,34.44
2021-01-15,145500,146000,139500,140000,3051738,34.27
2021-01-18,141500,145000,138500,139000,2469549,34.25
2021-01-19,140000,149500,139000,148000,4114713,34.51
2021-01-20,148500,167000,146500,167000,10340439,34.46
2021-01-21,168500,192500,163500,185000,16304954,34.48
2021-01-22,183000,193000,177500,177500,7015098,34.15
2021-01-25,177500,181000,174500,178000,2710809,33.95
2021-01-26,179000,181500,169000,170000,3706727,33.75
2021-01-27,170000,175500,166500,167000,3244402,33.81
2021-01-28,163500,167000,161500,164500,2465978,33.78
2021-01-29,166500,166500,150500,153000,5396272,33.4
2021-02-01,153500,159000,150000,158000,3617362,33.24
2021-02-02,160000,164000,156000,158000,2620315,33.06
2021-02-03,160500,166000,159000,165000,3179393,32.89
2021-02-04,163000,163000,156000,157500,2660265,32.55
2021-02-05,159000,160500,154500,158000,1914947,32.53
2021-02-08,158000,163500,157000,157000,1895740,32.35
2021-02-09,158500,168000,157000,161000,3866170,32.4
2021-02-10,163500,168500,161000,167500,3256875,32.44
2021-02-15,170500,171000,165000,165000,2113807,32.24
2021-02-16,167000,174000,166000,172500,3199701,32.23
2021-02-17,172000,177000,169000,176000,2965260,32.18
2021-02-18,175000,176500,168500,171000,2499314,32.07
2021-02-19,170500,172500,164000,168000,2236161,31.97
2021-02-22,172500,174500,164500,166000,2511075,31.93
2021-02-23,161000,162000,157000,157500,2897046,31.78
2021-02-24,157500,159000,149000,150000,3061646,31.93
2021-02-25,153500,154500,151000,154000,1755139,31.98
2021-02-26,148000,150500,146000,146500,2453529,31.85
2021-03-02,150500,152500,147000,149000,1552321,31.88
2021-03-03,149000,152000,148000,150500,1033609,31.76
2021-03-04,148000,148500,145000,146000,1342531,31.62
2021-03-05,142500,149500,142000,148500,1479199,31.61
2021-03-08,149500,150000,142000,143000,1165677,31.48
2021-03-09,143500,146000,142000,144500,1530784,31.38
2021-03-10,148500,149000,142000,142500,1143711,31.34
2021-03-11,143500,149000,143500,147500,1651447,31.43
2021-03-12,149500,154500,149500,152500,1567260,31.36
2021-03-15,152500,153500,150500,151500,819248,31.29
2021-03-16,153500,159500,153000,158000,1996472,31.35
2021-03-17,158000,161000,155000,158000,1543163,31.19
2021-03-18,160500,161000,155500,155500,1400789,31.03
2021-03-19,151500,154000,151500,153000,1195480,31.06
2021-03-22,154000,157000,152500,155000,962272,31.09
2021-03-23,155000,155500,145500,145500,2053555,30.91
2021-03-24,143500,147000,143500,146500,1127948,30.98
2021-03-25,146000,150500,145000,148000,1138392,30.99
2021-03-26,147000,147000,140500,143000,1993831,30.93
2021-03-29,143000,143500,140000,140500,1212152,31.0
2021-03-30,144000,153000,143500,152000,3244882,31.0
2021-03-31,154000,156000,149500,150000,2039038,30.87
2021-04-01,154500,160500,150500,159000,3574578,31.07
2021-04-02,159500,160000,155000,158500,1761019,30.93
2021-04-05,163000,165000,153000,154500,3827492,30.87
2021-04-06,158000,162500,156500,160000,3084796,31.01
2021-04-07,160000,163500,158000,158500,2655588,30.94
2021-04-08,160000,160500,156000,156500,1735278,30.84
2021-04-09,157500,162500,157000,158500,1764047,30.89
2021-04-12,159000,161000,156000,156500,1005281,30.87
2021-04-13,156500,158500,155000,157500,1114768,30.84
2021-04-14,163500,165000,159000,161500,2454760,30.95
2021-04-15,162000,172000,161000,172000,5009228,31.5
2021-04-16,173000,173500,166500,168500,2328661,31.28
2021-04-19,170500,174500,169000,171000,2281804,31.35
2021-04-20,170500,172000,168500,172000,1209405,31.29
2021-04-21,170000,170000,165500,166000,2042543,31.17
2021-04-22,167500,168500,163000,163500,1321558,31.1
2021-04-23,161500,166500,160000,163500,1125379,31.14
2021-04-26,165000,170000,163500,169500,1892283,31.18
2021-04-27,170000,170500,166500,167000,1027920,31.15
2021-04-28,167500,168500,163000,164000,1095517,31.1
2021-04-29,165000,165500,160000,162000,1192074,31.05
2021-04-30,164000,165500,157000,157500,1601686,31.08
2021-05-03,156500,158500,153000,155000,1410927,31.18
2021-05-04,155000,156500,152500,154500,1063073,31.11
2021-05-06,154000,154500,149500,151500,1825692,30.91
2021-05-07,152500,155000,152000,153000,949811,30.77
2021-05-10,154500,155000,153000,153500,1183390,30.58
2021-05-11,151500,152500,148500,149000,1632384,30.53
2021-05-12,148500,150000,145000,147000,1308616,30.49
2021-05-13,144500,150000,144000,148000,1541542,30.45
2021-05-14,149000,150000,146500,148500,634322,30.41
2021-05-17,151000,151000,146000,147500,553776,30.4
2021-05-18,148000,150500,147000,150000,551940,30.4
2021-05-20,150000,151500,148000,149500,589695,30.37
2021-05-21,151500,152000,149500,149500,686324,30.35
2021-05-24,149500,150500,147500,149500,537981,30.38
2021-05-25,151500,154000,150500,153500,894261,30.39
2021-05-26,153500,155000,151000,152000,698912,30.41
2021-05-27,152000,153500,148000,149500,1163137,30.38
2021-05-28,150500,153000,149500,151500,612753,30.44
2021-05-31,153000,154500,151000,152000,530955,30.5
2021-06-01,151500,153000,150000,151500,656695,30.48
2021-06-02,152000,153000,151000,151500,448035,30.54
2021-06-03,152000,156000,152000,154500,1156086,30.59
2021-06-04,153500,154500,152000,153500,558204,30.6
2021-06-07,155000,158000,154000,155000,988186,30.57
2021-06-08,155000,156000,152500,152500,633240,30.49
2021-06-09,153000,153500,150500,150500,561497,30.48
2021-06-10,151000,152000,149000,150000,954307,30.52
2021-06-11,151000,153000,150500,151500,413298,30.52
2021-06-14,152000,158500,151500,157500,1741300,30.8
2021-06-15,159000,160500,156500,158500,1021245,30.78
2021-06-16,157500,159000,156500,157500,674520,30.75
2021-06-17,156000,156500,153000,154500,1115514,30.67
2021-06-18,155000,158000,154500,157000,978143,30.76
2021-06-21,155000,163500,154500,160500,1975315,30.99
2021-06-22,163000,164500,159000,159000,1111298,31.02
2021-06-23,159500,162000,155500,157500,1185360,30.91
2021-06-24,158500,164500,156500,164000,2156462,31.24
2021-06-25,165500,167000,162000,163500,1132098,31.1
2021-06-28,165000,166000,160500,163500,946236,31.17
2021-06-29,164500,165000,160000,161000,903807,31.11
2021-06-30,162500,166000,162000,163500,1118470,31.22
2021-07-01,164000,164500,160500,162000,779316,31.2
2021-07-02,163500,166500,163000,163500,873575,31.31
2021-07-05,164500,167000,163500,167000,1045443,31.39
2021-07-06,168500,172000,166500,170000,1902339,31.48
2021-07-07,171000,171000,163500,165000,2371947,31.3
2021-07-08,165500,165500,160000,160000,1861927,31.15
2021-07-09,158000,161500,157000,159000,1408620,31.16
2021-07-12,160500,161000,158000,158500,781657,31.09
2021-07-13,158000,163500,157500,163500,1105815,31.04
2021-07-14,162000,162000,159000,161000,689838,31.0
2021-07-15,161000,162000,159500,161000,648066,31.05
2021-07-16,159500,161500,159500,160500,523298,31.09
2021-07-19,159000,159000,157000,157500,598680,31.04
2021-07-20,156500,163500,156000,162500,1343210,31.42
2021-07-21,163000,164500,161500,163000,829143,31.62
2021-07-22,163500,164500,162000,164000,806953,31.64
2021-07-23,164500,167500,164000,166500,1191816,31.88
2021-07-26,167500,168000,163000,163000,849316,31.85
2021-07-27,164500,164500,162000,163000,428806,31.87
2021-07-28,162500,165500,161000,164000,676883,31.87
2021-07-29,165500,167000,164000,166500,770794,31.96
2021-07-30,165000,165500,157500,157500,2178044,31.76
2021-08-02,157500,158500,155000,156500,809541,31.68
2021-08-03,157000,158000,155500,156500,716492,31.7
2021-08-04,158000,160500,157000,160000,691765,31.78
2021-08-05,159500,160000,158000,158000,560669,31.77
2021-08-06,158500,159000,156500,157000,413308,31.78
2021-08-09,157500,162000,157000,161000,1152308,31.91
2021-08-10,162000,162000,157000,157500,859174,31.8
2021-08-11,157500,158500,155500,156000,536980,31.77
2021-08-12,156000,157500,153000,153000,981866,31.75
2021-08-13,153500,154000,148000,150500,916837,31.75
2021-08-17,150500,153500,150000,151000,779899,31.84
2021-08-18,150500,154000,150000,153500,652995,31.9
2021-08-19,151500,153000,148000,148000,737444,31.85
2021-08-20,148500,150500,146000,146500,802093,31.86
2021-08-23,145500,146000,138000,140500,1780072,31.8
2021-08-24,141000,144500,138500,142000,1375732,31.67
2021-08-25,142500,144500,139500,142000,806947,31.54
2021-08-26,142000,145000,140500,141500,806681,31.48
2021-08-27,141000,141000,139000,140500,593281,31.37
2021-08-30,141500,142000,139000,139500,740133,31.29
2021-08-31,139500,142000,138000,142000,1035617,31.34
2021-09-01,143000,143000,140000,141000,758432,31.23
2021-09-02,140500,141000,139000,139500,667898,31.18
2021-09-03,142000,154500,140500,153500,4043334,31.26
2021-09-06,151000,151500,146500,148000,1611682,31.1
2021-09-07,149000,150500,147500,147500,757429,30.96
2021-09-08,146500,147000,143000,144000,1296091,30.91
2021-09-09,144000,145500,141500,141500,955728,30.92
2021-09-10,143000,151000,143000,146500,1851877,30.9
2021-09-13,144000,144500,141500,143000,808784,30.84
2021-09-14,143500,145000,142500,142500,573492,30.81
2021-09-15,143500,143500,140500,142000,763228,30.75
2021-09-16,142500,143500,140000,141000,639525,30.73
2021-09-17,140500,141000,139000,139500,799115,30.52
2021-09-23,138500,141000,136500,140500,1090853,30.54
2021-09-24,142000,142500,139000,139500,865310,30.52
2021-09-27,139000,139500,138000,138500,526452,30.46
2021-09-28,138000,138500,132500,132500,1667863,30.33
2021-09-29,129000,131000,128000,129500,1435656,30.34
2021-09-30,128500,129000,125000,127500,1505941,30.28
2021-10-01,125500,127500,124500,125500,1099392,30.37
2021-10-05,123000,125500,121000,123500,1158497,30.42
2021-10-06,125500,126000,119000,120000,1599552,30.28
2021-10-07,121000,125000,120000,124000,907601,30.33
2021-10-08,125000,125500,119000,120000,1407749,30.33
2021-10-12,121000,125500,119000,124000,1793542,30.47
2021-10-13,122500,123000,119500,122000,943291,30.35
2021-10-14,123500,125500,122500,123500,950533,30.32
2021-10-15,125000,127000,125000,126500,743492,30.35
2021-10-18,127500,127500,123500,123500,716291,30.35
2021-10-19,124500,127000,123500,126500,600501,30.42
2021-10-20,126500,127500,125000,125000,579159,30.44
2021-10-21,126000,127500,125000,125500,571147,30.47
2021-10-22,125000,126000,123000,125000,360096,30.47
2021-10-25,123500,126000,122500,124500,554539,30.46
2021-10-26,125000,126000,124500,125500,706443,30.45
2021-10-27,125500,126000,121500,122000,912547,30.28
2021-10-28,122000,124000,121000,122000,842870,30.29
2021-10-29,124000,129000,119500,120500,2301006,29.98
2021-11-01,121000,122000,119500,120500,761704,29.94
2021-11-02,121000,124500,120500,123000,915388,30.05
2021-11-03,123500,124000,121000,122000,503633,30.08
2021-11-04,124000,126000,122000,122500,769589,30.05
2021-11-05,123500,124500,121500,123000,470484,30.09
2021-11-08,123000,123500,120500,122500,478858,30.08
2021-11-09,123000,125000,122000,123000,497844,30.07
2021-11-10,122000,123000,119000,119500,707984,29.98
2021-11-11,119000,119500,115500,117500,1137785,29.93
2021-11-12,118000,122000,118000,122000,734937,30.12
2021-11-15,122500,125000,122500,124500,521720,30.18
2021-11-16,124500,125500,123000,124000,565313,30.18
2021-11-17,124500,125000,122000,123000,524897,30.24
2021-11-18,123500,124000,122000,122500,480336,30.26
2021-11-19,128000,137500,127500,133500,4928339,30.18
2021-11-22,133500,136000,131500,134000,1670033,30.12
2021-11-23,132500,133000,127000,128000,1329955,30.07
2021-11-24,127000,130000,126000,128500,988988,30.1
2021-11-25,128500,129000,125000,125500,675145,30.03
2021-11-26,125500,126500,121500,122000,872482,29.96
2021-11-29,118000,122000,118000,119500,933062,29.99
2021-11-30,120500,122000,115000,115500,1809765,30.09
2021-12-01,116500,120000,115500,120000,851165,30.14
2021-12-02,118000,122000,118000,122000,725845,30.14
2021-12-03,122000,123000,119000,122000,780951,30.11
2021-12-06,121500,125000,120500,124000,819472,30.14
2021-12-07,124000,126000,121500,125500,720765,30.15
2021-12-08,127500,128000,122500,123500,1043122,29.97
2021-12-09,122500,125000,122000,123000,1151051,30.01
2021-12-10,122000,126000,121500,126000,671405,30.04
2021-12-13,129500,135500,129000,134000,2612253,30.1
2021-12-14,132500,133500,128000,128500,1506380,29.87
2021-12-15,128500,130500,127000,129500,855372,29.77
2021-12-16,131500,132500,129000,130000,705254,29.64
2021-12-17,128000,131500,127500,129500,944383,29.52
2021-12-20,128500,129000,125500,125500,864094,29.5
2021-12-21,127000,131000,126500,130500,993693,29.52
2021-12-22,132000,132500,129000,129500,703187,29.22
2021-12-23,130500,139000,128500,137000,2564334,29.24
2021-12-24,137000,138000,134000,136500,1170212,29.09
2021-12-27,136500,140000,135500,138000,958151,29.01
2021-12-28,139000,139500,137000,138000,1186045,29.01
2021-12-29,138500,141500,138000,140500,1104635,28.91
2021-12-30,140000,140500,138000,138000,703821,28.83
2022-01-03,139500,140500,138000,139500,534878,28.91
2022-01-04,143000,145000,140000,142000,1419997,28.92
2022-01-05,142000,142000,137500,138500,965541,28.91
2022-01-06,136000,139000,134500,135000,1038777,28.96
2022-01-07,136500,138000,135000,137500,808243,28.97
2022-01-10,135500,136000,129000,130000,1784965,28.83
2022-01-11,129500,131500,127500,130500,985952,28.88
2022-01-12,131500,138500,131000,137000,1757579,28.96
2022-01-13,139000,150000,139000,145500,5019347,29.22
2022-01-14,145500,150500,143500,146000,2850564,29.19
2022-01-17,145000,145500,139500,140500,1727769,29.2
2022-01-18,140500,142000,137500,138000,1340867,29.16
2022-01-19,136000,139500,135500,137000,1329933,29.13
2022-01-20,137500,140000,136000,140000,1103779,29.19
2022-01-21,137500,138000,131000,133500,1954318,29.0
2022-01-24,132000,136000,130000,134000,1502530,28.94
2022-01-25,134500,135500,130000,131000,1448593,28.9
2022-01-26,131500,132500,128500,129000,988127,28.82
2022-01-27,129500,130500,122500,124000,1588541,28.86
2022-01-28,125000,127500,124000,127500,1048524,28.76
2022-02-03,130000,130500,126000,126000,1236485,28.62
2022-02-04,126000,128000,125000,128000,715127,28.61
2022-02-07,127500,127500,124000,125000,907137,28.62
2022-02-08,125000,126500,123500,124000,635927,28.59
2022-02-09,126000,129000,125500,129000,1151000,28.56
2022-02-10,131000,131500,126000,128500,1304496,28.61
2022-02-11,126500,128500,126000,126500,640135,28.59
2022-02-14,124000,126000,121500,123000,982772,28.63
2022-02-15,123500,124500,120500,122000,828330,28.6
2022-02-16,124500,125000,122500,123000,679538,28.49
2022-02-17,123000,126000,122500,124000,1006830,28.49
2022-02-18,122000,124000,121000,123500,684818,28.48
2022-02-21,120500,124500,120000,124500,680962,28.51
2022-02-22,121500,123000,121000,121500,699128,28.44
2022-02-23,123000,127000,122000,125500,1198273,28.43
2022-02-24,124500,127500,123000,124000,1218895,28.48
2022-02-25,126000,126500,123000,124000,714011,28.41
2022-02-28,123500,123500,121000,123500,851199,28.46
2022-03-02,123000,125000,122000,123500,678583,28.52
2022-03-03,125000,128000,124500,127500,799782,28.57
2022-03-04,126500,127000,123000,123500,695378,28.45
2022-03-07,121500,122000,119000,120500,957534,28.34
2022-03-08,118000,120000,117000,118000,866699,28.28
2022-03-10,121000,121500,119000,120500,878951,28.17
2022-03-11,120000,122500,119500,122000,648403,28.31
2022-03-14,121500,124000,121000,122000,842386,28.37
2022-03-15,121500,124500,121000,123000,754807,28.38
2022-03-16,124500,125000,121500,125000,805188,28.46
2022-03-17,126000,127000,125000,126000,1038478,28.53
2022-03-18,126500,126500,123500,123500,959017,28.4
2022-03-21,124000,124500,122000,123000,578097,28.39
2022-03-22,122500,124500,122000,124000,628292,28.44
2022-03-23,124500,125000,122500,123000,755327,28.39
2022-03-24,122000,122500,120000,121000,742512,28.3
2022-03-25,122000,122500,119500,120500,629103,28.24
2022-03-28,120000,121000,119000,120000,477494,28.24
2022-03-29,121500,121500,119500,120000,601558,28.18
2022-03-30,121000,123000,120500,121000,750649,28.15
2022-03-31,120500,121500,120000,120500,687529,28.11
2022-04-01,119500,120000,117000,117500,1358388,27.92
2022-04-04,117500,118000,116000,117000,714473,27.91
2022-04-05,118500,119000,117000,117500,635707,27.88
2022-04-06,116500,117500,114000,114000,1301974,27.75
2022-04-07,113000,116500,112500,114500,1626623,27.6
2022-04-08,116500,123000,116000,122000,3064268,27.77
2022-04-11,124500,126500,123000,125000,2333625,27.92
2022-04-12,123000,125500,121500,122500,1383096,27.95
2022-04-13,123500,127000,123500,127000,1618670,28.0
2022-04-14,128000,129000,125500,126000,1540317,27.99
2022-04-15,125500,128500,124500,126500,1101269,28.0
2022-04-18,125000,126000,123500,124500,627153,27.98
2022-04-19,125500,128000,124000,124500,710036,27.94
2022-04-20,125000,125000,122000,123500,930835,27.83
2022-04-21,124000,126000,123500,125000,685827,27.85
2022-04-22,123000,124000,122000,123000,576346,27.84
2022-04-25,120500,121500,119000,119000,979122,27.9
2022-04-26,120000,122000,119500,121500,700343,27.89
2022-04-27,118000,120500,118000,119500,595523,27.87
2022-04-28,120500,120500,119000,120500,594286,27.83
2022-04-29,120000,120500,115500,116500,1980893,27.66
2022-05-02,115000,116500,114500,116500,513571,27.7
2022-05-03,117000,117500,115500,115500,618090,27.66
2022-05-04,116000,117000,115000,115500,532967,27.67
2022-05-06,114000,116000,114000,115000,471521,27.7
2022-05-09,115000,115500,112500,113000,717315,27.65
2022-05-10,111000,112500,109500,111500,809529,27.61
2022-05-11,111000,111500,108000,109000,1267614,27.39
2022-05-12,108000,109500,105500,106000,1191168,27.41
2022-05-13,106500,108500,106500,107500,705097,27.42
2022-05-16,109000,109500,107000,107500,458454,27.41
2022-05-17,107500,108500,106000,107500,846435,27.26
2022-05-18,108500,109500,106500,107000,838409,27.23
2022-05-19,104000,104500,101000,101500,1986525,26.96
2022-05-20,102000,105500,101000,104500,1205007,27.06
2022-05-23,105000,106500,103500,105000,688569,27.02
2022-05-24,105000,105000,102000,102500,722885,27.0
2022-05-25,103000,103500,101500,102500,504358,26.96
2022-05-26,103000,104000,101000,102000,677212,26.91
2022-05-27,104000,105000,102500,103500,668914,26.94
2022-05-30,105000,106000,104500,106000,623975,26.99
2022-05-31,106000,106500,104500,105000,1819056,26.95
2022-06-02,104000,104000,102000,104000,660479,26.98
2022-06-03,105000,105500,103500,104000,610654,26.91
2022-06-07,103500,103500,101500,101500,664509,26.99
2022-06-08,102000,103000,101500,102000,568572,26.87
2022-06-09,102000,102500,101000,102500,929702,26.91
2022-06-10,101000,102000,100000,100500,595867,26.87
2022-06-13,98500,98900,95100,95100,1400191,26.8
2022-06-14,92800,96300,92700,95300,1012058,26.87
2022-06-15,94500,95500,92500,93200,829525,26.89
2022-06-16,94700,97600,93800,94400,860556,27.0
2022-06-17,92800,93700,92000,93200,827209,26.98
2022-06-20,93400,93500,89300,90200,919626,27.01
2022-06-21,90300,91400,90000,91000,516032,27.07
2022-06-22,91400,91500,87100,87200,1196070,27.02
2022-06-23,86800,89800,85600,88300,1418259,27.1
2022-06-24,88300,90000,88300,89000,877028,27.06
2022-06-27,90200,91000,89000,89700,842826,27.02
2022-06-28,89100,90100,87800,89000,727402,26.91
2022-06-29,88000,91800,87400,90700,873866,26.93
2022-06-30,90900,90900,88300,88300,790624,26.99
2022-07-01,89000,92900,88800,89900,1390290,27.04
2022-07-04,90800,91000,88600,90200,701722,27.01
2022-07-05,91000,96000,90700,95500,1348997,27.13
2022-07-06,94700,95100,92800,93100,1023511,27.13
2022-07-07,94000,96400,93500,95900,1090036,27.1
2022-07-08,96300,98300,91800,92000,1494419,26.93
2022-07-11,91500,92700,91000,91300,710884,26.91
2022-07-12,90700,90900,89100,90400,654534,26.93
2022-07-13,89900,92300,89900,91100,676772,26.9
2022-07-14,90600,91000,89500,90200,658582,26.91
2022-07-15,90900,91500,89100,90900,604053,26.86
2022-07-18,92500,94400,92000,92500,847838,26.82
2022-07-19,91700,93000,91400,92900,410666,26.82
2022-07-20,95200,95300,93300,94100,643294,26.78
2022-07-21,94100,94400,93000,94200,444578,26.75
2022-07-22,93800,94700,93500,93500,363025,26.76
2022-07-25,93100,94700,93000,93900,351528,26.73
2022-07-26,93500,94700,93300,93600,417522,26.67
2022-07-27,93800,94500,93200,94300,330196,26.66
2022-07-28,95100,95500,93000,93600,666622,26.56
2022-07-29,94200,94800,93600,94400,674170,26.57
2022-08-01,94800,95300,93600,94400,485739,26.57
2022-08-02,94400,95000,93200,93500,474933,26.58
2022-08-03,93500,93900,93000,93800,374218,26.58
2022-08-04,94400,96900,94200,96000,1059583,26.59
2022-08-05,96400,96700,95400,95900,447686,26.55
2022-08-08,95800,95800,93600,94000,579176,26.46
2022-08-09,94000,94700,92800,94700,542364,26.44
2022-08-10,93900,94500,92700,92800,502234,26.4
2022-08-11,93900,101000,93400,101000,2683987,26.75
2022-08-12,100500,102500,99600,101000,1151625,26.72
2022-08-16,101500,103000,100000,102000,872610,26.66
2022-08-17,102500,105000,102000,103500,1537894,26.57
2022-08-18,102000,103500,100500,102000,768622,26.56
2022-08-19,101500,102500,100500,101000,571786,26.58
2022-08-22,99700,101500,99200,100000,664440,26.55
2022-08-23,99100,99700,98000,98200,588286,26.51
2022-08-24,98800,99000,97900,98100,557382,26.44
2022-08-25,98900,99700,98300,99100,541955,26.34
2022-08-26,99900,100500,99000,100500,549129,26.3
2022-08-29,96800,97500,95200,96200,852805,26.18
2022-08-30,96600,97800,95400,97500,514506,26.15
2022-08-31,96700,101000,96200,101000,712641,26.2
2022-09-01,99100,99600,97700,97700,683659,26.13
2022-09-02,98300,99900,97000,97300,464595,26.19
2022-09-05,97200,98300,96500,97200,330235,26.2
2022-09-06,97300,97500,96100,96800,354834,26.17
2022-09-07,96200,96400,93600,94400,654418,26.01
2022-09-08,95300,95400,93500,93800,598114,25.93
2022-09-13,95700,98200,95100,97900,703205,25.98
2022-09-14,93600,94600,93600,94000,721562,25.88
2022-09-15,94600,94600,92000,92000,672520,25.76
2022-09-16,91100,91200,90000,90600,769264,25.69
2022-09-19,90200,91700,90200,90400,455443,25.72
2022-09-20,91000,91400,89400,89700,540462,25.67
2022-09-21,90000,90100,87600,88000,669889,25.59
2022-09-22,86100,86500,84500,85300,927127,25.44
2022-09-23,85300,86600,84400,84900,725235,25.54
2022-09-26,83500,84400,81600,81800,981155,25.54
2022-09-27,81600,81800,80000,81300,960659,25.61
2022-09-28,80700,81800,78300,79300,1063245,25.58
2022-09-29,80500,80700,77900,78000,788884,25.56
2022-09-30,77200,79900,77200,78600,887235,25.59
2022-10-04,79800,81000,79800,80700,764137,25.65
2022-10-05,82200,82400,78600,79200,696257,25.64
2022-10-06,80000,81400,79400,80600,582507,25.69
2022-10-07,79800,82300,79700,81700,676353,25.75
2022-10-11,79800,79900,77700,78200,827730,25.67
2022-10-12,78400,80000,77800,79800,594177,25.75
2022-10-13,79600,80700,78100,78100,588068,25.84
2022-10-14,80000,81500,79700,80700,462737,25.86
2022-10-17,79700,81800,79300,81700,394098,25.87
2022-10-18,83100,83300,81300,82800,594072,25.93
2022-10-19,82000,82600,80400,80600,706403,25.77
2022-10-20,80300,81400,78800,81200,594436,25.81
2022-10-21,80700,81500,80100,80800,347557,25.82
2022-10-24,81700,82300,80400,80900,611218,25.91
2022-10-25,80900,81900,79700,80100,552564,25.9
2022-10-26,80100,80200,77300,77800,1247943,25.9
2022-10-27,78300,80700,78000,80200,920792,26.08
2022-10-28,79800,81200,79600,79900,641547,26.16
2022-10-31,82000,82000,80500,81600,713095,26.18
2022-11-01,81500,82900,80800,82600,611191,26.19
2022-11-02,81700,84000,81500,83700,740355,26.29
2022-11-03,81900,83700,81000,82800,643835,26.29
2022-11-04,82600,90000,82100,88600,2425215,26.35
2022-11-07,89200,91200,87400,90900,1584070,26.2
2022-11-08,90900,92600,90300,91300,994859,26.16
2022-11-09,91600,94100,91200,93200,933729,26.22
2022-11-10,92200,94000,91900,91900,803724,26.29
2022-11-11,95400,95400,93700,94500,891240,26.33
2022-11-14,94700,96900,94500,95600,888814,26.38
2022-11-15,96100,98800,95800,96600,736227,26.34
2022-11-16,96900,96900,94700,95600,589204,26.41
2022-11-17,95100,95800,92900,92900,523307,26.48
2022-11-18,93100,94600,91000,92000,864219,26.62
2022-11-21,92500,92500,89300,90100,659130,26.66
2022-11-22,90300,90700,89100,89500,392751,26.67
2022-11-23,90600,92100,90000,90200,454470,26.61
2022-11-24,90800,91500,90200,90500,302045,26.56
2022-11-25,91000,91000,89100,89700,309097,26.55
2022-11-28,91600,95200,90700,93200,1494873,26.47
2022-11-29,93400,94000,91300,93800,623921,26.45
2022-11-30,92900,98300,92600,97600,1734591,26.59
2022-12-01,98900,99000,96100,96200,656245,26.51
2022-12-02,96400,98500,95400,96600,809770,26.51
2022-12-05,97200,97700,95900,96800,462365,26.5
2022-12-06,95900,100500,95500,97200,1145457,26.5
2022-12-07,95000,95500,89500,90300,1994747,26.23
2022-12-08,89600,90700,88800,89800,922814,26.19
2022-12-09,90500,91200,89700,91000,599973,26.17
2022-12-12,89800,91300,89500,89800,431521,26.2
2022-12-13,90200,90300,87700,88100,588048,26.2
2022-12-14,88800,90100,88500,89900,471240,26.24
2022-12-15,89500,89600,88500,88700,244911,26.26
2022-12-16,87000,87900,85800,87200,625891,26.27
2022-12-19,87200,87800,86100,86900,432162,26.22
2022-12-20,86600,86700,85300,86100,340339,26.27
2022-12-21,86700,86800,85000,85900,255814,26.22
2022-12-22,86500,91700,86500,90300,1421236,26.41
2022-12-23,88500,92200,88200,90900,946249,26.22
2022-12-26,90900,91000,88700,88900,466302,26.17
2022-12-27,89500,90400,89100,89700,553886,26.17
2022-12-28,89200,90700,88600,89400,490113,26.14
2022-12-29,88500,89400,86500,86500,451139,26.13
2023-01-02,87200,87600,86300,86400,256377,26.16
2023-01-03,86400,87000,83500,85700,535289,26.36
2023-01-04,84900,89700,84500,89700,582484,26.51
2023-01-05,89700,90500,89000,89900,372671,26.56
2023-01-06,88700,91600,88700,90700,520258,26.59
2023-01-09,91600,95500,91600,95100,1246443,26.64
2023-01-10,94900,95300,93600,95100,583121,26.6
2023-01-11,95300,95800,93800,94800,454625,26.59
2023-01-12,95000,95500,93100,93700,487521,26.64
2023-01-13,94100,95300,93600,94200,500644,26.71
2023-01-16,94700,95800,92700,94400,458632,26.68
2023-01-17,94200,95200,93300,94700,511231,26.63
2023-01-18,94700,95600,94200,95200,458888,26.61
2023-01-19,94200,97100,94100,96300,601293,26.58
2023-01-20,96200,96700,95000,96300,391157,26.53
2023-01-25,97200,97800,96200,96600,403888,26.52
2023-01-26,96400,97900,95800,97900,496024,26.63
2023-01-27,98100,100000,97500,98100,813280,26.65
2023-01-30,100000,101200,98100,100400,1322757,26.52
2023-01-31,99900,103200,99200,100100,1140938,26.49
2023-02-01,100100,100100,98100,99100,738213,26.39
2023-02-02,100100,101500,99000,100900,727164,26.39
2023-02-03,101300,102100,100200,100800,493356,26.4
2023-02-06,100900,102900,100000,101600,663779,26.39
2023-02-07,101800,103000,101300,102000,568693,26.36
2023-02-08,102500,108800,102200,107600,1809917,26.58
2023-02-09,106600,108800,105000,108000,1189827,26.48
2023-02-10,108000,112200,106900,110600,1330878,26.44
2023-02-13,110000,110000,105500,107200,907871,26.37
2023-02-14,108700,114200,108700,113300,1957756,26.52
2023-02-15,113600,114200,112400,112800,1108858,26.55
2023-02-16,114000,116400,113200,114000,1080764,26.56
2023-02-17,112600,115500,112100,113900,735524,26.65
2023-02-20,114000,115100,112800,113300,730359,26.67
2023-02-21,113200,116100,112600,114000,735027,26.75
2023-02-22,113000,113800,111000,111100,692730,26.82
2023-02-23,112400,117000,112300,114700,1414208,26.9
2023-02-24,115000,115700,112400,113400,711338,26.78
2023-02-27,112800,114100,111400,112700,556263,26.8
2023-02-28,113400,113400,110500,111200,666842,26.76
2023-03-02,110600,112400,110600,111400,484235,26.81
2023-03-03,112500,113400,109500,110800,475873,26.8
2023-03-06,112000,115500,111100,114500,964347,26.8
2023-03-07,114400,115400,112200,114400,748490,26.73
2023-03-08,116200,120600,116200,117500,1731900,26.82
2023-03-09,119600,121400,116700,117000,1144788,26.72
2023-03-10,115400,118300,114600,115700,858971,26.71
2023-03-13,116000,118500,113600,117500,851620,26.75
2023-03-14,116700,117300,111200,111800,1114429,26.63
2023-03-15,114600,117800,113200,117400,1133693,26.79
2023-03-16,116000,119200,115800,117500,916862,26.8
2023-03-17,119000,119500,116900,117900,918172,26.87
2023-03-20,118200,118500,112900,113900,965943,26.83
2023-03-21,114500,114700,112400,113300,712657,26.93
2023-03-22,115500,116500,113600,114200,756170,27.04
2023-03-23,113700,114700,110300,111800,1324425,27.01
2023-03-24,111900,113500,111000,113000,893158,27.15
2023-03-27,113000,114500,111000,113500,778173,27.24
2023-03-28,113000,113100,109000,111800,1263322,27.14
2023-03-29,112900,114500,112700,113700,554609,27.27
2023-03-30,114500,115600,113100,113100,570965,27.32
2023-03-31,114100,115700,113800,115300,855187,27.44
2023-04-03,116000,116300,113200,113800,713112,27.45
2023-04-04,114300,117200,112800,115900,896834,27.52
2023-04-05,116700,119700,116100,116800,1010185,27.6
2023-04-06,117400,118100,113600,113900,891174,27.65
2023-04-07,115500,116100,113800,114300,921786,27.59
2023-04-10,115000,115900,112600,113000,1018183,27.63
2023-04-11,113500,114200,112100,112600,1095649,27.7
2023-04-12,112700,114900,112700,114600,1116912,27.92
2023-04-13,116000,117500,113500,115300,1275287,27.98
2023-04-14,116100,116900,114600,115200,795003,28.03
2023-04-17,115100,115100,111700,112200,1014716,27.97
2023-04-18,112300,113000,111000,111600,1014529,28.1
2023-04-19,112600,113500,111800,112900,747852,28.29
2023-04-20,112600,113300,109300,110600,877927,28.27
2023-04-21,110300,110600,106900,107800,1187692,28.42
2023-04-24,107200,108500,107200,107400,561213,28.48
2023-04-25,107700,109900,106300,108900,1051431,28.54
2023-04-26,109000,110100,108000,108400,603110,28.57
2023-04-27,108500,108900,106900,107700,522016,28.6
2023-04-28,109900,110500,108200,109300,808675,28.66
2023-05-02,109300,109800,108700,109500,443845,28.66
2023-05-03,109100,109400,107900,109300,371989,28.71
2023-05-04,109000,110000,108000,109200,436200,28.71
2023-05-08,110000,112600,109700,112300,821333,28.81
2023-05-09,113000,113600,111000,111900,562232,28.79
2023-05-10,111700,115400,111600,114900,1231852,29.11
2023-05-11,115500,116500,114100,116200,904911,29.25
2023-05-12,116100,116200,111800,111800,753751,29.13
2023-05-15,111400,112200,110100,111500,485601,29.16
2023-05-16,112200,112600,110300,110500,646552,29.16
2023-05-17,110200,112500,110200,111900,388321,29.21
2023-05-18,112700,113500,112100,113000,407261,29.25
2023-05-19,113600,114200,112700,113400,436895,29.27
2023-05-22,113100,115300,113000,113800,516511,29.24
2023-05-23,114400,115400,113600,114200,430549,29.26
2023-05-24,113500,113800,112700,113300,368199,29.31
2023-05-25,113200,113500,111500,112600,475713,29.32
2023-05-26,112300,113600,112000,112700,389620,29.36
2023-05-30,114500,124900,113700,124900,3759591,29.79
2023-05-31,125200,125500,122300,122800,1976166,29.74
2023-06-01,122300,124000,121200,123000,938784,29.72
2023-06-02,123900,124400,121500,123100,923145,29.67
2023-06-05,123800,128900,123600,127200,1917032,29.69
2023-06-07,128300,128700,125700,125700,872501,29.67
2023-06-08,126200,127300,125300,126700,919226,29.72
2023-06-09,127300,127500,125200,126200,670364,29.72
2023-06-12,127600,127800,125500,125600,482727,29.71
2023-06-13,126000,126300,123000,124400,873521,29.74
2023-06-14,124700,126700,124100,124700,786347,29.81
2023-06-15,124700,125500,122800,123600,634873,29.93
2023-06-16,124100,124500,122700,124500,632413,29.95
2023-06-19,125100,125800,124000,124900,592598,29.97
2023-06-20,124700,124800,122800,123700,393495,29.98
2023-06-21,123700,126700,123600,125000,830330,30.03
2023-06-22,125000,125800,123300,125400,429073,30.03
2023-06-23,125600,125600,122500,123300,442726,30.02
2023-06-26,123100,124300,122300,123500,390871,30.07
2023-06-27,123500,123500,121700,123000,392796,29.99
2023-06-28,123900,124900,122600,122800,430813,30.02
2023-06-29,123000,127900,122800,126000,951939,30.07
2023-06-30,127400,128100,124500,126700,747023,29.96
2023-07-03,128200,128200,125800,127100,579555,29.91
2023-07-04,128000,132400,127400,128200,1276606,29.88
2023-07-05,128700,129500,126700,128200,598268,29.89
2023-07-06,128100,128100,124700,125300,752592,29.87
2023-07-07,125200,125300,121300,123000,1017692,29.82
2023-07-10,123000,123900,117800,118300,1234262,29.68
2023-07-11,118900,119300,117000,118500,749754,29.56
2023-07-12,118200,120800,118200,120200,803261,29.58
2023-07-13,121500,123800,121400,121400,952933,29.6
2023-07-14,121600,125800,121200,125400,887354,29.69
2023-07-17,124700,124800,123100,123800,503904,29.66
2023-07-18,124900,125600,122400,123100,507638,29.63
2023-07-19,123900,125300,123400,123500,528890,29.71
2023-07-20,122700,124200,120700,121400,525660,29.7
2023-07-21,120500,121000,119300,120800,447735,29.76
2023-07-24,120800,120800,119000,120000,700303,29.81
2023-07-25,120400,120500,117900,119000,888147,29.83
2023-07-26,118400,119000,115000,116300,1191082,29.9
2023-07-27,117300,120000,116400,117500,848072,29.87
2023-07-28,118000,118000,109500,110600,2067990,29.54
2023-07-31,111100,111300,107800,108400,1536570,29.5
2023-08-01,108600,110400,108500,109200,999759,29.4
2023-08-02,107700,108400,105500,105800,1205051,29.29
2023-08-03,106000,106400,104500,104600,839099,29.28
2023-08-04,105200,105500,103500,103600,938988,29.19
2023-08-07,103500,104800,102200,103100,773844,29.16
2023-08-08,104100,104300,102300,102400,687995,29.19
2023-08-09,102900,104700,102100,104700,758819,29.22
2023-08-10,103500,103500,101600,101900,965050,29.11
2023-08-11,102500,105600,102300,103800,820040,29.19
2023-08-14,103400,103500,101200,101500,611893,29.13
2023-08-16,100500,100600,98900,99600,1001720,29.08
2023-08-17,98600,100200,97700,99900,822444,29.08
2023-08-18,98400,99200,97700,98300,651756,29.04
2023-08-21,98700,100800,98500,98600,483252,29.07
2023-08-22,99800,99900,98400,98700,493253,29.09
2023-08-23,98700,99400,97700,98600,437376,29.09
2023-08-24,99900,100500,99100,99100,428094,29.09
2023-08-25,98100,99500,97600,98300,358283,29.1
2023-08-28,98700,99600,98500,99600,286756,29.11
2023-08-29,100500,100500,99400,99600,381781,29.08
2023-08-30,100400,101600,100000,100100,539750,29.08
2023-08-31,100100,100300,98200,98500,834956,29.0
2023-09-01,98600,101400,98600,99600,715471,29.06
2023-09-04,100600,103100,100100,102500,838710,28.99
2023-09-05,102900,103000,101400,102200,548160,28.93
2023-09-06,101800,102100,99800,100500,502812,28.91
2023-09-07,99400,100300,99300,99800,415020,28.95
2023-09-08,99800,99800,98200,98800,514430,28.93
2023-09-11,98800,99200,98400,99200,316499,28.94
2023-09-12,99300,100000,99000,99000,443115,28.94
2023-09-13,99800,104800,99700,104200,1747152,29.01
2023-09-14,104900,105000,103200,104300,801801,29.04
2023-09-15,104900,108400,104700,107400,1559412,29.21
2023-09-18,106100,107000,105100,105400,500798,29.22
2023-09-19,105400,106400,103100,104300,631804,29.23
2023-09-20,103000,103500,101600,103400,698127,29.16
2023-09-21,102900,105300,102300,102900,562419,29.2
2023-09-22,101700,103500,101400,103100,456213,29.24
2023-09-25,103100,103600,102000,103400,335383,29.43
2023-09-26,103500,103600,100100,100700,734024,29.38
2023-09-27,99900,102000,99600,100900,469905,29.41
2023-10-04,98900,99400,97600,97900,785602,29.36
2023-10-05,98700,99700,97900,98600,381548,29.37
2023-10-06,99300,99400,97700,98200,399040,29.19
2023-10-10,99600,105600,99100,105100,1679320,29.17
2023-10-11,104800,107100,103400,106600,1566039,29.25
2023-10-12,106900,107600,105300,106000,611354,29.31
2023-10-13,105000,105800,104200,105100,433329,29.36
2023-10-16,104400,106200,103400,105500,507581,29.36
2023-10-17,106500,108400,105800,106200,540306,29.31
2023-10-18,106000,107500,105300,106600,441654,29.36
2023-10-19,105000,107000,104700,106200,411350,29.39
2023-10-20,105500,106100,104000,105400,473987,29.41
2023-10-23,105400,106000,104000,104400,326339,29.39
2023-10-24,105500,106300,103300,105100,384139,29.38
2023-10-25,105800,109500,105800,108500,1039648,29.48
2023-10-26,106100,106900,104800,105300,581477,29.45
2023-10-27,106000,106000,99000,101600,1033993,29.39
2023-10-30,101600,104200,101600,103100,471152,29.43
2023-10-31,104100,105300,99300,99700,715127,29.37
2023-11-01,101100,101900,100000,100300,426695,29.37
2023-11-02,102100,103000,99600,99700,1102768,29.12
2023-11-03,100900,101700,100400,101400,524655,29.19
2023-11-06,103900,105300,102700,105300,794809,29.27
2023-11-07,105000,105000,102600,103400,500058,29.25
2023-11-08,104600,106400,102700,102800,578249,29.21
2023-11-09,103100,104900,103000,103700,390517,29.25
2023-11-10,103300,104200,102100,103700,315618,29.22
2023-11-13,105100,105100,102100,102100,336661,29.19
2023-11-14,103100,104100,102600,103300,293782,29.19
2023-11-15,105700,106800,104700,106700,656732,29.22
2023-11-16,106600,111800,106500,108400,1367614,29.3
2023-11-17,109100,109100,105600,105700,558146,29.23
2023-11-20,106100,107400,105300,106600,360450,29.2
2023-11-21,106900,109400,106900,108400,553572,29.31
2023-11-22,107900,108200,106600,107600,362536,29.34
2023-11-23,107900,108200,105300,106000,536208,29.3
2023-11-24,106300,106800,104800,104900,359388,29.3
2023-11-27,105300,106000,103800,104100,418757,29.28
2023-11-28,105000,105800,103700,104500,543628,29.24
2023-11-29,104200,104900,103000,103400,536827,29.21
2023-11-30,103000,104000,102500,102700,925212,29.15
2023-12-01,103200,103800,102300,102400,465918,29.16
2023-12-04,103100,103300,101300,101600,506453,29.11
2023-12-05,101600,102200,100900,101100,404265,29.13
2023-12-06,101300,101600,99900,100000,772580,29.07
2023-12-07,99200,99500,95100,95300,2316717,28.97
2023-12-08,96100,96300,93800,94600,1346294,28.98
2023-12-11,95000,96400,94300,95000,1155003,28.77
2023-12-12,96000,97100,95400,96700,980503,28.85
2023-12-13,96900,97200,95700,95800,547785,28.8
2023-12-14,97100,97200,96000,96800,1033739,28.67
2023-12-15,96900,97400,96400,97200,925632,28.56
2023-12-18,97400,97400,96100,96100,537938,28.46
2023-12-19,95000,99300,94800,98300,1234344,28.53
2023-12-20,99000,99500,98300,99200,570657,28.56
2023-12-21,98500,100400,98500,99500,543574,28.69
2023-12-22,100400,100400,99000,99700,319969,28.67
2023-12-26,100600,100600,99200,100000,313537,28.67
2023-12-27,100000,100000,98700,100000,306136,28.73
2023-12-28,99900,101900,99500,101800,751858,29.02
2024-01-02,101500,101800,100500,101400,407630,29.03
2024-01-03,100400,101000,99400,99500,489206,29.05
2024-01-04,98500,98700,97200,97800,713479,28.94
2024-01-05,97600,97800,96800,97100,472224,29.0
2024-01-08,97500,100300,97000,99100,757089,28.98
2024-01-09,100100,100700,98000,98000,540554,28.99
2024-01-10,98000,98900,97000,97200,508980,28.97
2024-01-11,97500,97500,95000,95000,1235778,28.8
2024-01-12,95000,95800,94300,94700,583157,28.96
2024-01-15,95300,95600,94900,95100,288403,28.91
2024-01-16,94700,95400,93700,94600,443988,28.89
2024-01-17,94000,94100,90700,91300,922101,28.68
2024-01-18,91100,92400,91100,91200,491278,28.62
2024-01-19,92200,92400,90900,91800,438001,28.58
2024-01-22,92900,92900,90800,91200,500375,28.55
2024-01-23,92000,94900,91200,93800,513677,28.56
2024-01-24,94300,95200,93200,93900,446762,28.58
2024-01-25,93900,94300,92700,94000,300281,28.61
2024-01-26,94000,94100,92700,93500,359923,28.59
2024-01-29,93600,95500,93600,94300,462718,28.59
2024-01-30,95000,95700,94500,94500,441305,28.57
2024-01-31,94300,94400,91200,93500,703333,28.54
2024-02-01,92600,95600,92500,95100,680461,28.63
2024-02-02,95600,97900,95400,97300,937733,28.83
2024-02-05,97800,98000,95500,97100,593080,28.88
2024-02-06,96800,97700,96600,96600,418705,29.0
2024-02-07,97700,99400,96800,98900,792315,29.11
2024-02-08,99500,99800,98000,98200,602261,29.17
2024-02-13,99000,100500,98700,99400,669368,29.3
2024-02-14,98300,100500,97600,99000,506194,29.36
2024-02-15,100400,100400,97800,97900,408053,29.38
2024-02-16,98900,99500,97700,99300,477114,29.41
2024-02-19,99400,100400,99400,99800,490299,29.48
2024-02-20,100100,100200,97500,97800,471790,29.43
2024-02-21,97800,99200,97600,97600,300832,29.43
2024-02-22,98500,98500,97600,97800,209279,29.45
2024-02-23,98600,99200,97900,97900,295948,29.57
2024-02-26,100400,101400,98200,98200,585114,29.59
2024-02-27,98600,98700,95500,96100,469486,29.55
2024-02-28,96100,96300,94000,95300,715424,29.56
2024-02-29,95800,96200,94700,94900,605548,29.51
2024-03-04,95100,95600,93800,93900,627925,29.61
2024-03-05,93500,94500,92900,93400,400619,29.61
2024-03-06,93300,95400,93200,94700,440556,29.63
2024-03-07,94700,95300,93900,94900,336931,29.59
2024-03-08,95600,96000,94800,95600,386803,29.61
2024-03-11,95800,96900,94900,95500,430272,29.63
2024-03-12,96500,98800,96100,97800,907451,29.67
2024-03-13,98700,99000,97200,97600,369089,29.65
2024-03-14,98100,99300,97800,99300,671971,29.87
2024-03-15,99100,99400,98000,98900,616605,29.92
2024-03-18,99500,99500,96000,96100,562587,29.83
2024-03-19,96000,96700,94900,96200,392220,29.88
2024-03-20,96800,97400,95800,96000,305510,29.87
2024-03-21,97000,99200,96300,99200,785161,30.02
2024-03-22,98400,100200,98200,99400,575294,30.13
2024-03-25,99500,100200,98600,98900,313812,30.14
2024-03-26,99500,100700,96700,96800,1169503,30.0
2024-03-27,96700,97500,96500,97000,394971,29.97
2024-03-28,97100,97400,96500,96800,467819,30.03
2024-03-29,97200,97400,95100,95100,632913,29.93
2024-04-01,95500,96700,95500,96500,315646,29.98
2024-04-02,96500,97400,96100,96500,489530,30.01
2024-04-03,96400,96500,93900,93900,720922,29.89
2024-04-04,94900,95300,94000,94300,289992,29.9
2024-04-05,94200,97600,93900,95900,603196,30.01
2024-04-08,96600,96600,94200,94500,444924,29.97
2024-04-09,95300,97300,95100,96200,573774,30.09
2024-04-11,95200,96400,94200,96400,579703,30.09
2024-04-12,96100,96100,93400,93500,910573,29.85
2024-04-15,92800,93300,92400,92500,421493,29.88
2024-04-16,92000,92500,90600,91800,651094,29.9
2024-04-17,91700,92700,91000,91000,402786,29.91
2024-04-18,91400,93200,91100,92600,357081,29.95
2024-04-19,91800,92500,90300,91200,455832,29.99
2024-04-22,92400,92400,91200,92000,347838,30.02
2024-04-23,92100,92900,91800,92800,345656,30.07
2024-04-24,93300,93400,92200,92200,487563,29.97
2024-04-25,91900,92600,90500,90600,842782,29.85
2024-04-26,91000,91200,90500,90800,723810,29.73
2024-04-29,91200,92800,91200,92800,572860,29.88
2024-04-30,93200,93500,92000,92900,590806,29.93
2024-05-02,92300,92500,91300,91500,427617,29.91
2024-05-03,92200,92900,92100,92400,540211,29.92
2024-05-07,93200,93800,93000,93800,545231,29.91
2024-05-08,93800,94100,93500,93900,328371,29.97
2024-05-09,94000,94000,92600,93300,464569,29.93
2024-05-10,94400,97800,94300,97500,1642154,30.23
2024-05-13,97900,98000,96400,97600,546299,30.23
2024-05-14,97600,99400,97200,98300,630411,30.27
2024-05-16,99200,99800,97700,98800,657185,30.37
2024-05-17,99000,99100,97800,97900,297028,30.36
2024-05-20,98800,98900,97300,97500,318579,30.36
2024-05-21,97000,97800,96000,96500,343275,30.4
2024-05-22,96700,96900,95100,95300,385832,30.37
2024-05-23,96000,97300,95400,95400,317313,30.38
2024-05-24,94500,94800,93800,94100,297059,30.38
2024-05-27,95500,97400,94700,96400,463903,30.4
2024-05-28,97300,109500,97200,109300,6852467,31.18
2024-05-29,112500,113900,109000,110500,4855132,31.06
2024-05-30,109500,111100,106200,106300,1667504,31.11
2024-05-31,107500,109900,104800,104800,2070778,30.97
2024-06-03,105600,107200,102000,103100,1699404,30.94
2024-06-04,103100,103600,100200,101100,1245682,30.62
2024-06-05,101900,102200,99600,100700,963661,30.58
2024-06-07,101100,101800,99400,100700,1269757,30.46
2024-06-10,100300,102300,99400,100600,973905,30.43
2024-06-11,101200,101200,98100,98200,1238559,30.33
2024-06-12,99900,101200,99000,100600,1143396,30.24
2024-06-13,101100,101100,98700,98700,1290744,30.12
2024-06-14,98700,99300,97900,98900,725460,30.13
2024-06-17,99400,100900,98500,100400,953639,30.1
2024-06-18,100900,101900,99800,101800,843389,30.27
2024-06-19,103500,108700,103300,108000,3453496,30.7
2024-06-20,107200,109000,106700,108400,1257874,30.66
2024-06-21,107300,108800,106700,108300,964295,30.79
2024-06-24,108600,111700,108400,110200,1751043,30.84
2024-06-25,111300,112000,109000,111100,914520,30.96
2024-06-26,109800,111600,108000,111400,1016808,31.09
2024-06-27,110700,111200,108500,109200,817680,31.13
2024-06-28,110100,111000,108300,110900,625642,31.18
2024-07-01,111000,114900,108900,109600,1149549,31.19
2024-07-02,109100,109500,106100,107200,840689,31.23
2024-07-03,108000,108300,106000,107200,629442,31.21
2024-07-04,107900,108900,105700,107900,886576,31.11
2024-07-05,108900,112700,108300,110800,1771133,31.24
2024-07-08,110700,111000,108200,108300,837625,31.22
2024-07-09,108900,109900,108300,109600,628472,31.25
2024-07-10,109000,110400,108300,110300,574856,31.32
2024-07-11,111000,111200,109800,111000,926544,31.56
2024-07-12,110300,110500,107800,109400,649908,31.57
2024-07-15,109600,110800,108900,109900,472733,31.66
2024-07-16,110300,112100,109100,112000,983640,31.7
2024-07-17,112500,115400,112100,112100,1191385,31.84
2024-07-18,110900,112700,110500,110900,675749,31.94
2024-07-19,110600,114400,110500,111800,907720,32.03
2024-07-22,112400,113000,110500,111000,497171,32.04
2024-07-23,111700,114600,111700,113900,986056,32.25
2024-07-24,113500,114500,111900,112500,610385,32.32
2024-07-25,110800,111400,109200,110200,895154,32.48
2024-07-26,111000,111300,106000,107100,1259536,32.5
2024-07-29,107600,107700,104700,104800,764725,32.48
2024-07-30,103800,105600,102600,103200,593505,32.54
2024-07-31,103600,104500,102300,104000,517504,32.57
2024-08-01,104400,105100,103700,103700,365094,32.58
2024-08-02,101800,102300,98800,99100,730066,32.58
2024-08-05,97500,97500,86500,89700,1343825,32.45
2024-08-06,91100,92900,89100,89900,1402579,32.16
2024-08-07,90200,95700,90000,94700,941118,32.23
2024-08-08,93500,95300,92100,94100,746389,32.22
2024-08-09,96500,97000,94000,94200,457079,32.2
2024-08-12,94400,96200,94300,95600,297869,32.24
2024-08-13,95500,96100,94500,94800,346547,32.24
2024-08-14,96000,96500,94500,95600,397437,32.27
2024-08-16,97300,99000,96600,96600,478530,32.28
2024-08-19,97300,98500,96800,97400,483361,32.34
2024-08-20,98200,98500,96900,97400,285409,32.36
2024-08-21,96700,98100,96000,97600,265101,32.39
2024-08-22,98200,98900,97600,98100,265019,32.42
2024-08-23,97700,99000,97200,98700,267411,32.43
2024-08-26,99300,99500,98300,99200,237816,32.43
2024-08-27,99400,99400,98300,98600,207580,32.46
2024-08-28,98900,99100,97100,98300,264327,32.47
2024-08-29,98300,98500,97100,97300,327033,32.52
2024-08-30,100000,104500,99400,99400,1141903,32.57
2024-09-02,99900,102400,98200,101600,511432,32.64
2024-09-03,102100,102900,101700,102000,381699,32.7
2024-09-04,99500,102600,99300,100700,729415,32.86
2024-09-05,102000,105500,101800,104100,947316,32.97
2024-09-06,104400,104400,100800,100800,655369,32.97
2024-09-09,99800,103700,99700,103400,508309,33.03
2024-09-10,104300,104800,102200,102200,487322,33.05
2024-09-11,103300,104500,101300,102100,328650,33.05
2024-09-12,103100,103600,101100,102400,524435,33.08
2024-09-13,102600,105300,102300,104400,539926,33.21
2024-09-19,107400,111000,107400,109500,1336983,33.57
2024-09-20,108500,110400,107700,110100,719401,33.6
2024-09-23,110400,112400,109200,110900,462772,33.66
2024-09-24,110500,113600,108800,113500,704111,33.73
2024-09-25,113700,113700,105500,105600,1038510,33.68
2024-09-26,106600,107900,106100,107900,535114,33.84
2024-09-27,107700,109600,106500,106500,417394,33.88
2024-09-30,107400,107700,104300,104300,406956,33.95
2024-10-02,103300,105700,102600,103000,444424,33.94
2024-10-04,104100,106900,103600,105900,409224,33.99
2024-10-07,105800,105900,103000,103700,542298,33.98
2024-10-08,103900,104000,98000,98000,1185008,33.9
2024-10-10,98000,98400,96700,97200,675353,33.89
2024-10-11,98300,100200,98300,98500,499239,33.95
2024-10-14,99000,99400,98300,98700,287959,33.97
2024-10-15,98700,99400,98300,98400,348089,33.97
2024-10-16,97300,98000,96600,97500,449341,33.97
2024-10-17,98300,98700,97300,97600,250163,33.97
2024-10-18,98100,98100,97100,97300,159454,33.97
2024-10-21,98300,98900,97200,97200,182074,33.97
2024-10-22,97000,97400,94300,96300,469583,33.98
2024-10-23,97200,100300,97200,99500,653627,34.13
2024-10-24,99500,99500,96700,97200,295597,34.13
2024-10-25,97400,97400,91700,92100,1000018,33.94
2024-10-28,92600,92800,91500,92400,490122,33.87
2024-10-29,92800,92900,91200,91400,473930,33.78
2024-10-30,91700,92400,91500,91500,295828,33.75
2024-10-31,91500,91900,89500,89500,774675,33.5
2024-11-01,89800,91600,89200,90800,393593,33.51
2024-11-04,91000,92300,90400,92300,282767,33.49
2024-11-05,91100,92600,91000,91900,238250,33.49
2024-11-06,92300,93100,91300,91400,310599,33.47
2024-11-07,91000,92700,90500,91600,281873,33.45
2024-11-08,92500,92500,91000,91200,231867,33.39
2024-11-11,91100,91600,89600,89900,329411,33.39
2024-11-12,89500,89700,87700,87900,397600,33.36
2024-11-13,87100,89100,87100,87700,337930,33.32
2024-11-14,88300,89700,87400,89700,392933,33.31
2024-11-15,89700,89700,88100,88500,270178,33.27
2024-11-18,88300,90800,88200,90100,295260,33.27
2024-11-19,90100,91800,90100,90800,266403,33.25
2024-11-20,90800,93600,90800,93000,420244,33.33
2024-11-21,93300,93500,92200,92600,289613,33.29
2024-11-22,93400,93900,92600,93300,273486,33.3
2024-11-25,94200,96400,93500,94200,677582,33.31
2024-11-26,93500,95200,93300,94500,224277,33.32
2024-11-27,95200,95500,91700,92100,391819,33.28
2024-11-28,92100,92500,91300,91900,234710,33.23
2024-11-29,92000,92100,89500,89700,538059,33.13
2024-12-02,90100,90200,87700,88200,556888,33.02
2024-12-03,89100,89600,88200,89000,354051,33.02
2024-12-04,87000,88000,86600,87300,544557,32.93
2024-12-05,87400,87600,85800,86000,397776,32.85
2024-12-06,86000,86600,83300,85100,455580,32.8
2024-12-09,83900,84400,82300,83200,567362,32.74
2024-12-10,83100,85000,82900,84300,965339,32.67
2024-12-11,84300,86100,84000,85900,273017,32.67
2024-12-12,86400,88200,85900,87800,634491,32.71
2024-12-13,87600,88800,87600,88300,272310,32.72
2024-12-16,88800,88900,87400,87800,276988,32.67
2024-12-17,87400,88100,86700,86800,371618,32.65
2024-12-18,87700,92300,87700,91500,795521,32.78
2024-12-19,89500,90400,88000,88100,455731,32.7
2024-12-20,87800,88000,85600,86200,427186,32.62
2024-12-23,86400,87300,86300,86900,259210,32.6
2024-12-24,87600,87700,86700,86900,151067,32.69
2024-12-26,87000,87200,85300,85700,255019,32.68
2024-12-27,85000,85700,83700,84500,292642,32.66
2024-12-30,84000,84900,83500,83500,261914,32.62
2025-01-02,83500,84400,82700,84000,257663,32.63
2025-01-03,83900,85700,83900,85100,252319,32.62
2025-01-06,85900,85900,84400,85400,438799,32.66
2025-01-07,86700,88500,85600,85600,753370,32.61
2025-01-08,85600,88300,85500,86800,447480,32.66
2025-01-09,86800,87500,85500,85800,573671,32.68
2025-01-10,85700,86300,85600,85800,344963,32.67
2025-01-13,85600,85700,84000,84300,464331,32.63
2025-01-14,84600,84700,84100,84300,253992,32.62
2025-01-15,84700,85500,84200,84300,320655,32.64
2025-01-16,85100,85800,84900,85100,301418,32.66
2025-01-17,85000,85300,83500,83700,390497,32.63
2025-01-20,84000,84400,83800,84100,236456,32.65
2025-01-21,84300,84800,83900,84300,352784,32.67
2025-01-22,85100,89300,84400,86400,1314488,32.68
2025-01-23,86700,86800,84500,84500,515475,32.61
2025-01-24,84900,88700,84500,85100,1001032,32.55
2025-01-31,84900,85000,83800,84200,506930,32.53
2025-02-03,83100,83200,77600,78200,1326733,32.33
2025-02-04,79600,79700,78100,78400,629803,32.27
2025-02-05,79100,80300,78900,79900,434946,32.28
2025-02-06,80400,80600,79500,80600,401172,32.26
2025-02-07,80000,80400,79500,79600,328226,32.2
2025-02-10,78900,79400,77700,79100,588765,32.12
2025-02-11,79400,79900,78200,79700,426719,32.07
2025-02-12,79400,79900,78800,79100,440372,31.97
2025-02-13,79300,79800,78800,79500,749206,31.84
2025-02-14,79700,80200,78900,79500,771963,31.68
2025-02-17,79500,80000,79200,79400,539176,31.55
2025-02-18,79500,79800,78500,79700,690231,31.44
2025-02-19,79900,82500,79900,81500,1086060,31.52
2025-02-20,81800,82800,81300,82500,526344,31.53
2025-02-21,82600,83300,81500,82400,467758,31.47
2025-02-24,82400,84000,82300,83400,532688,31.43
2025-02-25,83100,83300,82300,82300,340039,31.42
2025-02-26,82300,82800,81700,82300,261915,31.4
2025-02-27,83200,84400,82200,82600,514180,31.38
2025-02-28,81400,81800,78900,78900,856333,31.21
2025-03-04,78200,79300,78000,78200,420402,31.11
2025-03-05,78500,79300,78100,78600,337995,31.1
2025-03-06,79100,80200,78900,79500,347224,31.12
2025-03-07,78900,78900,77800,77900,621586,30.92
2025-03-10,77900,78700,77300,78500,480479,30.86
2025-03-11,76900,82700,75600,81800,1312797,30.91
2025-03-12,82700,84700,81900,82200,860939,30.95
2025-03-13,82400,82600,80100,80500,638383,30.89
2025-03-14,80900,82300,79900,80500,448426,30.84
2025-03-17,82200,84400,81200,82100,786495,30.96
2025-03-18,82300,82800,80500,80700,579314,30.96
2025-03-19,81600,82400,81100,81900,574156,30.98
2025-03-20,82400,83600,81900,82800,641530,31.11
2025-03-21,83300,84000,82500,83400,638764,31.16
2025-03-24,83000,83000,81800,81800,250685,31.14
2025-03-25,82300,83300,82300,82800,271450,31.18
2025-03-26,83700,85400,83500,84800,731000,31.26
2025-03-27,83900,83900,82300,82400,376636,30.85
2025-03-28,82200,82200,79600,80000,520309,30.79
2025-03-31,78300,78400,77100,77200,527303,30.63
2025-04-01,77900,78400,77000,77900,356143,30.68
2025-04-02,78100,78400,76700,77400,329645,30.63
2025-04-03,75800,75800,72600,72900,1574127,30.23
2025-04-04,71000,73600,71000,72800,564805,30.21
2025-04-07,70800,71200,68000,68100,1004618,29.96
2025-04-08,69100,69500,66800,66900,752667,29.91
2025-04-09,65800,66900,64100,64700,638901,29.86
2025-04-10,69500,70100,68000,68700,1023079,29.62
2025-04-11,67200,68100,66700,67900,536366,29.86
2025-04-14,68900,69700,68300,69000,587316,29.7
2025-04-15,69600,71000,69600,70000,389352,29.68
2025-04-16,69900,70800,69300,69300,311088,29.67
2025-04-17,69300,69800,68900,69700,245961,29.67
2025-04-18,69800,70200,69400,70100,174771,29.71
2025-04-21,70200,70800,69500,70400,172887,29.59
2025-04-22,69800,70200,69500,69800,195443,29.59
2025-04-23,71000,71500,70300,71300,395586,29.54
2025-04-24,71300,71400,69700,70300,366155,29.51
2025-04-25,71200,72600,70800,71600,555142,29.61
2025-04-28,71500,71800,70900,71000,244338,29.56
2025-04-29,71200,72300,71100,71800,339323,29.59
2025-04-30,71300,72000,70700,71400,287038,29.54
2025-05-02,71000,71200,70400,70600,202511,29.56
2025-05-07,72000,72000,70800,71200,335932,29.6
2025-05-08,71200,71500,70800,70800,367397,29.62
2025-05-09,71200,71200,70500,71100,261129,29.54
2025-05-12,71500,72800,71300,72800,342148,29.61
2025-05-13,73100,73500,72500,73000,379984,29.64
2025-05-14,73600,73600,71600,72500,451096,29.55
2025-05-15,72000,72600,71500,71600,233079,29.57
2025-05-16,71800,72100,70800,71300,183904,29.55
2025-05-19,70600,71200,70000,70300,218924,29.53
2025-05-20,70900,71400,70100,70500,227059,29.53
2025-05-21,70500,70800,70100,70300,240943,29.55
2025-05-22,70100,70600,69700,70300,316537,29.56
2025-05-23,70400,70900,70000,70000,209927,29.63
2025-05-26,70000,71600,69600,71600,239182,29.68
2025-05-27,70800,70900,68300,69000,631617,29.52
2025-05-28,69500,71500,69300,71200,561303,29.64
2025-05-29,71800,72300,71000,72200,371386,29.66
2025-05-30,71800,72300,70800,71100,592255,29.6
2025-06-02,70800,71400,70600,70800,251758,29.57
2025-06-04,71500,72600,71100,71300,593895,29.6
2025-06-05,71600,72800,71600,72400,458239,29.67
2025-06-09,73000,73600,72700,72900,452130,29.64
2025-06-10,73700,74600,72600,73700,640483,29.65
2025-06-11,74000,74600,73400,74600,514323,29.59
2025-06-12,76400,76500,74900,75200,897232,29.42
2025-06-13,74200,74700,71800,72200,931983,29.43
2025-06-16,71400,72000,70600,72000,394654,29.41
2025-06-17,72200,73500,71800,72200,451460,29.43
2025-06-18,71800,74500,71500,73800,559285,29.49
2025-06-19,74200,74300,72600,73100,388030,29.46
2025-06-20,73300,74000,72800,74000,529685,29.56
2025-06-23,72800,78500,71500,74700,1370349,29.48
2025-06-24,76600,77600,75800,76200,1168788,29.46
2025-06-25,76800,77000,75000,76100,514310,29.46
2025-06-26,76200,76200,74300,74700,393009,29.36
2025-06-27,74800,75200,73700,74100,434975,29.37
2025-06-30,74300,74800,73700,73800,422420,29.34
2025-07-01,74300,76800,74200,75400,655170,29.54
2025-07-02,75400,76200,74600,76200,419986,29.54
2025-07-03,76700,78000,76000,77900,704594,29.62
2025-07-04,78600,80800,77200,77200,922122,29.55
2025-07-07,77000,77000,74000,74100,791075,29.44
2025-07-08,73600,74600,73000,73600,707380,29.45
2025-07-09,73800,74100,73200,73700,360540,29.49
2025-07-10,75000,76000,74400,75400,623424,29.54
2025-07-11,75400,76100,74800,75300,332192,29.53
2025-07-14,75800,80900,75700,77200,1769412,29.58
2025-07-15,77100,77400,76200,76900,478176,29.61
2025-07-16,76600,76800,75400,75400,531088,29.49
2025-07-17,76000,76200,74600,76000,375098,29.46
2025-07-18,76200,76600,75700,76200,268217,29.43
2025-07-21,76100,77000,75800,76600,277303,29.44
2025-07-22,77200,79000,76400,76900,893819,29.46
2025-07-23,77700,79500,77100,79100,1017097,29.49
2025-07-24,79000,79100,77400,77900,628366,29.34
2025-07-25,79000,79000,76800,77100,431257,29.29
2025-07-28,77400,78400,76900,77800,374976,29.28
2025-07-29,77400,77800,76400,77400,357009,29.26
2025-07-30,77200,79500,77000,78700,779571,29.41
2025-07-31,79900,80000,76900,77400,735716,29.16
2025-08-01,76800,77500,75000,75000,600252,29.06
2025-08-04,75500,76000,74800,75800,245078,29.04
2025-08-05,76200,77300,76100,76600,355246,29.04
2025-08-06,76100,77400,76100,76900,254054,28.93
2025-08-07,77000,77400,76400,77200,250257,28.95
2025-08-08,77100,77400,76600,76900,271831,28.94
2025-08-11,77000,78100,76600,76600,348955,28.92
2025-08-12,76500,77100,75900,75900,314487,28.9
2025-08-13,76400,78900,76000,78300,838607,29.2
2025-08-14,78500,78500,77000,77200,367302,29.3
2025-08-18,77200,77700,76700,76800,287958,29.28
2025-08-19,76900,77100,75600,76500,307306,29.35
2025-08-20,76200,76800,75400,76700,373742,29.4
2025-08-21,76900,76900,75700,75800,359488,29.35
2025-08-22,76000,76800,75000,75300,378845,29.32
2025-08-25,75800,76000,75500,75900,174807,29.33
2025-08-26,75600,76700,75300,75300,416636,29.37
2025-08-27,75800,75800,75100,75200,263165,29.36
2025-08-28,75300,75500,74900,75200,280205,29.35
2025-08-29,75400,75500,73600,73900,546283,29.28
2025-09-01,73900,73900,72000,72200,348361,29.21
2025-09-02,72200,72900,72000,72900,401821,29.2
2025-09-03,72800,74500,72800,74400,309645,29.3
2025-09-04,74100,75900,74000,75300,531146,29.47
2025-09-05,75600,75700,74700,75100,226879,29.47
2025-09-08,75100,75400,74700,75200,183302,29.49
2025-09-09,75300,75800,74700,75600,268395,29.52
2025-09-10,75600,76200,75000,75800,332791,29.58
2025-09-11,75900,76600,75600,75900,473494,29.68
2025-09-12,76300,77400,76200,77000,476178,29.86
2025-09-15,77000,77700,76800,77100,375754,29.93
2025-09-16,77200,77500,76800,77000,375476,29.9
2025-09-17,77400,78800,77200,77900,703739,29.98
2025-09-18,81300,83800,80000,82200,3742513,30.4
2025-09-19,81800,81800,79100,79100,1177491,30.26
2025-09-22,80100,81600,79700,79700,641705,30.24
2025-09-23,80700,80900,78700,79400,729541,30.3
2025-09-24,79100,79100,77000,78000,635037,30.2
2025-09-25,77500,78200,77400,77900,424766,30.19
2025-09-26,77200,77400,76000,76300,548336,29.96
2025-09-29,77000,77700,76400,76700,318695,29.97
2025-09-30,76500,76500,75000,75600,846132,29.95
2025-10-01,76100,76300,75000,75100,305645,30.02
2025-10-02,75900,77000,75650,76400,814910,30.2
2025-10-10,77600,79100,76900,79000,955851,30.45
2025-10-13,77800,81300,77000,81000,1378387,30.76
2025-10-14,81500,83800,81100,83000,1742436,31.22
2025-10-15,83500,84500,82600,84300,788790,31.39
2025-10-16,83100,84400,83100,83900,628316,31.39
2025-10-17,83300,84700,83100,84200,556190,31.5
2025-10-20,85800,91400,85700,91000,2111530,31.86
2025-10-21,91400,91900,88600,89200,1062670,31.81
2025-10-22,90000,90100,87600,89600,605113,31.74
2025-10-23,88600,91200,88300,90200,756369,31.84
2025-10-24,90400,90500,86400,88000,1159776,31.54
2025-10-27,88200,90800,88100,89000,579322,31.66
2025-10-28,89100,89200,88100,89100,460279,31.71
2025-10-29,89700,89700,88100,88800,705875,31.71
2025-10-30,89100,90200,87100,87600,752690,31.67
2025-10-31,86800,88500,86300,87600,1104075,31.56
2025-11-03,88700,90200,87900,88600,927485,31.49
2025-11-04,88600,91300,88300,88500,932443,31.52
2025-11-05,88000,88000,83400,87100,912444,31.57
2025-11-06,89100,93300,88700,91700,2254077,31.87
2025-11-07,91100,91100,87600,88300,1113728,31.67
2025-11-10,89000,90400,86700,89600,702948,31.72
2025-11-11,90300,92500,89800,90600,971144,31.77
2025-11-12,94500,94500,92000,92900,1023036,31.64
2025-11-13,92900,96200,91800,92500,1173916,31.66
2025-11-14,90600,92300,90000,90200,586352,31.7
2025-11-17,92000,92000,90400,91400,480706,31.67
2025-11-18,90700,91000,87500,87600,632417,31.67
2025-11-19,88500,88600,85000,87100,613143,31.61
2025-11-20,88900,89200,87300,87300,355910,31.55
2025-11-21,85200,86700,84900,86400,311895,31.59
2025-11-24,87500,87500,84000,84000,759352,31.47
2025-11-25,85800,87700,85100,85200,485683,31.56
2025-11-26,86200,86500,84700,86500,455906,31.58
2025-11-27,86600,87100,85000,85400,548757,31.48
2025-11-28,85800,86100,84900,85600,322741,31.41
2025-12-01,85800,86400,85100,85400,428509,31.43
2025-12-02,85800,87200,85500,87200,400432,31.51
2025-12-03,87200,90500,86800,89500,568024,31.6
2025-12-04,89900,95600,89000,94800,1757147,32.08
2025-12-05,98200,102500,97400,99700,2776901,32.25
2025-12-08,99700,99800,96100,97100,851551,32.08
2025-12-09,97000,97000,94800,95500,691477,32.05
2025-12-10,95800,95900,94000,94500,538045,32.08
2025-12-11,95900,96800,94700,94700,785399,32.11
2025-12-12,95700,96400,94800,96400,481346,32.14
2025-12-15,94700,97100,94200,95700,581279,32.15
2025-12-16,96100,96200,92800,93100,559341,32.08
2025-12-17,94000,96500,93400,96300,668159,32.06
2025-12-18,94000,94200,91500,93000,681180,31.89
2025-12-19,94100,94300,92700,94300,775883,31.96
2025-12-22,94800,94900,93000,93900,475361,31.94
2025-12-23,94100,94700,92500,92700,426912,31.92
2025-12-24,93200,94100,92500,92500,288895,31.93
2025-12-26,93400,93400,91500,91600,368644,31.87
2025-12-29,91300,91900,90300,91800,373276,31.86
2025-12-30,92000,92200,90900,91900,418596,31.87
2026-01-02,92200,92200,90800,91400,467181,31.84
2026-01-05,92500,94700,92400,93000,753679,31.82
2026-01-06,94000,96400,93000,94000,870410,31.84
2026-01-07,94000,94000,90800,92300,1018835,31.77
2026-01-08,92000,92900,91100,92200,767354,31.88
2026-01-09,92000,92200,87900,89100,1547720,31.67
2026-01-12,88900,89000,86600,88000,1165681,31.67
2026-01-13,88600,90800,88200,90800,1125930,31.62
2026-01-14,91900,97200,91100,92500,2215408,31.44
2026-01-15,92200,94400,91700,94000,1123935,31.57
2026-01-16,95100,103700,94300,98400,4653041,32.03
2026-01-19,97700,107600,95300,106900,3808484,32.5
2026-01-20,109200,109300,102100,105000,1913232,32.38
2026-01-21,102500,110500,101500,109300,2536425,32.19
2026-01-22,111600,111600,105400,106200,1726668,32.06
2026-01-23,106200,108600,104700,105600,1221871,32.13
2026-01-26,104900,105000,101700,102500,1442337,32.2
2026-01-27,101300,101400,99500,101300,1125191,32.15
2026-01-28,102000,102100,99800,99900,1273383,32.07
2026-01-29,100100,101500,97500,100900,1479925,32.04
2026-01-30,100000,102200,98800,99100,1139046,32.17
2026-02-02,98300,100200,95400,96600,1073877,32.2
2026-02-03,98700,100700,98100,100300,1037039,32.29
2026-02-04,100300,103800,100200,102800,1383130,32.42
2026-02-05,101800,102600,99500,100300,824988,32.48
2026-02-06,98300,99200,96000,99200,802143,32.52
2026-02-09,101200,103200,100100,102600,899239,32.69
2026-02-10,103300,104700,102500,104000,1117921,32.9
2026-02-11,106500,128700,106400,127900,13160492,32.98
2026-02-12,127800,127800,119000,121400,5121457,32.55
2026-02-13,117900,119700,116100,117200,2261854,32.6
2026-02-19,120000,122600,119000,121100,1916025,32.74
2026-02-20,120300,126100,120300,123600,1906702,33.04
2026-02-23,125400,139500,124500,132600,5519357,33.3
2026-02-24,134700,135800,128600,134500,1918668,33.25
2026-02-25,134400,134400,131200,133300,1265443,33.29
2026-02-26,142000,149100,140500,146700,4568151,33.5
2026-02-27,144700,151900,143600,145700,2611013,33.24
2026-03-03,140100,141300,127000,127600,2709473,33.08
2026-03-04,118000,123100,106700,109000,2558128,33.39
2026-03-05,118700,120700,113900,115400,1954025,33.2
2026-03-06,112500,119400,112500,118000,1179043,33.24
2026-03-09,110800,113700,108000,113400,1042771,33.39
2026-03-10,119300,119300,113300,115900,1051235,33.15
2026-03-11,118600,122500,116500,117900,1047058,33.29
2026-03-12,116300,117400,113800,114000,956070,33.25
2026-03-13,110600,114400,109800,113100,733098,33.28
2026-03-16,112900,116700,112300,114200,648220,33.25
2026-03-17,116900,117400,114500,114500,691353,33.16
2026-03-18,116400,120700,115800,120000,933385,33.29
2026-03-19,115900,117900,115200,116200,560434,33.26
2026-03-20,117000,120300,116500,117900,797591,33.34
2026-03-23,111300,113500,109000,109500,932229,33.16
2026-03-24,114200,116000,110900,114300,655877,33.2
2026-03-25,116100,117300,114200,114700,757815,33.2
2026-03-26,114300,115200,111200,113000,580950,33.23
2026-03-27,109100,112200,107700,112000,552035,33.21
2026-03-30,105700,108900,104600,108300,462366,33.2
2026-03-31,105300,107900,103600,105600,759539,33.23
2026-04-01,110700,113100,109200,112500,676738,33.32
2026-04-02,115300,116400,107200,108800,882435,33.42
2026-04-03,110800,111500,107300,108300,439721,33.41
2026-04-06,108100,110200,107800,109400,351253,33.41
2026-04-07,111400,114400,105000,107100,1090464,33.31
2026-04-08,114200,117300,112900,116700,1193144,33.57
2026-04-09,117100,120700,115700,117200,1188521,33.64
2026-04-10,119000,119900,117200,118400,608715,33.73
2026-04-13,115300,116800,114700,115300,469084,33.75
2026-04-14,118200,121400,117600,120000,679271,33.9
2026-04-15,124000,126300,121000,122200,970337,34.03
2026-04-16,123300,127000,122500,126000,862043,34.09
2026-04-17,125400,125600,123200,124200,519561,34.03
2026-04-20,123700,125800,123000,124500,448899,34.13
2026-04-21,125800,127000,125300,126600,600138,34.12
2026-04-22,126000,133900,125600,132800,1430607,34.17
2026-04-23,135900,135900,126600,129900,1201334,34.0
2026-04-24,130800,132900,126100,127500,815555,33.91
2026-04-27,128700,131200,127300,130000,628169,34.02
2026-04-28,141600,149000,138800,140000,3412120,34.18
2026-04-29,141200,142100,134600,135800,1519252,33.97
2026-04-30,140300,151700,138800,140900,4601367,34.05
2026-05-04,146200,146200,140300,143200,1517270,34.08
2026-05-06,147400,157000,147000,154900,3976159,34.84
2026-05-07,155000,155700,145000,148700,1943210,34.6
2026-05-08,148000,158400,145800,154100,2029897,34.82
2026-05-11,157600,158600,152000,156700,1761737,34.84
2026-05-12,161400,194900,160400,184900,10296997,35.33
2026-05-13,192800,195000,183900,191400,4385663,35.07
2026-05-14,202000,224500,201000,217000,4316463,34.96
2026-05-15,256000,266500,233000,240500,5856267,34.15
2026-05-18,249000,249500,212000,217000,3949389,33.53
2026-05-19,209500,214000,187400,191700,4689967,33.62
2026-05-20,189500,190100,175300,181000,3723283,33.61
2026-05-21,192300,235000,191000,235000,5319048,33.69
2026-05-22,241000,247500,228000,237000,4120471,33.22
2026-05-26,246000,249000,228000,239500,2749083,33.03
2026-05-27,244000,245500,230000,235000,2775873,32.67
2026-05-28,234500,243000,215000,225500,3018457,32.73
2026-05-29,255500,293000,248500,293000,9128469,32.93
2026-06-01,375000,380500,358500,380500,5176636,32.47
2026-06-02,423000,438000,330000,392500,10466703,30.43
2026-06-04,358000,361000,328000,328000,4294026,29.73
2026-06-05,320000,336000,294500,303000,6066192,29.05
2026-06-08,255000,292500,254500,268000,4274007,29.25
2026-06-09,274500,277000,228000,248000,5188949,28.89
2026-06-10,236000,251000,216500,224000,3685996,28.88
2026-06-11,210000,228000,207500,226000,3299797,28.83
2026-06-12,236500,247500,223000,225500,2953732,28.77
2026-06-15,234000,262000,232500,243500,2656201,28.73
2026-06-16,249500,250000,232000,234000,1602695,28.54
2026-06-17,229000,239500,224000,234500,1260211,28.56
2026-06-18,239500,242000,226000,228500,1541989,28.54
2026-06-19,229000,229500,205500,211500,2963743,28.59
2026-06-22,227000,241500,221000,227500,3353936,28.32
2026-06-23,228500,229000,201000,202000,1955116,28.18
2026-06-24,202500,209500,198200,204500,1449985,28.25
2026-06-25,210000,210500,200500,203000,1063971,28.26
2026-06-26,198100,201000,183900,195900,2018400,28.49
2026-06-29,195600,198600,186100,196700,1599058,28.49
2026-06-30,207000,207500,199300,203000,1364895,28.4
