date,open,high,low,close,volume,foreign_ownership_ratio
2016-07-01,69382,71096,69239,70525,1393243,25.3
2016-07-04,71096,72524,70810,70953,1161620,25.32
2016-07-05,71667,73808,71025,73451,1514863,25.34
2016-07-06,72881,73308,70453,70740,1343106,25.27
2016-07-07,71524,72310,71238,71524,732091,25.34
2016-07-08,72238,72238,70597,71310,559395,25.29
2016-07-11,71810,71952,71025,71524,365165,25.32
2016-07-12,71310,71952,70740,70881,436698,25.29
2016-07-13,71381,71597,70810,71310,425061,25.32
2016-07-14,71310,72025,70740,71453,555954,25.27
2016-07-15,72025,72167,71310,71453,508446,25.39
2016-07-18,71738,71810,70810,70881,379153,25.35
2016-07-19,71096,71524,70810,71381,385004,25.39
2016-07-20,71524,73380,71310,72380,943743,25.41
2016-07-21,73166,75665,72667,75665,2277084,25.59
2016-07-22,75950,76236,74237,74450,844691,25.55
2016-07-25,74951,75449,74021,74308,569842,25.6
2016-07-26,74021,74665,73951,74165,475845,25.67
2016-07-27,74237,74594,72881,72881,759305,25.71
2016-07-28,72881,74021,72881,73523,430777,25.74
2016-07-29,73880,75165,73737,74308,702583,25.79
2016-08-01,74808,74951,72524,72667,701944,25.75
2016-08-02,72809,73451,72524,73095,366680,25.75
2016-08-03,73380,73451,72310,72881,318925,25.77
2016-08-04,72951,74237,72951,74237,489861,25.76
2016-08-05,74594,74736,73666,74095,409044,25.76
2016-08-08,74522,76021,74095,76021,1043499,25.78
2016-08-09,75878,77449,75522,76449,901156,25.81
2016-08-10,77306,80875,77164,80305,2837479,26.15
2016-08-11,80947,81733,79804,80660,1183752,26.2
2016-08-12,80947,81018,79519,80660,854558,26.06
2016-08-16,80734,81518,80305,80305,738720,26.05
2016-08-17,79734,81660,77735,81304,1243676,26.01
2016-08-18,84587,84945,80875,80875,1990871,25.9
2016-08-19,80947,82874,80305,81304,1012228,25.79
2016-08-22,82088,82088,78734,79090,1073715,25.87
2016-08-23,78590,80019,77949,78163,726883,25.75
2016-08-24,78449,79519,77449,79234,575013,25.83
2016-08-25,79947,80447,78590,78590,477694,25.97
2016-08-26,78663,79019,77592,78020,419661,26.0
2016-08-29,77735,77877,75308,75593,1064417,26.04
2016-08-30,76236,77236,75593,75665,517382,26.02
2016-08-31,75808,76807,75665,76236,542880,26.03
2016-09-01,76735,78163,76236,78163,535747,26.05
2016-09-02,78306,78734,77449,77877,395767,25.99
2016-09-05,78306,78805,77949,78234,326667,25.99
2016-09-06,78519,80660,78234,79734,694318,26.01
2016-09-07,80518,80804,78663,79019,559257,26.0
2016-09-08,79019,79019,76807,77806,1092590,25.95
2016-09-09,77236,78449,76021,77806,528439,25.99
2016-09-12,75950,77735,75950,76379,402673,25.95
2016-09-13,77378,77735,76878,77236,400750,26.07
2016-09-19,77092,77592,76449,76449,389268,25.94
2016-09-20,76236,78449,76236,78376,438670,25.94
2016-09-21,78449,79376,78091,78449,386380,25.95
2016-09-22,79019,79590,78590,78734,406555,25.92
2016-09-23,78947,79234,78449,78734,323553,25.91
2016-09-26,78877,79376,78306,78306,328776,25.94
2016-09-27,78020,78376,77449,77949,394472,25.88
2016-09-28,78376,78376,77520,77592,292129,25.89
2016-09-29,77735,78020,77092,77092,347883,25.83
2016-09-30,77164,78091,75308,75950,833132,25.76
2016-10-04,76807,77949,76306,77164,669636,25.73
2016-10-05,76449,77020,75379,75736,705943,25.66
2016-10-06,75308,77020,75308,75665,509748,25.68
2016-10-07,76306,77164,75665,76093,484670,25.76
2016-10-10,75736,76165,75379,75736,309014,25.75
2016-10-11,75165,75736,73238,73238,938651,25.72
2016-10-12,72809,73951,72809,72881,493318,25.6
2016-10-13,73451,75094,72738,72881,663803,25.54
2016-10-14,73238,73523,72667,73166,348176,25.57
2016-10-17,73523,73594,71310,71381,649361,25.57
2016-10-18,72951,76379,72380,76379,1434327,25.49
2016-10-19,76807,78449,75308,76449,961392,25.6
2016-10-20,76306,76807,74808,74951,427434,25.52
2016-10-21,75379,76664,75021,75665,393142,25.53
2016-10-24,75878,76592,74308,74379,406084,25.53
2016-10-25,74379,75165,73238,74021,423943,25.55
2016-10-26,73380,75950,73308,75308,536548,25.57
2016-10-27,75308,76379,74879,76306,476874,25.51
2016-10-28,76306,76592,74594,74594,365773,25.46
2016-10-31,74165,76521,74021,75808,766748,25.52
2016-11-01,75665,76306,75522,75736,335634,25.45
2016-11-02,75808,76592,75165,75522,602308,25.47
2016-11-03,75593,77806,75379,76878,739021,25.54
2016-11-04,77306,77949,76379,76449,498643,25.55
2016-11-07,76949,77449,76093,77236,435126,25.61
2016-11-08,77735,77735,76735,77020,388218,25.69
2016-11-09,77378,77520,70382,72809,3149523,25.77
2016-11-10,76236,77020,75449,76165,1300677,25.76
2016-11-11,76165,76236,74665,74665,755045,25.66
2016-11-14,75021,75522,74095,74165,499362,25.67
2016-11-15,73880,74736,73451,73451,452182,25.81
2016-11-16,73737,75736,73523,75021,642985,25.89
2016-11-17,75308,75665,74165,74165,327519,25.88
2016-11-18,74879,75236,73880,73880,404692,25.87
2016-11-21,74237,74237,73308,73451,313778,25.82
2016-11-22,73666,74237,72951,73451,343214,25.87
2016-11-23,73451,73880,73166,73523,294056,25.9
2016-11-24,73523,74450,72951,73666,372569,25.87
2016-11-25,73523,74522,73523,74237,226824,25.79
2016-11-28,74594,74665,73451,73451,331821,25.79
2016-11-29,73308,73951,73166,73523,296777,25.83
2016-11-30,73594,73737,73095,73095,395619,25.77
2016-12-01,72951,73451,72167,72380,473510,25.79
2016-12-02,72380,72524,71025,71096,622039,25.74
2016-12-05,70953,71952,70597,71453,523719,25.75
2016-12-06,71310,71881,71168,71381,414265,25.71
2016-12-07,71453,71597,70096,70453,668663,25.69
2016-12-08,70810,71524,70168,70168,670829,25.76
2016-12-09,70239,71810,70239,71667,476819,25.79
2016-12-12,72095,72167,71524,71952,295756,25.78
2016-12-13,71952,74095,71881,73880,686300,25.89
2016-12-14,74594,75379,74308,74665,635702,25.9
2016-12-15,74379,75665,74095,75665,522514,25.93
2016-12-16,76306,77306,75736,76807,899395,25.95
2016-12-19,77806,78163,76021,76807,1175793,25.81
2016-12-20,76664,76664,74951,74951,942034,25.65
2016-12-21,75021,75665,73308,73523,1209951,25.59
2016-12-22,73308,74165,72809,73023,775793,25.56
2016-12-23,73023,74308,72881,74237,1038161,25.43
2016-12-26,74879,76021,74021,75736,1358043,25.32
2016-12-27,76165,76379,75021,75878,1953473,25.21
2016-12-28,80522,80748,78875,79774,2169150,25.14
2016-12-29,79250,80673,78725,80448,660942,25.07
2017-01-02,80598,81123,79848,81047,578815,25.2
2017-01-03,80673,81047,79474,79848,510058,25.19
2017-01-04,80148,80148,78725,79474,467216,25.31
2017-01-05,79699,80522,79250,79699,416553,25.36
2017-01-06,79324,79624,78650,78875,370513,25.41
2017-01-09,78949,79250,77827,77827,456881,25.4
2017-01-10,78126,78500,77526,77827,303701,25.4
2017-01-11,78351,78425,77676,77827,312418,25.33
2017-01-12,77602,77676,76851,76851,510601,25.19
2017-01-13,76928,78050,76777,76928,420032,25.05
2017-01-16,77152,77377,76478,76478,310033,25.13
2017-01-17,76402,76703,75505,75654,461167,25.07
2017-01-18,75804,76627,75729,75878,340690,25.11
2017-01-19,76178,76478,75280,75280,330373,25.14
2017-01-20,75280,75505,74904,75280,273856,25.04
2017-01-23,75204,76178,74979,75280,303634,25.03
2017-01-24,75354,75505,74530,74606,439511,24.95
2017-01-25,74904,75579,74156,74904,498684,24.82
2017-01-26,74904,75130,74081,75055,559676,24.85
2017-01-31,75428,76103,75055,75055,388691,24.8
2017-02-01,75505,75654,74755,74904,291794,24.74
2017-02-02,75130,76253,74830,75354,384700,24.83
2017-02-03,75729,76703,75280,76029,378870,24.83
2017-02-06,76402,76553,75654,75954,215653,24.7
2017-02-07,75804,76029,75204,75280,332031,24.61
2017-02-08,75354,75505,74755,75505,285563,24.73
2017-02-09,75354,75654,75130,75204,219746,24.77
2017-02-10,75280,76553,75280,76253,359010,24.82
2017-02-13,76553,76627,75878,76103,217199,24.82
2017-02-14,75954,76103,75204,75280,297174,24.84
2017-02-15,75505,76327,75354,76029,314292,25.16
2017-02-16,76478,76478,75654,76178,315104,25.12
2017-02-17,75428,76029,75428,75579,377625,25.2
2017-02-20,75729,76029,75505,75505,214621,25.23
2017-02-21,75579,75804,75428,75654,300822,25.3
2017-02-22,75729,77152,75130,75729,809704,25.33
2017-02-23,76402,76703,75804,76029,427162,25.44
2017-02-24,76253,76402,75428,75428,395831,25.43
2017-02-27,75579,76703,75579,76029,414662,25.48
2017-02-28,76402,76553,75654,76029,309378,25.25
2017-03-02,76402,76402,75505,75654,393199,25.14
2017-03-03,75654,75954,75204,75654,300552,25.07
2017-03-06,75428,75878,75204,75428,252524,25.14
2017-03-07,75354,75505,75130,75130,242840,25.13
2017-03-08,75280,75428,74680,74755,325854,25.07
2017-03-09,74830,75204,74306,74306,391167,25.05
2017-03-10,74380,74455,73182,73931,668256,25.02
2017-03-13,73707,74380,73631,73781,352633,25.1
2017-03-14,73556,74005,73257,73407,450531,25.15
2017-03-15,73631,73931,70859,70859,1525163,25.13
2017-03-16,70561,72208,70561,72133,658058,25.19
2017-03-17,72358,72358,68688,68987,1571247,25.07
2017-03-20,68239,68612,66065,68537,2034182,24.89
2017-03-21,68239,69287,67264,67264,1110923,24.73
2017-03-22,67863,68763,66816,67040,1238718,24.58
2017-03-23,67189,67488,65541,65991,1429690,24.54
2017-03-24,66440,67264,65467,67264,1156679,24.46
2017-03-27,67564,68912,66964,68162,1002793,24.38
2017-03-28,68537,68612,67488,68013,500313,24.49
2017-03-29,68162,68239,67488,67564,428722,24.47
2017-03-30,67713,68239,67339,67638,477716,24.38
2017-03-31,67414,68162,67414,67488,346737,24.33
2017-04-03,67488,67564,66890,67040,612805,24.23
2017-04-04,67114,68162,66890,67638,635495,24.12
2017-04-05,67938,68088,67264,67863,369371,24.13
2017-04-06,67938,67938,67264,67638,296852,24.22
2017-04-07,67938,67938,67414,67488,268450,24.26
2017-04-10,67339,67414,66366,66366,540693,24.29
2017-04-11,66515,67564,66515,67189,437836,24.26
2017-04-12,67189,67713,67040,67488,313971,24.09
2017-04-13,67713,67713,67114,67114,358265,24.12
2017-04-14,66964,67414,66665,66665,372968,24.14
2017-04-17,67114,68162,66739,68162,396711,24.17
2017-04-18,68387,68912,67863,68313,545521,24.21
2017-04-19,68763,68837,68013,68688,391808,24.26
2017-04-20,68763,68837,68088,68313,287684,24.13
2017-04-21,68387,68463,67564,67638,374846,24.03
2017-04-24,67114,67114,66440,66590,630406,23.96
2017-04-25,66816,67189,66515,66590,423921,23.94
2017-04-26,67040,67189,66366,67189,585418,23.89
2017-04-27,67414,67488,66739,66739,363682,23.88
2017-04-28,66890,67114,66440,67114,347279,23.84
2017-05-02,67040,67414,66590,66665,301455,23.79
2017-05-04,67040,67564,66739,67488,458584,23.77
2017-05-08,68612,71159,68612,71009,1606092,23.96
2017-05-10,71759,73257,71683,72283,1320960,24.05
2017-05-11,71984,73182,71234,71384,985952,23.72
2017-05-12,71908,72208,70859,71534,520247,23.88
2017-05-15,71159,72133,71159,71833,388832,23.96
2017-05-16,72283,72283,71009,71085,446892,23.95
2017-05-17,71459,71609,70635,70935,344755,23.98
2017-05-18,70186,70859,69736,70410,430906,23.97
2017-05-19,70485,71085,70186,71009,300792,23.99
2017-05-22,71459,71459,70186,70335,322190,23.92
2017-05-23,70561,70635,69736,70036,380874,23.97
2017-05-24,70260,71159,70260,71159,532516,24.01
2017-05-25,71459,71459,70260,70260,429725,23.95
2017-05-26,70410,71085,69736,70260,547052,24.05
2017-05-29,70635,70785,69960,70111,436640,24.05
2017-05-30,70710,71759,70410,71759,782468,24.06
2017-05-31,71833,72433,71234,71609,838508,24.05
2017-06-01,71908,71984,70859,71159,575647,24.16
2017-06-02,72208,72657,71534,71984,636431,24.29
2017-06-05,72508,73257,72058,73257,1003015,24.39
2017-06-07,73931,74530,73556,74005,1206407,24.23
2017-06-08,74680,75130,74231,74680,1296907,24.16
2017-06-09,75130,76777,74755,75954,1489687,24.17
2017-06-12,75654,75878,74680,74904,678455,24.26
2017-06-13,75204,75505,74455,74830,699304,24.23
2017-06-14,75505,78276,75428,77002,1346539,24.23
2017-06-15,77901,77901,75804,76851,797184,24.29
2017-06-16,77002,78126,76402,78126,838367,24.29
2017-06-19,78650,81347,78276,81272,1696148,24.35
2017-06-20,82096,86741,81946,85617,3316506,24.68
2017-06-21,85692,86741,81795,86216,1962073,24.93
2017-06-22,86665,86665,84343,84718,1214435,24.87
2017-06-23,85316,86141,84493,84868,755942,24.87
2017-06-26,84493,86591,83969,85392,1226437,24.53
2017-06-27,87414,89511,86141,86216,1471468,24.56
2017-06-28,85466,86591,85316,85392,611137,24.56
2017-06-29,85541,85990,83969,84718,889327,24.6
2017-06-30,85168,87040,85168,86216,1106085,24.78
2017-07-03,86889,87115,85766,86516,718212,24.8
2017-07-04,86516,86889,84343,84567,720240,24.6
2017-07-05,84269,84792,81871,82920,1186467,24.59
2017-07-06,83295,85092,83220,85092,667451,24.53
2017-07-07,85392,86067,84868,85392,523352,24.52
2017-07-10,86067,86067,84567,84643,395168,24.55
2017-07-11,84792,85092,83594,84269,487544,24.46
2017-07-12,84194,84942,80972,81047,1197154,24.48
2017-07-13,81571,82396,78949,80448,1104086,24.53
2017-07-14,80298,81871,78650,81871,900755,24.56
2017-07-17,83295,83668,82470,82920,771202,24.58
2017-07-18,83070,83594,82096,82770,557341,24.64
2017-07-19,83369,86141,82396,85916,998746,24.78
2017-07-20,86965,87564,85766,85841,1368918,24.87
2017-07-21,86216,86216,84718,85766,604413,24.94
2017-07-24,86141,86815,85466,86067,520777,24.95
2017-07-25,85990,86067,82920,83144,1532322,24.89
2017-07-26,82770,85017,80897,85017,1796844,25.03
2017-07-27,85242,85617,83444,83444,828106,25.05
2017-07-28,82171,82396,80897,81347,1319389,25.06
2017-07-31,80897,82620,80448,81272,600009,25.12
2017-08-01,82021,82096,79848,79998,872222,25.07
2017-08-02,79699,80073,78949,79624,817673,25.11
2017-08-03,79399,80073,76851,76928,1424860,25.14
2017-08-04,76777,77751,75804,76851,851425,25.13
2017-08-07,77152,82320,77077,81047,1610292,25.08
2017-08-08,81272,82620,80372,81946,1130298,25.03
2017-08-09,81871,82620,80822,81197,813634,25.02
2017-08-10,80897,81795,80148,80673,665360,24.99
2017-08-11,79399,79998,77452,77901,1102761,25.08
2017-08-14,78276,78949,77602,78425,514826,25.06
2017-08-16,79549,81421,78875,81272,913055,24.98
2017-08-17,82396,83295,81497,82546,819551,24.92
2017-08-18,81871,82995,81497,82021,519127,24.97
2017-08-21,83144,83295,82096,82770,597688,24.96
2017-08-22,83745,87864,83369,87639,2563194,25.14
2017-08-23,88837,89287,85916,85916,1656548,25.05
2017-08-24,86141,87339,85692,85766,705840,25.04
2017-08-25,86440,86440,85242,85392,481370,25.02
2017-08-28,85617,85990,84418,85466,643272,24.96
2017-08-29,85017,87040,84792,86591,905667,24.97
2017-08-30,87189,88313,86216,86291,820857,24.98
2017-08-31,86591,87189,85916,86216,528852,24.85
2017-09-01,86665,86741,85092,85541,665079,24.85
2017-09-04,82620,85242,82546,83969,961218,24.84
2017-09-05,85092,85242,83745,84043,482667,24.84
2017-09-06,84269,86815,83969,86741,1279647,24.95
2017-09-07,86665,87115,86067,87115,787734,25.06
2017-09-08,86741,87490,86141,86141,626785,25.13
2017-09-11,86216,86440,85766,85990,498870,25.09
2017-09-12,86216,87414,86067,86516,704238,25.03
2017-09-13,87115,88014,86665,87115,914566,25.06
2017-09-14,87490,90262,87265,89511,2371734,25.15
2017-09-15,89137,97227,89062,95655,4071407,25.48
2017-09-18,97901,106590,97751,103670,5371337,25.82
2017-09-19,104643,105542,102321,104493,2214300,25.8
2017-09-20,105017,111609,104943,109886,3691061,26.01
2017-09-21,111908,112732,106141,109361,2772853,25.95
2017-09-22,108238,108313,105318,107564,2294944,26.04
2017-09-25,109286,111834,108313,110036,2076833,25.94
2017-09-26,110110,110260,106741,106741,1389315,25.94
2017-09-27,107639,112058,106815,111758,2170524,26.18
2017-09-28,112134,112134,107864,107864,1803836,26.13
2017-09-29,108912,109586,102696,106366,3594070,26.17
2017-10-10,109586,111234,107639,108163,1969654,26.17
2017-10-11,108313,110634,108163,109361,1185338,26.26
2017-10-12,110485,116477,109211,116253,2633445,26.24
2017-10-13,118875,134680,118575,126815,6849183,26.53
2017-10-16,130112,133032,126141,131759,3966676,26.65
2017-10-17,130260,148913,129212,143594,6665984,27.07
2017-10-18,151310,156179,143144,143894,6002988,27.25
2017-10-19,145692,145992,131234,131234,6113894,27.04
2017-10-20,130260,135654,128912,133332,3318277,26.71
2017-10-23,132808,137377,132808,133556,1850770,26.48
2017-10-24,134606,142995,134157,142995,2926259,26.57
2017-10-25,141796,141872,135280,135580,3823723,26.42
2017-10-26,136253,136628,128912,128912,3022187,26.5
2017-10-27,130486,133856,125991,131085,2639672,26.43
2017-10-30,128987,130710,125766,125917,2502076,26.32
2017-10-31,125766,130186,124119,129662,2215097,26.19
2017-11-01,130112,133332,127864,128763,1702088,25.92
2017-11-02,130335,132059,128313,129212,1428586,25.8
2017-11-03,131160,136253,129811,131909,3436571,25.48
2017-11-06,133633,134006,130486,131085,1289300,25.49
2017-11-07,131160,131309,124343,124942,3441508,25.12
2017-11-08,126141,131984,125691,129662,2455894,25.35
2017-11-09,130486,130784,126591,128088,1538327,25.22
2017-11-10,127639,132958,127639,132059,1685698,25.25
2017-11-13,133856,142846,132958,142322,3955909,25.54
2017-11-14,144343,148014,139474,144493,3172110,25.63
2017-11-15,146141,156179,144343,156179,6408525,26.25
2017-11-16,159325,164717,152807,164043,4958919,26.84
2017-11-17,162320,166365,159175,163894,3603675,27.17
2017-11-20,162620,166291,161271,162320,2085807,27.17
2017-11-21,164267,171084,160972,166815,3115006,27.07
2017-11-22,167040,170634,161496,161496,3409119,27.16
2017-11-23,159325,165092,155430,165092,2216994,27.29
2017-11-24,164792,165767,160972,160972,1276504,26.92
2017-11-27,157677,161646,156703,159624,1382962,27.03
2017-11-28,161271,162096,153632,153632,1395021,26.99
2017-11-29,153557,156703,151909,153632,1936167,26.97
2017-11-30,154905,155804,149887,149887,1534585,26.87
2017-12-01,150562,158502,150562,158352,1856166,26.77
2017-12-04,157527,158426,154456,156703,1038758,27.03
2017-12-05,156928,157078,153706,153706,928485,26.93
2017-12-06,154606,156554,150636,150786,1228085,26.78
2017-12-07,152059,152958,144343,145317,2086087,26.79
2017-12-08,145242,151535,144943,146890,1682660,26.69
2017-12-11,148688,153557,147565,153557,1269320,26.73
2017-12-12,156478,156928,151834,154006,1012198,26.7
2017-12-13,154456,157977,154307,157302,1310576,26.8
2017-12-14,160673,161421,150636,156928,3527648,26.65
2017-12-15,155954,161047,153782,157677,1734622,26.81
2017-12-18,159550,159924,156404,156404,1311323,26.81
2017-12-19,154307,156328,149587,153557,2198068,26.88
2017-12-20,152059,153782,150562,150562,1171685,26.9
2017-12-21,149363,150860,147789,147789,1882203,26.92
2017-12-22,147940,151685,147415,151235,2569334,27.02
2017-12-26,152958,156703,146067,146067,5820096,27.25
2017-12-27,160428,168297,155845,168068,5250733,27.21
2017-12-28,169520,172423,166616,168908,2433846,27.04
2018-01-02,170818,173950,169749,172576,1539937,27.17
2018-01-03,174867,188848,173492,188465,3156159,27.53
2018-01-04,190681,199543,187396,190986,4274504,27.94
2018-01-05,194730,203973,194042,203898,2514440,28.26
2018-01-08,212759,231629,211766,231095,5627000,28.93
2018-01-09,232239,244463,222462,223454,6687160,29.09
2018-01-10,231706,240644,217725,226129,4564712,29.13
2018-01-11,228115,234532,223837,234532,2319058,28.96
2018-01-12,247977,285717,242554,260888,7581794,29.07
2018-01-15,262417,272042,250958,267383,4017547,29.15
2018-01-16,260507,267688,256076,265395,2159328,29.2
2018-01-17,265395,265472,238734,239498,4559714,29.12
2018-01-18,235984,247060,233462,243929,2557905,29.04
2018-01-19,244463,245075,217266,219865,4915959,28.67
2018-01-22,214669,221468,206647,214364,3636520,28.65
2018-01-23,219099,229261,216655,228420,2937138,28.64
2018-01-24,236824,238351,222538,224219,2050058,28.44
2018-01-25,222538,225363,215662,221316,1824508,28.23
2018-01-26,219253,230483,215662,229185,2076783,28.25
2018-01-29,224525,257833,224525,250804,2819420,28.34
2018-01-30,255082,258979,248436,249505,2342758,28.28
2018-01-31,242630,246068,238734,241179,1810914,28.12
2018-02-01,240491,243165,227121,229031,2500012,27.66
2018-02-02,229413,234072,221544,230253,2156752,27.37
2018-02-05,224141,229107,218489,218489,1804593,26.96
2018-02-06,211002,222462,207946,217114,3398556,26.49
2018-02-07,222538,223073,195570,195570,4354585,25.9
2018-02-08,191980,208557,182201,207335,10158184,26.3
2018-02-09,197862,223837,196716,220017,3881967,26.26
2018-02-12,225747,237970,225363,231095,2764976,26.08
2018-02-13,233768,235295,224601,224601,1569906,26.1
2018-02-14,228420,239498,226510,238734,2246156,26.14
2018-02-19,249047,249047,237970,241789,1760931,25.94
2018-02-20,239498,243699,229949,232239,1422959,25.92
2018-02-21,232239,237970,230713,234914,949219,25.97
2018-02-22,233004,239498,229949,234914,966325,25.93
2018-02-23,236061,246374,234532,242936,1278235,26.01
2018-02-26,245227,250575,244846,249429,1082699,26.0
2018-02-27,255159,270820,252486,268145,2746079,26.02
2018-02-28,261652,278459,261271,269674,3160694,25.99
2018-03-02,269674,284189,268145,284189,2570954,25.99
2018-03-05,295267,299467,272730,285335,4105416,25.92
2018-03-06,287245,291447,273876,282661,2643769,25.85
2018-03-07,265090,268528,247901,248283,9932638,24.4
2018-03-08,252867,270438,252486,270438,10133359,23.26
2018-03-09,263945,271202,246755,249047,4658222,23.04
2018-03-12,247520,254777,239498,245992,3371871,23.02
2018-03-13,245227,245227,233004,237588,3900388,23.14
2018-03-14,234151,241408,231858,234151,2492787,23.17
2018-03-15,239115,250193,237205,246374,2620890,23.23
2018-03-16,248283,254012,245227,247520,1777202,23.26
2018-03-19,249811,251721,242554,243699,1108150,23.2
2018-03-20,241408,248283,238734,246374,1519362,23.31
2018-03-21,246755,247901,237588,237970,1609380,23.14
2018-03-22,238351,243699,233004,237205,1540855,23.16
2018-03-23,231095,238734,227657,229185,1941403,23.04
2018-03-26,229949,233004,224601,229185,1750148,23.02
2018-03-27,234532,235678,226892,226892,1485976,22.99
2018-03-28,223073,224601,214288,221164,3359746,23.18
2018-03-29,226892,242936,225363,242171,2559964,23.28
2018-03-30,244081,245610,236061,236442,1578766,23.18
2018-04-02,237205,241408,232239,232239,920202,23.2
2018-04-03,228802,232623,226892,228420,1138954,23.16
2018-04-04,231858,233768,222691,224601,1560238,22.99
2018-04-05,222691,234532,216578,225363,2352594,23.02
2018-04-06,226129,229566,222691,223073,864836,22.94
2018-04-09,228039,236824,223837,233768,1485594,23.0
2018-04-10,236442,237970,229949,231476,1136145,22.93
2018-04-11,233768,235295,227657,227657,892316,22.89
2018-04-12,228420,231476,223837,228039,1348541,22.74
2018-04-13,225363,225363,218871,221544,1291637,22.67
2018-04-16,221164,230713,221164,225747,1078319,22.9
2018-04-17,226129,226129,220781,221544,865565,22.84
2018-04-18,224983,225747,216198,217343,1227847,22.67
2018-04-19,216198,216578,202828,203592,2894334,22.26
2018-04-20,203210,210466,196716,205502,2541836,22.45
2018-04-23,202446,204356,190605,191370,2597385,22.37
2018-04-24,191750,199007,189459,189841,2201299,22.34
2018-04-25,187549,195952,186404,191750,1738192,22.33
2018-04-26,196335,199007,195188,196335,1249702,22.25
2018-04-27,202828,212378,198626,211232,1768857,22.31
2018-04-30,210086,215052,203973,207029,1350650,22.23
2018-05-02,204356,208176,195570,197862,1681217,22.06
2018-05-03,199772,203973,196335,200155,1104783,22.05
2018-05-04,200536,201681,190222,190986,1423486,21.97
2018-05-08,191750,195570,178764,180291,1861523,21.89
2018-05-09,179527,202064,178764,197862,3342444,21.94
2018-05-10,198626,201681,192896,197862,1738878,21.87
2018-05-11,196335,204356,195570,198626,1354152,21.96
2018-05-14,200536,201681,194425,194807,1025563,21.86
2018-05-15,200155,207412,200155,204738,1949795,21.93
2018-05-16,207029,208939,203973,205120,1438318,21.84
2018-05-17,207412,208557,203210,204356,822204,21.77
2018-05-18,207412,210466,205502,206267,963724,21.72
2018-05-21,207029,208557,204738,206267,474723,21.71
2018-05-23,206267,207412,195952,196716,1305060,21.6
2018-05-24,197862,204738,197481,202064,1030516,21.72
2018-05-25,202064,213905,202064,210086,1845701,21.86
2018-05-28,205883,210849,203973,207029,1032733,21.82
2018-05-29,208939,213523,206267,206647,921183,21.84
2018-05-30,206267,207412,200536,205883,1185568,21.71
2018-05-31,209704,209704,202828,202828,998782,21.66
2018-06-01,202828,210849,202446,208939,1125530,21.74
2018-06-04,208176,208939,201681,203592,889184,21.69
2018-06-05,206267,207029,202828,203973,520355,21.65
2018-06-07,205120,208557,203592,207029,750663,21.67
2018-06-08,207029,210086,204738,205883,541359,21.7
2018-06-11,205502,206647,203973,204356,428922,21.66
2018-06-12,205883,210466,205502,208557,866632,21.7
2018-06-14,208176,213905,208176,213905,1437468,21.71
2018-06-15,214669,229185,213905,228039,2423529,22.06
2018-06-18,230713,237588,228420,233004,2171170,22.22
2018-06-19,233768,234914,218871,219635,1673819,22.17
2018-06-20,222691,230713,221927,226892,1236274,22.16
2018-06-21,227274,227657,222691,223073,968017,22.12
2018-06-22,221544,228039,220398,225747,725185,22.1
2018-06-25,228802,229949,223837,226129,638856,22.12
2018-06-26,223454,229949,219253,229949,936563,22.16
2018-06-27,228802,235678,227274,230713,1090815,22.25
2018-06-28,229566,232623,226129,227657,640895,22.23
2018-06-29,229949,234151,226510,231858,977333,22.14
2018-07-02,231476,237970,231476,231858,1188576,22.12
2018-07-03,234914,235678,228420,231476,804649,22.15
2018-07-04,229949,231095,221927,222691,962664,22.1
2018-07-05,223454,224983,211995,215432,1338972,22.05
2018-07-06,216198,223837,212378,221164,1004016,22.07
2018-07-09,220781,222691,216961,216961,576467,22.0
2018-07-10,218871,221164,214288,214669,666616,21.97
2018-07-11,214669,214669,209322,211232,749089,21.96
2018-07-12,211613,220017,211232,220017,1020922,21.95
2018-07-13,218107,221544,216198,220017,693958,21.97
2018-07-16,220781,228802,220017,224219,752531,22.06
2018-07-17,225363,227274,223073,225747,529815,22.23
2018-07-18,226892,230713,221164,221544,593514,22.28
2018-07-19,223073,224219,216198,220398,857893,22.35
2018-07-20,220017,221544,215815,218107,509064,22.39
2018-07-23,218107,218489,203973,204356,1581449,22.25
2018-07-24,205120,209322,200917,202446,972196,22.3
2018-07-25,203592,204738,188695,191750,2549794,22.04
2018-07-26,194425,199391,187549,194425,1547854,22.07
2018-07-27,195952,198626,194042,195952,723790,22.16
2018-07-30,194042,199007,190605,197098,721829,22.19
2018-07-31,196335,208557,195952,207412,949452,22.23
2018-08-01,211232,220781,210849,214288,1320532,22.3
2018-08-02,217343,217725,209322,215052,915697,22.36
2018-08-03,216578,217725,212759,214288,484815,22.35
2018-08-06,214288,216198,208176,209322,500424,22.35
2018-08-07,207412,212378,200536,209704,1444753,22.34
2018-08-08,211232,215052,210466,210849,672194,22.38
2018-08-09,203973,210849,201301,210849,1414832,22.26
2018-08-10,210466,214669,206647,207793,691487,22.26
2018-08-13,207029,207412,197862,199007,1293908,22.24
2018-08-14,198626,203973,198626,199391,730879,22.21
2018-08-16,197481,200536,192132,197481,1007589,22.14
2018-08-17,197862,205120,197862,200917,830211,22.18
2018-08-20,203210,205502,199391,199391,557884,22.1
2018-08-21,202064,207029,200536,205120,825430,22.15
2018-08-22,206647,210466,204738,205120,620456,22.17
2018-08-23,205883,209322,204738,209322,518116,22.22
2018-08-24,209704,214669,207412,213523,774621,22.29
2018-08-27,214288,216961,211995,212378,576133,22.29
2018-08-28,213523,213905,205502,205502,975686,22.23
2018-08-29,205502,209322,205502,205883,536789,22.17
2018-08-30,206267,206267,202064,203592,721989,22.1
2018-08-31,203592,208176,202446,206267,879501,22.05
2018-09-03,205120,207412,202446,203973,633935,21.98
2018-09-04,204738,215052,204738,213905,1301786,22.18
2018-09-05,214669,216961,208939,209704,829270,22.14
2018-09-06,210086,213141,207029,211995,586369,22.17
2018-09-07,212378,214669,210849,213523,531947,22.23
2018-09-10,213141,214669,208176,209322,561574,22.12
2018-09-11,208557,211613,207412,209704,488010,22.07
2018-09-12,211232,219635,209704,217725,1365746,22.13
2018-09-13,220017,224601,217725,224219,1381527,22.22
2018-09-14,223454,226510,220398,222308,941828,22.22
2018-09-17,228039,233004,226892,231095,1587960,22.51
2018-09-18,229949,231858,227274,229566,1206567,22.38
2018-09-19,229185,235295,227274,233768,1131207,22.59
2018-09-20,232623,237970,226129,226510,1461960,22.67
2018-09-21,229185,232623,226510,231095,778551,22.62
2018-09-27,230713,236061,229949,229949,707237,22.53
2018-09-28,230713,232623,223837,226892,783769,22.39
2018-10-01,226892,228802,220781,223073,850552,22.37
2018-10-02,223073,225747,220017,220398,668121,22.39
2018-10-04,221544,223837,216961,221927,686548,22.36
2018-10-05,221927,226129,219635,220781,726623,22.3
2018-10-08,219635,223073,218871,221544,426097,22.42
2018-10-10,223073,224219,218871,218871,937687,22.38
2018-10-11,216198,217725,207412,207412,2341817,22.16
2018-10-12,207412,211995,205120,209704,1188379,22.12
2018-10-15,211232,211613,198626,199772,1241803,22.0
2018-10-16,200155,203973,197862,200155,877336,22.05
2018-10-17,205120,205502,199772,202828,806157,22.05
2018-10-18,202828,204738,199007,199007,615446,21.99
2018-10-19,197098,209704,194807,208557,1030165,21.97
2018-10-22,206647,207793,203210,205120,490033,21.92
2018-10-23,190222,193660,187167,188313,9326173,20.73
2018-10-24,189459,192132,171123,172270,3501213,20.5
2018-10-25,163485,182201,161574,180673,4689629,20.47
2018-10-26,183730,184110,172270,174179,1999991,20.37
2018-10-29,174561,178764,166540,166540,1899182,20.29
2018-10-30,164248,174561,162720,172270,2751991,20.22
2018-10-31,173798,174944,165012,166158,1657097,20.23
2018-11-01,167685,183347,166540,173798,2490645,20.28
2018-11-02,178764,182201,175708,180673,1286834,20.26
2018-11-05,182583,185639,179909,183347,1102407,20.23
2018-11-06,184875,187167,180291,184110,896604,20.11
2018-11-07,184110,185257,178382,178382,954670,19.94
2018-11-08,182201,184110,181055,182201,1038741,20.02
2018-11-09,181055,182201,171888,175325,1521839,19.82
2018-11-12,165012,166540,152788,154316,4337172,19.65
2018-11-13,151261,157754,150497,153171,3493563,19.52
2018-11-14,153171,164630,152407,158901,2693625,19.65
2018-11-15,162720,166923,160428,166923,1719739,19.66
2018-11-16,168068,175325,166923,171123,1707957,19.61
2018-11-19,173416,176854,169596,174944,1371764,19.61
2018-11-20,173416,176854,172270,173798,1237737,19.49
2018-11-21,169596,172270,166540,171888,1103414,19.33
2018-11-22,172652,173416,169596,170360,482142,19.24
2018-11-23,170360,173416,168068,168833,543037,19.26
2018-11-26,169978,184110,169213,183730,1391754,19.39
2018-11-27,184493,185639,180291,181819,832037,19.34
2018-11-28,182583,184493,180291,180291,623174,19.35
2018-11-29,190986,191750,180291,181055,1815803,19.22
2018-11-30,182965,184875,181055,182965,889817,19.32
2018-12-03,186404,187549,183347,183730,660846,19.32
2018-12-04,184493,190222,184110,186020,1095349,19.35
2018-12-05,182583,185257,181437,184875,717079,19.35
2018-12-06,184110,184493,179527,179909,702524,19.35
2018-12-07,181055,189076,181055,187549,1012018,19.4
2018-12-10,185257,189076,183347,186784,741505,19.37
2018-12-11,182965,183347,168068,168068,2936167,19.36
2018-12-12,169596,174944,169596,173034,1127244,19.35
2018-12-13,172652,173034,165012,166158,2108144,19.24
2018-12-14,165776,166158,157754,158901,1542480,19.17
2018-12-17,162338,165776,153553,163867,1920810,19.32
2018-12-18,160048,170360,159664,166923,1141237,19.43
2018-12-19,168068,174561,166540,172270,1286374,19.43
2018-12-20,170742,177618,170360,171123,1591727,19.53
2018-12-21,172270,174561,167304,168068,1247650,19.49
2018-12-24,166158,167304,160811,160811,2103482,19.56
2018-12-26,155845,174179,155462,174179,4947946,19.9
2018-12-27,187788,190121,172626,173401,3921381,19.64
2018-12-28,174569,176901,169126,173014,1412966,19.63
2019-01-02,174569,175735,165626,166792,1344343,19.71
2019-01-03,166403,169126,162126,163682,1224149,19.71
2019-01-04,163682,171847,161739,171069,1456094,19.73
2019-01-07,176513,176513,167181,167959,1378286,19.55
2019-01-08,168348,170291,165238,166014,831899,19.58
2019-01-09,167570,169126,163293,166403,1087464,19.65
2019-01-10,167570,172235,166792,168348,1151216,19.68
2019-01-11,168737,169903,166403,168348,602312,19.73
2019-01-14,167959,167959,163293,164071,913566,19.73
2019-01-15,164849,166403,159795,161349,1284365,19.78
2019-01-16,162126,162904,155906,157073,1741080,19.66
2019-01-17,156295,159016,152018,152018,2007911,19.48
2019-01-18,153185,157461,151240,156295,1621499,19.62
2019-01-21,156684,156684,151629,153962,1127704,19.59
2019-01-22,154739,158238,154351,155517,749839,19.63
2019-01-23,155517,156295,154351,155517,551508,19.62
2019-01-24,155906,161739,155517,161739,1247420,19.87
2019-01-25,162126,163682,159795,162126,811983,19.88
2019-01-28,163682,166792,162904,164071,1075954,19.86
2019-01-29,164460,166014,160572,163682,639624,19.88
2019-01-30,165238,167570,164460,167181,783002,19.95
2019-01-31,169126,171847,167959,170291,1084398,19.97
2019-02-01,171847,172235,166403,166792,824535,20.02
2019-02-07,167570,168348,163293,166403,558861,20.03
2019-02-08,166014,170291,165238,167181,492891,19.97
2019-02-11,169126,169903,167181,167570,391833,19.95
2019-02-12,167570,167959,164071,165238,585841,19.89
2019-02-13,166014,166792,164071,164849,527406,19.87
2019-02-14,164849,165626,160572,163293,864656,19.7
2019-02-15,162515,165238,162126,162904,644607,19.72
2019-02-18,164460,166014,163682,164849,391277,19.77
2019-02-19,165626,168737,164460,167181,554443,20.01
2019-02-20,167959,168348,166014,166014,397345,19.95
2019-02-21,165626,166014,161349,161349,878730,19.87
2019-02-22,161349,162904,160183,160961,426590,19.86
2019-02-25,157073,161739,155517,158627,1169529,19.54
2019-02-26,159795,161739,157851,159016,781374,19.51
2019-02-27,158627,159016,157073,157461,486423,19.52
2019-02-28,157851,161739,157851,159016,896068,19.58
2019-03-04,160961,162904,159795,161349,570583,19.61
2019-03-05,161349,164849,160572,163293,784701,19.67
2019-03-06,164849,165238,162126,164071,562074,19.82
2019-03-07,162904,164071,159405,160961,509098,19.84
2019-03-08,160183,162515,159795,160183,419046,19.86
2019-03-11,159795,160572,157461,159405,384025,19.83
2019-03-12,160183,162904,159795,162515,518337,19.89
2019-03-13,162515,163293,160961,161349,356847,19.9
2019-03-14,162904,162904,157073,160183,900120,19.83
2019-03-15,159405,159405,156295,157851,681864,19.72
2019-03-18,157461,159016,156295,156295,470783,19.71
2019-03-19,156684,159405,156684,157851,359561,19.73
2019-03-20,158238,158627,155517,156295,459524,19.78
2019-03-21,155906,157461,155906,155906,392519,19.8
2019-03-22,155906,156684,154739,155129,349402,19.84
2019-03-25,154351,155906,153185,153962,345516,19.88
2019-03-26,154351,154739,149296,149686,1212158,19.68
2019-03-27,150074,150852,141521,142299,1996719,19.74
2019-03-28,140354,144242,138800,140354,1273852,19.62
2019-03-29,140354,143076,139188,140742,1005004,19.62
2019-04-01,140354,143076,139965,141521,547691,19.62
2019-04-02,142687,148130,142687,147742,859865,19.62
2019-04-03,148130,151629,146187,150464,647133,19.63
2019-04-04,150852,151629,149296,149686,347463,19.62
2019-04-05,149686,150852,147352,149296,320660,19.6
2019-04-08,150852,152018,149296,152018,473862,19.64
2019-04-09,155129,160183,154351,159016,1319821,19.73
2019-04-10,159795,163293,157851,159795,910633,19.8
2019-04-11,160572,163682,159795,163682,837010,19.84
2019-04-12,162515,164071,159795,162515,398595,19.96
2019-04-15,162904,163293,157461,158238,637187,19.89
2019-04-16,157461,162515,156295,161739,500186,19.98
2019-04-17,162126,164071,160961,162126,406307,20.12
2019-04-18,162126,162515,157073,158238,540516,20.11
2019-04-19,159016,171069,158627,169514,1665854,20.29
2019-04-22,169903,174179,169514,171457,1135969,20.37
2019-04-23,172626,174569,168348,172235,808840,20.48
2019-04-24,173401,173791,169514,169514,580307,20.52
2019-04-25,167959,170291,163293,164460,683880,20.54
2019-04-26,163682,166792,162904,164849,470210,20.52
2019-04-29,166014,168348,164849,167959,351856,20.49
2019-04-30,167959,167959,164460,164849,373953,20.41
2019-05-02,164849,164849,160961,160961,602395,20.25
2019-05-03,160961,161349,157461,159016,556160,20.23
2019-05-07,156295,162126,156295,159795,539767,20.25
2019-05-08,157461,160961,157461,159795,419827,20.24
2019-05-09,162515,165626,161739,163293,1199673,20.19
2019-05-10,162515,162515,154351,156684,898319,20.03
2019-05-13,155517,157851,150464,151240,712416,20.03
2019-05-14,149686,155129,149686,152018,642329,20.07
2019-05-15,153573,154351,152018,152407,456840,20.02
2019-05-16,153573,157073,151629,152796,543572,19.96
2019-05-17,155517,157073,151629,152018,344541,20.0
2019-05-20,152018,153573,145408,146187,700786,19.96
2019-05-21,142299,144630,140354,140742,1525094,19.92
2019-05-22,141910,144242,141910,143464,677046,20.01
2019-05-23,143853,144242,139965,140354,710195,19.93
2019-05-24,139576,141910,138411,140742,504721,19.86
2019-05-27,141131,141521,133744,135300,962479,19.85
2019-05-28,135300,144630,135300,144630,1199195,20.01
2019-05-29,144630,145408,141521,144242,737499,20.03
2019-05-30,144242,145408,141521,144630,553432,20.04
2019-05-31,143853,150464,143464,147742,859157,20.11
2019-06-03,147352,150074,145798,150074,647777,20.24
2019-06-04,150852,153185,148519,152018,531546,20.26
2019-06-05,154351,154351,151629,152407,380771,20.25
2019-06-07,152796,153185,151240,152796,326465,20.26
2019-06-10,153962,154739,152407,154351,382540,20.27
2019-06-11,154351,157851,153962,157073,486696,20.35
2019-06-12,157851,159016,156295,158627,404384,20.46
2019-06-13,159016,160961,158627,160961,656331,20.51
2019-06-14,160572,160572,155517,156295,539981,20.57
2019-06-17,156295,159795,155129,159405,419973,20.63
2019-06-18,159405,163293,159016,161739,559077,20.61
2019-06-19,163682,164849,162515,164460,490680,20.79
2019-06-20,165238,166403,164460,166403,399509,20.86
2019-06-21,166792,167181,163293,165238,1081749,20.98
2019-06-24,165238,166403,161349,162126,448334,21.08
2019-06-25,161739,162515,158627,161739,493099,21.16
2019-06-26,161739,164460,159795,163682,394332,21.25
2019-06-27,161349,162515,157851,158627,783969,21.23
2019-06-28,157851,160183,156684,159795,365072,21.27
2019-07-01,160183,162515,159016,161739,490921,21.33
2019-07-02,160961,162515,159016,159405,283238,21.31
2019-07-03,159795,161739,159016,160183,244651,21.35
2019-07-04,159795,160572,157461,158238,382756,21.39
2019-07-05,158238,161739,158238,161739,337491,21.39
2019-07-08,161349,162904,159795,160183,450772,21.37
2019-07-09,159405,160183,143076,149686,1895445,21.29
2019-07-10,150464,151629,145798,146964,830821,21.27
2019-07-11,147352,150074,146187,148908,966794,21.27
2019-07-12,148130,148519,145798,146575,452141,21.27
2019-07-15,146964,148130,140742,142687,809920,21.28
2019-07-16,141910,148519,141910,146575,690699,21.29
2019-07-17,146964,147352,141910,143464,605149,21.22
2019-07-18,141910,143464,139576,140354,736856,21.21
2019-07-19,140354,143853,140354,143464,583591,21.17
2019-07-22,144242,145798,143076,143464,348218,21.15
2019-07-23,143464,143853,140742,141521,457396,21.11
2019-07-24,141910,142299,138411,139965,599690,21.09
2019-07-25,139188,140354,137244,138411,662510,21.14
2019-07-26,137633,144630,137633,143853,749679,21.18
2019-07-29,142687,143464,139188,139188,557973,21.2
2019-07-30,139576,142687,137633,137633,649993,21.11
2019-07-31,136855,137244,128690,132577,1735976,21.16
2019-08-01,131800,136465,131800,132577,892020,21.22
2019-08-02,131024,132577,126357,127135,1603703,21.14
2019-08-05,124413,125969,113138,113138,3989170,21.32
2019-08-06,107307,120526,106917,113915,4406732,21.7
2019-08-07,117026,118970,113527,115472,1594449,21.66
2019-08-08,117026,119748,116638,119748,1386276,21.65
2019-08-09,120914,123636,120138,120914,1019501,21.53
2019-08-12,120526,122081,117803,120526,701944,21.46
2019-08-13,118970,120914,118193,118970,502135,21.43
2019-08-14,124026,124026,119359,119359,780841,21.31
2019-08-16,118581,120138,116638,119748,533400,21.38
2019-08-19,120138,121691,118193,118970,426314,21.35
2019-08-20,119359,120526,118193,120526,425429,21.33
2019-08-21,120526,124802,120138,121691,762969,21.3
2019-08-22,122081,122858,118193,118581,640350,21.15
2019-08-23,116249,118970,115860,117803,555441,21.22
2019-08-26,114693,116249,109251,110027,1505444,21.16
2019-08-27,113138,115083,111583,112750,951176,21.17
2019-08-28,112750,121691,111972,121303,1426901,21.18
2019-08-29,121691,125580,120138,122081,1310148,21.0
2019-08-30,124802,125191,121691,122081,646443,20.93
2019-09-02,121303,123636,118581,121691,488780,20.98
2019-09-03,121691,126746,121691,124802,1032888,21.02
2019-09-04,124413,130634,124413,130246,1041665,20.93
2019-09-05,131412,132189,126746,127524,831907,20.79
2019-09-06,128302,129079,125969,128690,456509,20.78
2019-09-09,130246,130246,128302,129079,411279,20.73
2019-09-10,129468,130634,127913,128302,417945,20.73
2019-09-11,129468,132968,129079,131412,1279799,20.67
2019-09-16,131800,132968,129468,132577,735271,20.63
2019-09-17,132577,135688,131412,132968,940142,20.67
2019-09-18,134134,136465,133744,134912,709395,20.74
2019-09-19,135688,136077,129856,131024,986186,20.57
2019-09-20,131412,136855,131412,136465,765839,20.57
2019-09-23,137244,137244,131412,132968,1137814,20.53
2019-09-24,131024,132577,129079,131024,1061541,20.26
2019-09-25,131024,132968,128690,129468,756497,20.19
2019-09-26,130246,132189,128690,129856,518885,20.29
2019-09-27,131024,131412,128302,129079,341405,20.32
2019-09-30,129468,129856,124802,127524,662151,20.35
2019-10-01,131412,135688,129468,134912,1585377,20.37
2019-10-02,133744,137244,132968,134134,790470,20.36
2019-10-04,134134,135688,132968,134522,553704,20.39
2019-10-07,135300,139576,134522,138800,904578,20.37
2019-10-08,139576,141521,136465,140354,802394,20.39
2019-10-10,139188,141521,138022,140742,781200,20.44
2019-10-11,141521,143853,139965,141131,653406,20.48
2019-10-14,143076,143076,140354,141910,420337,20.47
2019-10-15,141521,143076,140354,142687,323912,20.51
2019-10-16,145020,146187,143464,145408,574355,20.53
2019-10-17,146575,147742,145020,146187,497430,20.56
2019-10-18,146187,146575,140742,141131,559610,20.48
2019-10-21,140742,143464,138800,141521,489964,20.49
2019-10-22,142687,150074,141910,148908,1383738,20.67
2019-10-23,150074,157461,150074,152796,2024883,20.86
2019-10-24,150464,153185,146964,153185,1160946,20.9
2019-10-25,154351,156684,151629,153185,654203,20.84
2019-10-28,153962,156295,153185,156295,508375,20.9
2019-10-29,157073,160572,157073,159795,791213,21.04
2019-10-30,160961,160961,157073,158627,542409,21.06
2019-10-31,160572,160572,155517,155517,674780,21.02
2019-11-01,155517,155517,152407,154739,668194,21.06
2019-11-04,155906,156295,153573,154351,625938,20.98
2019-11-05,153962,154739,152407,153573,569070,20.97
2019-11-06,154739,154739,152796,152796,449025,20.9
2019-11-07,155517,156295,147352,148519,1316201,20.75
2019-11-08,150464,150464,144630,146187,1038588,20.69
2019-11-11,145798,146575,141521,144630,823281,20.63
2019-11-12,144242,145798,143076,144242,528888,20.55
2019-11-13,143076,144242,140742,140742,666826,20.53
2019-11-14,141910,145408,141521,145020,753593,20.5
2019-11-15,145408,145798,143076,144630,488140,20.45
2019-11-18,145408,146187,144242,145020,361118,20.39
2019-11-19,144630,145020,141521,142687,509124,20.41
2019-11-20,142687,144242,141521,143464,529159,20.41
2019-11-21,144630,144630,135300,137633,1113473,20.26
2019-11-22,136465,138022,133356,136077,796150,20.22
2019-11-25,136855,141131,136855,140742,648644,20.13
2019-11-26,143464,144242,139965,139965,901735,19.99
2019-11-27,142299,144630,139188,143076,758591,19.98
2019-11-28,142299,144242,138411,138800,600417,19.94
2019-11-29,138800,139188,133744,135300,759636,19.89
2019-12-02,136077,138022,135300,136465,445461,19.88
2019-12-03,134522,136465,133744,135688,366819,19.88
2019-12-04,134522,136077,132189,132968,549755,19.88
2019-12-05,134134,134522,128690,131024,748452,19.93
2019-12-06,131412,133356,131024,132189,433959,19.97
2019-12-09,132189,132968,130246,130634,445268,20.04
2019-12-10,130634,131412,128302,129468,718168,20.01
2019-12-11,129468,129856,127524,127913,623371,19.96
2019-12-12,128690,133356,128302,132968,1236644,20.06
2019-12-13,134912,135300,132189,133744,786310,19.93
2019-12-16,133744,134522,131412,132189,449243,19.76
2019-12-17,132577,139576,131800,139188,1230124,19.73
2019-12-18,141521,141521,137633,138022,730689,19.73
2019-12-19,139576,142299,138800,140354,885852,19.66
2019-12-20,141131,142299,139965,141521,711237,19.78
2019-12-23,142299,146964,142299,145020,1121446,19.79
2019-12-24,146187,146964,143076,143853,880590,19.72
2019-12-26,145408,147742,143853,147352,2750573,19.73
2019-12-27,148980,152237,146539,149794,1727412,19.65
2019-12-30,148980,150609,146946,147352,648441,19.64
2020-01-02,147352,148980,143281,146539,763806,19.62
2020-01-03,147759,148573,144096,144503,611760,19.63
2020-01-06,141654,142875,140432,140839,706402,19.67
2020-01-07,142060,145723,141654,144910,561801,19.71
2020-01-08,142468,143281,138805,140839,1094588,19.87
2020-01-09,144910,146131,142468,144096,638189,19.92
2020-01-10,145317,145317,142468,144503,529564,20.0
2020-01-13,145723,147352,145317,146131,556593,19.93
2020-01-14,146131,147759,144096,144910,621824,19.87
2020-01-15,144910,145317,143281,143688,360569,19.92
2020-01-16,143281,151830,141654,146946,1563332,19.85
2020-01-17,146946,147352,141654,142468,1004873,19.83
2020-01-20,141654,142468,140025,140432,698319,19.9
2020-01-21,141654,142875,140432,140432,507325,19.96
2020-01-22,140432,143688,140432,143688,467405,20.06
2020-01-23,144503,144503,141654,142875,429037,20.16
2020-01-28,138805,141247,138396,138805,832735,20.17
2020-01-29,140432,140839,138396,139211,601997,20.21
2020-01-30,140025,140839,134733,135955,776367,20.11
2020-01-31,136769,139618,134326,134326,722199,19.94
2020-02-03,131884,136362,130255,135547,838490,19.98
2020-02-04,136362,137989,134326,136362,877248,20.06
2020-02-05,137583,137989,133105,133919,804453,19.97
2020-02-06,135141,141654,134733,140432,1021314,20.12
2020-02-07,141247,141654,138396,139618,529079,20.08
2020-02-10,139211,142875,137989,140839,609425,20.09
2020-02-11,141654,143688,140432,141247,532362,20.06
2020-02-12,141654,142468,140025,141654,400771,20.06
2020-02-13,142875,147352,142875,145317,1492531,20.13
2020-02-14,144910,148167,144503,147352,792940,20.12
2020-02-17,148573,152644,148573,151422,980531,20.3
2020-02-18,152237,152237,148573,150202,676075,20.36
2020-02-19,151422,152237,146539,147759,907565,20.4
2020-02-20,148167,148573,143688,145723,925194,20.34
2020-02-21,143688,147352,143281,144096,551248,20.44
2020-02-24,140432,142060,137583,137583,944180,20.38
2020-02-25,137583,140839,137176,140432,698830,20.34
2020-02-26,138396,144096,137583,140839,943278,20.36
2020-02-27,141247,142468,137583,138805,809290,20.38
2020-02-28,136769,139618,135955,138396,1006080,20.47
2020-03-02,138805,142468,137176,142468,808415,20.53
2020-03-03,145317,145723,140025,140432,805516,20.51
2020-03-04,139618,142468,139211,142060,524530,20.57
2020-03-05,144096,148167,142060,148167,1115923,20.79
2020-03-06,147759,148980,144096,144503,868228,20.75
2020-03-09,142468,146946,141247,141654,1218576,20.71
2020-03-10,140025,147352,137583,147352,1478895,20.81
2020-03-11,146539,148167,140839,142468,1003402,20.81
2020-03-12,141247,144910,137176,140432,1486397,20.72
2020-03-13,134326,141654,127406,138805,2737339,20.55
2020-03-16,143281,144910,134733,134733,1295012,20.54
2020-03-17,128627,139211,128627,136769,1719901,20.55
2020-03-18,136769,139211,127813,127813,1492137,20.53
2020-03-19,133105,133919,112753,113974,3550166,20.56
2020-03-20,118451,124557,114788,124150,2480214,20.7
2020-03-23,118451,150202,118045,142468,8212517,21.2
2020-03-24,145317,155086,144096,149794,4795046,21.29
2020-03-25,155493,155901,144503,148980,2867602,21.09
2020-03-26,148167,155493,145317,147759,2998438,20.87
2020-03-27,153458,154680,145317,149794,2367665,20.96
2020-03-30,148167,151830,147759,150609,1151876,21.0
2020-03-31,152644,189279,151015,186429,13673763,21.21
2020-04-01,190500,192129,161192,161192,6397381,21.3
2020-04-02,151422,161599,148167,158750,10643031,20.19
2020-04-03,155901,176661,155901,159564,5099867,20.26
2020-04-06,164855,172997,163228,170147,3413515,20.21
2020-04-07,169740,174625,165264,170962,2710685,20.24
2020-04-08,170962,172589,168519,168519,1339006,20.23
2020-04-09,172182,176253,169740,171369,1656831,20.09
2020-04-10,174218,175032,165264,170555,2139708,19.91
2020-04-13,170962,183580,169333,175439,4465609,19.97
2020-04-14,179103,179510,172589,175846,1564873,19.98
2020-04-16,174625,177068,173811,175032,952221,19.97
2020-04-17,175439,176253,167298,171776,2194399,19.99
2020-04-20,171369,175846,169333,172589,1121910,20.05
2020-04-21,173404,177474,168519,172589,2200562,20.11
2020-04-22,169333,177068,169333,174218,1380504,20.14
2020-04-23,175439,176253,172997,174218,779929,20.16
2020-04-24,173811,176661,171369,172182,1322488,20.14
2020-04-27,173811,175032,172182,172997,597322,20.13
2020-04-28,172997,174218,169333,170147,892622,20.01
2020-04-29,170147,171776,168519,171369,803917,20.12
2020-05-04,169333,171776,165670,165670,1056813,20.01
2020-05-06,166484,169333,163228,168519,741894,20.03
2020-05-07,167705,168519,165670,166077,494657,19.99
2020-05-08,167705,174218,166890,171369,1100250,20.1
2020-05-11,175032,175439,170962,171369,853747,20.09
2020-05-12,172589,177068,171369,171776,1207348,20.08
2020-05-13,171776,175032,170962,175032,937679,20.13
2020-05-14,175032,176661,172589,176661,1178376,20.17
2020-05-15,178288,180324,175032,177068,1016489,20.1
2020-05-18,179103,180731,172589,173404,1214799,20.11
2020-05-19,173404,174625,170147,173404,870950,20.15
2020-05-20,174625,178288,173811,177881,813126,20.28
2020-05-21,177881,179103,175439,177881,651184,20.3
2020-05-22,179103,179916,173404,175846,782946,20.28
2020-05-25,175846,175846,173811,175032,455749,20.31
2020-05-26,175439,176253,173404,174625,592811,20.27
2020-05-27,172589,174218,171776,173404,726817,20.31
2020-05-28,172997,173811,167705,171776,880046,20.24
2020-05-29,172589,174218,170555,173811,811117,20.27
2020-06-01,174218,189279,173404,185208,4188919,20.67
2020-06-02,187244,189279,180731,182766,1370582,20.53
2020-06-03,188465,191314,182766,185208,2227585,20.48
2020-06-04,185208,201898,184802,201083,3730914,20.63
2020-06-05,198641,212074,197828,208818,3561485,20.71
2020-06-08,212074,214109,205969,208411,1556317,20.7
2020-06-09,209225,215330,207596,214517,1652909,20.79
2020-06-10,214517,219808,212888,218588,1311464,20.77
2020-06-11,227950,243825,223471,234463,4833124,21.02
2020-06-12,227950,247081,227135,242196,4748454,21.01
2020-06-15,242604,245046,218588,223065,3859250,20.98
2020-06-16,230392,241789,229985,238939,2507029,21.16
2020-06-17,239347,242604,228356,235684,2023143,21.12
2020-06-18,236497,239754,232834,234055,963232,21.08
2020-06-19,235276,238126,228763,237313,1336160,21.19
2020-06-22,237313,244231,235684,241789,1432639,21.19
2020-06-23,248710,267841,246267,259293,5509456,21.42
2020-06-24,263363,269469,256851,259700,2402881,21.31
2020-06-25,256851,262956,256036,257257,1128058,21.3
2020-06-26,260514,261328,250337,254409,1139706,21.31
2020-06-29,257664,265398,253188,253188,1625371,21.33
2020-06-30,254001,256036,243418,249117,1863544,21.36
2020-07-01,250745,251559,240975,242196,1243132,21.36
2020-07-02,242604,253594,242604,251152,1393526,21.45
2020-07-03,253594,254001,244638,251965,934701,21.4
2020-07-06,251152,254815,247896,248710,933274,21.25
2020-07-07,248710,257257,246674,251152,1233066,21.28
2020-07-08,254409,257257,251152,253594,871849,21.23
2020-07-09,262549,267027,258479,263770,2011424,21.25
2020-07-10,267434,269877,257664,264178,1280468,21.24
2020-07-13,265806,268248,261328,267841,952230,21.25
2020-07-14,266213,269877,262143,263770,1035260,21.2
2020-07-15,264585,265806,255629,257257,1194852,21.15
2020-07-16,255222,261735,252780,256444,902099,21.16
2020-07-17,258886,268655,256444,267027,1524465,21.25
2020-07-20,273947,276389,262549,262956,1708851,21.17
2020-07-21,265806,269469,258886,261735,1495981,21.18
2020-07-22,262549,262956,256444,261735,919632,21.2
2020-07-23,261735,265398,258071,262143,868902,21.25
2020-07-24,258479,267027,258071,259700,969531,21.27
2020-07-27,260514,261328,257664,258071,623213,21.25
2020-07-28,263363,263770,257257,258479,818142,21.14
2020-07-29,256036,258071,242604,245453,2338010,21.05
2020-07-30,243825,253188,233648,244231,3345763,21.1
2020-07-31,244231,249117,240975,241383,1011831,21.14
2020-08-03,239347,245453,230799,243418,1868962,21.18
2020-08-04,243825,249930,241789,245860,1095038,21.2
2020-08-05,247488,256444,247081,256444,1305974,21.23
2020-08-06,260107,260514,251965,253188,1022809,21.19
2020-08-07,253188,258071,250337,256036,1183862,21.22
2020-08-10,261328,263770,255222,256444,1500089,21.21
2020-08-11,256851,259293,254409,255629,851726,21.2
2020-08-12,254409,255222,245046,245860,1377740,21.15
2020-08-13,246267,260514,245453,251152,2155503,21.35
2020-08-14,250745,254001,244231,247896,1274935,21.43
2020-08-18,249930,257257,245453,247488,1429497,21.5
2020-08-19,255629,256036,246674,247488,1081275,21.42
2020-08-20,246674,258071,245046,248302,2098447,21.53
2020-08-21,250745,251152,240975,245046,1274463,21.42
2020-08-24,247896,253188,245453,252372,1000092,21.62
2020-08-25,252780,253188,247896,249523,737057,21.55
2020-08-26,254001,260107,251559,252780,1550294,21.63
2020-08-27,252780,253188,247488,247896,887913,21.56
2020-08-28,249117,250745,247081,247896,685336,21.52
2020-08-31,248302,248710,241383,241789,1326438,21.32
2020-09-01,241789,245860,240161,242604,821263,21.24
2020-09-02,243825,247488,242604,244638,672701,21.22
2020-09-03,244638,245453,242196,243825,610984,21.22
2020-09-04,237719,241789,237719,239347,752046,21.19
2020-09-07,240161,249117,236904,248302,1248690,21.17
2020-09-08,246674,262143,241789,258886,3314200,21.12
2020-09-09,256036,262143,242604,243011,3049288,21.07
2020-09-10,243825,246267,239347,243011,1531688,21.04
2020-09-11,243011,250337,241383,243011,1256286,21.05
2020-09-14,243418,245046,239754,240975,624110,21.04
2020-09-15,241383,243418,239347,240975,507407,21.05
2020-09-16,241789,246674,240975,241789,539072,21.06
2020-09-17,243825,243825,236904,237313,842540,21.0
2020-09-18,243418,245046,237313,237313,927024,20.97
2020-09-21,237313,238533,225507,226729,1319569,20.96
2020-09-22,225100,229985,214924,218179,1643460,21.03
2020-09-23,218995,222251,208818,216552,1599788,21.16
2020-09-24,211260,215330,202712,203526,1623268,21.28
2020-09-25,205562,215330,205155,210446,1537058,21.36
2020-09-28,219401,219401,207190,207596,1274778,21.19
2020-09-29,208818,210446,204340,209632,843662,21.21
2020-10-05,210854,212074,204340,207190,784961,21.14
2020-10-06,208004,210854,207190,210038,683831,21.12
2020-10-07,210854,212888,208818,212074,605022,21.0
2020-10-08,214109,221029,213296,213296,1074774,20.89
2020-10-12,216959,223471,214517,222658,951739,20.86
2020-10-13,224693,224693,218588,220216,665056,20.81
2020-10-14,218995,219401,212888,213296,718947,20.77
2020-10-15,212481,214109,206782,207596,770251,20.71
2020-10-16,207190,213703,206782,208818,667153,20.69
2020-10-19,208818,212888,207190,208004,635993,20.61
2020-10-20,205155,205969,195792,199863,1492872,20.61
2020-10-21,198641,200677,195792,198641,768426,20.65
2020-10-22,196606,199863,192129,193349,1021544,20.75
2020-10-23,194164,197012,190094,193757,888455,20.8
2020-10-26,197828,202712,192536,193757,1161298,20.7
2020-10-27,193349,199456,190500,194571,845066,20.7
2020-10-28,196199,197828,194571,197421,523914,20.66
2020-10-29,194978,208411,194571,205969,1211316,20.63
2020-10-30,205969,206375,196199,196199,1013512,20.45
2020-11-02,197421,202712,195385,199048,597370,20.44
2020-11-03,201083,211260,200677,210854,1248440,20.5
2020-11-04,214109,220622,211667,220216,1629622,20.49
2020-11-05,222251,223065,216959,221437,1186263,20.44
2020-11-06,223471,231205,220216,225914,1461388,20.47
2020-11-09,229985,234463,229171,232021,1088687,20.43
2020-11-10,230799,232427,224693,225100,1284857,20.48
2020-11-11,225507,245046,224287,241383,3397068,20.59
2020-11-12,240161,241383,235276,237719,1258937,20.55
2020-11-13,235684,239754,230799,236091,1022543,20.56
2020-11-16,236904,239754,234463,234870,725500,20.52
2020-11-17,233241,238533,229985,232834,1126757,20.59
2020-11-18,234055,238533,232021,236904,778606,20.58
2020-11-19,243418,245046,238126,239347,1238671,20.51
2020-11-20,238939,242196,238533,241383,656443,20.5
2020-11-23,244231,247488,243011,245046,1204428,20.45
2020-11-24,248302,248302,242604,245453,1039198,20.43
2020-11-25,247488,306104,247081,268655,13175090,20.72
2020-11-26,272726,275168,262956,268248,3413217,20.71
2020-11-27,268248,273540,267841,271912,1630462,20.69
2020-11-30,274761,289415,274353,276796,3761168,20.62
2020-12-01,281681,286158,275168,280053,1526777,20.61
2020-12-02,281274,283310,277611,282495,1410800,20.57
2020-12-03,280867,292671,279239,285752,2093517,20.54
2020-12-04,289822,313838,289415,309362,5815660,20.89
2020-12-07,322794,328493,309362,328493,4256578,21.36
2020-12-08,322387,327679,282495,284937,5651524,21.0
2020-12-09,286566,296742,266213,287787,4421225,21.13
2020-12-10,280460,299999,280053,293079,2526292,20.94
2020-12-11,304070,304070,293486,293893,1371149,20.83
2020-12-14,298370,301627,284937,291044,2058894,20.7
2020-12-15,293079,294707,278018,293079,2989917,20.75
2020-12-16,296336,297149,286973,287787,1554947,20.69
2020-12-17,283716,290228,282088,286158,1118526,20.79
2020-12-18,287380,291044,285752,289822,1132364,20.81
2020-12-21,293893,303254,290228,298778,2463728,20.96
2020-12-22,299591,302034,292265,292265,1668656,20.66
2020-12-23,296336,297963,288194,289008,1750760,20.76
2020-12-24,289415,291450,279645,282903,2550329,20.75
2020-12-28,284530,293079,263770,271505,8961447,21.19
2020-12-29,298862,302594,287671,298862,6905682,21.09
2020-12-30,300521,302594,290987,297619,2542542,20.96
2021-01-04,291401,293888,284355,288085,2420281,20.67
2021-01-05,291401,295132,286012,293888,1514755,20.74
2021-01-06,295962,298035,293060,293060,1179124,20.77
2021-01-07,294303,298035,290987,296376,1153816,20.81
2021-01-08,298035,306739,295132,304251,2074627,20.84
2021-01-11,312542,320417,304251,310054,3166094,20.71
2021-01-12,315443,320832,306739,318346,2985622,20.52
2021-01-13,315029,323318,310884,316273,2513314,20.47
2021-01-14,303423,310054,290987,292231,4132012,20.37
2021-01-15,289328,289743,269847,272749,4099113,20.36
2021-01-18,271505,286842,260313,260313,3137625,20.41
2021-01-19,255339,262799,245805,259069,3980829,20.59
2021-01-20,261556,268604,255339,257826,1683203,20.53
2021-01-21,260313,263215,254095,258655,1307464,20.51
2021-01-22,259069,261556,255339,256996,1007494,20.48
2021-01-25,258241,266945,257826,266116,1135215,20.5
2021-01-26,271505,277722,266531,267360,1515077,20.46
2021-01-27,270260,276064,263629,272749,1223071,20.53
2021-01-28,264872,280210,261972,277308,1795980,20.8
2021-01-29,277308,281039,267360,268604,1299000,20.85
2021-02-01,276893,317515,276064,307567,7259826,21.53
2021-02-02,306739,306739,292231,294718,2800374,21.47
2021-02-03,296376,298035,280210,288085,2318936,21.27
2021-02-04,286012,289743,279795,283112,1326346,21.25
2021-02-05,288085,294303,277722,283112,2409348,21.33
2021-02-08,290158,291401,278552,278552,946358,21.26
2021-02-09,278552,279795,271919,271919,1187871,21.31
2021-02-10,270676,275235,269017,275235,886415,21.43
2021-02-15,281868,284769,276064,276064,1433256,21.4
2021-02-16,277722,278137,269017,269433,998196,21.4
2021-02-17,269017,272749,261556,266531,1147394,21.37
2021-02-18,265288,270676,260727,260727,809480,21.33
2021-02-19,257411,264045,253681,264045,1032030,21.36
2021-02-22,266945,267360,255753,256582,874636,21.25
2021-02-23,257826,259069,245390,245390,1522167,21.2
2021-02-24,242488,249536,233784,233784,1803150,21.31
2021-02-25,240830,256168,237515,255339,1662353,21.32
2021-02-26,248706,252022,242075,246633,1281532,21.19
2021-03-02,250780,254510,239172,241660,1096678,21.11
2021-03-03,242488,253681,240417,251193,1059167,21.17
2021-03-04,251193,256996,246633,254095,931716,21.06
2021-03-05,252852,254510,248706,249949,566654,20.99
2021-03-08,252022,252022,240830,241245,718769,20.95
2021-03-09,238759,242075,232541,238344,1029265,20.98
2021-03-10,241660,245805,235442,236686,596963,20.82
2021-03-11,236686,245805,235857,242904,796884,20.95
2021-03-12,245390,249536,242904,246220,502925,20.97
2021-03-15,245805,246220,239587,239587,572368,20.89
2021-03-16,240830,247049,239587,245805,495517,20.94
2021-03-17,245805,247049,241245,243318,434891,20.93
2021-03-18,244977,248292,242075,242075,484633,20.9
2021-03-19,238759,240830,235442,237929,553669,20.86
2021-03-22,240417,244147,237100,239587,561783,20.85
2021-03-23,243732,252022,241245,242488,866278,20.86
2021-03-24,243732,250365,242075,248706,684228,20.97
2021-03-25,249949,254925,247877,254925,706266,20.93
2021-03-26,258241,262385,252022,260313,983536,20.91
2021-03-29,275650,277308,266945,273992,2155083,21.19
2021-03-30,272333,272749,267774,268188,741780,21.22
2021-03-31,270676,273577,267360,269017,638792,21.17
2021-04-01,268188,271505,263629,269017,637965,21.3
2021-04-02,269017,270260,263629,265701,603658,21.22
2021-04-05,263629,264457,254510,255339,864687,21.28
2021-04-06,256168,259484,250365,251608,765941,21.28
2021-04-07,252022,258655,251193,253681,552472,21.3
2021-04-08,254095,258241,251193,258241,586882,21.36
2021-04-09,259069,260727,256168,256582,418673,21.33
2021-04-12,256582,257826,253681,257411,412898,21.32
2021-04-13,259069,264457,256168,261972,691793,21.38
2021-04-14,262799,264457,259484,261142,492062,21.34
2021-04-15,260727,261142,256168,256582,659892,21.33
2021-04-16,257411,258655,254095,255339,456121,21.33
2021-04-19,255339,259898,253265,256582,686844,21.37
2021-04-20,254095,255339,248292,248706,1276261,21.29
2021-04-21,244977,246633,240417,240830,1211749,21.24
2021-04-22,242075,244147,237929,238759,931251,21.2
2021-04-23,238759,241245,236270,238759,629085,21.2
2021-04-26,238759,239172,235442,236270,864854,21.19
2021-04-27,236270,236686,226737,227152,1621905,21.09
2021-04-28,225909,233784,220519,223836,1654632,21.13
2021-04-29,224251,229639,218862,222592,1250554,21.1
2021-04-30,223836,226322,219691,220519,842979,21.1
2021-05-03,219691,222178,206012,206840,2329389,20.97
2021-05-04,203524,215959,202281,215545,2205158,21.02
2021-05-06,215545,216790,208084,209328,1390896,20.74
2021-05-07,210157,225494,209742,220934,1569319,20.79
2021-05-10,229225,230053,223006,227981,1159514,20.67
2021-05-11,226737,229225,220934,224251,832433,20.61
2021-05-12,224251,227566,216790,217618,930889,20.62
2021-05-13,215959,224251,215545,219691,1039973,20.6
2021-05-14,219691,225079,216790,224251,689223,20.66
2021-05-17,227152,229639,223006,223421,689066,20.59
2021-05-18,219691,226737,218448,225494,529804,20.58
2021-05-20,223006,225909,222592,223836,489144,20.59
2021-05-21,225494,228809,222592,222592,547444,20.59
2021-05-24,223006,223006,216790,217202,547764,20.58
2021-05-25,218033,225494,216375,225494,646512,20.66
2021-05-26,223836,226322,222178,224251,343894,20.67
2021-05-27,224251,225494,219691,223006,618656,20.62
2021-05-28,223421,228809,222178,226737,719168,20.66
2021-05-31,227981,230468,227152,227566,522209,20.73
2021-06-01,227566,228395,223836,225909,397636,20.72
2021-06-02,225079,225909,220934,220934,650281,20.65
2021-06-03,220519,225494,218862,220934,616342,20.65
2021-06-04,220105,222592,218033,221349,550408,20.63
2021-06-07,222178,223421,218448,219275,423338,20.66
2021-06-08,219691,224664,219691,223006,657396,20.71
2021-06-09,224251,225079,216790,216790,729592,20.59
2021-06-10,218448,221349,216375,220105,672630,20.72
2021-06-11,221349,225079,219275,220105,588941,20.72
2021-06-14,225909,233370,223006,232955,1837060,20.91
2021-06-15,232955,233370,227981,227981,736517,20.79
2021-06-16,227566,227566,223836,225079,482031,20.74
2021-06-17,223836,225494,222592,223006,467597,20.73
2021-06-18,223006,225494,223006,223836,574396,20.72
2021-06-21,223836,233370,222592,232541,1213434,20.9
2021-06-22,232125,232541,226737,227152,644612,20.76
2021-06-23,227981,235442,227152,233370,1152041,20.87
2021-06-24,234614,235857,228395,230882,664433,20.76
2021-06-25,231711,232955,216375,220105,1343575,20.76
2021-06-28,222592,224664,220105,220519,624744,20.64
2021-06-29,220519,222178,218448,219691,412072,20.63
2021-06-30,220105,224664,219275,222592,470190,20.64
2021-07-01,223836,223836,219275,221763,567746,20.61
2021-07-02,221763,221763,219275,220519,425540,20.59
2021-07-05,221349,229639,221349,226322,715887,20.69
2021-07-06,225494,225909,221349,221349,623177,20.49
2021-07-07,221763,223006,220519,220934,373519,20.54
2021-07-08,222178,223421,220519,220519,540649,20.54
2021-07-09,218862,220105,213887,217202,800896,20.44
2021-07-12,220105,221763,217618,217618,363869,20.41
2021-07-13,220105,221763,217618,218033,413507,20.39
2021-07-14,218033,218862,215545,216375,440244,20.34
2021-07-15,217202,223836,216790,220934,552460,20.38
2021-07-16,219275,225494,217618,223006,697248,20.37
2021-07-19,225079,225494,218033,218033,558709,20.32
2021-07-20,220934,228395,220519,226322,1343477,20.5
2021-07-21,228809,228809,221763,221763,633724,20.39
2021-07-22,223421,223836,220934,223421,361290,20.33
2021-07-23,223006,225079,222178,222592,299117,20.33
2021-07-26,223006,223836,218862,218862,399519,20.41
2021-07-27,220934,223006,217618,218448,354077,20.4
2021-07-28,218448,219691,215959,216790,401934,20.39
2021-07-29,216790,218448,216375,216790,283202,20.37
2021-07-30,216790,217202,210157,210157,757275,20.3
2021-08-02,211814,218862,211814,218448,553876,20.35
2021-08-03,218448,219691,215959,219691,337667,20.38
2021-08-04,219691,225909,219275,223421,600444,20.43
2021-08-05,223836,227981,222592,223006,496790,20.42
2021-08-06,224664,226322,221763,225079,400912,20.49
2021-08-09,224251,224664,219275,220519,424321,20.5
2021-08-10,220934,225494,220519,223836,554772,20.61
2021-08-11,225494,237100,224251,234614,2256839,20.87
2021-08-12,239172,241245,232125,233370,1287959,20.75
2021-08-13,235442,237515,227566,228395,971266,20.75
2021-08-17,227152,234614,224664,227152,947995,20.78
2021-08-18,227981,229639,223836,227152,507504,20.74
2021-08-19,225079,231711,223836,224664,604056,20.77
2021-08-20,226737,229225,219691,220519,781281,20.68
2021-08-23,223006,237515,223006,235442,1635366,20.93
2021-08-24,238759,239172,231711,234198,846253,20.9
2021-08-25,234198,234198,228809,233784,542209,20.88
2021-08-26,233784,239587,232541,235857,729931,20.9
2021-08-27,236270,246220,234198,244147,1450910,20.98
2021-08-30,246633,249121,240830,241245,938114,20.88
2021-08-31,242488,243732,238759,242904,735605,20.87
2021-09-01,242904,244977,239587,240830,507871,20.79
2021-09-02,239172,242488,237515,238759,509284,20.84
2021-09-03,239587,240830,234614,234614,531276,20.85
2021-09-06,234198,236270,229225,230882,502593,20.83
2021-09-07,231298,233784,228809,231711,416720,20.82
2021-09-08,230468,232125,226322,226737,561657,20.77
2021-09-09,225494,228395,221349,223006,717980,20.76
2021-09-10,223421,224664,220105,221763,475359,20.71
2021-09-13,220934,221349,215959,217202,609760,20.68
2021-09-14,216790,219691,215959,218033,502615,20.63
2021-09-15,220519,228395,220105,225909,695116,20.73
2021-09-16,228809,228809,220934,221349,427257,20.74
2021-09-17,224664,228809,223836,228395,807834,20.83
2021-09-23,237929,241245,234198,235857,1487390,20.98
2021-09-24,236270,236686,227152,227566,764626,20.89
2021-09-27,225494,225909,221349,221763,618080,20.77
2021-09-28,219691,223421,218033,218448,621943,20.74
2021-09-29,215131,219691,215131,216375,569276,20.71
2021-09-30,215545,218033,214716,215131,556553,20.63
2021-10-01,213887,214302,205182,205597,1230842,20.65
2021-10-05,198965,199379,179068,180727,2913602,20.53
2021-10-06,181140,188602,175751,175751,2212611,20.68
2021-10-07,178240,181969,175338,176581,1293747,20.72
2021-10-08,178653,186528,178653,185701,1196806,20.84
2021-10-12,184457,184871,176581,177824,939390,20.77
2021-10-13,175338,180727,175338,178653,556070,20.77
2021-10-14,179897,184871,178653,184043,680037,20.75
2021-10-15,185701,186528,181556,182385,515526,20.73
2021-10-18,183212,183212,178240,179483,498080,20.72
2021-10-19,179897,181140,176996,180727,582087,20.76
2021-10-20,181969,186944,181140,181556,630828,20.79
2021-10-21,182385,183212,180312,180312,410782,20.79
2021-10-22,179897,182799,177824,181969,353710,20.82
2021-10-25,181969,182385,178240,179483,405942,20.77
2021-10-26,180727,186528,180312,184457,655088,20.86
2021-10-27,184457,184457,181140,181556,321406,20.84
2021-10-28,182385,182799,178653,178653,461124,20.8
2021-10-29,179897,179897,165804,166218,1810221,20.69
2021-11-01,166218,172851,162488,170363,1040360,20.83
2021-11-02,170778,175751,169534,171193,979914,20.8
2021-11-03,171607,174923,169120,174094,488681,20.85
2021-11-04,174508,178240,171607,172851,514621,20.81
2021-11-05,172851,173679,168705,173265,589579,20.82
2021-11-08,167461,168291,160416,163317,1424622,20.56
2021-11-09,164561,172021,163732,170363,848170,20.68
2021-11-10,174508,183212,173265,177410,1537622,20.66
2021-11-11,174094,178240,172021,176167,821653,20.66
2021-11-12,192332,192747,176581,176996,1921359,20.39
2021-11-15,188187,208084,183628,193163,5403735,20.4
2021-11-16,192332,194820,187359,189846,1217292,20.37
2021-11-17,188602,190674,181140,181556,1105913,20.35
2021-11-18,179483,183628,178240,178240,653406,20.32
2021-11-19,178653,185286,178653,184871,780038,20.38
2021-11-22,183212,188602,181556,186528,682921,20.33
2021-11-23,181556,182799,171193,175338,1720296,20.14
2021-11-24,174508,177824,172851,174923,810298,20.14
2021-11-25,175338,177410,172851,173265,573797,20.08
2021-11-26,173265,181140,172436,177410,1050322,20.12
2021-11-29,182799,186115,175751,176167,1265525,20.0
2021-11-30,180727,181140,170363,171607,1386496,19.94
2021-12-01,174923,180727,173679,175338,1013277,19.98
2021-12-02,174094,177410,171193,176581,630013,20.0
2021-12-03,174923,176167,171193,174508,764045,19.97
2021-12-06,172436,174508,169949,171193,675821,19.93
2021-12-07,171193,171193,166633,168705,834326,19.95
2021-12-08,169534,174094,169534,172021,757935,20.06
2021-12-09,172436,176167,171193,174923,978179,20.09
2021-12-10,174923,175338,171607,172436,459377,20.15
2021-12-13,174094,174508,169534,169949,495541,20.11
2021-12-14,169949,172851,169534,170778,413215,20.15
2021-12-15,170363,174508,170363,171193,521966,20.17
2021-12-16,172436,173265,169949,170778,395855,20.26
2021-12-17,169949,172851,168291,171607,631697,20.34
2021-12-20,171193,175338,170363,170778,660645,20.33
2021-12-21,171607,172021,169534,169949,428422,20.29
2021-12-22,170363,170778,165389,166218,857047,20.24
2021-12-23,164975,169534,161658,166633,842282,20.4
2021-12-24,166633,168705,166633,166633,475769,20.43
2021-12-27,165804,169949,165389,169120,1093079,20.59
2021-12-28,169534,179068,169120,179068,2381359,20.54
2021-12-29,175267,175690,169355,169777,1931058,20.17
2021-12-30,170621,170621,167242,167242,924487,19.98
2022-01-03,167665,168933,165975,167665,493880,19.98
2022-01-04,165975,168509,163864,164287,779674,19.95
2022-01-05,163443,163443,157952,158374,1318295,19.93
2022-01-06,154573,157106,151194,152885,1238828,19.92
2022-01-07,153728,157106,153306,154151,610215,20.0
2022-01-10,154573,161752,152461,157952,1035154,20.02
2022-01-11,160485,167665,160063,165975,1240315,20.26
2022-01-12,166821,167665,163019,166398,529903,20.27
2022-01-13,166398,166821,162175,164709,567242,20.32
2022-01-14,160908,161330,143592,144437,2996094,20.17
2022-01-17,139791,146126,134723,135145,3138644,20.43
2022-01-18,137680,141481,133878,134723,1843325,20.34
2022-01-19,131767,143592,131345,141058,1809422,20.57
2022-01-20,139791,140635,135990,139369,938073,20.46
2022-01-21,142325,143592,136835,138102,885904,20.43
2022-01-24,137257,141481,136413,140635,732839,20.54
2022-01-25,141058,141058,133034,133878,976992,20.51
2022-01-26,133456,135990,131345,131767,683035,20.53
2022-01-27,131767,132612,124164,124587,1267390,20.67
2022-01-28,125432,129233,125432,127543,942643,20.66
2022-02-03,129654,135566,129233,132612,818736,20.72
2022-02-04,132612,135566,130499,133878,423370,20.64
2022-02-07,137257,137257,131767,132612,608147,20.6
2022-02-08,133878,138946,133456,136835,684963,20.68
2022-02-09,137680,138102,134301,135566,458808,20.59
2022-02-10,135990,138102,135145,135566,468116,20.63
2022-02-11,137257,137257,133456,133878,444939,20.6
2022-02-14,130922,136835,130499,133878,463744,20.66
2022-02-15,133456,134301,128388,129654,710904,20.62
2022-02-16,132188,135566,131345,133456,571467,20.61
2022-02-17,134301,137257,130499,134723,726117,20.52
2022-02-18,132612,133878,130922,133034,365153,20.51
2022-02-21,131767,137257,130922,136413,497743,20.59
2022-02-22,133878,138524,133456,137680,595112,20.6
2022-02-23,137680,139791,135145,135566,493810,20.51
2022-02-24,132612,133034,126699,127543,920302,20.44
2022-02-25,130077,131345,128809,131345,481667,20.48
2022-02-28,130499,134723,129654,134723,452479,20.56
2022-03-02,134723,137680,134301,134301,344877,20.56
2022-03-03,134301,147393,134301,144437,1418514,20.57
2022-03-04,142748,145281,139369,141058,618134,20.53
2022-03-07,138946,142748,137257,139369,503775,20.48
2022-03-08,138102,146971,137257,143592,812824,20.51
2022-03-10,146126,146548,142325,146126,732650,20.38
2022-03-11,146548,152038,144437,146126,950708,20.27
2022-03-14,154995,159218,150771,152461,1718165,20.21
2022-03-15,153306,154573,148660,152038,686898,20.17
2022-03-16,153728,154151,151194,152885,408628,20.18
2022-03-17,156263,160063,155417,156684,880001,20.26
2022-03-18,160063,160063,156684,157529,564290,20.2
2022-03-21,158797,158797,152461,152885,599555,20.13
2022-03-22,142748,144437,141058,141903,4674481,19.47
2022-03-23,143170,144437,142325,143170,778078,19.4
2022-03-24,142748,144437,138946,141903,944846,19.27
2022-03-25,142748,142748,139369,139791,798582,19.14
2022-03-28,139791,142748,138946,141903,479290,19.17
2022-03-29,142748,144859,142325,144014,483901,19.14
2022-03-30,145281,147816,143592,146971,605720,19.15
2022-03-31,147393,148238,143592,144859,443947,19.07
2022-04-01,143592,144014,142325,142748,346115,19.06
2022-04-04,142748,144437,142325,143592,256333,19.07
2022-04-05,144014,144859,142325,144859,258246,19.11
2022-04-06,144014,145281,141903,142325,383302,19.1
2022-04-07,141481,143592,140212,140635,432159,19.14
2022-04-08,141481,141903,137680,138524,345654,19.13
2022-04-11,138102,138524,134723,136835,360398,19.15
2022-04-12,134723,138102,134301,135990,338512,19.12
2022-04-13,135990,138946,135990,138946,280391,19.16
2022-04-14,138524,138946,135990,138524,424833,19.32
2022-04-15,136413,136835,133034,133878,525827,19.24
2022-04-18,132612,134301,131345,132188,324662,19.28
2022-04-19,132188,135990,132188,135566,320736,19.35
2022-04-20,135145,135566,133456,134723,286182,19.38
2022-04-21,135990,137257,134723,134723,268651,19.42
2022-04-22,133034,135145,132612,134301,293645,19.45
2022-04-25,132188,133456,131345,131345,340083,19.48
2022-04-26,133034,143592,133034,141903,1135751,19.7
2022-04-27,138946,148660,137680,144437,1046737,19.69
2022-04-28,144437,148660,143592,148660,548866,19.79
2022-04-29,147816,150349,146126,148660,419008,19.79
2022-05-02,147393,148660,145281,146126,295684,19.81
2022-05-03,145703,148660,145281,145281,270252,19.84
2022-05-04,145703,146548,141481,142748,308906,19.85
2022-05-06,139369,144014,139369,143170,421722,19.88
2022-05-09,141481,143170,138102,139369,333467,19.84
2022-05-10,138102,139369,135145,136835,491568,19.81
2022-05-11,135566,138102,135145,136835,282130,19.81
2022-05-12,135145,135566,130077,130499,708499,19.78
2022-05-13,125855,128388,120363,122476,1652813,19.66
2022-05-16,122897,124587,119097,119097,964923,19.59
2022-05-17,119097,121630,119097,120363,604746,19.59
2022-05-18,120363,122476,119942,120363,642507,19.55
2022-05-19,117407,120363,117407,119097,639700,19.58
2022-05-20,120363,123320,120363,122476,518982,19.57
2022-05-23,123320,126276,122053,124164,599321,19.57
2022-05-24,122897,124164,122053,122476,289139,19.58
2022-05-25,124164,131767,123742,129233,867951,19.65
2022-05-26,129654,131345,127966,130077,390805,19.64
2022-05-27,130922,134301,130499,131767,469701,19.7
2022-05-30,132612,134301,130922,132612,377500,19.76
2022-05-31,133456,135566,131767,135566,632770,19.93
2022-06-02,135145,135145,132612,133034,362172,19.94
2022-06-03,134723,137680,134723,136413,368381,19.99
2022-06-07,135566,135990,133034,134301,402254,19.97
2022-06-08,134301,138524,134301,136835,401583,20.02
2022-06-09,136413,139791,135566,139791,588279,20.09
2022-06-10,138102,139369,134301,134723,771441,20.1
2022-06-13,131345,135145,131345,133878,478680,20.22
2022-06-14,133034,134301,130499,131767,498346,20.19
2022-06-15,130922,132612,127543,128388,523975,20.17
2022-06-16,130077,131345,126276,126699,445667,20.13
2022-06-17,123320,130077,123320,129233,559498,20.18
2022-06-20,130077,132612,126699,128809,410637,20.2
2022-06-21,130499,130922,127966,130077,273772,20.32
2022-06-22,131345,135990,130077,131767,541879,20.34
2022-06-23,132612,138524,131767,135566,923494,20.31
2022-06-24,135990,146126,135566,144859,1169328,20.35
2022-06-27,146548,151616,144859,148238,1092921,20.33
2022-06-28,147393,148660,141903,147393,672935,20.36
2022-06-29,147393,150349,146126,148660,485815,20.45
2022-06-30,148238,155417,148238,150771,950751,20.49
2022-07-01,152461,154573,146971,151194,624555,20.49
2022-07-04,151194,153306,149506,151616,500175,20.48
2022-07-05,152038,154573,149927,154573,536471,20.48
2022-07-06,153306,160485,153306,157529,1056415,20.49
2022-07-07,158797,159641,155839,158374,437032,20.44
2022-07-08,157952,157952,150771,154151,894542,20.51
2022-07-11,153306,158374,153306,157106,407374,20.58
2022-07-12,158374,161752,156263,158374,501136,20.6
2022-07-13,159218,163019,158374,160485,608080,20.62
2022-07-14,160485,160908,157529,159641,497430,20.6
2022-07-15,160063,160063,154573,157529,461553,20.63
2022-07-18,158374,158374,152038,154573,434328,20.68
2022-07-19,155417,157529,154151,154995,264647,20.69
2022-07-20,156263,157529,154573,155417,287012,20.7
2022-07-21,154995,155417,151194,154151,378775,20.74
2022-07-22,153306,155839,151616,151616,256122,20.73
2022-07-25,152461,157529,151194,156263,344892,20.74
2022-07-26,156684,159641,155417,157106,285244,20.74
2022-07-27,157106,161330,157106,160063,421951,20.79
2022-07-28,161330,161752,159641,160485,414325,20.77
2022-07-29,162175,162596,159218,160485,334358,20.75
2022-08-01,160908,160908,157106,158374,285483,20.69
2022-08-02,158797,160485,156684,157106,293238,20.67
2022-08-03,156263,158374,156263,157106,268445,20.66
2022-08-04,157952,160908,156684,159641,398143,20.67
2022-08-05,160908,167665,160485,166398,1005725,20.78
2022-08-08,168509,172311,166398,171888,1024828,20.86
2022-08-09,173578,180336,170621,178646,1237404,21.01
2022-08-10,179068,180758,176534,178646,705049,20.93
2022-08-11,180336,181603,176957,179490,593034,20.92
2022-08-12,179068,180336,173578,175690,512562,20.91
2022-08-16,176534,179490,175267,178224,404164,20.97
2022-08-17,178224,180758,177379,179068,486244,21.0
2022-08-18,178224,178224,170621,171043,588612,20.94
2022-08-19,171043,173578,169777,170200,344005,20.95
2022-08-22,168933,172311,168509,168933,304135,20.81
2022-08-23,165975,167242,163019,163864,468852,20.82
2022-08-24,164709,166821,162175,163443,265768,20.8
2022-08-25,163864,166821,162596,166821,305423,20.8
2022-08-26,167242,167665,159641,160063,547336,20.73
2022-08-29,153728,157952,153728,156684,441407,20.81
2022-08-30,157952,160063,155839,159218,354814,20.83
2022-08-31,156684,161330,156684,160063,355640,20.81
2022-09-01,158797,159218,155417,157529,374583,20.83
2022-09-02,158374,160063,154995,155839,355816,20.79
2022-09-05,154573,157106,151194,152461,448582,20.76
2022-09-06,152885,154573,151194,152885,224854,20.77
2022-09-07,151616,152038,147816,151194,385680,20.76
2022-09-08,153306,157529,153306,155417,603570,20.79
2022-09-13,158374,158797,155417,157529,480268,20.79
2022-09-14,152038,152885,148660,152038,560740,20.79
2022-09-15,152461,152885,150349,151194,392901,20.83
2022-09-16,148660,149082,146126,146971,405549,20.86
2022-09-19,147816,149506,145281,145703,308636,20.9
2022-09-20,147816,148660,146126,148238,311487,20.93
2022-09-21,146971,147816,141903,142748,456706,21.01
2022-09-22,140212,144014,137680,142748,623786,21.06
2022-09-23,141481,142748,138524,141481,433564,21.08
2022-09-26,138102,143170,138102,138946,462824,21.07
2022-09-27,138946,141481,137680,139791,464407,21.08
2022-09-28,140635,146548,138946,140635,759755,21.16
2022-09-29,144859,147393,143170,144437,637298,21.2
2022-09-30,143592,151194,143170,148238,734076,21.26
2022-10-04,150771,151194,145703,146126,552300,21.08
2022-10-05,147816,148238,144859,144859,367597,21.09
2022-10-06,146126,147393,139369,143592,459016,21.14
2022-10-07,143170,144859,139791,140212,424471,21.15
2022-10-11,137257,141481,136835,139369,429550,21.21
2022-10-12,138946,140635,136835,138946,360056,21.25
2022-10-13,138946,142325,138524,139369,467414,21.31
2022-10-14,141058,147393,140635,146971,470634,21.35
2022-10-17,144859,146126,142325,143170,362973,21.31
2022-10-18,145281,149927,144014,149082,435530,21.34
2022-10-19,149506,152461,144859,144859,470589,21.33
2022-10-20,144437,147393,142748,144859,418322,21.37
2022-10-21,144014,148660,144014,146971,338888,21.39
2022-10-24,150771,152885,147816,150349,468354,21.39
2022-10-25,150771,157529,149506,155839,769927,21.56
2022-10-26,155839,157952,154151,156684,449022,21.56
2022-10-27,158797,160485,157106,160485,449951,21.4
2022-10-28,160485,162175,157952,158374,371459,21.53
2022-10-31,160485,163864,160063,162175,357161,21.54
2022-11-01,160908,162175,156263,157106,440633,21.52
2022-11-02,157106,159641,153306,158374,504690,21.58
2022-11-03,154573,158374,152885,156263,400472,21.61
2022-11-04,154995,157106,154573,155417,303212,21.61
2022-11-07,156263,157529,154151,154573,319021,21.62
2022-11-08,155417,159218,155417,158374,386960,21.64
2022-11-09,159218,159641,157106,158374,322804,21.63
2022-11-10,160063,161752,157529,157952,511228,21.63
2022-11-11,161752,163864,160063,162175,562775,21.67
2022-11-14,160485,162596,155417,156263,716863,21.58
2022-11-15,157529,159641,156263,158797,476121,21.62
2022-11-16,159218,160485,150771,151616,883894,21.47
2022-11-17,151616,154151,151616,151616,471892,21.46
2022-11-18,152461,152885,150349,150349,281976,21.51
2022-11-21,151194,152461,148238,149506,286686,21.53
2022-11-22,148660,151194,148238,149082,314568,21.55
2022-11-23,150349,150349,146126,147816,369497,21.52
2022-11-24,148660,151194,148660,149927,267353,21.45
2022-11-25,150349,151194,147816,147816,206287,21.47
2022-11-28,149082,149082,145281,146126,283706,21.48
2022-11-29,144859,149927,144859,149082,243462,21.52
2022-11-30,148660,150349,147816,148660,364781,21.55
2022-12-01,151616,152461,149506,150771,285314,21.4
2022-12-02,150771,150771,146971,146971,276763,21.35
2022-12-05,147393,148238,145281,146548,238791,21.33
2022-12-06,146126,147816,145281,145281,269514,21.45
2022-12-07,145703,148660,144014,147393,331710,21.51
2022-12-08,148238,149506,146971,149082,565335,21.51
2022-12-09,149506,152461,147816,152461,513819,21.45
2022-12-12,151194,152461,149082,149082,199052,21.39
2022-12-13,150349,152038,148660,151194,212248,21.41
2022-12-14,151616,155417,151616,153728,355182,21.44
2022-12-15,153728,154995,151616,151616,227802,21.46
2022-12-16,149082,151194,149082,151194,306776,21.43
2022-12-19,151616,153306,150771,151194,288635,21.26
2022-12-20,150771,150771,147393,149927,395063,21.31
2022-12-21,150771,152885,150349,151616,270455,21.34
2022-12-22,152038,153306,151194,152885,270735,20.8
2022-12-23,149506,151194,146126,146126,556811,20.78
2022-12-26,146971,148238,145703,148238,493282,20.83
2022-12-27,148660,150349,147393,149506,774210,20.55
2022-12-28,148190,149506,144244,145121,638939,20.47
2022-12-29,144244,144683,139860,140736,493503,20.3
2023-01-02,141175,143805,140298,140298,331689,20.3
2023-01-03,140298,142052,138106,139421,357298,20.83
2023-01-04,138983,141613,136790,140736,310553,20.96
2023-01-05,141175,144683,140736,142928,330968,20.94
2023-01-06,141613,144683,141613,143367,263239,20.97
2023-01-09,145559,146874,143805,145559,259286,20.95
2023-01-10,145559,146436,143805,144683,273388,20.92
2023-01-11,145559,146874,145121,145998,281405,20.91
2023-01-12,146874,149067,146436,147313,351890,20.95
2023-01-13,148190,150820,147751,148190,317675,20.96
2023-01-16,149067,149067,147313,147313,176296,20.94
2023-01-17,147313,147751,142928,143367,377098,20.92
2023-01-18,143367,144244,142052,143805,241435,20.94
2023-01-19,142490,145559,142052,143805,223029,20.98
2023-01-20,143367,143805,141613,142490,276038,20.99
2023-01-25,142928,144946,142928,144244,228905,21.01
2023-01-26,143893,144946,143192,144946,347745,20.99
2023-01-27,145296,146874,144332,146261,383539,21.0
2023-01-30,146436,148102,143543,143543,378012,20.93
2023-01-31,142928,143805,141263,141701,460575,20.87
2023-02-01,141789,149243,141350,148892,791210,21.03
2023-02-02,150820,150820,146612,148541,538319,21.04
2023-02-03,147664,148892,146787,148277,301325,21.17
2023-02-06,148015,148716,145823,145823,379687,21.15
2023-02-07,145472,148015,145472,145910,324844,21.21
2023-02-08,146436,147664,145998,146436,272491,21.16
2023-02-09,145735,146261,144683,145209,420686,21.16
2023-02-10,144244,144332,141964,142403,489158,21.15
2023-02-13,142052,142227,140298,141263,441088,21.2
2023-02-14,141964,142315,140649,141526,395350,21.22
2023-02-15,141350,141701,137229,137316,707702,21.13
2023-02-16,137667,139070,137141,137930,532364,21.01
2023-02-17,136790,136878,135300,135650,466231,21.02
2023-02-20,135388,138281,134247,137667,507965,21.0
2023-02-21,138193,138281,134949,135739,473333,20.94
2023-02-22,133721,133984,130214,130652,1063819,20.85
2023-02-23,130916,131793,130214,130652,555541,20.83
2023-02-24,130652,131353,129250,130916,552248,20.86
2023-02-27,129601,130039,127321,128022,549079,20.85
2023-02-28,127934,129250,126881,127321,841461,20.75
2023-03-02,127057,127847,124953,126005,656824,20.75
2023-03-03,126268,135564,126268,132055,1673239,20.59
2023-03-06,134072,135037,130741,133107,902468,20.52
2023-03-07,133195,139159,132581,136265,1319422,20.42
2023-03-08,134862,139246,133283,135300,1030607,20.34
2023-03-09,136615,138720,134862,137843,873166,20.2
2023-03-10,135914,137229,134336,135650,524095,20.17
2023-03-13,135213,137141,132670,136265,472627,20.18
2023-03-14,134598,136966,132319,132319,526994,20.18
2023-03-15,133984,134598,131529,132581,362603,20.16
2023-03-16,131529,133633,129337,132932,387815,20.23
2023-03-17,133809,137755,133021,137229,706677,20.28
2023-03-20,137580,140736,137580,138456,476736,20.28
2023-03-21,138632,139772,136090,136790,380172,20.24
2023-03-22,137492,137843,136001,136878,330627,20.25
2023-03-23,136703,136790,134598,135475,451400,20.33
2023-03-24,134598,137404,134247,134687,418796,20.29
2023-03-27,134687,139772,132406,139070,775474,20.36
2023-03-28,139509,140123,131880,132581,1027605,20.17
2023-03-29,133458,134247,131091,131968,595908,20.19
2023-03-30,132055,132581,129950,130301,652214,20.09
2023-03-31,130652,131968,130301,131353,411118,20.1
2023-04-03,132757,135300,131267,131529,769838,20.13
2023-04-04,131529,139509,131003,139421,1156361,20.27
2023-04-05,139684,142928,138106,139070,814005,20.26
2023-04-06,141087,142928,139596,139860,829408,20.29
2023-04-07,140649,141175,138632,139860,416059,20.27
2023-04-10,139947,144595,139684,143718,795318,20.35
2023-04-11,143718,151084,142490,149768,1281536,20.38
2023-04-12,150382,157660,149067,156783,1554260,20.41
2023-04-13,158011,161431,155818,157660,1259462,20.38
2023-04-14,156871,158537,153627,154153,753969,20.34
2023-04-17,155994,155994,153451,153889,529688,20.33
2023-04-18,152312,154240,149592,149943,735890,20.41
2023-04-19,149768,152048,148541,149330,435317,20.41
2023-04-20,149943,151610,146699,147225,504951,20.4
2023-04-21,146874,149506,146612,147489,395973,20.41
2023-04-24,146874,148190,145472,145998,357881,20.41
2023-04-25,146874,149067,144156,145033,471801,20.37
2023-04-26,145033,146348,143805,145121,310026,20.37
2023-04-27,144244,144683,141701,143103,442368,20.39
2023-04-28,143103,145209,140473,140824,533818,20.42
2023-05-02,140912,141526,139509,140649,389496,20.48
2023-05-03,137755,139860,134862,139421,487671,20.5
2023-05-04,138720,143454,138544,142928,492211,20.5
2023-05-08,143629,145559,142315,142403,387079,20.46
2023-05-09,145472,152312,145384,150645,1286043,20.56
2023-05-10,150558,150645,147751,148190,409748,20.53
2023-05-11,149067,149768,146612,147839,445370,20.54
2023-05-12,147138,148892,145910,146086,344256,20.53
2023-05-15,145121,149417,144244,147839,459740,20.56
2023-05-16,147313,149943,146963,147400,325662,20.55
2023-05-17,146874,150733,146874,150645,372790,20.58
2023-05-18,150733,153012,149592,150909,387653,20.59
2023-05-19,150909,152925,149768,152487,437850,20.62
2023-05-22,152574,157309,152574,155994,583348,20.64
2023-05-23,156432,157835,155643,157397,397374,20.68
2023-05-24,157046,158625,155643,156958,518002,20.7
2023-05-25,156169,156958,151786,151786,650707,20.71
2023-05-26,151786,153627,150294,151786,328301,20.72
2023-05-30,153538,153889,151084,151084,338230,20.73
2023-05-31,150909,151171,148628,150207,1015596,20.72
2023-06-01,150207,155556,149155,153802,539204,20.8
2023-06-02,154679,154941,151171,152136,458901,20.7
2023-06-05,153012,153188,150207,150995,292502,20.69
2023-06-07,150995,151872,149417,149417,456432,20.65
2023-06-08,149506,149943,146612,147489,600787,20.59
2023-06-09,148015,149943,147138,148190,392407,20.56
2023-06-12,148716,148804,146436,146436,342078,20.53
2023-06-13,146699,147839,144683,144683,486316,20.48
2023-06-14,144946,145910,143543,144156,427439,20.48
2023-06-15,144507,145033,141701,143893,598573,20.44
2023-06-16,144595,147664,143718,144946,589083,20.44
2023-06-19,145033,145559,142928,142928,300168,20.41
2023-06-20,142753,143718,141175,141263,367585,20.39
2023-06-21,141263,142052,139070,139421,427931,20.36
2023-06-22,138983,141964,138983,141701,476698,20.33
2023-06-23,142052,144419,140649,143718,670593,20.26
2023-06-26,143454,145647,142666,144770,495868,20.22
2023-06-27,144770,145998,131003,132230,2083314,20.01
2023-06-28,133458,135300,131793,133107,916344,19.95
2023-06-29,132055,135564,130916,133721,450181,20.03
2023-06-30,133721,134949,132230,134072,370275,20.13
2023-07-03,134160,134423,131880,132932,662816,20.09
2023-07-04,132932,133458,131178,131442,564876,19.99
2023-07-05,132144,135388,132055,133809,639981,20.08
2023-07-06,134247,134423,131968,133809,565366,20.06
2023-07-07,133195,134160,130301,130301,598259,19.98
2023-07-10,130126,131353,129250,130039,474492,19.95
2023-07-11,130039,130827,126268,128548,939923,19.96
2023-07-12,128284,134949,126794,133721,1294195,19.99
2023-07-13,135213,142227,135124,136790,1678236,20.01
2023-07-14,138720,140736,136966,138720,777386,20.11
2023-07-17,138106,138544,135564,136703,430319,20.08
2023-07-18,135564,136440,130741,131529,734491,20.06
2023-07-19,130916,132581,130827,131442,421399,20.08
2023-07-20,131442,132494,130652,131618,406473,20.09
2023-07-21,131442,134247,131442,132406,463603,20.14
2023-07-24,131880,131968,128198,129250,763759,20.1
2023-07-25,128635,129688,126356,126706,709285,20.06
2023-07-26,126181,126881,122322,124865,1460409,20.12
2023-07-27,123725,127407,123725,126356,725386,20.1
2023-07-28,126531,127232,124778,126093,418980,20.12
2023-07-31,126356,129776,126093,128548,512106,20.16
2023-08-01,129337,133370,129074,132406,793618,20.18
2023-08-02,132494,133370,128373,129776,511839,20.17
2023-08-03,128986,134160,128724,132581,699551,20.22
2023-08-04,132932,133195,131091,132144,297740,20.2
2023-08-07,131704,133546,130652,130652,428430,20.19
2023-08-08,131353,131880,129337,129776,308952,20.21
2023-08-09,129337,135914,129337,135826,784519,20.39
2023-08-10,135826,137492,133633,136878,674612,20.34
2023-08-11,136878,137930,135475,137229,423085,20.33
2023-08-14,138193,138193,132055,135037,580002,20.35
2023-08-16,131529,131880,126619,127758,970556,20.28
2023-08-17,126970,128022,125654,125918,620078,20.24
2023-08-18,134511,137580,130477,131880,3328825,20.21
2023-08-21,131529,132406,127232,127232,774524,19.66
2023-08-22,127321,128373,125391,125742,612256,19.63
2023-08-23,125742,126181,124076,124076,467114,19.46
2023-08-24,124602,127758,123550,126794,569475,19.44
2023-08-25,127145,128022,125742,125830,274610,19.44
2023-08-28,127057,127145,125128,126619,288162,19.5
2023-08-29,127407,129512,127407,129337,448496,19.55
2023-08-30,130214,130214,128109,129337,322583,19.51
2023-08-31,129250,129776,126181,126181,577551,19.45
2023-09-01,126181,128109,126181,126181,315380,19.44
2023-09-04,126181,127583,126005,127583,309205,19.46
2023-09-05,126794,128899,126794,128548,329876,19.44
2023-09-06,128022,128986,127321,128810,422973,19.45
2023-09-07,127847,129337,127407,128373,339819,19.44
2023-09-08,128373,129688,128284,129337,336562,19.48
2023-09-11,129337,131267,128899,130916,380547,19.57
2023-09-12,130827,130827,127583,128198,402570,19.61
2023-09-13,127758,129337,126794,128198,311195,19.64
2023-09-14,128635,129425,127758,129425,481313,19.5
2023-09-15,129512,129512,128373,128460,396248,19.49
2023-09-18,127934,129776,127847,128373,212741,19.51
2023-09-19,128109,129161,127232,127671,207677,19.55
2023-09-20,127671,128022,126531,127407,227682,19.56
2023-09-21,127407,127407,124953,124953,414931,19.55
2023-09-22,123812,124514,122147,122147,497097,19.49
2023-09-25,122147,123111,121445,122147,300736,19.63
2023-09-26,122147,122761,119604,119779,382270,19.63
2023-09-27,117938,122585,117938,122059,297488,19.68
2023-10-04,121621,121621,118639,119165,510173,19.67
2023-10-05,119253,121007,114868,115571,567797,19.64
2023-10-06,115044,121358,114956,120130,461854,19.66
2023-10-10,122585,126093,122410,122936,496078,19.67
2023-10-11,123725,125041,122761,123550,256485,19.65
2023-10-12,124076,126356,123812,126356,441236,19.65
2023-10-13,124865,126881,124076,126181,280829,19.62
2023-10-16,126005,127407,125742,126706,362465,19.66
2023-10-17,127232,129250,126970,127145,297967,19.81
2023-10-18,127407,128109,124514,124778,280856,19.8
2023-10-19,124076,127407,123637,124778,360757,19.84
2023-10-20,124251,125479,123111,124689,416102,19.87
2023-10-23,128022,129601,121445,123287,1050926,19.76
2023-10-24,124514,131968,124076,131618,1103915,19.78
2023-10-25,131968,132757,130477,131618,757221,19.79
2023-10-26,130565,132230,129250,131267,609938,19.77
2023-10-27,131880,131968,129864,131091,475989,19.72
2023-10-30,130827,131793,130741,130916,469157,19.63
2023-10-31,131529,131968,130214,131091,482553,19.62
2023-11-01,131267,131529,130741,131003,534655,19.61
2023-11-02,131353,131529,130652,131353,618652,19.6
2023-11-03,131267,131618,130741,131442,518120,19.55
2023-11-06,133458,138456,132845,138456,1365834,19.58
2023-11-07,140561,141613,135037,136440,1420103,19.61
2023-11-08,137404,139159,136615,138106,675719,19.67
2023-11-09,138369,139860,136790,138544,800255,19.63
2023-11-10,137667,139509,137316,137843,623798,19.7
2023-11-13,138281,138895,136615,137492,708164,19.9
2023-11-14,138456,139860,137930,139509,400232,20.02
2023-11-15,141350,144683,140561,144683,727504,20.23
2023-11-16,145559,147489,144770,147489,589465,20.24
2023-11-17,148015,148452,146523,147664,459131,20.26
2023-11-20,147225,149506,146874,148979,419794,20.26
2023-11-21,148979,150995,148628,150995,404491,20.39
2023-11-22,150733,151522,149067,151084,427501,20.35
2023-11-23,150382,151697,150032,151610,355030,20.39
2023-11-24,151786,151872,146436,147313,587138,20.34
2023-11-27,146172,147138,141701,142753,521617,20.38
2023-11-28,142753,145121,142753,144683,343454,20.39
2023-11-29,143805,144595,141701,141789,338265,20.41
2023-11-30,141175,142928,140824,142841,422832,20.41
2023-12-01,143805,144069,141964,143016,273614,20.39
2023-12-04,143718,144507,141701,142578,260308,20.42
2023-12-05,141789,143367,141789,142578,286321,20.48
2023-12-06,142928,143192,140386,140386,316432,20.49
2023-12-07,140035,140123,138106,138193,381786,20.51
2023-12-08,139159,147225,138983,147049,815680,20.55
2023-12-11,148541,155994,147926,155818,1366911,20.67
2023-12-12,156608,162132,155468,160817,1515803,20.85
2023-12-13,159238,160992,154504,157572,992017,20.89
2023-12-14,160203,161606,155818,160905,2793079,20.2
2023-12-15,161168,161343,149155,149155,1815577,20.03
2023-12-18,154329,156783,152662,155381,751835,20.0
2023-12-19,155206,159063,155206,158450,486581,20.08
2023-12-20,160641,165990,158801,163360,985747,20.26
2023-12-21,162308,166078,162044,164588,644562,20.53
2023-12-22,165990,167743,162044,162658,791951,20.48
2023-12-26,164237,166429,164237,165552,696334,20.54
2023-12-27,165552,167042,163272,166429,575392,20.51
2023-12-28,166691,177566,165903,176688,1332882,20.63
2024-01-02,178442,211325,178442,202994,6825599,20.66
2024-01-03,200364,204310,196418,202994,2162758,20.77
2024-01-04,200364,200802,188088,191156,1816768,20.8
2024-01-05,188525,193348,186772,188088,1106360,20.91
2024-01-08,186772,189402,179319,180634,1028415,20.96
2024-01-09,185019,187649,178880,180634,704759,21.08
2024-01-10,180634,184142,179757,180634,466966,21.13
2024-01-11,181511,183265,173356,179757,1511229,100.0
2024-01-12,173795,180196,170637,172654,1972540,22.22
2024-01-15,172303,174497,163360,164938,1623280,22.43
2024-01-16,168709,170375,163096,164412,1326797,22.53
2024-01-17,163623,163711,155292,156081,1459965,22.56
2024-01-18,156081,157397,152312,153188,921176,22.65
2024-01-19,154240,158625,153363,154329,913673,22.64
2024-01-22,156081,163360,155906,160992,1209672,22.59
2024-01-23,163184,165289,158537,159238,743226,22.61
2024-01-24,160378,160554,158274,158450,337925,22.61
2024-01-25,158186,161255,156958,159589,534293,22.64
2024-01-26,158537,161518,157134,159765,439500,22.69
2024-01-29,161343,164412,159326,159326,858625,22.74
2024-01-30,161431,162308,157485,157485,501331,22.78
2024-01-31,157485,158801,154415,157572,520370,22.79
2024-02-01,155818,157660,152312,156695,713963,22.8
2024-02-02,156695,161343,156695,161343,620090,22.86
2024-02-05,161343,161694,157397,158625,584403,22.92
2024-02-06,158888,163272,158888,160466,654533,22.97
2024-02-07,161431,162658,156695,156958,855189,22.87
2024-02-08,157485,159940,157134,157485,733985,22.95
2024-02-13,159238,165114,159063,164412,1064184,23.01
2024-02-14,162044,163096,160203,161518,550877,22.98
2024-02-15,163184,163184,160115,160115,409274,22.95
2024-02-16,161694,161781,159589,159765,336678,23.23
2024-02-19,159765,161168,159238,159940,335948,23.24
2024-02-20,160028,160466,157572,157748,502264,23.23
2024-02-21,157748,157835,155117,155206,627526,23.23
2024-02-22,155732,157485,153802,154766,586989,23.22
2024-02-23,155381,161694,155030,157835,940202,23.26
2024-02-26,159589,160641,158537,159151,553009,23.31
2024-02-27,159589,167832,158975,166691,1852849,23.42
2024-02-28,166780,169585,163535,166604,930743,23.41
2024-02-29,166254,167743,157572,157572,1543276,23.24
2024-03-04,158186,158975,153538,154415,1045315,23.15
2024-03-05,153451,157835,151084,154153,1127257,23.14
2024-03-06,154329,158625,153012,158361,752287,23.2
2024-03-07,159063,160554,154941,155292,615718,23.17
2024-03-08,157660,158975,155994,158098,592331,23.21
2024-03-11,158888,160115,157221,157397,434164,23.26
2024-03-12,158098,159589,154329,159326,481908,23.31
2024-03-13,159414,159589,155818,156783,522302,23.27
2024-03-14,156695,158274,156608,157309,2091091,22.77
2024-03-15,158011,159852,156783,158537,1193309,22.77
2024-03-18,158625,161694,158098,160028,610060,22.84
2024-03-19,158712,162044,158274,161694,700684,22.91
2024-03-20,162483,162658,160466,160554,426564,22.93
2024-03-21,162220,162920,160641,162920,679259,23.0
2024-03-22,162745,165639,162658,165026,651507,23.04
2024-03-25,166780,168709,165639,165639,736770,23.03
2024-03-26,165552,167920,162658,163448,787341,23.11
2024-03-27,161781,163096,158098,161518,734800,23.12
2024-03-28,160028,163360,159589,161168,1022871,22.91
2024-03-29,161343,169059,161343,167657,1633656,23.1
2024-04-01,169674,170200,163974,164938,769042,23.03
2024-04-02,163798,164588,161168,161168,587385,23.02
2024-04-03,159238,159852,157485,158274,544709,23.06
2024-04-04,159940,160203,157485,157485,364090,23.18
2024-04-05,156081,157221,155468,155643,382070,23.17
2024-04-08,155206,167393,154415,165289,1199898,23.41
2024-04-09,166604,167217,158975,158975,886661,23.41
2024-04-11,155818,158450,155643,157397,599418,23.41
2024-04-12,157309,160729,156169,159765,545645,23.44
2024-04-15,157835,158537,156520,156608,413195,23.41
2024-04-16,155468,156345,150645,150820,724996,23.37
2024-04-17,151872,155206,148804,149943,782887,23.32
2024-04-18,151610,155906,151522,155292,541535,23.37
2024-04-19,153451,153802,149943,151610,574882,23.36
2024-04-22,154065,156695,153188,156695,490934,23.4
2024-04-23,156783,157572,155732,157572,343032,23.39
2024-04-24,158011,158625,157046,157397,318352,23.36
2024-04-25,155818,156958,154415,155556,350841,23.57
2024-04-26,155643,156783,154591,154855,252231,23.78
2024-04-29,156520,161168,156520,161080,732716,23.87
2024-04-30,161080,167657,160466,165728,1399424,24.02
2024-05-02,164763,167217,163974,164412,599482,24.05
2024-05-03,165639,166254,164149,165728,336397,24.06
2024-05-07,167481,172743,167481,170462,1217019,24.11
2024-05-08,171339,172128,169674,170637,529161,24.17
2024-05-09,170813,171865,166340,166340,916498,24.2
2024-05-10,169498,172654,168358,169147,815718,24.14
2024-05-13,169234,169498,165114,167306,505552,24.1
2024-05-14,166078,168095,165552,167393,316559,24.09
2024-05-16,169936,171339,168621,169234,531660,24.07
2024-05-17,166780,168709,165289,167920,1140670,24.06
2024-05-20,169498,169674,161957,163974,603964,24.0
2024-05-21,162658,164675,162220,163272,272727,24.0
2024-05-22,163535,164851,161518,162044,354164,23.97
2024-05-23,161168,162658,160905,160905,329916,23.95
2024-05-24,160115,161168,157485,157748,555630,23.9
2024-05-27,158361,158888,156520,157485,457612,23.84
2024-05-28,157485,159940,156520,158625,469810,23.83
2024-05-29,157134,157748,155292,156871,562957,23.75
2024-05-30,155643,159063,155381,155468,407676,23.73
2024-05-31,157572,159589,154415,154504,1006856,23.71
2024-06-03,155381,158450,155030,156958,353318,23.72
2024-06-04,155994,166516,155994,164938,1472536,23.68
2024-06-05,166078,169760,165026,166867,1015124,23.73
2024-06-07,168183,168883,165289,167568,563525,23.74
2024-06-10,165289,168972,163623,166165,617931,23.74
2024-06-11,166604,170988,165464,168883,894327,23.78
2024-06-12,170901,170988,164237,164500,1048124,23.66
2024-06-13,166254,168008,160115,160115,1658198,23.73
2024-06-14,160203,163448,157572,160817,1147796,23.68
2024-06-17,160817,161255,157572,157660,689861,23.56
2024-06-18,157660,158888,156257,157046,520989,23.5
2024-06-19,158625,160905,157835,160817,533431,23.51
2024-06-20,160641,160641,157923,157923,421032,23.48
2024-06-21,157572,159063,155292,155292,1748368,23.26
2024-06-24,155994,158011,155818,156958,428041,23.28
2024-06-25,158450,158712,155818,156432,414481,23.22
2024-06-26,155818,156345,154855,155030,468136,23.16
2024-06-27,153802,154329,152398,152398,567559,23.11
2024-06-28,152662,153802,152136,152837,377880,22.96
2024-07-01,153627,161431,153627,161431,1198139,22.99
2024-07-02,161431,162834,158537,161781,842057,22.93
2024-07-03,162220,162570,158186,159414,523633,22.89
2024-07-04,160291,161694,158625,160378,448437,22.86
2024-07-05,160905,164412,159414,162920,825390,22.84
2024-07-08,162745,163798,160466,160817,468365,22.84
2024-07-09,160905,164763,160905,164149,681501,22.87
2024-07-10,163974,164149,161255,161957,548687,22.86
2024-07-11,163184,163184,160554,162920,590712,22.86
2024-07-12,162745,167832,162658,165552,965379,22.91
2024-07-15,167481,168358,165289,165464,610624,22.91
2024-07-16,166604,166691,161869,165464,607112,22.95
2024-07-17,165728,169498,164237,168797,1154927,23.04
2024-07-18,168358,168534,164588,164763,732401,22.98
2024-07-19,163096,165814,162658,164763,456638,22.97
2024-07-22,164851,170462,164588,169410,1617607,23.04
2024-07-23,168797,170462,165903,165903,785394,22.96
2024-07-24,165114,170988,163535,169585,1067077,23.06
2024-07-25,170111,179757,168446,174672,2465210,23.1
2024-07-26,176688,179319,173706,175373,1187894,23.05
2024-07-29,178003,184142,177126,183265,1490808,23.09
2024-07-30,181511,185019,178442,183265,1190126,23.02
2024-07-31,183703,184580,175811,179319,1166193,23.02
2024-08-01,176250,181511,175198,175373,1028056,23.05
2024-08-02,173180,174759,168621,169760,1179837,23.06
2024-08-05,165114,171252,151697,160028,2263472,23.09
2024-08-06,164500,167481,159238,159589,1926179,22.93
2024-08-07,158186,179757,158098,172743,4138469,23.01
2024-08-08,172918,174847,168797,171603,1558766,22.83
2024-08-09,173620,176688,170637,171865,1270081,22.76
2024-08-12,175023,178880,174146,175373,1089991,22.75
2024-08-13,174497,175373,167920,168972,1123987,22.68
2024-08-14,170287,171252,167306,170637,772128,22.69
2024-08-16,171339,176250,170988,172918,1075249,22.7
2024-08-19,173180,174759,171427,173269,638777,22.72
2024-08-20,174408,175023,171690,172040,559245,22.7
2024-08-21,173620,175373,172479,175198,930252,22.77
2024-08-22,175373,179319,173620,177566,908691,22.81
2024-08-23,177126,179319,176250,177566,668609,22.78
2024-08-26,179319,181949,177566,179757,704772,22.8
2024-08-27,179757,183265,175373,175811,797408,22.77
2024-08-28,176688,178880,173444,176688,768519,22.79
2024-08-29,176250,179319,174408,174497,592934,22.77
2024-08-30,175373,179319,175285,178003,864501,22.78
2024-09-02,178003,178442,171427,172830,897153,22.67
2024-09-03,172654,175811,172566,172743,442627,22.68
2024-09-04,167042,170287,166691,166780,877952,22.7
2024-09-05,168446,169410,162394,164851,729653,22.73
2024-09-06,164938,168797,162658,167657,754028,22.75
2024-09-09,163798,169585,163711,168446,455448,22.77
2024-09-10,170287,172216,168709,171690,626234,22.82
2024-09-11,172654,172654,165464,167217,667829,22.76
2024-09-12,167568,171865,167217,171514,752977,22.86
2024-09-13,171514,171954,169936,171163,333112,22.84
2024-09-19,173706,177566,173706,176688,861109,22.9
2024-09-20,177126,178442,175285,176688,846463,22.91
2024-09-23,178003,185019,178003,179757,949433,22.89
2024-09-24,180196,180196,175373,180196,548974,22.91
2024-09-25,181949,183703,175110,175373,723480,22.88
2024-09-26,175285,177126,173620,177126,627363,22.88
2024-09-27,176250,176688,170813,170813,1065543,22.74
2024-09-30,171514,173094,168972,171339,606992,22.78
2024-10-02,168534,171339,167481,167481,534674,22.8
2024-10-04,167920,171690,167217,168972,541639,22.81
2024-10-07,170200,171252,167481,169674,415345,22.83
2024-10-08,168621,169585,167657,167657,556417,22.79
2024-10-10,168797,172303,168709,170375,803469,22.83
2024-10-11,171077,173882,170287,173005,551492,22.87
2024-10-14,174583,174847,171339,171690,497696,22.83
2024-10-15,171690,177126,170813,175811,757399,22.93
2024-10-16,174759,176250,171603,171690,711418,22.91
2024-10-17,171690,172303,164851,165639,1332414,22.83
2024-10-18,165728,167481,164588,165201,672908,22.88
2024-10-21,165990,168972,165990,168095,504726,22.93
2024-10-22,167743,168797,164237,164412,635947,22.94
2024-10-23,164763,166254,161869,162834,642594,23.0
2024-10-24,162834,163886,161518,163009,377602,23.02
2024-10-25,163096,165464,160028,163448,669908,23.02
2024-10-28,163711,165728,163184,164588,394913,23.01
2024-10-29,165026,166604,163974,165814,404900,23.0
2024-10-30,165289,165728,164149,164588,348139,22.99
2024-10-31,163974,164412,160028,160028,602799,22.95
2024-11-01,158712,160817,158011,158801,380703,22.97
2024-11-04,158801,164324,158098,164324,496232,22.99
2024-11-05,162745,164588,160817,161694,309167,22.96
2024-11-06,161957,162570,158011,162044,543537,22.96
2024-11-07,160729,161957,155381,158011,686780,22.93
2024-11-08,159765,161957,158450,159151,491680,22.94
2024-11-11,157923,158712,149943,152662,1145839,22.91
2024-11-12,151346,152662,145296,145472,1270198,22.92
2024-11-13,144683,147489,143805,144858,745622,22.94
2024-11-14,145209,148366,145209,145910,681947,22.94
2024-11-15,146874,147489,140561,145033,688512,22.92
2024-11-18,144770,151697,143367,151346,676074,22.94
2024-11-19,150820,152837,150645,151346,448127,22.88
2024-11-20,150733,151786,148716,150294,387037,22.85
2024-11-21,151697,155292,151522,152312,703452,22.89
2024-11-22,153012,154766,151697,152136,396675,22.85
2024-11-25,152574,156783,151435,155030,747614,22.81
2024-11-26,155030,156432,153451,153978,336442,22.76
2024-11-27,153538,156783,153538,155906,424723,22.75
2024-11-28,155818,164061,155381,163448,1010746,22.76
2024-11-29,164061,165114,162483,163974,787554,22.74
2024-12-02,165990,166165,161168,161869,564644,22.78
2024-12-03,162044,165289,161343,163886,460954,22.8
2024-12-04,159589,163096,159414,160466,832118,22.8
2024-12-05,161255,163535,158186,158712,484997,22.8
2024-12-06,158712,159940,155117,157923,685347,22.84
2024-12-09,153451,157309,153188,153538,806106,22.86
2024-12-10,155030,159677,155030,159677,500820,22.95
2024-12-11,159677,162132,158801,161518,397936,22.76
2024-12-12,162044,162220,160905,162132,749764,22.69
2024-12-13,162745,171954,162745,169585,1205438,22.72
2024-12-16,173620,173882,170726,172040,1246799,22.65
2024-12-17,171865,171865,168358,169410,1152279,22.61
2024-12-18,169410,175285,169410,174672,7722915,22.39
2024-12-19,170200,172303,168358,168709,775957,22.3
2024-12-20,167568,169234,166254,168797,474721,22.24
2024-12-23,169498,170551,168797,170024,324371,22.23
2024-12-24,170024,170726,168534,170462,411011,22.21
2024-12-26,170462,172128,167042,167920,696654,22.16
2024-12-27,168195,170582,162320,165625,622974,22.12
2024-12-30,165258,174622,165074,172143,579096,22.13
2025-01-02,172143,172877,165349,165533,629419,22.14
2025-01-03,165809,167277,165533,166084,392605,22.22
2025-01-06,166176,169573,164982,168655,500674,22.22
2025-01-07,168930,172143,168195,168838,541364,22.14
2025-01-08,168104,171501,168104,169389,476138,22.16
2025-01-09,169848,171041,168104,170307,472869,22.1
2025-01-10,170399,171408,169206,169940,406550,22.27
2025-01-13,169481,171592,167553,168746,484339,22.23
2025-01-14,169848,172419,168562,169389,407876,22.36
2025-01-15,169664,170307,165349,165900,610720,22.6
2025-01-16,167093,168655,167002,167093,427973,22.66
2025-01-17,166359,167002,163880,165258,544957,22.64
2025-01-20,164523,166542,162687,165900,498118,22.63
2025-01-21,165809,167828,164064,164982,424490,22.62
2025-01-22,165349,167002,164615,165716,472148,22.64
2025-01-23,165900,167461,164340,164431,472064,22.62
2025-01-24,164891,166451,164707,165441,396545,22.65
2025-01-31,167920,168930,163605,164982,565471,22.59
2025-02-03,162320,162503,158647,161585,759640,22.55
2025-02-04,161769,164798,161769,162870,496900,22.56
2025-02-05,162962,164615,161769,163696,422429,22.58
2025-02-06,164798,166818,164431,166176,424884,22.62
2025-02-07,165074,166359,164615,164891,334086,22.61
2025-02-10,163605,165533,161401,164340,539033,25.49
2025-02-11,165074,166818,164431,164982,452303,25.51
2025-02-12,164891,165625,162870,164064,393718,25.48
2025-02-13,164798,164982,163054,163329,647813,22.57
2025-02-14,163605,167736,163238,165992,682936,22.59
2025-02-17,166176,166635,164523,166635,390741,22.59
2025-02-18,166176,166267,164431,165533,412690,22.57
2025-02-19,165533,167553,164891,165809,561506,22.59
2025-02-20,165349,166542,164340,165625,464266,22.54
2025-02-21,165625,165900,163605,163605,417665,22.47
2025-02-24,163696,164064,162044,163421,336149,22.48
2025-02-25,162687,164523,159749,159841,679042,22.41
2025-02-26,161769,175265,161585,173796,2362795,22.74
2025-02-27,172235,173521,166635,167736,1008777,22.63
2025-02-28,166267,171592,166176,168930,1280888,22.63
2025-03-04,168930,177101,168104,168471,1114438,22.58
2025-03-05,168562,171868,168562,169573,563381,22.61
2025-03-06,170307,173337,167277,172694,821128,22.65
2025-03-07,171776,173061,168930,168930,531577,22.62
2025-03-10,168471,169757,167461,168195,318456,22.62
2025-03-11,165716,169757,165533,168379,501928,22.67
2025-03-12,168655,171868,168655,171592,500061,22.71
2025-03-13,171501,172052,168471,169481,597310,22.65
2025-03-14,171317,173245,170124,170857,568106,22.62
2025-03-17,172510,172786,169113,172419,451546,22.66
2025-03-18,173061,175081,171868,172052,488349,22.66
2025-03-19,171959,173521,171592,171868,345776,22.59
2025-03-20,171959,172694,170032,171041,395931,22.74
2025-03-21,170032,173612,169573,171408,629864,22.76
2025-03-24,169940,171133,169389,169940,295077,22.73
2025-03-25,169757,171959,169113,170766,390800,22.75
2025-03-26,171684,171684,168746,170215,283624,22.75
2025-03-27,168930,169206,165992,166359,310039,22.75
2025-03-28,166176,166451,162594,162594,320741,22.75
2025-03-31,160575,161401,154882,155158,672530,22.71
2025-04-01,156168,162778,156168,160483,471653,22.74
2025-04-02,161218,161677,153598,155801,678989,22.67
2025-04-03,152220,159749,152129,159290,647320,22.69
2025-04-04,158739,160299,156535,159657,491027,22.8
2025-04-07,153873,154057,148640,150935,795995,22.77
2025-04-08,152771,153231,149558,149742,647381,22.73
2025-04-09,148272,149650,140377,141846,982911,22.69
2025-04-10,150200,152404,146896,150751,741839,22.7
2025-04-11,147905,148640,144692,147905,488734,22.64
2025-04-14,149374,151211,148823,150109,310982,22.59
2025-04-15,149374,149742,146620,146712,625925,22.4
2025-04-16,146712,147630,145335,146069,414667,22.38
2025-04-17,147721,148548,145518,146161,542358,22.35
2025-04-18,145701,146161,143590,144508,448354,22.33
2025-04-21,144875,146436,143774,144508,316399,22.27
2025-04-22,144601,146161,144141,144692,328950,22.26
2025-04-23,146345,146896,144875,146803,351440,22.24
2025-04-24,147446,147584,145151,145610,354379,22.18
2025-04-25,146069,146436,145335,145335,298704,22.15
2025-04-28,145426,147079,144233,145059,434953,22.11
2025-04-29,146069,150751,145977,150567,634210,22.19
2025-04-30,149742,150660,146896,148089,475537,22.15
2025-05-02,146620,149742,146528,149099,365191,22.15
2025-05-07,147263,147354,143499,147171,638359,22.13
2025-05-08,146896,147814,146345,146345,402619,22.13
2025-05-09,146803,147538,144601,145059,480707,22.12
2025-05-12,144508,144784,138816,139367,1563084,21.89
2025-05-13,139826,143499,139826,141662,859225,21.83
2025-05-14,140928,141937,139459,141662,576266,21.8
2025-05-15,140285,141204,139734,140928,588617,21.69
2025-05-16,141111,141387,139551,141387,453802,21.63
2025-05-19,139826,141662,139734,141387,487651,21.6
2025-05-20,142304,143774,141479,142580,507624,21.57
2025-05-21,143039,144141,142397,143774,483706,21.53
2025-05-22,141937,142764,140377,140928,497492,21.47
2025-05-23,141020,141479,139091,140193,433667,21.49
2025-05-26,139184,140469,138082,140469,431378,21.56
2025-05-27,143223,143682,141387,142855,588108,21.59
2025-05-28,141846,143499,140653,143223,589072,21.52
2025-05-29,143406,145701,143223,145701,504980,21.57
2025-05-30,144601,148548,144601,147814,945754,21.54
2025-06-02,147079,148456,146528,147814,447409,21.5
2025-06-04,148181,149191,146896,147354,510199,21.32
2025-06-05,147079,150016,147079,149742,576605,21.34
2025-06-09,151648,153459,150790,152697,400506,21.37
2025-06-10,152983,154603,150695,154603,370030,21.43
2025-06-11,154222,154698,152887,154603,482551,21.4
2025-06-12,153269,157749,153269,156224,784712,21.44
2025-06-13,154698,156033,151744,153269,589586,21.43
2025-06-16,152983,154794,152792,154222,370090,21.47
2025-06-17,153650,155366,152983,154222,388008,21.5
2025-06-18,153078,155556,152887,154698,431960,21.53
2025-06-19,154698,154698,152125,152697,406792,21.47
2025-06-20,152983,156224,152601,154603,1005767,21.54
2025-06-23,152887,153269,150981,151553,448741,21.5
2025-06-24,153078,155175,153078,153650,499414,21.44
2025-06-25,153745,154794,152220,152983,399345,21.43
2025-06-26,153936,154031,151553,152697,368834,21.4
2025-06-27,152887,152983,151362,152411,313335,21.38
2025-06-30,152697,152983,151648,152125,329269,21.38
2025-07-01,152220,153364,152220,152887,366076,21.39
2025-07-02,153269,162419,153269,160989,1563509,21.47
2025-07-03,159941,164707,159178,164230,734395,21.45
2025-07-04,163658,170616,160894,169663,1150805,21.45
2025-07-07,169758,172046,167947,170426,576801,21.46
2025-07-08,169663,170616,165850,167280,557951,21.46
2025-07-09,166041,168043,164707,167852,442649,21.47
2025-07-10,167280,170330,166422,170235,518135,21.5
2025-07-11,170235,171569,168043,170235,389788,21.5
2025-07-14,169091,170521,166518,168710,370853,21.5
2025-07-15,167090,170521,167090,170235,322929,21.53
2025-07-16,169091,169949,167757,168519,277958,21.52
2025-07-17,169091,173476,168805,171951,680696,21.57
2025-07-18,172523,172999,171093,171855,270584,21.55
2025-07-21,178528,179957,172427,172713,933727,21.46
2025-07-22,172141,174429,170616,172427,438165,21.46
2025-07-23,173095,173762,171093,171379,392831,21.38
2025-07-24,171665,175477,171284,171951,558304,21.28
2025-07-25,170140,170426,168424,169663,378838,21.27
2025-07-28,169473,170521,166804,169187,378920,21.3
2025-07-29,168043,173476,166041,170330,574731,21.31
2025-07-30,170426,172713,170044,171665,418146,21.33
2025-07-31,171665,172141,168805,170521,352476,21.32
2025-08-01,167757,168043,163086,163277,517488,21.32
2025-08-04,164230,166613,163182,165755,309924,21.38
2025-08-05,166804,169949,166422,169473,457424,21.38
2025-08-06,167852,170616,167090,170140,297450,21.37
2025-08-07,169377,169377,163372,164421,828457,21.26
2025-08-08,164897,166327,163658,165946,362458,21.3
2025-08-11,165755,166136,164325,164897,268663,21.28
2025-08-12,164993,166756,164325,164325,416038,21.28
2025-08-13,164993,167757,163944,167757,399448,21.4
2025-08-14,167280,168329,165850,166804,431794,21.37
2025-08-18,165660,166327,164039,164802,278332,21.36
2025-08-19,165279,165279,162705,164802,286662,21.35
2025-08-20,164707,164802,161657,163944,366243,21.32
2025-08-21,163944,164707,163277,163277,246012,21.35
2025-08-22,163182,166041,163086,165660,276364,21.33
2025-08-25,167090,168138,165374,166136,269558,21.33
2025-08-26,164611,166136,164039,164802,389840,21.3
2025-08-27,164802,164802,162324,162800,293957,21.28
2025-08-28,162991,164802,162800,164325,326578,21.28
2025-08-29,164325,164611,159750,159750,545182,21.19
2025-09-01,160322,162133,159178,161847,298292,21.29
2025-09-02,160513,163944,160513,163182,297699,21.32
2025-09-03,162133,163849,162133,163468,206787,21.32
2025-09-04,162514,163563,161466,162228,243308,21.31
2025-09-05,161657,162228,160608,161085,213391,21.31
2025-09-08,161943,163182,161275,162038,256195,21.33
2025-09-09,162800,163182,160513,161561,269186,21.34
2025-09-10,160322,162705,160322,161752,263990,21.36
2025-09-11,162038,163944,161275,163944,435062,21.32
2025-09-12,163944,164421,162419,163658,307394,21.34
2025-09-15,163468,163849,161847,162038,289748,21.31
2025-09-16,162038,162133,160799,160799,317247,21.2
2025-09-17,161561,161657,159750,160513,253327,21.22
2025-09-18,161085,161847,160131,160608,287889,21.25
2025-09-19,160131,162800,160131,162800,480342,21.31
2025-09-22,162514,162610,161085,161180,292282,21.25
2025-09-23,160799,176717,160703,175573,2668397,21.55
2025-09-24,175573,175573,166041,168615,1113441,21.43
2025-09-25,168710,170998,168138,169568,566997,21.43
2025-09-26,172237,172999,167757,169663,930701,21.33
2025-09-29,171569,173095,169711,170235,462486,21.32
2025-09-30,169187,169187,164993,165279,593206,21.29
2025-10-01,166804,168424,165946,166899,343988,21.3
2025-10-02,167185,168710,166136,167185,585767,21.3
2025-10-10,167566,169473,164897,165469,676779,21.26
2025-10-13,163372,163944,162038,162896,483834,21.24
2025-10-14,162133,164039,160608,161752,598307,21.31
2025-10-15,161847,164421,161752,163182,411011,21.33
2025-10-16,163086,167947,162896,167757,676921,21.46
2025-10-17,166041,168233,164945,166804,486478,21.41
2025-10-20,167471,168996,165946,168805,490405,21.4
2025-10-21,172237,173095,168805,170330,758839,21.38
2025-10-22,170426,171760,168901,169949,447214,21.51
2025-10-23,168805,168996,164516,164516,606657,21.47
2025-10-24,165374,165755,163468,164802,588014,21.41
2025-10-27,165088,170330,164039,170044,817213,21.43
2025-10-28,173666,174429,170044,170902,708638,21.35
2025-10-29,172523,172523,167852,168329,618451,21.23
2025-10-30,171379,173857,166899,166899,766782,21.18
2025-10-31,168233,168996,166804,167376,535291,21.15
2025-11-03,167757,167852,165565,166422,571987,21.14
2025-11-04,165850,170044,165088,168043,929046,21.18
2025-11-05,171569,171569,164421,166708,1040916,21.1
2025-11-06,167852,170426,165660,166518,727017,21.15
2025-11-07,166518,166518,163086,164802,551384,21.12
2025-11-10,165850,167280,164993,165469,404559,21.12
2025-11-11,165660,167566,164611,164707,410825,21.13
2025-11-12,166136,175668,165946,174334,2545341,21.61
2025-11-13,175001,188822,172999,185962,3551885,21.88
2025-11-14,184818,193969,183484,186915,2258661,21.82
2025-11-17,189775,189775,179957,181006,1279360,21.72
2025-11-18,182054,182626,174715,175192,924308,21.72
2025-11-19,177098,177384,171569,176431,871823,21.67
2025-11-20,178337,180625,175954,178051,650936,21.65
2025-11-21,174524,181864,174429,178623,668277,21.61
2025-11-24,180434,180625,173571,173571,2055735,21.53
2025-11-25,175001,178814,173762,173952,489692,21.58
2025-11-26,176431,180625,176049,178623,721103,21.64
2025-11-27,179385,179957,176335,176526,397715,21.55
2025-11-28,177574,178432,175573,176907,485555,21.46
2025-12-01,178146,180482,175859,177098,418898,21.43
2025-12-02,177193,177479,174906,175573,394912,21.39
2025-12-03,175954,176335,174524,174715,413132,21.4
2025-12-04,175192,176240,172904,174048,490250,21.4
2025-12-05,173857,176145,172523,174715,499427,21.41
2025-12-08,176240,179957,175287,178337,661747,21.41
2025-12-09,177860,178528,176717,178528,366139,21.3
2025-12-10,178146,179100,177003,177003,322870,21.28
2025-12-11,178528,183103,177003,177956,986516,21.39
2025-12-12,178909,178909,175477,178051,485180,21.34
2025-12-15,176812,180053,175763,179004,542785,21.41
2025-12-16,179481,179957,176049,176907,437308,21.23
2025-12-17,178051,178337,175859,176335,421666,21.16
2025-12-18,173857,175477,172999,173571,366425,21.26
2025-12-19,174715,175954,172523,175859,484847,21.34
2025-12-22,177098,177193,174524,175954,394078,21.31
2025-12-23,175477,176335,173571,174238,343602,21.1
2025-12-24,173857,174143,173095,173476,318500,21.11
2025-12-26,173190,173762,171569,171569,485339,21.07
2025-12-29,170426,172809,169854,172809,399592,21.08
2025-12-30,172046,172904,170902,172523,345209,21.06
2026-01-02,179957,194922,179767,193016,3609562,21.47
2026-01-05,193016,202071,191109,199688,1910935,21.62
2026-01-06,198258,205407,197305,203024,1420261,21.73
2026-01-07,201118,203501,193016,201118,1367268,21.83
2026-01-08,204930,205407,197782,203024,1014870,21.87
2026-01-09,202071,206837,199688,206837,813802,21.95
2026-01-12,209696,209696,202309,203977,726736,21.9
2026-01-13,206837,210649,204454,210649,1006553,22.02
2026-01-14,212079,212079,199211,201594,1018199,21.96
2026-01-15,200641,202071,198258,200641,637891,22.0
2026-01-16,200164,202786,195875,199211,700799,22.02
2026-01-19,197782,199211,195875,196828,568592,22.02
2026-01-20,198735,200641,197305,197305,529086,22.02
2026-01-21,193016,195399,191109,194445,685935,22.11
2026-01-22,195875,200164,193016,198258,877491,22.07
2026-01-23,199211,203501,196828,202071,733274,22.09
2026-01-26,203501,206837,202071,204930,663294,22.18
2026-01-27,200164,202547,198735,201594,664450,22.21
2026-01-28,202071,212079,200641,208266,1360447,22.34
2026-01-29,206360,206837,201594,204454,840774,22.25
2026-01-30,203024,204930,200164,200164,747880,22.28
2026-02-02,197782,200164,192063,193492,704801,22.45
2026-02-03,197782,198735,194445,197782,466317,22.45
2026-02-04,196828,207313,196828,204454,835260,22.52
2026-02-05,213985,215415,204930,207313,1444064,22.49
2026-02-06,202071,209696,198258,209696,1038138,22.62
2026-02-09,214462,223517,213985,219228,1681787,22.79
2026-02-10,217321,220658,214462,216845,652232,22.77
2026-02-11,221134,232096,220181,228283,1808284,22.95
2026-02-12,227330,228283,220658,227330,999259,22.67
2026-02-13,230666,231142,223040,226853,705178,22.54
2026-02-19,229236,234478,228283,233049,589884,22.62
2026-02-20,231142,233525,229236,230666,491305,22.61
2026-02-23,231619,232572,229236,231619,517145,22.83
2026-02-24,234955,239244,234002,236861,686631,22.89
2026-02-25,237815,237815,231142,233049,570688,22.87
2026-02-26,231142,232572,227330,230666,656674,22.93
2026-02-27,230189,232572,223994,227330,874106,22.99
2026-03-03,220658,224470,213032,214462,910208,23.18
2026-03-04,203977,208266,186725,188155,1611301,23.39
2026-03-05,203977,205883,195875,201594,962486,23.38
2026-03-06,204454,206360,196828,202547,601213,23.32
2026-03-09,190537,194445,189775,194445,735915,23.36
2026-03-10,202547,203501,194445,196352,513144,23.25
2026-03-11,199688,203977,197305,199211,452125,23.26
2026-03-12,197305,198258,193492,196352,525822,23.25
2026-03-13,191109,198258,190633,195875,541462,23.22
2026-03-16,193969,194445,190156,190633,453495,23.23
2026-03-17,195875,198735,194445,196352,377404,23.3
2026-03-18,200641,202071,198258,199688,434323,23.28
2026-03-19,193492,195399,192063,192539,559182,23.27
2026-03-20,193492,194922,191109,192539,474972,23.26
2026-03-23,185867,185962,178909,179481,778200,23.26
2026-03-24,185962,193969,180434,190252,723874,23.3
2026-03-25,192539,196352,190633,193969,495953,23.31
2026-03-26,194922,198020,192063,193492,462979,23.32
2026-03-27,191109,197305,189775,196352,489865,23.38
2026-03-30,188441,193969,187773,192063,447702,23.38
2026-03-31,190156,192539,186915,187964,597980,23.35
2026-04-01,194445,197305,190633,196352,528178,23.26
2026-04-02,197305,198258,184818,187487,671894,23.31
2026-04-03,190633,191109,186153,186153,303787,23.3
2026-04-06,186058,189203,185486,186630,349006,23.34
2026-04-07,185772,188536,182626,184628,534140,23.35
2026-04-08,192539,195399,186820,192539,607448,23.36
2026-04-09,193016,193492,189584,192063,582803,23.3
2026-04-10,193492,193492,190347,190347,368944,24.25
2026-04-13,186630,187678,184533,186058,452503,24.3
2026-04-14,189680,193016,188441,189775,445077,24.3
2026-04-15,193016,194922,191586,192539,487345,24.34
2026-04-16,194922,201118,194445,199211,589340,24.38
2026-04-17,199211,199211,196352,197782,281323,24.38
2026-04-20,197782,198735,195399,195875,289266,24.39
2026-04-21,196828,198258,192539,193492,468608,24.37
2026-04-22,193492,195399,191586,194445,341016,24.4
2026-04-23,197782,197782,193492,196352,499155,24.38
2026-04-24,196828,202071,195875,199211,470135,24.4
2026-04-27,199688,200164,193492,194445,544388,24.29
2026-04-28,193492,197782,192539,197305,474583,24.34
2026-04-29,196828,198258,194445,194445,398727,24.25
2026-04-30,193969,194445,190633,191109,491854,24.18
2026-05-04,193016,193492,188441,188536,646796,24.13
2026-05-06,192539,193016,185581,185581,980616,24.01
2026-05-07,190252,196828,189489,193016,1127198,24.12
2026-05-08,194445,194445,187869,189108,651205,24.02
2026-05-11,188155,188155,181768,182340,906575,23.94
2026-05-12,181864,188536,178623,184247,1225716,24.06
2026-05-13,187773,188536,179100,181578,823912,24.07
2026-05-14,181482,185962,181292,185962,736284,24.2
2026-05-15,186344,186344,177956,179957,806879,24.2
2026-05-18,179290,179862,171188,174620,661543,24.18
2026-05-19,174048,177384,171188,173952,598966,24.16
2026-05-20,176907,176907,169663,170998,664910,24.26
2026-05-21,173476,182436,173476,180720,810887,24.39
2026-05-22,184818,192539,184151,189394,886158,24.45
2026-05-26,192539,192539,185867,185867,610543,24.4
2026-05-27,184628,188536,182817,185390,670104,24.51
2026-05-28,184914,185772,176288,181101,716263,24.58
2026-05-29,182626,185390,180529,183865,1188978,24.62
2026-06-01,182436,185390,180243,182722,901163,24.64
2026-06-02,181578,182722,177003,179100,742115,24.63
2026-06-04,181200,181900,174000,176500,581517,24.44
2026-06-05,179700,179800,169900,171400,603099,24.39
2026-06-08,160700,164200,158500,159400,761456,24.28
2026-06-09,160100,171700,160100,170000,690173,24.32
2026-06-10,165100,168400,162700,167300,527943,24.28
2026-06-11,163000,167100,160000,166200,555228,24.27
2026-06-12,171000,176900,169200,173000,877296,24.27
2026-06-15,176100,177700,173500,175000,400596,24.32
2026-06-16,174200,177400,172300,174500,427814,24.32
2026-06-17,175900,177800,171100,174600,500727,24.36
2026-06-18,173200,175500,172300,173600,443187,24.41
2026-06-19,173000,174100,166500,170300,1160752,24.42
2026-06-22,168400,169200,166300,168500,503668,24.52
2026-06-23,167700,169900,160300,160500,580032,24.43
2026-06-24,160500,175500,159200,172700,824946,24.51
2026-06-25,171000,180300,170600,173100,631651,24.56
2026-06-26,173700,173800,161100,165900,596116,24.66
2026-06-29,168000,180000,167900,179200,765680,24.49
2026-06-30,177500,180200,173100,173300,565686,24.47
