date,open,high,low,close,volume,foreign_ownership_ratio
2016-07-01,138736,139720,136277,137261,236956,40.91
2016-07-04,139228,144640,138244,144640,491792,40.9
2016-07-05,144640,146608,140705,141197,306541,40.82
2016-07-06,139720,142672,137261,138245,347997,40.8
2016-07-07,139228,140212,137261,137261,234711,40.74
2016-07-08,136768,137260,133817,134309,342989,40.77
2016-07-11,135293,137260,133325,136277,289253,40.75
2016-07-12,136276,137260,134309,135785,275785,40.72
2016-07-13,139229,142180,138245,140705,518017,40.8
2016-07-14,139228,144640,138244,144640,479816,40.83
2016-07-15,145131,147591,143164,144640,374927,40.9
2016-07-18,145131,146607,143656,144640,313640,40.91
2016-07-19,145131,145131,140704,143656,286648,40.92
2016-07-20,143656,146115,143164,144640,256108,40.98
2016-07-21,145132,145132,141689,142181,155118,40.98
2016-07-22,140704,147592,140704,147592,274978,41.04
2016-07-25,148084,149067,146116,148084,307115,41.14
2016-07-26,147100,149067,144148,147592,356898,41.22
2016-07-27,148083,148083,144148,145624,280082,41.24
2016-07-28,145131,146115,142672,143656,285734,41.23
2016-07-29,142672,145131,142672,143656,228996,41.25
2016-08-01,145132,149067,144148,147592,334819,41.26
2016-08-02,145131,146607,142672,143656,202340,41.25
2016-08-03,141688,142180,139229,139721,222237,41.27
2016-08-04,142672,146607,142180,144640,254422,41.36
2016-08-05,145132,147592,145132,147592,285901,41.4
2016-08-08,149067,149067,146116,148576,266843,41.5
2016-08-09,149068,150543,147592,149068,211578,41.54
2016-08-10,149068,153003,148576,152020,406730,41.69
2016-08-11,151527,151527,147592,150544,275297,41.68
2016-08-12,152511,155463,149560,149560,317182,41.71
2016-08-16,152020,155463,151528,153004,258822,41.78
2016-08-17,153004,156447,152512,155464,331006,41.84
2016-08-18,155955,157431,150544,151528,300238,41.89
2016-08-19,153004,153987,149560,153004,200981,41.94
2016-08-22,153003,153003,150052,150052,192206,41.99
2016-08-23,150051,151527,141688,143656,484782,42.02
2016-08-24,144640,146607,143164,145624,281064,42.08
2016-08-25,143164,145132,138245,140213,616813,41.96
2016-08-26,140213,141197,138245,141197,319640,41.89
2016-08-29,139720,140704,136277,136769,325427,41.79
2016-08-30,137261,140704,137261,139721,292677,41.73
2016-08-31,139228,144147,138736,143164,378415,41.78
2016-09-01,142180,146115,141196,145132,229696,41.85
2016-09-02,145131,145131,142672,144148,135072,41.83
2016-09-05,146608,148575,145624,147592,175044,41.86
2016-09-06,147100,148575,145132,147592,169752,41.87
2016-09-07,148576,151527,148084,149560,268806,41.92
2016-09-08,150051,151527,147100,148576,274917,41.89
2016-09-09,151035,151035,147592,149560,205961,41.87
2016-09-12,145132,151035,143164,150052,226075,41.85
2016-09-13,151035,152019,147592,149068,265817,41.85
2016-09-19,144148,152019,144148,151036,234524,41.88
2016-09-20,148576,150543,148084,150052,165305,41.91
2016-09-21,149560,152020,149068,152020,154430,41.97
2016-09-22,155463,155955,151528,151528,218076,42.01
2016-09-23,153496,156939,153004,156448,347947,42.05
2016-09-26,156448,158907,154972,156940,210173,42.01
2016-09-27,157431,157431,153988,154972,309651,42.04
2016-09-28,154971,155463,151036,151036,322681,41.99
2016-09-29,156448,160875,155956,158908,709327,42.04
2016-09-30,157432,160383,155464,158908,286892,42.05
2016-10-04,159891,160383,155956,156940,238725,42.04
2016-10-05,156940,159891,154972,156940,250183,42.02
2016-10-06,157923,157923,153004,153988,305783,41.96
2016-10-07,154480,155463,153004,154972,220934,41.91
2016-10-10,155956,158415,154972,155956,170513,41.86
2016-10-11,157924,160383,156940,159400,466154,41.73
2016-10-12,158907,159891,154972,155464,271573,41.63
2016-10-13,155463,156447,152512,153988,302363,41.62
2016-10-14,154971,155463,151528,152020,309760,41.61
2016-10-17,152512,154479,151528,152512,232954,41.64
2016-10-18,153004,155955,153004,154972,251719,41.66
2016-10-19,155955,156939,153988,155464,212892,41.73
2016-10-20,156940,160875,156448,158416,279670,41.74
2016-10-21,157431,158415,154480,155464,168148,41.73
2016-10-24,155464,157431,154972,156448,189005,41.69
2016-10-25,156939,156939,154972,155464,134218,41.67
2016-10-26,154971,154971,151528,152512,145225,41.67
2016-10-27,151528,153003,148084,152512,196665,41.64
2016-10-28,151036,154479,149068,153004,229868,41.64
2016-10-31,151035,152019,149068,149068,195380,41.61
2016-11-01,148084,155463,148084,153496,328031,41.56
2016-11-02,153496,156939,152512,155956,304998,41.53
2016-11-03,155955,155955,152512,153988,189904,41.49
2016-11-04,153987,154971,151036,151528,205765,41.4
2016-11-07,153495,154971,152020,152512,236293,41.38
2016-11-08,153987,154971,151528,152020,220905,41.34
2016-11-09,153003,153987,148084,150052,316813,41.29
2016-11-10,153496,158908,152512,158908,388706,41.33
2016-11-11,156940,159399,153988,156940,266907,41.25
2016-11-14,157923,157923,154972,156448,168758,41.2
2016-11-15,155464,160383,152020,158416,308801,41.12
2016-11-16,161859,161859,153988,153988,317389,41.03
2016-11-17,152512,154971,151036,153004,238735,41.03
2016-11-18,152511,153003,149560,149560,223892,40.98
2016-11-21,149560,153495,149068,149560,226009,40.98
2016-11-22,152512,156447,152512,154972,363937,40.95
2016-11-23,154480,155955,153496,155464,233776,40.96
2016-11-24,154480,155955,152512,155464,119988,40.94
2016-11-25,156447,156447,153496,153496,115483,40.93
2016-11-28,152020,153495,149560,152020,291817,40.89
2016-11-29,152020,154971,151528,153988,230185,40.84
2016-11-30,153003,153003,150052,150052,342326,40.79
2016-12-01,156939,157923,151036,151036,489019,40.68
2016-12-02,152019,153003,149068,149560,228578,40.61
2016-12-05,149560,151527,148576,149560,166087,40.6
2016-12-06,151036,151527,149560,151036,203223,40.54
2016-12-07,150543,151527,147592,149560,353094,40.48
2016-12-08,150052,152512,149068,152512,294541,40.42
2016-12-09,152511,152511,148576,149068,255488,40.34
2016-12-12,151036,152019,150544,151036,221143,40.35
2016-12-13,152020,153003,150052,152020,307409,40.36
2016-12-14,153003,153495,150052,151036,231607,40.38
2016-12-15,149560,152511,149068,152020,219994,40.35
2016-12-16,151527,152511,149560,149560,204280,40.32
2016-12-19,150543,151527,146608,146608,341475,40.21
2016-12-20,147099,148083,142180,144148,527923,40.17
2016-12-21,144639,146607,143656,144148,305823,40.2
2016-12-22,144148,146607,144148,144148,274627,40.1
2016-12-23,145131,145131,143656,144148,208683,40.08
2016-12-26,145132,148083,145132,147100,264468,40.06
2016-12-27,148084,150051,147100,149560,371563,40.09
2016-12-28,147591,148083,145624,145624,263633,40.05
2016-12-29,146115,146607,144148,144148,151133,40.06
2017-01-02,143164,146607,143164,144640,136984,40.07
2017-01-03,145132,153003,144640,152512,495719,40.11
2017-01-04,152512,154479,150544,153496,258780,40.15
2017-01-05,153495,153987,150544,151528,192465,40.09
2017-01-06,152512,156447,151036,154480,260786,40.1
2017-01-09,154480,156939,153496,156448,223453,40.09
2017-01-10,154479,155955,152512,153004,262685,40.06
2017-01-11,153004,158415,153004,156940,371278,40.12
2017-01-12,158907,161367,157924,157924,330627,40.18
2017-01-13,158908,160383,157924,159400,187750,40.21
2017-01-16,159891,161367,159400,159400,262917,40.18
2017-01-17,159891,160383,156940,159400,236743,40.15
2017-01-18,158908,159892,157432,159892,110477,40.15
2017-01-19,159892,160383,157432,159892,175012,40.16
2017-01-20,159891,160875,158908,159400,157919,40.13
2017-01-23,160383,160875,156940,156940,178428,40.14
2017-01-24,156940,159399,155464,158908,134015,40.16
2017-01-25,160383,161367,158416,159400,160587,40.18
2017-01-26,160875,160875,158416,159400,146958,40.22
2017-01-31,157923,158907,153988,154480,274349,40.17
2017-02-01,155956,156939,154480,155956,190127,40.17
2017-02-02,154972,160383,154972,158416,258420,40.23
2017-02-03,159399,159891,151528,153988,434614,40.16
2017-02-06,154971,155463,148576,149560,511856,40.12
2017-02-07,150051,152019,148576,149068,303004,40.08
2017-02-08,149560,152019,148084,151528,288411,40.12
2017-02-09,151527,151527,149068,150052,278679,40.15
2017-02-10,151036,153987,151036,153496,298886,40.24
2017-02-13,154480,156447,153496,154972,198235,40.22
2017-02-14,155955,155955,153004,153004,190959,40.16
2017-02-15,154480,155463,153496,154480,164919,40.18
2017-02-16,155464,155955,153004,155464,141708,40.22
2017-02-17,154479,155463,153988,153988,113598,40.22
2017-02-20,153495,153987,150052,151036,215676,40.23
2017-02-21,152020,153003,151036,152020,143085,40.25
2017-02-22,153003,155463,152020,152512,295834,40.36
2017-02-23,153004,153987,152020,153496,253543,40.41
2017-02-24,153987,153987,150544,150544,261842,40.38
2017-02-27,151527,151527,150052,151036,182523,40.3
2017-02-28,151036,153003,150544,152020,220653,40.32
2017-03-02,153004,154972,152512,154972,358619,40.42
2017-03-03,153004,154479,151528,153004,184184,40.43
2017-03-06,153003,153495,149560,151528,311780,40.53
2017-03-07,151528,153987,150544,151528,189195,40.57
2017-03-08,152020,155463,151036,154480,298525,40.7
2017-03-09,153495,154479,151036,151528,459363,40.83
2017-03-10,151527,152019,149560,149560,288952,40.76
2017-03-13,150544,155463,150052,154972,382372,40.97
2017-03-14,155463,155955,153004,154480,298436,41.09
2017-03-15,154972,158416,154480,158416,393188,41.26
2017-03-16,160875,161859,157432,158908,349402,41.35
2017-03-17,159400,161860,159400,161860,267022,41.48
2017-03-20,159891,161859,157924,159400,234502,41.58
2017-03-21,160875,165303,159399,165303,424882,41.67
2017-03-22,162843,163827,159892,160384,405298,41.67
2017-03-23,161367,162351,159400,160384,179962,41.7
2017-03-24,161859,162351,160384,160876,126201,41.71
2017-03-27,161367,161367,159400,159400,159220,41.75
2017-03-28,161367,162843,159892,160384,278780,41.68
2017-03-29,161367,161859,158416,160384,192321,41.66
2017-03-30,160876,165795,159892,161860,302754,41.67
2017-03-31,164318,166286,163335,163827,292081,41.76
2017-04-03,164319,165795,162844,163336,123148,41.75
2017-04-04,162843,163335,158416,160384,250275,41.64
2017-04-05,161859,162843,159892,160876,177238,41.67
2017-04-06,160383,161859,158416,159892,209940,41.67
2017-04-07,160876,162351,159892,161860,177066,41.67
2017-04-10,161368,161368,158908,161368,162726,41.65
2017-04-11,161367,162843,159400,159400,145128,41.62
2017-04-12,159892,161367,157924,160384,150070,41.61
2017-04-13,160876,161367,158908,160876,125089,41.61
2017-04-14,159891,159891,157432,157924,86156,41.6
2017-04-17,158416,159891,157924,158908,60945,41.6
2017-04-18,159892,160875,158416,159892,99535,41.62
2017-04-19,158908,162351,158908,160876,189941,41.63
2017-04-20,160383,160875,158416,158908,182718,41.6
2017-04-21,159399,159891,158416,158908,128975,41.58
2017-04-24,159400,161860,158416,161860,169754,41.64
2017-04-25,162843,167762,162351,167271,473695,41.69
2017-04-26,168747,171206,167763,170223,333786,41.77
2017-04-27,172682,173666,169731,171699,281592,41.86
2017-04-28,169238,170714,167271,168255,199713,41.91
2017-05-02,168747,171698,168255,171207,174425,41.93
2017-05-04,168254,169730,166779,167763,264625,41.92
2017-05-08,168255,169239,164319,169239,366413,41.96
2017-05-10,170222,171698,165303,166779,320403,41.97
2017-05-11,167271,171206,167271,170223,385605,41.98
2017-05-12,172190,172190,167763,170223,188502,42.01
2017-05-15,171698,171698,167763,169239,156785,42.04
2017-05-16,170222,171206,167763,168747,195034,42.04
2017-05-17,167762,169238,164319,165303,268857,41.97
2017-05-18,163827,166287,162843,166287,194435,42.03
2017-05-19,166286,166286,163335,165303,204163,42.0
2017-05-22,165303,166286,164319,165795,283577,41.94
2017-05-23,166779,170222,166287,168747,307812,41.98
2017-05-24,169238,169730,166287,167271,189443,41.92
2017-05-25,167270,168254,165303,166779,308976,41.9
2017-05-26,164811,166286,163335,164811,321939,41.89
2017-05-29,165795,168746,165303,167763,254537,41.96
2017-05-30,167271,168746,166287,167763,220810,41.99
2017-05-31,168746,169238,165303,166287,344811,41.94
2017-06-01,165302,165794,163335,163827,318044,41.92
2017-06-02,164319,165303,161860,162844,333044,41.87
2017-06-05,162843,162843,158908,159400,433797,41.81
2017-06-07,159399,159891,155956,156448,489295,41.78
2017-06-08,154971,156447,153004,154480,822758,41.84
2017-06-09,154971,156447,153496,154480,460469,41.66
2017-06-12,156448,158415,155956,156940,440326,41.66
2017-06-13,157924,158415,155956,157924,385756,41.63
2017-06-14,157923,157923,155464,157432,407314,41.63
2017-06-15,154971,155463,152512,153988,410636,41.5
2017-06-16,156448,158907,155956,156448,455537,41.39
2017-06-19,157432,158907,156448,158416,380757,41.42
2017-06-20,157431,157923,153988,154972,338923,41.37
2017-06-21,153004,154971,152020,154480,213450,41.34
2017-06-22,153004,154479,151528,153988,355969,41.37
2017-06-23,153988,155956,153496,155956,329245,41.25
2017-06-26,156447,156447,153988,154480,181468,41.24
2017-06-27,154479,155955,153496,153988,268219,41.22
2017-06-28,154480,155464,153988,155464,244957,41.22
2017-06-29,154972,155463,153496,154972,211835,41.24
2017-06-30,153988,156939,153496,155956,198066,41.15
2017-07-03,156940,158416,155956,158416,339726,41.22
2017-07-04,159891,159891,156448,157432,279481,41.26
2017-07-05,157923,158415,155464,157432,246416,41.26
2017-07-06,154972,156447,153004,155956,350531,41.18
2017-07-07,155464,156940,153988,156940,197014,41.22
2017-07-10,155464,158415,153988,157432,266245,41.24
2017-07-11,158416,163335,157924,162844,567475,41.35
2017-07-12,163335,164811,160384,160876,269495,41.32
2017-07-13,162351,163335,159892,160384,328151,41.32
2017-07-14,161367,165794,160875,165303,371493,41.37
2017-07-17,166287,166778,164319,166287,257207,41.37
2017-07-18,165303,166286,163827,165795,153918,41.33
2017-07-19,165794,165794,163827,164811,143185,41.31
2017-07-20,165795,169730,165303,169239,440323,41.41
2017-07-21,167763,168747,167271,168747,153130,41.39
2017-07-24,167271,169730,165303,169239,202057,41.35
2017-07-25,169731,173174,168747,171699,433014,41.33
2017-07-26,173667,175142,170715,174651,422543,41.27
2017-07-27,174650,176126,170223,171699,358270,41.19
2017-07-28,170715,174158,168255,172191,394758,41.17
2017-07-31,172191,174650,171207,173667,207805,41.14
2017-08-01,175143,179570,174651,176619,373261,41.09
2017-08-02,176618,177110,173175,173667,255053,41.04
2017-08-03,173666,174158,168747,169731,339386,41.11
2017-08-04,169239,177111,169239,177111,318862,41.18
2017-08-07,179078,179078,173667,173667,208197,41.16
2017-08-08,173667,174650,170715,174159,179830,41.15
2017-08-09,172190,173666,171207,171699,152326,41.17
2017-08-10,171698,173174,168747,169239,373723,41.19
2017-08-11,166779,171698,166287,169239,299142,41.18
2017-08-14,170715,172682,169731,171207,130686,41.18
2017-08-16,171206,171206,164811,167763,417256,41.1
2017-08-17,165303,168746,165303,167271,170324,41.06
2017-08-18,166287,169238,165795,167763,149095,41.06
2017-08-21,170715,174158,170223,171207,306319,41.07
2017-08-22,171207,172682,169239,171699,127838,41.04
2017-08-23,170714,172190,167763,168255,184284,40.97
2017-08-24,170223,176126,169239,175143,411610,41.02
2017-08-25,175143,178094,174651,177603,313387,41.08
2017-08-28,177603,181046,176127,180555,254446,41.14
2017-08-29,178587,182522,176619,180555,365469,41.07
2017-08-30,181539,183015,179571,183015,270602,41.1
2017-08-31,188917,194329,183506,185474,609349,40.99
2017-09-01,188917,188917,184490,185474,277308,40.99
2017-09-04,180554,188425,180554,186458,297449,40.95
2017-09-05,187933,187933,181538,183998,269016,40.9
2017-09-06,185966,185966,180555,182031,285583,40.89
2017-09-07,182522,185965,182522,183998,197255,40.94
2017-09-08,183998,184490,182031,183507,108617,40.93
2017-09-11,183998,189409,182522,187934,320391,40.93
2017-09-12,190393,190885,186949,188426,226188,40.92
2017-09-13,189409,193837,186950,190886,384444,40.85
2017-09-14,192361,193345,188918,192854,300105,40.84
2017-09-15,190885,191869,183998,185966,509839,40.85
2017-09-18,186950,188425,186457,187934,206229,40.92
2017-09-19,186949,188425,184490,186458,155901,40.91
2017-09-20,186950,189409,184982,187934,222877,40.89
2017-09-21,188425,192361,185965,185966,215038,40.88
2017-09-22,188426,188426,178095,183507,348482,40.9
2017-09-25,183506,186458,182030,186458,214149,40.89
2017-09-26,188918,191378,187933,191378,315487,40.77
2017-09-27,191378,192853,189410,192362,201442,40.79
2017-09-28,190886,192853,188918,191378,199440,40.73
2017-09-29,192854,196297,191870,195806,278197,40.73
2017-10-10,198266,204169,195314,201218,578772,40.95
2017-10-11,203185,204661,199248,199250,288317,40.97
2017-10-12,199741,206629,199249,206629,378208,41.09
2017-10-13,208103,211548,203676,206137,332685,41.11
2017-10-16,207120,209089,201710,203186,229231,41.13
2017-10-17,203677,205644,201217,204661,161175,41.14
2017-10-18,203677,205645,200726,200726,184313,41.1
2017-10-19,203186,207121,202694,204170,254750,41.16
2017-10-20,204660,205153,201218,202694,157348,41.18
2017-10-23,201710,205645,201218,201710,192816,41.22
2017-10-24,201217,205153,201217,203186,146419,41.27
2017-10-25,203185,204169,201218,201710,198331,41.25
2017-10-26,201217,204168,199741,200234,168268,41.24
2017-10-27,200726,203676,200234,202694,140823,41.28
2017-10-30,204661,209088,204661,205645,285743,41.33
2017-10-31,205645,206629,200725,201710,227719,41.33
2017-11-01,199742,204170,199250,204170,261843,41.37
2017-11-02,205153,206137,199250,201218,287191,41.39
2017-11-03,202201,205644,202201,205645,261232,41.43
2017-11-06,207121,213024,206628,208597,302601,41.46
2017-11-07,211056,212532,209089,210565,260239,41.47
2017-11-08,209089,213025,208105,213025,191073,41.54
2017-11-09,214009,214499,209089,214009,338187,41.59
2017-11-10,211548,211548,207613,207613,257426,41.55
2017-11-13,207613,209089,199249,199742,359623,41.55
2017-11-14,199742,201709,197774,199742,245828,41.61
2017-11-15,197773,198265,191869,192854,428074,41.58
2017-11-16,192854,198265,189410,197774,279265,41.6
2017-11-17,198758,201709,196790,200234,355768,41.7
2017-11-20,201709,201709,195806,196298,226524,41.69
2017-11-21,197773,198265,194330,195806,209803,41.67
2017-11-22,198758,200725,197282,199250,186603,41.69
2017-11-23,200234,202693,199250,200234,165286,41.7
2017-11-24,201218,202201,199742,201710,104183,41.71
2017-11-27,202694,203185,200726,202694,174290,41.75
2017-11-28,202694,203186,197281,203186,149379,41.78
2017-11-29,203186,205645,201710,204170,142610,41.79
2017-11-30,205153,206137,202202,203186,284953,41.8
2017-12-01,202693,204661,198758,199250,210540,41.78
2017-12-04,200726,205153,200726,204170,171184,41.86
2017-12-05,202692,206136,202201,205153,120508,41.86
2017-12-06,205152,206136,203677,204661,151920,41.89
2017-12-07,202693,204169,198758,199250,259360,41.83
2017-12-08,199249,201709,197774,199742,154914,41.84
2017-12-11,201217,201709,198266,198758,134890,41.84
2017-12-12,197773,198757,192361,193838,288936,41.83
2017-12-13,193838,200726,192854,200726,196985,41.86
2017-12-14,202202,204660,201710,202694,386191,41.94
2017-12-15,203677,204168,195313,200234,432624,41.91
2017-12-18,201709,201709,197282,199250,105766,41.88
2017-12-19,199741,201217,197774,199250,144920,41.87
2017-12-20,197774,199741,197774,198758,137869,41.84
2017-12-21,198265,201709,197774,199250,271197,41.87
2017-12-22,200726,202693,199250,200726,197860,41.85
2017-12-26,202694,205153,201218,204170,276698,41.8
2017-12-27,201709,201709,197282,198758,206157,41.77
2017-12-28,198758,201218,197282,201218,111816,41.78
2018-01-02,202202,203186,198758,203186,141656,41.8
2018-01-03,200233,203185,198265,199250,202384,41.82
2018-01-04,200725,200725,193838,195314,312451,41.8
2018-01-05,195806,198757,193838,198266,213164,41.86
2018-01-08,198757,198757,193346,194330,351906,41.75
2018-01-09,194821,195805,191869,192854,288312,41.74
2018-01-10,194330,199742,193838,199742,386239,41.87
2018-01-11,200232,200724,196298,197282,325897,41.96
2018-01-12,199741,199741,196790,197774,190757,42.03
2018-01-15,197773,198265,194330,195314,163825,42.01
2018-01-16,195805,196297,192361,194330,195586,42.03
2018-01-17,193838,194822,192361,194822,170453,42.04
2018-01-18,193837,195313,188425,189410,320729,41.97
2018-01-19,189410,191869,188426,191378,167647,41.98
2018-01-22,191870,193344,189902,191870,169204,41.98
2018-01-23,192854,195806,191378,195806,249699,42.03
2018-01-24,195314,196297,194329,196298,153215,42.04
2018-01-25,195806,198265,194822,196790,242221,42.05
2018-01-26,195805,196789,193838,194822,159911,42.01
2018-01-29,195313,207120,194821,206629,643355,42.24
2018-01-30,206137,210564,205645,206629,449795,42.3
2018-01-31,205645,205645,199250,201218,335843,42.27
2018-02-01,199742,206629,199742,202202,337662,42.27
2018-02-02,202692,203185,195806,196790,246737,42.24
2018-02-05,195314,200725,193346,195314,300619,42.22
2018-02-06,191869,192853,187442,189902,344639,42.1
2018-02-07,191377,192853,187441,187442,292209,42.24
2018-02-08,186948,189901,183998,185966,346527,42.23
2018-02-09,182031,183998,179079,182031,234530,42.16
2018-02-12,183014,183998,178095,182523,148817,42.14
2018-02-13,183014,187933,182030,186950,244727,42.14
2018-02-14,187441,187933,185474,187442,185917,42.13
2018-02-19,190886,194821,189409,193346,205967,42.12
2018-02-20,193344,194329,190393,191378,99461,42.14
2018-02-21,190886,194328,189902,192362,161947,42.11
2018-02-22,192853,193345,189410,189902,268134,42.11
2018-02-23,191870,196297,190886,196298,261209,42.17
2018-02-26,198757,206136,197773,205645,508304,42.15
2018-02-27,206629,207612,203678,203678,241403,42.12
2018-02-28,200726,207121,200726,202202,293552,42.08
2018-03-02,198266,206137,198266,204170,277939,42.07
2018-03-05,204661,209580,204169,205153,228331,42.06
2018-03-06,207613,208105,200726,201218,247333,42.01
2018-03-07,200234,202201,196298,200234,223894,42.02
2018-03-08,198265,199741,194822,199250,329949,42.01
2018-03-09,199250,201709,196790,201218,151467,42.0
2018-03-12,205153,211548,205153,211057,383931,42.08
2018-03-13,208596,210564,204661,205153,262186,42.08
2018-03-14,204661,210564,204169,206629,228737,42.03
2018-03-15,206629,208596,204169,206629,128063,42.03
2018-03-16,208104,209088,203677,205153,240166,41.99
2018-03-19,205152,208596,204661,207613,146506,41.99
2018-03-20,205645,208105,205153,208105,153327,41.98
2018-03-21,206136,208596,201709,208597,220786,41.97
2018-03-22,210073,213516,208597,210073,204324,41.97
2018-03-23,206628,208103,204169,206137,174070,41.98
2018-03-26,206136,208596,202693,208597,151181,41.98
2018-03-27,210072,210072,205153,206137,152307,41.97
2018-03-28,204661,206137,201218,203678,148502,42.0
2018-03-29,202693,208104,202693,206629,198631,41.99
2018-03-30,208596,210072,206629,207613,160289,41.96
2018-04-02,209581,215483,209089,210565,205344,41.93
2018-04-03,206629,208104,204661,207613,179592,41.87
2018-04-04,209088,214008,204661,206629,226513,41.9
2018-04-05,205645,210073,205645,210073,154371,41.92
2018-04-06,209089,210564,206629,209089,126016,41.88
2018-04-09,207613,208105,202202,204170,264153,41.93
2018-04-10,202200,203185,196790,199742,272712,41.96
2018-04-11,199741,201217,197282,198758,195629,41.99
2018-04-12,199742,202693,197774,201218,246709,42.04
2018-04-13,200725,201217,197774,197774,141414,42.04
2018-04-16,200233,202693,197774,199250,151175,42.05
2018-04-17,198265,199249,194822,195314,212850,42.03
2018-04-18,197281,197281,194330,195806,240632,42.05
2018-04-19,194822,196297,194330,194822,161064,42.03
2018-04-20,194822,195806,194330,195806,100347,42.05
2018-04-23,195806,197774,194330,197774,154702,42.1
2018-04-24,198265,198265,195806,196298,205085,42.14
2018-04-25,195313,195805,184490,190394,443386,42.07
2018-04-26,190393,192361,188426,191378,315755,42.14
2018-04-27,189901,192360,187934,188918,264305,42.15
2018-04-30,187442,193837,187442,193346,221526,42.24
2018-05-02,203185,205644,199249,205153,635005,42.19
2018-05-03,205153,206137,202202,203186,472388,42.08
2018-05-04,201709,202200,194330,194330,396936,41.98
2018-05-08,195314,197773,193838,196790,318289,41.99
2018-05-09,195314,199249,194330,198758,220096,41.98
2018-05-10,198758,199742,195806,199742,287480,41.93
2018-05-11,199250,201710,198266,201710,194155,41.91
2018-05-14,201218,202201,199250,201710,230234,41.9
2018-05-15,199742,201708,198266,200726,316130,41.81
2018-05-16,201217,201217,197774,198758,318570,41.75
2018-05-17,198266,202201,197774,200726,255439,41.78
2018-05-18,199250,203185,199250,202694,224048,41.8
2018-05-21,203186,205153,201218,203678,171211,41.78
2018-05-23,201218,204169,201218,201710,255839,41.7
2018-05-24,201708,201708,199742,200726,162435,41.66
2018-05-25,200725,201709,198266,198758,184601,41.59
2018-05-28,197774,201217,196790,200234,159540,41.57
2018-05-29,199250,202201,197282,201218,144588,41.56
2018-05-30,199249,200233,195314,195806,349450,41.39
2018-05-31,198758,204168,198758,202694,503688,41.43
2018-06-01,201709,203185,199250,200234,173506,41.36
2018-06-04,201218,204170,200726,204170,173266,41.38
2018-06-05,202694,204168,202202,202694,171265,41.34
2018-06-07,202201,205152,201217,204661,246983,41.33
2018-06-08,204661,207120,204661,206629,179469,41.36
2018-06-11,206137,211548,203185,211057,280750,41.36
2018-06-12,211057,213024,209089,211549,237177,41.27
2018-06-14,209581,212040,209089,209581,320533,41.15
2018-06-15,210073,212532,209089,211057,271767,41.02
2018-06-18,213516,214008,209581,210073,269746,40.91
2018-06-19,207121,210073,201710,201710,392593,40.7
2018-06-20,200234,204661,200234,201218,286236,40.6
2018-06-21,200233,204661,200233,200726,195596,40.58
2018-06-22,199249,201709,198758,198758,227637,40.54
2018-06-25,201218,203185,198266,202694,165637,40.53
2018-06-26,202694,205153,201709,203678,177416,40.45
2018-06-27,202201,203185,199248,199250,287652,40.39
2018-06-28,197282,199741,195314,198266,218284,40.32
2018-06-29,198266,199249,194330,198758,250062,40.26
2018-07-02,197773,198265,184490,184982,623067,40.25
2018-07-03,185474,186950,179571,181539,549753,40.22
2018-07-04,179571,185474,179571,183507,226465,40.21
2018-07-05,183506,186949,183506,186458,301471,40.19
2018-07-06,186950,190885,185966,189902,290849,40.15
2018-07-09,188917,190885,186950,190394,177675,40.11
2018-07-10,188918,189901,187934,188918,246977,40.08
2018-07-11,187933,188917,186458,187442,248519,40.05
2018-07-12,188425,188917,184982,187442,365606,40.06
2018-07-13,186458,189901,185473,188918,267782,40.13
2018-07-16,188426,196789,188426,195314,279256,40.19
2018-07-17,192361,193837,189410,189902,191140,40.17
2018-07-18,189901,192361,187934,188426,136517,40.19
2018-07-19,188426,193344,187933,191378,155352,40.19
2018-07-20,190394,191377,186457,190394,142939,40.2
2018-07-23,190886,195313,190394,193346,160938,40.21
2018-07-24,193344,193344,191378,191378,82907,40.19
2018-07-25,191870,193836,189902,192362,102331,40.17
2018-07-26,193838,199741,193838,198758,241806,40.18
2018-07-27,201217,201709,194822,195314,112697,40.2
2018-07-30,194330,203185,194330,200726,295979,40.35
2018-07-31,200233,200725,193346,195314,207462,40.29
2018-08-01,195313,196789,192854,193346,133998,40.25
2018-08-02,192853,193837,187934,187934,184077,40.24
2018-08-03,186457,187441,184982,185966,406644,40.1
2018-08-06,186950,188425,185966,187442,213435,40.1
2018-08-07,184982,187933,184490,186458,313932,40.06
2018-08-08,186949,187441,183998,185474,238777,40.03
2018-08-09,185473,186458,183014,186458,245290,40.05
2018-08-10,186950,190393,185966,188918,230034,40.08
2018-08-13,188918,190885,188425,189410,188745,40.09
2018-08-14,189902,196789,189409,195806,308214,40.17
2018-08-16,191870,196789,191378,195806,172471,40.17
2018-08-17,194330,199741,193345,197774,161652,40.18
2018-08-20,199741,201709,196298,196790,132813,40.17
2018-08-21,194330,196789,192361,194330,208053,40.16
2018-08-22,194329,194329,189409,190886,181828,40.17
2018-08-23,191378,192361,189902,192362,116878,40.17
2018-08-24,192361,195313,192361,194330,124304,40.18
2018-08-27,195313,195805,192854,193838,68330,40.18
2018-08-28,193836,193836,190886,192362,179171,40.13
2018-08-29,191870,192853,191378,191870,88877,40.12
2018-08-30,192360,193345,188426,188918,142668,40.12
2018-08-31,188918,189902,187934,189902,140749,40.12
2018-09-03,189410,191869,188918,191378,116070,40.11
2018-09-04,190885,191377,188918,189902,120598,40.09
2018-09-05,189901,190393,187934,188426,125470,40.06
2018-09-06,188425,190393,187934,187934,123479,40.05
2018-09-07,188918,189410,186950,189410,99118,40.0
2018-09-10,189410,197773,189410,196298,413762,40.02
2018-09-11,196298,200725,194822,199250,285210,39.99
2018-09-12,197282,199741,197282,198266,180396,39.94
2018-09-13,200233,200725,195314,198266,210164,39.9
2018-09-14,198266,200234,196790,200234,139798,39.92
2018-09-17,198757,199741,195806,197774,141420,39.96
2018-09-18,195806,199741,194822,199250,162288,39.92
2018-09-19,197774,199741,196790,198266,106495,39.91
2018-09-20,196789,197773,194330,195314,170782,39.86
2018-09-21,197281,198757,194330,197282,406788,39.84
2018-09-27,196297,208104,195805,205153,392638,39.9
2018-09-28,208105,215976,205153,211549,453969,39.97
2018-10-01,216468,222372,215485,219421,464449,40.0
2018-10-02,218929,223356,217945,221881,261450,40.01
2018-10-04,222372,222864,215977,219421,252861,40.03
2018-10-05,217453,222372,214992,220405,198455,40.02
2018-10-08,219912,220895,210565,214009,339739,39.99
2018-10-10,214008,214992,209581,212533,179341,39.98
2018-10-11,206629,210073,202202,202694,284805,39.95
2018-10-12,202693,210564,201709,208105,239830,39.93
2018-10-15,208105,212532,203185,211549,215895,39.92
2018-10-16,213516,214008,206137,210073,257692,39.87
2018-10-17,212533,219420,209088,215485,193165,39.8
2018-10-18,213025,217452,211549,216469,191808,39.75
2018-10-19,214500,215483,199741,209089,411042,39.66
2018-10-22,207613,212040,203185,210565,188839,39.66
2018-10-23,207612,211057,202694,203678,157670,39.64
2018-10-24,204661,208105,198758,203678,268497,39.58
2018-10-25,199249,206629,198757,206629,218693,39.51
2018-10-26,205645,210565,199742,201710,236149,39.45
2018-10-29,203677,208597,200726,203186,200931,39.38
2018-10-30,204660,206628,202693,204661,199674,39.34
2018-10-31,203677,211548,202201,210073,222848,39.37
2018-11-01,208105,208105,199248,199250,313939,39.32
2018-11-02,199742,204661,198266,203678,285107,39.34
2018-11-05,201710,204169,198758,201710,192172,39.37
2018-11-06,203185,203185,198758,202202,165559,39.36
2018-11-07,201217,202693,198758,200726,267660,39.36
2018-11-08,203677,203677,200234,200234,224675,39.37
2018-11-09,199249,201217,194822,196790,275041,39.38
2018-11-12,192854,195805,190394,194822,211416,39.37
2018-11-13,193346,197773,188425,196790,232607,39.34
2018-11-14,193345,193345,187934,190394,287386,39.24
2018-11-15,190394,193345,187442,192854,230136,39.19
2018-11-16,193838,194329,190886,193838,143120,39.2
2018-11-19,194821,200725,194330,199742,243337,39.18
2018-11-20,200726,203185,197282,201218,184162,39.15
2018-11-21,195806,200234,194822,200234,174510,39.11
2018-11-22,201710,204169,200726,202202,112654,39.1
2018-11-23,200724,202201,195314,197282,125030,39.07
2018-11-26,195805,196297,189902,193838,261866,39.05
2018-11-27,194820,195313,191870,193838,229543,38.99
2018-11-28,193837,194329,190886,192854,283457,38.96
2018-11-29,193837,195313,192361,193346,223437,39.01
2018-11-30,193837,194821,192854,193346,308984,38.98
2018-12-03,195313,201217,194822,200234,259484,39.01
2018-12-04,200233,200233,194822,195806,276683,38.97
2018-12-05,194330,197773,191870,195806,178938,38.97
2018-12-06,193345,194821,186949,188426,348813,38.85
2018-12-07,188917,189901,183506,184490,283389,38.77
2018-12-10,184982,184982,180063,181047,248299,38.67
2018-12-11,179570,180554,178095,178587,287061,38.66
2018-12-12,180063,183014,179571,181539,285597,38.57
2018-12-13,181538,183014,179079,179571,545010,38.71
2018-12-14,182030,184982,179571,181539,278219,38.63
2018-12-17,181538,183014,179079,179571,162793,38.61
2018-12-18,177110,178094,173667,174651,312923,38.55
2018-12-19,170715,177110,169239,175635,321498,38.47
2018-12-20,175635,177111,173175,177111,203559,38.45
2018-12-21,176619,179571,175635,179571,285830,38.36
2018-12-24,179570,180062,176127,178095,154988,38.32
2018-12-26,175143,180554,174159,179079,248568,38.24
2018-12-27,179078,179570,175143,176127,246987,38.26
2018-12-28,174651,177602,173667,176619,144501,38.31
2019-01-02,177110,177602,164811,166287,483738,38.34
2019-01-03,166778,167762,163335,163827,282544,38.35
2019-01-04,164319,170222,163335,166287,312588,38.34
2019-01-07,168747,178586,168747,171207,422423,38.27
2019-01-08,174650,178586,173175,174159,257282,38.26
2019-01-09,174159,179078,174159,177111,223993,38.19
2019-01-10,179570,182030,177603,178587,232510,38.23
2019-01-11,178586,179078,175143,176619,157532,38.21
2019-01-14,175143,178094,173175,175143,157266,38.18
2019-01-15,175143,178094,173175,177111,165865,38.17
2019-01-16,176618,178586,175143,175635,155376,38.1
2019-01-17,176127,181046,176127,179571,237440,38.08
2019-01-18,180555,183014,180063,180555,167533,38.03
2019-01-21,183014,183014,177603,178587,218940,37.94
2019-01-22,179570,181046,178095,178587,146563,37.94
2019-01-23,178586,178586,174651,177603,155331,37.93
2019-01-24,175143,178586,175143,176619,185508,37.93
2019-01-25,175143,183014,175143,182523,284822,37.91
2019-01-28,181538,182522,177603,178095,268707,37.89
2019-01-29,176619,183014,176127,182523,277009,37.91
2019-01-30,183014,183014,180555,182523,219944,37.87
2019-01-31,184982,186949,182522,185474,322383,37.94
2019-02-01,185474,189902,182523,183015,274632,37.95
2019-02-07,182523,185966,182523,182523,168287,37.93
2019-02-08,182522,184982,179079,180555,204537,37.94
2019-02-11,182031,182523,180063,182523,134116,37.94
2019-02-12,181538,182030,178587,180555,281497,37.97
2019-02-13,181047,182522,180063,181047,160180,37.92
2019-02-14,180555,180555,177111,180555,218856,37.87
2019-02-15,179570,181046,178587,179079,155750,37.86
2019-02-18,181539,186458,181047,183507,341134,37.83
2019-02-19,185473,187440,184982,184982,175567,37.84
2019-02-20,185473,189409,183014,188918,278711,37.82
2019-02-21,187440,188424,183998,184982,208448,37.79
2019-02-22,185474,185474,180555,181047,236887,37.75
2019-02-25,181538,182522,179571,181047,162924,37.74
2019-02-26,180062,180554,177111,178095,333951,37.73
2019-02-27,179078,184982,178094,184982,322777,37.83
2019-02-28,186456,187933,183998,184982,436517,37.86
2019-03-04,185474,187442,180555,180555,305192,37.77
2019-03-05,183014,185473,182522,184982,240200,37.75
2019-03-06,185966,188918,183998,188918,254446,37.87
2019-03-07,189409,189409,185966,186950,174067,37.88
2019-03-08,185473,190393,183506,188918,246899,37.87
2019-03-11,189900,189900,184982,185474,207748,37.88
2019-03-12,186458,187933,185474,186950,137667,37.92
2019-03-13,184490,186950,182031,183015,271729,37.94
2019-03-14,183998,188425,183506,186950,332270,37.99
2019-03-15,186950,190885,186950,189410,372543,37.98
2019-03-18,190885,191869,188918,189902,105486,37.97
2019-03-19,190886,192361,188918,191870,131062,37.99
2019-03-20,191378,192853,188918,192362,118753,37.98
2019-03-21,193837,194821,188918,191870,208703,37.99
2019-03-22,189902,192853,188918,192362,148091,38.03
2019-03-25,187934,190884,186457,187934,173162,38.03
2019-03-26,187933,189409,183506,184490,228517,38.01
2019-03-27,184982,185965,183506,184982,153252,38.01
2019-03-28,184490,184982,181539,183507,192264,38.04
2019-03-29,179570,180062,174159,176619,592990,37.99
2019-04-01,177603,179570,177111,178587,167782,38.0
2019-04-02,179571,180554,178095,179571,130727,38.01
2019-04-03,178095,181047,178095,181047,213173,38.02
2019-04-04,181046,181538,179079,180555,184561,38.06
2019-04-05,180555,182522,179571,182031,129420,38.08
2019-04-08,183014,183998,180555,182523,159592,38.11
2019-04-09,183998,184490,182031,182523,141218,38.12
2019-04-10,182522,183014,179079,181047,191682,38.12
2019-04-11,181047,184490,181047,182523,234138,38.14
2019-04-12,183014,183014,180555,182031,162732,38.14
2019-04-15,184490,191377,183506,190394,495348,38.19
2019-04-16,188918,190393,186950,188918,276354,38.18
2019-04-17,188426,189901,185966,188918,206977,38.21
2019-04-18,189901,190885,186458,187442,204049,38.21
2019-04-19,188425,188917,184490,187934,243692,38.21
2019-04-22,186458,187933,184982,186950,136873,38.23
2019-04-23,187934,192361,187934,190394,234966,38.34
2019-04-24,190885,192361,188426,190394,281897,38.4
2019-04-25,189900,189900,185474,185474,240276,38.45
2019-04-26,185966,186458,182031,183507,202151,38.48
2019-04-29,183998,183998,180554,183998,162740,38.47
2019-04-30,184490,184982,178587,179571,334902,38.52
2019-05-02,179079,182030,178095,180063,163103,38.53
2019-05-03,181046,182030,177111,177111,176845,38.52
2019-05-07,175142,176126,173667,174159,197751,38.47
2019-05-08,172683,174158,171207,173175,167945,38.4
2019-05-09,173174,174158,166287,166287,301529,38.39
2019-05-10,167763,169730,166287,167763,186947,38.35
2019-05-13,165302,168746,164811,164811,148900,38.31
2019-05-14,163827,164319,161368,163336,235123,38.25
2019-05-15,163827,170222,163335,167271,268010,38.23
2019-05-16,167762,169730,165303,165303,217774,38.19
2019-05-17,166778,169238,165303,165303,143399,38.16
2019-05-20,164319,165795,162352,162352,165591,38.14
2019-05-21,161859,167270,161859,165795,189698,38.16
2019-05-22,165794,168254,164319,164811,182511,38.17
2019-05-23,165795,168254,164319,166779,172343,38.21
2019-05-24,163335,164811,161860,162352,279899,38.19
2019-05-27,161368,163335,159400,161860,223352,38.21
2019-05-28,160383,163827,158416,158416,1678877,37.91
2019-05-29,158908,161859,157924,159892,452449,38.16
2019-05-30,159892,162843,159400,162352,295892,37.72
2019-05-31,160876,163827,158908,162352,252018,37.73
2019-06-03,160384,161859,158416,161368,276105,37.77
2019-06-04,162843,163335,159892,160384,202862,37.8
2019-06-05,162351,163335,157924,158908,251401,37.67
2019-06-07,159891,160383,157432,157924,152698,37.64
2019-06-10,159400,160383,158416,159892,240064,37.66
2019-06-11,159892,160384,158908,160384,192516,37.63
2019-06-12,160383,160875,158416,158908,164722,37.57
2019-06-13,158908,158908,155956,158908,288154,37.52
2019-06-14,158907,159399,155956,156940,191239,37.47
2019-06-17,156939,156939,154972,154972,173373,37.44
2019-06-18,155956,156448,154480,156448,156382,37.45
2019-06-19,157923,159891,155956,156940,207421,37.41
2019-06-20,157432,158907,156940,158416,125573,37.39
2019-06-21,159399,159891,157924,158416,189525,37.36
2019-06-24,159399,159891,157432,157924,120108,37.32
2019-06-25,158415,159399,157432,157432,184664,37.32
2019-06-26,157432,157924,155956,157924,124981,37.31
2019-06-27,157432,158907,156448,157924,182175,37.25
2019-06-28,156939,157923,156448,156448,135949,37.24
2019-07-01,157924,159891,156940,158908,159996,37.21
2019-07-02,158908,163827,158416,162352,364360,37.16
2019-07-03,160875,164319,159400,159400,217680,37.07
2019-07-04,161367,169238,161367,168747,529480,37.09
2019-07-05,169239,170222,166287,169731,207992,37.03
2019-07-08,169238,169730,165795,166779,166042,37.02
2019-07-09,166286,168254,162843,163827,167740,36.98
2019-07-10,166779,166779,162352,162844,178706,36.95
2019-07-11,170222,172190,166779,169731,390338,36.94
2019-07-12,169731,175634,168255,172191,431408,36.92
2019-07-15,171698,173666,169731,169731,174800,36.89
2019-07-16,170222,171206,166779,168747,160097,36.88
2019-07-17,167763,169239,163827,169239,201167,36.87
2019-07-18,167762,168746,164319,166287,171185,36.83
2019-07-19,166287,169238,164811,167271,163857,36.81
2019-07-22,167763,172190,167763,170715,205537,36.79
2019-07-23,172683,175142,171699,174159,260135,36.77
2019-07-24,173667,174650,172683,173667,174432,36.78
2019-07-25,173174,173174,168747,169239,182396,36.75
2019-07-26,168255,171206,167271,170223,159605,36.73
2019-07-29,171206,171206,161859,166287,287370,36.79
2019-07-30,166287,169238,163827,167763,174072,36.82
2019-07-31,168746,169238,164811,168255,222034,36.82
2019-08-01,165303,169730,165303,168747,125272,36.79
2019-08-02,163335,167270,161859,165795,251658,36.74
2019-08-05,164811,167271,162352,162844,199356,36.7
2019-08-06,159400,163827,156448,160876,277057,36.68
2019-08-07,160875,161859,157924,160384,150650,36.68
2019-08-08,160875,161859,156448,156448,292074,36.63
2019-08-09,157431,159891,156448,156940,156737,36.64
2019-08-12,157431,159891,155464,155464,163106,36.61
2019-08-13,154971,155955,148576,149560,306555,36.57
2019-08-14,152512,155464,151528,155464,310057,36.67
2019-08-16,153988,155464,151036,155464,196939,36.68
2019-08-19,155464,159399,153988,157432,193524,36.68
2019-08-20,158416,162351,157432,159892,207063,36.7
2019-08-21,159892,162351,158416,161368,215987,36.68
2019-08-22,160384,162843,160384,161860,138014,36.66
2019-08-23,161859,161859,158416,158908,116273,36.65
2019-08-26,155464,157431,153988,156448,110125,36.64
2019-08-27,155955,157923,153496,153496,256801,36.58
2019-08-28,154479,154971,152512,153988,165606,36.54
2019-08-29,155955,157923,153004,153496,217449,36.51
2019-08-30,156940,164319,156448,162352,361531,36.61
2019-09-02,160876,163827,159892,162844,127974,36.59
2019-09-03,162843,163335,158416,159892,157689,36.54
2019-09-04,157924,159891,157432,158908,192332,36.45
2019-09-05,160384,162351,158908,161368,230356,36.4
2019-09-06,160384,161860,158908,161860,145455,36.37
2019-09-09,161860,163335,160384,162844,146671,36.38
2019-09-10,163335,165302,162843,163827,138675,36.37
2019-09-11,164319,167270,164319,165795,273707,36.34
2019-09-16,173174,175142,169239,170223,447876,36.3
2019-09-17,172682,173174,168747,168747,180584,36.3
2019-09-18,167762,168254,163335,166779,180065,36.29
2019-09-19,165795,167270,164811,166287,133071,36.29
2019-09-20,164811,166778,164811,165795,186966,36.29
2019-09-23,165303,167270,164319,166779,128159,36.35
2019-09-24,167270,167270,165303,166779,94803,36.31
2019-09-25,164811,165794,164319,165303,166898,36.33
2019-09-26,166286,166286,162843,163827,198100,36.35
2019-09-27,164319,164319,161368,161368,146827,36.33
2019-09-30,161368,165303,161368,163336,194436,36.36
2019-10-01,162352,164319,161368,162844,189054,36.36
2019-10-02,161859,162351,159892,159892,128212,36.36
2019-10-04,159892,163335,159400,161368,125564,36.38
2019-10-07,161368,163335,161368,162352,136448,36.37
2019-10-08,161367,165794,161367,165303,181658,36.36
2019-10-10,162351,164319,160384,160384,299044,36.34
2019-10-11,162351,166778,161859,164811,212086,36.39
2019-10-14,167270,168746,165303,166287,132055,36.37
2019-10-15,166287,166287,160876,161368,233783,36.33
2019-10-16,161367,162843,158908,159400,222653,36.27
2019-10-17,161367,161859,158908,159892,187306,36.28
2019-10-18,160875,161367,159400,160384,224273,36.28
2019-10-21,161367,161859,157924,157924,122169,36.23
2019-10-22,158416,160876,157924,160876,159820,36.21
2019-10-23,161367,161367,156448,156940,258873,36.17
2019-10-24,157924,160876,157432,160876,188523,36.24
2019-10-25,159891,160875,158416,159400,135314,36.22
2019-10-28,160383,160875,158416,158416,100381,36.24
2019-10-29,158416,159892,158416,159892,125270,36.24
2019-10-30,160383,160383,156448,156448,159312,36.17
2019-10-31,156940,158907,155956,157432,292209,36.16
2019-11-01,157432,159891,156448,157924,225688,36.13
2019-11-04,158415,160383,157432,157924,190663,36.08
2019-11-05,158416,159399,157432,158416,170408,36.09
2019-11-06,158907,159399,156940,156940,191884,36.04
2019-11-07,157432,158415,156940,157432,138693,36.04
2019-11-08,158416,159891,157924,159400,195807,36.05
2019-11-11,159891,159891,158416,158416,139955,36.01
2019-11-12,158907,159399,156940,157924,140276,35.98
2019-11-13,157431,157431,154480,154480,248519,35.88
2019-11-14,155464,156448,154972,156448,169230,35.84
2019-11-15,155464,158415,155464,156940,137023,35.83
2019-11-18,157432,158415,156448,157432,121265,35.82
2019-11-19,155956,156447,153496,155956,285369,35.77
2019-11-20,154479,154479,152020,152512,226179,35.7
2019-11-21,153495,153987,151528,152020,186710,35.66
2019-11-22,151527,151527,149068,149560,301846,35.52
2019-11-25,149559,149559,146608,148084,372726,35.41
2019-11-26,148083,148575,147100,147100,385576,35.34
2019-11-27,146608,149067,146608,147592,228606,35.31
2019-11-28,147099,147099,144640,145132,248643,35.28
2019-11-29,145131,146607,143656,144148,314990,35.29
2019-12-02,145623,147591,144640,145132,268923,35.28
2019-12-03,145131,145623,143164,144148,226049,35.25
2019-12-04,143164,143656,140705,141689,303779,35.21
2019-12-05,141688,143656,138737,139721,402061,35.15
2019-12-06,139720,141196,138737,139229,173887,35.07
2019-12-09,140212,144147,139720,143164,324947,35.02
2019-12-10,144147,144639,142180,143164,149687,34.95
2019-12-11,144147,144639,142672,143656,286752,34.89
2019-12-12,144148,146607,143656,145132,649816,34.87
2019-12-13,146116,146607,145624,146116,318029,34.79
2019-12-16,146115,147591,145624,145624,283568,34.72
2019-12-17,145132,147591,145132,146608,225130,34.65
2019-12-18,146608,147591,145624,147100,322665,34.68
2019-12-19,147100,149560,146116,149560,235395,34.71
2019-12-20,150052,151527,149560,151036,363500,34.6
2019-12-23,151527,151527,149560,151036,260646,34.55
2019-12-24,150544,151528,150052,151528,252417,34.52
2019-12-26,151528,153003,151036,152512,247386,34.46
2019-12-27,148576,149067,147592,148576,235964,34.38
2019-12-30,148575,149067,147100,147592,158769,34.36
2020-01-02,148083,148575,144148,144148,220555,34.33
2020-01-03,145132,147591,144148,147100,279472,34.36
2020-01-06,148575,150543,144640,145624,322613,34.35
2020-01-07,145624,146116,141689,142181,329852,34.27
2020-01-08,141688,141688,133817,134801,714737,34.13
2020-01-09,137752,138736,133817,135293,653106,34.02
2020-01-10,135293,138244,134309,135785,428021,33.97
2020-01-13,135785,137260,134801,135785,321763,33.94
2020-01-14,136277,138736,136277,137261,413934,33.87
2020-01-15,137752,137752,133817,134801,396395,33.71
2020-01-16,134308,134800,129881,130865,780783,33.56
2020-01-17,130865,132832,130373,131357,723860,33.53
2020-01-20,131849,134308,131849,133325,341509,33.59
2020-01-21,134308,134800,131849,132341,306129,33.5
2020-01-22,132341,133324,130865,132341,174364,33.49
2020-01-23,131848,131848,127421,127913,495349,33.44
2020-01-28,123484,123976,121025,122993,656861,33.49
2020-01-29,123484,123976,121025,122993,489799,33.46
2020-01-30,122992,125452,122009,122993,407615,33.4
2020-01-31,122993,129880,120041,127913,1259403,33.31
2020-02-03,126437,126437,121518,121518,797513,33.05
2020-02-04,122009,126928,121517,125945,1000877,33.0
2020-02-05,128897,134800,127913,131849,1501528,32.86
2020-02-06,133817,134800,131849,133817,726779,32.78
2020-02-07,132832,132832,130373,131357,476799,32.7
2020-02-10,130865,135292,129881,134309,482850,32.64
2020-02-11,134309,139228,133817,138245,845420,32.49
2020-02-12,138736,139720,136277,138245,552348,32.47
2020-02-13,137752,139720,136277,136277,544022,32.39
2020-02-14,137752,137752,135293,135293,380023,32.34
2020-02-17,126929,135784,125945,134309,1054464,32.48
2020-02-18,134309,137752,132341,134309,533054,32.49
2020-02-19,135292,135784,131849,132833,439074,32.37
2020-02-20,133324,133816,129881,130865,444355,32.31
2020-02-21,129880,130372,127913,128405,435738,32.3
2020-02-24,123977,124961,121518,121518,540057,32.12
2020-02-25,118074,122008,118074,120534,658139,31.9
2020-02-26,118565,120041,117582,118074,799892,31.66
2020-02-27,118073,118073,114630,114630,686145,31.46
2020-02-28,111677,112169,110202,111186,784534,31.38
2020-03-02,110202,113645,110202,112170,619789,31.16
2020-03-03,114629,116597,112170,112662,635246,30.95
2020-03-04,113644,115121,112170,113154,564173,30.73
2020-03-05,114629,114629,110202,111186,812865,30.55
2020-03-06,109217,109709,105282,106266,840780,30.41
2020-03-09,99870,101346,97410,97509,1464485,30.19
2020-03-10,96427,100362,95147,98887,1173117,29.85
2020-03-11,99378,100854,95246,96427,804290,29.68
2020-03-12,95738,95836,89047,90917,1022582,29.52
2020-03-13,81962,85799,81175,85111,1252202,29.24
2020-03-16,84618,85504,78912,78912,1131850,28.98
2020-03-17,73893,78124,73893,76649,1022494,28.83
2020-03-18,76059,76551,69762,69762,934819,28.65
2020-03-19,69761,71139,54215,56380,2224347,27.96
2020-03-20,60020,64055,58151,63760,1747450,27.44
2020-03-23,57560,61890,56872,59332,1181418,27.17
2020-03-24,62086,72024,60512,70844,1597217,26.95
2020-03-25,77731,89834,74484,88555,2923932,27.26
2020-03-26,89538,98886,83536,83635,3330971,26.81
2020-03-27,88161,89047,83832,86292,1775483,27.05
2020-03-30,82061,86292,80388,84718,1169957,26.99
2020-03-31,86586,86783,83143,85603,1044204,26.99
2020-04-01,83734,85603,81176,81176,849242,26.68
2020-04-02,81766,91999,80093,88949,2108815,26.56
2020-04-03,94262,96918,86390,88260,1817675,26.38
2020-04-06,89637,93966,88555,92885,1415851,26.35
2020-04-07,94950,95343,90424,92786,1180106,26.09
2020-04-08,91113,94360,90719,92097,841962,26.06
2020-04-09,95246,96427,93475,96427,1200060,26.16
2020-04-10,93770,99870,93770,98887,1321685,26.22
2020-04-13,98197,98886,94262,94754,791309,26.12
2020-04-14,95541,97706,94951,95640,693721,26.11
2020-04-16,93770,96427,92786,95148,745798,26.0
2020-04-17,95738,96919,95541,96132,893030,25.78
2020-04-20,97607,100854,96722,97411,912788,25.78
2020-04-21,95935,99377,93769,96919,991840,25.73
2020-04-22,94950,95737,93572,94754,764019,25.65
2020-04-23,97115,98394,95736,97804,929439,25.71
2020-04-24,98886,99378,95934,96033,629570,25.58
2020-04-27,96033,97312,96033,96033,462067,25.51
2020-04-28,94655,96131,94163,94951,665937,25.46
2020-04-29,95442,98886,95442,96722,903839,25.57
2020-05-04,98296,98296,94951,95148,845253,25.29
2020-05-06,97607,101346,97607,98395,1442774,25.43
2020-05-07,97607,97903,96230,97116,681706,25.41
2020-05-08,97410,97902,97017,97017,456284,25.37
2020-05-11,97606,98001,95935,95935,474085,25.33
2020-05-12,95443,95836,93475,93869,652670,25.16
2020-05-13,93475,93967,91507,93967,617969,25.0
2020-05-14,92982,93277,91506,92097,498654,24.92
2020-05-15,93376,94459,92688,92885,488333,24.8
2020-05-18,94457,95344,92884,95246,576267,24.72
2020-05-19,99871,102330,98395,101839,1752877,24.89
2020-05-20,99871,102822,99379,101839,624325,24.92
2020-05-21,104298,108233,103806,104790,1138962,24.82
2020-05-22,104790,105282,100363,101839,697861,24.73
2020-05-25,102330,104789,100362,104298,573609,24.69
2020-05-26,104298,120533,103806,119058,2783757,24.67
2020-05-27,120534,126929,116106,120534,1997056,24.59
2020-05-28,119057,122501,114630,116106,1086672,24.51
2020-05-29,117089,119057,115614,116598,749813,24.51
2020-06-01,121518,124961,120042,122010,675359,24.48
2020-06-02,121026,123977,120534,122010,549370,24.44
2020-06-03,124961,126436,122993,125453,743668,24.57
2020-06-04,126928,128404,122993,123485,843754,24.42
2020-06-05,123485,124960,120533,124469,553070,24.39
2020-06-08,129388,130864,124469,124469,703414,24.34
2020-06-09,125452,127420,122993,123485,552955,24.32
2020-06-10,122993,123977,121026,122502,428578,24.29
2020-06-11,121517,122009,117090,118566,1037383,24.22
2020-06-12,111678,114629,109218,113154,1172612,24.25
2020-06-15,110693,117089,104790,104790,1124724,24.22
2020-06-16,108726,116597,107250,114630,1108829,24.33
2020-06-17,117089,125452,116105,123977,2456978,24.48
2020-06-18,125452,127912,120041,123977,1138071,24.32
2020-06-19,126436,126928,121517,123977,889345,24.27
2020-06-22,123976,125944,122009,123485,632887,24.28
2020-06-23,126436,128404,122993,125945,1072680,24.27
2020-06-24,127421,134800,124961,134309,1782752,24.41
2020-06-25,131357,136276,129389,131849,1314332,24.32
2020-06-26,135784,136276,131849,133817,807679,24.36
2020-06-29,131356,133816,127421,127913,971313,24.31
2020-06-30,131356,134800,128897,128897,906411,24.33
2020-07-01,132340,132832,126929,126929,603641,24.3
2020-07-02,129389,130372,125945,129389,589606,24.26
2020-07-03,130864,132832,128897,129881,610060,24.25
2020-07-06,132833,134800,130864,133325,698994,24.28
2020-07-07,135784,136276,129881,131357,852096,24.22
2020-07-08,132340,133816,131357,131849,539024,24.2
2020-07-09,131849,133324,129881,132341,609670,24.17
2020-07-10,131356,131356,127421,128405,699537,24.01
2020-07-13,130372,130864,128897,128897,411681,24.05
2020-07-14,127420,127912,124961,125945,523726,24.03
2020-07-15,126929,127421,120534,121518,946231,24.05
2020-07-16,123485,124961,122010,122502,460072,24.08
2020-07-17,122502,123977,121026,122502,300709,24.06
2020-07-20,122008,122008,118074,120534,472243,24.04
2020-07-21,121025,124468,121025,122993,461136,24.04
2020-07-22,124961,133816,123977,132833,2058049,24.26
2020-07-23,133324,133816,126929,129881,988945,24.09
2020-07-24,127913,130864,126929,129881,481549,24.06
2020-07-27,129880,133816,128405,128897,585483,23.99
2020-07-28,130373,131848,129389,130865,569303,24.11
2020-07-29,130372,132340,128405,128897,461989,24.22
2020-07-30,129388,130372,124961,125453,678290,24.17
2020-07-31,125944,128896,122501,124961,666871,24.14
2020-08-03,125945,128896,123977,127421,753811,24.0
2020-08-04,130372,132340,128897,129881,571061,23.98
2020-08-05,130865,156448,129389,156448,6230445,24.26
2020-08-06,157924,168255,151528,160876,4185225,24.11
2020-08-07,164811,186950,162351,181047,6098334,24.16
2020-08-10,188426,194330,179079,183015,3520972,24.06
2020-08-11,180554,188917,176618,183998,1643192,24.08
2020-08-12,182030,186458,177111,179571,1147600,24.11
2020-08-13,184490,186458,178095,179079,961293,24.12
2020-08-14,178094,178586,166779,169239,1641849,24.16
2020-08-18,168255,169731,155956,157924,1731743,24.17
2020-08-19,160384,164811,157432,161368,833905,24.08
2020-08-20,157923,162351,151528,152512,1231373,24.16
2020-08-21,155463,156447,148084,152512,1420299,23.9
2020-08-24,150052,153987,145624,150052,1168798,23.96
2020-08-25,152512,161367,151528,160876,1626705,24.01
2020-08-26,160876,164811,154480,161368,1504607,23.94
2020-08-27,162351,163827,151528,153004,1812540,23.88
2020-08-28,151036,158907,150052,154480,1210681,23.87
2020-08-31,153004,153496,142673,142673,2128918,23.52
2020-09-01,143164,147099,142180,146116,939341,23.55
2020-09-02,147591,148575,143656,145624,668820,23.58
2020-09-03,145624,150051,144640,148576,742520,23.67
2020-09-04,143164,157431,143164,151528,1628396,23.66
2020-09-07,150543,150543,145624,147100,722886,23.56
2020-09-08,148083,149067,144640,145624,650997,23.55
2020-09-09,143656,148575,142672,143656,917303,23.52
2020-09-10,146608,155955,145624,155464,1810207,23.91
2020-09-11,154479,154971,149068,151528,708408,23.8
2020-09-14,152512,158415,150544,154480,953532,23.81
2020-09-15,156448,158415,154972,156940,650906,23.82
2020-09-16,156939,158907,153988,153988,544313,23.81
2020-09-17,156939,161859,152020,153496,1217138,23.81
2020-09-18,154479,155463,150544,150544,673335,23.82
2020-09-21,152020,159399,151036,154972,1108847,23.88
2020-09-22,154971,156939,147592,148576,814103,23.75
2020-09-23,152019,152511,142672,145624,701634,23.8
2020-09-24,141688,144148,135785,136277,886787,23.72
2020-09-25,139228,141688,137753,138245,528284,23.77
2020-09-28,139720,139720,131357,135785,687953,23.81
2020-09-29,138736,141196,135293,136769,611571,23.77
2020-10-05,137753,139720,134801,138737,509012,23.86
2020-10-06,139720,144148,137753,138737,550785,23.82
2020-10-07,138245,140705,136277,140705,335753,23.82
2020-10-08,142181,142672,139721,142181,436415,23.84
2020-10-12,144640,147591,143656,146116,476913,23.85
2020-10-13,146607,147591,142180,143164,336284,23.82
2020-10-14,142672,143164,139721,140213,347201,23.79
2020-10-15,139720,140212,137753,138737,241280,23.8
2020-10-16,138736,140212,135785,136769,278587,23.78
2020-10-19,136768,138736,134309,134309,294151,23.73
2020-10-20,133325,138736,132833,138245,362789,23.76
2020-10-21,139228,139228,135293,136277,316310,23.75
2020-10-22,134800,136276,133325,134309,256771,23.73
2020-10-23,135292,135292,133325,134309,203392,23.74
2020-10-26,131848,132832,127913,129389,492761,23.68
2020-10-27,129389,133324,127913,129389,390835,23.64
2020-10-28,129389,130372,127421,129389,247224,23.65
2020-10-29,126437,127421,124469,127421,446112,23.61
2020-10-30,126928,127420,122993,123485,391589,23.61
2020-11-02,122993,123977,117582,120534,650428,23.64
2020-11-03,122993,130864,122501,129389,845415,23.68
2020-11-04,132832,133324,127913,129881,605721,23.6
2020-11-05,132341,141196,130865,135785,1093239,23.67
2020-11-06,139229,141688,137753,139229,742320,23.69
2020-11-09,145132,154971,143164,154480,2133664,23.84
2020-11-10,159399,160875,153004,157432,1920886,23.91
2020-11-11,156447,157431,152020,152512,882777,23.96
2020-11-12,153988,156939,151036,155956,677500,23.99
2020-11-13,153987,154479,150052,153496,542882,23.97
2020-11-16,152512,155463,148576,153004,569025,23.95
2020-11-17,156448,160383,154480,157432,882619,24.04
2020-11-18,153496,156447,152512,153988,609627,24.0
2020-11-19,153987,153987,149068,151528,542511,24.0
2020-11-20,152019,153987,150544,151528,378819,23.99
2020-11-23,151036,153003,150052,151528,514167,24.04
2020-11-24,154972,157432,153496,157432,1279211,24.15
2020-11-25,162843,169239,159400,160876,2221094,24.05
2020-11-26,162843,172191,158415,172191,2016524,24.1
2020-11-27,169239,178586,167763,176619,2496826,24.03
2020-11-30,179078,181538,170223,170223,1791697,23.75
2020-12-01,173175,180062,172191,179571,1456801,23.75
2020-12-02,180554,181538,175635,179571,1092423,23.67
2020-12-03,179078,179078,173667,177111,888781,23.62
2020-12-04,178094,180062,172191,174651,1113277,23.62
2020-12-07,176126,177602,171699,175635,823082,23.66
2020-12-08,176126,179078,173175,173175,705672,23.61
2020-12-09,175143,185474,174651,182031,1848238,23.77
2020-12-10,178586,190393,175142,187442,2242186,24.12
2020-12-11,189408,193345,184490,184982,1289513,24.14
2020-12-14,186458,187934,179571,180063,1056444,24.06
2020-12-15,183014,184490,178587,181539,878058,24.02
2020-12-16,183998,186457,181046,185966,733375,24.06
2020-12-17,187442,189409,184490,188918,790169,24.16
2020-12-18,189900,190393,184982,185474,553697,24.08
2020-12-21,184981,186949,181538,184490,521972,24.09
2020-12-22,182522,183998,177603,179079,678049,24.28
2020-12-23,179570,180554,175143,177603,597285,24.3
2020-12-24,178094,179570,176619,177603,498014,24.24
2020-12-28,178094,178094,173175,175143,650069,24.24
2020-12-29,175143,181538,174159,180063,887878,24.26
2020-12-30,180554,187441,176618,186950,991926,24.31
2021-01-04,199741,233687,196297,227292,4338921,24.35
2021-01-05,224832,246971,223356,240084,3248056,24.34
2021-01-06,251891,276981,246971,252875,4349125,24.29
2021-01-07,263698,264682,251891,258779,2047421,24.24
2021-01-08,265666,291249,263698,278458,3464596,24.13
2021-01-11,285345,313387,276981,289281,4215065,23.87
2021-01-12,283377,292725,267142,279934,2387999,23.82
2021-01-13,284853,291741,273046,276490,1672455,23.83
2021-01-14,269602,278948,256811,257795,2654245,24.16
2021-01-15,256811,267634,256811,258287,1564781,24.23
2021-01-18,254350,258286,243035,248447,1469177,24.21
2021-01-19,249431,268618,244020,265667,1953079,23.97
2021-01-20,279933,279933,260745,270094,1533931,23.82
2021-01-21,275013,277473,270094,271570,992969,23.77
2021-01-22,273538,286329,270586,273538,1547519,23.69
2021-01-25,273046,284361,273046,281902,1185697,23.79
2021-01-26,284853,293709,279934,282886,1627609,23.65
2021-01-27,288297,292725,273538,276490,1489255,23.63
2021-01-28,267634,274029,265666,272062,1197987,23.49
2021-01-29,280425,289281,266650,275506,3069865,23.36
2021-02-01,282885,310928,275505,310928,3403083,23.51
2021-02-02,318799,321259,304040,312404,2460686,23.43
2021-02-03,314863,322243,309452,310928,1734967,23.43
2021-02-04,312895,319291,308468,311912,1355151,23.37
2021-02-05,314864,316340,284853,299121,2781447,23.33
2021-02-08,287805,291249,274522,276982,2961976,22.7
2021-02-09,280426,293217,279442,283378,1815073,22.89
2021-02-10,286329,296168,280917,291741,1619871,23.0
2021-02-15,270586,284853,263698,279442,3885026,23.26
2021-02-16,281409,284853,273538,279934,1357341,23.3
2021-02-17,279441,292233,275505,292233,1921793,23.39
2021-02-18,293708,298136,288789,291249,1252037,23.34
2021-02-19,291249,294200,279933,291249,1009113,23.31
2021-02-22,290265,290757,278458,279442,1111376,23.19
2021-02-23,273538,283869,269602,279934,891103,23.17
2021-02-24,280426,282394,261239,262223,1207439,23.11
2021-02-25,273046,274522,262715,265667,1085953,23.16
2021-02-26,255335,263698,251399,256319,1234601,23.08
2021-03-02,263698,272062,257795,260747,943326,23.02
2021-03-03,258779,261731,253859,261731,564683,23.01
2021-03-04,258287,267142,255827,259763,569708,22.96
2021-03-05,254842,261237,243527,247955,1353364,22.86
2021-03-08,247955,249431,235164,235656,1060268,22.99
2021-03-09,231719,234178,220896,226308,1506043,23.06
2021-03-10,236148,236148,221389,222373,901429,23.08
2021-03-11,222864,240083,221388,237624,1190887,23.09
2021-03-12,241559,243527,233196,238608,908287,23.01
2021-03-15,234179,234671,224832,224832,1338319,22.88
2021-03-16,213024,219420,207613,212041,2159514,22.96
2021-03-17,210565,214992,207613,212533,1156411,22.83
2021-03-18,216959,218928,211057,211057,865731,22.78
2021-03-19,205153,212040,202201,208105,1150652,22.59
2021-03-22,205153,205645,196790,201218,1448820,22.57
2021-03-23,202693,205645,197774,198758,761766,22.65
2021-03-24,196298,204661,194822,201218,727188,22.8
2021-03-25,202694,211057,201710,204170,984830,22.61
2021-03-26,207120,207612,202201,205645,473045,22.61
2021-03-29,207613,208105,200725,201710,473339,22.61
2021-03-30,203185,220896,201217,219421,1463232,22.72
2021-03-31,220896,220896,212533,215485,848327,22.51
2021-04-01,223848,246971,223848,237624,3637216,22.47
2021-04-02,243035,243035,233688,237624,898205,22.39
2021-04-05,237131,237131,228768,228768,730952,22.4
2021-04-06,231227,231719,218928,224832,794381,22.36
2021-04-07,225815,236639,225323,228768,753835,22.3
2021-04-08,230736,242543,224340,239592,1140036,22.35
2021-04-09,237130,239591,231228,234180,862491,22.33
2021-04-12,271078,277474,260747,262223,4335947,22.34
2021-04-13,264682,278949,263698,272554,2512062,22.51
2021-04-14,276489,279441,270094,272062,1051198,22.43
2021-04-15,272553,275505,268618,272062,677589,22.46
2021-04-16,275505,275997,271570,272062,551246,22.44
2021-04-19,273537,274521,267634,267634,667557,22.42
2021-04-20,267142,269602,263207,264191,698869,22.36
2021-04-21,264190,264682,258779,259763,591014,22.39
2021-04-22,262714,264190,257795,260255,537136,22.43
2021-04-23,257303,268618,253859,265667,852820,22.57
2021-04-26,267142,271569,262714,269110,715791,22.66
2021-04-27,271570,276981,268126,275998,1212406,22.88
2021-04-28,273538,274030,264683,265667,801068,22.84
2021-04-29,266650,277965,266158,270586,1235142,23.1
2021-04-30,272553,273045,266158,266158,725887,22.96
2021-05-03,266650,267634,250415,251399,1140664,22.82
2021-05-04,249923,270093,247955,269110,1235754,23.11
2021-05-06,267142,279441,266650,276982,1200215,23.23
2021-05-07,279441,286329,274522,278950,986103,23.22
2021-05-10,283377,285837,272554,274522,1148572,23.12
2021-05-11,270586,272554,262715,264683,1001206,23.0
2021-05-12,264682,267142,255827,262223,703830,22.84
2021-05-13,258778,267634,251891,253859,1206796,22.71
2021-05-14,258779,267634,258287,264683,898319,22.75
2021-05-17,269602,274521,267634,269602,924110,22.76
2021-05-18,271570,276981,271078,273538,706107,22.76
2021-05-20,276981,277965,267634,273538,860315,22.57
2021-05-21,277473,278949,268126,275506,1193173,22.52
2021-05-24,275997,276489,266650,267142,899340,22.46
2021-05-25,270093,270093,266650,269110,479092,22.53
2021-05-26,268618,276489,267634,269110,910353,22.72
2021-05-27,272554,277965,268618,272554,2000060,22.97
2021-05-28,275505,275997,268618,269602,700549,22.96
2021-05-31,269602,270094,258779,260747,1033416,22.76
2021-06-01,259763,264190,257795,259763,572567,22.74
2021-06-02,261239,264190,258779,262715,521999,22.83
2021-06-03,262714,269109,262222,268126,557774,22.99
2021-06-04,265666,272061,264682,269110,488316,23.14
2021-06-07,271569,273045,268618,270094,396293,23.21
2021-06-08,270094,270586,264683,265667,396866,23.03
2021-06-09,265666,274521,264682,270094,763150,23.39
2021-06-10,270586,270586,262715,265175,743377,23.19
2021-06-11,266650,274029,266158,270094,917137,23.6
2021-06-14,270586,273537,267634,273046,374120,23.62
2021-06-15,275014,285345,273538,283870,1449365,23.99
2021-06-16,283869,286329,279934,281410,667528,23.85
2021-06-17,279933,282885,276490,276982,647660,23.63
2021-06-18,278457,278457,271078,272554,802978,23.33
2021-06-21,268618,272061,266650,271078,564282,23.29
2021-06-22,274029,275505,270586,271570,362805,23.25
2021-06-23,272554,280425,270586,279442,1034489,23.6
2021-06-24,279933,297152,279441,288789,2232902,24.14
2021-06-25,292233,292725,283870,285346,741891,23.97
2021-06-28,284361,288297,279442,279442,519053,23.76
2021-06-29,281901,282393,276490,277966,512641,23.68
2021-06-30,278457,292724,278457,290757,1331196,24.05
2021-07-01,291741,294201,263699,265175,5535882,22.75
2021-07-02,262223,270094,259763,265175,2087862,22.61
2021-07-05,266158,269601,265174,266158,779261,22.66
2021-07-06,267634,272554,267634,272554,931565,22.9
2021-07-07,270585,271077,266650,268126,590426,22.85
2021-07-08,269110,270586,264683,264683,696294,22.9
2021-07-09,263206,268125,260253,267634,741415,23.0
2021-07-12,269601,270093,266650,267634,417887,23.06
2021-07-13,268126,269109,266158,268126,503187,23.21
2021-07-14,268125,270093,266158,266158,425454,23.34
2021-07-15,263698,265174,262715,262715,578388,23.25
2021-07-16,261238,261730,256811,258287,693973,23.14
2021-07-19,256810,257794,253859,253859,485543,23.11
2021-07-20,248939,257794,247955,254843,462500,23.12
2021-07-21,257302,261730,254843,254843,419311,23.1
2021-07-22,256319,257302,252875,256319,356152,23.09
2021-07-23,257795,260746,256319,258779,273327,23.08
2021-07-26,259762,259762,253859,253859,307322,23.04
2021-07-27,254843,260746,254351,254843,435360,23.05
2021-07-28,255335,259762,254351,256319,325354,23.06
2021-07-29,257794,258286,252875,253859,374669,22.91
2021-07-30,254350,254842,248939,248939,437165,22.79
2021-08-02,248939,252382,244019,251891,388487,22.86
2021-08-03,251890,252381,248447,248939,332529,22.84
2021-08-04,245987,245987,229260,239592,2012764,22.72
2021-08-05,236147,241067,232212,234672,1254854,22.77
2021-08-06,235656,240083,235164,236640,596378,22.8
2021-08-09,239099,240575,232704,236640,684284,22.89
2021-08-10,237132,240083,234180,238608,483501,22.96
2021-08-11,239592,245495,238608,242544,772431,22.95
2021-08-12,245003,245495,237132,238116,730239,22.81
2021-08-13,240576,249430,240084,244512,1106945,22.82
2021-08-17,246479,249431,235656,236148,678006,22.7
2021-08-18,236148,239099,231720,236640,521880,22.64
2021-08-19,234671,236639,226308,226308,642674,22.53
2021-08-20,227292,232703,221880,229260,632522,22.59
2021-08-23,231720,238607,229260,234180,603886,22.64
2021-08-24,238607,239099,229260,234180,504905,22.6
2021-08-25,235164,241067,234180,239100,385850,22.75
2021-08-26,239099,241067,234180,234672,248232,22.72
2021-08-27,233196,237131,230244,235656,264185,22.72
2021-08-30,238115,239099,234180,236640,265697,22.71
2021-08-31,236639,245495,236147,245495,810026,22.85
2021-09-01,245495,246971,239592,240576,328282,22.82
2021-09-02,245003,246479,239592,243528,456717,22.79
2021-09-03,245003,246970,243035,245987,295197,22.8
2021-09-06,246970,248938,244511,245987,215179,22.82
2021-09-07,246478,246970,244019,245495,223984,22.87
2021-09-08,243527,249922,241559,247463,445603,22.97
2021-09-09,246971,249923,242544,243036,529171,22.93
2021-09-10,244019,246970,240083,245987,393244,23.01
2021-09-13,245986,251398,243526,245495,465753,23.09
2021-09-14,246971,253366,245003,251891,560245,23.38
2021-09-15,253859,257302,240084,244020,784601,23.22
2021-09-16,245003,247463,231720,233196,928168,23.1
2021-09-17,230736,237130,228276,236148,575585,23.08
2021-09-23,232704,242543,232212,241560,459830,23.27
2021-09-24,243036,247955,239100,245004,405013,23.52
2021-09-27,245495,249430,245003,247463,372253,23.6
2021-09-28,252875,258778,248447,256811,1182929,23.89
2021-09-29,254843,265174,250907,261239,1278592,24.07
2021-09-30,264190,264682,258287,260747,587207,24.27
2021-10-01,258779,260746,253367,259271,416101,24.34
2021-10-05,259271,265666,254351,260747,612692,24.48
2021-10-06,261730,263698,250907,251399,601226,24.47
2021-10-07,254350,254842,240083,247955,546045,24.47
2021-10-08,250415,252383,242544,244020,353500,24.49
2021-10-12,245495,253858,241559,252383,508122,24.62
2021-10-13,250907,258286,250907,254843,312258,24.66
2021-10-14,255827,260254,251399,259271,506617,24.75
2021-10-15,259270,261238,253367,254351,355721,24.74
2021-10-18,254843,259270,252383,254843,295173,24.85
2021-10-19,256810,257302,248939,252383,292386,24.81
2021-10-20,254842,256810,253367,253859,274490,24.89
2021-10-21,253858,256318,249923,252875,268942,24.9
2021-10-22,251399,253858,249923,252383,233633,24.86
2021-10-25,250415,252874,244019,252383,317029,24.87
2021-10-26,254842,258286,251399,252875,280709,24.94
2021-10-27,251890,252382,246479,246971,216994,24.91
2021-10-28,246479,248939,239592,239592,389768,24.86
2021-10-29,240083,245495,238116,238608,429114,24.84
2021-11-01,238607,243035,234180,235656,332140,24.8
2021-11-02,237132,249430,237132,244512,432838,24.96
2021-11-03,245003,245987,239100,239592,194279,24.94
2021-11-04,241559,244511,234180,235656,333635,24.86
2021-11-05,238115,238115,228276,229752,498716,24.78
2021-11-08,231719,232211,226308,230244,311837,24.79
2021-11-09,229751,232211,226308,228768,299168,24.8
2021-11-10,226308,227292,220405,220897,395045,24.78
2021-11-11,220896,226308,218437,218929,345213,24.78
2021-11-12,222373,225324,218929,222865,321692,24.85
2021-11-15,223848,226307,220896,224832,218285,24.85
2021-11-16,225323,228766,222864,225324,232765,24.88
2021-11-17,227292,227292,218437,218929,364413,24.83
2021-11-18,218928,218928,214501,214993,297071,24.8
2021-11-19,214500,218436,213025,213025,279718,24.8
2021-11-22,211057,215977,210073,215977,292298,24.83
2021-11-23,213517,219912,212532,215977,267355,24.85
2021-11-24,215976,217944,214500,215485,179712,24.84
2021-11-25,215485,221388,212041,216469,263446,24.87
2021-11-26,216468,216468,205153,205645,637053,24.73
2021-11-29,199742,203677,196790,201218,553228,24.76
2021-11-30,202201,204169,191378,191378,794341,24.76
2021-12-01,191378,198757,189902,195314,500021,24.8
2021-12-02,191870,201217,191378,200726,346188,24.83
2021-12-03,203185,204661,198266,201218,224670,24.83
2021-12-06,201218,202693,196298,201218,240809,24.82
2021-12-07,201709,203185,197282,199742,286835,24.8
2021-12-08,202694,209089,201710,204170,551897,24.71
2021-12-09,205152,209087,202693,204661,421100,24.61
2021-12-10,205153,216468,203677,214009,725002,24.38
2021-12-13,214992,217944,212041,213025,352896,24.1
2021-12-14,211056,214008,208105,208105,256481,24.07
2021-12-15,209088,210072,205153,206629,205707,24.06
2021-12-16,208596,227292,208596,223849,1287567,24.13
2021-12-17,222864,231719,220896,226308,729857,23.99
2021-12-20,222864,226308,214501,214501,531032,23.8
2021-12-21,215976,216468,210564,212041,348934,23.73
2021-12-22,213024,214500,208105,209089,259229,23.7
2021-12-23,212041,215484,211056,213025,249645,23.75
2021-12-24,214501,224340,213517,219913,393294,23.73
2021-12-27,219913,227292,217945,220405,324381,23.58
2021-12-28,220405,224832,219913,222373,441452,23.54
2021-12-29,223356,236147,219420,235164,692109,23.48
2021-12-30,235163,242051,229752,234672,657784,23.36
2022-01-03,238116,248447,238116,244020,603727,23.35
2022-01-04,244511,250906,243527,249431,746831,23.34
2022-01-05,246479,254842,246479,246971,577290,23.42
2022-01-06,240576,250415,240084,243528,542988,23.54
2022-01-07,245987,248939,240576,243036,448004,23.68
2022-01-10,244511,248447,240084,242052,274861,23.77
2022-01-11,242543,244019,232212,237624,461397,23.88
2022-01-12,243527,260746,243035,260255,1388443,23.94
2022-01-13,264190,268126,261239,262223,1053311,23.93
2022-01-14,257303,263698,255827,259271,560046,23.84
2022-01-17,259763,265666,257303,260747,473546,23.75
2022-01-18,261238,274029,259270,267634,1087499,23.72
2022-01-19,268618,273538,253859,257303,1068939,23.73
2022-01-20,259271,266650,254843,261239,861665,23.8
2022-01-21,257302,258778,242543,247955,1069529,23.94
2022-01-24,242543,247463,239100,243528,539402,24.02
2022-01-25,242543,243527,228276,230736,722840,24.13
2022-01-26,233687,237131,227292,228276,492385,24.08
2022-01-27,229260,231228,210073,212041,1319777,24.16
2022-01-28,209089,217452,196297,212533,1531738,23.95
2022-02-03,219420,220896,213516,214993,674333,23.84
2022-02-04,214993,225816,214501,224341,613458,23.76
2022-02-07,228276,228276,220897,222865,511902,23.75
2022-02-08,223848,223848,208597,210073,1103912,23.61
2022-02-09,212041,213024,208596,212041,412717,23.61
2022-02-10,213023,215483,206136,206137,631066,23.69
2022-02-11,201709,207612,201709,203678,418337,23.63
2022-02-14,199742,203677,197282,201218,449664,23.65
2022-02-15,201216,203185,196790,197282,341960,23.57
2022-02-16,202693,205645,199741,200234,392764,23.49
2022-02-17,201709,212040,201217,208105,730231,23.54
2022-02-18,205153,210564,204661,207121,269296,23.54
2022-02-21,202692,205644,199741,205153,253152,23.54
2022-02-22,200233,203677,197282,197774,412238,23.49
2022-02-23,199249,200233,197282,198266,305320,23.45
2022-02-24,195804,199249,189410,192362,637880,23.45
2022-02-25,196298,198757,192854,197774,363705,23.45
2022-02-28,197773,201216,195806,197282,443932,23.43
2022-03-02,200234,205645,199250,204170,451349,23.41
2022-03-03,214500,217944,208105,209089,450559,23.44
2022-03-04,209580,211056,205153,208597,316066,23.39
2022-03-07,211549,214993,199742,202202,534430,23.2
2022-03-08,198758,205645,196789,199250,396181,23.24
2022-03-10,205153,205153,198266,199742,421559,23.21
2022-03-11,200233,201217,193346,193838,462401,23.08
2022-03-14,194328,197773,191870,192362,459764,23.17
2022-03-15,192361,193345,185474,188426,321087,23.2
2022-03-16,190886,196789,188426,195806,335856,23.18
2022-03-17,201217,202201,197774,197774,314406,23.19
2022-03-18,199249,200233,194329,196298,336090,23.12
2022-03-21,199250,205645,197773,202202,431769,23.19
2022-03-22,203677,209580,202693,209089,447207,23.25
2022-03-23,213516,214008,204661,207121,411207,23.23
2022-03-24,207121,209580,203677,208105,303153,23.26
2022-03-25,210565,210565,200726,202694,513005,23.2
2022-03-28,203185,208104,201217,206629,317625,23.3
2022-03-29,207612,209088,204661,206137,272219,23.32
2022-03-30,208596,211056,206629,208105,258959,23.32
2022-03-31,207613,214008,207613,211549,617053,23.39
2022-04-01,210073,213516,208105,211549,304388,23.42
2022-04-04,209089,213517,205645,213517,297775,23.44
2022-04-05,214992,214992,210564,212041,262923,23.49
2022-04-06,209579,209579,204661,206629,356825,23.47
2022-04-07,201217,203185,197774,198266,432115,23.45
2022-04-08,198758,203186,197774,203186,301754,23.5
2022-04-11,200726,207120,200234,203186,264961,23.55
2022-04-12,201216,202201,196790,197282,286713,23.51
2022-04-13,199250,202694,196297,202694,316387,23.5
2022-04-14,203677,205644,202201,205645,391975,23.54
2022-04-15,203186,206629,202202,204170,218599,23.63
2022-04-18,204169,213516,202693,212533,568385,23.54
2022-04-19,214009,216469,213025,216469,348739,23.64
2022-04-20,215484,216468,212533,214501,274955,23.67
2022-04-21,215976,215976,212533,215485,243532,23.72
2022-04-22,212041,215484,209581,214501,259796,23.72
2022-04-25,209580,214008,208105,209089,341196,24.03
2022-04-26,211057,214008,209581,211549,270196,24.06
2022-04-27,203676,211056,203185,210565,314898,24.1
2022-04-28,212532,213024,208596,212041,252319,24.1
2022-04-29,214501,221389,201218,201710,1398623,23.94
2022-05-02,198758,201709,197774,200234,409876,23.94
2022-05-03,201709,202201,198758,199250,310596,23.99
2022-05-04,200233,201217,198758,199250,142860,23.99
2022-05-06,197282,200233,195314,199250,351675,24.0
2022-05-09,198266,202693,198266,201218,309566,24.02
2022-05-10,198265,198757,195806,197774,303310,23.96
2022-05-11,196790,198756,196298,196790,189883,23.96
2022-05-12,195805,198757,192854,193838,286092,23.94
2022-05-13,194330,203186,193837,203186,364612,24.06
2022-05-16,204661,205153,200725,201710,168863,24.12
2022-05-17,201709,204660,201217,204661,204404,24.15
2022-05-18,206628,208104,204168,204661,209981,24.19
2022-05-19,199250,203185,198758,200726,214499,24.23
2022-05-20,204661,208596,202201,207613,368363,24.32
2022-05-23,209088,209088,203677,205645,223162,24.33
2022-05-24,205153,205645,198758,199250,189138,24.3
2022-05-25,201710,204169,200725,201710,167453,24.26
2022-05-26,201218,204661,201218,203678,136967,24.28
2022-05-27,205645,208596,203677,207613,267013,24.33
2022-05-30,208596,209088,205153,206629,170838,24.34
2022-05-31,207613,213024,206137,212041,744281,24.34
2022-06-02,212041,214008,210564,212041,236037,24.33
2022-06-03,215485,222372,214501,221881,607794,24.47
2022-06-07,226308,232704,225816,232704,984913,24.84
2022-06-08,235656,239099,231228,236148,749041,25.04
2022-06-09,236148,242051,234180,240084,597571,25.17
2022-06-10,238116,241067,237132,240084,347608,25.27
2022-06-13,236147,239099,232704,233688,493902,25.39
2022-06-14,231227,231227,224832,227292,499081,25.48
2022-06-15,228768,229752,217945,219421,412049,25.48
2022-06-16,221388,221880,210565,211057,579906,25.51
2022-06-17,206629,226800,205153,221881,1027042,25.39
2022-06-20,219420,224832,212533,216961,393153,25.34
2022-06-21,219912,227784,214993,216469,386914,25.33
2022-06-22,220404,220404,204169,205153,440154,25.21
2022-06-23,204661,207121,195806,195806,438401,25.24
2022-06-24,198264,198757,192854,194822,523962,25.21
2022-06-27,197773,197773,192854,195314,585630,25.21
2022-06-28,198266,204169,197282,198266,533711,25.12
2022-06-29,198265,202692,196790,196790,353371,25.29
2022-06-30,197773,197773,188918,188918,632635,25.24
2022-07-01,188426,190394,173667,174651,873952,25.2
2022-07-04,176126,176618,168255,174651,496427,25.28
2022-07-05,176127,179570,173175,177603,460418,25.31
2022-07-06,174650,174650,167271,168255,535723,25.28
2022-07-07,169238,171698,167271,168747,372744,25.33
2022-07-08,172682,175142,168747,168747,448578,25.31
2022-07-11,169730,170714,164811,165795,356317,25.32
2022-07-12,164811,167271,161368,162352,348767,25.28
2022-07-13,159891,163827,155955,163827,523890,25.35
2022-07-14,161859,171698,161859,169731,582882,25.33
2022-07-15,169730,171206,163827,167763,334510,25.29
2022-07-18,170714,171206,167271,170223,249635,25.29
2022-07-19,171207,175142,170223,174159,377449,25.4
2022-07-20,176618,177110,173667,175635,260717,25.38
2022-07-21,175143,180554,173667,180063,349362,25.39
2022-07-22,179078,179570,174159,175635,296500,25.36
2022-07-25,173175,177602,173175,176619,232031,25.41
2022-07-26,177111,183014,175143,180555,374422,25.44
2022-07-27,181046,181538,177111,179571,182190,25.45
2022-07-28,182030,184490,175635,179079,331423,25.42
2022-07-29,180062,187933,179570,184490,699854,25.49
2022-08-01,185474,187442,182523,183015,269505,25.49
2022-08-02,183014,183506,176619,177111,362643,25.47
2022-08-03,177603,182031,177111,182031,271876,25.52
2022-08-04,182522,184982,181047,181539,320063,25.59
2022-08-05,182031,183506,180555,182523,263978,25.62
2022-08-08,183506,192853,182522,192362,662428,25.62
2022-08-09,192853,195313,190394,191870,432725,25.58
2022-08-10,191869,192853,187442,187934,241609,25.53
2022-08-11,191870,196297,190394,195314,384704,25.57
2022-08-12,195314,201217,192854,196298,345790,25.54
2022-08-16,197282,208105,194822,200234,624281,25.49
2022-08-17,202200,210072,202200,206629,608513,25.52
2022-08-18,205645,208596,202201,207121,311742,25.52
2022-08-19,207613,207613,198266,201218,359253,25.59
2022-08-22,197282,204661,197282,201710,302421,25.67
2022-08-23,200233,202693,198265,199250,243588,25.72
2022-08-24,201710,210073,201218,201710,424694,25.73
2022-08-25,204661,207121,199742,201710,256839,25.69
2022-08-26,202201,202693,198266,200234,282563,25.72
2022-08-29,193346,196297,192361,193346,350676,25.83
2022-08-30,195313,197281,189902,193346,275633,25.86
2022-08-31,190885,191377,183506,186950,719833,25.85
2022-09-01,183998,184490,175635,175635,988172,25.86
2022-09-02,177111,180062,174651,178587,436227,25.93
2022-09-05,177603,184982,177603,183015,439844,26.0
2022-09-06,186457,189901,183014,184490,309881,26.04
2022-09-07,183506,185474,179571,181539,243867,26.03
2022-09-08,180554,186458,176126,186458,471448,25.89
2022-09-13,190885,190885,186458,189410,374724,25.84
2022-09-14,182522,187933,181538,185966,315323,25.77
2022-09-15,186950,187442,182031,182031,210605,25.76
2022-09-16,179570,179570,173175,174651,414608,25.62
2022-09-19,175634,177602,173175,173667,204270,25.72
2022-09-20,176127,181538,175143,176127,273407,25.76
2022-09-21,175143,178094,173175,175635,270324,25.64
2022-09-22,172683,173174,168255,172683,350955,25.61
2022-09-23,172683,172683,160876,161860,566245,25.5
2022-09-26,157923,160383,154480,155956,445992,25.56
2022-09-27,155463,155955,146116,148576,669241,25.36
2022-09-28,148575,149067,144148,146116,404349,25.37
2022-09-29,149067,151527,143164,143656,437781,25.48
2022-09-30,142672,145132,140213,141197,330597,25.44
2022-10-04,145624,152511,145132,151528,383316,25.56
2022-10-05,156939,158415,152020,153988,446024,25.65
2022-10-06,155955,157431,148576,150544,479884,25.68
2022-10-07,149560,156939,148576,155956,517376,25.68
2022-10-11,151036,156447,150544,153496,538599,25.65
2022-10-12,152020,154972,147592,154972,299505,25.68
2022-10-13,152511,153495,148576,149068,366840,25.75
2022-10-14,152020,157431,151528,154480,413583,25.71
2022-10-17,151036,154479,149068,153988,215682,25.71
2022-10-18,156447,156939,152512,153988,256174,25.73
2022-10-19,154972,163827,153496,160876,542223,25.85
2022-10-20,159399,159399,150544,152512,582585,25.67
2022-10-21,153004,155463,152512,153496,225784,25.75
2022-10-24,155955,157923,152020,152512,265440,25.84
2022-10-25,152511,154971,150544,151528,257554,25.78
2022-10-26,151528,154971,151036,151528,286065,25.78
2022-10-27,153987,167271,153495,167271,1017480,25.8
2022-10-28,165303,170222,165303,165795,533071,25.79
2022-10-31,169239,173174,166287,170223,616720,25.8
2022-11-01,171699,183014,171207,179571,1256898,25.9
2022-11-02,177603,189902,177111,180555,1129051,26.03
2022-11-03,176126,188917,174158,186458,1104914,26.14
2022-11-04,186458,186458,173175,174651,979453,25.95
2022-11-07,177111,181538,176127,178587,555508,25.96
2022-11-08,181047,185966,178587,182031,579065,26.12
2022-11-09,183998,185474,179079,180063,353702,26.1
2022-11-10,176619,182030,175143,178095,285703,26.1
2022-11-11,183506,184490,178095,179571,569128,25.97
2022-11-14,179570,180062,174651,177111,520860,25.99
2022-11-15,176126,177602,173667,175143,374347,25.98
2022-11-16,176126,177110,171207,174651,342413,25.98
2022-11-17,174158,176618,168255,168255,408928,26.01
2022-11-18,168255,173174,166779,169731,303684,26.04
2022-11-21,170222,170714,163335,167763,362336,26.06
2022-11-22,167270,167762,163827,164811,199840,26.02
2022-11-23,166778,167762,163827,165795,279426,25.99
2022-11-24,165795,167270,163827,166287,296629,25.96
2022-11-25,167271,176618,165303,172683,790101,25.86
2022-11-28,174158,176618,169731,171699,477708,25.75
2022-11-29,171699,173666,167763,172191,291746,25.72
2022-11-30,172683,176127,168747,176127,496333,25.86
2022-12-01,179570,179570,173175,174651,462632,25.72
2022-12-02,173174,173666,169239,171207,291749,25.75
2022-12-05,171206,172190,167763,168747,242506,25.73
2022-12-06,166287,168746,164319,167763,282897,25.71
2022-12-07,166287,168255,161368,161860,359918,25.62
2022-12-08,159892,165303,159892,160876,346122,25.67
2022-12-09,161367,167270,160383,165795,422763,25.65
2022-12-12,163335,167762,163335,165303,255192,25.63
2022-12-13,166779,167762,161859,166779,238126,25.61
2022-12-14,166779,168746,165795,167271,152531,25.62
2022-12-15,167270,169238,164319,164811,193696,25.67
2022-12-16,161859,166779,160875,166779,229008,25.71
2022-12-19,164811,165303,162843,165303,136171,25.73
2022-12-20,163827,164319,161860,162352,160461,25.74
2022-12-21,163827,163827,161860,162844,133208,25.75
2022-12-22,162843,166286,161367,164811,246893,25.7
2022-12-23,162351,164319,158416,158908,216998,25.92
2022-12-26,159399,159891,157924,158416,163532,25.91
2022-12-27,158416,159891,157432,158416,196922,25.87
2022-12-28,157923,158415,151528,153988,322507,26.03
2022-12-29,152511,153987,150544,151528,205231,25.5
2023-01-02,153003,156939,152512,152512,185243,25.57
2023-01-03,152019,153495,145132,148084,352851,26.03
2023-01-04,145132,148575,141688,147100,286672,26.09
2023-01-05,147591,149067,145132,145624,254789,26.09
2023-01-06,143656,149067,143656,148084,194443,26.11
2023-01-09,150543,151035,148084,150052,294582,26.17
2023-01-10,150051,151035,145624,146116,549090,26.09
2023-01-11,147100,151036,147100,151036,416490,26.27
2023-01-12,153004,155463,151528,154480,371459,26.3
2023-01-13,154972,159891,154972,157432,329227,26.36
2023-01-16,157923,158415,153988,154972,371393,26.3
2023-01-17,154971,155463,151036,153004,252924,26.28
2023-01-18,153987,153987,150544,151528,273648,26.27
2023-01-19,149560,153003,149560,152020,188644,26.31
2023-01-20,151036,153988,151036,153988,167980,26.28
2023-01-25,156448,160187,155956,158908,408382,26.38
2023-01-26,159104,161859,155955,161761,403513,26.46
2023-01-27,162843,167762,162154,166779,519886,26.47
2023-01-30,166385,166484,160679,161171,344630,26.43
2023-01-31,161170,163630,158907,159498,376891,26.37
2023-02-01,159695,168944,158514,167862,671185,26.24
2023-02-02,169239,173174,169140,170223,644023,26.02
2023-02-03,168747,170222,165696,169239,430395,25.91
2023-02-06,167566,171600,165795,168157,403696,25.82
2023-02-07,168451,172190,159990,159990,1580216,25.17
2023-02-08,160383,163040,160186,162450,671464,25.2
2023-02-09,161466,168846,160580,166091,770218,25.45
2023-02-10,164221,165598,162548,164615,428187,25.4
2023-02-13,164811,169534,164811,166386,508188,25.41
2023-02-14,167270,167959,164122,164811,414532,25.28
2023-02-15,162843,162843,151134,152512,1926317,24.71
2023-02-16,153496,159104,153397,157432,969173,24.96
2023-02-17,154775,158809,153791,157727,478252,24.99
2023-02-20,157333,158120,154578,156054,332583,24.95
2023-02-21,157628,159990,156940,159400,654100,24.89
2023-02-22,157923,158907,156152,156251,449007,24.83
2023-02-23,157235,157333,153594,153988,518450,24.58
2023-02-24,153987,154381,152511,152610,379798,24.51
2023-02-27,151626,151626,147592,149462,473671,24.56
2023-02-28,150446,150839,147691,147691,607655,24.37
2023-03-02,148773,158415,148084,157924,1099740,24.45
2023-03-03,159596,161466,156152,158219,642882,24.52
2023-03-06,160284,166286,156742,165303,1187155,24.7
2023-03-07,167074,177012,166484,173962,1704724,24.77
2023-03-08,171207,171305,165795,168157,797978,24.68
2023-03-09,169140,169239,160580,162253,1271658,24.9
2023-03-10,160678,171600,159399,170715,1217813,24.86
2023-03-13,169042,173666,165893,173273,748073,24.77
2023-03-14,171600,171797,166188,167271,569279,24.73
2023-03-15,170222,170222,161367,162548,856040,24.64
2023-03-16,160187,163434,157924,160876,602358,24.74
2023-03-17,162154,162449,158218,159596,572915,24.75
2023-03-20,159497,159792,154774,155857,604013,24.65
2023-03-21,155857,156940,153004,154185,551903,24.55
2023-03-22,156546,159104,153791,158219,711965,24.43
2023-03-23,156349,158514,155169,156645,606888,24.4
2023-03-24,158317,159596,154282,157038,544109,24.35
2023-03-27,159104,166681,158219,164123,1103183,24.35
2023-03-28,165302,165794,159005,160580,754306,24.17
2023-03-29,161368,163926,159596,161860,496419,24.19
2023-03-30,163925,191771,160481,184195,6199705,24.17
2023-03-31,180554,182424,174847,176422,1978094,24.04
2023-04-03,178586,181735,176323,177111,1202359,23.89
2023-04-04,179669,185179,176619,178292,1476621,23.87
2023-04-05,178980,179964,175044,176225,762751,23.88
2023-04-06,175733,175930,170321,173372,899061,24.05
2023-04-07,173372,184687,171305,180555,1737556,24.17
2023-04-10,186064,195904,184097,194527,2362834,24.45
2023-04-11,202693,205645,192952,199742,1631951,24.26
2023-04-12,197281,201217,189409,190099,1401335,24.17
2023-04-13,185474,189410,183211,188623,938218,24.07
2023-04-14,190394,190492,186261,187344,681169,23.99
2023-04-17,188819,195115,187442,190394,980208,23.97
2023-04-18,192361,192361,182522,184982,1098850,23.88
2023-04-19,185178,186261,183407,184490,547912,23.95
2023-04-20,182522,185375,181538,182424,477103,23.96
2023-04-21,181538,181834,175241,179079,724854,24.0
2023-04-24,176815,178488,175142,176225,439469,23.93
2023-04-25,176815,177110,168451,172289,718251,24.75
2023-04-26,171010,176618,170420,174651,514065,24.76
2023-04-27,173174,176224,171403,175733,523483,24.73
2023-04-28,177996,178587,169042,170322,769578,24.6
2023-05-02,171698,177897,170714,177012,703093,24.54
2023-05-03,175831,176323,172781,172978,404015,24.42
2023-05-04,172289,179767,170715,176127,796006,24.39
2023-05-08,180653,189213,180259,182031,1565500,24.48
2023-05-09,184588,187637,179373,185966,905947,24.46
2023-05-10,183998,184392,177209,177406,692375,24.31
2023-05-11,176914,178980,174651,175340,458729,24.3
2023-05-12,174945,177405,173863,174257,303505,24.33
2023-05-15,174257,174454,171502,173175,317648,24.33
2023-05-16,174159,175634,172683,174159,305557,24.34
2023-05-17,174158,179570,172879,179177,412084,24.41
2023-05-18,180455,180554,177110,179472,278429,24.4
2023-05-19,180652,180652,174650,174749,492168,24.27
2023-05-22,174749,178095,173765,177800,373711,24.22
2023-05-23,178980,183703,178587,181047,633200,24.33
2023-05-24,180259,182325,178685,180850,302815,24.36
2023-05-25,181931,185572,180849,182719,606571,24.4
2023-05-26,181932,181932,178586,179866,317960,24.34
2023-05-30,182522,190295,182129,188820,1050898,24.56
2023-05-31,186753,189606,186064,186065,691035,24.57
2023-06-01,186359,191280,186262,190985,671501,24.59
2023-06-02,191476,196002,189508,194822,719856,24.66
2023-06-05,196790,199742,193837,196495,459642,24.7
2023-06-07,197281,204169,197281,203186,755645,24.87
2023-06-08,201709,201709,193050,194920,880561,24.77
2023-06-09,196790,198757,195412,197282,526170,24.77
2023-06-12,198757,200725,196790,197774,389017,24.81
2023-06-13,197281,198265,192853,196396,629565,24.81
2023-06-14,197773,197773,188623,189804,876179,24.88
2023-06-15,190886,193641,186654,187836,660208,24.89
2023-06-16,188622,189606,184982,185179,663620,24.79
2023-06-19,184588,185769,182817,185474,449134,24.79
2023-06-20,184884,184982,180653,181145,641558,24.63
2023-06-21,180456,183310,178685,178784,509672,24.58
2023-06-22,178586,181243,177996,179866,397578,24.52
2023-06-23,184785,186655,179078,179669,755792,24.32
2023-06-26,166779,170518,163630,168747,1959103,24.17
2023-06-27,167370,168747,164024,164615,874002,24.05
2023-06-28,164910,165697,158022,158121,998624,23.94
2023-06-29,157825,159596,155267,155464,602682,23.7
2023-06-30,155857,157825,155365,155956,453262,23.59
2023-07-03,157924,163040,157825,160876,719997,23.53
2023-07-04,163335,167172,162056,164024,826668,23.47
2023-07-05,164123,166681,161958,164615,600383,23.51
2023-07-06,165795,166188,162646,163237,487092,23.49
2023-07-07,163336,165992,161564,163336,465930,23.45
2023-07-10,164024,164712,160285,160482,545034,23.35
2023-07-11,160679,164221,160580,161860,456019,23.4
2023-07-12,162844,164615,161663,163336,443491,23.5
2023-07-13,164516,165696,162154,162745,673571,23.48
2023-07-14,162449,163236,159005,161072,577736,23.46
2023-07-17,161072,163139,158908,161368,563691,23.42
2023-07-18,164515,169632,164024,167763,1260727,23.45
2023-07-19,169829,169829,165499,166779,702610,23.37
2023-07-20,167861,179472,167763,170912,1862624,23.5
2023-07-21,170616,175438,167566,173864,797132,23.49
2023-07-24,175634,196101,175438,193346,3561129,23.65
2023-07-25,198758,203677,194035,202202,1992729,23.76
2023-07-26,205153,225816,188918,201218,4690207,24.12
2023-07-27,200725,200725,181341,183998,2262421,24.03
2023-07-28,179570,188622,179275,186458,1407104,23.95
2023-07-31,193247,216960,193050,212533,2518328,24.11
2023-08-01,222864,223357,201710,204170,1861469,23.94
2023-08-02,198758,206629,195904,196200,1056028,23.85
2023-08-03,197100,212000,194700,206500,1262378,23.77
2023-08-04,210000,210500,202000,203000,697439,23.61
2023-08-07,201000,202500,190500,192400,944265,23.61
2023-08-08,194800,196500,188800,191300,712657,23.6
2023-08-09,190000,194500,189500,190800,489700,23.53
2023-08-10,190000,195500,189600,190500,664665,23.61
2023-08-11,191600,192400,188000,190500,402075,23.56
2023-08-14,190500,192200,184200,184200,523143,23.53
2023-08-16,182000,185600,178600,179400,556181,23.52
2023-08-17,177100,180100,174500,179500,517933,23.55
2023-08-18,177600,177600,173200,174100,483311,23.45
2023-08-21,174200,179300,174200,176000,337177,23.46
2023-08-22,178500,180600,174500,177000,370166,23.43
2023-08-23,177600,178000,172800,173500,321459,23.41
2023-08-24,173700,176600,171200,174200,359210,23.36
2023-08-25,171200,173600,169100,173000,356577,23.36
2023-08-28,174800,177300,173500,177300,333116,23.36
2023-08-29,178600,179700,175800,176000,289573,23.32
2023-08-30,178900,181700,177200,180000,378932,23.37
2023-08-31,182800,184100,176600,177500,494683,23.28
2023-09-01,179000,180600,174500,176000,348063,23.26
2023-09-04,174800,180000,174700,179500,334792,23.27
2023-09-05,179200,179600,176900,178800,255867,23.17
2023-09-06,180200,181100,173700,174500,557968,23.05
2023-09-07,175100,177000,171000,172700,424496,23.04
2023-09-08,171600,172900,169300,171000,382789,22.99
2023-09-11,170900,171600,166600,167900,408346,22.9
2023-09-12,168900,171000,164700,167000,409015,22.86
2023-09-13,166000,168000,159500,159900,824011,22.88
2023-09-14,160300,162300,157100,162200,724448,22.95
2023-09-15,161900,162600,157000,159600,1236868,22.96
2023-09-18,160700,167900,160600,164600,1106747,23.25
2023-09-19,165100,167500,163800,164200,676735,23.47
2023-09-20,164200,165700,162500,164400,339998,23.48
2023-09-21,162500,162700,158700,159000,534748,23.37
2023-09-22,157000,158800,155900,158100,371658,23.34
2023-09-25,156500,158500,154600,155200,392219,23.3
2023-09-26,160100,162500,149000,149600,1000496,23.11
2023-09-27,145200,148900,145200,148800,818037,23.04
2023-10-04,146000,146100,140700,141100,831394,22.39
2023-10-05,142000,143300,139200,139500,823095,22.2
2023-10-06,139500,141300,138000,138700,607325,22.08
2023-10-10,141900,142600,135800,136300,886919,21.88
2023-10-11,138900,143400,138200,142800,699986,21.88
2023-10-12,143500,149300,141600,146800,885280,21.77
2023-10-13,145400,148300,144900,147100,353932,21.73
2023-10-16,147000,150600,145800,149000,553977,21.67
2023-10-17,150900,153400,149500,149600,489167,21.64
2023-10-18,148900,150000,146400,147200,489900,21.64
2023-10-19,144900,148500,143500,144000,459948,21.71
2023-10-20,142000,144400,140600,141000,428892,21.75
2023-10-23,140000,141500,139100,140300,398644,21.72
2023-10-24,140200,141400,135800,141000,586719,21.6
2023-10-25,141100,141300,133000,133000,769100,21.51
2023-10-26,129900,130000,124500,124700,1013987,21.44
2023-10-27,124800,128000,123400,124300,795838,21.37
2023-10-30,123300,126100,122900,125900,511164,21.36
2023-10-31,125900,126200,121300,122200,543855,21.34
2023-11-01,123400,126200,120100,120400,486450,21.32
2023-11-02,122000,127900,122000,127600,750765,21.19
2023-11-03,130800,142000,128500,137100,2182595,21.23
2023-11-06,145000,158600,141600,155500,2562784,21.38
2023-11-07,153000,153000,140900,144500,1494573,21.28
2023-11-08,144000,147000,139000,139000,774289,21.22
2023-11-09,139700,140000,135600,136000,566872,21.22
2023-11-10,133600,133600,131100,131300,427428,21.23
2023-11-13,132700,134800,130400,131000,371436,21.26
2023-11-14,133100,136500,132400,134300,497182,21.21
2023-11-15,139500,140500,137800,139700,599931,21.29
2023-11-16,141000,141000,137900,138800,354823,21.34
2023-11-17,137100,137300,135200,136100,316282,21.35
2023-11-20,137400,140900,136600,140600,339299,21.43
2023-11-21,141400,142300,139200,142200,341776,21.45
2023-11-22,140900,142800,140200,142300,210744,21.46
2023-11-23,142300,144000,141300,142700,201099,21.47
2023-11-24,143300,144000,141100,141500,181347,21.45
2023-11-27,141500,141900,139500,140000,195480,21.45
2023-11-28,141000,142800,140400,141300,226814,21.51
2023-11-29,141800,142700,140100,142300,261047,21.52
2023-11-30,141600,143100,140100,143100,325130,21.52
2023-12-01,141500,141500,134400,134400,922667,21.3
2023-12-04,136500,137900,134600,135800,419669,21.37
2023-12-05,135800,136500,134500,135200,249212,21.39
2023-12-06,135200,136200,134500,134800,207571,21.4
2023-12-07,134800,135200,133100,134100,252362,21.42
2023-12-08,135200,135900,134100,135600,259473,21.42
2023-12-11,136000,136400,134100,134800,221307,21.44
2023-12-12,134900,135800,133200,133600,361459,21.46
2023-12-13,133100,133400,130800,131100,359670,21.43
2023-12-14,133000,137600,132500,137600,772706,21.42
2023-12-15,138000,140900,137900,138600,534013,21.53
2023-12-18,140000,140000,136700,137500,304078,21.54
2023-12-19,138400,139000,137400,138800,253389,21.59
2023-12-20,139700,141000,138300,139600,389389,21.6
2023-12-21,137800,139700,137700,137900,254701,21.8
2023-12-22,138900,139800,137900,138800,259761,21.85
2023-12-26,139500,139800,136600,137800,310798,21.84
2023-12-27,137900,140100,137200,139100,293588,21.91
2023-12-28,139000,140300,138500,140300,325192,21.99
2024-01-02,139800,140300,138100,140200,286766,22.01
2024-01-03,139000,139000,134300,134300,514164,21.83
2024-01-04,133900,135100,132800,133700,297763,21.86
2024-01-05,133700,135300,133200,133500,250665,21.98
2024-01-08,134000,134900,131800,132000,271273,21.95
2024-01-09,133500,134200,131500,131600,263994,21.94
2024-01-10,131500,132300,128800,128900,359356,21.78
2024-01-11,129100,129800,126700,126700,574183,21.78
2024-01-12,126900,127300,124000,124600,377304,21.77
2024-01-15,124900,125700,122500,123400,310721,21.76
2024-01-16,122500,124400,122100,122400,244219,21.75
2024-01-17,122400,122500,117900,117900,567740,21.59
2024-01-18,117300,120500,116400,116600,397572,21.55
2024-01-19,116900,118100,112700,113600,620539,21.5
2024-01-22,113500,114700,108300,108300,778932,21.48
2024-01-23,107800,110900,107500,109800,457394,21.52
2024-01-24,109800,115300,109300,112100,505801,21.62
2024-01-25,111600,112700,108900,112100,347207,21.65
2024-01-26,110300,117400,110300,115800,463460,21.66
2024-01-29,117100,120600,116200,120300,417349,21.67
2024-01-30,121400,122200,116800,116800,391765,21.7
2024-01-31,116100,118800,115700,117100,267405,21.71
2024-02-01,116300,121500,116300,121200,353237,21.75
2024-02-02,121600,124800,120600,124400,395620,21.79
2024-02-05,124400,128700,121300,127100,567422,21.81
2024-02-06,129400,130900,120000,120800,1101077,21.68
2024-02-07,121200,123700,119400,121000,663618,21.75
2024-02-08,122200,122900,120800,121000,424162,21.8
2024-02-13,121800,124000,121800,122900,381580,21.84
2024-02-14,121900,123000,120600,122100,250400,21.85
2024-02-15,123700,123700,121700,122300,214590,21.94
2024-02-16,123800,127300,123800,127100,490180,22.13
2024-02-19,127200,130800,127200,128900,509358,22.16
2024-02-20,128900,129600,125300,126000,363614,22.13
2024-02-21,124900,126400,123800,124100,301311,22.13
2024-02-22,125300,125500,123500,123500,214849,22.09
2024-02-23,123600,125000,123000,123200,248423,22.04
2024-02-26,123300,123300,120200,120800,319428,22.05
2024-02-27,121700,122500,118300,118600,299483,22.01
2024-02-28,118900,120200,118500,119600,275426,22.08
2024-02-29,118400,119300,116700,117100,539100,22.01
2024-03-04,117500,119700,117000,117000,338468,21.95
2024-03-05,116900,118700,116200,117400,389662,23.09
2024-03-06,117300,117700,115100,115700,352436,23.05
2024-03-07,116000,119800,115200,118800,489113,23.11
2024-03-08,120000,121200,118800,119000,320682,23.1
2024-03-11,118000,119500,117500,118600,192984,23.11
2024-03-12,119700,121200,119300,120900,380181,23.11
2024-03-13,123100,123200,119600,119800,409170,23.04
2024-03-14,119200,121700,118800,120700,654907,23.22
2024-03-15,120900,121500,119500,120000,362679,23.21
2024-03-18,121100,128300,120000,125600,773227,23.27
2024-03-19,128000,128100,122200,125100,627338,23.17
2024-03-20,123000,123800,119400,119700,757266,22.94
2024-03-21,120300,121200,119500,120000,451396,22.91
2024-03-22,119200,121400,119100,120000,396268,22.97
2024-03-25,120500,122400,120300,121000,341937,23.01
2024-03-26,120900,122800,120400,120600,362055,23.02
2024-03-27,120500,121900,120400,120700,242007,22.99
2024-03-28,121600,121600,118000,118400,439918,22.95
2024-03-29,118700,118900,116000,116000,444662,22.89
2024-04-01,116300,118500,115200,117400,260572,22.91
2024-04-02,117500,122500,117200,121800,512554,23.05
2024-04-03,121400,124500,116800,117400,798593,22.84
2024-04-04,118500,120200,117500,119900,347444,22.9
2024-04-05,118800,119900,116800,118100,359226,22.83
2024-04-08,117800,119300,114200,118800,485400,22.81
2024-04-09,119000,121200,117500,117500,349338,22.87
2024-04-11,116300,116900,110500,110600,852391,22.66
2024-04-12,110000,110800,108000,108400,439283,22.64
2024-04-15,109000,110000,105200,105300,490834,22.57
2024-04-16,103300,105000,102600,103800,336311,22.58
2024-04-17,103600,107700,103600,104800,351798,22.65
2024-04-18,104800,107500,104700,106200,226720,22.67
2024-04-19,105000,105300,103200,103800,345437,22.63
2024-04-22,104800,110600,104800,110600,440984,22.72
2024-04-23,110400,110400,107500,108400,187000,22.69
2024-04-24,110700,113200,109200,110000,322770,22.67
2024-04-25,109200,109500,107400,107500,207953,22.75
2024-04-26,107500,108000,105900,106700,247709,22.75
2024-04-29,108000,113600,107400,112700,548435,22.89
2024-04-30,113200,113300,108200,111100,545936,22.83
2024-05-02,109200,111100,108600,109000,223560,22.82
2024-05-03,110000,110300,109000,109600,160242,22.85
2024-05-07,110800,112200,110000,112200,254931,22.89
2024-05-08,111900,113000,111500,113000,210373,22.95
2024-05-09,112900,113700,111300,111400,336743,22.95
2024-05-10,112500,112900,110000,111200,163644,22.96
2024-05-13,111600,111600,109700,110800,160093,22.97
2024-05-14,111000,112500,110100,110400,174816,22.96
2024-05-16,111800,112100,108700,109700,307111,23.03
2024-05-17,109100,110200,107400,107700,237202,23.01
2024-05-20,107800,109600,107400,108100,177298,23.04
2024-05-21,107500,108000,105400,105700,256072,23.0
2024-05-22,106400,106400,104100,105400,253684,23.01
2024-05-23,104100,105400,103600,104200,233166,23.01
2024-05-24,103200,103800,101300,101700,453820,22.89
2024-05-27,101500,105400,101500,105100,297670,22.97
2024-05-28,105200,106000,103700,105000,163498,22.98
2024-05-29,103600,104000,101600,102100,324736,22.92
2024-05-30,101300,103400,100200,102200,361181,22.92
2024-05-31,103100,105900,99600,100000,908750,22.84
2024-06-03,101000,111900,101000,106300,1320915,22.96
2024-06-04,106300,107600,104000,104300,409559,22.93
2024-06-05,103100,106100,101400,103600,474895,22.93
2024-06-07,104700,105700,103300,103800,315977,22.94
2024-06-10,102800,102800,101100,101300,384598,22.85
2024-06-11,102200,105400,100700,103600,440537,22.89
2024-06-12,103600,106800,103300,104200,376204,22.85
2024-06-13,105200,106400,102800,105100,524507,22.8
2024-06-14,104600,113300,104400,111900,922260,22.8
2024-06-17,112100,114800,107900,108800,760092,22.64
2024-06-18,109800,110200,102400,103100,718167,22.47
2024-06-19,103600,105000,102600,104700,410996,22.54
2024-06-20,113100,126000,112700,121000,8538298,22.63
2024-06-21,124800,125100,112400,114100,3189193,22.06
2024-06-24,113500,113800,108000,108400,1063080,22.12
2024-06-25,108000,111000,107000,107000,807974,22.1
2024-06-26,108000,111200,106100,109000,744436,22.09
2024-06-27,108200,111500,108100,109100,502857,22.08
2024-06-28,110300,119900,109700,116100,1776299,22.27
2024-07-01,114000,116000,111300,115300,637244,22.26
2024-07-02,115400,116900,111700,111900,488125,22.21
2024-07-03,113600,116200,112500,114100,514254,22.2
2024-07-04,115000,115700,112700,114500,370544,22.1
2024-07-05,114900,114900,111700,112500,427507,22.05
2024-07-08,111800,113000,110900,111600,276437,22.05
2024-07-09,112500,113100,110600,112500,370176,22.05
2024-07-10,111500,112300,108300,108300,594149,21.94
2024-07-11,109200,110600,107000,107100,736233,21.97
2024-07-12,108100,112700,106700,108100,856757,21.9
2024-07-15,108100,111000,107500,108000,525950,21.89
2024-07-16,109100,115000,108000,113300,1125893,22.04
2024-07-17,115000,123200,114000,119700,3688143,22.32
2024-07-18,127500,128300,114900,115900,3252847,22.26
2024-07-19,114400,117400,109700,112000,1040654,21.8
2024-07-22,112000,112500,107200,107600,601853,21.77
2024-07-23,107700,110200,106500,106500,440711,21.72
2024-07-24,105400,107300,104500,105000,472268,21.63
2024-07-25,103900,108300,103800,105700,385004,21.65
2024-07-26,106100,106500,104200,104800,245877,21.64
2024-07-29,105200,105800,103700,105000,196098,21.64
2024-07-30,104300,106700,104100,104300,239385,21.63
2024-07-31,104700,105100,103600,104200,229456,21.64
2024-08-01,104400,107800,103600,107200,422189,21.75
2024-08-02,105100,106300,103000,104300,405083,21.67
2024-08-05,102500,103400,91700,92800,826809,21.64
2024-08-06,94100,102000,94100,99800,569930,21.7
2024-08-07,99000,101300,98000,98000,313521,21.62
2024-08-08,97700,99200,96000,97700,376215,21.54
2024-08-09,99800,103800,98400,101000,389385,21.71
2024-08-12,101700,103400,101600,102000,126037,21.7
2024-08-13,101900,103100,100500,102800,159544,21.72
2024-08-14,103700,103900,101200,103400,290029,21.7
2024-08-16,104400,104500,102100,102300,218375,21.65
2024-08-19,102300,103600,100000,100200,237770,21.64
2024-08-20,101100,103900,99500,102400,231019,21.64
2024-08-21,102600,104300,102000,103800,241868,21.69
2024-08-22,104600,107800,103100,106200,553862,21.77
2024-08-23,104900,106100,103300,105400,230527,21.74
2024-08-26,105600,107800,105500,106500,234571,21.77
2024-08-27,107300,112000,106200,109800,1128567,21.83
2024-08-28,109800,109900,105800,106800,339678,21.76
2024-08-29,106900,108500,105900,107900,258221,21.76
2024-08-30,108400,110000,107000,110000,314106,21.83
2024-09-02,109700,111300,109000,110400,476402,21.86
2024-09-03,111000,111000,108000,108900,220823,21.87
2024-09-04,106000,108700,105200,107000,263533,21.92
2024-09-05,107400,109700,106800,107400,173115,21.93
2024-09-06,107400,108800,106200,107200,274679,21.91
2024-09-09,106000,108600,105900,108100,185015,21.93
2024-09-10,108100,110300,107900,109700,240227,21.98
2024-09-11,109800,111300,109100,110900,400198,22.02
2024-09-12,111200,111400,109600,111400,351365,21.98
2024-09-13,111400,111400,109700,110700,357010,22.05
2024-09-19,112400,112900,110200,112700,323198,22.15
2024-09-20,112700,112700,110400,111000,372695,22.11
2024-09-23,111600,115200,110600,114800,350520,22.24
2024-09-24,115500,122500,115400,122200,1085841,22.51
2024-09-25,123000,123200,120800,121300,467453,22.55
2024-09-26,121500,122000,119500,120600,323421,22.65
2024-09-27,120700,121200,118200,118700,291803,22.75
2024-09-30,120000,120900,117100,117100,251746,22.76
2024-10-02,116600,119000,115900,116100,225824,22.82
2024-10-04,117800,118700,114900,116200,228653,22.81
2024-10-07,116200,118600,114000,118300,250708,22.82
2024-10-08,117200,119400,117000,118400,212206,22.82
2024-10-10,119300,125000,116000,123000,788299,22.99
2024-10-11,124100,124700,117700,118500,347427,22.98
2024-10-14,117500,120700,117000,119200,208900,22.96
2024-10-15,119100,119800,114900,115900,366357,22.94
2024-10-16,115500,116100,111100,111400,406571,22.14
2024-10-17,112100,113900,111400,112100,161367,22.16
2024-10-18,112400,113800,111200,112100,152052,22.15
2024-10-21,112900,115700,112500,114400,197673,22.16
2024-10-22,113900,114500,110600,112400,184232,22.17
2024-10-23,112000,116400,112000,116200,188878,22.19
2024-10-24,116100,118100,114500,115300,196386,22.23
2024-10-25,117200,117200,113800,114400,146624,22.24
2024-10-28,115400,121900,114600,121400,405337,22.35
2024-10-29,120000,120900,118600,120400,164204,22.34
2024-10-30,120300,120300,118500,118800,161519,22.33
2024-10-31,119800,119800,117000,117400,172486,22.3
2024-11-01,117400,124000,116300,121800,567185,22.46
2024-11-04,121900,122700,118400,121100,352460,22.4
2024-11-05,120000,121300,117700,118600,287434,22.35
2024-11-06,119100,119200,111700,113100,386644,22.3
2024-11-07,111800,112500,106800,108000,448578,22.35
2024-11-08,109800,112500,109100,111100,197921,22.37
2024-11-11,110300,111900,108000,108500,173377,22.36
2024-11-12,107500,110000,106400,106500,209967,22.35
2024-11-13,105600,107300,103800,104200,226739,22.35
2024-11-14,105200,106600,101600,102700,323469,22.47
2024-11-15,100000,100600,91800,96100,723668,22.35
2024-11-18,95000,101900,94100,101900,336466,22.35
2024-11-19,101300,112400,101300,112400,721144,14.09
2024-11-20,109800,114800,107400,113200,425877,14.06
2024-11-21,114100,120000,112800,118900,570143,14.06
2024-11-22,120000,122000,116500,117600,367728,14.08
2024-11-25,119900,122400,118500,119600,459173,14.1
2024-11-26,118000,122100,118000,118900,234633,14.1
2024-11-27,117800,120000,114400,115500,232787,14.12
2024-11-28,117300,118800,115000,117500,211312,14.11
2024-11-29,117800,118000,113700,114600,229589,14.07
2024-12-02,116700,117200,112900,113500,185130,14.07
2024-12-03,114900,117900,114700,117600,192774,14.12
2024-12-04,115400,117400,112100,113100,291048,14.12
2024-12-05,113300,114000,111200,111300,151041,14.11
2024-12-06,111300,115500,111200,114200,298322,14.11
2024-12-09,113200,113500,107900,109100,305943,14.08
2024-12-10,110100,118800,110100,118300,368253,14.1
2024-12-11,118300,119400,116600,118600,177017,14.08
2024-12-12,118800,120800,116100,117700,359030,14.08
2024-12-13,117100,120500,116300,120500,318501,14.06
2024-12-16,120500,122100,119200,121400,290433,14.03
2024-12-17,121600,122100,116900,119200,348803,14.0
2024-12-18,119700,120700,117400,119000,190616,14.07
2024-12-19,116500,117000,114900,115100,194424,14.04
2024-12-20,115100,119500,114100,116300,245554,14.12
2024-12-23,117400,117400,112600,115100,184254,14.1
2024-12-24,115100,115800,112800,112800,122728,14.09
2024-12-26,113600,115600,112500,112500,153062,14.07
2024-12-27,111700,113700,110000,111000,138924,14.08
2024-12-30,110300,114600,110300,112000,126051,14.08
2025-01-02,112400,113700,110800,111000,114727,14.06
2025-01-03,110800,119000,110800,119000,354105,14.09
2025-01-06,119000,120100,117400,119000,182514,14.07
2025-01-07,118600,123300,118600,122600,492606,14.1
2025-01-08,121400,124200,121100,123800,406507,14.06
2025-01-09,124500,131000,122500,127500,1373828,14.15
2025-01-10,127500,127900,124600,124700,447558,14.11
2025-01-13,124600,126500,124000,125500,275869,14.1
2025-01-14,126800,128100,125200,127200,267356,14.12
2025-01-15,126800,128500,124600,125100,209376,14.13
2025-01-16,127000,128500,125400,127600,208716,14.13
2025-01-17,127100,130400,126600,128800,298005,14.15
2025-01-20,130000,131200,125900,129400,233023,14.07
2025-01-21,129400,129400,123300,124600,277474,14.07
2025-01-22,125900,129100,125100,127900,233401,14.08
2025-01-23,128800,128800,126100,127100,168921,14.08
2025-01-24,128800,129800,126800,127100,143727,14.07
2025-01-31,129300,129800,126100,127500,176246,14.1
2025-02-03,124800,124800,120300,120900,234451,14.11
2025-02-04,123100,126900,122000,123400,195019,14.11
2025-02-05,123500,126400,122900,125800,155635,14.13
2025-02-06,124500,125500,120900,124500,180135,14.08
2025-02-07,123600,125100,121100,121100,136542,14.08
2025-02-10,120900,123400,120000,122100,185265,14.08
2025-02-11,123400,124200,120500,120900,191701,14.09
2025-02-12,121600,123500,120200,121900,157638,14.1
2025-02-13,122100,124300,120300,124300,393847,14.1
2025-02-14,123700,124000,121400,122000,158652,14.11
2025-02-17,121800,128500,120700,128500,331331,14.18
2025-02-18,128100,129400,126700,128800,207974,14.2
2025-02-19,129300,130200,127800,130000,248643,14.29
2025-02-20,130000,133200,128600,131400,341348,14.31
2025-02-21,132500,133400,130900,132400,243030,14.32
2025-02-24,132700,134000,131600,133900,247440,14.38
2025-02-25,132700,132700,128000,128800,227745,14.37
2025-02-26,128800,131500,128200,130800,178693,14.38
2025-02-27,130700,132100,129300,132100,251609,14.38
2025-02-28,130500,130800,125700,125700,814483,14.39
2025-03-04,125500,126800,122600,124200,197545,14.43
2025-03-05,124000,127400,124000,126700,168056,14.44
2025-03-06,127700,129900,123800,126500,196054,14.44
2025-03-07,125100,128300,124000,128000,181312,14.45
2025-03-10,130000,135700,129100,135700,886360,14.55
2025-03-11,133400,137000,131000,134400,373162,14.55
2025-03-12,134100,138600,133100,138600,390033,14.59
2025-03-13,138600,140200,135600,139200,1044354,14.43
2025-03-14,137500,137500,130800,132000,331659,14.4
2025-03-17,130600,132000,125200,126200,369244,14.37
2025-03-18,127100,128000,125200,126100,181875,14.37
2025-03-19,126100,128300,123300,124600,316698,14.38
2025-03-20,131700,133500,124300,125200,616815,14.37
2025-03-21,125200,125700,121100,123400,353512,14.35
2025-03-24,123400,127000,123400,125500,203566,14.39
2025-03-25,125800,126500,123500,124100,135819,14.39
2025-03-26,124200,126400,123800,126000,132217,14.31
2025-03-27,124300,124900,121200,121900,142172,14.27
2025-03-28,122300,122300,119700,121000,134770,14.28
2025-03-31,118500,119300,111600,112400,322282,14.28
2025-04-01,112500,113600,109400,110100,305814,14.18
2025-04-02,110900,111000,104750,106200,462467,14.1
2025-04-03,102800,104000,101800,102700,406025,14.04
2025-04-04,101800,106000,100800,105300,398913,14.08
2025-04-07,101100,101300,97000,97700,454319,14.0
2025-04-08,99500,100100,96300,96900,372704,14.01
2025-04-09,95500,97600,92600,92700,393993,13.97
2025-04-10,100000,102200,97000,102200,706492,13.89
2025-04-11,99700,99700,96000,97300,429483,13.8
2025-04-14,98000,99900,97200,97800,239010,13.79
2025-04-15,98600,98600,97000,97700,153910,13.72
2025-04-16,98100,99000,93500,94100,319004,13.66
2025-04-17,94900,94900,93300,93600,318905,13.62
2025-04-18,94200,94200,93000,93600,203280,13.61
2025-04-21,93600,94100,92200,92600,203372,13.57
2025-04-22,92100,93200,91800,92100,148051,13.55
2025-04-23,93700,95800,93500,95700,278213,13.58
2025-04-24,96500,96500,94000,94900,183307,13.56
2025-04-25,95600,96300,94500,95500,208145,13.61
2025-04-28,95700,96700,95300,95900,168590,13.59
2025-04-29,96000,97900,95000,96800,261682,13.58
2025-04-30,95800,96800,93400,94400,306828,13.57
2025-05-02,93500,94100,91900,93400,204897,13.55
2025-05-07,94500,94700,92600,93000,197243,13.59
2025-05-08,93000,94000,92600,93500,309396,13.58
2025-05-09,93500,93600,90800,90800,347760,13.5
2025-05-12,91200,93000,91200,92600,222864,13.54
2025-05-13,92300,93000,90100,90200,357856,13.52
2025-05-14,90700,90800,88900,89800,277731,13.5
2025-05-15,89100,89600,88200,88400,290782,13.47
2025-05-16,88400,88700,87200,87400,210981,13.4
2025-05-19,87100,89500,87000,87700,231502,13.48
2025-05-20,88500,88600,83800,84500,372257,13.41
2025-05-21,84500,86200,84100,84300,203670,13.42
2025-05-22,83600,85400,81500,84600,332109,13.43
2025-05-23,84200,84600,80800,81100,350742,13.41
2025-05-26,80900,84300,80900,83500,333449,13.5
2025-05-27,82700,83300,81400,82000,193784,13.47
2025-05-28,82000,87300,81800,86800,440917,13.48
2025-05-29,87200,90700,86050,89800,504385,13.46
2025-05-30,89600,93000,88100,89500,662965,13.46
2025-06-02,89600,90500,87000,87700,343665,13.46
2025-06-04,88500,91800,88400,90900,377011,13.5
2025-06-05,91300,93200,90300,92100,319259,13.5
2025-06-09,91900,94500,90500,93300,445001,13.46
2025-06-10,93300,95900,92600,94300,350643,13.49
2025-06-11,94500,95500,93100,94200,456110,13.52
2025-06-12,94700,97500,94300,95500,558444,13.53
2025-06-13,94700,98800,92500,92600,985684,13.72
2025-06-16,94700,95100,91100,92300,587343,13.85
2025-06-17,92500,93400,90900,91100,465446,13.95
2025-06-18,92400,102200,92300,101100,1366798,14.13
2025-06-19,100200,102300,97500,100800,544624,14.06
2025-06-20,101400,104400,99500,102400,598998,14.01
2025-06-23,111600,111600,102400,102800,945612,13.82
2025-06-24,100100,102300,99050,101800,516935,13.81
2025-06-25,102400,103000,99900,101000,330462,13.74
2025-06-26,100300,100900,98600,100300,255238,13.76
2025-06-27,99900,100100,97700,97800,239336,13.74
2025-06-30,107100,123000,107000,122400,3309175,13.8
2025-07-01,121700,128000,116900,126500,2133522,13.7
2025-07-02,121200,122700,115000,117700,1229445,13.79
2025-07-03,118000,121300,116900,119300,699144,13.77
2025-07-04,116500,117500,114100,115200,443604,13.79
2025-07-07,113800,114950,111700,113000,342903,13.81
2025-07-08,113000,117400,112700,113200,432609,13.78
2025-07-09,113700,118700,113700,116500,573335,13.77
2025-07-10,116000,121000,114200,121000,552254,13.79
2025-07-11,119000,119000,116100,116100,502833,13.71
2025-07-14,116500,117100,115100,115500,214081,13.73
2025-07-15,116100,119800,115500,116000,489845,13.78
2025-07-16,116000,116300,112000,112100,367724,13.74
2025-07-17,113200,113800,109800,111600,251200,13.7
2025-07-18,111800,114000,111800,113500,256326,13.7
2025-07-21,112600,115300,112400,114900,228201,13.73
2025-07-22,114400,116000,113500,113900,194000,13.71
2025-07-23,114700,116700,113100,116300,270859,13.75
2025-07-24,115500,117700,114500,116900,295808,13.77
2025-07-25,115600,115700,113900,114400,223316,13.83
2025-07-28,114500,115900,112500,113500,313911,13.74
2025-07-29,112500,112600,109800,111500,342596,13.73
2025-07-30,111600,119200,111600,117200,874424,13.87
2025-07-31,117600,117800,107300,107900,1145001,13.56
2025-08-01,107000,107800,101400,102000,544493,13.56
2025-08-04,102200,104900,100900,103400,289812,13.55
2025-08-05,104300,107900,104300,106500,318691,13.58
2025-08-06,106100,109900,105600,109000,344934,13.64
2025-08-07,109000,109300,107400,108500,151708,13.66
2025-08-08,108000,108600,107000,107500,152162,13.65
2025-08-11,107700,109200,106400,107400,248530,13.67
2025-08-12,106600,108300,106000,106000,204049,13.62
2025-08-13,107100,107200,105200,106400,195221,13.62
2025-08-14,106500,109100,105700,109100,425386,13.56
2025-08-18,107500,107900,105200,105500,233601,13.55
2025-08-19,106000,106900,104800,105900,147883,13.57
2025-08-20,105900,105900,103400,104100,179856,13.55
2025-08-21,104500,107200,104400,104700,175526,13.58
2025-08-22,106000,107800,103700,103900,189267,13.58
2025-08-25,104700,105800,103600,105500,149509,13.58
2025-08-26,104800,106200,104100,104900,338276,13.6
2025-08-27,105400,105400,103200,103600,242789,13.54
2025-08-28,103600,104300,102400,102400,177723,13.55
2025-08-29,102600,103000,99700,100900,262325,13.51
2025-09-01,100100,100700,99700,100200,134025,13.51
2025-09-02,100200,101200,99800,100900,130484,13.59
2025-09-03,100300,101800,100300,101400,151901,13.55
2025-09-04,103500,106400,103100,106400,453804,12.12
2025-09-05,105500,106600,105100,105400,201450,12.11
2025-09-08,105700,106500,104800,105800,129120,12.12
2025-09-09,106400,107300,105800,106600,201764,12.09
2025-09-10,106000,107100,105500,106500,205511,12.08
2025-09-11,106500,110400,106300,108500,675159,12.03
2025-09-12,109200,109200,107700,107900,288479,11.99
2025-09-15,107900,109000,106500,107000,202945,12.02
2025-09-16,107100,107500,105000,105000,293946,12.02
2025-09-17,105700,106800,105100,106300,162397,12.04
2025-09-18,106500,106700,105100,106700,197078,12.04
2025-09-19,106100,106800,104000,104000,375809,11.98
2025-09-22,104800,105900,104000,104200,186127,11.96
2025-09-23,103800,104500,103400,103600,201315,11.93
2025-09-24,104600,105300,101800,102300,233461,11.91
2025-09-25,102300,104000,102100,103600,185194,11.97
2025-09-26,103000,103000,101000,101100,155423,12.09
2025-09-29,102000,102300,101000,101600,139279,12.08
2025-09-30,100700,101600,100300,100500,232533,12.02
2025-10-01,100200,101300,99500,99900,214213,11.99
2025-10-02,100600,107700,100600,104900,843677,12.15
2025-10-10,104900,105000,102000,103000,275945,12.14
2025-10-13,101800,104400,100300,104000,303723,12.13
2025-10-14,103000,107600,102200,106200,416289,12.19
2025-10-15,106500,107700,106000,107700,229656,12.2
2025-10-16,108100,116300,108100,116000,959544,12.43
2025-10-17,114500,119000,113800,116600,701794,12.47
2025-10-20,115500,120400,113500,119200,537124,12.46
2025-10-21,118400,127400,118400,124700,1377390,12.61
2025-10-22,124500,126400,122400,126300,585328,12.63
2025-10-23,128000,128000,124200,124500,445469,12.71
2025-10-24,128500,136200,128000,134800,1442659,12.84
2025-10-27,136300,136300,130500,131300,667370,12.8
2025-10-28,131300,133000,126900,132000,581661,12.72
2025-10-29,132700,138300,131600,137000,863624,12.76
2025-10-30,135700,137800,132800,134600,509974,12.76
2025-10-31,132700,137200,128500,128900,700849,12.83
2025-11-03,130100,130400,124800,126500,493253,12.87
2025-11-04,127800,130200,126300,126500,369158,12.91
2025-11-05,125500,125500,117900,120900,444471,12.92
2025-11-06,123800,123800,120300,120800,445880,12.89
2025-11-07,119000,120200,114600,115900,391011,12.84
2025-11-10,117300,121600,116100,120500,283482,12.84
2025-11-11,122400,125900,120500,122300,312573,12.84
2025-11-12,125500,127300,123600,126500,386084,12.81
2025-11-13,125700,127800,123900,126300,402364,12.85
2025-11-14,123800,125800,122300,122700,268518,12.8
2025-11-17,124000,124700,121600,122300,245202,12.81
2025-11-18,121100,122200,115800,116000,341783,12.86
2025-11-19,117600,118500,114500,116600,204366,12.77
2025-11-20,118000,118800,116700,116900,199549,12.76
2025-11-21,115900,116000,112500,113500,193498,12.79
2025-11-24,115700,115800,111300,111300,319104,12.76
2025-11-25,113500,114000,109900,111000,170364,12.75
2025-11-26,111900,117200,111800,117200,247969,12.79
2025-11-27,117300,117800,115300,116400,158395,12.78
2025-11-28,117400,118300,114400,115000,205478,12.76
2025-12-01,116000,117600,113900,114600,164925,12.74
2025-12-02,115400,116200,114000,115500,183864,12.74
2025-12-03,115300,116700,114700,115900,139733,12.78
2025-12-04,115300,115900,111800,112600,303660,12.68
2025-12-05,112500,114900,112300,114600,198828,12.68
2025-12-08,114800,117700,114800,117500,268104,12.71
2025-12-09,117300,118800,116300,117300,217439,12.71
2025-12-10,119600,119600,115900,116600,238604,12.7
2025-12-11,117700,117700,112300,112300,582960,12.68
2025-12-12,113500,114100,112000,113900,220653,12.68
2025-12-15,112900,114400,111700,112900,174999,12.68
2025-12-16,113300,113300,109600,109800,272521,12.63
2025-12-17,110700,110700,108100,110500,202783,12.57
2025-12-18,108500,108600,104800,104800,343106,12.52
2025-12-19,106000,106300,102500,105800,572216,12.54
2025-12-22,106200,106500,105300,106500,160271,12.55
2025-12-23,106800,107000,105600,106200,136988,12.58
2025-12-24,106300,106500,104900,105500,125186,12.57
2025-12-26,105000,105400,103200,103300,149687,12.58
2025-12-29,101500,103100,101100,103100,162960,12.6
2025-12-30,102400,102500,101000,101200,224337,12.59
2026-01-02,101200,101300,99500,99900,222145,12.59
2026-01-05,100100,102800,100100,102700,269897,12.65
2026-01-06,104200,106000,102300,106000,331023,12.66
2026-01-07,105000,105500,101300,102000,373184,12.63
2026-01-08,102000,102600,99300,102600,720394,12.65
2026-01-09,101500,101700,99700,99700,429275,12.65
2026-01-12,100000,102500,99800,102500,328914,12.76
2026-01-13,103100,105500,101700,105500,350395,12.7
2026-01-14,106100,106200,102700,103900,254953,12.69
2026-01-15,104600,110700,104200,107600,621403,12.79
2026-01-16,107000,107400,104800,105400,279004,12.77
2026-01-19,104800,106300,102700,106200,329951,12.8
2026-01-20,105200,109200,105100,109000,406654,12.86
2026-01-21,106700,106900,104700,105800,257770,12.71
2026-01-22,106000,112300,105300,112200,802247,12.76
2026-01-23,115000,115300,109600,111400,474343,12.7
2026-01-26,112200,114800,112000,114100,414195,12.72
2026-01-27,113500,113500,111000,111500,438428,12.71
2026-01-28,113500,114100,106500,108200,1065781,12.61
2026-01-29,109400,114000,106600,113500,921456,12.72
2026-01-30,114800,120000,111500,112000,754942,12.68
2026-02-02,111800,113700,106500,106900,589696,12.62
2026-02-03,109000,109600,106500,109500,406300,12.53
2026-02-04,108500,112800,108500,112700,456487,12.59
2026-02-05,110700,111700,108500,109800,478632,12.56
2026-02-06,107000,107100,104800,106200,416129,12.46
2026-02-09,108400,111000,108000,109700,310740,12.55
2026-02-10,110400,112800,109600,111800,371527,12.61
2026-02-11,112800,114000,111900,113500,333667,12.62
2026-02-12,114400,116700,112200,116300,552434,12.72
2026-02-13,116000,118200,113500,113800,366958,12.74
2026-02-19,115000,119000,114100,118600,469623,12.84
2026-02-20,121700,128700,121500,127600,1148636,12.98
2026-02-23,128300,130700,126700,128400,829422,13.03
2026-02-24,129500,139500,128700,137700,1454315,13.21
2026-02-25,136300,136400,130000,131200,945606,13.11
2026-02-26,131500,132800,128100,130000,645204,13.14
2026-02-27,128000,129900,125500,127700,1133235,13.31
2026-03-03,140400,141300,128700,130900,3617613,12.81
2026-03-04,136700,139600,108100,109000,2479816,12.94
2026-03-05,115700,131400,114100,126500,2015029,13.19
2026-03-06,131000,131000,121900,124900,1082786,13.06
2026-03-09,127800,128600,117100,118200,1018646,12.99
2026-03-10,120000,122500,117100,119800,543592,12.96
2026-03-11,120200,126400,119000,119500,832752,13.07
2026-03-12,121200,125400,120000,121700,1529015,13.34
2026-03-13,120600,121100,112000,112600,1213989,13.14
2026-03-16,111700,113300,108900,109300,480023,13.0
2026-03-17,110900,111000,108500,110900,443183,13.02
2026-03-18,111300,114600,110600,114300,394221,13.11
2026-03-19,111800,113000,110200,110300,319609,13.08
2026-03-20,111900,117700,111600,113900,570150,13.09
2026-03-23,111100,111400,105100,105600,464035,12.98
2026-03-24,108900,110300,106200,110100,335325,12.99
2026-03-25,111700,114700,111000,114100,429196,13.04
2026-03-26,113500,113500,110300,111300,301504,13.06
2026-03-27,109500,111400,106300,111400,310314,13.05
2026-03-30,107400,114600,106500,113400,494381,13.01
2026-03-31,112300,113400,107700,108700,424109,12.98
2026-04-01,113000,114500,110800,114500,339509,12.98
2026-04-02,114400,120200,113800,115500,906129,13.08
2026-04-03,118200,119600,114000,118200,307161,13.05
2026-04-06,117900,123900,117800,123200,619875,13.13
2026-04-07,121500,128700,120500,121800,690065,13.22
2026-04-08,125000,125500,115500,120400,807415,13.16
2026-04-09,122200,124500,119100,124000,648120,13.35
2026-04-10,123600,124900,121100,122400,291430,13.34
2026-04-13,122000,124200,119800,121500,345810,13.42
2026-04-14,122000,122800,120000,121600,361028,13.32
2026-04-15,122400,122900,118600,121600,501831,13.36
2026-04-16,121600,127000,121600,126500,667455,13.57
2026-04-17,127000,129500,125300,129400,432136,13.6
2026-04-20,129300,130500,127200,128800,343300,13.61
2026-04-21,130100,135200,128900,133500,1167957,13.76
2026-04-22,135200,135200,130000,134000,618073,13.75
2026-04-23,134500,135500,128400,133200,568659,13.78
2026-04-24,133300,134200,130900,132900,445814,13.85
2026-04-27,134100,134300,128700,130400,651104,13.9
2026-04-28,130700,133800,130300,133000,736544,14.05
2026-04-29,135400,149900,135300,149800,3117601,14.66
2026-04-30,146500,148000,143500,146200,1134227,14.73
2026-05-04,149500,155400,144600,145700,1202954,14.67
2026-05-06,148500,148700,139500,146700,1323792,14.64
2026-05-07,145500,145900,136400,137800,1021138,14.64
2026-05-08,138200,138200,134000,134700,673340,14.67
2026-05-11,137700,138000,131900,132700,701204,14.68
2026-05-12,132000,133400,123900,128500,786369,14.72
2026-05-13,131000,132000,125200,129700,645303,14.59
2026-05-14,131000,131400,124100,126700,805501,14.53
2026-05-15,130000,136400,122200,123500,1140726,14.61
2026-05-18,124900,126200,116900,123300,495434,14.58
2026-05-19,122900,125000,117700,119600,605849,14.61
2026-05-20,123100,124800,114500,115500,516672,14.56
2026-05-21,117800,119000,116000,118800,532239,14.53
2026-05-22,122000,125500,121300,123700,470022,14.5
2026-05-26,124800,125500,121300,121700,448304,14.52
2026-05-27,121300,121800,114600,115400,725626,14.48
2026-05-28,117700,118800,112100,117000,599363,14.49
2026-05-29,117400,119400,113000,119200,959568,14.51
2026-06-01,118200,121000,115200,116200,551991,14.56
2026-06-02,115800,119900,115000,116300,642883,14.64
2026-06-04,117000,119200,114500,116800,410882,14.65
2026-06-05,119500,119500,112000,114900,399657,14.59
2026-06-08,107100,109100,103700,104600,532581,14.56
2026-06-09,104600,107700,104000,105700,398633,14.55
2026-06-10,104600,107900,100600,103700,441698,14.56
2026-06-11,101200,103700,99500,103200,578990,14.51
2026-06-12,105800,109600,104500,106100,536326,14.53
2026-06-15,110000,116200,107800,112700,567143,14.57
2026-06-16,113100,113700,110000,112500,276144,14.57
2026-06-17,112600,113200,108900,109000,456434,14.51
2026-06-18,108500,108600,103500,103500,384157,14.47
2026-06-19,104200,106300,100200,102400,574557,14.47
2026-06-22,102500,103100,100200,100200,290760,14.49
2026-06-23,100600,102000,92500,93700,585537,14.5
2026-06-24,93500,99900,91600,98400,446198,14.51
2026-06-25,98700,101000,94400,94400,381164,14.53
2026-06-26,94800,95000,87700,89500,476165,14.5
2026-06-29,90300,99000,89400,98400,424384,14.51
2026-06-30,97700,98000,94500,94900,342957,14.48
